simulation_id,node_id,x_position_m,y_position_m,height_m,role,hop_limit,antenna_gain_dbi,message_period_ms,messages_created,packets_sent,rebroadcast_packets,packets_sensed,packets_detected,packets_received,collisions,useful_packets,packets_dropped_by_delay,tx_airtime_ms,direct_neighbor_count,is_moving,gps_enabled
0,0,-67.88536549894967,28.504574795802284,1.0,CLIENT,7,2,100000,16,23,0,73,74,73,0,32,25,23975.93600000001,2,False,False
0,1,-449.21575166390016,4.904734795271963,1.0,CLIENT,7,2,100000,17,36,0,61,61,60,1,31,12,37527.55200000002,2,False,False
0,2,482.4851212216159,-96.50778520417134,1.0,CLIENT,7,2,100000,15,38,0,58,59,58,0,33,10,39612.41600000002,2,False,False

1,0,253.08487229496853,411.4453747955426,1.0,CLIENT,7,2,100000,16,28,0,69,69,69,0,32,21,29188.096000000012,2,False,False
1,1,333.08979336407225,-432.0262652042041,1.0,CLIENT,7,2,100000,17,45,0,52,52,52,0,31,4,46909.440000000024,2,False,False
1,2,411.03518181116823,274.0764947959181,1.0,CLIENT,7,2,100000,15,24,0,73,73,73,0,33,25,25018.36800000001,2,False,False

2,0,-440.9776211775577,-427.23950520442486,1.0,CLIENT,7,2,100000,16,46,0,50,51,50,0,32,2,47951.872000000025,2,False,False
2,1,295.2260782441844,-145.2659452044611,1.0,CLIENT,7,2,100000,17,28,0,69,69,68,1,31,20,29188.096000000012,2,False,False
2,2,-6.812301989789886,-24.261105204652154,1.0,CLIENT,7,2,100000,15,23,0,73,74,73,0,33,25,23975.93600000001,2,False,False

3,0,302.038378453709,-78.91922520428352,1.0,CLIENT,7,2,100000,16,34,0,63,63,63,0,32,16,35442.68800000002,2,False,False
3,1,-51.40910452626468,263.0558147952675,1.0,CLIENT,7,2,100000,17,34,0,63,63,63,0,31,15,35442.68800000002,2,False,False
3,2,323.58425818735003,328.5119747953206,1.0,CLIENT,7,2,100000,15,29,0,68,68,68,0,33,20,30230.528000000013,2,False,False

4,0,75.72742845951042,196.15249479570423,1.0,CLIENT,7,2,100000,16,30,0,67,67,67,0,32,19,31272.960000000014,2,False,False
4,1,394.16285687323204,278.1953347958017,1.0,CLIENT,7,2,100000,17,36,0,61,61,61,0,31,14,37527.55200000002,2,False,False
4,2,-33.348587690886454,385.39649479565867,1.0,CLIENT,7,2,100000,15,31,0,66,66,66,0,33,18,32315.392000000014,2,False,False

5,0,-88.559904508025,-234.32194520425355,1.0,CLIENT,7,2,100000,16,40,0,58,58,58,0,32,10,41697.28000000002,2,False,False
5,1,-100.2041850991298,50.32329479529267,1.0,CLIENT,7,2,100000,17,24,0,74,74,74,0,31,26,25018.36800000001,2,False,False
5,2,-339.9020971335646,233.22205479544778,1.0,CLIENT,7,2,100000,15,34,0,64,64,64,0,33,17,35442.68800000002,2,False,False

6,0,-6.6538764033517115,70.24957479560612,1.0,CLIENT,7,2,100000,16,21,0,75,76,75,0,32,27,21891.072000000007,2,False,False
6,1,-452.7803273551006,-491.8051052043535,1.0,CLIENT,7,2,100000,17,45,0,51,52,51,0,31,3,46909.440000000024,2,False,False
6,2,294.9884398648086,75.59293479556203,1.0,CLIENT,7,2,100000,15,31,0,66,66,65,1,33,17,32315.392000000014,2,False,False

7,0,-437.72989665867067,228.43529479566854,1.0,CLIENT,7,2,100000,16,23,0,79,81,79,0,32,27,23975.93600000001,2,False,False
7,1,-322.87134660919025,467.99593479593284,1.0,CLIENT,7,2,100000,17,34,0,65,70,65,0,31,17,35442.68800000002,2,False,False
7,2,488.34686791363714,-278.2933452047641,1.0,CLIENT,7,2,100000,15,47,0,56,57,56,0,33,7,48994.304000000026,2,False,False

8,0,364.93333620493786,-163.7450652044734,1.0,CLIENT,7,2,100000,16,38,0,61,61,61,0,32,11,39612.41600000002,2,False,False
8,1,-152.40541577675722,360.57213479584703,1.0,CLIENT,7,2,100000,17,37,0,62,62,62,0,31,15,38569.98400000002,2,False,False
8,2,-20.51611520290244,99.74937479547805,1.0,CLIENT,7,2,100000,15,24,0,75,75,75,0,33,25,25018.36800000001,2,False,False

9,0,-215.6964374938001,156.9678547957639,1.0,CLIENT,7,2,100000,16,43,0,55,55,55,0,32,7,44824.57600000002,2,False,False
9,1,189.952276163801,285.2084947954967,1.0,CLIENT,7,2,100000,17,26,0,72,72,72,0,31,23,27103.23200000001,2,False,False
9,2,363.9035698944968,155.2980547952339,1.0,CLIENT,7,2,100000,15,29,0,69,69,69,0,33,20,30230.528000000013,2,False,False

10,0,-468.46446039615756,112.7738147958155,1.0,CLIENT,7,2,100000,16,26,0,71,71,71,0,32,23,27103.23200000001,2,False,False
10,1,112.64059006189491,246.91441479568084,1.0,CLIENT,7,2,100000,17,44,0,53,53,53,0,31,5,45867.00800000002,2,False,False
10,2,-376.1815563907592,-44.743985204351304,1.0,CLIENT,7,2,100000,15,27,0,70,70,70,0,33,22,28145.66400000001,2,False,False

11,0,-143.53358294522488,-498.1503452041528,1.0,CLIENT,7,2,100000,16,26,0,70,71,70,0,32,23,27103.23200000001,2,False,False
11,1,-22.73407341078553,-231.87290520410897,1.0,CLIENT,7,2,100000,17,24,0,73,73,73,0,31,24,25018.36800000001,2,False,False
11,2,-471.07848256985466,487.9222147954553,1.0,CLIENT,7,2,100000,15,47,0,50,50,50,0,33,2,48994.304000000026,2,False,False

12,0,-87.13407423120711,-190.46186520425294,1.0,CLIENT,7,2,100000,16,20,0,78,78,77,1,32,29,20848.640000000007,2,False,False
12,1,-129.67134414623698,366.0268147955219,1.0,CLIENT,7,2,100000,17,43,0,54,55,54,0,31,6,44824.57600000002,2,False,False
12,2,-315.2669184680376,-437.36962520416,1.0,CLIENT,7,2,100000,15,35,0,62,63,62,0,33,14,36485.12000000002,2,False,False

13,0,-392.34096619113063,105.31537479566282,1.0,CLIENT,7,2,100000,16,35,0,69,69,69,0,32,17,36485.12000000002,2,False,False
13,1,-172.36703964770504,103.97953479587159,1.0,CLIENT,7,2,100000,17,33,0,71,71,71,0,31,22,34400.256000000016,2,False,False
13,2,-197.95277183129824,-171.8714252045217,1.0,CLIENT,7,2,100000,15,36,0,68,68,68,0,33,20,37527.55200000002,2,False,False

14,0,66.7763828350404,123.1265747957795,1.0,CLIENT,7,2,100000,16,43,0,60,60,60,0,32,13,44824.57600000002,2,False,False
14,1,334.83247481264084,207.72977479574052,1.0,CLIENT,7,2,100000,17,30,0,73,73,73,0,31,21,31272.960000000014,2,False,False
14,2,481.5345677035497,102.42105479585149,1.0,CLIENT,7,2,100000,15,30,0,73,73,73,0,33,21,31272.960000000014,2,False,False

15,0,-247.69840592166673,-427.9074252043205,1.0,CLIENT,7,2,100000,16,31,0,67,68,67,0,32,19,32315.392000000014,2,False,False
15,1,-56.00344652846903,-320.70626520446353,1.0,CLIENT,7,2,100000,17,24,0,74,75,74,0,31,26,25018.36800000001,2,False,False
15,2,136.64206638223203,312.03661479578614,1.0,CLIENT,7,2,100000,15,44,0,55,55,53,2,33,6,45867.00800000002,2,False,False

16,0,161.03960666894602,-59.99482520460447,1.0,CLIENT,7,2,100000,16,40,0,56,56,56,0,32,8,41697.28000000002,2,False,False
16,1,342.0408389885423,410.44349479569917,1.0,CLIENT,7,2,100000,17,29,0,67,67,67,0,31,19,30230.528000000013,2,False,False
16,2,5.465680946504772,468.32989479588065,1.0,CLIENT,7,2,100000,15,27,0,69,69,69,0,33,21,28145.66400000001,2,False,False

17,0,395.27183597717357,-429.3545852046216,1.0,CLIENT,7,2,100000,16,31,0,66,67,66,0,32,18,32315.392000000014,2,False,False
17,1,-184.40738420462384,-130.79434520461348,1.0,CLIENT,7,2,100000,17,29,0,68,69,68,0,31,20,30230.528000000013,2,False,False
17,2,399.62853959943925,315.15357479582633,1.0,CLIENT,7,2,100000,15,38,0,60,60,58,2,33,11,39612.41600000002,2,False,False

18,0,-109.313656310038,-216.39942520441792,1.0,CLIENT,7,2,100000,16,21,0,75,75,75,0,32,27,21891.072000000007,2,False,False
18,1,-152.2469901908819,312.4818947954529,1.0,CLIENT,7,2,100000,17,32,0,64,64,64,0,31,16,33357.824000000015,2,False,False
18,2,464.3453915927372,-148.93950520467797,1.0,CLIENT,7,2,100000,15,43,0,53,53,53,0,33,5,44824.57600000002,2,False,False

19,0,216.72620024483626,49.2100947957303,1.0,CLIENT,7,2,100000,16,31,0,65,65,65,0,32,17,32315.392000000014,2,False,False
19,1,147.73185742164748,141.9396547957396,1.0,CLIENT,7,2,100000,17,26,0,70,70,70,0,31,22,27103.23200000001,2,False,False
19,2,-358.20025234831866,241.459734796006,1.0,CLIENT,7,2,100000,15,39,0,57,57,57,0,33,9,40654.84800000002,2,False,False

20,0,-102.42214330701289,142.60757479563523,1.0,CLIENT,7,2,100000,16,29,0,138,138,138,0,66,56,30230.528000000013,4,False,False
20,1,314.0787230106278,187.80349479542707,1.0,CLIENT,7,2,100000,17,27,0,140,140,140,0,65,58,28145.66400000001,4,False,False
20,2,84.91611246335628,350.7759747952687,1.0,CLIENT,7,2,100000,15,28,0,139,139,139,0,67,56,29188.096000000012,4,False,False
20,3,328.0993873960539,-152.94702520405167,1.0,CLIENT,7,2,100000,16,50,0,117,117,117,0,66,35,52121.60000000003,4,False,False
20,4,-49.191146318381584,264.2803347953398,1.0,CLIENT,7,2,100000,18,33,0,134,134,134,0,64,51,34400.256000000016,4,False,False

21,0,-272.49201017363185,-307.1252252047404,1.0,CLIENT,7,2,100000,16,30,0,138,138,138,0,66,54,31272.960000000014,4,False,False
21,1,483.5941003255574,-392.17370520436816,1.0,CLIENT,7,2,100000,17,41,0,127,127,127,0,65,43,42739.71200000002,4,False,False
21,2,401.21279546213253,96.74373479594777,1.0,CLIENT,7,2,100000,15,24,0,144,144,144,0,67,61,25018.36800000001,4,False,False
21,3,251.4214036387748,-302.89506520434685,1.0,CLIENT,7,2,100000,16,28,0,140,140,140,0,66,59,29188.096000000012,4,False,False
21,4,-224.96433429114649,203.2769747959091,1.0,CLIENT,7,2,100000,18,45,0,123,123,123,0,64,38,46909.440000000024,4,False,False

22,0,-232.72718801873728,-197.92030520440562,1.0,CLIENT,7,2,100000,16,28,0,143,143,142,1,66,54,29188.096000000012,4,False,False
22,1,-205.7156255583262,50.32329479529267,1.0,CLIENT,7,2,100000,17,25,0,146,146,144,2,65,60,26060.80000000001,4,False,False
22,2,236.68782411522122,-378.9266252045928,1.0,CLIENT,7,2,100000,15,39,0,131,132,131,0,67,47,40654.84800000002,4,False,False
22,3,-248.1736826804184,-287.86686520432255,1.0,CLIENT,7,2,100000,16,37,0,134,134,133,1,66,52,38569.98400000002,4,False,False
22,4,104.71931074786592,368.47585479566646,1.0,CLIENT,7,2,100000,18,42,0,128,129,128,0,64,41,43782.14400000002,4,False,False

23,0,79.60885532358725,185.79973479574022,1.0,CLIENT,7,2,100000,16,29,0,142,142,141,1,66,57,30230.528000000013,4,False,False
23,1,231.30135418195167,202.60905479601348,1.0,CLIENT,7,2,100000,17,38,0,133,133,132,1,65,46,39612.41600000002,4,False,False
23,2,-460.4639682891909,-290.2045852047482,1.0,CLIENT,7,2,100000,15,40,0,130,131,130,0,67,44,41697.28000000002,4,False,False
23,3,-290.07725025025843,-188.90338520423285,1.0,CLIENT,7,2,100000,16,29,0,142,142,140,2,66,54,30230.528000000013,4,False,False
23,4,-171.33727333670114,-233.20874520469118,1.0,CLIENT,7,2,100000,18,35,0,135,136,135,0,64,54,36485.12000000002,4,False,False

24,0,193.0415750962498,24.608374795356553,1.0,CLIENT,7,2,100000,16,27,0,142,143,142,0,66,59,28145.66400000001,4,False,False
24,1,-157.23739615833742,152.96033479559924,1.0,CLIENT,7,2,100000,17,37,0,133,133,131,2,65,50,38569.98400000002,4,False,False
24,2,263.38253540275593,-393.73218520438826,1.0,CLIENT,7,2,100000,15,42,0,128,128,126,2,67,43,43782.14400000002,4,False,False
24,3,-278.0369056933396,-114.76426520474575,1.0,CLIENT,7,2,100000,16,37,0,132,133,132,0,66,49,38569.98400000002,4,False,False
24,4,107.80860968031472,-180.99966520441342,1.0,CLIENT,7,2,100000,18,27,0,143,143,141,2,64,59,28145.66400000001,4,False,False

25,0,428.3035707154812,-301.8931852045034,1.0,CLIENT,7,2,100000,16,32,0,138,138,137,1,67,53,33357.824000000015,4,False,False
25,1,-7.049940369165729,-401.9698652041555,1.0,CLIENT,7,2,100000,17,33,0,136,137,136,0,66,52,34400.256000000016,4,False,False
25,2,183.9321038853416,-99.62474520421154,1.0,CLIENT,7,2,100000,15,23,0,146,147,146,0,68,62,23975.93600000001,4,False,False
25,3,-65.11291773937722,488.70145479586085,1.0,CLIENT,7,2,100000,17,39,0,131,131,130,1,66,45,40654.84800000002,4,False,False
25,4,-340.37737389231626,383.17009479574295,1.0,CLIENT,7,2,100000,18,43,0,125,127,123,2,65,43,44824.57600000002,4,False,False

26,0,476.46494894315646,227.76737479577292,1.0,CLIENT,7,2,100000,16,36,0,135,136,135,0,67,51,37527.55200000002,4,False,False
26,1,476.0688849773425,496.7164947953992,1.0,CLIENT,7,2,100000,17,40,0,131,132,131,0,66,47,41697.28000000002,4,False,False
26,2,73.19261907931383,-69.56834520416294,1.0,CLIENT,7,2,100000,15,33,0,139,139,137,2,68,53,34400.256000000016,4,False,False
26,3,319.14834177158383,360.34949479561817,1.0,CLIENT,7,2,100000,17,26,0,146,146,144,2,66,59,27103.23200000001,4,False,False
26,4,93.07503015676112,-50.53262520476494,1.0,CLIENT,7,2,100000,18,37,0,135,135,134,1,65,52,38569.98400000002,4,False,False

27,0,55.290527829810934,-51.08922520415064,1.0,CLIENT,7,2,100000,16,34,0,137,137,137,0,67,50,35442.68800000002,4,False,False
27,1,-366.9928723869134,315.2648947955453,1.0,CLIENT,7,2,100000,17,44,0,127,127,127,0,66,43,45867.00800000002,4,False,False
27,2,-264.01624130791356,-30.940305204399294,1.0,CLIENT,7,2,100000,15,25,0,146,146,146,0,68,60,26060.80000000001,4,False,False
27,3,-331.1886898884704,363.5777747953773,1.0,CLIENT,7,2,100000,17,32,0,139,139,139,0,66,51,33357.824000000015,4,False,False
27,4,-203.89373131625712,-135.35846520416385,1.0,CLIENT,7,2,100000,18,36,0,135,135,135,0,65,51,37527.55200000002,4,False,False

28,0,424.7389950242807,122.68129479532178,1.0,CLIENT,7,2,100000,16,36,0,138,139,133,5,67,50,37527.55200000002,4,False,False
28,1,407.3121805340924,-123.66986520440861,1.0,CLIENT,7,2,100000,17,30,0,144,145,140,4,66,55,31272.960000000014,4,False,False
28,2,-450.8000075265934,165.9847747959367,1.0,CLIENT,7,2,100000,15,54,0,118,121,116,2,68,33,56291.32800000003,4,False,False
28,3,-245.32202212734546,-267.49530520434234,1.0,CLIENT,7,2,100000,17,30,0,143,145,139,4,66,56,31272.960000000014,4,False,False
28,4,181.9517840573972,-366.0135052047653,1.0,CLIENT,7,2,100000,18,25,0,149,150,146,3,65,61,26060.80000000001,4,False,False

29,0,101.7884374018553,35.62905479600715,1.0,CLIENT,7,2,100000,16,29,0,137,137,137,0,66,55,30230.528000000013,4,False,False
29,1,287.0671605507796,360.2381747958992,1.0,CLIENT,7,2,100000,17,28,0,138,138,138,0,65,57,29188.096000000012,4,False,False
29,2,-459.03813801293586,350.55333479583084,1.0,CLIENT,7,2,100000,15,56,0,110,110,110,0,67,27,58376.19200000003,4,False,False
29,3,33.82386088967041,446.39985479588034,1.0,CLIENT,7,2,100000,16,27,0,139,139,139,0,66,57,28145.66400000001,4,False,False
29,4,105.19458750661761,82.82873479548584,1.0,CLIENT,7,2,100000,18,26,0,140,140,140,0,64,58,27103.23200000001,4,False,False

30,0,110.8979086127635,399.08885479589173,1.0,CLIENT,7,2,100000,16,28,0,147,147,142,5,67,57,29188.096000000012,4,False,False
30,1,372.0624875873388,-15.689465204146131,1.0,CLIENT,7,2,100000,17,52,0,120,123,120,0,66,35,54206.46400000003,4,False,False
30,2,-156.8413321925234,26.27817479588657,1.0,CLIENT,7,2,100000,15,26,0,147,149,145,2,68,64,27103.23200000001,4,False,False
30,3,-382.122515876281,130.69633479565113,1.0,CLIENT,7,2,100000,17,35,0,140,140,137,3,66,50,36485.12000000002,4,False,False
30,4,-330.71341312971873,485.027894795644,1.0,CLIENT,7,2,100000,18,34,0,140,141,138,2,65,52,35442.68800000002,4,False,False

31,0,24.001474540634682,182.68277479570003,1.0,CLIENT,7,2,100000,16,28,0,142,142,142,0,66,59,29188.096000000012,4,False,False
31,1,346.1599042314321,-102.74170520425173,1.0,CLIENT,7,2,100000,17,39,0,131,131,131,0,65,48,40654.84800000002,4,False,False
31,2,421.7289088847697,-12.349865204668049,1.0,CLIENT,7,2,100000,15,35,0,135,135,135,0,67,53,36485.12000000002,4,False,False
31,3,-120.24502176301527,185.91105479545917,1.0,CLIENT,7,2,100000,16,41,0,129,129,129,0,66,47,42739.71200000002,4,False,False
31,4,27.566050231835156,91.06641479525308,1.0,CLIENT,7,2,100000,18,27,0,143,143,143,0,64,61,28145.66400000001,4,False,False

32,0,69.62804338811335,392.0756947954058,1.0,CLIENT,7,2,100000,16,47,0,119,120,118,1,66,35,48994.304000000026,4,False,False
32,1,289.12669317222446,-386.9416652041312,1.0,CLIENT,7,2,100000,17,32,0,135,135,133,2,65,51,33357.824000000015,4,False,False
32,2,393.29151614866635,-420.67162520439666,1.0,CLIENT,7,2,100000,15,38,0,128,129,127,1,67,44,39612.41600000002,4,False,False
32,3,-154.7025867781408,-136.805625204465,1.0,CLIENT,7,2,100000,16,27,0,139,140,138,1,66,56,28145.66400000001,4,False,False
32,4,-109.6305074823515,-82.14750520404266,1.0,CLIENT,7,2,100000,18,23,0,143,144,142,1,64,59,23975.93600000001,4,False,False

33,0,-44.59680431674008,-203.1523452046426,1.0,CLIENT,7,2,100000,16,27,0,145,146,141,4,66,56,28145.66400000001,4,False,False
33,1,475.2767570457145,-24.48374520409004,1.0,CLIENT,7,2,100000,17,51,0,121,122,118,3,65,36,53164.03200000003,4,False,False
33,2,-329.2875828534637,145.83585479539437,1.0,CLIENT,7,2,100000,15,36,0,135,137,133,2,67,49,37527.55200000002,4,False,False
33,3,-98.93678040875008,-244.78602520472748,1.0,CLIENT,7,2,100000,16,31,0,141,142,138,3,66,53,32315.392000000014,4,False,False
33,4,45.943418240089734,259.7162147957894,1.0,CLIENT,7,2,100000,18,28,0,144,145,141,3,64,55,29188.096000000012,4,False,False

34,0,-274.8683939679531,319.7176947953767,1.0,CLIENT,7,2,100000,16,36,0,139,140,135,4,67,48,37527.55200000002,4,False,False
34,1,-322.0792186775622,-453.7336652047665,1.0,CLIENT,7,2,100000,17,49,0,123,127,122,1,66,37,51079.16800000003,4,False,False
34,2,67.72693635254377,104.75877479548615,1.0,CLIENT,7,2,100000,15,25,0,150,151,146,4,68,62,26060.80000000001,4,False,False
34,3,221.39975503997826,479.3505747957403,1.0,CLIENT,7,2,100000,17,33,0,139,143,138,1,66,54,34400.256000000016,4,False,False
34,4,256.253384020355,-112.76050520426793,1.0,CLIENT,7,2,100000,18,33,0,142,143,138,4,65,51,34400.256000000016,4,False,False

35,0,265.04600405838687,490.59389479582876,1.0,CLIENT,7,2,100000,16,31,0,139,139,137,2,67,54,32315.392000000014,4,False,False
35,1,486.0496969128164,207.6184547952306,1.0,CLIENT,7,2,100000,17,35,0,135,135,133,2,66,50,36485.12000000002,4,False,False
35,2,-271.462243862628,-148.93950520467797,1.0,CLIENT,7,2,100000,15,39,0,130,131,130,0,68,46,40654.84800000002,4,False,False
35,3,-431.7889371731489,121.56809479575941,1.0,CLIENT,7,2,100000,17,38,0,131,132,131,0,66,47,39612.41600000002,4,False,False
35,4,54.023123139994055,274.52177479558486,1.0,CLIENT,7,2,100000,18,27,0,143,143,141,2,65,57,28145.66400000001,4,False,False

36,0,498.1692542626729,-271.0575452040493,1.0,CLIENT,7,2,100000,16,36,0,137,137,133,4,67,49,37527.55200000002,4,False,False
36,1,-289.04748393925456,-132.1301852044047,1.0,CLIENT,7,2,100000,17,32,0,139,141,139,0,66,57,33357.824000000015,4,False,False
36,2,-59.726447805544844,-385.82846520456883,1.0,CLIENT,7,2,100000,15,28,0,145,145,141,4,68,58,29188.096000000012,4,False,False
36,3,-223.69692960076677,-54.09486520447189,1.0,CLIENT,7,2,100000,17,32,0,139,141,139,0,66,56,33357.824000000015,4,False,False
36,4,433.92767902812665,46.53841479535686,1.0,CLIENT,7,2,100000,18,45,0,128,128,124,4,65,41,46909.440000000024,4,False,False

37,0,-218.62731083981072,311.9252947952762,1.0,CLIENT,7,2,100000,16,33,0,134,134,132,2,66,49,34400.256000000016,4,False,False
37,1,363.34908034224463,208.8429747953029,1.0,CLIENT,7,2,100000,17,29,0,137,138,136,1,65,54,30230.528000000013,4,False,False
37,2,82.46051587609736,-458.4091052040358,1.0,CLIENT,7,2,100000,15,31,0,135,136,133,2,67,51,32315.392000000014,4,False,False
37,3,392.8162393893518,-414.66034520454514,1.0,CLIENT,7,2,100000,16,38,0,129,129,126,3,66,45,39612.41600000002,4,False,False
37,4,-337.6841389256815,5.906614795906364,1.0,CLIENT,7,2,100000,18,36,0,129,131,129,0,64,47,37527.55200000002,4,False,False

38,0,-55.13210580390333,-28.825225204202525,1.0,CLIENT,7,2,100000,16,28,0,144,144,141,3,67,58,29188.096000000012,4,False,False
38,1,71.13308645786891,489.36937479575647,1.0,CLIENT,7,2,100000,17,35,0,136,138,135,0,66,52,36485.12000000002,4,False,False
38,2,474.56384190758695,388.6247747954178,1.0,CLIENT,7,2,100000,15,44,0,126,129,125,0,68,41,45867.00800000002,4,False,False
38,3,-386.32079391267126,-134.69054520426823,1.0,CLIENT,7,2,100000,17,36,0,137,137,133,3,66,47,37527.55200000002,4,False,False
38,4,-360.6558489355776,92.62489479527318,1.0,CLIENT,7,2,100000,18,29,0,144,144,140,3,65,55,30230.528000000013,4,False,False

39,0,-183.13997951424412,-370.6889452040346,1.0,CLIENT,7,2,100000,16,24,0,144,144,144,0,66,60,25018.36800000001,4,False,False
39,1,-257.52079227070243,24.385734795918665,1.0,CLIENT,7,2,100000,17,31,0,137,137,137,0,65,56,32315.392000000014,4,False,False
39,2,-391.8656894318162,-446.1639052041039,1.0,CLIENT,7,2,100000,15,31,0,137,137,137,0,67,53,32315.392000000014,4,False,False
39,3,-164.7626115065524,192.2562947952585,1.0,CLIENT,7,2,100000,16,46,0,122,122,122,0,66,38,47951.872000000025,4,False,False
39,4,-385.60787877398093,-389.7246652042236,1.0,CLIENT,7,2,100000,18,36,0,132,132,132,0,64,48,37527.55200000002,4,False,False

40,0,444.22534213591405,391.96437479568687,1.0,CLIENT,7,2,100000,16,41,0,234,236,234,0,115,98,42739.71200000002,7,False,False
40,1,-53.86470111352361,275.07837479576153,1.0,CLIENT,7,2,100000,17,29,0,248,248,245,3,114,108,30230.528000000013,7,False,False
40,2,-199.2993893146156,-179.32986520467438,1.0,CLIENT,7,2,100000,15,40,0,237,237,235,2,116,98,41697.28000000002,7,False,False
40,3,131.0971708625243,-139.69994520427633,1.0,CLIENT,7,2,100000,16,29,0,247,248,245,2,115,110,30230.528000000013,7,False,False
40,4,-115.65067976081092,97.07769479589558,1.0,CLIENT,7,2,100000,18,29,0,248,248,246,2,113,116,30230.528000000013,7,False,False
40,5,306.315869283037,486.5863747956641,1.0,CLIENT,7,2,100000,10,37,0,240,240,238,2,121,103,38569.98400000002,7,False,False
40,6,361.8440372730519,444.9526947955792,1.0,CLIENT,7,2,100000,18,36,0,241,241,239,2,113,100,37527.55200000002,7,False,False
40,7,-280.5717150735362,313.59509479580623,1.0,CLIENT,7,2,100000,21,36,0,240,241,238,2,110,100,37527.55200000002,7,False,False

41,0,229.32103435344442,491.92973479562,1.0,CLIENT,7,2,100000,16,31,0,248,248,243,5,115,106,32315.392000000014,7,False,False
41,1,84.44083570460461,51.65913479587488,1.0,CLIENT,7,2,100000,17,23,0,256,256,249,7,114,113,23975.93600000001,7,False,False
41,2,-34.85363076064201,-409.09434520436037,1.0,CLIENT,7,2,100000,15,38,0,238,241,234,4,116,99,39612.41600000002,7,False,False
41,3,59.09274190038725,38.41205479530856,1.0,CLIENT,7,2,100000,16,24,0,254,255,249,5,115,110,25018.36800000001,7,False,False
41,4,490.08954936276854,483.35809479590495,1.0,CLIENT,7,2,100000,18,46,0,227,233,227,0,113,93,47951.872000000025,7,False,False
41,5,-68.12300387832552,372.14941479588333,1.0,CLIENT,7,2,100000,10,21,0,258,258,251,7,121,115,21891.072000000007,7,False,False
41,6,423.6300159203392,452.188494795503,1.0,CLIENT,7,2,100000,18,31,0,247,248,244,3,113,106,32315.392000000014,7,False,False
41,7,105.66986426536928,-499.0409052042773,1.0,CLIENT,7,2,100000,21,65,0,212,214,208,4,110,73,67758.08000000003,7,False,False

42,0,48.557440413224,-40.06854520429101,1.0,CLIENT,7,2,100000,16,31,0,257,258,252,5,114,112,32315.392000000014,7,False,False
42,1,195.49717168350872,21.26877479587847,1.0,CLIENT,7,2,100000,17,31,0,258,258,251,7,113,116,32315.392000000014,7,False,False
42,2,-317.2472382965448,-222.5220252039884,1.0,CLIENT,7,2,100000,15,51,0,234,238,233,1,115,96,53164.03200000003,7,False,False
42,3,-13.94145337219084,124.57373479528968,1.0,CLIENT,7,2,100000,16,28,0,261,261,256,5,114,117,29188.096000000012,7,False,False
42,4,488.82214467238884,383.17009479574295,1.0,CLIENT,7,2,100000,18,48,0,238,241,237,1,112,94,50036.736000000026,7,False,False
42,5,-118.89840427969789,414.11705479591603,1.0,CLIENT,7,2,100000,10,34,0,253,255,249,4,120,111,35442.68800000002,7,False,False
42,6,-105.19459106658533,158.86029479573182,1.0,CLIENT,7,2,100000,18,30,0,259,259,254,5,112,120,31272.960000000014,7,False,False
42,7,321.84157673821863,132.8114147958479,1.0,CLIENT,7,2,100000,20,36,0,253,253,247,6,110,108,37527.55200000002,7,False,False

43,0,-423.0755299280548,-252.0218252046513,1.0,CLIENT,7,2,100000,16,30,0,251,251,246,5,115,109,31272.960000000014,7,False,False
43,1,-251.89668395805705,120.23225479596817,1.0,CLIENT,7,2,100000,17,29,0,251,252,249,2,114,114,30230.528000000013,7,False,False
43,2,-313.5242370189062,410.5548147954181,1.0,CLIENT,7,2,100000,15,35,0,242,246,240,2,116,105,36485.12000000002,7,False,False
43,3,-28.67503289574443,-150.609305204417,1.0,CLIENT,7,2,100000,16,26,0,255,255,250,5,115,119,27103.23200000001,7,False,False
43,4,170.22829067279187,-26.264865204339003,1.0,CLIENT,7,2,100000,18,34,0,247,247,241,6,113,104,35442.68800000002,7,False,False
43,5,424.18450547202855,-455.5147852042245,1.0,CLIENT,7,2,100000,10,47,0,228,233,224,4,121,91,48994.304000000026,7,False,False
43,6,-332.0600306130361,285.9877347959022,1.0,CLIENT,7,2,100000,18,45,0,233,235,233,0,113,97,46909.440000000024,7,False,False
43,7,89.19360329324714,-465.8675452041885,1.0,CLIENT,7,2,100000,21,35,0,246,246,242,4,110,106,36485.12000000002,7,False,False

44,0,74.53923656263122,-32.610105204138335,1.0,CLIENT,7,2,100000,16,28,0,254,255,246,8,115,116,29188.096000000012,7,False,False
44,1,-110.34342262104188,199.8260547959211,1.0,CLIENT,7,2,100000,17,29,0,252,254,247,5,114,114,30230.528000000013,7,False,False
44,2,-272.57122296656956,-174.43178520438522,1.0,CLIENT,7,2,100000,15,28,0,254,255,247,7,116,112,29188.096000000012,7,False,False
44,3,493.8917634333449,234.11261479557226,1.0,CLIENT,7,2,100000,17,62,0,218,221,214,4,114,78,64630.784000000036,7,False,False
44,4,-168.4856127836282,51.77045479559382,1.0,CLIENT,7,2,100000,18,40,0,241,243,236,5,113,103,41697.28000000002,7,False,False
44,5,-84.36162647163466,73.03257479569851,1.0,CLIENT,7,2,100000,10,20,0,262,263,255,7,121,122,20848.640000000007,7,False,False
44,6,-32.160395794007236,90.95509479553414,1.0,CLIENT,7,2,100000,18,32,0,251,251,243,8,113,105,33357.824000000015,7,False,False
44,7,397.17294301218027,-303.4516652045235,1.0,CLIENT,7,2,100000,20,44,0,237,239,229,8,111,97,45867.00800000002,7,False,False

45,0,325.3269396364814,-371.46818520444015,1.0,CLIENT,7,2,100000,16,36,0,238,238,237,1,115,98,37527.55200000002,7,False,False
45,1,-464.97909749789477,40.193174795557525,1.0,CLIENT,7,2,100000,17,49,0,225,225,223,2,114,87,51079.16800000003,7,False,False
45,2,168.3271836372223,305.5800547954769,1.0,CLIENT,7,2,100000,15,39,0,235,235,234,1,116,100,40654.84800000002,7,False,False
45,3,-52.59729642370673,-70.79286520423523,1.0,CLIENT,7,2,100000,16,17,0,257,257,255,2,115,119,17721.344000000005,7,False,False
45,4,321.20787439302876,46.42709479563791,1.0,CLIENT,7,2,100000,18,37,0,237,237,236,1,113,102,38569.98400000002,7,False,False
45,5,-199.3786021075533,-429.7998652042884,1.0,CLIENT,7,2,100000,10,25,0,248,249,248,0,121,109,26060.80000000001,7,False,False
45,6,155.4947111492383,358.45705479565027,1.0,CLIENT,7,2,100000,18,37,0,236,237,236,0,113,100,38569.98400000002,7,False,False
45,7,-258.1544946158923,-203.93158520425715,1.0,CLIENT,7,2,100000,21,34,0,240,240,239,1,110,104,35442.68800000002,7,False,False

46,0,107.57097130093887,-165.86014520467018,1.0,CLIENT,7,2,100000,16,21,0,254,254,253,1,114,117,21891.072000000007,7,False,False
46,1,475.11833145983917,-35.83838520468845,1.0,CLIENT,7,2,100000,17,50,0,225,225,224,1,113,89,52121.60000000003,7,False,False
46,2,-16.08019878713626,-203.59762520430934,1.0,CLIENT,7,2,100000,15,22,0,253,253,252,1,115,116,22933.504000000008,7,False,False
46,3,-145.03862601498042,-484.012705204253,1.0,CLIENT,7,2,100000,16,41,0,231,234,231,0,114,94,42739.71200000002,7,False,False
46,4,-136.0875803905104,-72.35134520425532,1.0,CLIENT,7,2,100000,18,24,0,251,251,250,1,112,116,25018.36800000001,7,False,False
46,5,378.71636221098805,435.15653479579186,1.0,CLIENT,7,2,100000,10,53,0,220,222,220,0,120,84,55248.89600000003,7,False,False
46,6,4.91119139425258,-63.11178520464466,1.0,CLIENT,7,2,100000,18,31,0,244,244,243,1,112,110,32315.392000000014,7,False,False
46,7,152.00934825097548,-497.4824252042572,1.0,CLIENT,7,2,100000,20,33,0,242,242,241,1,110,109,34400.256000000016,7,False,False

47,0,-50.77540218107482,348.66089479586293,1.0,CLIENT,7,2,100000,16,28,0,247,248,241,5,116,107,29188.096000000012,7,False,False
47,1,-362.4777431782095,222.6466547952549,1.0,CLIENT,7,2,100000,17,41,0,232,235,227,4,115,94,42739.71200000002,7,False,False
47,2,419.5109506768865,-206.6032652046306,1.0,CLIENT,7,2,100000,15,37,0,238,239,232,5,117,98,38569.98400000002,7,False,False
47,3,441.6905327557174,-107.30582520459308,1.0,CLIENT,7,2,100000,17,37,0,237,239,232,4,115,100,38569.98400000002,7,False,False
47,4,-268.0560937578657,-468.20526520461414,1.0,CLIENT,7,2,100000,18,45,0,230,231,222,7,114,90,46909.440000000024,7,False,False
47,5,378.0034470728606,219.52969479600569,1.0,CLIENT,7,2,100000,10,30,0,245,246,239,5,122,106,31272.960000000014,7,False,False
47,6,-282.7104604884816,53.44025479533286,1.0,CLIENT,7,2,100000,18,28,0,247,248,240,6,114,108,29188.096000000012,7,False,False
47,7,-110.26420982754136,133.59065479546246,1.0,CLIENT,7,2,100000,21,29,0,246,246,238,8,111,104,30230.528000000013,7,False,False

48,0,-444.54219686875814,384.839894795482,1.0,CLIENT,7,2,100000,16,39,0,241,241,236,3,115,100,40654.84800000002,7,False,False
48,1,-246.034937265473,49.98933479534486,1.0,CLIENT,7,2,100000,17,27,0,253,253,247,4,114,114,28145.66400000001,7,False,False
48,2,-266.55105068811014,264.16901479562085,1.0,CLIENT,7,2,100000,15,25,0,254,255,250,2,116,112,26060.80000000001,7,False,False
48,3,259.8179597115555,32.84605479591477,1.0,CLIENT,7,2,100000,17,35,0,245,245,237,6,114,103,36485.12000000002,7,False,False
48,4,-150.10824477593647,59.006254795517634,1.0,CLIENT,7,2,100000,18,26,0,252,253,248,3,113,114,27103.23200000001,7,False,False
48,5,99.80811757334806,501.16929479523066,1.0,CLIENT,7,2,100000,10,31,0,246,249,244,0,121,110,32315.392000000014,7,False,False
48,6,-89.74809640490422,-484.9032652043775,1.0,CLIENT,7,2,100000,18,62,0,212,218,208,2,113,73,64630.784000000036,7,False,False
48,7,-5.386471713534832,-65.89478520473705,1.0,CLIENT,7,2,100000,20,33,0,246,246,240,5,111,106,34400.256000000016,7,False,False

49,0,347.9025856805635,-338.1835052046324,1.0,CLIENT,7,2,100000,16,53,0,231,239,226,5,115,85,55248.89600000003,7,False,False
49,1,96.71881864089926,386.95497479567877,1.0,CLIENT,7,2,100000,17,33,0,254,259,250,4,114,109,34400.256000000016,7,False,False
49,2,249.59950939670574,-122.33402520461738,1.0,CLIENT,7,2,100000,15,23,0,269,269,263,6,116,120,23975.93600000001,7,False,False
49,3,-418.9564646851649,60.34209479530887,1.0,CLIENT,7,2,100000,17,28,0,261,264,258,3,114,115,29188.096000000012,7,False,False
49,4,188.20959471523244,346.1005347959994,1.0,CLIENT,7,2,100000,18,32,0,258,260,253,5,113,115,33357.824000000015,7,False,False
49,5,-463.79090560101554,-503.4937052041087,1.0,CLIENT,7,2,100000,10,52,0,232,240,230,2,121,90,54206.46400000003,7,False,False
49,6,-452.85954014803826,448.96021479574387,1.0,CLIENT,7,2,100000,18,41,0,248,250,242,6,113,101,42739.71200000002,7,False,False
49,7,35.64575513173948,329.8478147959028,1.0,CLIENT,7,2,100000,20,30,0,262,262,256,6,111,115,31272.960000000014,7,False,False

50,0,436.6209139947614,154.18485479567153,1.0,CLIENT,7,2,100000,16,37,0,239,241,237,2,115,100,38569.98400000002,7,False,False
50,1,-7.842068300793764,-87.37954520427962,1.0,CLIENT,7,2,100000,17,29,0,248,249,246,2,114,111,30230.528000000013,7,False,False
50,2,315.4253404939452,-302.4497852046801,1.0,CLIENT,7,2,100000,15,30,0,248,248,244,4,116,105,31272.960000000014,7,False,False
50,3,-272.1751590007555,-482.7881852041807,1.0,CLIENT,7,2,100000,17,41,0,237,237,233,4,114,93,42739.71200000002,7,False,False
50,4,-78.34145419317525,232.3314947953233,1.0,CLIENT,7,2,100000,18,31,0,246,247,244,2,113,106,32315.392000000014,7,False,False
50,5,-315.4253440539129,1.3424947955650168,1.0,CLIENT,7,2,100000,10,20,0,257,258,255,2,121,119,20848.640000000007,7,False,False
50,6,84.91611246335628,-444.3827852046459,1.0,CLIENT,7,2,100000,17,44,0,234,234,229,5,114,96,45867.00800000002,7,False,False
50,7,-241.20295688445563,447.2904147960048,1.0,CLIENT,7,2,100000,21,46,0,230,232,227,3,110,87,47951.872000000025,7,False,False

51,0,418.6396099523208,-167.1959852044614,1.0,CLIENT,7,2,100000,16,31,0,237,237,237,0,115,100,32315.392000000014,7,False,False
51,1,-435.0366616920359,-438.2601852042845,1.0,CLIENT,7,2,100000,17,52,0,216,216,216,0,114,79,54206.46400000003,7,False,False
51,2,-28.35818172343092,-305.67806520443924,1.0,CLIENT,7,2,100000,15,21,0,247,247,247,0,116,112,21891.072000000007,7,False,False
51,3,178.3079955726962,-232.42950520428565,1.0,CLIENT,7,2,100000,16,23,0,245,245,245,0,115,109,23975.93600000001,7,False,False
51,4,211.02287913869034,-49.08546520446379,1.0,CLIENT,7,2,100000,18,34,0,234,234,234,0,113,101,35442.68800000002,7,False,False
51,5,-277.0863521758362,-411.432065203995,1.0,CLIENT,7,2,100000,10,40,0,228,228,228,0,121,94,41697.28000000002,7,False,False
51,6,113.51193078646061,84.72117479545375,1.0,CLIENT,7,2,100000,18,37,0,231,231,231,0,113,97,38569.98400000002,7,False,False
51,7,264.96679126544916,-422.1187852046978,1.0,CLIENT,7,2,100000,21,30,0,238,238,238,0,110,101,31272.960000000014,7,False,False

52,0,40.16088434100617,73.36653479564632,1.0,CLIENT,7,2,100000,16,23,0,258,259,254,4,114,114,23975.93600000001,7,False,False
52,1,377.9242342799229,359.01365479582694,1.0,CLIENT,7,2,100000,17,36,0,246,246,240,6,113,98,37527.55200000002,7,False,False
52,2,-76.20270877822983,-197.36370520422895,1.0,CLIENT,7,2,100000,15,22,0,259,260,254,5,115,116,22933.504000000008,7,False,False
52,3,-467.7515452580301,-123.66986520440861,1.0,CLIENT,7,2,100000,16,42,0,236,240,230,6,114,93,43782.14400000002,7,False,False
52,4,-129.98819531911334,-132.79810520430033,1.0,CLIENT,7,2,100000,18,34,0,247,248,241,6,112,103,35442.68800000002,7,False,False
52,5,414.2829063300552,-472.1014652042689,1.0,CLIENT,7,2,100000,10,42,0,236,240,235,1,120,97,43782.14400000002,7,False,False
52,6,451.1168551389392,-1.4405052045273692,1.0,CLIENT,7,2,100000,18,41,0,238,241,234,4,112,96,42739.71200000002,7,False,False
52,7,-386.400006705609,260.1614947954562,1.0,CLIENT,7,2,100000,20,42,0,238,240,232,6,110,95,43782.14400000002,7,False,False

53,0,414.6789702958692,-9.789505204013551,1.0,CLIENT,7,2,100000,16,33,0,249,249,239,9,116,104,34400.256000000016,7,False,False
53,1,-38.972696003531844,225.87493479580502,1.0,CLIENT,7,2,100000,17,37,0,243,244,234,9,115,101,38569.98400000002,7,False,False
53,2,-195.02189848472477,-492.1390652043013,1.0,CLIENT,7,2,100000,15,33,0,246,249,241,4,117,104,34400.256000000016,7,False,False
53,3,-279.46273596959463,-33.945945204720545,1.0,CLIENT,7,2,100000,17,30,0,251,252,240,10,115,106,31272.960000000014,7,False,False
53,4,130.22583013852145,385.06253479571086,1.0,CLIENT,7,2,100000,18,37,0,244,245,234,9,114,99,38569.98400000002,7,False,False
53,5,-389.8061568103712,-364.90030520441195,1.0,CLIENT,7,2,100000,10,35,0,243,247,238,4,122,106,36485.12000000002,7,False,False
53,6,386.63764152501705,-296.99510520421427,1.0,CLIENT,7,2,100000,18,39,0,242,243,231,10,114,96,40654.84800000002,7,False,False
53,7,-138.06790021901764,-496.5918652041327,1.0,CLIENT,7,2,100000,21,37,0,244,245,237,6,111,102,38569.98400000002,7,False,False

54,0,-427.9867231025726,-227.6427452045064,1.0,CLIENT,7,2,100000,16,29,0,256,256,244,11,115,109,30230.528000000013,7,False,False
54,1,57.191634865380514,-339.51934520442364,1.0,CLIENT,7,2,100000,17,40,0,243,245,235,7,114,100,41697.28000000002,7,False,False
54,2,34.77441440717378,-420.5603052046777,1.0,CLIENT,7,2,100000,15,45,0,238,240,230,7,116,95,46909.440000000024,7,False,False
54,3,-405.3318642655529,115.11153479545015,1.0,CLIENT,7,2,100000,16,27,0,255,257,248,7,115,113,28145.66400000001,7,False,False
54,4,-171.81255009545285,381.94557479567067,1.0,CLIENT,7,2,100000,18,39,0,246,246,236,9,113,101,40654.84800000002,7,False,False
54,5,-90.22337316365589,-82.70410520421933,1.0,CLIENT,7,2,100000,10,28,0,256,257,245,10,121,113,29188.096000000012,7,False,False
54,6,-266.15498672229614,326.7308547958626,1.0,CLIENT,7,2,100000,18,42,0,241,243,235,5,113,101,43782.14400000002,7,False,False
54,7,-269.2442856547449,300.3480147952399,1.0,CLIENT,7,2,100000,21,34,0,248,251,244,3,110,107,35442.68800000002,7,False,False

55,0,-62.89495953149414,188.36009479560374,1.0,CLIENT,7,2,100000,16,36,0,241,241,236,5,115,101,37527.55200000002,7,False,False
55,1,-197.4774950719837,-177.10346520475866,1.0,CLIENT,7,2,100000,17,23,0,252,254,248,4,114,116,23975.93600000001,7,False,False
55,2,-375.9439180113834,-231.9842252046189,1.0,CLIENT,7,2,100000,15,34,0,242,243,237,5,116,100,35442.68800000002,7,False,False
55,3,325.3269396364814,-151.4998652045415,1.0,CLIENT,7,2,100000,16,40,0,237,237,230,7,115,96,41697.28000000002,7,False,False
55,4,34.06149926904625,-431.1357052040796,1.0,CLIENT,7,2,100000,18,29,0,247,248,241,6,113,107,30230.528000000013,7,False,False
55,5,-201.59656031543636,-479.4485852047026,1.0,CLIENT,7,2,100000,10,26,0,250,251,247,3,121,116,27103.23200000001,7,False,False
55,6,277.007135822368,41.19505479540095,1.0,CLIENT,7,2,100000,18,50,0,226,227,220,6,113,89,52121.60000000003,7,False,False
55,7,-304.57319139443615,-478.3353852043493,1.0,CLIENT,7,2,100000,21,39,0,236,238,234,2,110,99,40654.84800000002,7,False,False

56,0,124.83936020468906,352.8910547954655,1.0,CLIENT,7,2,100000,16,31,0,242,242,240,2,116,104,32315.392000000014,7,False,False
56,1,-167.77269764550067,-40.06854520429101,1.0,CLIENT,7,2,100000,17,26,0,247,247,246,1,115,110,27103.23200000001,7,False,False
56,2,-183.61525627299582,-106.7492252044164,1.0,CLIENT,7,2,100000,15,27,0,246,246,245,1,117,109,28145.66400000001,7,False,False
56,3,392.1825370447248,73.92313479582299,1.0,CLIENT,7,2,100000,17,50,0,223,223,221,2,115,88,52121.60000000003,7,False,False
56,4,-409.84699347425675,26.16685479537665,1.0,CLIENT,7,2,100000,18,38,0,235,235,234,1,114,101,39612.41600000002,7,False,False
56,5,-413.0947179931437,355.7853747952768,1.0,CLIENT,7,2,100000,10,28,0,244,245,244,0,122,107,29188.096000000012,7,False,False
56,6,-252.84723747556043,-1.106545204579561,1.0,CLIENT,7,2,100000,18,32,0,240,241,240,0,114,106,33357.824000000015,7,False,False
56,7,348.61550081869103,-138.6980652044329,1.0,CLIENT,7,2,100000,21,41,0,232,232,230,2,111,95,42739.71200000002,7,False,False

57,0,-308.2961926720748,269.06709479591,1.0,CLIENT,7,2,100000,16,48,0,226,227,223,1,115,87,50036.736000000026,7,False,False
57,1,-107.5709748609066,-385.0492252041633,1.0,CLIENT,7,2,100000,17,31,0,244,244,239,3,114,107,32315.392000000014,7,False,False
57,2,-259.73875047858553,73.81181479531307,1.0,CLIENT,7,2,100000,15,38,0,236,237,233,1,116,98,39612.41600000002,7,False,False
57,3,-43.64625079867386,-355.6607452040103,1.0,CLIENT,7,2,100000,17,25,0,249,249,246,3,115,112,26060.80000000001,7,False,False
57,4,327.38647225792636,-242.44830520430185,1.0,CLIENT,7,2,100000,18,52,0,222,223,219,1,113,84,54206.46400000003,7,False,False
57,5,-231.38057053485707,-56.87786520456427,1.0,CLIENT,7,2,100000,10,20,0,255,255,250,3,121,118,20848.640000000007,7,False,False
57,6,-50.300125422323134,-330.279785204022,1.0,CLIENT,7,2,100000,18,32,0,242,243,238,2,113,106,33357.824000000015,7,False,False
57,7,-169.4361663016944,-204.48818520443382,1.0,CLIENT,7,2,100000,21,28,0,247,247,243,2,110,110,29188.096000000012,7,False,False

58,0,-35.170481932955525,103.20029479546605,1.0,CLIENT,7,2,100000,16,37,0,262,263,252,5,116,112,38569.98400000002,7,False,False
58,1,-377.2905354947007,430.48109479573156,1.0,CLIENT,7,2,100000,17,62,0,227,237,219,4,115,81,64630.784000000036,7,False,False
58,2,399.62853959943925,-407.0905852046735,1.0,CLIENT,7,2,100000,15,51,0,237,249,230,2,117,93,53164.03200000003,7,False,False
58,3,-55.13210580390333,394.41341479583144,1.0,CLIENT,7,2,100000,17,28,0,272,273,262,4,115,120,29188.096000000012,7,False,False
58,4,410.79754343179235,-162.96582520406787,1.0,CLIENT,7,2,100000,18,38,0,261,263,252,3,114,109,39612.41600000002,7,False,False
58,5,-147.01894584348767,-69.7909852043918,1.0,CLIENT,7,2,100000,10,19,0,280,280,269,7,122,126,19806.208000000006,7,False,False
58,6,-13.94145337219084,-120.55290520436841,1.0,CLIENT,7,2,100000,18,30,0,271,271,259,6,114,120,31272.960000000014,7,False,False
58,7,107.72939688737705,-163.52242520424454,1.0,CLIENT,7,2,100000,21,30,0,271,271,260,5,111,119,31272.960000000014,7,False,False

59,0,-443.03715379900257,-350.3173852040544,1.0,CLIENT,7,2,100000,16,49,0,228,245,227,1,116,91,51079.16800000003,7,False,False
59,1,-130.85953604367904,74.47973479599966,1.0,CLIENT,7,2,100000,17,29,0,266,267,259,7,115,117,30230.528000000013,7,False,False
59,2,474.1677779417729,458.4224147955834,1.0,CLIENT,7,2,100000,15,52,0,231,243,227,4,117,89,54206.46400000003,7,False,False
59,3,-96.40197102855348,-86.15502520420733,1.0,CLIENT,7,2,100000,17,27,0,269,269,259,10,115,115,28145.66400000001,7,False,False
59,4,29.546370060342404,-85.70974520454058,1.0,CLIENT,7,2,100000,18,31,0,265,265,256,9,114,115,32315.392000000014,7,False,False
59,5,343.941946023549,219.1957347952669,1.0,CLIENT,7,2,100000,10,23,0,271,273,265,6,122,123,23975.93600000001,7,False,False
59,6,460.70160310859904,-354.88150520439575,1.0,CLIENT,7,2,100000,18,43,0,249,253,242,7,114,99,44824.57600000002,7,False,False
59,7,-305.44453211900185,342.76093479573035,1.0,CLIENT,7,2,100000,21,42,0,252,254,248,4,111,106,43782.14400000002,7,False,False

60,0,49.19114275841386,-196.47314520410447,1.0,CLIENT,7,2,100000,16,30,0,319,321,316,3,146,148,31272.960000000014,9,False,False
60,1,-310.9102148452091,-332.8401452046765,1.0,CLIENT,7,2,100000,17,43,0,307,308,303,4,145,129,44824.57600000002,9,False,False
60,2,309.0091042502346,154.85277479556714,1.0,CLIENT,7,2,100000,15,27,0,324,324,319,5,147,148,28145.66400000001,9,False,False
60,3,399.7077523923769,-15.466825204708243,1.0,CLIENT,7,2,100000,16,26,0,325,325,321,4,146,151,27103.23200000001,9,False,False
60,4,404.06445601520545,303.2423347958422,1.0,CLIENT,7,2,100000,18,41,0,308,310,305,3,144,131,42739.71200000002,9,False,False
60,5,410.55990505241647,-1.217865204298505,1.0,CLIENT,7,2,100000,10,26,0,324,325,321,3,152,154,27103.23200000001,9,False,False
60,6,155.33628556280013,-304.11958520441914,1.0,CLIENT,7,2,100000,17,35,0,316,316,311,5,145,143,36485.12000000002,9,False,False
60,7,344.1003716099872,207.84109479545947,1.0,CLIENT,7,2,100000,20,37,0,313,314,310,3,142,137,38569.98400000002,9,False,False
60,8,-370.9535120439278,-362.11730520431956,1.0,CLIENT,7,2,100000,13,38,0,312,313,308,4,149,138,39612.41600000002,9,False,False
60,9,-435.9872152095393,-333.61938520429106,1.0,CLIENT,7,2,100000,20,48,0,298,303,294,4,142,125,50036.736000000026,9,False,False

61,0,338.0009865385901,-183.67134520399588,1.0,CLIENT,7,2,100000,16,29,0,321,321,312,9,147,143,30230.528000000013,9,False,False
61,1,-153.0391181219471,181.012974795961,1.0,CLIENT,7,2,100000,17,37,0,311,313,306,5,146,140,38569.98400000002,9,False,False
61,2,360.1013558239205,192.9242147959451,1.0,CLIENT,7,2,100000,15,31,0,318,319,312,6,148,138,32315.392000000014,9,False,False
61,3,-140.0482200475249,170.88285479543487,1.0,CLIENT,7,2,100000,16,30,0,319,320,311,8,147,138,31272.960000000014,9,False,False
61,4,119.76974144429586,64.12697479524468,1.0,CLIENT,7,2,100000,18,32,0,318,318,310,8,145,150,33357.824000000015,9,False,False
61,5,-303.93948904924633,-204.48818520443382,1.0,CLIENT,7,2,100000,10,32,0,315,318,312,3,153,143,33357.824000000015,9,False,False
61,6,115.6506762008432,-126.34154520399107,1.0,CLIENT,7,2,100000,18,36,0,314,314,303,11,145,137,37527.55200000002,9,False,False
61,7,211.10209193162802,58.227014795903074,1.0,CLIENT,7,2,100000,20,31,0,318,319,312,6,143,141,32315.392000000014,9,False,False
61,8,452.2258342428807,-310.5761452047284,1.0,CLIENT,7,2,100000,13,42,0,307,308,298,9,150,130,43782.14400000002,9,False,False
61,9,-322.6337082298144,-333.28542520434326,1.0,CLIENT,7,2,100000,20,50,0,297,300,294,3,143,126,52121.60000000003,9,False,False

62,0,-93.15424650966652,385.8417747953254,1.0,CLIENT,7,2,100000,16,29,0,356,356,339,17,147,157,30230.528000000013,9,False,False
62,1,-33.507013277324624,440.6112147954667,1.0,CLIENT,7,2,100000,17,34,0,347,351,335,12,146,153,35442.68800000002,9,False,False
62,2,182.5854864020242,-64.67026520466476,1.0,CLIENT,7,2,100000,15,29,0,355,356,339,16,148,155,30230.528000000013,9,False,False
62,3,-133.79040938968964,274.18781479563705,1.0,CLIENT,7,2,100000,16,27,0,358,358,341,17,147,160,28145.66400000001,9,False,False
62,4,-228.3704843959088,-388.945425204609,1.0,CLIENT,7,2,100000,18,45,0,336,340,322,14,145,145,46909.440000000024,9,False,False
62,5,-341.09028903100665,-178.7732652044977,1.0,CLIENT,7,2,100000,10,29,0,355,356,334,21,153,151,30230.528000000013,9,False,False
62,6,-359.8637210045124,289.9952547952759,1.0,CLIENT,7,2,100000,18,30,0,354,355,337,17,145,157,31272.960000000014,9,False,False
62,7,-494.5254693385025,474.3411747957322,1.0,CLIENT,7,2,100000,20,54,0,307,329,297,11,143,124,56291.32800000003,9,False,False
62,8,168.48560922366048,-487.68626520446986,1.0,CLIENT,7,2,100000,13,69,0,295,316,286,9,150,112,71927.80800000003,9,False,False
62,9,246.19335929194344,199.93737479564004,1.0,CLIENT,7,2,100000,20,39,0,342,346,326,17,143,142,40654.84800000002,9,False,False

63,0,-411.9065260957016,274.299134795356,1.0,CLIENT,7,2,100000,16,34,0,336,337,330,6,148,149,35442.68800000002,9,False,False
63,1,198.03198106426817,474.3411747957322,1.0,CLIENT,7,2,100000,17,44,0,324,327,318,6,147,134,45867.00800000002,9,False,False
63,2,-389.4893056380577,142.05097479545856,1.0,CLIENT,7,2,100000,15,22,0,349,349,342,7,149,160,22933.504000000008,9,False,False
63,3,-68.83591901645303,7.9103747955932135,1.0,CLIENT,7,2,100000,16,28,0,342,343,333,9,148,151,29188.096000000012,9,False,False
63,4,417.9266948141933,454.4148947954187,1.0,CLIENT,7,2,100000,18,63,0,294,307,287,7,146,110,65673.21600000003,9,False,False
63,5,99.80811757334806,-171.64878520429284,1.0,CLIENT,7,2,100000,10,18,0,352,353,345,7,154,160,18763.776000000005,9,False,False
63,6,-258.31292020176767,-348.0909852041387,1.0,CLIENT,7,2,100000,18,32,0,337,339,329,8,146,148,33357.824000000015,9,False,False
63,7,455.2359203818289,-293.3215452039974,1.0,CLIENT,7,2,100000,21,53,0,316,318,309,7,143,122,55248.89600000003,9,False,False
63,8,-496.9810659257614,-286.4197052040214,1.0,CLIENT,7,2,100000,13,49,0,306,322,301,5,151,132,51079.16800000003,9,False,False
63,9,129.75055337920693,-333.9533452042389,1.0,CLIENT,7,2,100000,20,28,0,342,343,336,6,144,148,29188.096000000012,9,False,False

64,0,312.0984031821206,-475.2184252043091,1.0,CLIENT,7,2,100000,16,46,0,303,304,296,7,147,127,47951.872000000025,9,False,False
64,1,32.31881781991485,-238.10682520418936,1.0,CLIENT,7,2,100000,17,32,0,317,318,309,8,146,141,33357.824000000015,9,False,False
64,2,343.62509485123553,251.92381479568894,1.0,CLIENT,7,2,100000,15,31,0,317,319,310,7,148,138,32315.392000000014,9,False,False
64,3,-234.54908226080636,153.85089479572372,1.0,CLIENT,7,2,100000,16,37,0,312,313,304,8,147,131,38569.98400000002,9,False,False
64,4,111.61082375089103,287.8801747958701,1.0,CLIENT,7,2,100000,18,29,0,321,321,311,10,145,140,30230.528000000013,9,False,False
64,5,149.23690049140305,-356.9965852045925,1.0,CLIENT,7,2,100000,10,20,0,330,330,321,9,153,150,20848.640000000007,9,False,False
64,6,161.75252180707355,-420.2263452047299,1.0,CLIENT,7,2,100000,18,44,0,304,306,297,7,145,128,45867.00800000002,9,False,False
64,7,307.5040611804791,271.7387747954925,1.0,CLIENT,7,2,100000,20,40,0,308,310,301,7,143,131,41697.28000000002,9,False,False
64,8,-445.25511200688567,143.3868147952498,1.0,CLIENT,7,2,100000,13,37,0,311,313,304,7,150,134,38569.98400000002,9,False,False
64,9,-230.11316584504019,289.6612947953281,1.0,CLIENT,7,2,100000,20,34,0,315,316,307,8,143,136,35442.68800000002,9,False,False

65,0,-305.68217049837773,-417.6659852040754,1.0,CLIENT,7,2,100000,16,32,0,370,374,357,13,147,167,33357.824000000015,9,False,False
65,1,305.60295414490946,403.9869347953899,1.0,CLIENT,7,2,100000,17,48,0,352,358,341,11,146,139,50036.736000000026,9,False,False
65,2,166.3468638092779,-179.21854520416446,1.0,CLIENT,7,2,100000,15,27,0,377,379,366,11,148,176,28145.66400000001,9,False,False
65,3,-287.30480249012317,474.4524947954511,1.0,CLIENT,7,2,100000,16,60,0,325,345,319,6,147,131,62545.920000000035,9,False,False
65,4,-277.32399055521205,-343.30422520435945,1.0,CLIENT,7,2,100000,18,34,0,371,372,358,13,145,165,35442.68800000002,9,False,False
65,5,-435.74957683016345,-392.8416252042638,1.0,CLIENT,7,2,100000,10,27,0,373,379,361,12,153,171,28145.66400000001,9,False,False
65,6,-252.0551095439324,-354.21358520450013,1.0,CLIENT,7,2,100000,18,27,0,378,379,365,13,145,180,28145.66400000001,9,False,False
65,7,-420.3030821684823,436.4923747955831,1.0,CLIENT,7,2,100000,20,61,0,314,344,304,10,143,123,63588.352000000035,9,False,False
65,8,463.31562528229614,-470.209025204301,1.0,CLIENT,7,2,100000,13,58,0,302,337,296,6,150,118,60461.05600000003,9,False,False
65,9,-86.34194630014191,-476.8882252040481,1.0,CLIENT,7,2,100000,20,32,0,372,374,362,10,143,173,33357.824000000015,9,False,False

66,0,110.0265678881978,456.8639347955633,1.0,CLIENT,7,2,100000,16,49,0,295,297,290,5,147,122,51079.16800000003,9,False,False
66,1,-403.27233164410796,-211.50134520412877,1.0,CLIENT,7,2,100000,17,38,0,307,308,302,5,146,132,39612.41600000002,9,False,False
66,2,110.26420626757364,-115.09822520469356,1.0,CLIENT,7,2,100000,15,33,0,311,313,308,3,148,138,34400.256000000016,9,False,False
66,3,-410.79754699176016,183.4620147953146,1.0,CLIENT,7,2,100000,16,28,0,317,318,312,5,147,142,29188.096000000012,9,False,False
66,4,-67.25166315375981,13.031094795320257,1.0,CLIENT,7,2,100000,18,28,0,316,318,313,3,145,146,29188.096000000012,9,False,False
66,5,47.44846130928246,-34.16858520415843,1.0,CLIENT,7,2,100000,10,14,0,332,332,327,5,153,159,14594.048000000004,9,False,False
66,6,-238.50972191725802,63.90433479580679,1.0,CLIENT,7,2,100000,18,28,0,318,318,312,6,145,144,29188.096000000012,9,False,False
66,7,392.4993882170383,-258.0331052045028,1.0,CLIENT,7,2,100000,20,69,0,275,277,272,3,143,105,71927.80800000003,9,False,False
66,8,-217.122267770618,405.10013479574326,1.0,CLIENT,7,2,100000,13,26,0,320,320,314,6,150,148,27103.23200000001,9,False,False
66,9,-142.02853987603214,388.84741479564667,1.0,CLIENT,7,2,100000,20,33,0,313,313,307,6,143,142,34400.256000000016,9,False,False

67,0,-487.39631795610154,365.02493479567846,1.0,CLIENT,7,2,100000,16,50,0,304,305,297,7,147,122,52121.60000000003,9,False,False
67,1,-263.7786029285377,-358.1097852041549,1.0,CLIENT,7,2,100000,17,44,0,309,311,305,4,146,130,45867.00800000002,9,False,False
67,2,-351.7048033111076,221.53345479569253,1.0,CLIENT,7,2,100000,15,24,0,330,331,325,5,148,152,25018.36800000001,9,False,False
67,3,-173.0007419928949,-146.8244252044812,1.0,CLIENT,7,2,100000,16,25,0,330,330,325,5,147,146,26060.80000000001,9,False,False
67,4,-252.60959909618458,235.5597747958734,1.0,CLIENT,7,2,100000,18,28,0,326,327,320,6,145,143,29188.096000000012,9,False,False
67,5,191.6949576129324,86.94757479536946,1.0,CLIENT,7,2,100000,10,23,0,332,332,326,6,153,152,23975.93600000001,9,False,False
67,6,419.5109506768865,342.3156547952726,1.0,CLIENT,7,2,100000,18,56,0,296,299,293,3,145,119,58376.19200000003,9,False,False
67,7,-196.13087758866632,77.81933479547774,1.0,CLIENT,7,2,100000,20,36,0,318,319,313,5,143,146,37527.55200000002,9,False,False
67,8,133.3151290704074,-400.0774252041876,1.0,CLIENT,7,2,100000,13,29,0,325,326,319,6,150,142,30230.528000000013,9,False,False
67,9,379.6669157290543,14.47825479562141,1.0,CLIENT,7,2,100000,20,40,0,313,315,309,4,143,132,41697.28000000002,9,False,False

68,0,135.21623610597698,-209.83154520438973,1.0,CLIENT,7,2,100000,16,25,0,364,365,348,12,148,164,26060.80000000001,9,False,False
68,1,-493.6541286139368,217.303294795299,1.0,CLIENT,7,2,100000,17,46,0,338,344,322,12,147,134,47951.872000000025,9,False,False
68,2,289.83960831091485,271.7387747954925,1.0,CLIENT,7,2,100000,15,36,0,350,354,337,9,149,153,37527.55200000002,9,False,False
68,3,-34.140715622514485,430.8150547956794,1.0,CLIENT,7,2,100000,16,37,0,348,353,335,9,148,151,38569.98400000002,9,False,False
68,4,-106.85805972277907,-488.02022520441767,1.0,CLIENT,7,2,100000,18,38,0,349,351,332,14,146,143,39612.41600000002,9,False,False
68,5,407.78745729284407,-483.1221452041285,1.0,CLIENT,7,2,100000,10,48,0,335,342,317,14,154,130,50036.736000000026,9,False,False
68,6,353.5266939932089,306.8045747955492,1.0,CLIENT,7,2,100000,18,51,0,320,337,309,7,146,136,53164.03200000003,9,False,False
68,7,62.894955971526414,212.2938947952909,1.0,CLIENT,7,2,100000,21,26,0,362,363,347,12,143,167,27103.23200000001,9,False,False
68,8,-35.24969472645603,-12.795145204334801,1.0,CLIENT,7,2,100000,13,20,0,368,368,350,16,151,166,20848.640000000007,9,False,False
68,9,-482.5643375745213,-495.2560252043415,1.0,CLIENT,7,2,100000,20,59,0,315,330,303,8,144,123,61503.488000000034,9,False,False

69,0,-365.25019093778195,223.42589479566044,1.0,CLIENT,7,2,100000,16,35,0,317,320,313,4,147,144,36485.12000000002,9,False,False
69,1,-389.9645823968094,-440.2639452047623,1.0,CLIENT,7,2,100000,17,44,0,310,311,300,10,146,132,45867.00800000002,9,False,False
69,2,-210.30996756053057,372.0380947953734,1.0,CLIENT,7,2,100000,15,29,0,326,326,318,8,148,145,30230.528000000013,9,False,False
69,3,-410.0054190606949,367.47397479582304,1.0,CLIENT,7,2,100000,16,42,0,311,313,306,5,147,137,43782.14400000002,9,False,False
69,4,396.6976662534287,27.50269479595886,1.0,CLIENT,7,2,100000,18,54,0,298,301,292,6,145,121,56291.32800000003,9,False,False
69,5,267.34317505977043,-220.51826520430154,1.0,CLIENT,7,2,100000,10,29,0,326,326,317,9,153,143,30230.528000000013,9,False,False
69,6,-255.69889802863338,125.68693479564303,1.0,CLIENT,7,2,100000,18,32,0,321,323,316,5,145,146,33357.824000000015,9,False,False
69,7,-114.70012624330755,-120.66422520408736,1.0,CLIENT,7,2,100000,20,32,0,322,323,313,9,143,144,33357.824000000015,9,False,False
69,8,204.05215334272756,-289.8706252040094,1.0,CLIENT,7,2,100000,13,33,0,320,322,314,6,150,142,34400.256000000016,9,False,False
69,9,-417.2929960289712,-102.07378520435611,1.0,CLIENT,7,2,100000,20,25,0,330,330,323,7,143,150,26060.80000000001,9,False,False

70,0,-35.40812031233136,-483.1221452041285,1.0,CLIENT,7,2,100000,16,37,0,349,349,337,12,146,161,38569.98400000002,9,False,False
70,1,174.26814312274405,-200.3693452045502,1.0,CLIENT,7,2,100000,17,40,0,344,346,336,8,145,164,41697.28000000002,9,False,False
70,2,465.1375195243652,102.30973479534157,1.0,CLIENT,7,2,100000,15,46,0,340,340,331,9,147,148,47951.872000000025,9,False,False
70,3,294.59237589899453,288.6594147954847,1.0,CLIENT,7,2,100000,16,49,0,335,337,327,8,146,143,51079.16800000003,9,False,False
70,4,28.43739095640086,136.9302547957315,1.0,CLIENT,7,2,100000,18,35,0,348,351,342,6,144,155,36485.12000000002,9,False,False
70,5,-20.912179168153617,-461.08078520440927,1.0,CLIENT,7,2,100000,10,28,0,357,358,348,9,152,164,29188.096000000012,9,False,False
70,6,41.03222506500903,-230.53706520431774,1.0,CLIENT,7,2,100000,17,32,0,352,354,345,7,145,173,33357.824000000015,9,False,False
70,7,371.03272127689775,-314.694985204612,1.0,CLIENT,7,2,100000,20,45,0,339,341,331,8,142,158,46909.440000000024,9,False,False
70,8,18.852642986740975,-243.78414520409308,1.0,CLIENT,7,2,100000,13,34,0,352,352,345,7,149,174,35442.68800000002,9,False,False
70,9,-228.05363322359526,-121.66610520472176,1.0,CLIENT,7,2,100000,20,40,0,344,346,337,7,142,160,41697.28000000002,9,False,False

71,0,-434.87823610559775,-239.88794520443832,1.0,CLIENT,7,2,100000,16,41,0,317,321,305,12,148,131,42739.71200000002,9,False,False
71,1,214.19139086407682,298.56689479578193,1.0,CLIENT,7,2,100000,17,31,0,328,331,314,14,147,141,32315.392000000014,9,False,False
71,2,189.08093543979814,298.6782147955009,1.0,CLIENT,7,2,100000,15,29,0,332,333,315,17,149,144,30230.528000000013,9,False,False
71,3,-445.49275038626155,173.99981479547506,1.0,CLIENT,7,2,100000,16,31,0,328,331,313,15,148,142,32315.392000000014,9,False,False
71,4,427.98671954260493,277.8613747958539,1.0,CLIENT,7,2,100000,18,53,0,305,309,292,13,146,120,55248.89600000003,9,False,False
71,5,-148.12792494742922,-393.6208652046693,1.0,CLIENT,7,2,100000,10,27,0,334,335,316,18,154,149,28145.66400000001,9,False,False
71,6,-374.28044935575247,-349.315505204211,1.0,CLIENT,7,2,100000,18,45,0,313,317,301,12,146,129,46909.440000000024,9,False,False
71,7,-279.14588479728116,301.12725479564546,1.0,CLIENT,7,2,100000,21,33,0,327,329,313,14,143,140,34400.256000000016,9,False,False
71,8,-11.327431198493732,266.5067347952555,1.0,CLIENT,7,2,100000,13,20,0,340,342,327,13,151,155,20848.640000000007,9,False,False
71,9,295.2260782441844,-489.0221052042611,1.0,CLIENT,7,2,100000,20,52,0,306,310,288,18,144,121,54206.46400000003,9,False,False

72,0,-17.981305822143,317.9365747959187,1.0,CLIENT,7,2,100000,16,28,0,349,350,343,6,147,157,29188.096000000012,9,False,False
72,1,9.267895017081091,337.5288947954934,1.0,CLIENT,7,2,100000,17,40,0,337,338,331,6,146,149,41697.28000000002,9,False,False
72,2,446.2848747573589,1.1198547953361526,1.0,CLIENT,7,2,100000,15,27,0,350,351,343,7,148,159,28145.66400000001,9,False,False
72,3,400.65830591044306,-491.4711452044057,1.0,CLIENT,7,2,100000,16,58,0,300,319,295,5,147,119,60461.05600000003,9,False,False
72,4,224.56826676536474,-60.44010520427122,1.0,CLIENT,7,2,100000,18,32,0,345,346,338,7,145,158,33357.824000000015,9,False,False
72,5,-349.2492067238486,466.43745479591274,1.0,CLIENT,7,2,100000,10,57,0,302,319,298,4,153,125,59418.62400000003,9,False,False
72,6,-257.83764344301596,-339.6306652041426,1.0,CLIENT,7,2,100000,18,38,0,339,340,330,9,145,142,39612.41600000002,9,False,False
72,7,13.228534674095584,-197.80898520468668,1.0,CLIENT,7,2,100000,20,32,0,346,346,337,9,143,160,33357.824000000015,9,False,False
72,8,-322.7129210227521,-228.5333052046309,1.0,CLIENT,7,2,100000,13,34,0,342,344,333,9,150,150,35442.68800000002,9,False,False
72,9,476.78180011547,-46.63642520431921,1.0,CLIENT,7,2,100000,20,32,0,346,346,337,9,143,153,33357.824000000015,9,False,False

73,0,160.80196828957017,-448.9469052041963,1.0,CLIENT,7,2,100000,16,29,0,355,357,351,4,147,162,30230.528000000013,9,False,False
73,1,339.1099656425317,34.181894795706,1.0,CLIENT,7,2,100000,17,34,0,352,352,348,4,146,163,35442.68800000002,9,False,False
73,2,-0.3168529525787937,-42.294945204206726,1.0,CLIENT,7,2,100000,15,20,0,366,366,361,5,148,177,20848.640000000007,9,False,False
73,3,252.53038274271634,71.1401347957306,1.0,CLIENT,7,2,100000,16,33,0,352,353,349,3,147,172,34400.256000000016,9,False,False
73,4,253.7185746401584,-331.39298520437535,1.0,CLIENT,7,2,100000,18,33,0,353,353,349,4,145,167,34400.256000000016,9,False,False
73,5,334.1987724680138,493.37689479592115,1.0,CLIENT,7,2,100000,10,69,0,293,316,289,4,153,114,71927.80800000003,9,False,False
73,6,-158.50480084871714,-493.6975452043214,1.0,CLIENT,7,2,100000,18,42,0,337,344,334,3,145,147,43782.14400000002,9,False,False
73,7,391.70726028597306,-31.60822520429491,1.0,CLIENT,7,2,100000,20,33,0,353,353,349,4,143,170,34400.256000000016,9,False,False
73,8,260.2140236773695,-264.2670252045832,1.0,CLIENT,7,2,100000,13,26,0,358,360,356,2,150,175,27103.23200000001,9,False,False
73,9,-487.63395633547736,-376.5889052041672,1.0,CLIENT,7,2,100000,20,67,0,299,319,296,3,143,116,69842.94400000003,9,False,False

74,0,-202.7055394193779,114.77757479550235,1.0,CLIENT,7,2,100000,16,32,0,314,314,310,4,147,137,33357.824000000015,9,False,False
74,1,276.92792302943036,-32.05350520475264,1.0,CLIENT,7,2,100000,17,37,0,308,309,305,3,146,139,38569.98400000002,9,False,False
74,2,-26.69471306723718,145.0566147957798,1.0,CLIENT,7,2,100000,15,23,0,323,323,319,4,148,150,23975.93600000001,9,False,False
74,3,-246.35178843834933,106.87385479568292,1.0,CLIENT,7,2,100000,16,30,0,316,316,312,4,147,145,31272.960000000014,9,False,False
74,4,381.0927460053093,479.3505747957403,1.0,CLIENT,7,2,100000,18,51,0,294,295,291,3,145,119,53164.03200000003,9,False,False
74,5,366.9136560334451,165.9847747959367,1.0,CLIENT,7,2,100000,10,25,0,321,321,317,4,153,146,26060.80000000001,9,False,False
74,6,154.70258321761025,-302.56110520439904,1.0,CLIENT,7,2,100000,18,56,0,288,290,287,1,145,114,58376.19200000003,9,False,False
74,7,-182.8231283419306,153.5169347957759,1.0,CLIENT,7,2,100000,20,33,0,311,313,309,2,143,138,34400.256000000016,9,False,False
74,8,-46.41869855880915,336.415694795931,1.0,CLIENT,7,2,100000,13,22,0,324,324,321,3,150,155,22933.504000000008,9,False,False
74,9,-83.25264736769311,323.05729479564576,1.0,CLIENT,7,2,100000,20,37,0,309,309,306,3,143,136,38569.98400000002,9,False,False

75,0,274.0762624763574,-486.9070252040643,1.0,CLIENT,7,2,100000,16,35,0,316,319,309,7,148,137,36485.12000000002,9,False,False
75,1,-447.15621904189237,-218.62582520433364,1.0,CLIENT,7,2,100000,17,43,0,305,311,296,9,146,130,44824.57600000002,9,False,False
75,2,-312.6528962943405,-46.525105204600266,1.0,CLIENT,7,2,100000,15,28,0,326,326,319,7,149,148,29188.096000000012,9,False,False
75,3,312.4944671479346,-300.4460252042023,1.0,CLIENT,7,2,100000,16,34,0,319,320,312,7,148,142,35442.68800000002,9,False,False
75,4,441.0568304105276,419.46041479587194,1.0,CLIENT,7,2,100000,18,54,0,292,300,287,5,146,123,56291.32800000003,9,False,False
75,5,419.9862274356383,141.16041479533408,1.0,CLIENT,7,2,100000,10,24,0,329,330,323,6,154,154,25018.36800000001,9,False,False
75,6,331.1886863285027,78.04197479570661,1.0,CLIENT,7,2,100000,18,28,0,325,326,320,5,146,150,29188.096000000012,9,False,False
75,7,422.6002496093354,-180.88834520469447,1.0,CLIENT,7,2,100000,21,33,0,320,321,314,6,143,144,34400.256000000016,9,False,False
75,8,-436.7793431411673,285.6537747959544,1.0,CLIENT,7,2,100000,13,46,0,305,308,299,6,151,128,47951.872000000025,9,False,False
75,9,109.15522716363209,14.255614795392546,1.0,CLIENT,7,2,100000,20,29,0,324,325,317,7,144,145,30230.528000000013,9,False,False

76,0,-296.255848115156,222.86929479548377,1.0,CLIENT,7,2,100000,16,35,0,323,326,319,4,146,142,36485.12000000002,9,False,False
76,1,464.18696600686184,-481.0070652047227,1.0,CLIENT,7,2,100000,17,85,0,274,276,268,6,145,98,88606.72000000004,9,False,False
76,2,-55.60738256265501,-201.03726520444582,1.0,CLIENT,7,2,100000,15,21,0,339,340,336,3,147,165,21891.072000000007,9,False,False
76,3,-239.61870102119957,-218.18054520466688,1.0,CLIENT,7,2,100000,16,26,0,335,335,330,5,146,154,27103.23200000001,9,False,False
76,4,330.713409569751,55.22137479558182,1.0,CLIENT,7,2,100000,18,37,0,324,324,319,5,144,146,38569.98400000002,9,False,False
76,5,214.50824203695316,206.7278947958971,1.0,CLIENT,7,2,100000,10,29,0,332,332,328,4,152,152,30230.528000000013,9,False,False
76,6,-46.10184738593279,79.6004547957267,1.0,CLIENT,7,2,100000,17,37,0,322,324,320,2,145,151,38569.98400000002,9,False,False
76,7,-129.7505569397375,-193.57882520429314,1.0,CLIENT,7,2,100000,20,34,0,327,327,323,4,142,151,35442.68800000002,9,False,False
76,8,101.31316064310361,205.61469479554376,1.0,CLIENT,7,2,100000,13,24,0,336,337,333,3,149,163,25018.36800000001,9,False,False
76,9,-179.25855265073014,-219.29374520422925,1.0,CLIENT,7,2,100000,20,33,0,326,328,323,3,142,150,34400.256000000016,9,False,False

77,0,-473.29644077773776,112.7738147958155,1.0,CLIENT,7,2,100000,16,34,0,316,317,311,5,147,141,35442.68800000002,9,False,False
77,1,-446.52251669726536,355.6740547955579,1.0,CLIENT,7,2,100000,17,41,0,307,310,304,3,146,134,42739.71200000002,9,False,False
77,2,-195.18032407116294,358.12309479570246,1.0,CLIENT,7,2,100000,15,30,0,320,321,313,7,148,144,31272.960000000014,9,False,False
77,3,-41.66593097016661,319.4950547959388,1.0,CLIENT,7,2,100000,16,26,0,325,325,317,8,147,151,27103.23200000001,9,False,False
77,4,-182.26863878967842,-42.07230520476884,1.0,CLIENT,7,2,100000,18,31,0,320,320,312,8,145,146,32315.392000000014,9,False,False
77,5,-371.8248527679307,-360.6701452040184,1.0,CLIENT,7,2,100000,10,23,0,326,328,321,5,153,150,23975.93600000001,9,False,False
77,6,-139.1768793229592,-265.4915452046555,1.0,CLIENT,7,2,100000,18,37,0,314,314,306,8,145,139,38569.98400000002,9,False,False
77,7,429.96703937111215,-145.93386520435672,1.0,CLIENT,7,2,100000,20,54,0,290,297,288,2,143,124,56291.32800000003,9,False,False
77,8,21.387452366937573,469.3317747957241,1.0,CLIENT,7,2,100000,13,35,0,316,316,307,9,150,138,36485.12000000002,9,False,False
77,9,-29.467160827372464,-330.72506520447973,1.0,CLIENT,7,2,100000,20,40,0,310,311,303,7,143,135,41697.28000000002,9,False,False

78,0,464.979093937927,-91.3870652044443,1.0,CLIENT,7,2,100000,16,28,0,332,336,327,4,147,156,29188.096000000012,9,False,False
78,1,409.53013874141266,325.0610547953326,1.0,CLIENT,7,2,100000,17,39,0,324,325,314,9,146,142,40654.84800000002,9,False,False
78,2,427.4322299909155,446.2885347953704,1.0,CLIENT,7,2,100000,15,41,0,322,323,311,10,148,137,42739.71200000002,9,False,False
78,3,320.5741720478389,-114.20766520456908,1.0,CLIENT,7,2,100000,16,29,0,334,335,326,7,147,154,30230.528000000013,9,False,False
78,4,353.6059067867094,263.50109479572524,1.0,CLIENT,7,2,100000,18,31,0,332,332,323,9,145,153,32315.392000000014,9,False,False
78,5,227.18228893906183,73.58917479587518,1.0,CLIENT,7,2,100000,10,17,0,346,347,335,10,153,168,17721.344000000005,9,False,False
78,6,186.15006209322468,270.2916147959823,1.0,CLIENT,7,2,100000,18,35,0,328,329,319,8,145,151,36485.12000000002,9,False,False
78,7,352.3385020963297,-432.6941852040997,1.0,CLIENT,7,2,100000,20,52,0,310,312,301,8,143,129,54206.46400000003,9,False,False
78,8,-248.9658106114836,18.708414795223973,1.0,CLIENT,7,2,100000,13,44,0,318,320,308,9,150,131,45867.00800000002,9,False,False
78,9,-166.34686736924562,116.11341479529358,1.0,CLIENT,7,2,100000,20,47,0,316,317,306,9,143,137,48994.304000000026,9,False,False

79,0,249.3618710173299,133.70197479597238,1.0,CLIENT,7,2,100000,16,27,0,351,351,342,9,147,161,28145.66400000001,9,False,False
79,1,55.290527829810934,402.9850547955465,1.0,CLIENT,7,2,100000,17,31,0,347,347,337,10,146,159,32315.392000000014,9,False,False
79,2,-197.79434624486004,-397.4057452046051,1.0,CLIENT,7,2,100000,15,66,0,303,312,297,6,148,123,68800.51200000003,9,False,False
79,3,414.6789702958692,486.3637347954352,1.0,CLIENT,7,2,100000,16,43,0,326,335,322,4,147,144,44824.57600000002,9,False,False
79,4,114.46248430396398,-328.8326252045118,1.0,CLIENT,7,2,100000,18,45,0,332,333,326,6,145,137,46909.440000000024,9,False,False
79,5,398.91562446131167,205.169414795877,1.0,CLIENT,7,2,100000,10,21,0,356,357,349,7,153,162,21891.072000000007,9,False,False
79,6,381.80566114343685,503.06173479598954,1.0,CLIENT,7,2,100000,18,41,0,331,337,328,3,145,142,42739.71200000002,9,False,False
79,7,-139.65215608171087,164.09233479596878,1.0,CLIENT,7,2,100000,20,36,0,342,342,333,9,143,153,37527.55200000002,9,False,False
79,8,155.57392394217595,131.03029479559893,1.0,CLIENT,7,2,100000,13,25,0,353,353,343,10,150,162,26060.80000000001,9,False,False
79,9,-282.7896732814193,418.56985479574746,1.0,CLIENT,7,2,100000,20,43,0,334,335,326,8,143,136,44824.57600000002,9,False,False

80,0,315.90061725269686,367.3626547953131,1.0,CLIENT,7,2,100000,16,46,0,383,385,370,6,175,164,47951.872000000025,11,False,False
80,1,-393.6083708809476,-368.239905204681,1.0,CLIENT,7,2,100000,17,48,0,379,382,369,4,174,161,50036.736000000026,11,False,False
80,2,-96.08511985623997,346.768454795895,1.0,CLIENT,7,2,100000,15,42,0,387,388,378,3,176,167,43782.14400000002,11,False,False
80,3,-26.2194363084855,-226.08426520448631,1.0,CLIENT,7,2,100000,16,26,0,403,404,394,3,175,191,27103.23200000001,11,False,False
80,4,112.95744123420842,-166.8620252045136,1.0,CLIENT,7,2,100000,18,34,0,396,396,387,3,173,185,35442.68800000002,11,False,False
80,5,-25.031244411606288,86.72493479593157,1.0,CLIENT,7,2,100000,10,20,0,411,411,400,4,181,200,20848.640000000007,11,False,False
80,6,-158.34637526227897,51.32517479592707,1.0,CLIENT,7,2,100000,18,31,0,400,400,389,4,173,190,32315.392000000014,11,False,False
80,7,84.20319732522876,-294.2121052041219,1.0,CLIENT,7,2,100000,20,40,0,389,390,380,3,171,178,41697.28000000002,11,False,False
80,8,-29.54637362031013,461.2054147956758,1.0,CLIENT,7,2,100000,13,48,0,382,383,373,2,178,171,50036.736000000026,11,False,False
80,9,-134.8993884936312,-97.9549452044725,1.0,CLIENT,7,2,100000,20,35,0,394,395,385,3,171,183,36485.12000000002,11,False,False
80,10,93.78794529488864,-228.42198520412097,1.0,CLIENT,7,2,100000,12,25,0,405,405,395,4,179,197,26060.80000000001,11,False,False
80,11,62.815743178025905,-202.03914520428924,1.0,CLIENT,7,2,100000,16,29,0,402,402,391,4,175,180,30230.528000000013,11,False,False

81,0,-148.44477611974273,-264.4896652040211,1.0,CLIENT,7,2,100000,16,33,0,415,415,395,20,175,180,34400.256000000016,11,False,False
81,1,499.75351012536606,-298.9988652046921,1.0,CLIENT,7,2,100000,17,40,0,403,408,384,19,174,169,41697.28000000002,11,False,False
81,2,-126.34440683441235,122.68129479532178,1.0,CLIENT,7,2,100000,15,26,0,420,422,401,19,176,189,27103.23200000001,11,False,False
81,3,-78.49987977961344,-423.8999052041558,1.0,CLIENT,7,2,100000,16,38,0,406,410,390,16,175,170,39612.41600000002,11,False,False
81,4,-223.77614239370442,489.4806947954754,1.0,CLIENT,7,2,100000,18,46,0,391,402,378,13,173,172,47951.872000000025,11,False,False
81,5,378.16187265929875,91.177734795763,1.0,CLIENT,7,2,100000,10,25,0,420,423,401,19,181,192,26060.80000000001,11,False,False
81,6,79.84649370296309,-304.0082652047002,1.0,CLIENT,7,2,100000,18,36,0,408,412,391,17,173,182,37527.55200000002,11,False,False
81,7,476.0688849773425,198.6015347958488,1.0,CLIENT,7,2,100000,20,47,0,400,401,380,20,171,170,48994.304000000026,11,False,False
81,8,376.97368076185666,468.32989479588065,1.0,CLIENT,7,2,100000,13,35,0,409,413,394,15,178,177,36485.12000000002,11,False,False
81,9,-416.9761448566577,232.3314947953233,1.0,CLIENT,7,2,100000,20,55,0,389,393,371,18,171,167,57333.76000000003,11,False,False
81,10,-288.0177176288135,154.85277479556714,1.0,CLIENT,7,2,100000,12,28,0,418,420,400,18,179,194,29188.096000000012,11,False,False
81,11,321.84157673821863,438.7187747954988,1.0,CLIENT,7,2,100000,16,39,0,406,408,387,19,175,176,40654.84800000002,11,False,False

82,0,-448.10677255995864,288.9933747954325,1.0,CLIENT,7,2,100000,16,37,0,389,389,379,10,175,169,38569.98400000002,11,False,False
82,1,-231.53899612129524,118.89641479538597,1.0,CLIENT,7,2,100000,17,34,0,392,392,383,9,174,189,35442.68800000002,11,False,False
82,2,125.86912651569294,-394.8453852047416,1.0,CLIENT,7,2,100000,15,35,0,389,391,384,5,176,174,36485.12000000002,11,False,False
82,3,163.33677766976678,-412.4339452046294,1.0,CLIENT,7,2,100000,16,51,0,372,375,367,5,175,159,53164.03200000003,11,False,False
82,4,-37.54686572727679,430.70373479596043,1.0,CLIENT,7,2,100000,18,30,0,396,396,387,9,173,177,31272.960000000014,11,False,False
82,5,-487.3171051631639,-287.3102652041459,1.0,CLIENT,7,2,100000,10,41,0,383,385,375,8,181,168,42739.71200000002,11,False,False
82,6,169.43616274116386,444.0621347954547,1.0,CLIENT,7,2,100000,18,44,0,380,382,373,7,173,163,45867.00800000002,11,False,False
82,7,-118.66076590032205,-192.131665203992,1.0,CLIENT,7,2,100000,20,39,0,387,387,378,9,171,175,40654.84800000002,11,False,False
82,8,-216.56777821836582,318.1592147953566,1.0,CLIENT,7,2,100000,13,32,0,393,394,386,7,178,182,33357.824000000015,11,False,False
82,9,-61.152278082362734,500.27873479589715,1.0,CLIENT,7,2,100000,20,31,0,395,395,386,9,171,175,32315.392000000014,11,False,False
82,10,-419.59016703035485,298.90085479572974,1.0,CLIENT,7,2,100000,12,28,0,396,398,388,8,179,181,29188.096000000012,11,False,False
82,11,-107.25412368859308,-218.18054520466688,1.0,CLIENT,7,2,100000,16,24,0,400,402,393,7,175,189,25018.36800000001,11,False,False

83,0,-175.06027461433982,-502.04654520459854,1.0,CLIENT,7,2,100000,16,49,0,394,396,386,5,175,165,51079.16800000003,11,False,False
83,1,-135.7707292181969,418.45853479523754,1.0,CLIENT,7,2,100000,17,41,0,402,404,394,5,174,188,42739.71200000002,11,False,False
83,2,-104.5608887219583,360.34949479561817,1.0,CLIENT,7,2,100000,15,24,0,419,421,412,4,176,206,25018.36800000001,11,False,False
83,3,-6.495450817476377,26.27817479588657,1.0,CLIENT,7,2,100000,16,29,0,416,416,405,8,175,210,30230.528000000013,11,False,False
83,4,-402.87626767829397,-18.13850520429071,1.0,CLIENT,7,2,100000,18,43,0,401,402,392,6,173,181,44824.57600000002,11,False,False
83,5,-342.59533210019936,270.73689479564905,1.0,CLIENT,7,2,100000,10,42,0,403,403,395,5,181,185,43782.14400000002,11,False,False
83,6,224.72669235124008,275.3010147959904,1.0,CLIENT,7,2,100000,18,39,0,405,406,397,5,173,177,40654.84800000002,11,False,False
83,7,-330.95105150909455,337.8628547954412,1.0,CLIENT,7,2,100000,20,36,0,408,409,401,4,171,197,37527.55200000002,11,False,False
83,8,314.5539997693795,107.31913479534967,1.0,CLIENT,7,2,100000,13,32,0,412,412,402,8,178,182,33357.824000000015,11,False,False
83,9,229.8755239056966,-305.67806520443924,1.0,CLIENT,7,2,100000,20,46,0,398,398,388,8,171,170,47951.872000000025,11,False,False
83,10,-230.74686819023003,-251.68786520470348,1.0,CLIENT,7,2,100000,12,25,0,419,420,409,7,179,194,26060.80000000001,11,False,False
83,11,41.11143785850954,-113.09446520421574,1.0,CLIENT,7,2,100000,16,36,0,407,408,397,8,175,185,37527.55200000002,11,False,False

84,0,-155.41550191626834,35.07245479583048,1.0,CLIENT,7,2,100000,16,32,0,402,402,399,3,175,198,33357.824000000015,11,False,False
84,1,166.50528939515323,432.8188147953662,1.0,CLIENT,7,2,100000,17,60,0,374,374,368,6,174,153,62545.920000000035,11,False,False
84,2,-488.03002030129136,-34.83650520405405,1.0,CLIENT,7,2,100000,15,39,0,394,395,392,2,176,188,40654.84800000002,11,False,False
84,3,-410.5599086123843,95.40789479536556,1.0,CLIENT,7,2,100000,16,28,0,406,406,402,4,175,189,29188.096000000012,11,False,False
84,4,-463.47405442870206,217.41461479580892,1.0,CLIENT,7,2,100000,18,35,0,397,399,394,3,173,182,36485.12000000002,11,False,False
84,5,-394.2420732261374,-13.240425204001554,1.0,CLIENT,7,2,100000,10,20,0,413,414,411,2,181,208,20848.640000000007,11,False,False
84,6,199.77466251339956,-363.5644652046207,1.0,CLIENT,7,2,100000,18,42,0,390,392,388,2,173,176,43782.14400000002,11,False,False
84,7,-362.7153815575853,-285.97442520435465,1.0,CLIENT,7,2,100000,20,36,0,397,398,393,4,171,190,37527.55200000002,11,False,False
84,8,-109.78893306878969,-191.5750652046063,1.0,CLIENT,7,2,100000,13,20,0,414,414,409,5,178,201,20848.640000000007,11,False,False
84,9,342.8329669196075,-469.6524252041243,1.0,CLIENT,7,2,100000,20,65,0,365,369,362,3,171,144,67758.08000000003,11,False,False
84,10,-108.83837955128631,-158.17906520428863,1.0,CLIENT,7,2,100000,12,25,0,409,409,403,6,179,201,26060.80000000001,11,False,False
84,11,-213.082415320103,127.46805479589199,1.0,CLIENT,7,2,100000,16,32,0,402,402,398,4,175,196,33357.824000000015,11,False,False

85,0,188.20959471523244,-185.89774520470257,1.0,CLIENT,7,2,100000,16,30,0,411,413,408,3,172,195,31272.960000000014,11,False,False
85,1,-218.38967246043487,405.99069479586774,1.0,CLIENT,7,2,100000,17,43,0,398,400,392,6,171,173,44824.57600000002,11,False,False
85,2,-83.25264736769311,352.66841479523663,1.0,CLIENT,7,2,100000,14,38,0,405,405,399,6,174,188,39612.41600000002,11,False,False
85,3,-276.53186262358406,179.4544947959409,1.0,CLIENT,7,2,100000,16,34,0,407,409,403,4,172,183,35442.68800000002,11,False,False
85,4,-309.5635973618917,165.0942147958122,1.0,CLIENT,7,2,100000,18,33,0,410,410,404,6,170,184,34400.256000000016,11,False,False
85,5,-76.44034715760567,40.52713479550533,1.0,CLIENT,7,2,100000,10,23,0,419,420,413,6,178,211,23975.93600000001,11,False,False
85,6,-87.60935099052163,-366.570105204151,1.0,CLIENT,7,2,100000,17,40,0,401,403,397,4,171,186,41697.28000000002,11,False,False
85,7,-70.65781325908495,199.38077479546337,1.0,CLIENT,7,2,100000,20,34,0,409,409,404,5,168,194,35442.68800000002,11,False,False
85,8,343.4666692647973,-436.4790652040355,1.0,CLIENT,7,2,100000,13,52,0,390,391,386,4,175,162,54206.46400000003,11,False,False
85,9,180.68437936701747,-139.03202520438072,1.0,CLIENT,7,2,100000,19,34,0,408,409,404,4,169,194,35442.68800000002,11,False,False
85,10,-216.33013983898996,-356.77394520436366,1.0,CLIENT,7,2,100000,12,42,0,401,401,394,7,176,179,43782.14400000002,11,False,False
85,11,10.614512500398478,-259.5915852045229,1.0,CLIENT,7,2,100000,16,40,0,402,403,398,4,172,200,41697.28000000002,11,False,False

86,0,113.74956916583645,-26.264865204339003,1.0,CLIENT,7,2,100000,16,27,0,410,410,399,11,174,204,28145.66400000001,11,False,False
86,1,-338.39705406437184,436.2697347953542,1.0,CLIENT,7,2,100000,17,62,0,374,375,361,13,173,146,64630.784000000036,11,False,False
86,2,-176.88216885640887,-31.16294520462816,1.0,CLIENT,7,2,100000,15,31,0,405,406,392,13,175,188,32315.392000000014,11,False,False
86,3,124.36408344593737,413.89441479568717,1.0,CLIENT,7,2,100000,16,38,0,396,399,383,13,174,181,39612.41600000002,11,False,False
86,4,414.916608675245,186.9129347953026,1.0,CLIENT,7,2,100000,18,36,0,395,400,384,11,172,182,37527.55200000002,11,False,False
86,5,-404.61894912742537,-495.14470520462254,1.0,CLIENT,7,2,100000,10,66,0,363,371,356,7,180,149,68800.51200000003,11,False,False
86,6,267.66002623208396,-262.81986520428205,1.0,CLIENT,7,2,100000,17,33,0,403,404,391,12,173,186,34400.256000000016,11,False,False
86,7,20.436898849434204,-114.20766520456908,1.0,CLIENT,7,2,100000,20,31,0,403,406,393,10,170,192,32315.392000000014,11,False,False
86,8,446.36408755085944,-50.97790520443169,1.0,CLIENT,7,2,100000,13,29,0,404,408,397,7,177,194,30230.528000000013,11,False,False
86,9,349.0115647845051,-71.01550520446409,1.0,CLIENT,7,2,100000,20,37,0,399,400,390,9,170,183,38569.98400000002,11,False,False
86,10,45.46814148077521,80.04573479539346,1.0,CLIENT,7,2,100000,12,22,0,415,415,404,11,178,198,22933.504000000008,11,False,False
86,11,-175.93161533890552,44.2006947957222,1.0,CLIENT,7,2,100000,16,25,0,409,412,398,11,174,197,26060.80000000001,11,False,False

87,0,285.79975586039984,270.5142547954202,1.0,CLIENT,7,2,100000,16,36,0,392,394,384,8,175,174,37527.55200000002,11,False,False
87,1,-50.1416998364478,-487.7975852041888,1.0,CLIENT,7,2,100000,17,55,0,374,375,363,11,174,159,57333.76000000003,11,False,False
87,2,-255.93653640800923,276.5255347952717,1.0,CLIENT,7,2,100000,15,32,0,396,398,390,6,176,176,33357.824000000015,11,False,False
87,3,-206.34932790351607,305.9140147954247,1.0,CLIENT,7,2,100000,16,32,0,395,398,390,5,175,179,33357.824000000015,11,False,False
87,4,330.00049443162345,-253.46898520416147,1.0,CLIENT,7,2,100000,18,41,0,387,389,378,9,173,172,42739.71200000002,11,False,False
87,5,-119.21525545201139,100.75125479532147,1.0,CLIENT,7,2,100000,10,18,0,412,412,403,9,181,195,18763.776000000005,11,False,False
87,6,129.9881917591456,-497.9277052047149,1.0,CLIENT,7,2,100000,18,46,0,383,384,372,11,173,160,47951.872000000025,11,False,False
87,7,348.3778624393152,37.07621479551733,1.0,CLIENT,7,2,100000,20,32,0,398,398,390,8,171,180,33357.824000000015,11,False,False
87,8,-366.4383828346611,168.32249479557134,1.0,CLIENT,7,2,100000,13,36,0,393,394,386,7,178,172,37527.55200000002,11,False,False
87,9,-76.9156239169202,165.0942147958122,1.0,CLIENT,7,2,100000,20,40,0,387,390,381,6,171,171,41697.28000000002,11,False,False
87,10,320.8910232207153,37.96677479564181,1.0,CLIENT,7,2,100000,12,22,0,408,408,400,8,179,189,22933.504000000008,11,False,False
87,11,284.3739255841448,492.37501479528675,1.0,CLIENT,7,2,100000,16,40,0,388,390,379,9,175,164,41697.28000000002,11,False,False

88,0,-124.12644862652925,270.2916147959823,1.0,CLIENT,7,2,100000,16,37,0,407,407,389,18,175,176,38569.98400000002,11,False,False
88,1,-378.71636577095586,-334.84390520436335,1.0,CLIENT,7,2,100000,17,39,0,404,405,388,16,174,179,40654.84800000002,11,False,False
88,2,-171.02042216438764,-269.9443452044869,1.0,CLIENT,7,2,100000,15,32,0,409,412,394,15,176,190,33357.824000000015,11,False,False
88,3,-482.16827360870735,-302.3384652041702,1.0,CLIENT,7,2,100000,16,30,0,413,414,398,15,175,192,31272.960000000014,11,False,False
88,4,408.18352125809525,-476.10898520443357,1.0,CLIENT,7,2,100000,18,63,0,376,381,364,12,173,148,65673.21600000003,11,False,False
88,5,52.43886727730082,-376.47758520444825,1.0,CLIENT,7,2,100000,10,22,0,420,422,404,16,181,193,22933.504000000008,11,False,False
88,6,-220.84526904769382,180.23373479555545,1.0,CLIENT,7,2,100000,18,34,0,406,410,393,13,173,184,35442.68800000002,11,False,False
88,7,343.545882057735,84.38721479550594,1.0,CLIENT,7,2,100000,20,63,0,379,381,358,21,171,149,65673.21600000003,11,False,False
88,8,-482.96040154033534,-502.6031452047752,1.0,CLIENT,7,2,100000,13,33,0,408,411,391,17,178,174,34400.256000000016,11,False,False
88,9,-340.0605227200028,-47.638305204162634,1.0,CLIENT,7,2,100000,20,33,0,409,411,396,13,171,190,34400.256000000016,11,False,False
88,10,-105.66986782589986,-394.95670520446055,1.0,CLIENT,7,2,100000,12,22,0,421,422,403,18,179,190,22933.504000000008,11,False,False
88,11,-431.63051158727353,-23.70450520447548,1.0,CLIENT,7,2,100000,16,36,0,407,408,392,15,175,183,37527.55200000002,11,False,False

89,0,-344.6548647222071,-106.30394520474965,1.0,CLIENT,7,2,100000,16,34,0,403,404,396,7,175,193,35442.68800000002,11,False,False
89,1,-9.426324163486994,491.5957747956722,1.0,CLIENT,7,2,100000,17,46,0,390,392,385,5,174,170,47951.872000000025,11,False,False
89,2,-364.37885021321625,-416.88674520446085,1.0,CLIENT,7,2,100000,15,44,0,388,394,380,8,176,164,45867.00800000002,11,False,False
89,3,41.90356578957473,-163.29978520401568,1.0,CLIENT,7,2,100000,16,29,0,409,409,397,12,175,185,30230.528000000013,11,False,False
89,4,281.9975417898235,77.37405479581099,1.0,CLIENT,7,2,100000,18,30,0,408,408,397,11,173,185,31272.960000000014,11,False,False
89,5,102.97662929873451,131.80953479600447,1.0,CLIENT,7,2,100000,10,18,0,420,420,412,8,181,199,18763.776000000005,11,False,False
89,6,-395.1134139507031,188.13745479537488,1.0,CLIENT,7,2,100000,18,37,0,397,401,392,5,173,184,38569.98400000002,11,False,False
89,7,-465.137523084333,259.82753479550837,1.0,CLIENT,7,2,100000,20,38,0,400,400,393,7,171,172,39612.41600000002,11,False,False
89,8,461.09766707441304,278.0840147952918,1.0,CLIENT,7,2,100000,13,57,0,367,381,361,6,178,152,59418.62400000003,11,False,False
89,9,-383.94441011835005,-403.08306520450884,1.0,CLIENT,7,2,100000,20,49,0,383,389,377,6,171,164,51079.16800000003,11,False,False
89,10,50.69618582816942,231.88621479565654,1.0,CLIENT,7,2,100000,12,21,0,416,417,409,7,179,200,21891.072000000007,11,False,False
89,11,289.12669317222446,-151.4998652045415,1.0,CLIENT,7,2,100000,16,35,0,403,403,391,12,175,181,36485.12000000002,11,False,False

90,0,259.8179597115555,177.67337479569193,1.0,CLIENT,7,2,100000,16,24,0,447,449,442,5,174,213,25018.36800000001,11,False,False
90,1,-13.94145337219084,98.41353479568681,1.0,CLIENT,7,2,100000,17,33,0,440,440,430,10,173,205,34400.256000000016,11,False,False
90,2,241.91586846261544,151.51317479529808,1.0,CLIENT,7,2,100000,15,35,0,438,438,431,7,175,203,36485.12000000002,11,False,False
90,3,-455.86962628698654,-414.32638520459733,1.0,CLIENT,7,2,100000,16,58,0,405,415,395,10,174,175,60461.05600000003,11,False,False
90,4,215.77564672677005,84.05325479555813,1.0,CLIENT,7,2,100000,18,37,0,434,436,427,7,172,194,38569.98400000002,11,False,False
90,5,-49.98327425000962,-138.80938520415185,1.0,CLIENT,7,2,100000,10,20,0,453,453,443,10,180,224,20848.640000000007,11,False,False
90,6,218.1520305210913,334.96853479562986,1.0,CLIENT,7,2,100000,17,45,0,422,428,419,3,173,198,46909.440000000024,11,False,False
90,7,-330.3965619574052,-182.55814520443352,1.0,CLIENT,7,2,100000,20,54,0,419,419,408,11,170,191,56291.32800000003,11,False,False
90,8,-158.742439228093,-247.0124252046432,1.0,CLIENT,7,2,100000,13,36,0,437,437,426,11,177,208,37527.55200000002,11,False,False
90,9,352.3385020963297,149.7320547958401,1.0,CLIENT,7,2,100000,20,38,0,433,435,425,8,170,188,39612.41600000002,11,False,False
90,10,-355.82386855456025,-383.9360252046009,1.0,CLIENT,7,2,100000,12,49,0,422,424,410,12,178,183,51079.16800000003,11,False,False
90,11,364.3788466532485,414.67365479530173,1.0,CLIENT,7,2,100000,16,44,0,413,429,409,4,174,180,45867.00800000002,11,False,False

91,0,306.3950820765375,-254.248225204567,1.0,CLIENT,7,2,100000,16,35,0,420,421,414,6,175,194,36485.12000000002,11,False,False
91,1,-51.646742905640515,464.0997347954871,1.0,CLIENT,7,2,100000,17,45,0,408,411,403,5,174,187,46909.440000000024,11,False,False
91,2,101.31316064310361,121.34545479553054,1.0,CLIENT,7,2,100000,15,25,0,430,431,425,5,176,211,26060.80000000001,11,False,False
91,3,-425.8479776881901,397.9756547955384,1.0,CLIENT,7,2,100000,16,54,0,379,401,372,7,175,155,56291.32800000003,11,False,False
91,4,208.7257081378696,57.6704147957264,1.0,CLIENT,7,2,100000,18,27,0,429,429,422,7,173,208,28145.66400000001,11,False,False
91,5,259.89717250449314,315.2648947955453,1.0,CLIENT,7,2,100000,10,26,0,430,430,424,6,181,201,27103.23200000001,11,False,False
91,6,-13.783027785752664,179.56581479565983,1.0,CLIENT,7,2,100000,18,26,0,430,430,424,6,173,206,27103.23200000001,11,False,False
91,7,-144.24649808391524,-482.1202652042851,1.0,CLIENT,7,2,100000,20,58,0,397,398,392,5,171,160,60461.05600000003,11,False,False
91,8,420.77835536726633,-480.45046520454605,1.0,CLIENT,7,2,100000,13,58,0,380,395,374,6,178,162,60461.05600000003,11,False,False
91,9,-111.05633775916941,-52.09110520399406,1.0,CLIENT,7,2,100000,20,30,0,426,426,419,7,171,201,31272.960000000014,11,False,False
91,10,208.2504313791179,214.63161479571653,1.0,CLIENT,7,2,100000,12,34,0,419,422,417,2,179,201,35442.68800000002,11,False,False
91,11,-74.61845291553661,-147.38102520465787,1.0,CLIENT,7,2,100000,16,38,0,417,418,411,6,175,195,39612.41600000002,11,False,False

92,0,250.94612688002312,318.4931747953044,1.0,CLIENT,7,2,100000,16,31,0,451,451,437,14,175,201,32315.392000000014,11,False,False
92,1,144.88019686857453,487.69957479522645,1.0,CLIENT,7,2,100000,17,38,0,444,444,430,14,174,192,39612.41600000002,11,False,False
92,2,-420.93678451367214,438.7187747954988,1.0,CLIENT,7,2,100000,15,60,0,389,421,383,6,176,168,62545.920000000035,11,False,False
92,3,72.08363997537228,172.2186947952261,1.0,CLIENT,7,2,100000,16,28,0,454,454,442,12,175,215,29188.096000000012,11,False,False
92,4,279.70037078900276,-464.53170520439727,1.0,CLIENT,7,2,100000,18,45,0,426,437,413,13,173,188,46909.440000000024,11,False,False
92,5,-333.0105841305395,-16.91398520421842,1.0,CLIENT,7,2,100000,10,26,0,455,456,440,15,181,207,27103.23200000001,11,False,False
92,6,347.0312449559978,-438.48282520451335,1.0,CLIENT,7,2,100000,18,73,0,390,407,381,9,173,160,76097.53600000004,11,False,False
92,7,140.60270603924653,-345.4193052045562,1.0,CLIENT,7,2,100000,20,49,0,431,433,420,11,171,183,51079.16800000003,11,False,False
92,8,-151.6925006386297,41.75165479557762,1.0,CLIENT,7,2,100000,13,26,0,455,456,444,11,178,226,27103.23200000001,11,False,False
92,9,-342.6745448936999,376.93617479566257,1.0,CLIENT,7,2,100000,20,46,0,432,436,420,12,171,192,47951.872000000025,11,False,False
92,10,-130.6218976643032,299.6800947953443,1.0,CLIENT,7,2,100000,12,34,0,443,448,436,7,179,213,35442.68800000002,11,False,False
92,11,182.42706081614887,-91.16442520421543,1.0,CLIENT,7,2,100000,16,26,0,455,456,444,11,175,223,27103.23200000001,11,False,False

93,0,-371.42878880267955,497.9410147954715,1.0,CLIENT,7,2,100000,16,109,0,355,372,355,0,173,136,113625.08800000006,11,False,False
93,1,425.92718692116,-115.2095452044125,1.0,CLIENT,7,2,100000,17,29,0,453,454,451,2,172,220,30230.528000000013,11,False,False
93,2,-80.24256122874483,-412.0999852046816,1.0,CLIENT,7,2,100000,15,35,0,448,448,446,2,174,208,36485.12000000002,11,False,False
93,3,330.317345603937,-143.15086520426433,1.0,CLIENT,7,2,100000,16,31,0,452,452,450,2,173,213,32315.392000000014,11,False,False
93,4,454.91906920951544,-383.04546520447644,1.0,CLIENT,7,2,100000,18,63,0,386,419,385,1,171,174,65673.21600000003,11,False,False
93,5,197.39827871907832,171.43945479561154,1.0,CLIENT,7,2,100000,10,23,0,460,460,457,3,179,222,23975.93600000001,11,False,False
93,6,95.05534998526836,4.459454795605211,1.0,CLIENT,7,2,100000,17,34,0,449,449,447,2,172,217,35442.68800000002,11,False,False
93,7,241.20295332392507,-56.432585204106545,1.0,CLIENT,7,2,100000,20,38,0,445,445,443,2,169,218,39612.41600000002,11,False,False
93,8,190.66519130249137,-134.24526520460148,1.0,CLIENT,7,2,100000,13,27,0,456,456,454,2,176,225,28145.66400000001,11,False,False
93,9,174.0305047433682,-341.8570652040583,1.0,CLIENT,7,2,100000,19,41,0,442,442,440,2,170,226,42739.71200000002,11,False,False
93,10,270.03641002640524,-357.66450520448814,1.0,CLIENT,7,2,100000,12,19,0,458,464,456,2,177,226,19806.208000000006,11,False,False
93,11,-62.57810835861779,151.51317479529808,1.0,CLIENT,7,2,100000,16,34,0,448,449,447,1,173,210,35442.68800000002,11,False,False

94,0,-35.01205634708019,174.66773479537068,1.0,CLIENT,7,2,100000,16,23,0,435,435,399,36,175,195,23975.93600000001,11,False,False
94,1,-332.1392434059738,-218.40318520410477,1.0,CLIENT,7,2,100000,17,32,0,425,426,398,27,174,193,33357.824000000015,11,False,False
94,2,-328.8915188876496,400.98129479585964,1.0,CLIENT,7,2,100000,15,29,0,426,429,401,25,176,193,30230.528000000013,11,False,False
94,3,80.95547280690464,268.6218147954523,1.0,CLIENT,7,2,100000,16,31,0,425,427,397,28,175,180,32315.392000000014,11,False,False
94,4,-458.00837170193205,333.5213747953287,1.0,CLIENT,7,2,100000,18,42,0,410,416,387,23,173,179,43782.14400000002,11,False,False
94,5,477.7323536329734,-157.28850520416415,1.0,CLIENT,7,2,100000,10,43,0,402,415,380,22,181,170,44824.57600000002,11,False,False
94,6,437.17540354645075,15.591454795974755,1.0,CLIENT,7,2,100000,18,51,0,401,407,378,23,173,169,53164.03200000003,11,False,False
94,7,-82.22288105668925,-490.5805852042812,1.0,CLIENT,7,2,100000,20,41,0,411,417,388,23,171,173,42739.71200000002,11,False,False
94,8,274.7891776144849,202.72037479573243,1.0,CLIENT,7,2,100000,13,37,0,418,421,394,24,178,187,38569.98400000002,11,False,False
94,9,-388.85560329286784,-241.89170520412517,1.0,CLIENT,7,2,100000,20,43,0,414,415,386,28,171,178,44824.57600000002,11,False,False
94,10,-424.4221474113721,-408.76038520441256,1.0,CLIENT,7,2,100000,12,39,0,411,419,389,22,179,180,40654.84800000002,11,False,False
94,11,-488.42608426710535,464.54501479594484,1.0,CLIENT,7,2,100000,16,47,0,402,411,377,25,175,170,48994.304000000026,11,False,False

95,0,239.3018462889183,-464.75434520462613,1.0,CLIENT,7,2,100000,16,36,0,393,398,385,8,175,179,37527.55200000002,11,False,False
95,1,20.91217560818589,-201.48254520411257,1.0,CLIENT,7,2,100000,17,33,0,399,401,390,9,174,186,34400.256000000016,11,False,False
95,2,-262.511198238158,468.99781479577626,1.0,CLIENT,7,2,100000,15,50,0,380,384,367,13,176,160,52121.60000000003,11,False,False
95,3,-43.72546359217437,221.53345479569253,1.0,CLIENT,7,2,100000,16,23,0,411,411,398,13,175,193,23975.93600000001,11,False,False
95,4,183.9321038853416,461.09409479595683,1.0,CLIENT,7,2,100000,18,40,0,387,394,375,12,173,170,41697.28000000002,11,False,False
95,5,-426.6401056192552,-397.9623452039908,1.0,CLIENT,7,2,100000,10,42,0,386,392,377,9,181,166,43782.14400000002,11,False,False
95,6,286.67109658496554,-309.574265204094,1.0,CLIENT,7,2,100000,18,31,0,401,403,392,9,173,184,32315.392000000014,11,False,False
95,7,-98.61992923643658,-175.6563052044575,1.0,CLIENT,7,2,100000,20,35,0,397,399,387,10,171,182,36485.12000000002,11,False,False
95,8,-455.79041349404883,-399.7434652042398,1.0,CLIENT,7,2,100000,13,49,0,383,385,372,11,178,164,51079.16800000003,11,False,False
95,9,477.4947152535975,-69.457025204444,1.0,CLIENT,7,2,100000,20,40,0,393,394,380,13,171,172,41697.28000000002,11,False,False
95,10,37.071585408557375,-291.5404252045394,1.0,CLIENT,7,2,100000,12,21,0,411,413,402,9,179,200,21891.072000000007,11,False,False
95,11,183.06076316133874,362.0192947953572,1.0,CLIENT,7,2,100000,16,34,0,398,400,385,13,175,178,35442.68800000002,11,False,False

96,0,193.67527744143965,373.15129479572676,1.0,CLIENT,7,2,100000,16,29,0,403,403,398,5,174,192,30230.528000000013,11,False,False
96,1,286.1958198262139,243.9087747953596,1.0,CLIENT,7,2,100000,17,31,0,400,401,396,4,173,186,32315.392000000014,11,False,False
96,2,-270.6701159315628,-239.77662520471938,1.0,CLIENT,7,2,100000,15,47,0,383,385,379,4,175,168,48994.304000000026,11,False,False
96,3,116.36359133897072,-198.1429452046345,1.0,CLIENT,7,2,100000,16,31,0,400,401,393,7,174,180,32315.392000000014,11,False,False
96,4,333.72349570869926,159.7508547958563,1.0,CLIENT,7,2,100000,18,31,0,399,401,396,3,172,189,32315.392000000014,11,False,False
96,5,-277.32399055521205,-415.99618520433637,1.0,CLIENT,7,2,100000,10,60,0,370,372,366,4,180,151,62545.920000000035,11,False,False
96,6,206.27011155061066,253.0370147952513,1.0,CLIENT,7,2,100000,17,29,0,403,403,398,5,173,194,30230.528000000013,11,False,False
96,7,16.951535951171397,445.8432547957037,1.0,CLIENT,7,2,100000,20,49,0,382,383,377,5,170,164,51079.16800000003,11,False,False
96,8,449.05732251749424,51.43649479564601,1.0,CLIENT,7,2,100000,13,38,0,393,394,389,4,177,179,39612.41600000002,11,False,False
96,9,115.25461223502917,269.6236947952957,1.0,CLIENT,7,2,100000,20,28,0,404,404,399,5,170,187,29188.096000000012,11,False,False
96,10,-19.88241285771258,-179.32986520467438,1.0,CLIENT,7,2,100000,12,28,0,404,404,397,7,178,198,29188.096000000012,11,False,False
96,11,149.55375166371655,136.37365479555484,1.0,CLIENT,7,2,100000,16,31,0,401,401,396,5,174,199,32315.392000000014,11,False,False

97,0,-372.6961934924964,390.62853479589563,1.0,CLIENT,7,2,100000,16,45,0,423,426,404,18,175,182,46909.440000000024,11,False,False
97,1,391.1527707337209,426.1396147956191,1.0,CLIENT,7,2,100000,17,63,0,393,408,384,8,174,162,65673.21600000003,11,False,False
97,2,-71.52915398308781,-392.396345204597,1.0,CLIENT,7,2,100000,15,26,0,444,444,429,15,176,210,27103.23200000001,11,False,False
97,3,-241.9950848155208,292.4442947954205,1.0,CLIENT,7,2,100000,16,36,0,435,435,417,17,175,186,37527.55200000002,11,False,False
97,4,52.59729286317616,-155.06210520424844,1.0,CLIENT,7,2,100000,18,29,0,442,442,425,16,173,208,30230.528000000013,11,False,False
97,5,243.02484756655699,255.93133479585362,1.0,CLIENT,7,2,100000,10,25,0,446,446,430,15,181,207,26060.80000000001,11,False,False
97,6,-439.7102164871779,-440.1526252042524,1.0,CLIENT,7,2,100000,18,54,0,390,412,381,8,173,170,56291.32800000003,11,False,False
97,7,0.7129133584250837,-212.83718520471098,1.0,CLIENT,7,2,100000,20,43,0,427,428,411,15,171,204,44824.57600000002,11,False,False
97,8,-417.37220882247163,-207.2711852045262,1.0,CLIENT,7,2,100000,13,36,0,431,435,421,9,178,204,37527.55200000002,11,False,False
97,9,-347.82337644759355,-253.35766520444253,1.0,CLIENT,7,2,100000,20,36,0,433,435,421,11,171,204,37527.55200000002,11,False,False
97,10,437.9675314780788,-305.12146520426256,1.0,CLIENT,7,2,100000,12,43,0,425,428,407,17,179,190,44824.57600000002,11,False,False
97,11,210.3891767935005,-341.07782520444374,1.0,CLIENT,7,2,100000,16,34,0,436,437,420,15,175,203,35442.68800000002,11,False,False

98,0,451.8297702770667,410.3321747959802,1.0,CLIENT,7,2,100000,16,45,0,380,389,372,8,173,164,46909.440000000024,11,False,False
98,1,28.75424212871437,-100.40398520461707,1.0,CLIENT,7,2,100000,17,39,0,394,395,384,10,172,182,40654.84800000002,11,False,False
98,2,379.19163896973976,45.53653479551343,1.0,CLIENT,7,2,100000,15,26,0,408,408,395,13,174,190,27103.23200000001,11,False,False
98,3,-374.99336449388005,-326.9401852045439,1.0,CLIENT,7,2,100000,16,52,0,374,382,369,5,173,167,54206.46400000003,11,False,False
98,4,339.9813063665345,349.1061747955297,1.0,CLIENT,7,2,100000,18,33,0,400,401,391,9,171,181,34400.256000000016,11,False,False
98,5,-350.99188817298005,-32.49878520441939,1.0,CLIENT,7,2,100000,10,20,0,413,414,400,13,179,193,20848.640000000007,11,False,False
98,6,89.51045446556064,233.6673347959055,1.0,CLIENT,7,2,100000,16,40,0,393,394,384,9,173,195,41697.28000000002,11,False,False
98,7,105.51143867949395,310.9234147954328,1.0,CLIENT,7,2,100000,20,34,0,399,400,391,8,169,186,35442.68800000002,11,False,False
98,8,-122.38376717796069,-419.5584252040433,1.0,CLIENT,7,2,100000,13,43,0,389,391,379,10,176,171,44824.57600000002,11,False,False
98,9,51.80516493211096,346.87977479561397,1.0,CLIENT,7,2,100000,20,27,0,406,407,397,9,169,185,28145.66400000001,11,False,False
98,10,-326.9111990591424,-271.502825204507,1.0,CLIENT,7,2,100000,12,35,0,397,399,389,8,177,178,36485.12000000002,11,False,False
98,11,-154.54416119170264,467.8846147954229,1.0,CLIENT,7,2,100000,16,40,0,391,394,384,7,173,174,41697.28000000002,11,False,False

99,0,250.39163732833376,268.0652147952756,1.0,CLIENT,7,2,100000,16,29,0,447,450,425,22,174,206,30230.528000000013,11,False,False
99,1,121.98769965217895,281.42361479556087,1.0,CLIENT,7,2,100000,17,26,0,453,453,432,21,173,217,27103.23200000001,11,False,False
99,2,115.49225061440501,11.917894795757888,1.0,CLIENT,7,2,100000,15,26,0,451,453,434,17,175,214,27103.23200000001,11,False,False
99,3,468.7020952155657,198.8241747952867,1.0,CLIENT,7,2,100000,16,38,0,429,441,415,14,174,202,39612.41600000002,11,False,False
99,4,-492.86200068230875,457.5318547954589,1.0,CLIENT,7,2,100000,18,74,0,395,404,373,22,172,146,77139.96800000004,11,False,False
99,5,354.3980347177746,424.69245479531793,1.0,CLIENT,7,2,100000,10,34,0,423,442,409,14,180,192,35442.68800000002,11,False,False
99,6,270.19483561228054,478.90529479528254,1.0,CLIENT,7,2,100000,17,46,0,419,433,402,17,173,187,47951.872000000025,11,False,False
99,7,-145.9891795324838,-260.25950520441853,1.0,CLIENT,7,2,100000,20,41,0,436,438,417,19,170,203,42739.71200000002,11,False,False
99,8,168.40639643072282,-461.526065204076,1.0,CLIENT,7,2,100000,13,43,0,427,434,408,19,177,183,44824.57600000002,11,False,False
99,9,361.5271861001756,63.681694795577926,1.0,CLIENT,7,2,100000,20,37,0,439,442,424,15,170,208,38569.98400000002,11,False,False
99,10,151.37564590578563,-398.6302652046774,1.0,CLIENT,7,2,100000,12,27,0,451,452,428,23,178,199,28145.66400000001,11,False,False
99,11,-441.53211072924694,-474.9957852040802,1.0,CLIENT,7,2,100000,16,58,0,393,416,380,13,174,163,60461.05600000003,11,False,False

100,0,-357.56655000369165,374.04185479585124,1.0,CLIENT,7,2,100000,14,50,0,848,848,729,3,214,420,52121.60000000003,14,False,False
100,1,-18.06051861564351,-384.93790520444435,1.0,CLIENT,7,2,100000,17,58,0,839,840,722,1,211,415,60461.05600000003,14,False,False
100,2,-169.67380468107027,102.30973479534157,1.0,CLIENT,7,2,100000,12,41,0,849,849,737,4,216,478,42739.71200000002,14,False,False
100,3,-438.60123738323637,45.64785479523238,1.0,CLIENT,7,2,100000,14,36,0,856,856,744,2,214,433,37527.55200000002,14,False,False
100,4,155.25707276986245,-254.1369052040571,1.0,CLIENT,7,2,100000,17,51,0,845,845,729,2,211,417,53164.03200000003,14,False,False
100,5,-25.50652117035797,61.900574795328964,1.0,CLIENT,7,2,100000,10,31,0,860,860,748,3,219,487,32315.392000000014,14,False,False
100,6,-294.8300178383381,8.244334795541022,1.0,CLIENT,7,2,100000,14,50,0,841,841,730,2,214,477,52121.60000000003,14,False,False
100,7,10.060022948709126,-200.0353852046024,1.0,CLIENT,7,2,100000,20,62,0,831,831,717,3,208,459,64630.784000000036,14,False,False
100,8,-382.51857984153213,-248.9048652046111,1.0,CLIENT,7,2,100000,12,33,0,865,865,746,3,216,432,34400.256000000016,14,False,False
100,9,-55.924233734968524,331.85157479558967,1.0,CLIENT,7,2,100000,19,58,0,840,840,720,4,209,397,60461.05600000003,14,False,False
100,10,-489.9311273362981,347.2137347955618,1.0,CLIENT,7,2,100000,12,64,0,834,835,716,1,216,360,66715.64800000003,14,False,False
100,11,-194.22977055365956,-274.5084652040373,1.0,CLIENT,7,2,100000,16,52,0,842,843,728,1,212,425,54206.46400000003,14,False,False
100,12,332.9313677776341,-83.81730520457268,1.0,CLIENT,7,2,100000,19,62,0,831,831,717,3,210,377,64630.784000000036,14,False,False
100,13,-417.6098472018475,192.81289479543517,1.0,CLIENT,7,2,100000,19,61,0,835,835,719,2,209,424,63588.352000000035,14,False,False
100,14,276.61107185655396,-230.53706520431774,1.0,CLIENT,7,2,100000,16,73,0,822,823,707,1,213,398,76097.53600000004,14,False,False

101,0,257.67921429661004,-353.5456652046045,1.0,CLIENT,7,2,100000,16,57,0,901,902,739,2,207,416,59418.62400000003,14,False,False
101,1,43.09175768701678,80.04573479539346,1.0,CLIENT,7,2,100000,16,48,0,900,900,746,5,207,471,50036.736000000026,14,False,False
101,2,22.813282643755468,199.04681479551556,1.0,CLIENT,7,2,100000,13,45,0,914,914,749,5,210,470,46909.440000000024,14,False,False
101,3,76.59876918407612,-82.9267452044482,1.0,CLIENT,7,2,100000,13,39,0,910,910,755,5,209,535,40654.84800000002,14,False,False
101,4,68.59827707710947,202.83169479545137,1.0,CLIENT,7,2,100000,17,57,0,902,903,737,4,205,453,59418.62400000003,14,False,False
101,5,147.2565806628958,-431.6923052042563,1.0,CLIENT,7,2,100000,10,42,0,919,921,754,1,212,439,43782.14400000002,14,False,False
101,6,-233.4401031568648,-292.20834520443503,1.0,CLIENT,7,2,100000,15,46,0,911,911,749,4,208,461,47951.872000000025,14,False,False
101,7,-298.63223190891443,-110.75674520458108,1.0,CLIENT,7,2,100000,20,59,0,894,894,735,5,202,468,61503.488000000034,14,False,False
101,8,1.0297645307385934,-139.14334520409966,1.0,CLIENT,7,2,100000,11,30,0,913,913,764,5,212,530,31272.960000000014,14,False,False
101,9,356.0615033739683,-128.3453052044689,1.0,CLIENT,7,2,100000,19,61,0,897,897,734,4,203,421,63588.352000000035,14,False,False
101,10,-202.46790104000206,-289.75930520429046,1.0,CLIENT,7,2,100000,12,39,0,916,917,755,4,210,473,40654.84800000002,14,False,False
101,11,-291.3446549400753,53.77421479528067,1.0,CLIENT,7,2,100000,16,51,0,899,899,743,5,207,509,53164.03200000003,14,False,False
101,12,-429.57097896582866,363.9117347953251,1.0,CLIENT,7,2,100000,19,109,0,850,851,686,3,204,349,113625.08800000006,14,False,False
101,13,-48.7158695596299,-152.27910520415605,1.0,CLIENT,7,2,100000,19,63,0,885,885,733,4,204,486,65673.21600000003,14,False,False
101,14,-219.49865156437642,-49.419425204411596,1.0,CLIENT,7,2,100000,14,54,0,893,893,741,4,208,492,56291.32800000003,14,False,False

102,0,-329.68364681871486,-395.958585204304,1.0,CLIENT,7,2,100000,16,72,0,622,624,613,9,228,272,75055.10400000004,14,False,False
102,1,43.64624723870614,367.6966147952609,1.0,CLIENT,7,2,100000,17,35,0,661,661,651,10,227,343,36485.12000000002,14,False,False
102,2,94.34243484714084,-77.02678520431562,1.0,CLIENT,7,2,100000,14,32,0,664,664,651,13,230,350,33357.824000000015,14,False,False
102,3,-480.5048049530764,362.46457479581494,1.0,CLIENT,7,2,100000,16,57,0,606,637,599,7,228,281,59418.62400000003,14,False,False
102,4,-101.63001537538486,-249.57278520450672,1.0,CLIENT,7,2,100000,18,38,0,657,658,647,10,226,344,39612.41600000002,14,False,False
102,5,228.6081192153169,-484.9032652043775,1.0,CLIENT,7,2,100000,10,39,0,652,657,644,8,234,309,40654.84800000002,14,False,False
102,6,348.9323519915674,-38.510065204270916,1.0,CLIENT,7,2,100000,17,37,0,659,659,648,11,227,328,38569.98400000002,14,False,False
102,7,30.734561957221615,89.06265479556623,1.0,CLIENT,7,2,100000,20,56,0,640,640,627,13,224,356,58376.19200000003,14,False,False
102,8,190.90282968186722,472.7826947957121,1.0,CLIENT,7,2,100000,13,34,0,660,662,651,9,231,306,35442.68800000002,14,False,False
102,9,-252.37196071680873,386.3983747955021,1.0,CLIENT,7,2,100000,19,49,0,646,647,634,12,225,326,51079.16800000003,14,False,False
102,10,470.28635107825886,-391.9510652041393,1.0,CLIENT,7,2,100000,12,69,0,596,624,593,3,232,279,71927.80800000003,14,False,False
102,11,48.08216365447231,-21.03282520410204,1.0,CLIENT,7,2,100000,16,44,0,652,652,638,14,228,344,45867.00800000002,14,False,False
102,12,-440.7399827981818,249.80873479549217,1.0,CLIENT,7,2,100000,19,49,0,639,647,628,11,225,298,51079.16800000003,14,False,False
102,13,31.368264302411475,455.19413479582425,1.0,CLIENT,7,2,100000,20,51,0,643,645,634,9,224,308,53164.03200000003,14,False,False
102,14,272.25436823428834,-27.934665204078044,1.0,CLIENT,7,2,100000,17,34,0,662,662,652,10,227,343,35442.68800000002,14,False,False

103,0,-374.75572611450417,-163.7450652044734,1.0,CLIENT,7,2,100000,16,34,0,648,649,633,15,225,315,35442.68800000002,14,False,False
103,1,-495.634448442444,-140.47918520468187,1.0,CLIENT,7,2,100000,17,40,0,631,641,620,11,224,297,41697.28000000002,14,False,False
103,2,-378.3203018057046,-343.63818520430726,1.0,CLIENT,7,2,100000,14,62,0,597,620,584,13,227,261,64630.784000000036,14,False,False
103,3,207.77515461980337,79.71177479544565,1.0,CLIENT,7,2,100000,15,32,0,651,651,632,19,226,353,33357.824000000015,14,False,False
103,4,-61.2314908753004,228.3239747959496,1.0,CLIENT,7,2,100000,18,36,0,645,647,629,16,223,331,37527.55200000002,14,False,False
103,5,374.2804457952219,-109.08694520405106,1.0,CLIENT,7,2,100000,10,25,0,657,658,638,19,231,347,26060.80000000001,14,False,False
103,6,176.72373971000297,-212.50322520476317,1.0,CLIENT,7,2,100000,16,39,0,644,644,624,20,225,318,40654.84800000002,14,False,False
103,7,-6.574663610414044,220.30893479562025,1.0,CLIENT,7,2,100000,20,50,0,631,633,614,17,221,335,52121.60000000003,14,False,False
103,8,383.3107042131925,-187.12226520477486,1.0,CLIENT,7,2,100000,13,43,0,637,640,618,19,228,303,44824.57600000002,14,False,False
103,9,353.1306300273949,402.6510947955987,1.0,CLIENT,7,2,100000,19,60,0,620,623,607,13,222,295,62545.920000000035,14,False,False
103,10,-404.61894912742537,-296.8837852044953,1.0,CLIENT,7,2,100000,12,48,0,613,633,602,11,229,276,50036.736000000026,14,False,False
103,11,-424.34293461843447,129.24917479534997,1.0,CLIENT,7,2,100000,16,36,0,645,647,630,15,225,314,37527.55200000002,14,False,False
103,12,465.53358349017924,492.48633479579667,1.0,CLIENT,7,2,100000,19,73,0,576,608,565,11,222,252,76097.53600000004,14,False,False
103,13,-415.15425061458865,409.2189747956269,1.0,CLIENT,7,2,100000,20,65,0,616,618,600,16,221,270,67758.08000000003,14,False,False
103,14,261.7190667465622,15.25749479523597,1.0,CLIENT,7,2,100000,16,40,0,642,643,625,17,225,339,41697.28000000002,14,False,False

104,0,-233.36089036336432,463.87709479525824,1.0,CLIENT,7,2,100000,16,51,0,710,714,693,4,220,363,53164.03200000003,14,False,False
104,1,-404.85658750680113,-219.40506520473917,1.0,CLIENT,7,2,100000,17,42,0,723,723,702,8,219,364,43782.14400000002,14,False,False
104,2,-414.91661223521277,-149.16214520411586,1.0,CLIENT,7,2,100000,14,61,0,700,702,683,6,222,341,63588.352000000035,14,False,False
104,3,-27.9621177576169,-120.55290520436841,1.0,CLIENT,7,2,100000,14,40,0,720,721,704,7,222,440,41697.28000000002,14,False,False
104,4,16.000982433668025,105.76065479532957,1.0,CLIENT,7,2,100000,17,51,0,711,711,692,9,219,439,53164.03200000003,14,False,False
104,5,102.50135253998283,247.1370547959097,1.0,CLIENT,7,2,100000,10,32,0,732,733,711,8,226,461,33357.824000000015,14,False,False
104,6,-17.506029063391317,52.883654795947166,1.0,CLIENT,7,2,100000,15,47,0,716,717,696,8,221,448,48994.304000000026,14,False,False
104,7,-279.2250975902188,-110.42278520463327,1.0,CLIENT,7,2,100000,20,60,0,705,705,684,8,216,380,62545.920000000035,14,False,False
104,8,142.66223866069143,-374.25118520453253,1.0,CLIENT,7,2,100000,12,59,0,704,706,687,4,224,346,61503.488000000034,14,False,False
104,9,269.87798443996707,-388.945425204609,1.0,CLIENT,7,2,100000,19,67,0,696,698,679,4,217,332,69842.94400000003,14,False,False
104,10,-29.150309654496116,177.8960147959208,1.0,CLIENT,7,2,100000,12,37,0,727,727,707,8,224,463,38569.98400000002,14,False,False
104,11,245.63886973969124,165.76213479570782,1.0,CLIENT,7,2,100000,16,52,0,713,713,693,7,220,397,54206.46400000003,14,False,False
104,12,288.25535244765877,186.80161479558365,1.0,CLIENT,7,2,100000,18,47,0,717,717,696,9,218,405,48994.304000000026,14,False,False
104,13,195.81402285638507,249.2521347953155,1.0,CLIENT,7,2,100000,19,55,0,710,710,688,9,217,398,57333.76000000003,14,False,False
104,14,-290.9485909748241,417.1226947954463,1.0,CLIENT,7,2,100000,17,51,0,712,713,695,5,219,363,53164.03200000003,14,False,False

105,0,-393.29151970863404,-34.50254520410624,1.0,CLIENT,7,2,100000,16,32,0,575,575,563,12,230,285,33357.824000000015,14,False,False
105,1,-245.5596605067213,-259.70290520424186,1.0,CLIENT,7,2,100000,17,40,0,567,567,557,10,229,266,41697.28000000002,14,False,False
105,2,286.75030937846606,-130.90566520433242,1.0,CLIENT,7,2,100000,15,43,0,561,564,554,7,231,251,44824.57600000002,14,False,False
105,3,318.0393626676423,473.00533479594094,1.0,CLIENT,7,2,100000,16,46,0,556,561,549,7,230,248,47951.872000000025,14,False,False
105,4,357.9626104089751,-492.8069852041969,1.0,CLIENT,7,2,100000,18,80,0,523,527,516,7,228,219,83394.56000000004,14,False,False
105,5,242.4703580143048,43.087494795368855,1.0,CLIENT,7,2,100000,10,26,0,581,581,570,11,236,278,27103.23200000001,14,False,False
105,6,-170.3075070262601,410.10953479575136,1.0,CLIENT,7,2,100000,17,36,0,569,571,559,10,229,282,37527.55200000002,14,False,False
105,7,-169.3569535081939,347.3250547952807,1.0,CLIENT,7,2,100000,20,40,0,564,567,557,7,226,277,41697.28000000002,14,False,False
105,8,-327.3864758178941,-442.0450652042203,1.0,CLIENT,7,2,100000,13,48,0,553,559,544,9,233,252,50036.736000000026,14,False,False
105,9,-121.0371496946433,411.1114147955948,1.0,CLIENT,7,2,100000,19,41,0,563,565,555,8,227,274,42739.71200000002,14,False,False
105,10,-241.1237440909551,102.42105479585149,1.0,CLIENT,7,2,100000,12,26,0,581,581,571,10,234,305,27103.23200000001,14,False,False
105,11,-36.2002482439594,335.85909479575434,1.0,CLIENT,7,2,100000,16,33,0,573,574,565,8,230,281,34400.256000000016,14,False,False
105,12,-298.47380632247626,193.92609479578852,1.0,CLIENT,7,2,100000,20,40,0,566,567,557,9,226,280,41697.28000000002,14,False,False
105,13,-342.35769372082353,-236.1030652045025,1.0,CLIENT,7,2,100000,20,42,0,564,565,555,9,226,271,43782.14400000002,14,False,False
105,14,-112.32374244898628,-323.60058520427486,1.0,CLIENT,7,2,100000,17,34,0,571,573,563,8,229,290,35442.68800000002,14,False,False

106,0,59.88486983201529,344.5420547959793,1.0,CLIENT,7,2,100000,16,40,0,590,590,583,7,226,302,41697.28000000002,14,False,False
106,1,-292.6912724239555,132.58877479561903,1.0,CLIENT,7,2,100000,17,33,0,597,597,589,8,225,299,34400.256000000016,14,False,False
106,2,145.51389921376438,-36.17234520463626,1.0,CLIENT,7,2,100000,14,40,0,589,590,582,7,228,325,41697.28000000002,14,False,False
106,3,435.0366581320682,209.39957479547957,1.0,CLIENT,7,2,100000,16,36,0,590,594,585,5,226,299,37527.55200000002,14,False,False
106,4,411.98573532867164,-12.461185204386993,1.0,CLIENT,7,2,100000,18,37,0,593,593,586,7,224,315,38569.98400000002,14,False,False
106,5,157.95030773649722,197.2656947952666,1.0,CLIENT,7,2,100000,10,25,0,605,605,598,7,232,317,26060.80000000001,14,False,False
106,6,319.86125690971136,76.1495347957387,1.0,CLIENT,7,2,100000,15,56,0,573,574,567,6,227,297,58376.19200000003,14,False,False
106,7,-389.01402887930607,-173.4299052045418,1.0,CLIENT,7,2,100000,20,47,0,582,583,577,5,222,284,48994.304000000026,14,False,False
106,8,-452.3050505963489,62.34585479578669,1.0,CLIENT,7,2,100000,13,35,0,595,595,588,7,229,282,36485.12000000002,14,False,False
106,9,68.04378752542011,-409.2056652040793,1.0,CLIENT,7,2,100000,19,50,0,579,580,572,8,223,266,52121.60000000003,14,False,False
106,10,-237.3215300203788,-6.783865204483277,1.0,CLIENT,7,2,100000,12,31,0,597,599,593,5,230,309,32315.392000000014,14,False,False
106,11,-365.4878293171578,-344.52874520443174,1.0,CLIENT,7,2,100000,16,44,0,585,586,580,5,226,281,45867.00800000002,14,False,False
106,12,276.0565823048646,350.219374795883,1.0,CLIENT,7,2,100000,19,42,0,581,588,575,6,223,295,43782.14400000002,14,False,False
106,13,388.69717414646203,53.88553479579059,1.0,CLIENT,7,2,100000,20,56,0,574,574,567,7,222,294,58376.19200000003,14,False,False
106,14,-439.3933653148644,-434.69794520457754,1.0,CLIENT,7,2,100000,17,58,0,568,572,563,5,225,253,60461.05600000003,14,False,False

107,0,440.1062768930242,485.3618547955918,1.0,CLIENT,7,2,100000,16,57,0,601,608,591,8,227,251,59418.62400000003,14,False,False
107,1,-75.80664481297866,-471.99014520454995,1.0,CLIENT,7,2,100000,17,57,0,604,608,596,6,226,295,59418.62400000003,14,False,False
107,2,-319.0691325386139,-125.00570520419984,1.0,CLIENT,7,2,100000,14,50,0,614,615,607,5,229,311,52121.60000000003,14,False,False
107,3,31.60590268178732,182.68277479570003,1.0,CLIENT,7,2,100000,15,29,0,636,636,625,9,228,343,30230.528000000013,14,False,False
107,4,407.39139332703013,-175.6563052044575,1.0,CLIENT,7,2,100000,18,45,0,619,620,613,4,225,284,46909.440000000024,14,False,False
107,5,38.972692443564114,-172.87330520436512,1.0,CLIENT,7,2,100000,10,28,0,636,637,628,6,233,360,29188.096000000012,14,False,False
107,6,10.852150879774321,267.0633347954322,1.0,CLIENT,7,2,100000,17,36,0,629,629,620,7,226,333,37527.55200000002,14,False,False
107,7,-18.535795374395192,228.21265479543968,1.0,CLIENT,7,2,100000,20,53,0,612,612,602,8,223,314,55248.89600000003,14,False,False
107,8,-405.5695026449287,210.5127747958329,1.0,CLIENT,7,2,100000,13,38,0,626,627,620,4,230,312,39612.41600000002,14,False,False
107,9,81.35153677215581,253.9275747953758,1.0,CLIENT,7,2,100000,19,40,0,624,624,615,8,224,334,41697.28000000002,14,False,False
107,10,223.14243648854685,-392.2850252040871,1.0,CLIENT,7,2,100000,12,42,0,621,623,615,4,231,303,43782.14400000002,14,False,False
107,11,299.8204202458259,437.60557479593643,1.0,CLIENT,7,2,100000,16,42,0,623,623,613,8,227,305,43782.14400000002,14,False,False
107,12,205.31955803254445,-133.57734520470586,1.0,CLIENT,7,2,100000,19,41,0,622,623,617,4,224,323,42739.71200000002,14,False,False
107,13,-148.2863505338674,189.58461479567603,1.0,CLIENT,7,2,100000,20,43,0,622,622,614,6,223,313,44824.57600000002,14,False,False
107,14,-232.09348567354743,-392.73030520454483,1.0,CLIENT,7,2,100000,17,62,0,599,602,593,4,226,276,64630.784000000036,14,False,False

108,0,166.82214056802957,-2.2197452041419297,1.0,CLIENT,7,2,100000,15,41,0,607,609,602,5,228,333,42739.71200000002,14,False,False
108,1,191.06125526774255,-219.85034520440593,1.0,CLIENT,7,2,100000,17,34,0,616,616,610,6,226,319,35442.68800000002,14,False,False
108,2,405.09422232620926,-41.849665204539974,1.0,CLIENT,7,2,100000,15,31,0,618,619,613,5,228,316,32315.392000000014,14,False,False
108,3,475.6728210115284,-222.2993852045505,1.0,CLIENT,7,2,100000,16,50,0,589,599,582,7,227,268,52121.60000000003,14,False,False
108,4,192.2494471651846,262.27657479565295,1.0,CLIENT,7,2,100000,17,38,0,612,612,603,9,226,307,39612.41600000002,14,False,False
108,5,169.198524361788,426.1396147956191,1.0,CLIENT,7,2,100000,10,23,0,626,627,619,7,233,318,23975.93600000001,14,False,False
108,6,-41.50750538429128,-153.83758520417615,1.0,CLIENT,7,2,100000,17,35,0,614,615,609,5,226,313,36485.12000000002,14,False,False
108,7,-404.1436723681108,461.65069479534253,1.0,CLIENT,7,2,100000,20,80,0,560,570,552,8,223,229,83394.56000000004,14,False,False
108,8,489.4558470175787,364.02305479583504,1.0,CLIENT,7,2,100000,13,51,0,592,599,584,8,230,271,53164.03200000003,14,False,False
108,9,133.63198024328375,-309.9082252040418,1.0,CLIENT,7,2,100000,19,38,0,611,612,605,6,224,311,39612.41600000002,14,False,False
108,10,69.86568176748919,498.60893479536713,1.0,CLIENT,7,2,100000,12,35,0,614,615,607,7,231,286,36485.12000000002,14,False,False
108,11,490.4064005350821,0.5632547959504564,1.0,CLIENT,7,2,100000,16,46,0,601,604,595,6,227,286,47951.872000000025,14,False,False
108,12,-116.1259565195626,-116.10010520453699,1.0,CLIENT,7,2,100000,19,39,0,610,611,605,5,224,322,40654.84800000002,14,False,False
108,13,-95.60984309692545,129.02653479591208,1.0,CLIENT,7,2,100000,20,43,0,607,607,597,10,223,314,44824.57600000002,14,False,False
108,14,-396.8560953998345,-275.62166520439064,1.0,CLIENT,7,2,100000,17,66,0,580,583,575,5,226,254,68800.51200000003,14,False,False

109,0,377.1321063482949,-347.31174520452413,1.0,CLIENT,7,2,100000,16,44,0,627,629,611,12,227,289,45867.00800000002,14,False,False
109,1,-468.06839643034357,-193.801465204522,1.0,CLIENT,7,2,100000,17,43,0,629,631,611,13,226,305,44824.57600000002,14,False,False
109,2,389.72694045746584,-405.1981452047056,1.0,CLIENT,7,2,100000,14,43,0,630,630,612,14,229,294,44824.57600000002,14,False,False
109,3,-302.0383820136767,182.9054147959289,1.0,CLIENT,7,2,100000,16,35,0,638,639,621,12,227,333,36485.12000000002,14,False,False
109,4,-244.13383023046623,8.912254795436638,1.0,CLIENT,7,2,100000,17,44,0,630,630,612,13,226,328,45867.00800000002,14,False,False
109,5,325.0100884636051,395.192654795446,1.0,CLIENT,7,2,100000,10,70,0,601,604,584,12,233,267,72970.24000000003,14,False,False
109,6,-39.52718555578404,-453.84498520448545,1.0,CLIENT,7,2,100000,16,46,0,627,628,609,13,227,306,47951.872000000025,14,False,False
109,7,309.32595542254813,175.66961479600508,1.0,CLIENT,7,2,100000,20,47,0,626,627,608,13,223,293,48994.304000000026,14,False,False
109,8,129.27527662045523,-311.8006652040097,1.0,CLIENT,7,2,100000,13,34,0,636,639,620,12,230,336,35442.68800000002,14,False,False
109,9,-105.59065503239935,-256.4746252044827,1.0,CLIENT,7,2,100000,19,46,0,627,627,608,15,224,349,47951.872000000025,14,False,False
109,10,-52.122019664392205,19.821614795577318,1.0,CLIENT,7,2,100000,12,35,0,638,639,620,13,231,352,36485.12000000002,14,False,False
109,11,-72.47970750115402,-465.08830520457394,1.0,CLIENT,7,2,100000,16,39,0,633,635,616,12,227,303,40654.84800000002,14,False,False
109,12,417.0553540896276,-369.01914520429557,1.0,CLIENT,7,2,100000,20,42,0,631,632,614,13,223,286,43782.14400000002,14,False,False
109,13,-280.41328948709804,134.03593479592018,1.0,CLIENT,7,2,100000,20,54,0,618,619,601,13,223,317,56291.32800000003,14,False,False
109,14,-446.205665524389,-150.2753452044692,1.0,CLIENT,7,2,100000,17,47,0,623,627,606,12,226,313,48994.304000000026,14,False,False

110,0,-211.18130828509626,-41.849665204539974,1.0,CLIENT,7,2,100000,15,42,0,652,652,631,6,227,367,43782.14400000002,14,False,False
110,1,-457.29545656380446,228.76925479561635,1.0,CLIENT,7,2,100000,17,61,0,622,634,601,5,225,282,63588.352000000035,14,False,False
110,2,-150.5043087417505,-500.0427852041207,1.0,CLIENT,7,2,100000,14,50,0,642,645,623,3,228,320,52121.60000000003,14,False,False
110,3,-107.80861324028244,-256.8085852044305,1.0,CLIENT,7,2,100000,16,37,0,657,658,637,4,226,363,38569.98400000002,14,False,False
110,4,-170.3867198191978,-299.77810520430666,1.0,CLIENT,7,2,100000,17,39,0,655,656,635,4,225,334,40654.84800000002,14,False,False
110,5,-81.35154033212355,345.54393479582274,1.0,CLIENT,7,2,100000,10,25,0,670,670,648,6,232,351,26060.80000000001,14,False,False
110,6,454.602218037202,-411.7660252047338,1.0,CLIENT,7,2,100000,18,77,0,610,618,592,2,224,256,80267.26400000004,14,False,False
110,7,-9.426324163486994,81.60421479541355,1.0,CLIENT,7,2,100000,20,50,0,643,643,624,5,222,352,52121.60000000003,14,False,False
110,8,257.4415759172342,201.16189479571233,1.0,CLIENT,7,2,100000,13,29,0,665,665,643,7,229,333,30230.528000000013,14,False,False
110,9,26.9323478866453,252.92569479553237,1.0,CLIENT,7,2,100000,19,37,0,656,656,636,6,223,353,38569.98400000002,14,False,False
110,10,377.1321063482949,389.1813747955945,1.0,CLIENT,7,2,100000,12,57,0,634,638,611,7,230,288,59418.62400000003,14,False,False
110,11,-329.68364681871486,-301.33658520432675,1.0,CLIENT,7,2,100000,16,43,0,650,650,632,4,226,341,44824.57600000002,14,False,False
110,12,-340.7734378581303,78.59857479588328,1.0,CLIENT,7,2,100000,19,40,0,651,651,634,5,224,352,41697.28000000002,14,False,False
110,13,41.66592741019889,-491.2485052041768,1.0,CLIENT,7,2,100000,20,50,0,640,642,624,3,222,314,52121.60000000003,14,False,False
110,14,53.15178241542835,360.2381747958992,1.0,CLIENT,7,2,100000,17,42,0,651,652,632,4,225,314,43782.14400000002,14,False,False

111,0,184.8826574034078,275.6349747959382,1.0,CLIENT,7,2,100000,16,48,0,596,598,581,15,229,298,50036.736000000026,14,False,False
111,1,-87.29249981764528,171.6620947958404,1.0,CLIENT,7,2,100000,17,40,0,606,606,592,14,228,318,41697.28000000002,14,False,False
111,2,-112.56138082836213,283.7613347959865,1.0,CLIENT,7,2,100000,14,32,0,613,614,599,14,231,318,33357.824000000015,14,False,False
111,3,-265.75892275704496,205.05809479536708,1.0,CLIENT,7,2,100000,16,39,0,606,607,592,14,229,293,40654.84800000002,14,False,False
111,4,-414.91661223521277,-26.93278520423462,1.0,CLIENT,7,2,100000,18,45,0,599,601,584,15,227,287,46909.440000000024,14,False,False
111,5,-265.1252204118551,115.55681479590788,1.0,CLIENT,7,2,100000,10,20,0,625,626,611,14,235,312,20848.640000000007,14,False,False
111,6,460.0679007634092,-258.8123452041174,1.0,CLIENT,7,2,100000,17,64,0,579,582,568,11,228,265,66715.64800000003,14,False,False
111,7,389.0140253187755,-452.954425204361,1.0,CLIENT,7,2,100000,20,73,0,569,573,557,12,225,251,76097.53600000004,14,False,False
111,8,160.3266915308185,-58.10238520463656,1.0,CLIENT,7,2,100000,13,26,0,620,620,601,19,232,326,27103.23200000001,14,False,False
111,9,242.3119324278666,337.08361479582663,1.0,CLIENT,7,2,100000,19,49,0,597,597,581,16,226,289,51079.16800000003,14,False,False
111,10,351.30873578532584,-270.27830520443473,1.0,CLIENT,7,2,100000,12,41,0,602,605,591,11,233,290,42739.71200000002,14,False,False
111,11,355.1109498559021,26.50081479532446,1.0,CLIENT,7,2,100000,16,37,0,609,609,592,17,229,318,38569.98400000002,14,False,False
111,12,-152.5638413631954,-257.14254520437834,1.0,CLIENT,7,2,100000,19,40,0,605,606,589,16,226,274,41697.28000000002,14,False,False
111,13,-418.7980390987268,-249.79542520473558,1.0,CLIENT,7,2,100000,21,59,0,585,587,570,15,224,258,61503.488000000034,14,False,False
111,14,142.5038130748161,431.92825479524174,1.0,CLIENT,7,2,100000,17,33,0,611,613,596,15,228,289,34400.256000000016,14,False,False

112,0,-270.51169034512463,-111.86994520414345,1.0,CLIENT,7,2,100000,14,42,0,819,819,737,10,216,445,43782.14400000002,14,False,False
112,1,-60.75621411654872,407.1038947954301,1.0,CLIENT,7,2,100000,17,52,0,811,812,729,7,213,420,54206.46400000003,14,False,False
112,2,-290.8693781813236,82.27213479530917,1.0,CLIENT,7,2,100000,14,41,0,821,821,735,14,217,448,42739.71200000002,14,False,False
112,3,103.68954443742489,308.808334795236,1.0,CLIENT,7,2,100000,14,42,0,821,821,740,7,216,447,43782.14400000002,14,False,False
112,4,-256.49102595969856,287.5462147959223,1.0,CLIENT,7,2,100000,17,51,0,807,807,729,9,213,440,53164.03200000003,14,False,False
112,5,157.95030773649722,296.3404947958662,1.0,CLIENT,7,2,100000,10,31,0,831,831,750,8,220,480,32315.392000000014,14,False,False
112,6,-1.5842576429585136,222.20137479558815,1.0,CLIENT,7,2,100000,15,46,0,813,814,736,6,216,483,47951.872000000025,14,False,False
112,7,82.30209029022203,-331.949585204552,1.0,CLIENT,7,2,100000,20,51,0,813,813,729,9,210,420,53164.03200000003,14,False,False
112,8,365.2501873778142,154.51881479561933,1.0,CLIENT,7,2,100000,13,39,0,823,826,742,5,217,401,40654.84800000002,14,False,False
112,9,-144.16728529041472,317.04601479579424,1.0,CLIENT,7,2,100000,19,60,0,799,800,720,8,212,455,62545.920000000035,14,False,False
112,10,418.798035538759,-85.15314520436391,1.0,CLIENT,7,2,100000,12,53,0,811,811,727,9,218,367,55248.89600000003,14,False,False
112,11,287.3047989301554,-462.9732252043772,1.0,CLIENT,7,2,100000,16,91,0,773,777,686,8,214,338,94861.31200000005,14,False,False
112,12,30.33849799197044,69.80429479593937,1.0,CLIENT,7,2,100000,17,60,0,802,802,719,10,213,480,62545.920000000035,14,False,False
112,13,-191.4573227935243,-339.2967052041948,1.0,CLIENT,7,2,100000,20,73,0,788,790,707,7,210,361,76097.53600000004,14,False,False
112,14,-232.6479752252368,436.8263347955309,1.0,CLIENT,7,2,100000,15,58,0,802,808,721,4,215,422,60461.05600000003,14,False,False

113,0,100.52103271147558,-493.6975452043214,1.0,CLIENT,7,2,100000,16,57,0,653,656,644,9,224,329,59418.62400000003,14,False,False
113,1,-113.03665758767666,184.90917479561574,1.0,CLIENT,7,2,100000,17,39,0,674,674,667,7,223,374,40654.84800000002,14,False,False
113,2,-385.8455171533568,211.84861479562414,1.0,CLIENT,7,2,100000,14,30,0,682,683,672,10,226,358,31272.960000000014,14,False,False
113,3,133.3151290704074,157.74709479537847,1.0,CLIENT,7,2,100000,16,41,0,671,672,664,7,224,343,42739.71200000002,14,False,False
113,4,49.74563231066605,-456.96194520452565,1.0,CLIENT,7,2,100000,17,52,0,660,661,652,8,223,332,54206.46400000003,14,False,False
113,5,-428.77885103420067,-385.0492252041633,1.0,CLIENT,7,2,100000,10,41,0,671,672,663,8,230,303,42739.71200000002,14,False,False
113,6,68.20221311129545,259.6048947952795,1.0,CLIENT,7,2,100000,17,44,0,667,669,660,7,223,345,45867.00800000002,14,False,False
113,7,-241.9950848155208,17.038614795484932,1.0,CLIENT,7,2,100000,20,52,0,661,661,653,8,220,367,54206.46400000003,14,False,False
113,8,-341.88241696207183,416.34345479583175,1.0,CLIENT,7,2,100000,13,55,0,642,658,635,7,227,297,57333.76000000003,14,False,False
113,9,2.059530841742471,-440.9318652046579,1.0,CLIENT,7,2,100000,19,48,0,664,665,656,8,221,337,50036.736000000026,14,False,False
113,10,148.84083652558903,28.949854795469037,1.0,CLIENT,7,2,100000,12,41,0,671,672,664,7,228,379,42739.71200000002,14,False,False
113,11,-436.7793431411673,-143.15086520426433,1.0,CLIENT,7,2,100000,16,45,0,668,668,658,10,224,316,46909.440000000024,14,False,False
113,12,22.654857057317294,-47.638305204162634,1.0,CLIENT,7,2,100000,17,49,0,662,664,655,7,223,386,51079.16800000003,14,False,False
113,13,-335.4661807177984,-12.572505204105937,1.0,CLIENT,7,2,100000,19,54,0,658,659,649,9,221,367,56291.32800000003,14,False,False
113,14,435.1158709250059,-416.664105204232,1.0,CLIENT,7,2,100000,17,65,0,639,648,631,8,223,305,67758.08000000003,14,False,False

114,0,-129.98819531911334,417.34533479567517,1.0,CLIENT,7,2,100000,16,42,0,651,651,635,7,226,335,43782.14400000002,14,False,False
114,1,-466.08807660183635,366.24945479575075,1.0,CLIENT,7,2,100000,17,58,0,632,635,614,9,225,307,60461.05600000003,14,False,False
114,2,-115.17540300205923,-128.12266520424004,1.0,CLIENT,7,2,100000,14,39,0,653,654,637,8,228,358,40654.84800000002,14,False,False
114,3,101.4715862295418,-380.26246520438406,1.0,CLIENT,7,2,100000,16,37,0,654,655,640,6,226,320,38569.98400000002,14,False,False
114,4,236.13333456353186,-390.83786520457693,1.0,CLIENT,7,2,100000,18,63,0,628,630,613,6,224,296,65673.21600000003,14,False,False
114,5,190.26912733667734,-172.76198520464618,1.0,CLIENT,7,2,100000,10,24,0,666,666,653,7,232,348,25018.36800000001,14,False,False
114,6,-357.56655000369165,12.80845479588237,1.0,CLIENT,7,2,100000,15,42,0,651,651,636,6,227,341,43782.14400000002,14,False,False
114,7,338.79311446965534,453.0790547956275,1.0,CLIENT,7,2,100000,20,76,0,610,617,598,4,222,260,79224.83200000004,14,False,False
114,8,-82.38130664312742,-349.7607852046687,1.0,CLIENT,7,2,100000,13,35,0,655,655,642,7,229,321,36485.12000000002,14,False,False
114,9,-147.57343539573986,-468.76186520399983,1.0,CLIENT,7,2,100000,19,52,0,638,641,625,4,223,315,54206.46400000003,14,False,False
114,10,-3.723003057341095,394.41341479583144,1.0,CLIENT,7,2,100000,12,32,0,659,659,644,8,230,340,33357.824000000015,14,False,False
114,11,-364.29963742027854,248.13893479575313,1.0,CLIENT,7,2,100000,16,47,0,646,646,629,8,226,338,48994.304000000026,14,False,False
114,12,-137.4341978738278,465.10161479533053,1.0,CLIENT,7,2,100000,19,55,0,637,638,622,6,223,326,57333.76000000003,14,False,False
114,13,-89.66888361196655,-223.41258520411287,1.0,CLIENT,7,2,100000,20,44,0,648,649,633,6,222,338,45867.00800000002,14,False,False
114,14,163.65362884264312,144.05473479593638,1.0,CLIENT,7,2,100000,17,38,0,655,655,638,8,225,349,39612.41600000002,14,False,False

115,0,-68.75670622351538,-495.2560252043415,1.0,CLIENT,7,2,100000,16,35,0,634,634,620,14,229,274,36485.12000000002,14,False,False
115,1,7.842064740826037,341.53641479565806,1.0,CLIENT,7,2,100000,17,39,0,626,630,617,9,228,324,40654.84800000002,14,False,False
115,2,308.0585507321684,-462.5279452047104,1.0,CLIENT,7,2,100000,15,47,0,620,622,610,10,230,282,48994.304000000026,14,False,False
115,3,423.07552636808697,236.00505479554016,1.0,CLIENT,7,2,100000,16,42,0,626,627,615,11,229,288,43782.14400000002,14,False,False
115,4,255.30283050285163,-357.33054520454033,1.0,CLIENT,7,2,100000,18,35,0,633,634,621,12,227,331,36485.12000000002,14,False,False
115,5,195.89323564932275,-10.680065204138032,1.0,CLIENT,7,2,100000,10,24,0,644,645,631,13,235,343,25018.36800000001,14,False,False
115,6,-268.6897961030556,22.270654795721896,1.0,CLIENT,7,2,100000,17,39,0,629,630,619,10,228,317,40654.84800000002,14,False,False
115,7,304.89003900678193,357.232534795578,1.0,CLIENT,7,2,100000,20,49,0,619,620,608,11,225,302,51079.16800000003,14,False,False
115,8,370.7158701040214,-480.0051852040883,1.0,CLIENT,7,2,100000,13,37,0,624,632,611,13,232,298,38569.98400000002,14,False,False
115,9,395.27183597717357,23.161214795846377,1.0,CLIENT,7,2,100000,19,51,0,618,618,604,14,226,300,53164.03200000003,14,False,False
115,10,-279.7003743489705,180.79033479573212,1.0,CLIENT,7,2,100000,12,35,0,630,634,623,7,233,327,36485.12000000002,14,False,False
115,11,-473.5340791571136,203.2769747959091,1.0,CLIENT,7,2,100000,16,74,0,580,595,568,12,229,258,77139.96800000004,14,False,False
115,12,432.58106154480924,-460.07890520456584,1.0,CLIENT,7,2,100000,19,72,0,585,596,571,14,226,264,75055.10400000004,14,False,False
115,13,-12.67404868181112,109.3228947958275,1.0,CLIENT,7,2,100000,20,48,0,621,621,607,14,225,320,50036.736000000026,14,False,False
115,14,-37.30922734790094,439.2753747956755,1.0,CLIENT,7,2,100000,17,42,0,626,627,615,11,228,320,43782.14400000002,14,False,False

116,0,-23.05092458309904,-207.2711852045262,1.0,CLIENT,7,2,100000,14,48,0,846,846,760,0,212,526,50036.736000000026,14,False,False
116,1,252.13431877690232,-410.4301852041516,1.0,CLIENT,7,2,100000,17,54,0,847,847,754,0,208,443,56291.32800000003,14,False,False
116,2,197.7943426848923,462.8752147954148,1.0,CLIENT,7,2,100000,14,121,0,780,780,687,0,211,363,126134.27200000007,14,False,False
116,3,187.4174667836044,-408.5377452041837,1.0,CLIENT,7,2,100000,14,39,0,863,863,769,0,211,468,40654.84800000002,14,False,False
116,4,1.9011052553042957,-316.2534652046321,1.0,CLIENT,7,2,100000,17,46,0,840,840,762,0,209,514,47951.872000000025,14,False,False
116,5,-474.88069664043104,166.54137479532238,1.0,CLIENT,7,2,100000,10,43,0,859,859,765,0,215,416,44824.57600000002,14,False,False
116,6,-271.69988224200387,-23.815825204194425,1.0,CLIENT,7,2,100000,15,50,0,854,854,758,0,210,463,52121.60000000003,14,False,False
116,7,62.182040832836044,-483.23346520463843,1.0,CLIENT,7,2,100000,20,54,0,842,844,752,0,205,448,56291.32800000003,14,False,False
116,8,327.38647225792636,-168.0865452045859,1.0,CLIENT,7,2,100000,11,37,0,864,864,771,0,214,482,38569.98400000002,14,False,False
116,9,-59.884873391983014,-101.85114520412725,1.0,CLIENT,7,2,100000,18,58,0,843,843,750,0,207,500,60461.05600000003,14,False,False
116,10,-128.0078754906061,60.45341479581879,1.0,CLIENT,7,2,100000,12,34,0,861,861,774,0,213,502,35442.68800000002,14,False,False
116,11,271.8583042684743,-393.1755852042116,1.0,CLIENT,7,2,100000,16,57,0,838,838,751,0,209,453,59418.62400000003,14,False,False
116,12,-73.03419705284338,119.3416947958437,1.0,CLIENT,7,2,100000,17,53,0,839,839,755,0,209,495,55248.89600000003,14,False,False
116,13,-363.6659350750887,-17.693225204623957,1.0,CLIENT,7,2,100000,19,58,0,844,844,750,0,206,455,60461.05600000003,14,False,False
116,14,-152.32620298381957,-247.79166520425775,1.0,CLIENT,7,2,100000,14,56,0,834,834,752,0,211,513,58376.19200000003,14,False,False

117,0,-226.78622853321554,93.62677479590758,1.0,CLIENT,7,2,100000,16,38,0,574,575,552,22,231,252,39612.41600000002,14,False,False
117,1,-190.42755648308326,472.11477479581646,1.0,CLIENT,7,2,100000,17,59,0,551,554,535,16,230,244,61503.488000000034,14,False,False
117,2,344.5756483687389,501.9485347956362,1.0,CLIENT,7,2,100000,15,43,0,559,570,547,12,232,255,44824.57600000002,14,False,False
117,3,372.5377643466534,-110.75674520458108,1.0,CLIENT,7,2,100000,16,31,0,581,582,559,22,231,288,32315.392000000014,14,False,False
117,4,126.8196800331963,-401.19062520454094,1.0,CLIENT,7,2,100000,18,43,0,569,570,551,18,229,278,44824.57600000002,14,False,False
117,5,-71.44994119015014,305.46873479575794,1.0,CLIENT,7,2,100000,10,31,0,580,582,564,16,237,279,32315.392000000014,14,False,False
117,6,358.6755255471026,35.96301479595496,1.0,CLIENT,7,2,100000,18,31,0,582,582,562,20,229,275,32315.392000000014,14,False,False
117,7,432.42263595837113,428.58865479576366,1.0,CLIENT,7,2,100000,20,46,0,559,567,542,17,227,249,47951.872000000025,14,False,False
117,8,425.68954854178406,-249.68410520422566,1.0,CLIENT,7,2,100000,13,28,0,584,585,560,24,234,274,29188.096000000012,14,False,False
117,9,15.208854502602831,491.48445479595324,1.0,CLIENT,7,2,100000,20,46,0,565,567,548,17,227,266,47951.872000000025,14,False,False
117,10,230.50922625032362,-395.847265204585,1.0,CLIENT,7,2,100000,12,40,0,569,573,554,15,235,279,41697.28000000002,14,False,False
117,11,407.4706061199678,-93.2795052044122,1.0,CLIENT,7,2,100000,16,39,0,573,574,554,19,231,272,40654.84800000002,14,False,False
117,12,291.50307696654573,-376.5889052041672,1.0,CLIENT,7,2,100000,19,37,0,574,576,557,17,228,283,38569.98400000002,14,False,False
117,13,65.58819093816119,-454.17894520443326,1.0,CLIENT,7,2,100000,20,42,0,568,571,551,17,227,268,43782.14400000002,14,False,False
117,14,-301.08782849617336,-398.1849852042197,1.0,CLIENT,7,2,100000,17,59,0,532,553,516,16,230,221,61503.488000000034,14,False,False

118,0,-387.7466241889263,441.39045479587224,1.0,CLIENT,7,2,100000,16,45,0,678,680,665,13,225,316,46909.440000000024,14,False,False
118,1,77.5493227015795,139.60193479531398,1.0,CLIENT,7,2,100000,17,32,0,693,693,682,11,224,388,33357.824000000015,14,False,False
118,2,-72.40049470765352,260.6067747959139,1.0,CLIENT,7,2,100000,14,26,0,698,699,688,10,227,392,27103.23200000001,14,False,False
118,3,179.02091071082373,-29.715785204327005,1.0,CLIENT,7,2,100000,14,33,0,691,692,681,10,227,377,34400.256000000016,14,False,False
118,4,-475.98967574437256,497.2730947955759,1.0,CLIENT,7,2,100000,18,55,0,668,670,654,14,223,295,57333.76000000003,14,False,False
118,5,-486.52497723153584,-473.1033452041123,1.0,CLIENT,7,2,100000,10,70,0,584,643,577,7,229,247,72970.24000000003,14,False,False
118,6,350.19975668138426,184.57521479566793,1.0,CLIENT,7,2,100000,15,51,0,668,674,660,8,226,390,53164.03200000003,14,False,False
118,7,314.237148597066,317.491294795461,1.0,CLIENT,7,2,100000,20,52,0,645,672,636,9,221,348,54206.46400000003,14,False,False
118,8,86.183517153736,341.87037479560587,1.0,CLIENT,7,2,100000,13,22,0,701,703,689,12,228,401,22933.504000000008,14,False,False
118,9,120.08659261660937,-43.18550520433121,1.0,CLIENT,7,2,100000,19,45,0,680,680,666,14,222,377,46909.440000000024,14,False,False
118,10,-490.3271913021121,-478.55802520457814,1.0,CLIENT,7,2,100000,12,75,0,577,635,573,4,228,249,78182.40000000004,14,False,False
118,11,-353.60591034667715,147.39433479541447,1.0,CLIENT,7,2,100000,16,34,0,691,691,680,11,225,358,35442.68800000002,14,False,False
118,12,-316.613535951355,42.75353479542105,1.0,CLIENT,7,2,100000,20,33,0,692,692,680,12,221,348,34400.256000000016,14,False,False
118,13,197.87355547783,-68.12118520465276,1.0,CLIENT,7,2,100000,20,53,0,672,672,660,12,221,359,55248.89600000003,14,False,False
118,14,493.0996355017169,415.45289479570727,1.0,CLIENT,7,2,100000,17,99,0,528,610,526,2,222,225,103200.76800000005,14,False,False

119,0,117.63099602935044,-403.3057052047377,1.0,CLIENT,7,2,100000,16,47,0,592,592,579,13,230,274,48994.304000000026,14,False,False
119,1,-43.80467638511204,240.68049479560045,1.0,CLIENT,7,2,100000,17,37,0,602,603,590,12,229,312,38569.98400000002,14,False,False
119,2,-200.249942832119,10.916014795914464,1.0,CLIENT,7,2,100000,15,25,0,615,615,601,13,231,323,26060.80000000001,14,False,False
119,3,345.0509251274906,485.91845479576847,1.0,CLIENT,7,2,100000,16,43,0,595,597,583,11,230,284,44824.57600000002,14,False,False
119,4,390.915132354345,-1.7744652044751774,1.0,CLIENT,7,2,100000,18,34,0,606,606,593,12,228,291,35442.68800000002,14,False,False
119,5,-113.43272155292783,-244.56338520449862,1.0,CLIENT,7,2,100000,10,23,0,616,617,603,12,236,305,23975.93600000001,14,False,False
119,6,451.0376423460015,383.83801479563857,1.0,CLIENT,7,2,100000,17,52,0,582,588,572,9,229,262,54206.46400000003,14,False,False
119,7,-105.51144223946169,368.8098147956143,1.0,CLIENT,7,2,100000,20,40,0,599,600,588,10,226,293,41697.28000000002,14,False,False
119,8,470.36556387119657,439.9432947955711,1.0,CLIENT,7,2,100000,13,47,0,586,593,575,11,233,281,48994.304000000026,14,False,False
119,9,487.07946322325745,-401.52458520448874,1.0,CLIENT,7,2,100000,20,86,0,546,554,533,12,226,237,89649.15200000005,14,False,False
119,10,-416.89693206372004,-264.37834520430215,1.0,CLIENT,7,2,100000,12,44,0,583,596,571,11,234,255,45867.00800000002,14,False,False
119,11,-90.22337316365589,278.52929479574954,1.0,CLIENT,7,2,100000,16,35,0,604,605,591,12,230,319,36485.12000000002,14,False,False
119,12,-321.7623675052487,277.63873479562506,1.0,CLIENT,7,2,100000,19,46,0,590,594,579,10,227,289,47951.872000000025,14,False,False
119,13,-246.66863961066284,-22.591305204122136,1.0,CLIENT,7,2,100000,20,39,0,601,601,586,14,226,300,40654.84800000002,14,False,False
119,14,-403.98524678223544,308.58569479579813,1.0,CLIENT,7,2,100000,17,41,0,585,599,573,11,229,284,42739.71200000002,14,False,False

120,0,-305.3653193255014,413.3378147955105,1.0,CLIENT,7,2,100000,13,57,0,1483,1483,949,1,246,642,59418.62400000003,19,False,False
120,1,-171.17884775026297,15.814094795412643,1.0,CLIENT,7,2,100000,15,43,0,1431,1431,962,2,247,700,44824.57600000002,19,False,False
120,2,-463.9493311874537,107.7644147958074,1.0,CLIENT,7,2,100000,12,36,0,1470,1470,971,1,249,685,37527.55200000002,19,False,False
120,3,168.08954525784645,-353.1003852041468,1.0,CLIENT,7,2,100000,13,50,0,1484,1484,956,1,246,647,52121.60000000003,19,False,False
120,4,187.9719563358566,354.33821479576665,1.0,CLIENT,7,2,100000,16,67,0,1464,1464,939,1,243,629,69842.94400000003,19,False,False
120,5,-182.9023411348683,-220.85222520424935,1.0,CLIENT,7,2,100000,9,30,0,1471,1471,976,1,251,712,31272.960000000014,19,False,False
120,6,-386.1623683262331,-282.0782252046999,1.0,CLIENT,7,2,100000,14,57,0,1481,1481,949,1,245,640,59418.62400000003,19,False,False
120,7,362.1608884453654,-242.3369852045829,1.0,CLIENT,7,2,100000,19,67,0,1461,1461,939,1,241,640,69842.94400000003,19,False,False
120,8,-99.17441878812592,-405.97738520432017,1.0,CLIENT,7,2,100000,10,33,0,1471,1472,973,0,251,697,34400.256000000016,19,False,False
120,9,28.595816542839035,448.0696547956194,1.0,CLIENT,7,2,100000,18,66,0,1471,1471,940,1,241,642,68800.51200000003,19,False,False
120,10,73.6678958380655,-83.59466520434381,1.0,CLIENT,7,2,100000,12,44,0,1448,1448,962,1,248,704,45867.00800000002,19,False,False
120,11,-75.09372967428828,410.8887747953659,1.0,CLIENT,7,2,100000,15,54,0,1473,1473,952,1,245,666,56291.32800000003,19,False,False
120,12,53.54784638124237,-365.23426520435976,1.0,CLIENT,7,2,100000,16,58,0,1474,1474,948,1,244,661,60461.05600000003,19,False,False
120,13,-347.42731248177955,84.49853479522488,1.0,CLIENT,7,2,100000,18,56,0,1440,1440,950,1,244,696,58376.19200000003,19,False,False
120,14,134.66174655372478,-436.7017052042644,1.0,CLIENT,7,2,100000,14,51,0,1485,1485,955,1,245,685,53164.03200000003,19,False,False
120,15,373.01304110540497,-266.1594652045511,1.0,CLIENT,7,2,100000,9,41,0,1497,1498,964,1,250,649,42739.71200000002,19,False,False
120,16,-363.9827862474022,-110.31146520412335,1.0,CLIENT,7,2,100000,16,57,0,1458,1458,948,2,244,671,59418.62400000003,19,False,False
120,17,167.05977894740542,-24.261105204652154,1.0,CLIENT,7,2,100000,14,38,0,1446,1446,967,2,249,707,39612.41600000002,19,False,False
120,18,-421.09521010011036,208.06373479568833,1.0,CLIENT,7,2,100000,15,63,0,1471,1472,943,0,244,633,65673.21600000003,19,False,False
120,19,52.834931242552,114.77757479550235,1.0,CLIENT,7,2,100000,15,40,0,1454,1454,965,2,248,702,41697.28000000002,19,False,False

121,0,-410.71833419882245,-435.588505204702,1.0,CLIENT,7,2,100000,14,76,0,1505,1513,955,0,247,576,79224.83200000004,19,False,False
121,1,5.861744912318789,312.8158547954007,1.0,CLIENT,7,2,100000,15,53,0,1512,1512,984,1,247,709,55248.89600000003,19,False,False
121,2,175.69397339956194,412.1132947954382,1.0,CLIENT,7,2,100000,12,44,0,1533,1535,992,1,250,707,45867.00800000002,19,False,False
121,3,206.19089875711015,-113.98502520434022,1.0,CLIENT,7,2,100000,13,40,0,1501,1501,996,2,250,717,41697.28000000002,19,False,False
121,4,-76.51955995110619,-51.534505204608365,1.0,CLIENT,7,2,100000,16,48,0,1464,1464,988,2,247,719,50036.736000000026,19,False,False
121,5,494.05018901978303,10.248094795227871,1.0,CLIENT,7,2,100000,9,30,0,1522,1524,1005,1,253,723,31272.960000000014,19,False,False
121,6,376.81525517598135,249.0294947958776,1.0,CLIENT,7,2,100000,14,50,0,1508,1511,985,0,249,699,52121.60000000003,19,False,False
121,7,448.5028329652421,-419.2244652040955,1.0,CLIENT,7,2,100000,19,70,0,1507,1507,967,1,243,640,72970.24000000003,19,False,False
121,8,-153.19754370838527,-161.40734520404777,1.0,CLIENT,7,2,100000,10,24,0,1501,1501,1013,1,254,742,25018.36800000001,19,False,False
121,9,-343.6250984112032,-288.0895052045514,1.0,CLIENT,7,2,100000,17,63,0,1521,1521,974,1,244,661,65673.21600000003,19,False,False
121,10,-317.7225150552965,-93.05686520418334,1.0,CLIENT,7,2,100000,12,44,0,1534,1534,993,1,249,723,45867.00800000002,19,False,False
121,11,386.5584287315165,60.45341479581879,1.0,CLIENT,7,2,100000,14,56,0,1523,1523,981,1,247,715,58376.19200000003,19,False,False
121,12,-30.89299110362752,297.67633479565745,1.0,CLIENT,7,2,100000,16,58,0,1512,1512,979,1,246,694,60461.05600000003,19,False,False
121,13,151.93013545803782,-297.55170520439094,1.0,CLIENT,7,2,100000,18,63,0,1509,1509,973,2,244,699,65673.21600000003,19,False,False
121,14,318.4354266334563,357.5664947955258,1.0,CLIENT,7,2,100000,14,55,0,1514,1516,980,1,247,694,57333.76000000003,19,False,False
121,15,-338.2386284779337,-66.00610520445599,1.0,CLIENT,7,2,100000,9,30,0,1543,1543,1007,1,253,721,31272.960000000014,19,False,False
121,16,-1.6634704358961807,208.06373479568833,1.0,CLIENT,7,2,100000,16,58,0,1506,1506,979,1,246,715,60461.05600000003,19,False,False
121,17,429.01648585360874,-454.17894520443326,1.0,CLIENT,7,2,100000,14,74,0,1512,1512,963,1,247,614,77139.96800000004,19,False,False
121,18,-390.0437951897471,-190.90714520471067,1.0,CLIENT,7,2,100000,15,59,0,1518,1519,977,1,246,689,61503.488000000034,19,False,False
121,19,329.3667920864336,25.498934795481034,1.0,CLIENT,7,2,100000,14,44,0,1504,1504,993,1,250,705,45867.00800000002,19,False,False

122,0,-380.06298325427315,434.5999347956152,1.0,CLIENT,7,2,100000,14,51,0,1440,1440,955,2,249,638,53164.03200000003,19,False,False
122,1,-460.78081946206726,-464.8656652043451,1.0,CLIENT,7,2,100000,16,70,0,1414,1425,925,0,246,587,72970.24000000003,19,False,False
122,2,-153.3559692942606,-101.85114520412725,1.0,CLIENT,7,2,100000,12,31,0,1389,1389,976,1,254,709,32315.392000000014,19,False,False
122,3,276.2942206842405,124.90769479523749,1.0,CLIENT,7,2,100000,13,50,0,1444,1444,957,1,249,665,52121.60000000003,19,False,False
122,4,-379.1916425302703,-127.45474520434442,1.0,CLIENT,7,2,100000,16,55,0,1429,1429,952,1,246,682,57333.76000000003,19,False,False
122,5,-18.139731408581177,433.93201479571957,1.0,CLIENT,7,2,100000,9,31,0,1437,1437,976,1,254,679,32315.392000000014,19,False,False
122,6,114.22484592458814,-258.5897052046795,1.0,CLIENT,7,2,100000,14,51,0,1433,1433,955,2,249,659,53164.03200000003,19,False,False
122,7,406.4408398095267,232.22017479560435,1.0,CLIENT,7,2,100000,20,78,0,1408,1417,921,0,242,555,81309.69600000004,19,False,False
122,8,-10.535303267428539,28.61589479552123,1.0,CLIENT,7,2,100000,10,26,0,1416,1416,981,1,255,715,27103.23200000001,19,False,False
122,9,-65.03370494587672,449.18285479597273,1.0,CLIENT,7,2,100000,18,62,0,1421,1421,945,1,245,640,64630.784000000036,19,False,False
122,10,-156.36605543377172,213.9636947958209,1.0,CLIENT,7,2,100000,12,42,0,1426,1426,965,1,250,688,43782.14400000002,19,False,False
122,11,-456.89939259799047,-140.36786520417195,1.0,CLIENT,7,2,100000,14,56,0,1432,1432,951,1,248,672,58376.19200000003,19,False,False
122,12,-500.2287904440855,434.48861479589624,1.0,CLIENT,7,2,100000,17,66,0,1429,1429,940,2,245,581,68800.51200000003,19,False,False
122,13,-329.5252212328395,-350.76266520451213,1.0,CLIENT,7,2,100000,18,61,0,1403,1403,946,1,247,691,63588.352000000035,19,False,False
122,14,70.1825329398027,135.9283747958881,1.0,CLIENT,7,2,100000,14,41,0,1408,1408,966,1,251,704,42739.71200000002,19,False,False
122,15,194.70504375244354,-289.3140252046237,1.0,CLIENT,7,2,100000,9,40,0,1450,1452,964,2,253,622,41697.28000000002,19,False,False
122,16,-304.65240418737386,-84.70786520469716,1.0,CLIENT,7,2,100000,16,55,0,1409,1409,952,1,247,682,57333.76000000003,19,False,False
122,17,-151.45486225925384,383.17009479574295,1.0,CLIENT,7,2,100000,14,54,0,1430,1430,952,2,249,681,56291.32800000003,19,False,False
122,18,-378.9540041503316,-351.6532252046366,1.0,CLIENT,7,2,100000,15,52,0,1438,1439,954,1,247,653,54206.46400000003,19,False,False
122,19,48.16137644740998,-212.50322520476317,1.0,CLIENT,7,2,100000,15,36,0,1400,1400,970,2,252,696,37527.55200000002,19,False,False

123,0,-239.69791381470006,382.0568947953896,1.0,CLIENT,7,2,100000,13,47,0,1533,1536,989,3,257,705,48994.304000000026,19,False,False
123,1,-65.03370494587672,477.68077479600123,1.0,CLIENT,7,2,100000,15,60,0,1526,1529,976,3,255,687,62545.920000000035,19,False,False
123,2,473.21722442426955,499.38817479577267,1.0,CLIENT,7,2,100000,13,78,0,1497,1518,944,3,257,544,81309.69600000004,19,False,False
123,3,-434.9574488990982,-11.459305204543568,1.0,CLIENT,7,2,100000,13,42,0,1522,1524,997,2,258,700,43782.14400000002,19,False,False
123,4,304.6524006274061,-428.13006520454934,1.0,CLIENT,7,2,100000,17,52,0,1520,1522,987,2,254,677,54206.46400000003,19,False,False
123,5,-75.25215526072647,-249.57278520450672,1.0,CLIENT,7,2,100000,9,27,0,1528,1528,1013,2,262,728,28145.66400000001,19,False,False
123,6,-455.55277511467307,205.05809479536708,1.0,CLIENT,7,2,100000,14,51,0,1527,1536,980,2,257,681,53164.03200000003,19,False,False
123,7,450.4831527937493,21.714054795545223,1.0,CLIENT,7,2,100000,20,57,0,1526,1526,982,3,251,659,59418.62400000003,19,False,False
123,8,-190.1107053102069,-178.7732652044977,1.0,CLIENT,7,2,100000,10,27,0,1515,1515,1012,3,262,724,28145.66400000001,19,False,False
123,9,292.6120560704873,-147.04706520471007,1.0,CLIENT,7,2,100000,18,52,0,1530,1530,988,2,253,686,54206.46400000003,19,False,False
123,10,358.2794615818514,249.5860947952633,1.0,CLIENT,7,2,100000,12,41,0,1536,1536,998,3,258,703,42739.71200000002,19,False,False
123,11,465.2959451108034,-433.2507852042764,1.0,CLIENT,7,2,100000,16,96,0,1486,1501,930,1,254,546,100073.47200000005,19,False,False
123,12,1.8218924623666284,436.93765479524984,1.0,CLIENT,7,2,100000,17,62,0,1503,1505,975,3,255,684,64630.784000000036,19,False,False
123,13,76.12349242532444,-239.88794520443832,1.0,CLIENT,7,2,100000,19,51,0,1473,1473,989,2,256,704,53164.03200000003,19,False,False
123,14,-402.24256533310404,-285.417825204178,1.0,CLIENT,7,2,100000,14,68,0,1505,1524,952,1,255,617,70885.37600000003,19,False,False
123,15,164.76260794658467,382.16821479589953,1.0,CLIENT,7,2,100000,9,31,0,1539,1539,1008,3,262,712,32315.392000000014,19,False,False
123,16,-273.44256369113526,55.33269479530077,1.0,CLIENT,7,2,100000,17,50,0,1495,1495,989,3,255,716,52121.60000000003,19,False,False
123,17,-12.119559130121768,-442.9356252043448,1.0,CLIENT,7,2,100000,14,52,0,1538,1542,985,2,256,674,54206.46400000003,19,False,False
123,18,-110.26420982754136,-229.64650520419326,1.0,CLIENT,7,2,100000,15,52,0,1519,1519,988,2,255,709,54206.46400000003,19,False,False
123,19,39.68560758169164,257.93509479554046,1.0,CLIENT,7,2,100000,15,46,0,1518,1518,993,3,257,707,47951.872000000025,19,False,False

124,0,-237.95523236556866,-121.7774252044407,1.0,CLIENT,7,2,100000,13,42,0,1549,1549,961,0,243,709,43782.14400000002,19,False,False
124,1,-258.3921329952681,-311.35538520434295,1.0,CLIENT,7,2,100000,15,48,0,1554,1554,955,0,242,680,50036.736000000026,19,False,False
124,2,-250.15400250892566,56.891174795320865,1.0,CLIENT,7,2,100000,12,32,0,1546,1546,971,0,246,698,33357.824000000015,19,False,False
124,3,199.69544971989907,-133.24338520475806,1.0,CLIENT,7,2,100000,13,46,0,1576,1576,957,0,242,691,47951.872000000025,19,False,False
124,4,-8.238132266607781,214.1863347952588,1.0,CLIENT,7,2,100000,16,55,0,1568,1568,948,0,238,694,57333.76000000003,19,False,False
124,5,202.62632306590967,348.549574795353,1.0,CLIENT,7,2,100000,10,33,0,1580,1580,970,0,246,668,34400.256000000016,19,False,False
124,6,138.46396062486394,-406.6453052042158,1.0,CLIENT,7,2,100000,14,52,0,1579,1579,952,0,241,660,54206.46400000003,19,False,False
124,7,337.0504330205239,365.58153479585513,1.0,CLIENT,7,2,100000,19,78,0,1556,1557,924,0,236,614,81309.69600000004,19,False,False
124,8,115.7298889943437,294.22541479566945,1.0,CLIENT,7,2,100000,10,39,0,1596,1596,964,0,244,684,40654.84800000002,19,False,False
124,9,-292.45363404401684,-290.538545204696,1.0,CLIENT,7,2,100000,17,53,0,1544,1544,950,0,240,687,55248.89600000003,19,False,False
124,10,49.4287811377897,46.42709479563791,1.0,CLIENT,7,2,100000,12,42,0,1559,1559,961,0,243,697,43782.14400000002,19,False,False
124,11,-79.05436933130278,235.5597747958734,1.0,CLIENT,7,2,100000,15,49,0,1549,1549,954,0,241,693,51079.16800000003,19,False,False
124,12,-422.99631713511707,95.74185479531337,1.0,CLIENT,7,2,100000,16,59,0,1573,1573,944,0,239,662,61503.488000000034,19,False,False
124,13,186.07084930028702,-395.847265204585,1.0,CLIENT,7,2,100000,19,64,0,1567,1567,939,0,237,623,66715.64800000003,19,False,False
124,14,-217.122267770618,-498.59562520461054,1.0,CLIENT,7,2,100000,14,60,0,1577,1579,941,0,240,636,62545.920000000035,19,False,False
124,15,280.80934989294434,418.90381479569527,1.0,CLIENT,7,2,100000,9,47,0,1592,1594,955,0,245,639,48994.304000000026,19,False,False
124,16,-336.0206702700506,-303.6743052047524,1.0,CLIENT,7,2,100000,17,58,0,1566,1567,944,0,239,656,60461.05600000003,19,False,False
124,17,-3.24772629858941,75.92689479550984,1.0,CLIENT,7,2,100000,14,40,0,1536,1536,963,0,244,701,41697.28000000002,19,False,False
124,18,-226.94465411965373,-181.22230520464228,1.0,CLIENT,7,2,100000,15,52,0,1539,1539,951,0,240,691,54206.46400000003,19,False,False
124,19,-91.88684181984964,-446.4978652040517,1.0,CLIENT,7,2,100000,15,55,0,1581,1581,948,0,240,680,57333.76000000003,19,False,False

125,0,289.6811827244767,-70.90418520474515,1.0,CLIENT,7,2,100000,13,39,0,1504,1504,995,2,251,720,40654.84800000002,19,False,False
125,1,267.1055366803946,-289.8706252040094,1.0,CLIENT,7,2,100000,15,62,0,1535,1538,969,2,246,676,64630.784000000036,19,False,False
125,2,64.00393507546795,-267.7179452045712,1.0,CLIENT,7,2,100000,12,32,0,1514,1514,1002,2,253,733,33357.824000000015,19,False,False
125,3,-405.094225886177,-8.008385204555566,1.0,CLIENT,7,2,100000,13,42,0,1550,1550,991,3,249,713,43782.14400000002,19,False,False
125,4,-101.55080258244719,35.07245479583048,1.0,CLIENT,7,2,100000,16,41,0,1472,1472,991,4,249,734,42739.71200000002,19,False,False
125,5,-80.3217740216825,58.33833479562202,1.0,CLIENT,7,2,100000,9,29,0,1525,1525,1004,3,253,736,30230.528000000013,19,False,False
125,6,385.84551359338906,-403.3057052047377,1.0,CLIENT,7,2,100000,14,52,0,1523,1548,960,1,247,653,54206.46400000003,19,False,False
125,7,-451.7505610440968,146.39245479557104,1.0,CLIENT,7,2,100000,19,67,0,1516,1517,965,3,243,679,69842.94400000003,19,False,False
125,8,127.84944634420019,-114.76426520474575,1.0,CLIENT,7,2,100000,10,32,0,1531,1531,1002,2,253,727,33357.824000000015,19,False,False
125,9,-480.0295281943247,410.777454795647,1.0,CLIENT,7,2,100000,19,84,0,1498,1519,931,1,243,580,87564.28800000004,19,False,False
125,10,159.37613801275228,430.3697747960126,1.0,CLIENT,7,2,100000,12,43,0,1546,1546,991,2,249,693,44824.57600000002,19,False,False
125,11,277.3239869946815,309.8102147958704,1.0,CLIENT,7,2,100000,15,48,0,1547,1548,984,3,247,684,50036.736000000026,19,False,False
125,12,-188.76408782688952,343.5401747953449,1.0,CLIENT,7,2,100000,16,56,0,1540,1540,978,2,246,699,58376.19200000003,19,False,False
125,13,-193.7544937949079,-499.15222520399624,1.0,CLIENT,7,2,100000,19,106,0,1494,1498,925,3,242,550,110497.79200000006,19,False,False
125,14,436.06642444307204,366.0268147955219,1.0,CLIENT,7,2,100000,14,54,0,1544,1551,973,2,247,603,56291.32800000003,19,False,False
125,15,-240.33161615988993,-53.538265204295215,1.0,CLIENT,7,2,100000,9,28,0,1516,1516,1005,3,254,744,29188.096000000012,19,False,False
125,16,108.36309923256691,-120.55290520436841,1.0,CLIENT,7,2,100000,17,55,0,1510,1510,979,2,246,712,57333.76000000003,19,False,False
125,17,-282.3143965226676,338.5307747953368,1.0,CLIENT,7,2,100000,14,52,0,1544,1545,981,2,248,692,54206.46400000003,19,False,False
125,18,304.6524006274061,-271.28018520427815,1.0,CLIENT,7,2,100000,15,57,0,1540,1542,976,1,246,682,59418.62400000003,19,False,False
125,19,189.47699940504933,344.7646947954172,1.0,CLIENT,7,2,100000,15,57,0,1534,1535,976,2,247,671,59418.62400000003,19,False,False

126,0,-458.3252228748083,-19.80830520402975,1.0,CLIENT,7,2,100000,14,53,0,1533,1536,973,0,244,643,55248.89600000003,19,False,False
126,1,183.77367829946627,406.1020147955867,1.0,CLIENT,7,2,100000,15,56,0,1537,1538,970,2,242,653,58376.19200000003,19,False,False
126,2,393.6083673209798,119.45301479556264,1.0,CLIENT,7,2,100000,12,41,0,1532,1535,983,2,247,706,42739.71200000002,19,False,False
126,3,-262.66962382459616,-410.0962252042038,1.0,CLIENT,7,2,100000,13,42,0,1554,1554,986,1,244,697,43782.14400000002,19,False,False
126,4,-314.07872657059556,455.19413479582425,1.0,CLIENT,7,2,100000,17,132,0,1460,1465,892,2,240,511,137601.02400000006,19,False,False
126,5,446.99778989604926,-149.49610520406367,1.0,CLIENT,7,2,100000,9,31,0,1543,1543,996,2,249,728,32315.392000000014,19,False,False
126,6,359.9429302374823,147.8396147958722,1.0,CLIENT,7,2,100000,14,44,0,1500,1500,983,2,246,709,45867.00800000002,19,False,False
126,7,158.7424356675624,-148.93950520467797,1.0,CLIENT,7,2,100000,19,63,0,1485,1485,964,2,240,709,65673.21600000003,19,False,False
126,8,482.2474828422401,-263.8217452041255,1.0,CLIENT,7,2,100000,10,37,0,1532,1541,981,2,248,678,38569.98400000002,19,False,False
126,9,147.41500624933397,-182.2241852044857,1.0,CLIENT,7,2,100000,17,49,0,1479,1479,978,2,244,710,51079.16800000003,19,False,False
126,10,-200.646006797933,-42.294945204206726,1.0,CLIENT,7,2,100000,12,38,0,1492,1492,989,2,246,721,39612.41600000002,19,False,False
126,11,495.39680650310044,-72.12870520402646,1.0,CLIENT,7,2,100000,16,56,0,1530,1531,970,2,242,673,58376.19200000003,19,False,False
126,12,-494.7631077178783,-365.6795452040265,1.0,CLIENT,7,2,100000,17,64,0,1525,1530,959,1,240,576,66715.64800000003,19,False,False
126,13,-189.95227972433156,-384.1586652040388,1.0,CLIENT,7,2,100000,18,62,0,1513,1513,966,1,241,709,64630.784000000036,19,False,False
126,14,151.61328428572432,16.927294795765988,1.0,CLIENT,7,2,100000,14,36,0,1488,1488,991,2,246,732,37527.55200000002,19,False,False
126,15,-385.37024039460505,-258.5897052046795,1.0,CLIENT,7,2,100000,9,31,0,1555,1557,996,0,248,657,32315.392000000014,19,False,False
126,16,254.11463860540957,-451.173305204112,1.0,CLIENT,7,2,100000,17,59,0,1522,1532,958,2,241,666,61503.488000000034,19,False,False
126,17,23.13013381606898,43.42145479531666,1.0,CLIENT,7,2,100000,14,39,0,1503,1503,988,2,247,727,40654.84800000002,19,False,False
126,18,141.71168514318808,43.75541479526447,1.0,CLIENT,7,2,100000,15,50,0,1501,1501,977,2,243,716,52121.60000000003,19,False,False
126,19,172.842312846489,-406.6453052042158,1.0,CLIENT,7,2,100000,14,46,0,1518,1520,980,1,245,715,47951.872000000025,19,False,False

127,0,487.00025043031974,-21.700745203997656,1.0,CLIENT,7,2,100000,14,62,0,1672,1672,931,0,230,573,64630.784000000036,19,False,False
127,1,-480.4255921601387,75.48161479584309,1.0,CLIENT,7,2,100000,15,62,0,1669,1671,929,0,229,596,64630.784000000036,19,False,False
127,2,36.59630864980569,218.6391347958812,1.0,CLIENT,7,2,100000,12,28,0,1627,1627,965,0,237,718,29188.096000000012,19,False,False
127,3,-225.99410060158752,-183.56002520427694,1.0,CLIENT,7,2,100000,13,47,0,1676,1676,946,0,232,645,48994.304000000026,19,False,False
127,4,-100.60024906494382,-123.22458520474186,1.0,CLIENT,7,2,100000,16,56,0,1670,1670,937,0,228,692,58376.19200000003,19,False,False
127,5,-114.77933903624522,399.3114947953296,1.0,CLIENT,7,2,100000,9,31,0,1684,1684,962,0,236,698,32315.392000000014,19,False,False
127,6,98.54071288296834,422.57737479591214,1.0,CLIENT,7,2,100000,14,53,0,1647,1647,940,0,232,676,55248.89600000003,19,False,False
127,7,308.6130402844206,337.8628547954412,1.0,CLIENT,7,2,100000,19,66,0,1644,1644,927,0,227,671,68800.51200000003,19,False,False
127,8,148.92004931852668,151.9584547957558,1.0,CLIENT,7,2,100000,10,26,0,1654,1654,968,0,237,725,27103.23200000001,19,False,False
127,9,40.63616109975785,275.41233479570934,1.0,CLIENT,7,2,100000,18,50,0,1646,1646,943,0,230,697,52121.60000000003,19,False,False
127,10,475.1975442527768,69.69297479542945,1.0,CLIENT,7,2,100000,12,55,0,1675,1675,938,0,232,621,57333.76000000003,19,False,False
127,11,306.1574436971617,212.73917479574862,1.0,CLIENT,7,2,100000,14,50,0,1642,1642,943,0,231,700,52121.60000000003,19,False,False
127,12,8.317341499577722,291.99901479575374,1.0,CLIENT,7,2,100000,16,51,0,1631,1631,942,0,231,698,53164.03200000003,19,False,False
127,13,-80.79705078043419,243.12953479574503,1.0,CLIENT,7,2,100000,18,58,0,1646,1646,935,0,229,686,60461.05600000003,19,False,False
127,14,76.67798197701379,156.856534795254,1.0,CLIENT,7,2,100000,14,33,0,1615,1615,960,0,234,715,34400.256000000016,19,False,False
127,15,97.90701053834131,-464.0864252047305,1.0,CLIENT,7,2,100000,9,73,0,1662,1663,919,0,235,546,76097.53600000004,19,False,False
127,16,-137.83026183964182,91.84565479565862,1.0,CLIENT,7,2,100000,16,55,0,1618,1618,938,0,230,695,57333.76000000003,19,False,False
127,17,184.72423181696962,452.07717479578406,1.0,CLIENT,7,2,100000,14,52,0,1674,1674,941,0,231,683,54206.46400000003,19,False,False
127,18,-153.5936076741993,220.30893479562025,1.0,CLIENT,7,2,100000,15,49,0,1624,1624,944,0,231,705,51079.16800000003,19,False,False
127,19,31.922753854663668,-133.6886652044248,1.0,CLIENT,7,2,100000,15,37,0,1643,1643,956,0,234,713,38569.98400000002,19,False,False

128,0,-115.57146696787325,-35.17046520400186,1.0,CLIENT,7,2,100000,13,42,0,1410,1410,1015,5,247,752,43782.14400000002,19,False,False
128,1,214.2706036575773,423.24529479580775,1.0,CLIENT,7,2,100000,15,62,0,1427,1430,994,3,243,663,64630.784000000036,19,False,False
128,2,464.979093937927,46.64973479586678,1.0,CLIENT,7,2,100000,12,40,0,1437,1438,1018,3,248,706,41697.28000000002,19,False,False
128,3,318.83149059927035,-240.88982520428175,1.0,CLIENT,7,2,100000,13,42,0,1441,1442,1015,4,246,708,43782.14400000002,19,False,False
128,4,-46.41869855880915,457.5318547954589,1.0,CLIENT,7,2,100000,16,55,0,1436,1437,1003,3,242,717,57333.76000000003,19,False,False
128,5,-326.11907112751436,-111.86994520414345,1.0,CLIENT,7,2,100000,9,35,0,1456,1456,1024,3,249,747,36485.12000000002,19,False,False
128,6,-246.11415005897348,-406.4226652039869,1.0,CLIENT,7,2,100000,13,51,0,1435,1437,1007,2,245,718,53164.03200000003,19,False,False
128,7,90.9362847418157,-227.97670520445422,1.0,CLIENT,7,2,100000,18,63,0,1414,1414,995,4,241,723,65673.21600000003,19,False,False
128,8,366.67601765406926,453.4130147955753,1.0,CLIENT,7,2,100000,10,60,0,1398,1423,978,1,248,614,62545.920000000035,19,False,False
128,9,-344.4964391357689,-50.75526520420283,1.0,CLIENT,7,2,100000,16,52,0,1409,1409,1007,3,244,745,54206.46400000003,19,False,False
128,10,-459.2757763923117,371.7041347954256,1.0,CLIENT,7,2,100000,12,62,0,1425,1430,990,6,246,629,64630.784000000036,19,False,False
128,11,210.072325621187,-497.9277052047149,1.0,CLIENT,7,2,100000,15,58,0,1424,1433,992,3,244,626,60461.05600000003,19,False,False
128,12,-218.70652363331124,-317.7006252041423,1.0,CLIENT,7,2,100000,15,52,0,1399,1399,1007,3,245,737,54206.46400000003,19,False,False
128,13,385.2910240416997,160.9753747959286,1.0,CLIENT,7,2,100000,18,64,0,1416,1422,991,1,241,675,66715.64800000003,19,False,False
128,14,50.220909069417736,-184.45058520440142,1.0,CLIENT,7,2,100000,14,39,0,1415,1415,1019,4,247,744,40654.84800000002,19,False,False
128,15,-314.1579393640961,193.92609479578852,1.0,CLIENT,7,2,100000,9,33,0,1437,1437,1023,6,250,737,34400.256000000016,19,False,False
128,16,321.6039383588428,246.1351747952753,1.0,CLIENT,7,2,100000,17,56,0,1424,1427,1000,3,242,699,58376.19200000003,19,False,False
128,17,-483.9901678513392,-401.85854520443655,1.0,CLIENT,7,2,100000,14,66,0,1385,1421,963,1,244,623,68800.51200000003,19,False,False
128,18,-394.16286043319974,432.93013479587614,1.0,CLIENT,7,2,100000,15,84,0,1405,1413,965,5,243,613,87564.28800000004,19,False,False
128,19,-53.94391390702412,-407.6471852040592,1.0,CLIENT,7,2,100000,14,46,0,1416,1418,1012,2,247,738,47951.872000000025,19,False,False

129,0,28.278965369962684,115.11153479545015,1.0,CLIENT,7,2,100000,13,42,0,1495,1495,976,1,252,704,43782.14400000002,19,False,False
129,1,-278.987459210843,-296.7724652039854,1.0,CLIENT,7,2,100000,15,56,0,1508,1508,962,2,248,689,58376.19200000003,19,False,False
129,2,68.9943410429235,479.23925479523035,1.0,CLIENT,7,2,100000,12,51,0,1519,1521,964,2,251,569,53164.03200000003,19,False,False
129,3,-111.13555055210708,-261.9293052041576,1.0,CLIENT,7,2,100000,13,38,0,1477,1477,980,1,253,712,39612.41600000002,19,False,False
129,4,356.0615033739683,-476.2203052041525,1.0,CLIENT,7,2,100000,17,74,0,1468,1504,911,1,245,510,77139.96800000004,19,False,False
129,5,-408.26273761156347,492.15237479584886,1.0,CLIENT,7,2,100000,10,85,0,1452,1489,897,2,252,497,88606.72000000004,19,False,False
129,6,-3.802215850841603,-492.36170520453015,1.0,CLIENT,7,2,100000,14,50,0,1514,1517,965,1,249,652,52121.60000000003,19,False,False
129,7,258.7881934005516,-133.0207452045292,1.0,CLIENT,7,2,100000,19,63,0,1503,1503,955,1,245,647,65673.21600000003,19,False,False
129,8,205.0819196531686,-13.463065204230418,1.0,CLIENT,7,2,100000,10,33,0,1527,1527,985,1,254,704,34400.256000000016,19,False,False
129,9,456.02804831345696,337.3062547952645,1.0,CLIENT,7,2,100000,19,81,0,1485,1495,930,0,244,535,84436.99200000004,19,False,False
129,10,83.17343101478772,9.802814795561119,1.0,CLIENT,7,2,100000,12,39,0,1516,1516,979,1,251,698,40654.84800000002,19,False,False
129,11,-360.2597849703264,33.959254795477136,1.0,CLIENT,7,2,100000,15,51,0,1510,1510,966,2,249,696,53164.03200000003,19,False,False
129,12,-481.45535847057977,-248.79354520410118,1.0,CLIENT,7,2,100000,17,53,0,1497,1504,957,2,248,664,55248.89600000003,19,False,False
129,13,-379.58770649552156,109.87949479600417,1.0,CLIENT,7,2,100000,18,57,0,1490,1490,960,2,248,681,59418.62400000003,19,False,False
129,14,-293.0873363892067,67.24393479528487,1.0,CLIENT,7,2,100000,14,35,0,1480,1480,982,2,252,701,36485.12000000002,19,False,False
129,15,371.3495724492112,11.47261479530016,1.0,CLIENT,7,2,100000,9,40,0,1534,1535,978,0,254,647,41697.28000000002,19,False,False
129,16,-290.07725025025843,-378.4813452041351,1.0,CLIENT,7,2,100000,17,56,0,1512,1516,958,1,246,663,58376.19200000003,19,False,False
129,17,-331.5055410613468,205.83733479577262,1.0,CLIENT,7,2,100000,14,35,0,1504,1504,982,2,251,696,36485.12000000002,19,False,False
129,18,-397.2521593656486,-140.256545204453,1.0,CLIENT,7,2,100000,15,49,0,1487,1488,968,1,249,681,51079.16800000003,19,False,False
129,19,-172.60467802708087,-308.4610652045316,1.0,CLIENT,7,2,100000,15,32,0,1477,1477,986,1,254,705,33357.824000000015,19,False,False

130,0,-342.2784809278858,-15.578145204427187,1.0,CLIENT,7,2,100000,13,40,0,1553,1553,965,1,246,707,41697.28000000002,19,False,False
130,1,178.8624851249484,165.20553479553115,1.0,CLIENT,7,2,100000,15,42,0,1532,1532,963,1,245,704,43782.14400000002,19,False,False
130,2,191.14046806124307,365.6928547955741,1.0,CLIENT,7,2,100000,12,40,0,1580,1580,965,1,246,686,41697.28000000002,19,False,False
130,3,-127.05732197310272,289.6612947953281,1.0,CLIENT,7,2,100000,12,43,0,1563,1563,962,1,245,699,44824.57600000002,19,False,False
130,4,-324.77245364419696,-138.14146520425624,1.0,CLIENT,7,2,100000,16,56,0,1549,1549,949,1,241,693,58376.19200000003,19,False,False
130,5,-252.37196071680873,-228.5333052046309,1.0,CLIENT,7,2,100000,9,28,0,1592,1592,977,1,248,690,29188.096000000012,19,False,False
130,6,-131.65166397474422,165.42817479576001,1.0,CLIENT,7,2,100000,14,44,0,1535,1535,962,1,245,711,45867.00800000002,19,False,False
130,7,177.75350602100684,328.8459347952684,1.0,CLIENT,7,2,100000,19,68,0,1570,1571,937,0,237,647,70885.37600000003,19,False,False
130,8,228.1328424565652,243.6861347959217,1.0,CLIENT,7,2,100000,10,34,0,1579,1579,971,1,248,701,35442.68800000002,19,False,False
130,9,-179.57540382304364,27.16873479601105,1.0,CLIENT,7,2,100000,18,45,0,1525,1525,959,2,243,704,46909.440000000024,19,False,False
130,10,-333.16900971697765,-399.1868652040631,1.0,CLIENT,7,2,100000,12,52,0,1584,1586,953,0,244,665,54206.46400000003,19,False,False
130,11,-3.3269390920899182,-298.77622520446323,1.0,CLIENT,7,2,100000,15,52,0,1583,1583,953,1,242,659,54206.46400000003,19,False,False
130,12,80.00491928883842,-327.1628252047728,1.0,CLIENT,7,2,100000,16,63,0,1574,1574,942,1,241,618,65673.21600000003,19,False,False
130,13,-442.0073874879987,-141.59238520424424,1.0,CLIENT,7,2,100000,18,62,0,1560,1561,942,1,240,666,64630.784000000036,19,False,False
130,14,-427.7490847231968,-117.43594520432822,1.0,CLIENT,7,2,100000,14,51,0,1582,1582,954,1,242,683,53164.03200000003,19,False,False
130,15,-344.2588007563931,281.5349347952798,1.0,CLIENT,7,2,100000,9,36,0,1605,1605,968,2,247,697,37527.55200000002,19,False,False
130,16,372.30012596671463,349.2174947952486,1.0,CLIENT,7,2,100000,17,85,0,1559,1559,920,1,239,564,88606.72000000004,19,False,False
130,17,292.84969444986314,280.6443747959463,1.0,CLIENT,7,2,100000,14,63,0,1579,1579,942,1,242,627,65673.21600000003,19,False,False
130,18,-267.3431786197382,236.1163747952591,1.0,CLIENT,7,2,100000,15,54,0,1574,1574,951,1,241,684,56291.32800000003,19,False,False
130,19,-121.27478807401916,-374.02854520430367,1.0,CLIENT,7,2,100000,15,49,0,1587,1587,956,1,242,655,51079.16800000003,19,False,False

131,0,416.4216517444378,-42.740225204664455,1.0,CLIENT,7,2,100000,13,49,0,1660,1660,1019,5,243,745,51079.16800000003,19,False,False
131,1,-136.95892111507612,4.682094795834075,1.0,CLIENT,7,2,100000,15,38,0,1628,1628,1028,7,244,770,39612.41600000002,19,False,False
131,2,498.0900414697352,-482.00894520456615,1.0,CLIENT,7,2,100000,12,80,0,1632,1644,975,7,244,618,83394.56000000004,19,False,False
131,3,-112.95744479417614,116.78133479598017,1.0,CLIENT,7,2,100000,13,40,0,1647,1647,1024,9,244,765,41697.28000000002,19,False,False
131,4,331.66396308725433,66.1307347957225,1.0,CLIENT,7,2,100000,16,59,0,1628,1628,1007,7,240,758,61503.488000000034,19,False,False
131,5,-272.1751590007555,-220.0729852046348,1.0,CLIENT,7,2,100000,9,31,0,1692,1692,1037,5,246,753,32315.392000000014,19,False,False
131,6,-487.2378923696633,-383.37942520442425,1.0,CLIENT,7,2,100000,15,139,0,1561,1591,900,3,240,512,144898.04800000007,19,False,False
131,7,-122.77983114321187,219.30705479577682,1.0,CLIENT,7,2,100000,19,61,0,1646,1646,1004,9,238,717,63588.352000000035,19,False,False
131,8,200.8836416173411,77.15141479558213,1.0,CLIENT,7,2,100000,10,22,0,1634,1634,1045,6,249,784,22933.504000000008,19,False,False
131,9,-126.58204521378819,458.19977479535453,1.0,CLIENT,7,2,100000,18,63,0,1640,1658,987,8,238,683,65673.21600000003,19,False,False
131,10,177.75350602100684,-457.4072252041924,1.0,CLIENT,7,2,100000,12,43,0,1683,1683,1023,7,243,729,44824.57600000002,19,False,False
131,11,416.8177157102517,200.1600147958689,1.0,CLIENT,7,2,100000,14,48,0,1639,1647,1013,4,242,747,50036.736000000026,19,False,False
131,12,307.58327397341674,310.2554947955372,1.0,CLIENT,7,2,100000,16,56,0,1636,1640,1007,6,240,732,58376.19200000003,19,False,False
131,13,-25.664946756796144,-1.6631452047562334,1.0,CLIENT,7,2,100000,18,52,0,1621,1621,1011,10,241,752,54206.46400000003,19,False,False
131,14,442.2450223074068,-336.6250252046123,1.0,CLIENT,7,2,100000,14,53,0,1673,1675,1013,5,241,699,55248.89600000003,19,False,False
131,15,74.22238538975486,-499.26354520450616,1.0,CLIENT,7,2,100000,9,33,0,1674,1677,1034,3,247,737,34400.256000000016,19,False,False
131,16,415.3918854339968,435.37917479522974,1.0,CLIENT,7,2,100000,17,62,0,1618,1658,961,4,239,623,64630.784000000036,19,False,False
131,17,61.70676407408436,318.60449479581433,1.0,CLIENT,7,2,100000,14,45,0,1662,1662,1022,6,243,745,46909.440000000024,19,False,False
131,18,-69.23198298226706,-199.59010520414466,1.0,CLIENT,7,2,100000,15,52,0,1651,1651,1014,7,241,749,54206.46400000003,19,False,False
131,19,241.20295332392507,-371.46818520444015,1.0,CLIENT,7,2,100000,14,48,0,1668,1668,1017,8,242,752,50036.736000000026,19,False,False

132,0,284.53235117058296,-17.915865204061845,1.0,CLIENT,7,2,100000,13,38,0,1561,1561,974,0,236,713,39612.41600000002,19,False,False
132,1,-84.52005205807284,-49.419425204411596,1.0,CLIENT,7,2,100000,15,48,0,1569,1569,964,0,234,712,50036.736000000026,19,False,False
132,2,-123.49274628190224,166.8753347952702,1.0,CLIENT,7,2,100000,12,42,0,1606,1606,970,0,236,722,43782.14400000002,19,False,False
132,3,58.77589072807374,140.38117479571952,1.0,CLIENT,7,2,100000,13,39,0,1584,1584,973,0,235,707,40654.84800000002,19,False,False
132,4,336.81279464114806,-353.1003852041468,1.0,CLIENT,7,2,100000,16,53,0,1609,1609,959,0,230,668,55248.89600000003,19,False,False
132,5,39.527181995816306,-169.42238520437712,1.0,CLIENT,7,2,100000,9,28,0,1576,1576,984,0,239,730,29188.096000000012,19,False,False
132,6,248.01525353401252,6.129254795344252,1.0,CLIENT,7,2,100000,14,44,0,1562,1562,968,0,235,709,45867.00800000002,19,False,False
132,7,190.74440409542905,24.94233479530436,1.0,CLIENT,7,2,100000,19,63,0,1565,1565,949,0,229,693,65673.21600000003,19,False,False
132,8,451.1960679318769,-428.2413852042683,1.0,CLIENT,7,2,100000,11,36,0,1624,1627,973,0,236,653,37527.55200000002,19,False,False
132,9,439.0765105820203,-266.8273852044467,1.0,CLIENT,7,2,100000,18,52,0,1585,1585,960,0,231,684,54206.46400000003,19,False,False
132,10,-244.37146860984208,405.2114547954622,1.0,CLIENT,7,2,100000,12,44,0,1621,1623,966,0,234,630,45867.00800000002,19,False,False
132,11,465.6127962831169,125.46429479541416,1.0,CLIENT,7,2,100000,15,58,0,1588,1595,947,0,232,656,60461.05600000003,19,False,False
132,12,146.7020911106436,69.35901479548164,1.0,CLIENT,7,2,100000,15,52,0,1568,1568,960,0,233,705,54206.46400000003,19,False,False
132,13,275.50209275261244,107.87573479552634,1.0,CLIENT,7,2,100000,19,53,0,1549,1549,959,0,232,687,55248.89600000003,19,False,False
132,14,-401.450437401476,-486.2391052041687,1.0,CLIENT,7,2,100000,15,142,0,1524,1526,868,0,231,502,148025.34400000007,19,False,False
132,15,-313.99951377765785,-355.4381052045724,1.0,CLIENT,7,2,100000,9,35,0,1628,1628,977,0,237,647,36485.12000000002,19,False,False
132,16,-232.41033684586094,136.9302547957315,1.0,CLIENT,7,2,100000,17,55,0,1598,1598,957,0,231,702,57333.76000000003,19,False,False
132,17,366.7552304475697,-291.2064652045916,1.0,CLIENT,7,2,100000,14,45,0,1595,1595,967,0,234,692,46909.440000000024,19,False,False
132,18,-333.7234992692298,229.65981479574083,1.0,CLIENT,7,2,100000,15,55,0,1606,1608,955,0,231,607,57333.76000000003,19,False,False
132,19,152.9599017690417,31.62153479584248,1.0,CLIENT,7,2,100000,15,31,0,1558,1558,982,0,238,736,32315.392000000014,19,False,False

133,0,-440.8984083840571,437.60557479593643,1.0,CLIENT,7,2,100000,14,51,0,1525,1525,968,0,247,663,53164.03200000003,19,False,False
133,1,485.73284573994005,381.0550147955462,1.0,CLIENT,7,2,100000,17,97,0,1482,1493,915,0,243,542,101115.90400000005,19,False,False
133,2,-304.018701842184,367.585294795542,1.0,CLIENT,7,2,100000,12,47,0,1525,1525,972,0,249,664,48994.304000000026,19,False,False
133,3,-8.55498343892129,276.8594947960105,1.0,CLIENT,7,2,100000,13,36,0,1489,1489,983,0,250,721,37527.55200000002,19,False,False
133,4,1.8218924623666284,12.36317479542464,1.0,CLIENT,7,2,100000,16,47,0,1479,1479,972,0,245,699,48994.304000000026,19,False,False
133,5,373.9635946229084,399.3114947953296,1.0,CLIENT,7,2,100000,9,43,0,1539,1539,976,0,251,647,44824.57600000002,19,False,False
133,6,-315.4253440539129,496.9391347956281,1.0,CLIENT,7,2,100000,14,51,0,1527,1527,968,0,247,701,53164.03200000003,19,False,False
133,7,126.34440327444462,444.17345479596463,1.0,CLIENT,7,2,100000,19,62,0,1489,1489,957,0,243,685,64630.784000000036,19,False,False
133,8,-434.0861081745325,194.70533479540308,1.0,CLIENT,7,2,100000,10,39,0,1544,1544,980,0,250,693,40654.84800000002,19,False,False
133,9,-194.78426010534892,347.8816547954574,1.0,CLIENT,7,2,100000,17,56,0,1492,1492,963,0,246,712,58376.19200000003,19,False,False
133,10,-437.72989665867067,464.7676547953827,1.0,CLIENT,7,2,100000,12,47,0,1536,1537,972,0,248,651,48994.304000000026,19,False,False
133,11,118.34391116747797,-74.24378520422323,1.0,CLIENT,7,2,100000,15,47,0,1502,1502,972,0,247,707,48994.304000000026,19,False,False
133,12,-117.5517867963805,-36.728945204021954,1.0,CLIENT,7,2,100000,16,49,0,1477,1477,970,0,247,700,51079.16800000003,19,False,False
133,13,167.29741732678127,-276.8461852044629,1.0,CLIENT,7,2,100000,19,58,0,1500,1500,961,0,244,667,60461.05600000003,19,False,False
133,14,134.66174655372478,-82.03618520432371,1.0,CLIENT,7,2,100000,14,54,0,1519,1519,966,0,246,685,56291.32800000003,19,False,False
133,15,128.48314868939005,-136.1377052045694,1.0,CLIENT,7,2,100000,9,31,0,1542,1542,988,0,251,698,32315.392000000014,19,False,False
133,16,179.1793362972619,208.17505479540728,1.0,CLIENT,7,2,100000,17,55,0,1482,1482,964,0,245,696,57333.76000000003,19,False,False
133,17,-79.76728446943031,-459.74494520461803,1.0,CLIENT,7,2,100000,14,53,0,1527,1530,963,0,246,624,55248.89600000003,19,False,False
133,18,-243.97540464402806,-404.7528652042479,1.0,CLIENT,7,2,100000,15,59,0,1515,1521,954,0,245,620,61503.488000000034,19,False,False
133,19,-258.86740975401983,358.0117747959835,1.0,CLIENT,7,2,100000,15,38,0,1498,1498,981,0,250,700,39612.41600000002,19,False,False

134,0,-386.95449625729833,314.8196147958785,1.0,CLIENT,7,2,100000,13,50,0,1535,1538,970,2,246,680,52121.60000000003,19,False,False
134,1,-204.2105824891335,-147.158385204429,1.0,CLIENT,7,2,100000,15,39,0,1507,1507,982,4,247,724,40654.84800000002,19,False,False
134,2,398.9948372542494,260.9407347958617,1.0,CLIENT,7,2,100000,12,56,0,1537,1539,964,3,247,632,58376.19200000003,19,False,False
134,3,-489.77270175042275,367.585294795542,1.0,CLIENT,7,2,100000,13,56,0,1512,1530,948,0,246,586,58376.19200000003,19,False,False
134,4,246.19335929194344,1.565134795793881,1.0,CLIENT,7,2,100000,16,52,0,1513,1513,971,2,244,707,54206.46400000003,19,False,False
134,5,11.961129983715866,-249.79542520473558,1.0,CLIENT,7,2,100000,9,28,0,1545,1545,995,2,251,714,29188.096000000012,19,False,False
134,6,140.84034441862238,297.5650147959385,1.0,CLIENT,7,2,100000,14,54,0,1516,1516,967,4,247,673,56291.32800000003,19,False,False
134,7,-423.6300194803069,-380.0398252041552,1.0,CLIENT,7,2,100000,20,69,0,1522,1523,951,4,239,595,71927.80800000003,19,False,False
134,8,400.18302915169147,-407.8698252042881,1.0,CLIENT,7,2,100000,11,93,0,1449,1499,881,0,248,467,96946.17600000005,19,False,False
134,9,-488.3468714736049,445.50929479575586,1.0,CLIENT,7,2,100000,18,72,0,1483,1521,913,1,240,582,75055.10400000004,19,False,False
134,10,-83.17343457475545,455.9733747954388,1.0,CLIENT,7,2,100000,12,43,0,1549,1550,979,2,247,695,44824.57600000002,19,False,False
134,11,-290.5525270090101,-461.8600252040238,1.0,CLIENT,7,2,100000,16,59,0,1529,1530,962,4,244,612,61503.488000000034,19,False,False
134,12,-311.7815555697748,-25.26298520449558,1.0,CLIENT,7,2,100000,16,55,0,1497,1497,968,2,245,706,57333.76000000003,19,False,False
134,13,-270.03641358637293,-27.04410520474454,1.0,CLIENT,7,2,100000,18,53,0,1467,1467,970,2,245,700,55248.89600000003,19,False,False
134,14,-298.47380632247626,117.11529479592798,1.0,CLIENT,7,2,100000,14,38,0,1509,1509,985,2,247,722,39612.41600000002,19,False,False
134,15,113.43271799296011,-62.8891452044158,1.0,CLIENT,7,2,100000,9,33,0,1544,1544,990,2,251,714,34400.256000000016,19,False,False
134,16,57.98376279700855,302.9083747958944,1.0,CLIENT,7,2,100000,16,56,0,1495,1495,967,2,244,701,58376.19200000003,19,False,False
134,17,-252.21353513037056,-99.62474520421154,1.0,CLIENT,7,2,100000,14,40,0,1511,1511,983,2,248,710,41697.28000000002,19,False,False
134,18,-48.00295442150237,27.16873479601105,1.0,CLIENT,7,2,100000,15,47,0,1507,1507,974,4,245,703,48994.304000000026,19,False,False
134,19,38.6558412712506,9.134894795665502,1.0,CLIENT,7,2,100000,15,33,0,1494,1494,988,4,249,722,34400.256000000016,19,False,False

135,0,-426.79853120569345,-433.80738520445306,1.0,CLIENT,7,2,100000,13,51,0,1483,1485,999,5,258,682,53164.03200000003,19,False,False
135,1,-489.9311273362981,-499.486185204735,1.0,CLIENT,7,2,100000,15,67,0,1443,1462,968,4,256,605,69842.94400000003,19,False,False
135,2,-229.558676292788,458.31109479586445,1.0,CLIENT,7,2,100000,12,45,0,1473,1482,1001,4,260,664,46909.440000000024,19,False,False
135,3,-266.4718378951725,-445.38466520448935,1.0,CLIENT,7,2,100000,13,44,0,1490,1493,1004,6,258,701,45867.00800000002,19,False,False
135,4,339.18917843546933,36.63093479585058,1.0,CLIENT,7,2,100000,16,50,0,1482,1483,1002,4,255,692,52121.60000000003,19,False,False
135,5,-397.2521593656486,-389.61334520450464,1.0,CLIENT,7,2,100000,9,29,0,1496,1496,1023,5,262,721,30230.528000000013,19,False,False
135,6,-397.6482233308997,347.2137347955618,1.0,CLIENT,7,2,100000,14,65,0,1460,1468,979,5,257,614,67758.08000000003,19,False,False
135,7,-389.6477312239331,248.0276147952432,1.0,CLIENT,7,2,100000,19,68,0,1466,1469,982,4,252,655,70885.37600000003,19,False,False
135,8,-402.79705488479345,424.9150947955468,1.0,CLIENT,7,2,100000,10,51,0,1455,1484,976,3,261,618,53164.03200000003,19,False,False
135,9,440.5815536517759,-354.1022652039902,1.0,CLIENT,7,2,100000,19,104,0,1412,1434,930,4,252,552,108412.92800000006,19,False,False
135,10,193.75449023494016,348.43825479563407,1.0,CLIENT,7,2,100000,12,45,0,1480,1488,1004,3,259,697,46909.440000000024,19,False,False
135,11,136.56285358929438,155.40937479574382,1.0,CLIENT,7,2,100000,16,49,0,1468,1468,1003,5,257,706,51079.16800000003,19,False,False
135,12,197.63591709845414,459.6469347956557,1.0,CLIENT,7,2,100000,17,66,0,1454,1476,967,4,254,571,68800.51200000003,19,False,False
135,13,186.94219002485272,-7.4517852043788935,1.0,CLIENT,7,2,100000,18,52,0,1461,1461,1000,5,256,705,54206.46400000003,19,False,False
135,14,-182.34785158317894,-384.8265852047254,1.0,CLIENT,7,2,100000,14,50,0,1474,1474,1001,6,257,717,52121.60000000003,19,False,False
135,15,-294.67159225189994,107.09649479591178,1.0,CLIENT,7,2,100000,9,32,0,1466,1466,1020,6,263,735,33357.824000000015,19,False,False
135,16,80.79704722046647,-172.76198520464618,1.0,CLIENT,7,2,100000,16,52,0,1424,1424,999,6,257,719,54206.46400000003,19,False,False
135,17,286.8295221714037,-412.8792252042962,1.0,CLIENT,7,2,100000,14,54,0,1476,1481,994,5,257,627,56291.32800000003,19,False,False
135,18,-461.25609622081896,-198.58822520430124,1.0,CLIENT,7,2,100000,15,55,0,1472,1472,996,6,256,705,57333.76000000003,19,False,False
135,19,-253.71857820012613,-265.7141852040934,1.0,CLIENT,7,2,100000,14,29,0,1444,1444,1022,6,262,736,30230.528000000013,19,False,False

136,0,-399.31169198709347,184.68653479538688,1.0,CLIENT,7,2,100000,13,53,0,1496,1497,975,1,248,684,55248.89600000003,19,False,False
136,1,462.9987741094198,-195.6939052044899,1.0,CLIENT,7,2,100000,15,59,0,1490,1492,966,2,246,640,61503.488000000034,19,False,False
136,2,250.5500629142091,426.250934795338,1.0,CLIENT,7,2,100000,12,39,0,1491,1491,990,1,251,697,40654.84800000002,19,False,False
136,3,-168.88167674944222,267.8425747958377,1.0,CLIENT,7,2,100000,13,42,0,1499,1499,987,1,249,708,43782.14400000002,19,False,False
136,4,-16.872326718201457,-392.73030520454483,1.0,CLIENT,7,2,100000,17,58,0,1487,1487,971,1,245,649,60461.05600000003,19,False,False
136,5,462.20664617835456,135.70573479565923,1.0,CLIENT,7,2,100000,9,30,0,1475,1475,999,1,253,728,31272.960000000014,19,False,False
136,6,-339.9020971335646,433.48673479526184,1.0,CLIENT,7,2,100000,14,54,0,1498,1499,975,1,247,641,56291.32800000003,19,False,False
136,7,377.84502148642235,318.93845479576214,1.0,CLIENT,7,2,100000,19,61,0,1485,1485,968,1,242,688,63588.352000000035,19,False,False
136,8,69.46961780167517,291.44241479557706,1.0,CLIENT,7,2,100000,10,22,0,1441,1442,1007,0,255,744,22933.504000000008,19,False,False
136,9,419.0356739181349,361.57401479569046,1.0,CLIENT,7,2,100000,18,61,0,1480,1480,968,1,245,686,63588.352000000035,19,False,False
136,10,3.6437867044357004,-13.351745204511474,1.0,CLIENT,7,2,100000,12,44,0,1464,1464,985,1,250,711,45867.00800000002,19,False,False
136,11,347.34809612887415,356.0080147955057,1.0,CLIENT,7,2,100000,15,50,0,1455,1455,979,1,248,695,52121.60000000003,19,False,False
136,12,232.33112049295553,53.88553479579059,1.0,CLIENT,7,2,100000,16,43,0,1416,1416,986,1,250,722,44824.57600000002,19,False,False
136,13,-334.43641440735735,236.22769479576903,1.0,CLIENT,7,2,100000,19,72,0,1471,1471,957,1,244,638,75055.10400000004,19,False,False
136,14,456.5825378657092,478.126054795668,1.0,CLIENT,7,2,100000,14,57,0,1489,1493,968,1,247,645,59418.62400000003,19,False,False
136,15,-352.4177184492351,-195.47126520426104,1.0,CLIENT,7,2,100000,9,37,0,1514,1517,990,1,252,648,38569.98400000002,19,False,False
136,16,48.79507879259984,-49.53074520413054,1.0,CLIENT,7,2,100000,16,57,0,1459,1459,971,2,246,717,59418.62400000003,19,False,False
136,17,3.01008435924584,-431.02438520436067,1.0,CLIENT,7,2,100000,14,84,0,1470,1472,945,0,247,620,87564.28800000004,19,False,False
136,18,499.0405949872386,-215.6201852040124,1.0,CLIENT,7,2,100000,15,57,0,1487,1489,969,2,246,637,59418.62400000003,19,False,False
136,19,-200.17073003861847,221.31081479546367,1.0,CLIENT,7,2,100000,15,51,0,1480,1480,978,1,248,700,53164.03200000003,19,False,False

137,0,-64.16236422131102,-17.693225204623957,1.0,CLIENT,7,2,100000,13,41,0,1379,1380,991,1,255,719,42739.71200000002,19,False,False
137,1,492.0698691912758,429.701854795326,1.0,CLIENT,7,2,100000,15,73,0,1385,1412,931,1,250,590,76097.53600000004,19,False,False
137,2,-235.9749125370614,172.77529479540277,1.0,CLIENT,7,2,100000,12,41,0,1430,1430,991,2,254,697,42739.71200000002,19,False,False
137,3,-308.2169798785743,217.9712147959856,1.0,CLIENT,7,2,100000,13,44,0,1442,1442,987,3,252,682,45867.00800000002,19,False,False
137,4,267.1055366803946,-456.5166652040679,1.0,CLIENT,7,2,100000,17,78,0,1391,1403,941,3,248,625,81309.69600000004,19,False,False
137,5,-11.169005612618399,-22.925265204069945,1.0,CLIENT,7,2,100000,9,28,0,1412,1412,1003,3,257,731,29188.096000000012,19,False,False
137,6,458.64207048715406,502.05985479535514,1.0,CLIENT,7,2,100000,14,80,0,1362,1404,911,2,250,534,83394.56000000004,19,False,False
137,7,220.3699887289744,-51.75714520404625,1.0,CLIENT,7,2,100000,19,57,0,1389,1389,973,4,248,700,59418.62400000003,19,False,False
137,8,-277.0071393823357,-489.3560652042089,1.0,CLIENT,7,2,100000,11,48,0,1387,1432,934,1,253,600,50036.736000000026,19,False,False
137,9,446.680938723173,-35.72706520417853,1.0,CLIENT,7,2,100000,18,59,0,1424,1425,973,1,247,677,61503.488000000034,19,False,False
137,10,-276.13579865777,-361.6720252046528,1.0,CLIENT,7,2,100000,12,46,0,1420,1440,965,2,253,634,47951.872000000025,19,False,False
137,11,76.99483314989014,-227.97670520445422,1.0,CLIENT,7,2,100000,14,51,0,1406,1406,981,2,252,695,53164.03200000003,19,False,False
137,12,-431.3136604143973,426.02829479590014,1.0,CLIENT,7,2,100000,17,87,0,1387,1400,931,3,248,565,90691.58400000005,19,False,False
137,13,-418.1643367535369,27.280054795729995,1.0,CLIENT,7,2,100000,19,53,0,1394,1397,976,2,250,699,55248.89600000003,19,False,False
137,14,190.11070175023917,431.8169347955228,1.0,CLIENT,7,2,100000,14,56,0,1426,1428,974,2,251,662,58376.19200000003,19,False,False
137,15,220.13235034959854,112.10589479591988,1.0,CLIENT,7,2,100000,9,28,0,1430,1430,1003,3,257,713,29188.096000000012,19,False,False
137,16,222.5087341439198,-111.98126520465337,1.0,CLIENT,7,2,100000,17,46,0,1414,1414,984,4,250,703,47951.872000000025,19,False,False
137,17,73.98474701037902,-313.4704652045397,1.0,CLIENT,7,2,100000,14,40,0,1402,1402,992,2,254,705,41697.28000000002,19,False,False
137,18,-429.96704293107985,-167.64126520412816,1.0,CLIENT,7,2,100000,15,48,0,1413,1425,971,2,250,671,50036.736000000026,19,False,False
137,19,-226.4693773603392,14.47825479562141,1.0,CLIENT,7,2,100000,15,30,0,1406,1406,1002,2,254,723,31272.960000000014,19,False,False

138,0,-36.51709941627291,239.9012547959859,1.0,CLIENT,7,2,100000,13,39,0,1390,1390,990,1,257,721,40654.84800000002,19,False,False
138,1,378.71636221098805,-191.46374520409637,1.0,CLIENT,7,2,100000,15,58,0,1421,1422,970,1,252,660,60461.05600000003,19,False,False
138,2,39.4479692023158,-486.0164652047308,1.0,CLIENT,7,2,100000,12,46,0,1432,1434,981,1,255,679,47951.872000000025,19,False,False
138,3,182.2686352297107,464.322374795716,1.0,CLIENT,7,2,100000,13,45,0,1417,1422,979,1,255,657,46909.440000000024,19,False,False
138,4,-58.77589428804147,127.46805479589199,1.0,CLIENT,7,2,100000,16,54,0,1405,1405,975,1,252,706,56291.32800000003,19,False,False
138,5,-203.81451852331946,-248.23694520471548,1.0,CLIENT,7,2,100000,9,28,0,1417,1417,1001,1,259,719,29188.096000000012,19,False,False
138,6,119.53210306492002,-301.1139452040979,1.0,CLIENT,7,2,100000,14,47,0,1402,1402,981,2,255,714,48994.304000000026,19,False,False
138,7,292.5328432775496,-264.1557052040733,1.0,CLIENT,7,2,100000,19,64,0,1408,1408,964,2,249,675,66715.64800000003,19,False,False
138,8,58.459039555760235,-185.3411452045259,1.0,CLIENT,7,2,100000,11,25,0,1406,1406,1003,2,259,725,26060.80000000001,19,False,False
138,9,-239.38106264182372,-349.87210520438765,1.0,CLIENT,7,2,100000,18,60,0,1412,1413,969,0,250,676,62545.920000000035,19,False,False
138,10,-199.93309165924262,493.4882147956401,1.0,CLIENT,7,2,100000,12,37,0,1449,1449,992,1,255,651,38569.98400000002,19,False,False
138,11,-245.32202212734546,-490.46926520456225,1.0,CLIENT,7,2,100000,15,55,0,1414,1417,971,1,253,674,57333.76000000003,19,False,False
138,12,411.1936073976064,307.36117479572584,1.0,CLIENT,7,2,100000,17,61,0,1411,1417,963,1,252,634,63588.352000000035,19,False,False
138,13,-456.0280518734247,-341.07782520444374,1.0,CLIENT,7,2,100000,19,82,0,1392,1400,940,1,248,590,85479.42400000004,19,False,False
138,14,152.722263389103,-0.2159852044550803,1.0,CLIENT,7,2,100000,14,39,0,1385,1385,990,1,256,721,40654.84800000002,19,False,False
138,15,237.00467528809756,195.59589479552756,1.0,CLIENT,7,2,100000,9,34,0,1427,1428,995,0,259,697,35442.68800000002,19,False,False
138,16,-265.8381355499826,497.16177479585696,1.0,CLIENT,7,2,100000,17,65,0,1420,1421,962,2,250,579,67758.08000000003,19,False,False
138,17,-255.77811082157103,412.2246147959481,1.0,CLIENT,7,2,100000,14,63,0,1423,1424,964,2,253,601,65673.21600000003,19,False,False
138,18,-120.6410857288293,-436.59038520454544,1.0,CLIENT,7,2,100000,15,56,0,1416,1416,973,1,252,695,58376.19200000003,19,False,False
138,19,345.3677763003669,368.69849479589533,1.0,CLIENT,7,2,100000,15,73,0,1405,1415,948,1,252,604,76097.53600000004,19,False,False

139,0,-196.84379272735669,-417.77730520458533,1.0,CLIENT,7,2,100000,13,53,0,1569,1573,971,0,246,698,55248.89600000003,19,False,False
139,1,-459.75105315106345,-167.97522520407597,1.0,CLIENT,7,2,100000,15,49,0,1556,1562,972,0,245,692,51079.16800000003,19,False,False
139,2,-62.02361880692844,-400.0774252041876,1.0,CLIENT,7,2,100000,13,50,0,1586,1586,978,0,247,635,52121.60000000003,19,False,False
139,3,343.7835204376737,171.6620947958404,1.0,CLIENT,7,2,100000,13,43,0,1572,1574,983,0,247,691,44824.57600000002,19,False,False
139,4,217.4391153829638,207.17317479556385,1.0,CLIENT,7,2,100000,16,58,0,1571,1571,970,0,243,695,60461.05600000003,19,False,False
139,5,-123.96802304065392,376.7135347954337,1.0,CLIENT,7,2,100000,9,38,0,1582,1582,990,0,251,697,39612.41600000002,19,False,False
139,6,-70.02411091389509,-314.5836652041021,1.0,CLIENT,7,2,100000,14,52,0,1578,1578,976,0,246,702,54206.46400000003,19,False,False
139,7,-456.5825414256769,-183.7826652045058,1.0,CLIENT,7,2,100000,19,68,0,1558,1564,954,0,241,669,70885.37600000003,19,False,False
139,8,-237.479955606817,-103.96622520432402,1.0,CLIENT,7,2,100000,10,24,0,1547,1547,1004,0,253,731,25018.36800000001,19,False,False
139,9,484.06937708430917,45.09125479584668,1.0,CLIENT,7,2,100000,18,81,0,1558,1559,946,0,241,626,84436.99200000004,19,False,False
139,10,-462.60271370413636,-396.7378252047095,1.0,CLIENT,7,2,100000,12,54,0,1549,1583,939,0,247,636,56291.32800000003,19,False,False
139,11,-207.1414558351441,318.7158147955333,1.0,CLIENT,7,2,100000,15,51,0,1568,1568,977,0,245,697,53164.03200000003,19,False,False
139,12,-107.88782603378294,288.7707347959946,1.0,CLIENT,7,2,100000,16,55,0,1561,1561,973,0,244,691,57333.76000000003,19,False,False
139,13,-457.77073332255617,-180.22042520400788,1.0,CLIENT,7,2,100000,19,64,0,1537,1545,957,0,244,675,66715.64800000003,19,False,False
139,14,224.72669235124008,249.5860947952633,1.0,CLIENT,7,2,100000,14,52,0,1575,1575,976,0,245,702,54206.46400000003,19,False,False
139,15,-463.63248001457737,32.178134795228175,1.0,CLIENT,7,2,100000,9,32,0,1582,1586,992,0,251,720,33357.824000000015,19,False,False
139,16,482.2474828422401,384.39461479581524,1.0,CLIENT,7,2,100000,17,80,0,1523,1559,924,0,242,575,83394.56000000004,19,False,False
139,17,-389.4893056380577,172.99793479563164,1.0,CLIENT,7,2,100000,14,36,0,1548,1548,992,0,249,705,37527.55200000002,19,False,False
139,18,71.29151204374425,293.33485479554497,1.0,CLIENT,7,2,100000,15,57,0,1573,1573,971,0,244,705,59418.62400000003,19,False,False
139,19,-147.17737142992584,96.74373479594777,1.0,CLIENT,7,2,100000,15,32,0,1533,1533,996,0,250,729,33357.824000000015,19,False,False

140,0,-357.4081244172535,207.39581479579272,1.0,CLIENT,7,2,100000,13,40,0,3745,3754,1117,1,285,828,41697.28000000002,29,False,False
140,1,-74.93530408841296,114.6662547957834,1.0,CLIENT,7,2,100000,15,39,0,3726,3726,1125,2,285,831,40654.84800000002,29,False,False
140,2,159.21771242687694,-66.89666520458047,1.0,CLIENT,7,2,100000,11,24,0,3749,3749,1139,3,289,841,25018.36800000001,29,False,False
140,3,-471.632972121544,363.0211747959916,1.0,CLIENT,7,2,100000,13,53,0,3706,3794,1057,1,282,727,55248.89600000003,29,False,False
140,4,126.18597768800645,-365.79086520453643,1.0,CLIENT,7,2,100000,16,44,0,3747,3747,1121,2,282,824,45867.00800000002,29,False,False
140,5,193.51685185500148,-233.8766652045868,1.0,CLIENT,7,2,100000,9,17,0,3757,3757,1147,2,290,831,17721.344000000005,29,False,False
140,6,500.5456380569941,-379.3719052042596,1.0,CLIENT,7,2,100000,13,46,0,3701,3764,1091,1,284,792,47951.872000000025,29,False,False
140,7,-221.08290742706964,472.44873479576427,1.0,CLIENT,7,2,100000,18,61,0,3698,3738,1086,2,279,784,63588.352000000035,29,False,False
140,8,96.48118026152342,191.6996947958728,1.0,CLIENT,7,2,100000,10,22,0,3737,3737,1141,3,289,845,22933.504000000008,29,False,False
140,9,-28.67503289574443,355.1174547953812,1.0,CLIENT,7,2,100000,16,36,0,3727,3727,1128,2,285,837,37527.55200000002,29,False,False
140,10,-398.44035126252777,177.67337479569193,1.0,CLIENT,7,2,100000,12,30,0,3719,3731,1129,1,286,839,31272.960000000014,29,False,False
140,11,-1.5050448494580055,-33.611985204772736,1.0,CLIENT,7,2,100000,14,36,0,3730,3730,1127,3,286,835,37527.55200000002,29,False,False
140,12,436.6209139947614,338.196814795389,1.0,CLIENT,7,2,100000,15,52,0,3749,3768,1093,4,282,789,54206.46400000003,29,False,False
140,13,269.085856508339,-443.7148652047503,1.0,CLIENT,7,2,100000,17,53,0,3749,3763,1105,2,281,779,55248.89600000003,29,False,False
140,14,306.47429486947516,151.40185479557914,1.0,CLIENT,7,2,100000,14,31,0,3735,3736,1132,3,286,821,32315.392000000014,29,False,False
140,15,489.69348539695454,-434.2526652041198,1.0,CLIENT,7,2,100000,9,53,0,3715,3813,1065,0,286,722,55248.89600000003,29,False,False
140,16,-486.8418284038493,-433.5847452042242,1.0,CLIENT,7,2,100000,16,71,0,3751,3794,1074,2,280,711,74012.67200000004,29,False,False
140,17,-227.10307970552907,172.8866147959127,1.0,CLIENT,7,2,100000,13,24,0,3732,3732,1140,2,289,845,25018.36800000001,29,False,False
140,18,82.14366470378386,415.45289479570727,1.0,CLIENT,7,2,100000,15,49,0,3753,3757,1112,2,282,817,51079.16800000003,29,False,False
140,19,-116.91808445119064,176.8941347952864,1.0,CLIENT,7,2,100000,14,21,0,3693,3693,1143,2,290,845,21891.072000000007,29,False,False
140,20,-467.0386301199025,-112.09258520437231,1.0,CLIENT,7,2,100000,10,28,0,3797,3801,1135,2,288,835,29188.096000000012,29,False,False
140,21,-256.96630271845027,-131.68490520473796,1.0,CLIENT,7,2,100000,17,48,0,3744,3744,1116,2,283,826,50036.736000000026,29,False,False
140,22,-56.161872114907204,-430.35646520446505,1.0,CLIENT,7,2,100000,10,29,0,3790,3790,1135,2,287,818,30230.528000000013,29,False,False
140,23,461.73136941960297,-368.35122520439995,1.0,CLIENT,7,2,100000,14,38,0,3741,3776,1104,2,285,779,39612.41600000002,29,False,False
140,24,123.73038110074751,415.898174795374,1.0,CLIENT,7,2,100000,10,24,0,3767,3771,1136,2,289,841,25018.36800000001,29,False,False
140,25,65.27133976528484,329.29121479572615,1.0,CLIENT,7,2,100000,12,28,0,3739,3739,1136,2,288,844,29188.096000000012,29,False,False
140,26,411.9065225357339,175.3356547952663,1.0,CLIENT,7,2,100000,12,43,0,3777,3780,1117,3,284,804,44824.57600000002,29,False,False
140,27,153.51439132073105,-99.95870520415934,1.0,CLIENT,7,2,100000,12,32,0,3738,3738,1131,3,287,843,33357.824000000015,29,False,False
140,28,-175.5355513730915,-413.9924252046495,1.0,CLIENT,7,2,100000,17,56,0,3760,3761,1107,3,280,801,58376.19200000003,29,False,False
140,29,-211.8942234232238,465.54689479578826,1.0,CLIENT,7,2,100000,12,39,0,3731,3758,1114,1,285,823,40654.84800000002,29,False,False

141,0,-499.04059854720634,31.955494795790287,1.0,CLIENT,7,2,100000,13,40,0,3976,3983,1096,1,281,777,41697.28000000002,29,False,False
141,1,52.28044169086265,-128.79058520413565,1.0,CLIENT,7,2,100000,15,26,0,3896,3896,1114,2,284,821,27103.23200000001,29,False,False
141,2,-52.20123245789271,310.14417479581823,1.0,CLIENT,7,2,100000,11,24,0,3951,3951,1116,2,285,823,25018.36800000001,29,False,False
141,3,94.73849881239202,-96.3964652044524,1.0,CLIENT,7,2,100000,12,38,0,3915,3915,1102,2,281,806,39612.41600000002,29,False,False
141,4,-172.84231640645672,-64.00234520476914,1.0,CLIENT,7,2,100000,16,33,0,3894,3894,1108,1,282,824,34400.256000000016,29,False,False
141,5,423.2339519545252,11.917894795757888,1.0,CLIENT,7,2,100000,9,27,0,3984,3984,1114,1,283,803,28145.66400000001,29,False,False
141,6,-41.34907979785311,-389.7246652042236,1.0,CLIENT,7,2,100000,13,40,0,3956,3956,1101,1,281,815,41697.28000000002,29,False,False
141,7,493.9709762262826,396.4171747955183,1.0,CLIENT,7,2,100000,18,84,0,3913,3988,1031,0,272,643,87564.28800000004,29,False,False
141,8,-87.21328702470761,154.4074947959004,1.0,CLIENT,7,2,100000,10,23,0,3946,3946,1117,2,285,819,23975.93600000001,29,False,False
141,9,38.73505406418827,-436.3677452043166,1.0,CLIENT,7,2,100000,17,44,0,3936,3936,1097,1,279,796,45867.00800000002,29,False,False
141,10,-437.25461989991896,-352.65510520448004,1.0,CLIENT,7,2,100000,12,48,0,3917,3946,1065,1,280,755,50036.736000000026,29,False,False
141,11,121.03714613411275,-462.63926520442936,1.0,CLIENT,7,2,100000,14,39,0,3956,3956,1102,1,281,812,40654.84800000002,29,False,False
141,12,-295.78057135584146,-261.0387452040331,1.0,CLIENT,7,2,100000,15,45,0,3953,3955,1094,1,279,799,46909.440000000024,29,False,False
141,13,170.14907787985422,-499.7088252041729,1.0,CLIENT,7,2,100000,17,53,0,3961,3961,1088,1,277,792,55248.89600000003,29,False,False
141,14,-11.72349516430775,188.5827347958326,1.0,CLIENT,7,2,100000,14,33,0,3935,3935,1107,2,282,809,34400.256000000016,29,False,False
141,15,278.98745565087523,0.6745747956694004,1.0,CLIENT,7,2,100000,9,24,0,3961,3961,1117,1,285,820,25018.36800000001,29,False,False
141,16,-310.1972997070816,-166.30542520433693,1.0,CLIENT,7,2,100000,15,48,0,3923,3924,1092,1,279,809,50036.736000000026,29,False,False
141,17,499.3574461595521,-177.66006520414436,1.0,CLIENT,7,2,100000,14,50,0,3965,3969,1090,1,281,782,52121.60000000003,29,False,False
141,18,259.3426829528038,-117.21330520409936,1.0,CLIENT,7,2,100000,15,49,0,3950,3950,1091,2,278,796,51079.16800000003,29,False,False
141,19,-461.889798565446,-379.26058520454063,1.0,CLIENT,7,2,100000,14,37,0,3931,3961,1075,0,281,772,38569.98400000002,29,False,False
141,20,128.40393589588953,134.03593479592018,1.0,CLIENT,7,2,100000,10,24,0,3942,3942,1117,1,285,824,25018.36800000001,29,False,False
141,21,-4.594343781906797,313.8177347952441,1.0,CLIENT,7,2,100000,18,47,0,3952,3952,1094,1,278,793,48994.304000000026,29,False,False
141,22,377.290531934733,-376.47758520444825,1.0,CLIENT,7,2,100000,10,29,0,3989,3990,1110,2,283,804,30230.528000000013,29,False,False
141,23,154.38573204529675,-209.94286520410867,1.0,CLIENT,7,2,100000,14,21,0,3923,3923,1119,2,285,831,21891.072000000007,29,False,False
141,24,-163.019930057421,-220.6295852040205,1.0,CLIENT,7,2,100000,10,13,0,3926,3926,1128,1,287,836,13551.616000000004,29,False,False
141,25,73.58868304512784,135.48309479543036,1.0,CLIENT,7,2,100000,13,26,0,3937,3937,1115,1,284,812,27103.23200000001,29,False,False
141,26,81.43074956565633,-469.76374520463423,1.0,CLIENT,7,2,100000,12,44,0,3953,3954,1097,1,280,800,45867.00800000002,29,False,False
141,27,-451.11685869890687,134.48121479558694,1.0,CLIENT,7,2,100000,13,40,0,3982,3985,1098,1,281,796,41697.28000000002,29,False,False
141,28,-146.4644562917983,270.1802947954724,1.0,CLIENT,7,2,100000,17,57,0,3929,3929,1083,2,276,800,59418.62400000003,29,False,False
141,29,-279.93801272834634,86.1683347957549,1.0,CLIENT,7,2,100000,12,36,0,3946,3946,1105,1,282,812,37527.55200000002,29,False,False

142,0,-175.69397695952966,346.1005347959994,1.0,CLIENT,7,2,100000,13,36,0,3931,3933,1120,2,285,818,37527.55200000002,29,False,False
142,1,-127.21574755897805,-38.955345204728644,1.0,CLIENT,7,2,100000,15,39,0,3912,3912,1117,3,284,829,40654.84800000002,29,False,False
142,2,432.10578478605754,-327.1628252047728,1.0,CLIENT,7,2,100000,11,37,0,3982,3985,1120,2,285,801,38569.98400000002,29,False,False
142,3,77.70774828801767,31.62153479584248,1.0,CLIENT,7,2,100000,12,37,0,3906,3906,1120,2,284,826,38569.98400000002,29,False,False
142,4,11.16900205265067,-436.3677452043166,1.0,CLIENT,7,2,100000,16,54,0,3948,3948,1102,3,280,806,56291.32800000003,29,False,False
142,5,383.0730658338166,-234.43326520476347,1.0,CLIENT,7,2,100000,9,33,0,3988,3988,1124,2,286,821,34400.256000000016,29,False,False
142,6,367.7849967580108,-251.91050520414137,1.0,CLIENT,7,2,100000,13,38,0,3944,3944,1119,2,284,827,39612.41600000002,29,False,False
142,7,258.7881934005516,106.31725479550624,1.0,CLIENT,7,2,100000,18,56,0,3914,3914,1101,2,280,816,58376.19200000003,29,False,False
142,8,259.5803213321796,-46.3024652043714,1.0,CLIENT,7,2,100000,10,22,0,3925,3925,1135,2,288,837,22933.504000000008,29,False,False
142,9,314.237148597066,317.491294795461,1.0,CLIENT,7,2,100000,16,51,0,3975,3977,1104,2,280,808,53164.03200000003,29,False,False
142,10,-176.48610489059487,-227.08614520432974,1.0,CLIENT,7,2,100000,12,41,0,3942,3942,1115,3,283,827,42739.71200000002,29,False,False
142,11,169.43616274116386,220.754214795287,1.0,CLIENT,7,2,100000,14,35,0,3916,3916,1122,2,285,822,36485.12000000002,29,False,False
142,12,-362.8738071434607,-209.49758520444192,1.0,CLIENT,7,2,100000,15,44,0,3931,3931,1113,2,283,821,45867.00800000002,29,False,False
142,13,-351.6255905181699,260.9407347958617,1.0,CLIENT,7,2,100000,17,56,0,3943,3951,1097,2,280,796,58376.19200000003,29,False,False
142,14,-384.89496363585346,-436.1451052040877,1.0,CLIENT,7,2,100000,14,44,0,3970,3977,1110,2,283,805,45867.00800000002,29,False,False
142,15,-101.78844096182303,-267.3839852046234,1.0,CLIENT,7,2,100000,9,24,0,3937,3937,1132,3,288,842,25018.36800000001,29,False,False
142,16,-387.27134743017467,-113.53974520467347,1.0,CLIENT,7,2,100000,15,53,0,3927,3928,1104,2,281,804,55248.89600000003,29,False,False
142,17,-125.789917282723,-213.72774520404448,1.0,CLIENT,7,2,100000,13,22,0,3908,3908,1135,2,288,839,22933.504000000008,29,False,False
142,18,-60.518575737172874,-498.7069452043295,1.0,CLIENT,7,2,100000,15,56,0,3962,3962,1100,3,280,788,58376.19200000003,29,False,False
142,19,187.25904119716623,-211.50134520412877,1.0,CLIENT,7,2,100000,14,20,0,3924,3924,1137,2,289,846,20848.640000000007,29,False,False
142,20,462.5234973506681,-474.3278652041846,1.0,CLIENT,7,2,100000,10,39,0,3961,4007,1102,2,286,753,40654.84800000002,29,False,False
142,21,-102.34293051407522,214.07501479553986,1.0,CLIENT,7,2,100000,17,38,0,3917,3917,1119,2,283,830,39612.41600000002,29,False,False
142,22,-250.55006647417682,303.687614795509,1.0,CLIENT,7,2,100000,10,24,0,3952,3954,1132,3,288,837,25018.36800000001,29,False,False
142,23,14.892003329726482,-179.88646520406007,1.0,CLIENT,7,2,100000,14,16,0,3899,3899,1139,4,290,848,16678.912000000004,29,False,False
142,24,-0.9505552977686537,200.3826547953068,1.0,CLIENT,7,2,100000,10,15,0,3923,3923,1141,3,290,838,15636.480000000005,29,False,False
142,25,471.3161173892628,229.5484947952309,1.0,CLIENT,7,2,100000,12,40,0,3989,4002,1110,2,284,809,41697.28000000002,29,False,False
142,26,413.49077839842715,161.3093347958764,1.0,CLIENT,7,2,100000,12,48,0,3946,3948,1109,0,283,804,50036.736000000026,29,False,False
142,27,-340.4565866858168,370.92489479581104,1.0,CLIENT,7,2,100000,13,40,0,3955,3968,1108,3,284,783,41697.28000000002,29,False,False
142,28,-379.3500681161457,225.98625479552396,1.0,CLIENT,7,2,100000,17,56,0,3919,3925,1096,3,279,811,58376.19200000003,29,False,False
142,29,366.3591664817558,-266.0481452040412,1.0,CLIENT,7,2,100000,12,45,0,3967,3967,1112,2,283,814,46909.440000000024,29,False,False

143,0,4.752765808377245,-277.2914652041297,1.0,CLIENT,7,2,100000,13,40,0,3764,3764,1119,3,284,821,41697.28000000002,29,False,False
143,1,259.73874691861784,-167.52994520440922,1.0,CLIENT,7,2,100000,15,45,0,3783,3783,1113,4,282,810,46909.440000000024,29,False,False
143,2,-327.62411419726993,318.8271347952522,1.0,CLIENT,7,2,100000,11,23,0,3749,3749,1134,5,288,837,23975.93600000001,29,False,False
143,3,261.63985395362454,-346.8664652040664,1.0,CLIENT,7,2,100000,12,51,0,3815,3820,1102,6,282,779,53164.03200000003,29,False,False
143,4,34.299137648422096,370.4796147953533,1.0,CLIENT,7,2,100000,16,36,0,3717,3718,1123,3,284,833,37527.55200000002,29,False,False
143,5,-9.743175335800503,446.2885347953704,1.0,CLIENT,7,2,100000,9,27,0,3783,3786,1130,3,287,827,28145.66400000001,29,False,False
143,6,40.55694830625735,-139.36598520432852,1.0,CLIENT,7,2,100000,13,36,0,3740,3740,1120,6,285,831,37527.55200000002,29,False,False
143,7,-282.3143965226676,18.708414795223973,1.0,CLIENT,7,2,100000,18,48,0,3723,3723,1110,4,280,812,50036.736000000026,29,False,False
143,8,286.1166070332762,-203.93158520425715,1.0,CLIENT,7,2,100000,10,31,0,3809,3809,1125,6,286,812,32315.392000000014,29,False,False
143,9,-403.98524678223544,240.68049479560045,1.0,CLIENT,7,2,100000,16,36,0,3726,3726,1121,5,284,821,37527.55200000002,29,False,False
143,10,-328.2578165424598,100.63993479560253,1.0,CLIENT,7,2,100000,12,36,0,3740,3740,1121,5,285,830,37527.55200000002,29,False,False
143,11,-111.69004010435927,150.84525479540247,1.0,CLIENT,7,2,100000,14,32,0,3721,3721,1126,4,286,837,33357.824000000015,29,False,False
143,12,-341.72399137563366,-240.55586520433394,1.0,CLIENT,7,2,100000,15,43,0,3747,3748,1115,3,283,814,44824.57600000002,29,False,False
143,13,-115.88831814018675,124.6850547957996,1.0,CLIENT,7,2,100000,17,35,0,3700,3700,1121,6,285,833,36485.12000000002,29,False,False
143,14,457.5330913832126,225.7636147952951,1.0,CLIENT,7,2,100000,14,41,0,3774,3793,1108,3,282,810,42739.71200000002,29,False,False
143,15,-362.398530384709,112.32853479535777,1.0,CLIENT,7,2,100000,9,25,0,3751,3751,1133,4,288,828,26060.80000000001,29,False,False
143,16,-471.23690815573,306.13665479565356,1.0,CLIENT,7,2,100000,15,55,0,3769,3769,1101,6,280,806,57333.76000000003,29,False,False
143,17,-400.18303271165917,353.67029479587103,1.0,CLIENT,7,2,100000,13,32,0,3760,3760,1124,6,286,830,33357.824000000015,29,False,False
143,18,298.15695159019504,437.04897479575976,1.0,CLIENT,7,2,100000,15,56,0,3767,3802,1079,2,280,766,58376.19200000003,29,False,False
143,19,-220.0531411166286,425.5830147954424,1.0,CLIENT,7,2,100000,14,24,0,3753,3754,1134,3,288,837,25018.36800000001,29,False,False
143,20,477.57392804709804,152.51505479593249,1.0,CLIENT,7,2,100000,10,28,0,3791,3807,1124,2,287,823,29188.096000000012,29,False,False
143,21,-450.5623691472175,-481.34102520467053,1.0,CLIENT,7,2,100000,18,73,0,3671,3783,1018,0,277,671,76097.53600000004,29,False,False
143,22,-433.13555465702916,-363.5644652046207,1.0,CLIENT,7,2,100000,10,44,0,3757,3796,1096,2,286,793,45867.00800000002,29,False,False
143,23,34.14071206254676,-13.908345204688146,1.0,CLIENT,7,2,100000,14,17,0,3719,3719,1140,5,289,844,17721.344000000005,29,False,False
143,24,369.6861037935804,456.3073347953866,1.0,CLIENT,7,2,100000,10,41,0,3750,3811,1075,2,285,759,42739.71200000002,29,False,False
143,25,-267.42239141267584,438.27349479583205,1.0,CLIENT,7,2,100000,12,28,0,3763,3763,1130,4,287,824,29188.096000000012,29,False,False
143,26,-360.4974233497023,-32.944065204086144,1.0,CLIENT,7,2,100000,12,41,0,3758,3758,1118,3,283,831,42739.71200000002,29,False,False
143,27,-458.2460100813078,-19.80830520402975,1.0,CLIENT,7,2,100000,13,30,0,3758,3758,1129,3,286,821,31272.960000000014,29,False,False
143,28,296.2558445546254,488.478814795632,1.0,CLIENT,7,2,100000,17,63,0,3743,3791,1059,1,276,765,65673.21600000003,29,False,False
143,29,427.9075067496673,30.28569479526027,1.0,CLIENT,7,2,100000,12,46,0,3790,3790,1113,3,282,816,47951.872000000025,29,False,False

144,0,-235.6580613647479,-398.5189452041675,1.0,CLIENT,7,2,100000,13,44,0,3934,3937,1100,2,280,804,45867.00800000002,29,False,False
144,1,110.97712140570117,309.25361479569375,1.0,CLIENT,7,2,100000,15,38,0,3879,3879,1105,3,281,809,39612.41600000002,29,False,False
144,2,-172.4462524406427,412.00197479571926,1.0,CLIENT,7,2,100000,11,28,0,3912,3912,1115,3,284,820,29188.096000000012,29,False,False
144,3,323.58425818735003,435.6018147954586,1.0,CLIENT,7,2,100000,12,40,0,3925,3933,1099,2,281,801,41697.28000000002,29,False,False
144,4,-421.174422893048,302.01781479576994,1.0,CLIENT,7,2,100000,16,68,0,3924,3925,1075,2,276,760,70885.37600000003,29,False,False
144,5,323.26740701503655,99.08145479558243,1.0,CLIENT,7,2,100000,9,20,0,3901,3901,1123,3,286,832,20848.640000000007,29,False,False
144,6,-86.73801026595594,-19.585665204591862,1.0,CLIENT,7,2,100000,13,28,0,3837,3837,1114,4,284,824,29188.096000000012,29,False,False
144,7,11.48585322496418,68.69109479558603,1.0,CLIENT,7,2,100000,18,52,0,3846,3846,1090,4,278,806,54206.46400000003,29,False,False
144,8,233.28167401045891,-15.244185204479379,1.0,CLIENT,7,2,100000,10,22,0,3919,3919,1122,2,285,824,22933.504000000008,29,False,False
144,9,-351.9424416904834,-211.39002520440982,1.0,CLIENT,7,2,100000,16,45,0,3887,3888,1099,2,279,803,46909.440000000024,29,False,False
144,10,-147.89028656805337,-190.12790520430514,1.0,CLIENT,7,2,100000,12,35,0,3878,3878,1109,2,282,820,36485.12000000002,29,False,False
144,11,-183.06076672130646,-41.62702520431111,1.0,CLIENT,7,2,100000,14,32,0,3863,3863,1111,3,283,823,33357.824000000015,29,False,False
144,12,356.37835454628186,-31.16294520462816,1.0,CLIENT,7,2,100000,15,50,0,3912,3912,1093,3,279,802,52121.60000000003,29,False,False
144,13,467.5931161116241,-167.64126520412816,1.0,CLIENT,7,2,100000,17,59,0,3934,3935,1085,2,276,787,61503.488000000034,29,False,False
144,14,-269.7195624134966,-33.834625204210624,1.0,CLIENT,7,2,100000,14,33,0,3890,3890,1110,3,282,818,34400.256000000016,29,False,False
144,15,-214.58745838985857,-108.53034520466537,1.0,CLIENT,7,2,100000,9,24,0,3895,3895,1120,2,285,823,25018.36800000001,29,False,False
144,16,115.09618664915384,395.63793479590373,1.0,CLIENT,7,2,100000,15,55,0,3909,3910,1088,3,277,801,57333.76000000003,29,False,False
144,17,-47.210826489874336,445.8432547957037,1.0,CLIENT,7,2,100000,13,33,0,3900,3900,1111,3,283,808,34400.256000000016,29,False,False
144,18,-184.88266096337554,-413.3245052047539,1.0,CLIENT,7,2,100000,15,55,0,3929,3931,1089,1,277,794,57333.76000000003,29,False,False
144,19,-4.356705402530955,-419.7810652042722,1.0,CLIENT,7,2,100000,14,29,0,3902,3902,1115,2,284,807,30230.528000000013,29,False,False
144,20,-312.969747466654,63.90433479580679,1.0,CLIENT,7,2,100000,10,24,0,3895,3895,1120,2,285,826,25018.36800000001,29,False,False
144,21,473.29643721777006,263.7237347959541,1.0,CLIENT,7,2,100000,17,52,0,3916,3920,1091,3,277,781,54206.46400000003,29,False,False
144,22,476.0688849773425,261.8312947959862,1.0,CLIENT,7,2,100000,10,25,0,3923,3927,1118,2,284,810,26060.80000000001,29,False,False
144,23,102.10528857416881,457.7544947956878,1.0,CLIENT,7,2,100000,14,32,0,3903,3903,1112,2,283,818,33357.824000000015,29,False,False
144,24,-84.52005205807284,-168.0865452045859,1.0,CLIENT,7,2,100000,10,18,0,3891,3891,1126,2,286,829,18763.776000000005,29,False,False
144,25,-66.8555991879458,-44.52134520412244,1.0,CLIENT,7,2,100000,12,27,0,3878,3878,1117,2,284,825,28145.66400000001,29,False,False
144,26,-222.74637608326339,375.60033479587133,1.0,CLIENT,7,2,100000,12,44,0,3912,3912,1100,2,280,807,45867.00800000002,29,False,False
144,27,-236.76704046868946,-114.76426520474575,1.0,CLIENT,7,2,100000,12,36,0,3915,3915,1108,2,282,816,37527.55200000002,29,False,False
144,28,121.90848685867844,-196.25050520466658,1.0,CLIENT,7,2,100000,17,56,0,3885,3885,1088,2,276,795,58376.19200000003,29,False,False
144,29,-228.84576115466047,-473.659945204289,1.0,CLIENT,7,2,100000,12,43,0,3910,3925,1097,1,280,795,44824.57600000002,29,False,False

145,0,162.22779856582522,-488.1315452041366,1.0,CLIENT,7,2,100000,13,61,0,3903,3933,1103,4,283,788,63588.352000000035,29,False,False
145,1,-372.3793423201829,460.9827747954469,1.0,CLIENT,7,2,100000,15,47,0,3858,3898,1099,3,283,797,48994.304000000026,29,False,False
145,2,-263.2241133762855,163.4244147952822,1.0,CLIENT,7,2,100000,11,20,0,3865,3865,1153,4,290,851,20848.640000000007,29,False,False
145,3,411.03518181116823,-319.0364652047245,1.0,CLIENT,7,2,100000,12,49,0,3902,3948,1109,4,283,758,51079.16800000003,29,False,False
145,4,-441.21525955693346,-69.23438520421513,1.0,CLIENT,7,2,100000,16,41,0,3866,3866,1132,4,284,832,42739.71200000002,29,False,False
145,5,45.864205446589224,437.1602947954787,1.0,CLIENT,7,2,100000,9,20,0,3886,3886,1153,4,290,853,20848.640000000007,29,False,False
145,6,318.98991618514566,398.86621479566287,1.0,CLIENT,7,2,100000,13,44,0,3918,3920,1125,7,284,810,45867.00800000002,29,False,False
145,7,-337.6841389256815,-7.897065204045646,1.0,CLIENT,7,2,100000,18,58,0,3860,3860,1115,4,280,826,60461.05600000003,29,False,False
145,8,-321.7623675052487,450.9639747954307,1.0,CLIENT,7,2,100000,10,25,0,3888,3904,1138,4,289,837,26060.80000000001,29,False,False
145,9,-305.6029577048772,405.8793747953578,1.0,CLIENT,7,2,100000,16,35,0,3838,3848,1129,4,286,828,36485.12000000002,29,False,False
145,10,-286.1958233861816,-31.496905204575967,1.0,CLIENT,7,2,100000,12,37,0,3869,3870,1136,3,286,841,38569.98400000002,29,False,False
145,11,-113.11587038061433,-335.73446520448783,1.0,CLIENT,7,2,100000,14,41,0,3896,3896,1129,7,284,836,42739.71200000002,29,False,False
145,12,-227.10307970552907,383.83801479563857,1.0,CLIENT,7,2,100000,15,38,0,3851,3853,1134,4,285,829,39612.41600000002,29,False,False
145,13,-134.66175011425534,344.8760147959271,1.0,CLIENT,7,2,100000,17,45,0,3860,3861,1128,3,283,832,46909.440000000024,29,False,False
145,14,328.8123025341814,480.3524547955837,1.0,CLIENT,7,2,100000,14,43,0,3900,3908,1122,7,284,798,44824.57600000002,29,False,False
145,15,383.78598097194407,315.82149479572195,1.0,CLIENT,7,2,100000,9,31,0,3923,3924,1138,7,288,828,32315.392000000014,29,False,False
145,16,-462.76113929001167,323.1686147953647,1.0,CLIENT,7,2,100000,15,48,0,3835,3857,1109,2,283,823,50036.736000000026,29,False,False
145,17,-387.3505602231123,40.63845479522428,1.0,CLIENT,7,2,100000,13,28,0,3881,3881,1145,4,288,830,29188.096000000012,29,False,False
145,18,-355.98229414043556,-35.615745204459586,1.0,CLIENT,7,2,100000,15,49,0,3875,3875,1124,4,282,822,51079.16800000003,29,False,False
145,19,426.00639971409765,-436.7017052042644,1.0,CLIENT,7,2,100000,14,54,0,3764,3930,1067,2,282,730,56291.32800000003,29,False,False
145,20,-311.3062788110231,-81.14562520419923,1.0,CLIENT,7,2,100000,10,24,0,3875,3875,1149,4,289,840,25018.36800000001,29,False,False
145,21,-182.8231283419306,-495.14470520462254,1.0,CLIENT,7,2,100000,17,55,0,3913,3927,1115,4,281,802,57333.76000000003,29,False,False
145,22,45.864205446589224,255.37473479567694,1.0,CLIENT,7,2,100000,10,14,0,3870,3870,1159,4,291,850,14594.048000000004,29,False,False
145,23,435.19508371850634,-122.77930520428413,1.0,CLIENT,7,2,100000,14,47,0,3917,3924,1124,4,284,806,48994.304000000026,29,False,False
145,24,-436.93776872760543,7.576414795645405,1.0,CLIENT,7,2,100000,10,19,0,3877,3878,1154,4,290,854,19806.208000000006,29,False,False
145,25,-500.54564161696186,351.88917479562207,1.0,CLIENT,7,2,100000,12,28,0,3843,3884,1117,4,288,818,29188.096000000012,29,False,False
145,26,155.57392394217595,-194.69202520464648,1.0,CLIENT,7,2,100000,12,47,0,3903,3903,1125,5,284,820,48994.304000000026,29,False,False
145,27,160.48511711669383,237.22957479561245,1.0,CLIENT,7,2,100000,12,32,0,3884,3884,1139,6,287,844,33357.824000000015,29,False,False
145,28,73.35104466518916,351.6665347953932,1.0,CLIENT,7,2,100000,17,56,0,3870,3870,1116,5,280,820,58376.19200000003,29,False,False
145,29,197.95276827076765,465.43557479527834,1.0,CLIENT,7,2,100000,12,42,0,3900,3905,1127,6,284,810,43782.14400000002,29,False,False

146,0,393.2123033551659,-297.21774520444313,1.0,CLIENT,7,2,100000,13,40,0,3920,3920,1080,0,275,789,41697.28000000002,29,False,False
146,1,178.94169791788607,440.9451747954145,1.0,CLIENT,7,2,100000,15,47,0,3931,3931,1073,0,273,782,48994.304000000026,29,False,False
146,2,429.1749114400469,162.8678147958965,1.0,CLIENT,7,2,100000,11,27,0,3909,3909,1093,0,278,789,28145.66400000001,29,False,False
146,3,448.1067689999909,-167.41862520469027,1.0,CLIENT,7,2,100000,12,39,0,3918,3918,1081,0,275,786,40654.84800000002,29,False,False
146,4,-35.01205634708019,302.2404547959988,1.0,CLIENT,7,2,100000,16,47,0,3886,3886,1074,0,273,777,48994.304000000026,29,False,False
146,5,-382.51857984153213,32.84605479591477,1.0,CLIENT,7,2,100000,9,32,0,3947,3947,1088,0,277,802,33357.824000000015,29,False,False
146,6,22.17958029856561,-38.955345204728644,1.0,CLIENT,7,2,100000,13,33,0,3867,3867,1087,0,276,802,34400.256000000016,29,False,False
146,7,-46.26027297237097,67.46657479551374,1.0,CLIENT,7,2,100000,18,52,0,3837,3837,1068,0,272,793,54206.46400000003,29,False,False
146,8,113.82878195877412,168.7677747952381,1.0,CLIENT,7,2,100000,10,21,0,3879,3879,1099,0,279,817,21891.072000000007,29,False,False
146,9,271.77909147553663,185.4657747957924,1.0,CLIENT,7,2,100000,16,46,0,3884,3884,1074,0,274,796,47951.872000000025,29,False,False
146,10,-39.68561114222221,-424.5678252040514,1.0,CLIENT,7,2,100000,12,44,0,3925,3925,1076,0,274,784,45867.00800000002,29,False,False
146,11,223.22164928204734,240.68049479560045,1.0,CLIENT,7,2,100000,14,33,0,3871,3871,1087,0,276,805,34400.256000000016,29,False,False
146,12,254.82755374409996,208.9542947958128,1.0,CLIENT,7,2,100000,15,40,0,3871,3871,1080,0,275,793,41697.28000000002,29,False,False
146,13,271.62066588909846,-375.25306520437596,1.0,CLIENT,7,2,100000,17,56,0,3919,3919,1064,0,271,781,58376.19200000003,29,False,False
146,14,4.515127429001403,-85.37578520459277,1.0,CLIENT,7,2,100000,14,29,0,3868,3868,1091,0,277,809,30230.528000000013,29,False,False
146,15,-216.0925014596141,473.67325479583656,1.0,CLIENT,7,2,100000,9,36,0,3960,3964,1083,0,277,751,37527.55200000002,29,False,False
146,16,33.903073683170916,-215.84282520424125,1.0,CLIENT,7,2,100000,15,48,0,3877,3877,1072,0,273,790,50036.736000000026,29,False,False
146,17,-13.783027785752664,475.12041479534673,1.0,CLIENT,7,2,100000,13,36,0,3906,3906,1084,0,276,804,37527.55200000002,29,False,False
146,18,118.50233675391614,-86.60030520466506,1.0,CLIENT,7,2,100000,15,38,0,3839,3839,1082,0,275,800,39612.41600000002,29,False,False
146,19,352.7345660621437,-82.14750520404266,1.0,CLIENT,7,2,100000,14,20,0,3865,3865,1100,0,280,807,20848.640000000007,29,False,False
146,20,496.18893443416556,-147.71498520460568,1.0,CLIENT,7,2,100000,10,28,0,3942,3942,1092,0,278,798,29188.096000000012,29,False,False
146,21,-243.26248950590053,65.24017479559802,1.0,CLIENT,7,2,100000,18,45,0,3891,3891,1075,0,273,796,46909.440000000024,29,False,False
146,22,235.0243554595903,350.7759747952687,1.0,CLIENT,7,2,100000,10,25,0,3913,3913,1095,0,279,804,26060.80000000001,29,False,False
146,23,-444.62140966169585,-84.03994520401056,1.0,CLIENT,7,2,100000,14,48,0,3938,3938,1072,0,274,780,50036.736000000026,29,False,False
146,24,-203.73530572981895,202.38641479578462,1.0,CLIENT,7,2,100000,10,20,0,3896,3896,1100,0,280,817,20848.640000000007,29,False,False
146,25,65.35055255878534,-169.75634520432493,1.0,CLIENT,7,2,100000,12,21,0,3859,3859,1099,0,279,811,21891.072000000007,29,False,False
146,26,341.8032006091664,-79.4758252044602,1.0,CLIENT,7,2,100000,12,40,0,3885,3885,1080,0,275,793,41697.28000000002,29,False,False
146,27,389.33087649165185,210.1788147958851,1.0,CLIENT,7,2,100000,12,32,0,3904,3904,1088,0,277,805,33357.824000000015,29,False,False
146,28,-104.64010151489597,42.86485479593097,1.0,CLIENT,7,2,100000,17,50,0,3850,3850,1070,0,271,795,52121.60000000003,29,False,False
146,29,-293.4834003550207,-282.18954520441883,1.0,CLIENT,7,2,100000,12,48,0,3938,3938,1072,0,273,774,50036.736000000026,29,False,False

147,0,-20.357689616464267,-323.0439852040982,1.0,CLIENT,7,2,100000,13,41,0,4007,4007,1086,2,275,796,42739.71200000002,29,False,False
147,1,453.65166451913575,-184.45058520440142,1.0,CLIENT,7,2,100000,15,48,0,4030,4031,1080,1,273,796,50036.736000000026,29,False,False
147,2,340.29815753941085,-442.9356252043448,1.0,CLIENT,7,2,100000,11,54,0,4034,4034,1074,1,276,745,56291.32800000003,29,False,False
147,3,-150.02903198299882,-317.58930520442334,1.0,CLIENT,7,2,100000,12,43,0,4037,4037,1085,1,274,799,44824.57600000002,29,False,False
147,4,30.33849799197044,343.09489479567816,1.0,CLIENT,7,2,100000,16,44,0,3988,3988,1084,1,272,793,45867.00800000002,29,False,False
147,5,338.7139016767176,-428.2413852042683,1.0,CLIENT,7,2,100000,9,38,0,4044,4045,1090,0,277,778,39612.41600000002,29,False,False
147,6,130.14661734502093,273.85385479568924,1.0,CLIENT,7,2,100000,13,36,0,3968,3968,1092,1,276,811,37527.55200000002,29,False,False
147,7,264.09545054088346,104.53613479525728,1.0,CLIENT,7,2,100000,18,51,0,3944,3944,1076,2,272,797,53164.03200000003,29,False,False
147,8,-492.2282983376817,-348.0909852041387,1.0,CLIENT,7,2,100000,10,39,0,4043,4070,1082,1,276,736,40654.84800000002,29,False,False
147,9,-306.0782344641917,-150.94326520436482,1.0,CLIENT,7,2,100000,16,50,0,3993,3994,1078,0,273,790,52121.60000000003,29,False,False
147,10,-95.68905589042595,-92.27762520456878,1.0,CLIENT,7,2,100000,12,32,0,3958,3958,1096,1,277,813,33357.824000000015,29,False,False
147,11,222.904798109171,-197.69766520417676,1.0,CLIENT,7,2,100000,14,33,0,3966,3966,1095,1,276,807,34400.256000000016,29,False,False
147,12,-16.08019878713626,368.2532147954376,1.0,CLIENT,7,2,100000,15,44,0,3991,3991,1083,2,274,795,45867.00800000002,29,False,False
147,13,249.20344543089172,95.51921479587548,1.0,CLIENT,7,2,100000,17,46,0,3975,3975,1081,2,273,801,47951.872000000025,29,False,False
147,14,414.75818308880685,94.73997479546995,1.0,CLIENT,7,2,100000,14,33,0,3987,3988,1094,1,276,808,34400.256000000016,29,False,False
147,15,13.941449812223112,96.85505479566672,1.0,CLIENT,7,2,100000,9,16,0,3964,3964,1112,1,281,824,16678.912000000004,29,False,False
147,16,328.5746641548056,209.1769347952507,1.0,CLIENT,7,2,100000,15,49,0,3976,3976,1078,2,272,795,51079.16800000003,29,False,False
147,17,-86.18352071370374,404.2095747956188,1.0,CLIENT,7,2,100000,13,34,0,3995,3995,1093,2,276,800,35442.68800000002,29,False,False
147,18,318.514639426394,21.825374795264167,1.0,CLIENT,7,2,100000,15,45,0,3962,3962,1082,2,273,795,46909.440000000024,29,False,False
147,19,161.59409622063538,353.44765479564217,1.0,CLIENT,7,2,100000,14,24,0,3984,3986,1102,2,279,813,25018.36800000001,29,False,False
147,20,-4.435918195468622,-14.242305204635954,1.0,CLIENT,7,2,100000,10,14,0,3939,3939,1114,1,281,832,14594.048000000004,29,False,False
147,21,497.2979135381072,171.21681479538267,1.0,CLIENT,7,2,100000,17,46,0,3980,3986,1076,1,273,782,47951.872000000025,29,False,False
147,22,-468.8605243619716,-303.1177052045757,1.0,CLIENT,7,2,100000,10,35,0,4067,4073,1090,1,276,764,36485.12000000002,29,False,False
147,23,-351.78401610460804,317.6026147959709,1.0,CLIENT,7,2,100000,14,41,0,4024,4029,1084,1,274,780,42739.71200000002,29,False,False
147,24,184.64501902403197,328.7346147955495,1.0,CLIENT,7,2,100000,10,12,0,3970,3970,1115,2,282,823,12509.184000000003,29,False,False
147,25,414.2829063300552,-13.908345204688146,1.0,CLIENT,7,2,100000,12,26,0,3988,3988,1102,1,278,811,27103.23200000001,29,False,False
147,26,-183.4568306871205,223.6485347958893,1.0,CLIENT,7,2,100000,12,38,0,3972,3972,1090,1,275,806,39612.41600000002,29,False,False
147,27,-294.4339538725241,69.91561479565831,1.0,CLIENT,7,2,100000,13,41,0,4019,4019,1087,1,275,787,42739.71200000002,29,False,False
147,28,-98.06543968418438,213.18445479541538,1.0,CLIENT,7,2,100000,17,49,0,3941,3941,1080,1,272,805,51079.16800000003,29,False,False
147,29,-31.9227574146314,15.814094795412643,1.0,CLIENT,7,2,100000,12,28,0,3945,3945,1100,1,278,815,29188.096000000012,29,False,False

148,0,-343.6250984112032,-142.48294520436872,1.0,CLIENT,7,2,100000,13,40,0,3789,3789,1118,2,285,823,41697.28000000002,29,False,False
148,1,-276.84871379589754,-424.67914520456134,1.0,CLIENT,7,2,100000,15,48,0,3813,3813,1109,3,283,778,50036.736000000026,29,False,False
148,2,324.69323729129155,-325.047745204576,1.0,CLIENT,7,2,100000,11,28,0,3786,3796,1126,2,288,821,29188.096000000012,29,False,False
148,3,192.1702343716841,424.581134795599,1.0,CLIENT,7,2,100000,13,46,0,3829,3830,1109,4,283,793,47951.872000000025,29,False,False
148,4,-300.69176453035936,262.165254795934,1.0,CLIENT,7,2,100000,16,34,0,3731,3734,1121,2,285,832,35442.68800000002,29,False,False
148,5,176.32767574418895,38.30073479558962,1.0,CLIENT,7,2,100000,9,20,0,3757,3757,1138,2,290,837,20848.640000000007,29,False,False
148,6,118.02705999516445,-465.5335852042407,1.0,CLIENT,7,2,100000,13,33,0,3758,3764,1123,2,286,824,34400.256000000016,29,False,False
148,7,-451.27528428534504,445.9545747954226,1.0,CLIENT,7,2,100000,18,71,0,3692,3802,1041,0,277,737,74012.67200000004,29,False,False
148,8,-98.54071644349891,-185.45246520424485,1.0,CLIENT,7,2,100000,10,22,0,3747,3747,1134,4,289,841,22933.504000000008,29,False,False
148,9,-116.52202048537661,-458.7430652047746,1.0,CLIENT,7,2,100000,16,45,0,3783,3783,1113,2,283,815,46909.440000000024,29,False,False
148,10,-112.32374244898628,160.9753747959286,1.0,CLIENT,7,2,100000,12,31,0,3741,3741,1127,2,287,839,32315.392000000014,29,False,False
148,11,-391.1527742936887,-104.63414520421964,1.0,CLIENT,7,2,100000,14,35,0,3767,3767,1123,2,286,828,36485.12000000002,29,False,False
148,12,-12.911687061186962,206.83921479561604,1.0,CLIENT,7,2,100000,15,38,0,3746,3746,1120,2,285,831,39612.41600000002,29,False,False
148,13,85.787453187922,381.16633479526513,1.0,CLIENT,7,2,100000,17,46,0,3776,3777,1110,3,282,811,47951.872000000025,29,False,False
148,14,-131.88930235412008,-266.382105203989,1.0,CLIENT,7,2,100000,14,32,0,3776,3776,1125,3,286,813,33357.824000000015,29,False,False
148,15,118.58154954685381,-169.86766520404387,1.0,CLIENT,7,2,100000,9,24,0,3773,3773,1134,2,289,831,25018.36800000001,29,False,False
148,16,272.01672985491246,-184.78454520434923,1.0,CLIENT,7,2,100000,16,53,0,3782,3782,1105,2,281,809,55248.89600000003,29,False,False
148,17,-498.80296016783046,-57.99106520412664,1.0,CLIENT,7,2,100000,14,42,0,3796,3797,1116,2,285,800,43782.14400000002,29,False,False
148,18,-264.4915180666652,297.2310547959907,1.0,CLIENT,7,2,100000,15,47,0,3776,3777,1110,2,282,822,48994.304000000026,29,False,False
148,19,154.54415763173492,24.49705479563761,1.0,CLIENT,7,2,100000,14,26,0,3777,3777,1130,4,288,836,27103.23200000001,29,False,False
148,20,413.0947144326131,-484.56930520442967,1.0,CLIENT,7,2,100000,10,56,0,3690,3801,1049,0,286,729,58376.19200000003,29,False,False
148,21,340.1397319529727,-429.0206252046738,1.0,CLIENT,7,2,100000,18,51,0,3738,3783,1086,2,282,780,53164.03200000003,29,False,False
148,22,-21.86273268621983,-15.244185204479379,1.0,CLIENT,7,2,100000,10,17,0,3772,3772,1139,4,290,840,17721.344000000005,29,False,False
148,23,-467.83075805096775,158.86029479573182,1.0,CLIENT,7,2,100000,14,30,0,3773,3779,1124,2,287,836,31272.960000000014,29,False,False
148,24,318.514639426394,-183.7826652045058,1.0,CLIENT,7,2,100000,10,26,0,3811,3813,1130,2,288,818,27103.23200000001,29,False,False
148,25,-336.8127982011158,452.8564147953986,1.0,CLIENT,7,2,100000,12,34,0,3735,3801,1087,2,286,788,35442.68800000002,29,False,False
148,26,-14.416730130942524,101.1965347957792,1.0,CLIENT,7,2,100000,12,34,0,3748,3748,1123,3,286,819,35442.68800000002,29,False,False
148,27,-426.6401056192552,324.8384147958947,1.0,CLIENT,7,2,100000,13,39,0,3736,3777,1097,0,286,792,40654.84800000002,29,False,False
148,28,257.6000015036724,438.7187747954988,1.0,CLIENT,7,2,100000,17,61,0,3829,3834,1094,2,278,779,63588.352000000035,29,False,False
148,29,277.1655614088062,-498.59562520461054,1.0,CLIENT,7,2,100000,12,51,0,3762,3807,1083,2,283,777,53164.03200000003,29,False,False

149,0,-264.2538796872894,81.49289479569461,1.0,CLIENT,7,2,100000,13,40,0,3960,3960,1114,6,278,822,41697.28000000002,29,False,False
149,1,-464.66224632558124,489.92597479593314,1.0,CLIENT,7,2,100000,15,98,0,3889,3983,1010,4,271,666,102158.33600000005,29,False,False
149,2,-325.88143274813854,228.6579347958974,1.0,CLIENT,7,2,100000,11,26,0,3961,3961,1128,6,282,826,27103.23200000001,29,False,False
149,3,-174.90184902790162,-87.49086520399857,1.0,CLIENT,7,2,100000,12,39,0,3936,3936,1112,9,278,823,40654.84800000002,29,False,False
149,4,355.03173706296445,65.90809479549364,1.0,CLIENT,7,2,100000,16,46,0,3957,3957,1109,5,275,803,47951.872000000025,29,False,False
149,5,68.83591545648531,127.46805479589199,1.0,CLIENT,7,2,100000,9,20,0,3960,3960,1132,8,283,846,20848.640000000007,29,False,False
149,6,-378.7955785644563,121.34545479553054,1.0,CLIENT,7,2,100000,13,37,0,3972,3972,1118,5,278,831,38569.98400000002,29,False,False
149,7,-105.66986782589986,62.56849479522458,1.0,CLIENT,7,2,100000,18,52,0,3908,3908,1100,8,275,821,54206.46400000003,29,False,False
149,8,-373.25068304474865,78.26461479593547,1.0,CLIENT,7,2,100000,10,19,0,3958,3959,1136,4,282,833,19806.208000000006,29,False,False
149,9,328.89151532768193,-449.16954520442516,1.0,CLIENT,7,2,100000,16,57,0,3936,3978,1061,5,275,756,59418.62400000003,29,False,False
149,10,292.37441769111143,-482.4542252042329,1.0,CLIENT,7,2,100000,12,45,0,3961,3991,1082,5,277,756,46909.440000000024,29,False,False
149,11,-333.7234992692298,-416.9980652041798,1.0,CLIENT,7,2,100000,14,47,0,3990,3990,1107,6,276,805,48994.304000000026,29,False,False
149,12,130.4634685178973,-148.7168652044491,1.0,CLIENT,7,2,100000,15,35,0,3920,3920,1118,7,279,834,36485.12000000002,29,False,False
149,13,-484.38623181659034,-375.25306520437596,1.0,CLIENT,7,2,100000,17,55,0,3981,3994,1087,8,274,789,57333.76000000003,29,False,False
149,14,339.5852424012833,44.53465479567001,1.0,CLIENT,7,2,100000,14,28,0,3933,3934,1125,6,280,832,29188.096000000012,29,False,False
149,15,468.1476056633135,-193.801465204522,1.0,CLIENT,7,2,100000,9,25,0,3960,3982,1112,6,282,830,26060.80000000001,29,False,False
149,16,393.8460057003557,-64.22498520420703,1.0,CLIENT,7,2,100000,15,58,0,3972,3973,1095,6,274,805,60461.05600000003,29,False,False
149,17,38.10135171899841,-7.897065204045646,1.0,CLIENT,7,2,100000,13,20,0,3922,3922,1133,7,283,848,20848.640000000007,29,False,False
149,18,-372.53776790662107,-199.70142520465458,1.0,CLIENT,7,2,100000,15,43,0,3933,3934,1108,8,276,815,44824.57600000002,29,False,False
149,19,-467.9099708444682,-69.34570520472505,1.0,CLIENT,7,2,100000,14,27,0,3965,3965,1127,6,281,827,28145.66400000001,29,False,False
149,20,-164.44576033367605,183.5733347958245,1.0,CLIENT,7,2,100000,10,25,0,3969,3970,1130,4,282,833,26060.80000000001,29,False,False
149,21,-490.01034012979864,-137.91882520402737,1.0,CLIENT,7,2,100000,17,45,0,3955,3955,1108,7,276,804,46909.440000000024,29,False,False
149,22,-444.30455848938226,261.1633747952996,1.0,CLIENT,7,2,100000,10,24,0,3985,3991,1129,5,282,820,25018.36800000001,29,False,False
149,23,95.76826512339589,-47.08170520398596,1.0,CLIENT,7,2,100000,14,22,0,3938,3938,1130,8,282,841,22933.504000000008,29,False,False
149,24,247.06470001650914,261.05205479558066,1.0,CLIENT,7,2,100000,10,28,0,3992,3992,1123,9,281,821,29188.096000000012,29,False,False
149,25,53.943910346493546,-347.4230652042431,1.0,CLIENT,7,2,100000,12,28,0,3952,3952,1126,6,281,840,29188.096000000012,29,False,False
149,26,14.97121612322699,-274.6197852045472,1.0,CLIENT,7,2,100000,12,37,0,3941,3941,1117,6,278,827,38569.98400000002,29,False,False
149,27,-158.26716246934132,-359.1116652039983,1.0,CLIENT,7,2,100000,12,32,0,3952,3952,1122,6,280,830,33357.824000000015,29,False,False
149,28,186.15006209322468,127.02277479543426,1.0,CLIENT,7,2,100000,17,54,0,3950,3950,1098,8,273,812,56291.32800000003,29,False,False
149,29,410.6391178453542,203.05433479568023,1.0,CLIENT,7,2,100000,12,48,0,4003,4007,1103,7,276,781,50036.736000000026,29,False,False

150,0,320.2573208755254,-105.74734520457298,1.0,CLIENT,7,2,100000,13,36,0,3739,3739,1092,0,276,816,37527.55200000002,29,False,False
150,1,358.91316392647843,-347.2004252040142,1.0,CLIENT,7,2,100000,15,48,0,3776,3777,1080,0,273,784,50036.736000000026,29,False,False
150,2,320.2573208755254,312.259254795224,1.0,CLIENT,7,2,100000,11,25,0,3757,3757,1103,0,279,805,26060.80000000001,29,False,False
150,3,139.73136531468083,310.3668147952561,1.0,CLIENT,7,2,100000,12,40,0,3769,3769,1088,0,275,809,41697.28000000002,29,False,False
150,4,79.84649370296309,118.56245479543816,1.0,CLIENT,7,2,100000,16,33,0,3713,3713,1095,0,275,808,34400.256000000016,29,False,False
150,5,302.98893197177523,-412.4339452046294,1.0,CLIENT,7,2,100000,9,31,0,3798,3799,1097,0,277,798,32315.392000000014,29,False,False
150,6,147.65264462870982,432.2622147959805,1.0,CLIENT,7,2,100000,13,46,0,3779,3779,1082,0,274,791,47951.872000000025,29,False,False
150,7,47.44846130928246,-474.21654520446566,1.0,CLIENT,7,2,100000,18,66,0,3780,3781,1061,0,268,769,68800.51200000003,29,False,False
150,8,-110.58106100041772,435.2678547955108,1.0,CLIENT,7,2,100000,10,21,0,3789,3789,1107,0,279,822,21891.072000000007,29,False,False
150,9,-221.399758599946,46.872374795304665,1.0,CLIENT,7,2,100000,16,36,0,3727,3727,1092,0,276,811,37527.55200000002,29,False,False
150,10,-198.66568696942576,203.16565479539918,1.0,CLIENT,7,2,100000,12,44,0,3763,3763,1084,0,274,803,45867.00800000002,29,False,False
150,11,-477.73235719350396,-220.6295852040205,1.0,CLIENT,7,2,100000,14,54,0,3805,3807,1072,0,272,766,56291.32800000003,29,False,False
150,12,-383.23149498022246,149.84337479555904,1.0,CLIENT,7,2,100000,15,49,0,3774,3774,1079,0,272,792,51079.16800000003,29,False,False
150,13,-4.1982798160927794,-107.30582520459308,1.0,CLIENT,7,2,100000,17,38,0,3718,3718,1090,0,275,813,39612.41600000002,29,False,False
150,14,298.55301555600903,66.90997479533706,1.0,CLIENT,7,2,100000,14,35,0,3755,3755,1093,0,276,802,36485.12000000002,29,False,False
150,15,-172.05018847482867,-430.35646520446505,1.0,CLIENT,7,2,100000,9,30,0,3793,3795,1097,0,278,797,31272.960000000014,29,False,False
150,16,230.11316228507246,81.04761479523688,1.0,CLIENT,7,2,100000,15,47,0,3727,3727,1081,0,273,798,48994.304000000026,29,False,False
150,17,-63.449449083183495,390.96249479584344,1.0,CLIENT,7,2,100000,13,36,0,3772,3772,1092,0,276,809,37527.55200000002,29,False,False
150,18,-478.92054909038313,168.65645479551915,1.0,CLIENT,7,2,100000,15,65,0,3793,3793,1063,0,271,747,67758.08000000003,29,False,False
150,19,65.033701385909,-265.7141852040934,1.0,CLIENT,7,2,100000,14,23,0,3749,3749,1105,0,279,809,23975.93600000001,29,False,False
150,20,-48.87429514606808,-333.28542520434326,1.0,CLIENT,7,2,100000,10,25,0,3772,3772,1103,0,279,813,26060.80000000001,29,False,False
150,21,8.396554292515388,251.92381479568894,1.0,CLIENT,7,2,100000,17,30,0,3703,3703,1098,0,277,810,31272.960000000014,29,False,False
150,22,117.31414485703692,-227.97670520445422,1.0,CLIENT,7,2,100000,10,24,0,3765,3765,1104,0,279,813,25018.36800000001,29,False,False
150,23,13.466173053471428,102.64369479528938,1.0,CLIENT,7,2,100000,14,20,0,3723,3723,1108,0,280,827,20848.640000000007,29,False,False
150,24,390.0437916297793,463.0978547956437,1.0,CLIENT,7,2,100000,10,36,0,3823,3834,1086,0,276,786,37527.55200000002,29,False,False
150,25,169.67380112110254,-351.2079452041789,1.0,CLIENT,7,2,100000,12,28,0,3766,3766,1100,0,278,801,29188.096000000012,29,False,False
150,26,95.21377557170655,4.904734795271963,1.0,CLIENT,7,2,100000,12,32,0,3711,3711,1096,0,277,817,33357.824000000015,29,False,False
150,27,82.46051587609736,-343.1929052046405,1.0,CLIENT,7,2,100000,12,38,0,3774,3774,1090,0,275,783,39612.41600000002,29,False,False
150,28,289.9188211038525,206.28261479543937,1.0,CLIENT,7,2,100000,17,56,0,3721,3721,1072,0,270,781,58376.19200000003,29,False,False
150,29,326.99040829211236,-46.525105204600266,1.0,CLIENT,7,2,100000,12,36,0,3757,3757,1092,0,276,807,37527.55200000002,29,False,False

151,0,254.35227698478542,322.05541479580233,1.0,CLIENT,7,2,100000,13,40,0,3732,3733,1093,0,277,809,41697.28000000002,29,False,False
151,1,-233.04403919105079,383.50405479569076,1.0,CLIENT,7,2,100000,15,46,0,3750,3755,1082,0,275,789,47951.872000000025,29,False,False
151,2,32.31881781991485,128.3586147952255,1.0,CLIENT,7,2,100000,11,16,0,3668,3668,1117,0,283,831,16678.912000000004,29,False,False
151,3,-230.66765539672954,-121.55478520421184,1.0,CLIENT,7,2,100000,12,37,0,3729,3729,1096,0,277,806,38569.98400000002,29,False,False
151,4,159.53456359919045,304.4668547959145,1.0,CLIENT,7,2,100000,16,36,0,3683,3683,1097,0,277,801,37527.55200000002,29,False,False
151,5,-333.2482225099153,-43.519465204279015,1.0,CLIENT,7,2,100000,9,20,0,3709,3709,1113,0,282,810,20848.640000000007,29,False,False
151,6,335.22853877845483,367.9192547954898,1.0,CLIENT,7,2,100000,13,42,0,3724,3728,1088,0,276,809,43782.14400000002,29,False,False
151,7,-10.45609047392803,-351.43058520440775,1.0,CLIENT,7,2,100000,18,65,0,3719,3719,1068,0,270,789,67758.08000000003,29,False,False
151,8,32.081179440539,332.1855347955375,1.0,CLIENT,7,2,100000,10,24,0,3728,3728,1109,0,281,813,25018.36800000001,29,False,False
151,9,181.87257126389667,-232.6521452045145,1.0,CLIENT,7,2,100000,16,42,0,3694,3694,1091,0,276,806,43782.14400000002,29,False,False
151,10,497.13948795166897,-425.1244252042281,1.0,CLIENT,7,2,100000,12,58,0,3753,3771,1069,0,275,723,60461.05600000003,29,False,False
151,11,184.0113166788421,83.38533479566252,1.0,CLIENT,7,2,100000,14,36,0,3695,3695,1097,0,278,815,37527.55200000002,29,False,False
151,12,425.68954854178406,88.0607747957228,1.0,CLIENT,7,2,100000,15,39,0,3693,3693,1094,0,277,804,40654.84800000002,29,False,False
151,13,194.38819257956717,147.17169479597658,1.0,CLIENT,7,2,100000,17,32,0,3656,3656,1101,0,278,814,33357.824000000015,29,False,False
151,14,-230.58844260379186,-221.29750520470708,1.0,CLIENT,7,2,100000,14,41,0,3734,3734,1092,0,276,804,42739.71200000002,29,False,False
151,15,-210.30996756053057,52.772334795437246,1.0,CLIENT,7,2,100000,9,24,0,3709,3709,1109,0,281,812,25018.36800000001,29,False,False
151,16,-216.9638421841798,-303.6743052047524,1.0,CLIENT,7,2,100000,15,55,0,3721,3721,1078,0,273,789,57333.76000000003,29,False,False
151,17,341.40713664335243,324.393134795437,1.0,CLIENT,7,2,100000,13,30,0,3715,3717,1102,0,279,807,31272.960000000014,29,False,False
151,18,-427.3530207579456,-345.864585204223,1.0,CLIENT,7,2,100000,15,55,0,3745,3759,1076,0,273,782,57333.76000000003,29,False,False
151,19,6.099383291694632,-36.61762520430301,1.0,CLIENT,7,2,100000,14,20,0,3675,3675,1113,0,282,829,20848.640000000007,29,False,False
151,20,-446.601729490203,-128.45662520418784,1.0,CLIENT,7,2,100000,10,31,0,3767,3767,1102,0,280,798,32315.392000000014,29,False,False
151,21,445.25510844691786,-282.85746520431445,1.0,CLIENT,7,2,100000,17,55,0,3734,3734,1078,0,273,784,57333.76000000003,29,False,False
151,22,-21.22903034102997,-132.1301852044047,1.0,CLIENT,7,2,100000,10,14,0,3700,3700,1119,0,283,831,14594.048000000004,29,False,False
151,23,318.27700104701813,225.98625479552396,1.0,CLIENT,7,2,100000,14,28,0,3713,3713,1105,0,280,809,29188.096000000012,29,False,False
151,24,-328.73309330121145,287.5462147959223,1.0,CLIENT,7,2,100000,10,40,0,3768,3775,1091,0,278,772,41697.28000000002,29,False,False
151,25,110.58105743988715,464.87897479589265,1.0,CLIENT,7,2,100000,12,30,0,3729,3730,1102,0,280,806,31272.960000000014,29,False,False
151,26,287.22558613721776,60.787374795766596,1.0,CLIENT,7,2,100000,12,40,0,3697,3697,1093,0,277,806,41697.28000000002,29,False,False
151,27,105.90750264474514,-428.13006520454934,1.0,CLIENT,7,2,100000,12,42,0,3766,3766,1091,0,277,791,43782.14400000002,29,False,False
151,28,311.06863687167953,356.4532947959634,1.0,CLIENT,7,2,100000,17,56,0,3677,3678,1077,0,272,792,58376.19200000003,29,False,False
151,29,229.08339597406857,343.09489479567816,1.0,CLIENT,7,2,100000,12,40,0,3727,3727,1093,0,277,806,41697.28000000002,29,False,False

152,0,-225.36039825639764,209.8448547959373,1.0,CLIENT,7,2,100000,13,41,0,3793,3793,1107,0,282,815,42739.71200000002,29,False,False
152,1,-128.16630107648143,297.1197347954808,1.0,CLIENT,7,2,100000,15,40,0,3781,3781,1108,0,282,813,41697.28000000002,29,False,False
152,2,-403.5891828164215,-324.6024652041183,1.0,CLIENT,7,2,100000,11,31,0,3796,3815,1107,0,284,808,32315.392000000014,29,False,False
152,3,140.04821648755717,38.74601479525637,1.0,CLIENT,7,2,100000,12,38,0,3796,3796,1110,0,282,815,39612.41600000002,29,False,False
152,4,-10.693728853866713,-136.02638520405947,1.0,CLIENT,7,2,100000,16,38,0,3756,3756,1110,0,282,823,39612.41600000002,29,False,False
152,5,-388.617964913492,-479.6712252041405,1.0,CLIENT,7,2,100000,9,35,0,3780,3843,1080,0,284,778,36485.12000000002,29,False,False
152,6,-161.35646140122725,-452.3978252041843,1.0,CLIENT,7,2,100000,13,44,0,3812,3815,1101,0,281,811,45867.00800000002,29,False,False
152,7,-121.43321365989448,-486.7957052043454,1.0,CLIENT,7,2,100000,18,65,0,3807,3810,1081,0,275,791,67758.08000000003,29,False,False
152,8,489.0597830517646,-3.4442652042142186,1.0,CLIENT,7,2,100000,10,24,0,3835,3837,1123,0,285,825,25018.36800000001,29,False,False
152,9,331.82238867369256,-139.36598520432852,1.0,CLIENT,7,2,100000,16,48,0,3807,3807,1100,0,280,796,50036.736000000026,29,False,False
152,10,425.68954854178406,453.85829479524205,1.0,CLIENT,7,2,100000,12,53,0,3765,3841,1062,0,280,752,55248.89600000003,29,False,False
152,11,-389.01402887930607,-242.3369852045829,1.0,CLIENT,7,2,100000,14,40,0,3798,3803,1105,0,282,815,41697.28000000002,29,False,False
152,12,122.30455082449245,233.55601479539558,1.0,CLIENT,7,2,100000,15,40,0,3770,3770,1108,0,282,818,41697.28000000002,29,False,False
152,13,362.08167565242775,265.1708947954643,1.0,CLIENT,7,2,100000,17,55,0,3806,3812,1091,0,278,790,57333.76000000003,29,False,False
152,14,487.3171016026332,35.183774795549425,1.0,CLIENT,7,2,100000,14,42,0,3826,3830,1106,0,281,804,43782.14400000002,29,False,False
152,15,-157.15818336539976,-223.18994520467498,1.0,CLIENT,7,2,100000,9,21,0,3787,3787,1127,0,286,836,21891.072000000007,29,False,False
152,16,-357.56655000369165,-197.36370520422895,1.0,CLIENT,7,2,100000,15,56,0,3796,3798,1090,0,278,802,58376.19200000003,29,False,False
152,17,-324.13875129956995,-257.14254520437834,1.0,CLIENT,7,2,100000,14,22,0,3778,3779,1125,0,286,833,22933.504000000008,29,False,False
152,18,-476.22731412374833,-12.795145204334801,1.0,CLIENT,7,2,100000,15,56,0,3806,3806,1092,0,278,801,58376.19200000003,29,False,False
152,19,-279.54194876309515,167.98853479562354,1.0,CLIENT,7,2,100000,14,24,0,3792,3792,1124,0,286,821,25018.36800000001,29,False,False
152,20,116.75965530478473,405.43409479569107,1.0,CLIENT,7,2,100000,10,24,0,3806,3807,1123,0,286,821,25018.36800000001,29,False,False
152,21,-122.93825672965005,365.2475747959073,1.0,CLIENT,7,2,100000,17,46,0,3791,3791,1102,0,280,807,47951.872000000025,29,False,False
152,22,22.971708229630803,37.298854795746195,1.0,CLIENT,7,2,100000,10,12,0,3775,3775,1136,0,289,842,12509.184000000003,29,False,False
152,23,299.1075051076984,204.61281479570033,1.0,CLIENT,7,2,100000,14,26,0,3788,3789,1121,0,285,826,27103.23200000001,29,False,False
152,24,305.60295414490946,-466.8694252040319,1.0,CLIENT,7,2,100000,10,38,0,3865,3867,1108,0,283,799,39612.41600000002,29,False,False
152,25,82.77736704897372,135.59441479594028,1.0,CLIENT,7,2,100000,12,24,0,3766,3766,1124,0,286,832,25018.36800000001,29,False,False
152,26,172.3670360877373,-440.4865852042002,1.0,CLIENT,7,2,100000,12,44,0,3838,3838,1104,0,281,796,45867.00800000002,29,False,False
152,27,262.98647143694194,446.2885347953704,1.0,CLIENT,7,2,100000,12,40,0,3788,3811,1101,0,282,793,41697.28000000002,29,False,False
152,28,-277.4824161410874,70.91749479550174,1.0,CLIENT,7,2,100000,17,56,0,3770,3770,1092,0,277,802,58376.19200000003,29,False,False
152,29,125.0769985840649,75.03633479538536,1.0,CLIENT,7,2,100000,12,26,0,3761,3761,1122,0,285,831,27103.23200000001,29,False,False

153,0,457.6915169696507,438.94141479572767,1.0,CLIENT,7,2,100000,13,60,0,3784,3807,1071,0,275,744,62545.920000000035,29,False,False
153,1,215.5380083473942,46.42709479563791,1.0,CLIENT,7,2,100000,15,41,0,3759,3759,1095,0,277,803,42739.71200000002,29,False,False
153,2,274.0762624763574,161.977254795772,1.0,CLIENT,7,2,100000,11,28,0,3771,3771,1108,0,281,809,29188.096000000012,29,False,False
153,3,-412.3025900615157,405.99069479586774,1.0,CLIENT,7,2,100000,12,38,0,3762,3763,1097,0,278,808,39612.41600000002,29,False,False
153,4,-46.022634592995125,113.21909479548225,1.0,CLIENT,7,2,100000,16,39,0,3712,3712,1097,0,278,814,40654.84800000002,29,False,False
153,5,-449.057326077462,-157.95642520405977,1.0,CLIENT,7,2,100000,9,21,0,3757,3760,1112,0,282,819,21891.072000000007,29,False,False
153,6,-361.2103384878298,22.270654795721896,1.0,CLIENT,7,2,100000,13,40,0,3759,3759,1096,0,278,809,41697.28000000002,29,False,False
153,7,-348.3778659992829,278.4179747952396,1.0,CLIENT,7,2,100000,18,60,0,3728,3728,1076,0,273,799,62545.920000000035,29,False,False
153,8,-30.417714344875833,-243.67282520437413,1.0,CLIENT,7,2,100000,10,23,0,3763,3763,1113,0,282,817,23975.93600000001,29,False,False
153,9,-267.580816999114,98.97013479586349,1.0,CLIENT,7,2,100000,16,36,0,3708,3708,1100,0,279,804,37527.55200000002,29,False,False
153,10,-28.04133055055457,446.2885347953704,1.0,CLIENT,7,2,100000,12,40,0,3747,3747,1096,0,278,809,41697.28000000002,29,False,False
153,11,-413.8076331312712,432.03957479575166,1.0,CLIENT,7,2,100000,14,37,0,3754,3754,1099,0,278,806,38569.98400000002,29,False,False
153,12,299.18671790063604,190.92045479546726,1.0,CLIENT,7,2,100000,15,53,0,3769,3769,1083,0,275,782,55248.89600000003,29,False,False
153,13,-458.16679728837016,-147.60366520409576,1.0,CLIENT,7,2,100000,17,52,0,3742,3749,1079,0,275,792,54206.46400000003,29,False,False
153,14,36.20024468399167,-224.63710520418516,1.0,CLIENT,7,2,100000,14,38,0,3764,3764,1098,0,278,796,39612.41600000002,29,False,False
153,15,106.38277940405966,-217.2899852045424,1.0,CLIENT,7,2,100000,9,24,0,3767,3767,1112,0,282,810,25018.36800000001,29,False,False
153,16,-322.7129210227521,442.7262947956635,1.0,CLIENT,7,2,100000,15,55,0,3761,3761,1081,0,274,792,57333.76000000003,29,False,False
153,17,-355.34859179580855,-61.99858520429132,1.0,CLIENT,7,2,100000,13,28,0,3744,3744,1108,0,281,819,29188.096000000012,29,False,False
153,18,-240.8068929186416,-298.8875452041822,1.0,CLIENT,7,2,100000,15,54,0,3774,3775,1081,0,274,782,56291.32800000003,29,False,False
153,19,-171.17884775026297,-359.22298520450823,1.0,CLIENT,7,2,100000,14,35,0,3777,3778,1100,0,279,806,36485.12000000002,29,False,False
153,20,-270.5909031380623,-254.1369052040571,1.0,CLIENT,7,2,100000,10,25,0,3769,3770,1110,0,282,808,26060.80000000001,29,False,False
153,21,-54.33997787227529,487.47693479578857,1.0,CLIENT,7,2,100000,17,46,0,3741,3741,1090,0,276,796,47951.872000000025,29,False,False
153,22,-136.95892111507612,34.293214795424944,1.0,CLIENT,7,2,100000,10,12,0,3720,3720,1124,0,285,838,12509.184000000003,29,False,False
153,23,-248.80738502560826,435.04521479528194,1.0,CLIENT,7,2,100000,14,25,0,3738,3738,1111,0,282,807,26060.80000000001,29,False,False
153,24,-326.75277347270423,6.129254795344252,1.0,CLIENT,7,2,100000,10,18,0,3740,3741,1118,0,283,830,18763.776000000005,29,False,False
153,25,65.1129141794095,-156.17530520460178,1.0,CLIENT,7,2,100000,12,28,0,3772,3772,1108,0,281,803,29188.096000000012,29,False,False
153,26,440.5815536517759,-51.423185204098445,1.0,CLIENT,7,2,100000,12,48,0,3821,3825,1086,0,276,779,50036.736000000026,29,False,False
153,27,-342.8329704795752,8.355654795259966,1.0,CLIENT,7,2,100000,12,27,0,3715,3715,1109,0,281,823,28145.66400000001,29,False,False
153,28,-419.90701820266827,400.7586547956308,1.0,CLIENT,7,2,100000,17,57,0,3741,3741,1079,0,273,790,59418.62400000003,29,False,False
153,29,303.14735755765054,334.1892947952243,1.0,CLIENT,7,2,100000,12,48,0,3792,3792,1088,0,276,790,50036.736000000026,29,False,False

154,0,201.2797055825923,498.38629479592925,1.0,CLIENT,7,2,100000,13,55,0,3727,3735,1103,0,282,785,57333.76000000003,29,False,False
154,1,426.323250886974,-254.58218520451481,1.0,CLIENT,7,2,100000,15,38,0,3648,3652,1120,0,285,808,39612.41600000002,29,False,False
154,2,471.15769180282456,384.9512147959919,1.0,CLIENT,7,2,100000,11,61,0,3722,3733,1091,0,285,735,63588.352000000035,29,False,False
154,3,-427.43223355088327,63.12509479540125,1.0,CLIENT,7,2,100000,12,40,0,3708,3712,1116,0,284,811,41697.28000000002,29,False,False
154,4,-44.67601710967774,150.84525479540247,1.0,CLIENT,7,2,100000,16,43,0,3668,3668,1116,0,283,817,44824.57600000002,29,False,False
154,5,24.635176885824542,-113.20578520472566,1.0,CLIENT,7,2,100000,9,20,0,3665,3665,1139,0,290,848,20848.640000000007,29,False,False
154,6,350.4373950607601,-291.65174520425836,1.0,CLIENT,7,2,100000,13,36,0,3665,3666,1122,0,286,824,37527.55200000002,29,False,False
154,7,454.91906920951544,54.44213479596726,1.0,CLIENT,7,2,100000,18,63,0,3663,3664,1095,0,279,801,65673.21600000003,29,False,False
154,8,228.44969362887872,-421.3395452042923,1.0,CLIENT,7,2,100000,10,23,0,3702,3702,1136,0,289,840,23975.93600000001,29,False,False
154,9,64.87527579947081,-449.50350520437297,1.0,CLIENT,7,2,100000,17,43,0,3664,3664,1116,0,283,810,44824.57600000002,29,False,False
154,10,-474.48463267461693,129.80577479552664,1.0,CLIENT,7,2,100000,12,44,0,3682,3689,1111,0,284,809,45867.00800000002,29,False,False
154,11,-314.6332161228477,103.86821479536167,1.0,CLIENT,7,2,100000,14,38,0,3676,3676,1121,0,285,828,39612.41600000002,29,False,False
154,12,-351.7048033111076,184.463894795949,1.0,CLIENT,7,2,100000,15,52,0,3690,3690,1107,0,282,806,54206.46400000003,29,False,False
154,13,-76.361134364668,-221.85410520409278,1.0,CLIENT,7,2,100000,17,38,0,3628,3628,1121,0,285,822,39612.41600000002,29,False,False
154,14,109.70971671588428,-384.60394520449654,1.0,CLIENT,7,2,100000,14,32,0,3654,3654,1127,0,286,839,33357.824000000015,29,False,False
154,15,266.94711109395644,234.8918547959778,1.0,CLIENT,7,2,100000,9,32,0,3735,3735,1127,0,287,828,33357.824000000015,29,False,False
154,16,-482.08906081576964,210.7354147952708,1.0,CLIENT,7,2,100000,16,57,0,3693,3709,1096,0,280,782,59418.62400000003,29,False,False
154,17,38.41820289187476,-497.9277052047149,1.0,CLIENT,7,2,100000,14,27,0,3666,3668,1130,0,287,829,28145.66400000001,29,False,False
154,18,444.62140610172804,-443.3809052040115,1.0,CLIENT,7,2,100000,15,53,0,3684,3720,1092,0,281,792,55248.89600000003,29,False,False
154,19,105.03616192074227,86.94757479536946,1.0,CLIENT,7,2,100000,14,21,0,3645,3645,1138,0,290,847,21891.072000000007,29,False,False
154,20,-266.94711465392413,-268.16322520423796,1.0,CLIENT,7,2,100000,10,24,0,3690,3690,1135,0,289,831,25018.36800000001,29,False,False
154,21,-24.5559676528546,-438.9281052041801,1.0,CLIENT,7,2,100000,18,43,0,3661,3661,1116,0,283,823,44824.57600000002,29,False,False
154,22,387.50898224958274,-95.28326520409905,1.0,CLIENT,7,2,100000,10,16,0,3657,3657,1143,0,291,846,16678.912000000004,29,False,False
154,23,-313.60344981184386,-5.002745204234316,1.0,CLIENT,7,2,100000,14,24,0,3662,3662,1135,0,289,837,25018.36800000001,29,False,False
154,24,-430.2046813104557,50.10065479585478,1.0,CLIENT,7,2,100000,10,26,0,3710,3710,1133,0,288,832,27103.23200000001,29,False,False
154,25,-170.62435819857362,128.80389479568322,1.0,CLIENT,7,2,100000,12,26,0,3670,3670,1133,0,288,839,27103.23200000001,29,False,False
154,26,411.5896713634204,109.87949479600417,1.0,CLIENT,7,2,100000,12,44,0,3713,3713,1115,0,284,817,45867.00800000002,29,False,False
154,27,-62.974172324431805,-192.91090520439752,1.0,CLIENT,7,2,100000,12,32,0,3662,3662,1127,0,287,837,33357.824000000015,29,False,False
154,28,367.3097199992592,-282.6348252040856,1.0,CLIENT,7,2,100000,17,57,0,3650,3651,1102,0,280,813,59418.62400000003,29,False,False
154,29,-197.1606438996702,-468.76186520399983,1.0,CLIENT,7,2,100000,12,51,0,3704,3710,1102,0,283,786,53164.03200000003,29,False,False

155,0,137.59261990029825,365.6928547955741,1.0,CLIENT,7,2,100000,13,40,0,3832,3832,1080,0,278,788,41697.28000000002,29,False,False
155,1,-337.05043658049163,411.4453747955426,1.0,CLIENT,7,2,100000,15,57,0,3875,3876,1062,0,274,759,59418.62400000003,29,False,False
155,2,17.189174331110078,-11.793265204491377,1.0,CLIENT,7,2,100000,11,20,0,3807,3807,1100,0,283,809,20848.640000000007,29,False,False
155,3,99.80811757334806,-373.1379852041792,1.0,CLIENT,7,2,100000,12,38,0,3842,3842,1082,0,278,787,39612.41600000002,29,False,False
155,4,41.7451402036994,-39.17798520416653,1.0,CLIENT,7,2,100000,16,35,0,3785,3785,1085,0,278,803,36485.12000000002,29,False,False
155,5,-294.27552828664875,-191.68638520432523,1.0,CLIENT,7,2,100000,9,23,0,3840,3840,1097,0,282,798,23975.93600000001,29,False,False
155,6,30.496923577845774,36.18565479539285,1.0,CLIENT,7,2,100000,13,29,0,3778,3778,1091,0,281,805,30230.528000000013,29,False,False
155,7,-460.54318108212857,163.2017747958443,1.0,CLIENT,7,2,100000,18,63,0,3847,3847,1057,0,271,769,65673.21600000003,29,False,False
155,8,186.78376443841455,126.35485479553864,1.0,CLIENT,7,2,100000,10,24,0,3862,3862,1096,0,282,803,25018.36800000001,29,False,False
155,9,28.358178163463194,-100.29266520410715,1.0,CLIENT,7,2,100000,16,37,0,3795,3795,1083,0,278,798,38569.98400000002,29,False,False
155,10,-200.01230445274314,-21.700745203997656,1.0,CLIENT,7,2,100000,12,36,0,3812,3812,1084,0,279,799,37527.55200000002,29,False,False
155,11,445.4135340327932,-247.5690252040289,1.0,CLIENT,7,2,100000,14,58,0,3877,3882,1059,0,274,730,60461.05600000003,29,False,False
155,12,-187.7343215164485,-174.54310520410417,1.0,CLIENT,7,2,100000,15,44,0,3818,3818,1076,0,277,792,45867.00800000002,29,False,False
155,13,43.250183272892116,-184.00530520473467,1.0,CLIENT,7,2,100000,17,45,0,3802,3802,1075,0,276,794,46909.440000000024,29,False,False
155,14,-8.396557852483117,-471.99014520454995,1.0,CLIENT,7,2,100000,14,41,0,3863,3865,1078,0,277,790,42739.71200000002,29,False,False
155,15,-94.10480002773272,-11.12534520459576,1.0,CLIENT,7,2,100000,9,16,0,3797,3797,1104,0,284,814,16678.912000000004,29,False,False
155,16,212.84477338075942,200.60529479553566,1.0,CLIENT,7,2,100000,15,46,0,3804,3804,1074,0,276,791,47951.872000000025,29,False,False
155,17,-48.08216721444004,-84.37390520474935,1.0,CLIENT,7,2,100000,13,20,0,3792,3792,1100,0,283,814,20848.640000000007,29,False,False
155,18,186.94219002485272,277.5274147959061,1.0,CLIENT,7,2,100000,15,49,0,3826,3826,1071,0,275,783,51079.16800000003,29,False,False
155,19,304.73161342034376,460.87145479572797,1.0,CLIENT,7,2,100000,14,43,0,3860,3863,1076,0,278,757,44824.57600000002,29,False,False
155,20,22.73406985025496,115.77945479534577,1.0,CLIENT,7,2,100000,10,21,0,3790,3790,1099,0,283,815,21891.072000000007,29,False,False
155,21,326.03985477460895,159.86217479557524,1.0,CLIENT,7,2,100000,18,41,0,3805,3805,1079,0,277,795,42739.71200000002,29,False,False
155,22,-255.5404724421952,260.05017479573723,1.0,CLIENT,7,2,100000,10,20,0,3824,3824,1100,0,283,812,20848.640000000007,29,False,False
155,23,-82.38130664312742,-405.8660652046012,1.0,CLIENT,7,2,100000,14,30,0,3823,3823,1090,0,280,800,31272.960000000014,29,False,False
155,24,-479.71267702144837,-214.84094520439783,1.0,CLIENT,7,2,100000,10,34,0,3874,3878,1085,0,280,782,35442.68800000002,29,False,False
155,25,273.9178368899192,-128.23398520474996,1.0,CLIENT,7,2,100000,12,28,0,3805,3805,1092,0,281,809,29188.096000000012,29,False,False
155,26,427.82829395672957,37.187534795236274,1.0,CLIENT,7,2,100000,12,44,0,3837,3837,1076,0,277,790,45867.00800000002,29,False,False
155,27,-325.2477304035115,-34.94782520456397,1.0,CLIENT,7,2,100000,12,34,0,3835,3835,1086,0,279,795,35442.68800000002,29,False,False
155,28,-343.1498216524515,449.4054947954106,1.0,CLIENT,7,2,100000,17,65,0,3871,3876,1052,0,271,723,67758.08000000003,29,False,False
155,29,-157.8710985035273,334.1892947952243,1.0,CLIENT,7,2,100000,12,39,0,3841,3841,1081,0,277,784,40654.84800000002,29,False,False

156,0,-99.01599320225058,-118.77178520411945,1.0,CLIENT,7,2,100000,13,36,0,3716,3716,1148,2,290,849,37527.55200000002,29,False,False
156,1,-331.58475385428443,-386.7190252046933,1.0,CLIENT,7,2,100000,15,40,0,3719,3742,1129,2,288,827,41697.28000000002,29,False,False
156,2,-77.62853905504772,-439.2620652041279,1.0,CLIENT,7,2,100000,11,28,0,3751,3753,1155,2,292,844,29188.096000000012,29,False,False
156,3,341.8824134021041,-219.29374520422925,1.0,CLIENT,7,2,100000,12,39,0,3741,3755,1140,1,289,840,40654.84800000002,29,False,False
156,4,390.43985559559343,5.238694796010748,1.0,CLIENT,7,2,100000,16,53,0,3747,3748,1131,1,285,827,55248.89600000003,29,False,False
156,5,-467.5139068786542,164.64893479535448,1.0,CLIENT,7,2,100000,9,32,0,3780,3781,1154,1,291,853,33357.824000000015,29,False,False
156,6,463.4740508681715,340.86849479576244,1.0,CLIENT,7,2,100000,13,45,0,3728,3780,1120,1,288,801,46909.440000000024,29,False,False
156,7,427.82829395672957,347.43637479579064,1.0,CLIENT,7,2,100000,18,64,0,3708,3743,1103,0,282,793,66715.64800000003,29,False,False
156,8,323.6634709802877,-328.9439452042308,1.0,CLIENT,7,2,100000,10,28,0,3738,3762,1148,1,293,830,29188.096000000012,29,False,False
156,9,-251.81747116455654,-181.44494520408017,1.0,CLIENT,7,2,100000,16,48,0,3724,3724,1136,2,287,827,50036.736000000026,29,False,False
156,10,-438.8388757626122,-463.19586520460604,1.0,CLIENT,7,2,100000,12,54,0,3591,3735,1055,2,286,743,56291.32800000003,29,False,False
156,11,-160.72275905660024,-100.96058520400277,1.0,CLIENT,7,2,100000,14,32,0,3696,3696,1152,2,291,849,33357.824000000015,29,False,False
156,12,-418.7980390987268,11.917894795757888,1.0,CLIENT,7,2,100000,15,43,0,3736,3737,1142,1,288,844,44824.57600000002,29,False,False
156,13,283.26494648020326,493.8221747955879,1.0,CLIENT,7,2,100000,17,61,0,3717,3768,1107,1,285,788,63588.352000000035,29,False,False
156,14,-476.5441652960619,160.0848147958041,1.0,CLIENT,7,2,100000,14,41,0,3761,3763,1144,1,288,844,42739.71200000002,29,False,False
156,15,99.64969198690989,170.66021479599698,1.0,CLIENT,7,2,100000,9,24,0,3733,3733,1160,2,293,855,25018.36800000001,29,False,False
156,16,-363.1114455228365,-243.5615052046552,1.0,CLIENT,7,2,100000,16,51,0,3728,3732,1132,1,285,821,53164.03200000003,29,False,False
156,17,436.30406282244786,197.37701479577652,1.0,CLIENT,7,2,100000,13,35,0,3734,3744,1145,1,290,843,36485.12000000002,29,False,False
156,18,-233.04403919105079,445.8432547957037,1.0,CLIENT,7,2,100000,15,53,0,3780,3783,1132,0,285,821,55248.89600000003,29,False,False
156,19,-362.398530384709,22.38197479544084,1.0,CLIENT,7,2,100000,14,20,0,3707,3707,1165,1,294,868,20848.640000000007,29,False,False
156,20,210.072325621187,-152.72438520461378,1.0,CLIENT,7,2,100000,10,24,0,3744,3744,1161,1,293,862,25018.36800000001,29,False,False
156,21,-471.4745465351059,431.2603347953461,1.0,CLIENT,7,2,100000,17,48,0,3710,3733,1131,1,287,828,50036.736000000026,29,False,False
156,22,68.28142590479597,-430.35646520446505,1.0,CLIENT,7,2,100000,10,33,0,3796,3798,1150,2,291,830,34400.256000000016,29,False,False
156,23,-69.94489812039458,260.71809479563285,1.0,CLIENT,7,2,100000,14,28,0,3729,3729,1157,1,292,855,29188.096000000012,29,False,False
156,24,-127.05732197310272,-440.37526520448125,1.0,CLIENT,7,2,100000,10,23,0,3751,3755,1160,2,293,852,23975.93600000001,29,False,False
156,25,434.71980695919177,-160.73942520415216,1.0,CLIENT,7,2,100000,12,25,0,3752,3761,1153,2,292,843,26060.80000000001,29,False,False
156,26,362.3985268247413,457.7544947956878,1.0,CLIENT,7,2,100000,12,46,0,3720,3774,1123,1,288,822,47951.872000000025,29,False,False
156,27,-373.3298958376863,162.64517479566763,1.0,CLIENT,7,2,100000,12,28,0,3710,3710,1157,1,292,854,29188.096000000012,29,False,False
156,28,56.874783693067,-288.6461052047281,1.0,CLIENT,7,2,100000,17,54,0,3709,3710,1130,2,284,835,56291.32800000003,29,False,False
156,29,-479.71267702144837,451.40925479588844,1.0,CLIENT,7,2,100000,12,51,0,3744,3767,1127,1,287,803,53164.03200000003,29,False,False

157,0,-292.92891080333135,103.75689479564272,1.0,CLIENT,7,2,100000,13,37,0,3651,3651,1123,0,278,843,38569.98400000002,29,False,False
157,1,426.5608892663498,-305.0101452045436,1.0,CLIENT,7,2,100000,15,63,0,3703,3711,1091,0,273,754,65673.21600000003,29,False,False
157,2,-201.67577310837405,-389.7246652042236,1.0,CLIENT,7,2,100000,11,25,0,3652,3652,1135,0,282,832,26060.80000000001,29,False,False
157,3,1.425828496552611,439.3866947953944,1.0,CLIENT,7,2,100000,12,38,0,3687,3688,1121,0,278,823,39612.41600000002,29,False,False
157,4,431.86814640668166,358.2344147954214,1.0,CLIENT,7,2,100000,16,58,0,3680,3713,1091,0,272,756,60461.05600000003,29,False,False
157,5,-400.89594784978675,-427.4621452046537,1.0,CLIENT,7,2,100000,9,29,0,3678,3686,1127,0,281,830,30230.528000000013,29,False,False
157,6,-459.90947873750156,386.17573479527323,1.0,CLIENT,7,2,100000,13,51,0,3674,3707,1075,0,276,781,53164.03200000003,29,False,False
157,7,-111.92767848373511,-451.173305204112,1.0,CLIENT,7,2,100000,18,60,0,3654,3656,1099,0,272,818,62545.920000000035,29,False,False
157,8,116.52201692540889,449.9620947955873,1.0,CLIENT,7,2,100000,10,24,0,3693,3695,1136,0,282,843,25018.36800000001,29,False,False
157,9,114.22484592458814,211.29201479544747,1.0,CLIENT,7,2,100000,16,41,0,3649,3649,1119,0,277,834,42739.71200000002,29,False,False
157,10,445.7303852056696,-442.1563852047302,1.0,CLIENT,7,2,100000,12,69,0,3656,3714,1056,0,275,692,71927.80800000003,29,False,False
157,11,-63.528661876684,-445.38466520448935,1.0,CLIENT,7,2,100000,14,37,0,3635,3635,1123,0,279,826,38569.98400000002,29,False,False
157,12,-85.39139278263855,-5.114065204744236,1.0,CLIENT,7,2,100000,15,35,0,3618,3618,1125,0,279,838,36485.12000000002,29,False,False
157,13,140.04821648755717,83.16269479543365,1.0,CLIENT,7,2,100000,17,44,0,3626,3626,1116,0,277,833,45867.00800000002,29,False,False
157,14,-203.10160338519194,61.01001479599546,1.0,CLIENT,7,2,100000,14,27,0,3617,3617,1133,0,281,846,28145.66400000001,29,False,False
157,15,-135.7707292181969,386.0644147955543,1.0,CLIENT,7,2,100000,9,24,0,3659,3659,1136,0,282,840,25018.36800000001,29,False,False
157,16,-362.16089200533315,54.2194947957384,1.0,CLIENT,7,2,100000,15,48,0,3626,3626,1112,0,276,830,50036.736000000026,29,False,False
157,17,-419.11489027160303,-52.53638520445179,1.0,CLIENT,7,2,100000,13,28,0,3650,3650,1132,0,281,846,29188.096000000012,29,False,False
157,18,-51.80516849207869,-420.7829452041156,1.0,CLIENT,7,2,100000,15,45,0,3637,3637,1115,0,276,824,46909.440000000024,29,False,False
157,19,-172.92152919939437,-124.11514520407536,1.0,CLIENT,7,2,100000,14,20,0,3621,3621,1140,0,283,856,20848.640000000007,29,False,False
157,20,-102.02607934119887,266.06145479558876,1.0,CLIENT,7,2,100000,10,24,0,3663,3663,1136,0,282,844,25018.36800000001,29,False,False
157,21,-375.7062796320075,416.1208147956029,1.0,CLIENT,7,2,100000,17,67,0,3644,3671,1065,0,274,775,69842.94400000003,29,False,False
157,22,25.58573040332791,-189.34866520469058,1.0,CLIENT,7,2,100000,10,12,0,3629,3629,1148,0,285,846,12509.184000000003,29,False,False
157,23,33.82386088967041,436.2697347953542,1.0,CLIENT,7,2,100000,14,38,0,3684,3684,1122,0,278,818,39612.41600000002,29,False,False
157,24,-243.57934067821404,-307.3478652041783,1.0,CLIENT,7,2,100000,10,20,0,3667,3667,1140,0,283,840,20848.640000000007,29,False,False
157,25,-290.3941014225719,-437.81490520461773,1.0,CLIENT,7,2,100000,12,30,0,3680,3686,1127,0,280,834,31272.960000000014,29,False,False
157,26,-229.40025070691266,-294.10078520440294,1.0,CLIENT,7,2,100000,12,44,0,3674,3674,1116,0,277,826,45867.00800000002,29,False,False
157,27,269.3234948882777,183.68465479554345,1.0,CLIENT,7,2,100000,12,33,0,3662,3662,1127,0,280,825,34400.256000000016,29,False,False
157,28,-411.35203654401226,-278.2933452047641,1.0,CLIENT,7,2,100000,17,56,0,3642,3644,1103,0,273,805,58376.19200000003,29,False,False
157,29,230.3508006644483,-263.71042520440653,1.0,CLIENT,7,2,100000,12,33,0,3649,3649,1127,0,279,828,34400.256000000016,29,False,False

158,0,335.1493259855172,-376.0323052039905,1.0,CLIENT,7,2,100000,13,41,0,3828,3832,1128,1,292,815,42739.71200000002,29,False,False
158,1,-350.99188817298005,333.2987347958908,1.0,CLIENT,7,2,100000,15,45,0,3864,3867,1124,2,290,807,46909.440000000024,29,False,False
158,2,-48.24059280087822,437.2716147959886,1.0,CLIENT,7,2,100000,11,30,0,3856,3856,1141,1,294,839,31272.960000000014,29,False,False
158,3,-30.33850155193817,-373.1379852041792,1.0,CLIENT,7,2,100000,12,37,0,3837,3837,1133,2,292,829,38569.98400000002,29,False,False
158,4,-37.071588968525106,169.32437479541477,1.0,CLIENT,7,2,100000,16,38,0,3799,3799,1133,1,292,826,39612.41600000002,29,False,False
158,5,-222.90480166913872,-419.33578520460543,1.0,CLIENT,7,2,100000,9,25,0,3852,3854,1145,2,295,830,26060.80000000001,29,False,False
158,6,-132.36457911287175,371.59281479570666,1.0,CLIENT,7,2,100000,13,41,0,3847,3847,1130,1,291,830,42739.71200000002,29,False,False
158,7,395.19262318367305,-224.97106520413297,1.0,CLIENT,7,2,100000,18,63,0,3821,3821,1108,1,286,805,65673.21600000003,29,False,False
158,8,-434.2445337604079,-265.7141852040934,1.0,CLIENT,7,2,100000,10,25,0,3852,3857,1142,2,296,832,26060.80000000001,29,False,False
158,9,-229.87552746566433,-446.1639052041039,1.0,CLIENT,7,2,100000,16,48,0,3818,3823,1120,2,290,811,50036.736000000026,29,False,False
158,10,-254.1938549588778,-340.2985852040382,1.0,CLIENT,7,2,100000,12,41,0,3831,3831,1129,2,291,835,42739.71200000002,29,False,False
158,11,352.9722044415195,412.1132947954382,1.0,CLIENT,7,2,100000,14,54,0,3869,3877,1116,1,289,784,56291.32800000003,29,False,False
158,12,253.7185746401584,-246.78978520441433,1.0,CLIENT,7,2,100000,15,37,0,3801,3801,1134,1,292,825,38569.98400000002,29,False,False
158,13,366.83444324050737,-367.3493452045565,1.0,CLIENT,7,2,100000,17,55,0,3856,3858,1115,1,288,804,57333.76000000003,29,False,False
158,14,-330.3965619574052,218.08253479570453,1.0,CLIENT,7,2,100000,14,33,0,3826,3826,1137,2,293,837,34400.256000000016,29,False,False
158,15,-317.2472382965448,-380.59642520433187,1.0,CLIENT,7,2,100000,9,24,0,3844,3853,1141,2,296,844,25018.36800000001,29,False,False
158,16,-270.03641358637293,-251.57654520419356,1.0,CLIENT,7,2,100000,15,55,0,3828,3828,1115,2,288,825,57333.76000000003,29,False,False
158,17,-245.63887329965897,468.88649479526634,1.0,CLIENT,7,2,100000,14,41,0,3854,3867,1123,2,292,801,42739.71200000002,29,False,False
158,18,-23.526201341850722,252.81437479581342,1.0,CLIENT,7,2,100000,15,50,0,3823,3823,1121,1,289,830,52121.60000000003,29,False,False
158,19,440.26470247889955,235.89373479582122,1.0,CLIENT,7,2,100000,14,42,0,3872,3872,1129,1,292,804,43782.14400000002,29,False,False
158,20,417.6890564348174,-380.7077452040508,1.0,CLIENT,7,2,100000,10,28,0,3871,3878,1140,1,295,837,29188.096000000012,29,False,False
158,21,-41.9035693501053,-353.4343452040946,1.0,CLIENT,7,2,100000,17,45,0,3826,3826,1125,2,290,819,46909.440000000024,29,False,False
158,22,170.9412058109194,438.0508547956032,1.0,CLIENT,7,2,100000,10,29,0,3874,3874,1142,1,294,829,30230.528000000013,29,False,False
158,23,472.74194766551784,85.38909479534937,1.0,CLIENT,7,2,100000,14,36,0,3848,3850,1134,2,293,839,37527.55200000002,29,False,False
158,24,-346.3975461707757,6.574534795801981,1.0,CLIENT,7,2,100000,10,20,0,3832,3832,1150,2,297,849,20848.640000000007,29,False,False
158,25,-142.266178255408,69.35901479548164,1.0,CLIENT,7,2,100000,12,21,0,3797,3797,1149,2,296,846,21891.072000000007,29,False,False
158,26,-413.3323563725196,78.82121479532117,1.0,CLIENT,7,2,100000,12,43,0,3835,3835,1128,2,291,831,44824.57600000002,29,False,False
158,27,385.6078752140131,-131.7962252044569,1.0,CLIENT,7,2,100000,12,34,0,3833,3834,1137,0,294,831,35442.68800000002,29,False,False
158,28,-201.9926242812504,-238.10682520418936,1.0,CLIENT,7,2,100000,17,56,0,3831,3831,1115,1,287,819,58376.19200000003,29,False,False
158,29,298.86986672832256,161.3093347958764,1.0,CLIENT,7,2,100000,12,36,0,3830,3831,1135,0,293,831,37527.55200000002,29,False,False

159,0,-377.0528971153249,-15.689465204146131,1.0,CLIENT,7,2,100000,13,40,0,3859,3860,1090,1,277,796,41697.28000000002,29,False,False
159,1,-263.6201773420995,-424.5678252040514,1.0,CLIENT,7,2,100000,15,48,0,3866,3871,1080,1,275,774,50036.736000000026,29,False,False
159,2,352.41771488926736,473.33929479588875,1.0,CLIENT,7,2,100000,11,47,0,3881,3927,1063,0,277,739,48994.304000000026,29,False,False
159,3,-348.5362915857211,83.05137479571471,1.0,CLIENT,7,2,100000,12,38,0,3840,3840,1093,1,277,813,39612.41600000002,29,False,False
159,4,128.72078706876587,-255.8067052045871,1.0,CLIENT,7,2,100000,16,49,0,3859,3859,1081,2,274,791,51079.16800000003,29,False,False
159,5,-102.81820727282691,-111.64730520470556,1.0,CLIENT,7,2,100000,9,20,0,3836,3836,1111,1,282,819,20848.640000000007,29,False,False
159,6,-12.436410302435277,-377.47946520429167,1.0,CLIENT,7,2,100000,13,44,0,3879,3879,1087,1,276,793,45867.00800000002,29,False,False
159,7,-373.72595980350025,237.22957479561245,1.0,CLIENT,7,2,100000,18,57,0,3831,3831,1073,2,272,781,59418.62400000003,29,False,False
159,8,-108.04625161965828,-97.62098520452469,1.0,CLIENT,7,2,100000,10,22,0,3857,3857,1109,1,281,827,22933.504000000008,29,False,False
159,9,9.426320603519265,318.60449479581433,1.0,CLIENT,7,2,100000,16,43,0,3834,3834,1088,1,276,804,44824.57600000002,29,False,False
159,10,161.43567063476004,310.589454795485,1.0,CLIENT,7,2,100000,12,38,0,3846,3846,1093,1,277,807,39612.41600000002,29,False,False
159,11,-293.5626131479584,343.42885479562597,1.0,CLIENT,7,2,100000,14,33,0,3860,3860,1097,2,278,813,34400.256000000016,29,False,False
159,12,-63.528661876684,-112.76050520426793,1.0,CLIENT,7,2,100000,15,32,0,3799,3799,1099,1,279,818,33357.824000000015,29,False,False
159,13,-85.39139278263855,-329.50054520440744,1.0,CLIENT,7,2,100000,17,51,0,3855,3855,1080,1,274,794,53164.03200000003,29,False,False
159,14,-455.07749835592136,-47.97226520411044,1.0,CLIENT,7,2,100000,14,34,0,3855,3855,1097,1,278,798,35442.68800000002,29,False,False
159,15,-358.3586779347568,-473.77126520400793,1.0,CLIENT,7,2,100000,9,40,0,3882,3903,1074,0,279,761,41697.28000000002,29,False,False
159,16,-134.26568614844135,421.7981347955066,1.0,CLIENT,7,2,100000,15,55,0,3874,3874,1076,1,273,789,57333.76000000003,29,False,False
159,17,24.318325713511033,436.1584147956353,1.0,CLIENT,7,2,100000,13,38,0,3880,3880,1093,1,277,792,39612.41600000002,29,False,False
159,18,462.6819229371063,240.01257479570484,1.0,CLIENT,7,2,100000,15,62,0,3899,3915,1061,1,272,737,64630.784000000036,29,False,False
159,19,128.32472310295188,-70.12494520433961,1.0,CLIENT,7,2,100000,14,22,0,3844,3844,1108,2,281,818,22933.504000000008,29,False,False
159,20,-328.33702933539746,297.00841479576184,1.0,CLIENT,7,2,100000,10,25,0,3865,3865,1105,2,281,801,26060.80000000001,29,False,False
159,21,-112.24452965604861,256.93321479569704,1.0,CLIENT,7,2,100000,17,32,0,3815,3815,1099,1,278,816,33357.824000000015,29,False,False
159,22,-384.6573252564775,-438.48282520451335,1.0,CLIENT,7,2,100000,10,33,0,3905,3924,1085,0,278,778,34400.256000000016,29,False,False
159,23,-397.09373377921037,124.01713479590398,1.0,CLIENT,7,2,100000,14,20,0,3827,3827,1110,2,282,821,20848.640000000007,29,False,False
159,24,-208.25043493908564,-69.23438520421513,1.0,CLIENT,7,2,100000,10,15,0,3840,3840,1116,1,283,829,15636.480000000005,29,False,False
159,25,-207.1414558351441,372.706014795269,1.0,CLIENT,7,2,100000,12,27,0,3869,3869,1104,1,280,812,28145.66400000001,29,False,False
159,26,-313.2865986395303,-192.46562520473077,1.0,CLIENT,7,2,100000,12,40,0,3844,3844,1091,1,277,812,41697.28000000002,29,False,False
159,27,280.0172219618791,-1.329185204017449,1.0,CLIENT,7,2,100000,12,36,0,3871,3871,1094,2,278,802,37527.55200000002,29,False,False
159,28,-156.60369381314757,219.52969479600569,1.0,CLIENT,7,2,100000,17,52,0,3816,3816,1078,2,273,800,54206.46400000003,29,False,False
159,29,236.68782411522122,46.20445479540905,1.0,CLIENT,7,2,100000,12,40,0,3870,3870,1092,1,277,809,41697.28000000002,29,False,False

160,0,-246.11415005897348,-67.00798520429942,1.0,CLIENT,7,2,100000,13,24,0,10666,10666,1271,3,323,947,25018.36800000001,49,False,False
160,1,-239.69791381470006,18.708414795223973,1.0,CLIENT,7,2,100000,15,21,0,10650,10650,1274,3,323,949,21891.072000000007,49,False,False
160,2,-172.1294012683292,-378.03606520446834,1.0,CLIENT,7,2,100000,11,16,0,10681,10682,1279,3,325,941,16678.912000000004,49,False,False
160,3,152.48462500972715,-371.0229052047734,1.0,CLIENT,7,2,100000,12,28,0,10668,10670,1266,3,322,939,29188.096000000012,49,False,False
160,4,373.88438182997066,433.26409479582395,1.0,CLIENT,7,2,100000,16,42,0,10685,10733,1247,2,318,919,43782.14400000002,49,False,False
160,5,321.20787439302876,310.81209479571385,1.0,CLIENT,7,2,100000,9,20,0,10735,10738,1276,2,324,948,20848.640000000007,49,False,False
160,6,380.6174692465577,-453.84498520448545,1.0,CLIENT,7,2,100000,13,31,0,10509,10688,1230,2,322,886,32315.392000000014,49,False,False
160,7,-274.2346916227633,210.7354147952708,1.0,CLIENT,7,2,100000,18,36,0,10643,10643,1259,3,320,923,37527.55200000002,49,False,False
160,8,-264.0954541008512,234.66921479574893,1.0,CLIENT,7,2,100000,10,25,0,10691,10691,1270,3,323,945,26060.80000000001,49,False,False
160,9,-168.01033602487652,435.04521479528194,1.0,CLIENT,7,2,100000,16,33,0,10668,10676,1259,1,321,920,34400.256000000016,49,False,False
160,10,306.8703588352892,-420.11502520422,1.0,CLIENT,7,2,100000,12,25,0,10618,10682,1254,3,323,920,26060.80000000001,49,False,False
160,11,207.77515461980337,-75.02302520462877,1.0,CLIENT,7,2,100000,14,20,0,10657,10657,1275,3,324,947,20848.640000000007,49,False,False
160,12,16.080195227168534,102.53237479557043,1.0,CLIENT,7,2,100000,15,29,0,10658,10658,1266,3,322,941,30230.528000000013,49,False,False
160,13,457.9291553490266,168.09985479534248,1.0,CLIENT,7,2,100000,17,50,0,10716,10717,1245,3,318,902,52121.60000000003,49,False,False
160,14,168.48560922366048,317.6026147959709,1.0,CLIENT,7,2,100000,14,24,0,10692,10692,1272,2,322,938,25018.36800000001,49,False,False
160,15,36.992372615056865,163.5357347957921,1.0,CLIENT,7,2,100000,9,16,0,10688,10688,1280,2,325,950,16678.912000000004,49,False,False
160,16,12.911683501219235,-353.99094520427127,1.0,CLIENT,7,2,100000,15,31,0,10662,10664,1263,3,321,934,32315.392000000014,49,False,False
160,17,63.60787110965394,-456.8506252040157,1.0,CLIENT,7,2,100000,13,17,0,10659,10668,1276,3,325,936,17721.344000000005,49,False,False
160,18,-488.109233094229,306.0253347959346,1.0,CLIENT,7,2,100000,15,44,0,10669,10715,1249,1,317,912,45867.00800000002,49,False,False
160,19,34.85362720067429,387.4002547953455,1.0,CLIENT,7,2,100000,14,21,0,10680,10681,1275,1,324,945,21891.072000000007,49,False,False
160,20,19.011068573179152,-492.69566520447796,1.0,CLIENT,7,2,100000,10,13,0,10662,10672,1282,3,326,951,13551.616000000004,49,False,False
160,21,-355.0317406229322,362.79853479576275,1.0,CLIENT,7,2,100000,17,28,0,10651,10684,1262,2,322,935,29188.096000000012,49,False,False
160,22,436.6209139947614,417.01137479572736,1.0,CLIENT,7,2,100000,10,24,0,10690,10764,1264,2,323,923,25018.36800000001,49,False,False
160,23,-382.67700542797024,-336.8476652040502,1.0,CLIENT,7,2,100000,14,16,0,10678,10699,1274,3,325,933,16678.912000000004,49,False,False
160,24,-174.82263623496397,293.1122147953161,1.0,CLIENT,7,2,100000,10,12,0,10707,10707,1284,2,326,951,12509.184000000003,49,False,False
160,25,-420.8575717201717,495.0466947956602,1.0,CLIENT,7,2,100000,12,29,0,10472,10707,1229,2,322,888,30230.528000000013,49,False,False
160,26,-279.30431038315646,303.57629479579003,1.0,CLIENT,7,2,100000,12,24,0,10669,10671,1270,3,323,934,25018.36800000001,49,False,False
160,27,16.23862081304387,476.5675747956479,1.0,CLIENT,7,2,100000,12,20,0,10676,10683,1275,2,324,949,20848.640000000007,49,False,False
160,28,-135.37466525238287,-376.14362520450044,1.0,CLIENT,7,2,100000,17,34,0,10658,10659,1261,3,320,936,35442.68800000002,49,False,False
160,29,-71.687579569526,-282.3008652041378,1.0,CLIENT,7,2,100000,12,24,0,10660,10660,1272,2,323,946,25018.36800000001,49,False,False
160,30,251.34219084583714,-461.63738520458594,1.0,CLIENT,7,2,100000,10,32,0,10635,10703,1250,3,321,919,33357.824000000015,49,False,False
160,31,211.57736869094254,-436.03378520436877,1.0,CLIENT,7,2,100000,15,35,0,10663,10689,1253,3,319,920,36485.12000000002,49,False,False
160,32,-143.21673177291137,-339.4080252047047,1.0,CLIENT,7,2,100000,12,22,0,10659,10660,1273,3,322,941,22933.504000000008,49,False,False
160,33,-313.2073858465927,-177.43742520470647,1.0,CLIENT,7,2,100000,11,21,0,10657,10657,1274,3,324,933,21891.072000000007,49,False,False
160,34,-429.8086173452045,-184.56190520412036,1.0,CLIENT,7,2,100000,12,15,0,10667,10675,1280,2,325,940,15636.480000000005,49,False,False
160,35,-8.317345059545449,-18.361145204519573,1.0,CLIENT,7,2,100000,9,15,0,10666,10666,1281,2,325,953,15636.480000000005,49,False,False
160,36,280.0172219618791,136.2623347958359,1.0,CLIENT,7,2,100000,8,8,0,10693,10693,1288,2,327,950,8339.456,49,False,False
160,37,-143.53358294522488,-162.52054520440112,1.0,CLIENT,7,2,100000,14,16,0,10653,10653,1279,3,325,953,16678.912000000004,49,False,False
160,38,44.35916237683366,-349.87210520438765,1.0,CLIENT,7,2,100000,14,24,0,10660,10661,1271,3,323,938,25018.36800000001,49,False,False
160,39,30.576136371346283,414.0057347954061,1.0,CLIENT,7,2,100000,17,36,0,10652,10652,1260,2,320,934,37527.55200000002,49,False,False
160,40,-295.62214576996615,-404.8641852047578,1.0,CLIENT,7,2,100000,13,20,0,10664,10682,1272,3,324,941,20848.640000000007,49,False,False
160,41,173.31758960524067,-204.59950520415276,1.0,CLIENT,7,2,100000,12,24,0,10669,10669,1271,3,323,945,25018.36800000001,49,False,False
160,42,365.1709745843137,-263.2651452047398,1.0,CLIENT,7,2,100000,18,32,0,10654,10674,1261,3,321,925,33357.824000000015,49,False,False
160,43,-28.199756136992747,-329.50054520440744,1.0,CLIENT,7,2,100000,16,25,0,10652,10652,1270,3,322,944,26060.80000000001,49,False,False
160,44,-216.48856542542813,-81.81354520409485,1.0,CLIENT,7,2,100000,14,36,0,10666,10666,1259,3,320,936,37527.55200000002,49,False,False
160,45,-437.72989665867067,360.4608147953371,1.0,CLIENT,7,2,100000,18,44,0,10585,10656,1242,2,318,907,45867.00800000002,49,False,False
160,46,89.19360329324714,-260.03686520418967,1.0,CLIENT,7,2,100000,12,16,0,10656,10656,1279,3,325,951,16678.912000000004,49,False,False
160,47,-219.89471553019044,-380.59642520433187,1.0,CLIENT,7,2,100000,15,40,0,10655,10659,1255,3,319,932,41697.28000000002,49,False,False
160,48,-53.86470111352361,178.67525479553535,1.0,CLIENT,7,2,100000,11,24,0,10690,10690,1271,3,323,939,25018.36800000001,49,False,False
160,49,-212.92398973422766,-456.8506252040157,1.0,CLIENT,7,2,100000,17,37,0,10666,10682,1255,3,319,931,38569.98400000002,49,False,False

161,0,252.6888083291545,56.557214795373056,1.0,CLIENT,7,2,100000,13,24,0,10764,10764,1276,13,324,947,25018.36800000001,49,False,False
161,1,272.5712194066018,89.6192547957429,1.0,CLIENT,7,2,100000,15,22,0,10772,10772,1278,13,324,943,22933.504000000008,49,False,False
161,2,-219.26101318500056,-35.17046520400186,1.0,CLIENT,7,2,100000,11,16,0,10788,10788,1286,11,326,946,16678.912000000004,49,False,False
161,3,219.26100962503284,-246.56714520418546,1.0,CLIENT,7,2,100000,12,28,0,10772,10774,1275,10,323,947,29188.096000000012,49,False,False
161,4,270.5116867851569,359.34761479577475,1.0,CLIENT,7,2,100000,16,32,0,10782,10788,1264,16,322,931,33357.824000000015,49,False,False
161,5,452.2258342428807,444.2847747956836,1.0,CLIENT,7,2,100000,9,28,0,10760,10866,1247,15,323,896,29188.096000000012,49,False,False
161,6,283.26494648020326,432.1508947954706,1.0,CLIENT,7,2,100000,13,31,0,10768,10804,1257,14,323,913,32315.392000000014,49,False,False
161,7,-286.6711001454961,-49.08546520446379,1.0,CLIENT,7,2,100000,18,46,0,10768,10768,1257,10,318,925,47951.872000000025,49,False,False
161,8,169.04009877591267,289.1046947959424,1.0,CLIENT,7,2,100000,10,24,0,10806,10807,1276,12,324,939,25018.36800000001,49,False,False
161,9,-52.755722009582065,185.91105479545917,1.0,CLIENT,7,2,100000,16,24,0,10751,10751,1279,10,324,940,25018.36800000001,49,False,False
161,10,-235.2619973989339,241.23709479577713,1.0,CLIENT,7,2,100000,12,20,0,10760,10764,1280,11,325,942,20848.640000000007,49,False,False
161,11,-293.16654918270723,293.7801347960027,1.0,CLIENT,7,2,100000,14,20,0,10749,10766,1276,11,325,934,20848.640000000007,49,False,False
161,12,-125.55227890334716,-115.98878520402707,1.0,CLIENT,7,2,100000,15,28,0,10742,10742,1268,17,323,934,29188.096000000012,49,False,False
161,13,-317.8017278482342,147.06037479546666,1.0,CLIENT,7,2,100000,17,23,0,10740,10742,1280,10,324,939,23975.93600000001,49,False,False
161,14,257.75842709011056,265.39353479569314,1.0,CLIENT,7,2,100000,14,24,0,10788,10790,1273,16,324,934,25018.36800000001,49,False,False
161,15,168.0103324649088,16.927294795765988,1.0,CLIENT,7,2,100000,9,16,0,10762,10762,1283,14,326,944,16678.912000000004,49,False,False
161,16,445.80959799860733,-484.3466652042008,1.0,CLIENT,7,2,100000,15,50,0,10452,10767,1193,5,318,853,52121.60000000003,49,False,False
161,17,322.3960662904708,-262.3745852046153,1.0,CLIENT,7,2,100000,13,16,0,10764,10768,1285,10,326,953,16678.912000000004,49,False,False
161,18,-156.4452682267094,451.40925479588844,1.0,CLIENT,7,2,100000,15,37,0,10758,10777,1263,8,320,932,38569.98400000002,49,False,False
161,19,324.29717332547756,-283.19142520426226,1.0,CLIENT,7,2,100000,14,20,0,10781,10794,1276,11,325,935,20848.640000000007,49,False,False
161,20,-153.11833091488475,-15.912105204374996,1.0,CLIENT,7,2,100000,10,13,0,10789,10789,1287,13,327,943,13551.616000000004,49,False,False
161,21,363.9035698944968,310.9234147954328,1.0,CLIENT,7,2,100000,17,30,0,10783,10799,1264,17,322,907,31272.960000000014,49,False,False
161,22,-32.39803417338308,51.993094795822685,1.0,CLIENT,7,2,100000,10,13,0,10795,10795,1288,12,327,941,13551.616000000004,49,False,False
161,23,101.94686298829347,-223.07862520416506,1.0,CLIENT,7,2,100000,14,11,0,10781,10781,1292,10,327,949,11466.752000000002,49,False,False
161,24,264.09545054088346,313.59509479580623,1.0,CLIENT,7,2,100000,10,12,0,10816,10819,1286,14,327,945,12509.184000000003,49,False,False
161,25,23.050921023131313,-397.51706520432407,1.0,CLIENT,7,2,100000,12,16,0,10788,10788,1287,10,326,948,16678.912000000004,49,False,False
161,26,-333.0105841305395,451.5205747956074,1.0,CLIENT,7,2,100000,12,33,0,10677,10793,1242,7,320,908,34400.256000000016,49,False,False
161,27,44.596800756209504,-129.23586520459338,1.0,CLIENT,7,2,100000,12,8,0,10730,10730,1291,14,328,954,8339.456,49,False,False
161,28,-408.26273761156347,-471.5448652040922,1.0,CLIENT,7,2,100000,17,49,0,10690,10794,1228,18,317,887,51079.16800000003,49,False,False
161,29,432.58106154480924,-263.9330652046354,1.0,CLIENT,7,2,100000,12,28,0,10777,10813,1268,7,323,927,29188.096000000012,49,False,False
161,30,-327.0696246455806,471.5581747956398,1.0,CLIENT,7,2,100000,10,46,0,10676,10809,1233,5,322,886,47951.872000000025,49,False,False
161,31,-43.329399626360356,-435.36586520447315,1.0,CLIENT,7,2,100000,15,33,0,10774,10779,1268,10,320,935,34400.256000000016,49,False,False
161,32,-448.02755976645807,-227.3087852045586,1.0,CLIENT,7,2,100000,12,28,0,10794,10814,1268,13,322,917,29188.096000000012,49,False,False
161,33,-220.84526904769382,154.63013479533828,1.0,CLIENT,7,2,100000,11,20,0,10775,10776,1283,10,325,946,20848.640000000007,49,False,False
161,34,4.831978601314912,-401.079305204031,1.0,CLIENT,7,2,100000,12,16,0,10772,10774,1284,12,326,941,16678.912000000004,49,False,False
161,35,206.428537136486,-57.768425204688754,1.0,CLIENT,7,2,100000,9,19,0,10779,10779,1283,11,325,955,19806.208000000006,49,False,False
161,36,82.3813030831597,103.64557479592378,1.0,CLIENT,7,2,100000,8,8,0,10767,10767,1289,16,328,949,8339.456,49,False,False
161,37,-126.18598124853702,-389.94730520445245,1.0,CLIENT,7,2,100000,14,20,0,10759,10760,1279,14,325,937,20848.640000000007,49,False,False
161,38,-453.57245528616585,369.03245479584314,1.0,CLIENT,7,2,100000,14,41,0,10626,10789,1226,4,320,883,42739.71200000002,49,False,False
161,39,-251.97589675099474,-139.14334520409966,1.0,CLIENT,7,2,100000,17,30,0,10743,10744,1268,14,321,931,31272.960000000014,49,False,False
161,40,-345.5262054467728,77.48537479552994,1.0,CLIENT,7,2,100000,13,16,0,10758,10759,1287,9,326,946,16678.912000000004,49,False,False
161,41,-20.753753582278282,-456.62798520457784,1.0,CLIENT,7,2,100000,12,31,0,10792,10796,1271,11,323,922,32315.392000000014,49,False,False
161,42,77.07404594282781,257.26717479564485,1.0,CLIENT,7,2,100000,18,24,0,10747,10747,1275,14,324,947,25018.36800000001,49,False,False
161,43,30.65534916428395,-450.6167052047263,1.0,CLIENT,7,2,100000,16,28,0,10769,10773,1272,11,322,931,29188.096000000012,49,False,False
161,44,-434.64059772622187,401.7605347954742,1.0,CLIENT,7,2,100000,14,44,0,10617,10796,1216,5,318,880,45867.00800000002,49,False,False
161,45,-356.37835810624955,-138.3641052044851,1.0,CLIENT,7,2,100000,18,42,0,10754,10758,1261,9,319,935,43782.14400000002,49,False,False
161,46,-61.62755484111442,-456.1827052041201,1.0,CLIENT,7,2,100000,12,20,0,10777,10780,1282,11,325,939,20848.640000000007,49,False,False
161,47,482.88118518742994,-414.32638520459733,1.0,CLIENT,7,2,100000,15,48,0,10546,10786,1200,7,319,848,50036.736000000026,49,False,False
161,48,207.61672903392804,-362.0059852046006,1.0,CLIENT,7,2,100000,11,24,0,10798,10803,1276,10,324,941,25018.36800000001,49,False,False
161,49,193.43763906206382,-222.5220252039884,1.0,CLIENT,7,2,100000,16,34,0,10765,10765,1268,11,321,938,35442.68800000002,49,False,False

162,0,493.57491226046847,138.04345479529388,1.0,CLIENT,7,2,100000,13,25,0,10838,10871,1263,2,326,930,26060.80000000001,49,False,False
162,1,401.1335826691949,28.170614795854476,1.0,CLIENT,7,2,100000,15,23,0,10832,10832,1272,2,327,931,23975.93600000001,49,False,False
162,2,-101.86765375532354,-35.28178520451178,1.0,CLIENT,7,2,100000,11,10,0,10837,10837,1284,3,330,950,10424.320000000002,49,False,False
162,3,252.8472339155927,-181.44494520408017,1.0,CLIENT,7,2,100000,12,33,0,10865,10866,1262,2,324,934,34400.256000000016,49,False,False
162,4,361.60639889311324,161.8659347952621,1.0,CLIENT,7,2,100000,16,28,0,10828,10829,1267,2,326,937,29188.096000000012,49,False,False
162,5,231.1429285955135,360.1268547953893,1.0,CLIENT,7,2,100000,9,16,0,10867,10869,1277,3,329,936,16678.912000000004,49,False,False
162,6,476.78180011547,236.89561479566464,1.0,CLIENT,7,2,100000,13,28,0,10818,10865,1258,2,326,917,29188.096000000012,49,False,False
162,7,-72.55892029409169,-486.2391052041687,1.0,CLIENT,7,2,100000,18,48,0,10849,10852,1246,1,321,910,50036.736000000026,49,False,False
162,8,264.96679126544916,-129.01322520436452,1.0,CLIENT,7,2,100000,10,22,0,10845,10845,1272,3,327,944,22933.504000000008,49,False,False
162,9,1.6634668759284532,-421.89614520446895,1.0,CLIENT,7,2,100000,16,30,0,10855,10856,1265,2,325,931,31272.960000000014,49,False,False
162,10,-436.70013034822966,-286.30838520430245,1.0,CLIENT,7,2,100000,12,32,0,10890,10907,1261,3,325,923,33357.824000000015,49,False,False
162,11,-396.93530819277214,252.81437479581342,1.0,CLIENT,7,2,100000,14,32,0,10874,10887,1262,2,325,926,33357.824000000015,49,False,False
162,12,427.11537881803923,54.2194947957384,1.0,CLIENT,7,2,100000,15,31,0,10842,10843,1263,2,325,925,32315.392000000014,49,False,False
162,13,337.9217737450896,211.7372947959052,1.0,CLIENT,7,2,100000,17,34,0,10846,10849,1260,2,325,927,35442.68800000002,49,False,False
162,14,-322.87134660919025,96.29845479549004,1.0,CLIENT,7,2,100000,14,18,0,10832,10834,1277,2,328,939,18763.776000000005,49,False,False
162,15,393.8460057003557,47.874254795939066,1.0,CLIENT,7,2,100000,9,16,0,10869,10870,1279,2,329,939,16678.912000000004,49,False,False
162,16,-152.80147974257125,391.18513479528133,1.0,CLIENT,7,2,100000,15,36,0,10854,10856,1259,2,324,927,37527.55200000002,49,False,False
162,17,131.6516604147765,-243.11622520419746,1.0,CLIENT,7,2,100000,13,16,0,10847,10847,1279,2,329,936,16678.912000000004,49,False,False
162,18,420.22386581501405,-145.5999052044089,1.0,CLIENT,7,2,100000,15,36,0,10849,10852,1258,3,323,929,37527.55200000002,49,False,False
162,19,-391.3111998801268,-149.83006520401148,1.0,CLIENT,7,2,100000,14,20,0,10891,10893,1274,3,328,934,20848.640000000007,49,False,False
162,20,-118.26470193450803,-52.647705204170734,1.0,CLIENT,7,2,100000,10,12,0,10831,10831,1281,4,330,948,12509.184000000003,49,False,False
162,21,-49.42878469775743,310.9234147954328,1.0,CLIENT,7,2,100000,17,22,0,10828,10828,1273,2,327,933,22933.504000000008,49,False,False
162,22,9.347107810018757,-444.0488252046981,1.0,CLIENT,7,2,100000,10,12,0,10883,10886,1283,2,330,940,12509.184000000003,49,False,False
162,23,259.10504457342796,399.3114947953296,1.0,CLIENT,7,2,100000,14,11,0,10845,10856,1280,3,330,939,11466.752000000002,49,False,False
162,24,498.24846705561055,-388.38882520443235,1.0,CLIENT,7,2,100000,10,19,0,10718,10906,1251,1,328,912,19806.208000000006,49,False,False
162,25,157.79188215005905,251.92381479568894,1.0,CLIENT,7,2,100000,12,16,0,10855,10855,1278,3,329,943,16678.912000000004,49,False,False
162,26,-71.05387722433613,118.78509479566702,1.0,CLIENT,7,2,100000,12,24,0,10838,10838,1271,2,327,934,25018.36800000001,49,False,False
162,27,-478.2868467451933,-322.4873852047125,1.0,CLIENT,7,2,100000,12,24,0,10831,10892,1262,4,327,918,25018.36800000001,49,False,False
162,28,-323.1089849885661,-295.99322520437084,1.0,CLIENT,7,2,100000,17,43,0,10856,10857,1251,3,322,912,44824.57600000002,49,False,False
162,29,9.5847461893946,-176.99214520424874,1.0,CLIENT,7,2,100000,12,29,0,10848,10848,1265,3,326,931,30230.528000000013,49,False,False
162,30,-77.39090067567189,310.9234147954328,1.0,CLIENT,7,2,100000,10,33,0,10867,10868,1262,1,325,926,34400.256000000016,49,False,False
162,31,-116.60123327887713,256.37661479552037,1.0,CLIENT,7,2,100000,15,33,0,10839,10839,1262,2,324,932,34400.256000000016,49,False,False
162,32,22.258793091503275,-445.941265204666,1.0,CLIENT,7,2,100000,12,28,0,10889,10890,1267,2,325,928,29188.096000000012,49,False,False
162,33,214.90430600220435,-18.249825204009653,1.0,CLIENT,7,2,100000,11,18,0,10826,10826,1277,2,328,939,18763.776000000005,49,False,False
162,34,-389.6477312239331,479.6845347956881,1.0,CLIENT,7,2,100000,12,20,0,10810,10887,1269,0,327,922,20848.640000000007,49,False,False
162,35,149.39532607784122,377.49277479583924,1.0,CLIENT,7,2,100000,9,20,0,10881,10882,1275,2,328,943,20848.640000000007,49,False,False
162,36,-300.61255173742165,-77.13810520403456,1.0,CLIENT,7,2,100000,8,8,0,10868,10868,1286,3,331,952,8339.456,49,False,False
162,37,-302.7512971523671,380.38709479565057,1.0,CLIENT,7,2,100000,14,36,0,10865,10887,1258,2,326,915,37527.55200000002,49,False,False
162,38,493.81255064040727,178.5639347958164,1.0,CLIENT,7,2,100000,14,28,0,10816,10850,1263,2,326,925,29188.096000000012,49,False,False
162,39,190.90282968186722,-397.73970520455293,1.0,CLIENT,7,2,100000,17,38,0,10858,10868,1257,2,323,924,39612.41600000002,49,False,False
162,40,244.76752901512555,49.65537479539705,1.0,CLIENT,7,2,100000,13,16,0,10821,10821,1278,3,329,949,16678.912000000004,49,False,False
162,41,-337.92177730505733,432.8188147953662,1.0,CLIENT,7,2,100000,12,24,0,10815,10860,1264,2,326,923,25018.36800000001,49,False,False
162,42,-456.42411583923877,145.83585479539437,1.0,CLIENT,7,2,100000,18,28,0,10836,10845,1266,2,326,927,29188.096000000012,49,False,False
162,43,200.64600323740243,294.0027747954406,1.0,CLIENT,7,2,100000,16,25,0,10841,10842,1269,3,326,929,26060.80000000001,49,False,False
162,44,-491.6738087854295,21.15745479536855,1.0,CLIENT,7,2,100000,14,40,0,10859,10874,1252,2,323,914,41697.28000000002,49,False,False
162,45,-197.87355903779772,290.5518547954526,1.0,CLIENT,7,2,100000,18,44,0,10846,10846,1251,2,322,926,45867.00800000002,49,False,False
162,46,-7.604429921417922,-231.42762520444222,1.0,CLIENT,7,2,100000,12,16,0,10834,10834,1278,3,329,946,16678.912000000004,49,False,False
162,47,-97.74858851187086,-128.12266520424004,1.0,CLIENT,7,2,100000,15,33,0,10822,10822,1260,4,324,928,34400.256000000016,49,False,False
162,48,-316.1382591926033,-322.3760652042026,1.0,CLIENT,7,2,100000,11,22,0,10846,10846,1272,3,327,935,22933.504000000008,49,False,False
162,49,-490.72325526792616,-295.770585204142,1.0,CLIENT,7,2,100000,17,41,0,10824,10884,1247,3,322,905,42739.71200000002,49,False,False

163,0,-352.25929286335975,267.61993479560886,1.0,CLIENT,7,2,100000,13,25,0,10887,10900,1271,4,329,926,26060.80000000001,49,False,False
163,1,-241.51980805676914,-388.1661852042035,1.0,CLIENT,7,2,100000,15,26,0,10900,10910,1271,5,328,936,27103.23200000001,49,False,False
163,2,-248.41132105979426,-20.587545204435287,1.0,CLIENT,7,2,100000,11,9,0,10884,10884,1292,6,332,956,9381.888,49,False,False
163,3,-97.98622689124672,99.52673479524918,1.0,CLIENT,7,2,100000,12,25,0,10888,10888,1276,6,328,940,26060.80000000001,49,False,False
163,4,287.14637334371724,6.46321479529206,1.0,CLIENT,7,2,100000,16,32,0,10900,10900,1270,5,327,927,33357.824000000015,49,False,False
163,5,94.8969243988302,-456.29402520463003,1.0,CLIENT,7,2,100000,9,16,0,10905,10931,1285,4,331,942,16678.912000000004,49,False,False
163,6,442.40344789384494,-321.2628652046402,1.0,CLIENT,7,2,100000,13,33,0,10818,10934,1243,2,327,894,34400.256000000016,49,False,False
163,7,-204.13136969563297,131.5868947957756,1.0,CLIENT,7,2,100000,18,35,0,10862,10862,1268,4,326,936,36485.12000000002,49,False,False
163,8,499.2782333666145,-48.64018520400606,1.0,CLIENT,7,2,100000,10,22,0,10913,10934,1275,4,329,926,22933.504000000008,49,False,False
163,9,398.9948372542494,-138.3641052044851,1.0,CLIENT,7,2,100000,16,29,0,10898,10907,1272,4,327,925,30230.528000000013,49,False,False
163,10,185.59557254153532,-37.06290520476074,1.0,CLIENT,7,2,100000,12,20,0,10889,10889,1282,5,330,935,20848.640000000007,49,False,False
163,11,-7.4460043349797465,75.70425479528097,1.0,CLIENT,7,2,100000,14,17,0,10872,10872,1284,6,330,946,17721.344000000005,49,False,False
163,12,-106.22435737758921,110.65873479561873,1.0,CLIENT,7,2,100000,15,28,0,10879,10879,1274,5,328,936,29188.096000000012,49,False,False
163,13,-422.2834019969896,429.701854795326,1.0,CLIENT,7,2,100000,17,32,0,10713,10889,1242,4,327,893,33357.824000000015,49,False,False
163,14,-86.50037188658008,-317.4779852047044,1.0,CLIENT,7,2,100000,14,23,0,10898,10898,1280,4,329,939,23975.93600000001,49,False,False
163,15,226.15252262805797,-356.43998520441585,1.0,CLIENT,7,2,100000,9,16,0,10905,10922,1280,5,331,939,16678.912000000004,49,False,False
163,16,38.893479650626446,-242.44830520430185,1.0,CLIENT,7,2,100000,15,29,0,10891,10891,1274,4,327,940,30230.528000000013,49,False,False
163,17,157.15817980486918,-487.463625204241,1.0,CLIENT,7,2,100000,13,20,0,10868,10921,1271,3,330,925,20848.640000000007,49,False,False
163,18,-344.7340775151448,12.697134795372449,1.0,CLIENT,7,2,100000,15,29,0,10873,10874,1274,4,327,945,30230.528000000013,49,False,False
163,19,-358.4378907276945,-441.1545052040958,1.0,CLIENT,7,2,100000,14,20,0,10874,10917,1265,6,329,923,20848.640000000007,49,False,False
163,20,246.35178487781877,-374.4738252047614,1.0,CLIENT,7,2,100000,10,20,0,10916,10935,1279,5,330,927,20848.640000000007,49,False,False
163,21,-355.9030813474979,-1.106545204579561,1.0,CLIENT,7,2,100000,17,24,0,10877,10878,1278,4,329,944,25018.36800000001,49,False,False
163,22,-60.83542690948639,-449.8374652043208,1.0,CLIENT,7,2,100000,10,12,0,10919,10929,1287,4,332,940,12509.184000000003,49,False,False
163,23,465.771221869555,-435.2545452047542,1.0,CLIENT,7,2,100000,14,33,0,10650,10933,1216,2,328,859,34400.256000000016,49,False,False
163,24,-105.9075062052757,-175.6563052044575,1.0,CLIENT,7,2,100000,10,12,0,10890,10890,1288,7,332,953,12509.184000000003,49,False,False
163,25,347.4273089218118,240.68049479560045,1.0,CLIENT,7,2,100000,12,20,0,10933,10934,1280,7,330,930,20848.640000000007,49,False,False
163,26,-457.4538821502426,484.6939347956962,1.0,CLIENT,7,2,100000,12,49,0,10585,10947,1185,2,321,843,51079.16800000003,49,False,False
163,27,146.06838876601657,84.6098547957348,1.0,CLIENT,7,2,100000,12,20,0,10903,10903,1281,6,330,935,20848.640000000007,49,False,False
163,28,-165.71316502405577,-232.20686520405678,1.0,CLIENT,7,2,100000,17,33,0,10889,10889,1267,7,326,928,34400.256000000016,49,False,False
163,29,-110.89791217273122,138.3774147952417,1.0,CLIENT,7,2,100000,12,26,0,10894,10894,1277,4,328,948,27103.23200000001,49,False,False
163,30,-1.7802652841284292e-06,401.53789479524534,1.0,CLIENT,7,2,100000,10,32,0,10930,10931,1270,4,327,933,33357.824000000015,49,False,False
163,31,263.85781216150764,-443.6035452042404,1.0,CLIENT,7,2,100000,15,41,0,10850,10931,1244,4,324,902,42739.71200000002,49,False,False
163,32,-183.06076672130646,-120.88686520431622,1.0,CLIENT,7,2,100000,12,19,0,10881,10881,1281,7,329,946,19806.208000000006,49,False,False
163,33,416.73850291731407,483.8033747955717,1.0,CLIENT,7,2,100000,11,43,0,10819,10993,1233,6,326,878,44824.57600000002,49,False,False
163,34,-260.45166561671306,198.267574795901,1.0,CLIENT,7,2,100000,12,16,0,10900,10900,1287,4,331,952,16678.912000000004,49,False,False
163,35,-481.6137840570179,348.10429479568626,1.0,CLIENT,7,2,100000,9,20,0,10838,10955,1264,4,330,921,20848.640000000007,49,False,False
163,36,-472.74195122548554,-238.99738520431384,1.0,CLIENT,7,2,100000,8,12,0,10940,10954,1283,4,332,932,12509.184000000003,49,False,False
163,37,-127.21574755897805,463.98841479576816,1.0,CLIENT,7,2,100000,14,18,0,10872,10882,1284,5,330,933,18763.776000000005,49,False,False
163,38,-486.52497723153584,-158.29038520400758,1.0,CLIENT,7,2,100000,14,31,0,10890,10905,1267,4,327,925,32315.392000000014,49,False,False
163,39,134.2656825884736,-469.6524252041243,1.0,CLIENT,7,2,100000,17,33,0,10870,10899,1266,2,326,928,34400.256000000016,49,False,False
163,40,180.0506770218276,-481.67498520461834,1.0,CLIENT,7,2,100000,13,20,0,10856,10908,1269,5,330,913,20848.640000000007,49,False,False
163,41,-369.5276817671099,246.02385479555636,1.0,CLIENT,7,2,100000,12,24,0,10902,10913,1278,4,329,935,25018.36800000001,49,False,False
163,42,272.5712194066018,354.2268947952567,1.0,CLIENT,7,2,100000,18,30,0,10901,10902,1270,7,327,925,31272.960000000014,49,False,False
163,43,98.46150009003067,281.7575747955087,1.0,CLIENT,7,2,100000,16,34,0,10922,10922,1267,6,325,926,35442.68800000002,49,False,False
163,44,-46.656336938184985,43.31013479559772,1.0,CLIENT,7,2,100000,14,27,0,10865,10865,1272,8,328,937,28145.66400000001,49,False,False
163,45,-483.2772527126488,-129.79246520477005,1.0,CLIENT,7,2,100000,18,49,0,10902,10910,1253,4,322,913,51079.16800000003,49,False,False
163,46,-229.4794634998503,174.33377479542287,1.0,CLIENT,7,2,100000,12,19,0,10891,10892,1284,4,330,939,19806.208000000006,49,False,False
163,47,-225.677249429274,426.02829479590014,1.0,CLIENT,7,2,100000,15,45,0,10878,10905,1251,5,324,913,46909.440000000024,49,False,False
163,48,-485.09914695528073,-165.08090520426464,1.0,CLIENT,7,2,100000,11,24,0,10906,10915,1273,6,329,939,25018.36800000001,49,False,False
163,49,-488.3468714736049,-13.12910520428261,1.0,CLIENT,7,2,100000,16,35,0,10883,10894,1264,4,326,934,36485.12000000002,49,False,False

164,0,-247.3023419558527,443.50553479527804,1.0,CLIENT,7,2,100000,13,25,0,10539,10599,1252,4,321,920,26060.80000000001,49,False,False
164,1,-62.10283159986611,-425.68102520440476,1.0,CLIENT,7,2,100000,15,25,0,10593,10596,1269,5,321,938,26060.80000000001,49,False,False
164,2,376.18155283079153,-12.906465204053745,1.0,CLIENT,7,2,100000,11,16,0,10591,10591,1278,5,324,945,16678.912000000004,49,False,False
164,3,-326.83198626620475,-101.96246520463717,1.0,CLIENT,7,2,100000,12,35,0,10601,10601,1259,5,319,924,36485.12000000002,49,False,False
164,4,88.87675212037078,138.3774147952417,1.0,CLIENT,7,2,100000,16,22,0,10533,10533,1271,7,322,938,22933.504000000008,49,False,False
164,5,458.64207048715406,259.82753479550837,1.0,CLIENT,7,2,100000,9,21,0,10635,10636,1270,8,323,915,21891.072000000007,49,False,False
164,6,224.88511793767825,388.17949479575105,1.0,CLIENT,7,2,100000,13,24,0,10576,10576,1270,5,322,931,25018.36800000001,49,False,False
164,7,-289.6019734915067,474.89777479590884,1.0,CLIENT,7,2,100000,18,52,0,10476,10582,1214,4,315,882,54206.46400000003,49,False,False
164,8,78.4206634261452,212.6278547952387,1.0,CLIENT,7,2,100000,10,25,0,10589,10589,1270,4,322,939,26060.80000000001,49,False,False
164,9,68.36063869773363,-480.561785204265,1.0,CLIENT,7,2,100000,16,32,0,10585,10602,1258,5,320,919,33357.824000000015,49,False,False
164,10,345.9222658520563,267.5086147958899,1.0,CLIENT,7,2,100000,12,24,0,10595,10595,1267,8,322,929,25018.36800000001,49,False,False
164,11,132.5230011393422,-481.11838520444167,1.0,CLIENT,7,2,100000,14,21,0,10550,10573,1270,4,322,938,21891.072000000007,49,False,False
164,12,379.35006455617787,-488.57682520459434,1.0,CLIENT,7,2,100000,15,46,0,10361,10561,1203,4,320,867,47951.872000000025,49,False,False
164,13,-50.53776380169897,-83.03806520416714,1.0,CLIENT,7,2,100000,17,23,0,10542,10542,1268,8,322,945,23975.93600000001,49,False,False
164,14,-29.07109686155845,-345.19666520432736,1.0,CLIENT,7,2,100000,14,22,0,10576,10576,1272,5,322,946,22933.504000000008,49,False,False
164,15,338.4762632973418,-339.0740652047569,1.0,CLIENT,7,2,100000,9,16,0,10598,10619,1272,4,324,939,16678.912000000004,49,False,False
164,16,-235.81648695062324,306.6932547958302,1.0,CLIENT,7,2,100000,15,28,0,10548,10559,1263,5,321,934,29188.096000000012,49,False,False
164,17,302.038378453709,61.34397479594327,1.0,CLIENT,7,2,100000,13,16,0,10580,10580,1276,7,324,940,16678.912000000004,49,False,False
164,18,-312.4152579149646,-279.74050520427426,1.0,CLIENT,7,2,100000,15,38,0,10592,10592,1254,7,318,919,39612.41600000002,49,False,False
164,19,414.2036935365546,62.56849479522458,1.0,CLIENT,7,2,100000,14,20,0,10561,10561,1273,6,323,935,20848.640000000007,49,False,False
164,20,263.0656842298796,-219.40506520473917,1.0,CLIENT,7,2,100000,10,12,0,10588,10588,1282,5,325,940,12509.184000000003,49,False,False
164,21,350.9918846130123,-190.6845052044818,1.0,CLIENT,7,2,100000,17,24,0,10566,10569,1270,5,322,943,25018.36800000001,49,False,False
164,22,22.575644264379626,327.2874547952483,1.0,CLIENT,7,2,100000,10,12,0,10596,10596,1283,4,325,947,12509.184000000003,49,False,False
164,23,137.75104548617358,447.95833479590044,1.0,CLIENT,7,2,100000,14,8,0,10578,10579,1287,4,326,936,8339.456,49,False,False
164,24,-347.6649508611554,-46.63642520431921,1.0,CLIENT,7,2,100000,10,12,0,10619,10620,1281,6,325,939,12509.184000000003,49,False,False
164,25,-10.297664888052696,327.39877479575824,1.0,CLIENT,7,2,100000,12,16,0,10565,10567,1278,4,324,944,16678.912000000004,49,False,False
164,26,-344.7340775151448,-30.82898520468035,1.0,CLIENT,7,2,100000,12,27,0,10587,10587,1267,5,321,935,28145.66400000001,49,False,False
164,27,373.56753065709444,-133.46602520419594,1.0,CLIENT,7,2,100000,12,20,0,10580,10581,1274,5,323,945,20848.640000000007,49,False,False
164,28,-41.34907979785311,496.7164947953992,1.0,CLIENT,7,2,100000,17,34,0,10539,10572,1253,3,318,913,35442.68800000002,49,False,False
164,29,492.30750757065164,11.361294795581216,1.0,CLIENT,7,2,100000,12,28,0,10586,10589,1266,5,321,927,29188.096000000012,49,False,False
164,30,-175.69397695952966,7.019814795468733,1.0,CLIENT,7,2,100000,10,29,0,10569,10569,1265,5,320,930,30230.528000000013,49,False,False
164,31,69.78646897398868,-220.0729852046348,1.0,CLIENT,7,2,100000,15,33,0,10552,10552,1262,4,319,937,34400.256000000016,49,False,False
164,32,37.467649373808555,43.86673479577439,1.0,CLIENT,7,2,100000,12,19,0,10555,10555,1275,5,322,945,19806.208000000006,49,False,False
164,33,152.24698663035133,-389.3907052042758,1.0,CLIENT,7,2,100000,11,20,0,10590,10597,1273,5,323,941,20848.640000000007,49,False,False
164,34,-134.82017570013068,-373.1379852041792,1.0,CLIENT,7,2,100000,12,16,0,10591,10591,1278,5,324,944,16678.912000000004,49,False,False
164,35,93.5503069155128,430.9263747953983,1.0,CLIENT,7,2,100000,9,21,0,10600,10602,1274,3,323,934,21891.072000000007,49,False,False
164,36,-366.5175956281616,480.90905479576037,1.0,CLIENT,7,2,100000,8,14,0,10438,10623,1238,3,325,897,14594.048000000004,49,False,False
164,37,207.69594182686572,-11.459305204543568,1.0,CLIENT,7,2,100000,14,20,0,10570,10570,1271,8,323,937,20848.640000000007,49,False,False
164,38,408.02509567221995,6.685854795520925,1.0,CLIENT,7,2,100000,14,32,0,10593,10593,1262,5,320,926,33357.824000000015,49,False,False
164,39,-264.33309248022704,-315.14026520427876,1.0,CLIENT,7,2,100000,17,43,0,10614,10614,1248,8,317,913,44824.57600000002,49,False,False
164,40,-23.60541413478839,121.01149479558273,1.0,CLIENT,7,2,100000,13,16,0,10558,10558,1279,4,324,947,16678.912000000004,49,False,False
164,41,-261.24379354777824,496.82781479590915,1.0,CLIENT,7,2,100000,12,39,0,10523,10630,1224,3,319,891,40654.84800000002,49,False,False
164,42,439.0765105820203,264.83693479551647,1.0,CLIENT,7,2,100000,18,30,0,10578,10580,1260,8,320,922,31272.960000000014,49,False,False
164,43,70.34095852624087,-49.08546520446379,1.0,CLIENT,7,2,100000,16,22,0,10539,10539,1270,7,322,934,22933.504000000008,49,False,False
164,44,472.900373251956,-461.08078520440927,1.0,CLIENT,7,2,100000,14,46,0,10302,10615,1180,3,316,846,47951.872000000025,49,False,False
164,45,-497.06027871869907,262.165254795934,1.0,CLIENT,7,2,100000,18,52,0,10519,10602,1221,4,315,883,54206.46400000003,49,False,False
164,46,392.97466497579,-105.07942520467736,1.0,CLIENT,7,2,100000,12,20,0,10576,10577,1274,5,323,937,20848.640000000007,49,False,False
164,47,-215.61722470086244,-377.5907852040106,1.0,CLIENT,7,2,100000,15,44,0,10602,10602,1250,5,317,927,45867.00800000002,49,False,False
164,48,40.08167154750566,300.0140547952921,1.0,CLIENT,7,2,100000,11,25,0,10578,10579,1270,3,322,934,26060.80000000001,49,False,False
164,49,443.2747886184107,103.42293479569491,1.0,CLIENT,7,2,100000,17,35,0,10546,10547,1258,5,319,916,36485.12000000002,49,False,False

165,0,103.5311188509867,-69.01174520398627,1.0,CLIENT,7,2,100000,13,24,0,10726,10726,1264,0,324,940,25018.36800000001,49,False,False
165,1,227.26150173199952,470.6676147955153,1.0,CLIENT,7,2,100000,15,30,0,10763,10771,1258,0,322,915,31272.960000000014,49,False,False
165,2,269.79877164702935,-217.95790520443802,1.0,CLIENT,7,2,100000,11,17,0,10767,10767,1271,0,325,939,17721.344000000005,49,False,False
165,3,-253.16408864787394,-214.72962520467888,1.0,CLIENT,7,2,100000,12,26,0,10726,10729,1261,0,323,931,27103.23200000001,49,False,False
165,4,-352.25929286335975,-51.97978520427512,1.0,CLIENT,7,2,100000,16,28,0,10719,10719,1260,0,323,933,29188.096000000012,49,False,False
165,5,280.73013710000663,434.15465479594843,1.0,CLIENT,7,2,100000,9,20,0,10784,10797,1266,0,325,926,20848.640000000007,49,False,False
165,6,347.26888333537363,-258.14442520422176,1.0,CLIENT,7,2,100000,13,24,0,10729,10733,1264,0,324,926,25018.36800000001,49,False,False
165,7,363.665931515121,83.49665479538146,1.0,CLIENT,7,2,100000,18,39,0,10714,10714,1250,0,320,924,40654.84800000002,49,False,False
165,8,-44.27995314386372,352.44577479579874,1.0,CLIENT,7,2,100000,10,25,0,10735,10735,1263,0,324,935,26060.80000000001,49,False,False
165,9,243.97540108406034,-362.7852252042152,1.0,CLIENT,7,2,100000,16,32,0,10740,10743,1255,0,322,928,33357.824000000015,49,False,False
165,10,-131.09717442305487,409.3302947953458,1.0,CLIENT,7,2,100000,12,24,0,10739,10739,1264,0,324,937,25018.36800000001,49,False,False
165,11,-456.3449030463011,72.25333479529297,1.0,CLIENT,7,2,100000,14,28,0,10744,10746,1260,0,323,924,29188.096000000012,49,False,False
165,12,-244.37146860984208,-192.35430520422085,1.0,CLIENT,7,2,100000,15,28,0,10708,10710,1260,0,323,937,29188.096000000012,49,False,False
165,13,7.762851947325529,38.85733479576629,1.0,CLIENT,7,2,100000,17,16,0,10676,10676,1272,0,326,946,16678.912000000004,49,False,False
165,14,336.57515626177224,467.43933479575617,1.0,CLIENT,7,2,100000,14,37,0,10761,10790,1247,0,321,908,38569.98400000002,49,False,False
165,15,-424.8182113771862,122.01337479542616,1.0,CLIENT,7,2,100000,9,16,0,10752,10752,1272,0,326,942,16678.912000000004,49,False,False
165,16,-360.8934873149534,-340.8551852042149,1.0,CLIENT,7,2,100000,15,47,0,10734,10760,1231,0,319,894,48994.304000000026,49,False,False
165,17,146.7020911106436,29.617774795364653,1.0,CLIENT,7,2,100000,13,10,0,10701,10701,1278,0,327,950,10424.320000000002,49,False,False
165,18,208.96334651724544,-411.9886652041717,1.0,CLIENT,7,2,100000,15,37,0,10746,10748,1251,0,320,920,38569.98400000002,49,False,False
165,19,354.63567309715046,-137.58486520407956,1.0,CLIENT,7,2,100000,14,20,0,10734,10735,1268,0,325,935,20848.640000000007,49,False,False
165,20,244.92595460156372,317.491294795461,1.0,CLIENT,7,2,100000,10,16,0,10757,10757,1272,0,326,943,16678.912000000004,49,False,False
165,21,57.35006045181869,112.32853479535777,1.0,CLIENT,7,2,100000,17,20,0,10684,10684,1268,0,325,943,20848.640000000007,49,False,False
165,22,-403.43075722998327,243.12953479574503,1.0,CLIENT,7,2,100000,10,12,0,10761,10764,1275,0,327,942,12509.184000000003,49,False,False
165,23,296.5726957275018,-283.0801052045433,1.0,CLIENT,7,2,100000,14,8,0,10732,10732,1280,0,328,944,8339.456,49,False,False
165,24,-144.08807249747707,456.3073347953866,1.0,CLIENT,7,2,100000,10,12,0,10763,10763,1276,0,327,937,12509.184000000003,49,False,False
165,25,-411.43124933695,225.7636147952951,1.0,CLIENT,7,2,100000,12,24,0,10772,10776,1264,0,324,921,25018.36800000001,49,False,False
165,26,-264.0954541008512,-340.9665052047248,1.0,CLIENT,7,2,100000,12,27,0,10728,10739,1258,0,323,925,28145.66400000001,49,False,False
165,27,-43.25018683342269,-236.43702520445032,1.0,CLIENT,7,2,100000,12,15,0,10715,10715,1273,0,326,943,15636.480000000005,49,False,False
165,28,446.12644917148356,-283.3027452047722,1.0,CLIENT,7,2,100000,17,48,0,10739,10760,1234,0,317,888,50036.736000000026,49,False,False
165,29,-165.39631385174226,-422.0074652041879,1.0,CLIENT,7,2,100000,12,30,0,10777,10796,1253,0,322,916,31272.960000000014,49,False,False
165,30,-404.698161920363,423.24529479580775,1.0,CLIENT,7,2,100000,10,38,0,10780,10812,1244,0,321,902,39612.41600000002,49,False,False
165,31,201.3589183760928,-341.6344252046204,1.0,CLIENT,7,2,100000,15,36,0,10740,10740,1252,0,320,927,37527.55200000002,49,False,False
165,32,-159.13850319334415,-401.3019452042599,1.0,CLIENT,7,2,100000,12,31,0,10748,10754,1256,0,322,930,32315.392000000014,49,False,False
165,33,-239.22263705594838,-349.20418520449203,1.0,CLIENT,7,2,100000,11,20,0,10713,10728,1264,0,325,934,20848.640000000007,49,False,False
165,34,55.528166209749614,-84.70786520469716,1.0,CLIENT,7,2,100000,12,13,0,10713,10713,1275,0,326,944,13551.616000000004,49,False,False
165,35,452.2258342428807,498.60893479536713,1.0,CLIENT,7,2,100000,9,35,0,10665,10849,1219,0,321,863,36485.12000000002,49,False,False
165,36,156.44526466674165,440.16593479579996,1.0,CLIENT,7,2,100000,8,12,0,10780,10780,1276,0,327,939,12509.184000000003,49,False,False
165,37,51.72595213861046,-134.35658520432042,1.0,CLIENT,7,2,100000,14,16,0,10703,10703,1272,0,326,946,16678.912000000004,49,False,False
165,38,89.2728160861848,299.1234947959586,1.0,CLIENT,7,2,100000,14,29,0,10735,10735,1259,0,322,930,30230.528000000013,49,False,False
165,39,295.78056779587376,-343.7495052040262,1.0,CLIENT,7,2,100000,17,41,0,10749,10757,1243,0,319,906,42739.71200000002,49,False,False
165,40,-149.87060639656062,-95.50590520432792,1.0,CLIENT,7,2,100000,13,16,0,10726,10726,1272,0,326,946,16678.912000000004,49,False,False
165,41,137.2757687274219,-84.8191852044161,1.0,CLIENT,7,2,100000,12,24,0,10725,10725,1264,0,324,933,25018.36800000001,49,False,False
165,42,-158.26716246934132,-111.31334520475775,1.0,CLIENT,7,2,100000,18,24,0,10678,10678,1264,0,324,932,25018.36800000001,49,False,False
165,43,16.951535951171397,140.38117479571952,1.0,CLIENT,7,2,100000,16,25,0,10714,10714,1263,0,323,931,26060.80000000001,49,False,False
165,44,52.04280331148681,-4.223505204619755,1.0,CLIENT,7,2,100000,14,32,0,10708,10708,1256,0,322,929,33357.824000000015,49,False,False
165,45,-155.73235308858187,123.68317479595618,1.0,CLIENT,7,2,100000,18,36,0,10688,10688,1252,0,321,929,37527.55200000002,49,False,False
165,46,104.71931074786592,101.64181479544595,1.0,CLIENT,7,2,100000,12,18,0,10723,10723,1270,0,325,938,18763.776000000005,49,False,False
165,47,-437.3338326928567,-338.1835052046324,1.0,CLIENT,7,2,100000,15,45,0,10682,10747,1227,0,319,898,46909.440000000024,49,False,False
165,48,-125.63149169628483,400.42469479568297,1.0,CLIENT,7,2,100000,11,24,0,10753,10753,1264,0,324,931,25018.36800000001,49,False,False
165,49,-45.230506661367095,-5.22538520446318,1.0,CLIENT,7,2,100000,16,34,0,10717,10717,1254,0,321,926,35442.68800000002,49,False,False

166,0,46.8147589640926,488.2561747954031,1.0,CLIENT,7,2,100000,13,27,0,10965,10974,1284,1,330,941,28145.66400000001,49,False,False
166,1,-281.2054174187261,-89.16066520452858,1.0,CLIENT,7,2,100000,15,23,0,10927,10927,1287,3,330,951,23975.93600000001,49,False,False
166,2,375.94391445141565,-196.80710520405228,1.0,CLIENT,7,2,100000,11,16,0,10971,10973,1294,3,332,948,16678.912000000004,49,False,False
166,3,-401.2127990221002,-405.1981452047056,1.0,CLIENT,7,2,100000,12,40,0,10912,10993,1252,3,326,908,41697.28000000002,49,False,False
166,4,-385.2118148087297,481.576974795656,1.0,CLIENT,7,2,100000,16,47,0,10845,11030,1243,3,323,905,48994.304000000026,49,False,False
166,5,-351.86322889754575,211.9599347953431,1.0,CLIENT,7,2,100000,9,16,0,10978,10982,1294,3,332,951,16678.912000000004,49,False,False
166,6,22.575644264379626,11.47261479530016,1.0,CLIENT,7,2,100000,13,16,0,10911,10911,1293,4,332,949,16678.912000000004,49,False,False
166,7,-418.7980390987268,-192.131665203992,1.0,CLIENT,7,2,100000,18,46,0,10940,10950,1262,3,324,925,47951.872000000025,49,False,False
166,8,457.3746657967744,-291.98570520420617,1.0,CLIENT,7,2,100000,10,23,0,10933,10974,1276,4,329,935,23975.93600000001,49,False,False
166,9,163.89126722201897,228.54661479538748,1.0,CLIENT,7,2,100000,16,26,0,10943,10943,1284,3,330,941,27103.23200000001,49,False,False
166,10,405.1734351191469,203.94489479580471,1.0,CLIENT,7,2,100000,12,27,0,10980,10984,1282,1,329,942,28145.66400000001,49,False,False
166,11,378.95400059036393,352.3344547952888,1.0,CLIENT,7,2,100000,14,29,0,10958,10985,1278,2,328,937,30230.528000000013,49,False,False
166,12,-65.74662008400425,52.883654795947166,1.0,CLIENT,7,2,100000,15,27,0,10916,10916,1282,4,329,944,28145.66400000001,49,False,False
166,13,-19.723987271274407,-60.44010520427122,1.0,CLIENT,7,2,100000,17,17,0,10907,10907,1292,4,331,957,17721.344000000005,49,False,False
166,14,385.0533856623239,-6.561225204254413,1.0,CLIENT,7,2,100000,14,24,0,10964,10964,1287,2,330,944,25018.36800000001,49,False,False
166,15,492.0698691912758,20.7121747957018,1.0,CLIENT,7,2,100000,9,16,0,10969,10976,1291,3,332,954,16678.912000000004,49,False,False
166,16,244.1338266704985,-238.44078520413717,1.0,CLIENT,7,2,100000,15,29,0,10947,10948,1281,3,328,945,30230.528000000013,49,False,False
166,17,297.4440364520675,-395.62462520435616,1.0,CLIENT,7,2,100000,13,19,0,10948,10973,1284,3,331,950,19806.208000000006,49,False,False
166,18,-202.7847522123156,-309.0176652047083,1.0,CLIENT,7,2,100000,15,38,0,10959,10962,1272,3,326,932,39612.41600000002,49,False,False
166,19,388.85559973290015,-350.76266520451213,1.0,CLIENT,7,2,100000,14,21,0,10932,10963,1279,4,331,935,21891.072000000007,49,False,False
166,20,-414.5997610623364,-232.6521452045145,1.0,CLIENT,7,2,100000,10,16,0,10962,10980,1292,3,332,948,16678.912000000004,49,False,False
166,21,-319.0691325386139,111.43797479523329,1.0,CLIENT,7,2,100000,17,28,0,10963,10963,1281,4,329,948,29188.096000000012,49,False,False
166,22,-238.27208353788217,203.2769747959091,1.0,CLIENT,7,2,100000,10,12,0,10962,10962,1298,3,333,956,12509.184000000003,49,False,False
166,23,-94.50086399298391,17.37257479543274,1.0,CLIENT,7,2,100000,14,8,0,10921,10921,1302,3,334,963,8339.456,49,False,False
166,24,-257.99606902945413,-57.54578520445989,1.0,CLIENT,7,2,100000,10,12,0,10934,10934,1298,3,333,954,12509.184000000003,49,False,False
166,25,350.2789694748848,-473.54862520457004,1.0,CLIENT,7,2,100000,12,24,0,10905,10985,1258,4,329,910,25018.36800000001,49,False,False
166,26,-36.51709941627291,347.65901479522853,1.0,CLIENT,7,2,100000,12,32,0,10981,10982,1278,3,328,941,33357.824000000015,49,False,False
166,27,-432.42263951833877,287.4348947954124,1.0,CLIENT,7,2,100000,12,24,0,10950,10986,1286,3,330,944,25018.36800000001,49,False,False
166,28,28.358178163463194,-499.486185204735,1.0,CLIENT,7,2,100000,17,43,0,10957,10972,1263,3,323,932,44824.57600000002,49,False,False
166,29,314.7124253558177,-304.5648652040859,1.0,CLIENT,7,2,100000,12,28,0,10952,10961,1281,4,329,949,29188.096000000012,49,False,False
166,30,421.41205771245615,-139.14334520409966,1.0,CLIENT,7,2,100000,10,32,0,10982,10986,1276,4,328,938,33357.824000000015,49,False,False
166,31,-478.36605953813097,285.3198147960066,1.0,CLIENT,7,2,100000,15,41,0,10901,10978,1263,4,325,920,42739.71200000002,49,False,False
166,32,-186.3084912396306,-432.4715452046618,1.0,CLIENT,7,2,100000,12,29,0,10955,10978,1277,3,328,936,30230.528000000013,49,False,False
166,33,462.04822059191645,-106.30394520474965,1.0,CLIENT,7,2,100000,11,26,0,10976,10983,1282,3,330,941,27103.23200000001,49,False,False
166,34,-345.3677798603346,60.00813479536106,1.0,CLIENT,7,2,100000,12,16,0,10953,10953,1293,4,332,954,16678.912000000004,49,False,False
166,35,343.7835204376737,13.69901479600685,1.0,CLIENT,7,2,100000,9,20,0,10989,10989,1290,3,331,944,20848.640000000007,49,False,False
166,36,226.46937380037147,383.9493347953575,1.0,CLIENT,7,2,100000,8,12,0,10999,11006,1298,2,333,956,12509.184000000003,49,False,False
166,37,219.1817968320952,1.1198547953361526,1.0,CLIENT,7,2,100000,14,16,0,10915,10915,1294,3,332,948,16678.912000000004,49,False,False
166,38,-69.4696213616429,75.25897479561422,1.0,CLIENT,7,2,100000,14,20,0,10919,10919,1289,4,331,947,20848.640000000007,49,False,False
166,39,364.7749106190625,-234.76722520471128,1.0,CLIENT,7,2,100000,17,34,0,10932,10938,1276,3,327,942,35442.68800000002,49,False,False
166,40,-439.63100369424023,-145.5999052044089,1.0,CLIENT,7,2,100000,13,20,0,10950,10962,1289,3,331,952,20848.640000000007,49,False,False
166,41,185.43714695509715,491.92973479562,1.0,CLIENT,7,2,100000,13,36,0,10999,11018,1271,3,327,926,37527.55200000002,49,False,False
166,42,-8.158919473107273,-171.09218520411616,1.0,CLIENT,7,2,100000,18,24,0,10909,10909,1286,3,330,949,25018.36800000001,49,False,False
166,43,358.7547383406031,-37.8421452043753,1.0,CLIENT,7,2,100000,16,25,0,10941,10941,1285,3,329,948,26060.80000000001,49,False,False
166,44,156.92054142549335,16.704654795537124,1.0,CLIENT,7,2,100000,14,32,0,10933,10933,1278,3,328,937,33357.824000000015,49,False,False
166,45,-286.5126745590579,331.51761479564186,1.0,CLIENT,7,2,100000,18,51,0,10958,10969,1258,3,323,925,53164.03200000003,49,False,False
166,46,-356.37835810624955,-442.3790252041681,1.0,CLIENT,7,2,100000,12,28,0,10946,11020,1267,2,329,921,29188.096000000012,49,False,False
166,47,-17.981305822143,-175.6563052044575,1.0,CLIENT,7,2,100000,15,32,0,10923,10923,1278,3,328,948,33357.824000000015,49,False,False
166,48,412.7778632602996,91.73433479593967,1.0,CLIENT,7,2,100000,11,24,0,10979,10981,1287,1,330,945,25018.36800000001,49,False,False
166,49,418.1643331935692,471.3355347954109,1.0,CLIENT,7,2,100000,17,42,0,10854,10991,1251,2,325,911,43782.14400000002,49,False,False

167,0,-113.90799831224236,-290.538545204696,1.0,CLIENT,7,2,100000,13,20,0,10718,10718,1285,2,329,947,20848.640000000007,49,False,False
167,1,-325.7230071622632,-201.37122520439362,1.0,CLIENT,7,2,100000,15,21,0,10720,10722,1283,3,328,940,21891.072000000007,49,False,False
167,2,20.91217560818589,-443.49222520452145,1.0,CLIENT,7,2,100000,11,18,0,10750,10753,1287,2,330,936,18763.776000000005,49,False,False
167,3,167.29741732678127,269.2897347953479,1.0,CLIENT,7,2,100000,12,28,0,10735,10735,1277,2,327,945,29188.096000000012,49,False,False
167,4,-211.33973387153443,356.4532947959634,1.0,CLIENT,7,2,100000,16,30,0,10732,10734,1275,2,326,947,31272.960000000014,49,False,False
167,5,-488.3468714736049,344.7646947954172,1.0,CLIENT,7,2,100000,9,17,0,10723,10775,1275,3,330,929,17721.344000000005,49,False,False
167,6,33.190158544480546,-440.5979052047101,1.0,CLIENT,7,2,100000,13,26,0,10743,10747,1279,2,327,944,27103.23200000001,49,False,False
167,7,-394.00443484676157,401.31525479580745,1.0,CLIENT,7,2,100000,18,48,0,10701,10729,1250,2,322,917,50036.736000000026,49,False,False
167,8,-466.95941732640205,142.38493479540637,1.0,CLIENT,7,2,100000,10,22,0,10758,10763,1281,3,328,930,22933.504000000008,49,False,False
167,9,214.6666676228285,-454.17894520443326,1.0,CLIENT,7,2,100000,16,34,0,10735,10753,1267,0,326,923,35442.68800000002,49,False,False
167,10,-345.3677798603346,-13.017785204563666,1.0,CLIENT,7,2,100000,12,24,0,10742,10743,1280,3,328,939,25018.36800000001,49,False,False
167,11,-236.68782767518894,-475.6637052047668,1.0,CLIENT,7,2,100000,14,29,0,10715,10768,1269,3,326,928,30230.528000000013,49,False,False
167,12,112.48216447545673,440.6112147954667,1.0,CLIENT,7,2,100000,15,28,0,10721,10727,1276,2,327,942,29188.096000000012,49,False,False
167,13,220.7660526947884,-145.2659452044611,1.0,CLIENT,7,2,100000,17,28,0,10712,10712,1275,4,327,943,29188.096000000012,49,False,False
167,14,331.4263247078785,71.25145479544955,1.0,CLIENT,7,2,100000,14,24,0,10747,10747,1280,3,328,937,25018.36800000001,49,False,False
167,15,180.36752819470397,-65.22686520405045,1.0,CLIENT,7,2,100000,9,16,0,10749,10749,1287,4,330,946,16678.912000000004,49,False,False
167,16,10.852150879774321,-438.48282520451335,1.0,CLIENT,7,2,100000,15,41,0,10762,10763,1264,2,323,925,42739.71200000002,49,False,False
167,17,-467.0386301199025,127.24541479566312,1.0,CLIENT,7,2,100000,13,21,0,10744,10754,1281,3,329,927,21891.072000000007,49,False,False
167,18,-294.5131666660246,207.39581479579272,1.0,CLIENT,7,2,100000,15,37,0,10741,10742,1267,2,324,933,38569.98400000002,49,False,False
167,19,-280.01722552184685,157.74709479537847,1.0,CLIENT,7,2,100000,14,20,0,10744,10744,1285,2,329,949,20848.640000000007,49,False,False
167,20,-145.27626439435628,-414.99430520449295,1.0,CLIENT,7,2,100000,10,18,0,10762,10766,1284,3,329,944,18763.776000000005,49,False,False
167,21,-269.48192403412077,-357.887145204717,1.0,CLIENT,7,2,100000,17,22,0,10718,10730,1281,2,328,941,22933.504000000008,49,False,False
167,22,463.8701148339855,294.6706947953362,1.0,CLIENT,7,2,100000,10,12,0,10713,10772,1284,3,331,942,12509.184000000003,49,False,False
167,23,69.70725618105101,-225.97294520476737,1.0,CLIENT,7,2,100000,14,8,0,10733,10733,1296,3,332,950,8339.456,49,False,False
167,24,485.4159945676265,403.4303347960042,1.0,CLIENT,7,2,100000,10,16,0,10569,10771,1258,3,329,918,16678.912000000004,49,False,False
167,25,248.72816867214004,-437.4809452046699,1.0,CLIENT,7,2,100000,12,25,0,10751,10774,1278,2,329,919,26060.80000000001,49,False,False
167,26,184.8826574034078,-304.45354520436695,1.0,CLIENT,7,2,100000,12,32,0,10768,10769,1272,2,326,934,33357.824000000015,49,False,False
167,27,-35.64575869170721,229.5484947952309,1.0,CLIENT,7,2,100000,12,15,0,10715,10715,1290,2,330,957,15636.480000000005,49,False,False
167,28,-424.34293461843447,-332.5061852047287,1.0,CLIENT,7,2,100000,17,39,0,10661,10736,1256,2,324,912,40654.84800000002,49,False,False
167,29,471.71218135451403,365.6928547955741,1.0,CLIENT,7,2,100000,12,37,0,10664,10811,1239,3,325,901,38569.98400000002,49,False,False
167,30,-433.2147674499668,-103.74358520409515,1.0,CLIENT,7,2,100000,10,28,0,10700,10712,1273,3,327,937,29188.096000000012,49,False,False
167,31,244.450677842812,197.15437479554765,1.0,CLIENT,7,2,100000,15,33,0,10718,10719,1272,1,325,940,34400.256000000016,49,False,False
167,32,-89.19360685321486,258.15773479576933,1.0,CLIENT,7,2,100000,12,25,0,10731,10731,1280,2,327,945,26060.80000000001,49,False,False
167,33,-226.39016456740154,265.39353479569314,1.0,CLIENT,7,2,100000,11,20,0,10724,10724,1285,2,329,942,20848.640000000007,49,False,False
167,34,239.3018462889183,-77.47206520477334,1.0,CLIENT,7,2,100000,12,16,0,10731,10731,1288,3,330,956,16678.912000000004,49,False,False
167,35,-48.478231180254056,308.2517347958503,1.0,CLIENT,7,2,100000,9,16,0,10737,10737,1289,2,330,951,16678.912000000004,49,False,False
167,36,30.417710784908106,249.2521347953155,1.0,CLIENT,7,2,100000,8,9,0,10762,10762,1296,2,331,957,9381.888,49,False,False
167,37,-324.61402805832165,32.40077479545704,1.0,CLIENT,7,2,100000,14,20,0,10732,10732,1285,2,329,942,20848.640000000007,49,False,False
167,38,-197.5567078654842,489.36937479575647,1.0,CLIENT,7,2,100000,14,37,0,10745,10766,1265,2,325,921,38569.98400000002,49,False,False
167,39,425.6103357488464,229.10321479556416,1.0,CLIENT,7,2,100000,17,36,0,10722,10736,1265,3,325,932,37527.55200000002,49,False,False
167,40,-152.80147974257125,184.12993479600118,1.0,CLIENT,7,2,100000,13,16,0,10720,10720,1289,2,330,958,16678.912000000004,49,False,False
167,41,-257.9168562365165,-300.89130520466,1.0,CLIENT,7,2,100000,12,28,0,10744,10753,1275,2,327,938,29188.096000000012,49,False,False
167,42,-407.4706096799355,-404.530225204019,1.0,CLIENT,7,2,100000,18,31,0,10619,10733,1256,3,326,917,32315.392000000014,49,False,False
167,43,-354.95252782999455,-376.922865204115,1.0,CLIENT,7,2,100000,16,30,0,10670,10740,1263,2,325,920,31272.960000000014,49,False,False
167,44,451.43370631125265,-376.47758520444825,1.0,CLIENT,7,2,100000,14,40,0,10696,10817,1247,2,323,899,41697.28000000002,49,False,False
167,45,-422.2834019969896,-51.534505204608365,1.0,CLIENT,7,2,100000,18,46,0,10737,10741,1256,3,322,912,47951.872000000025,49,False,False
167,46,-193.7544937949079,-74.24378520422323,1.0,CLIENT,7,2,100000,12,13,0,10706,10707,1291,2,331,952,13551.616000000004,49,False,False
167,47,-339.1891819954371,99.41541479553024,1.0,CLIENT,7,2,100000,15,42,0,10736,10736,1262,3,323,928,43782.14400000002,49,False,False
167,48,314.63321256288003,353.44765479564217,1.0,CLIENT,7,2,100000,11,33,0,10749,10768,1264,3,327,919,34400.256000000016,49,False,False
167,49,231.77663094070334,430.5924147954505,1.0,CLIENT,7,2,100000,17,33,0,10722,10737,1269,3,325,932,34400.256000000016,49,False,False

168,0,110.10578068113547,-67.00798520429942,1.0,CLIENT,7,2,100000,13,20,0,10757,10757,1281,7,328,952,20848.640000000007,49,False,False
168,1,-178.38721192616444,-105.85866520429192,1.0,CLIENT,7,2,100000,15,22,0,10763,10763,1278,8,327,946,22933.504000000008,49,False,False
168,2,344.17958440292483,-310.46482520421847,1.0,CLIENT,7,2,100000,11,16,0,10764,10786,1278,6,329,941,16678.912000000004,49,False,False
168,3,120.7995077547369,287.65753479564125,1.0,CLIENT,7,2,100000,12,28,0,10753,10754,1272,8,326,946,29188.096000000012,49,False,False
168,4,12.7532579153439,175.66961479600508,1.0,CLIENT,7,2,100000,16,28,0,10758,10758,1272,8,326,940,29188.096000000012,49,False,False
168,5,-288.0177176288135,325.17237479584253,1.0,CLIENT,7,2,100000,9,17,0,10798,10819,1280,5,329,941,17721.344000000005,49,False,False
168,6,419.7485890562624,214.40897479548767,1.0,CLIENT,7,2,100000,13,28,0,10784,10793,1271,8,326,942,29188.096000000012,49,False,False
168,7,-396.6976698133964,-277.51410520435854,1.0,CLIENT,7,2,100000,18,48,0,10770,10787,1251,8,321,929,50036.736000000026,49,False,False
168,8,-195.25953686410062,455.3054547955432,1.0,CLIENT,7,2,100000,10,28,0,10774,10808,1271,4,327,931,29188.096000000012,49,False,False
168,9,-253.48093982075028,149.84337479555904,1.0,CLIENT,7,2,100000,16,24,0,10765,10765,1277,7,327,946,25018.36800000001,49,False,False
168,10,156.12841349442814,-316.8100652040178,1.0,CLIENT,7,2,100000,12,20,0,10764,10766,1283,5,328,953,20848.640000000007,49,False,False
168,11,382.28093790218855,318.8271347952522,1.0,CLIENT,7,2,100000,14,29,0,10777,10806,1265,7,325,932,30230.528000000013,49,False,False
168,12,268.29372857727384,-272.6160252040694,1.0,CLIENT,7,2,100000,15,30,0,10773,10776,1270,8,325,940,31272.960000000014,49,False,False
168,13,-154.7817995710785,146.16981479534218,1.0,CLIENT,7,2,100000,17,32,0,10774,10774,1269,7,325,943,33357.824000000015,49,False,False
168,14,180.12988981476528,-437.81490520461773,1.0,CLIENT,7,2,100000,14,21,0,10749,10773,1279,6,327,942,21891.072000000007,49,False,False
168,15,-467.7515452580301,479.4618947954592,1.0,CLIENT,7,2,100000,9,30,0,10447,10821,1217,6,325,882,31272.960000000014,49,False,False
168,16,-408.0250992321877,-320.9289052046924,1.0,CLIENT,7,2,100000,15,45,0,10786,10813,1250,7,321,912,46909.440000000024,49,False,False
168,17,178.8624851249484,-305.67806520443924,1.0,CLIENT,7,2,100000,13,16,0,10773,10776,1284,7,329,948,16678.912000000004,49,False,False
168,18,372.7754027260292,-159.9601852045376,1.0,CLIENT,7,2,100000,15,35,0,10766,10772,1266,6,324,929,36485.12000000002,49,False,False
168,19,430.99680568211596,305.5800547954769,1.0,CLIENT,7,2,100000,14,20,0,10762,10820,1267,8,328,933,20848.640000000007,49,False,False
168,20,181.9517840573972,228.9918947958452,1.0,CLIENT,7,2,100000,10,12,0,10781,10781,1288,8,330,957,12509.184000000003,49,False,False
168,21,443.6708525842247,96.52109479571891,1.0,CLIENT,7,2,100000,17,23,0,10759,10765,1276,6,327,940,23975.93600000001,49,False,False
168,22,245.16359298093954,-321.1515452041303,1.0,CLIENT,7,2,100000,10,12,0,10815,10819,1288,7,330,945,12509.184000000003,49,False,False
168,23,-25.50652117035797,-443.15826520457364,1.0,CLIENT,7,2,100000,14,8,0,10772,10776,1294,6,331,956,8339.456,49,False,False
168,24,231.77663094070334,348.43825479563407,1.0,CLIENT,7,2,100000,10,12,0,10798,10810,1284,8,330,949,12509.184000000003,49,False,False
168,25,257.2039375378584,-39.62326520462426,1.0,CLIENT,7,2,100000,12,16,0,10769,10769,1285,7,329,948,16678.912000000004,49,False,False
168,26,-396.93530819277214,-496.035265204747,1.0,CLIENT,7,2,100000,12,36,0,10673,10815,1246,6,324,899,37527.55200000002,49,False,False
168,27,-374.75572611450417,3.346254795251866,1.0,CLIENT,7,2,100000,12,23,0,10810,10810,1280,6,327,951,23975.93600000001,49,False,False
168,28,-145.9891795324838,-242.5596252040208,1.0,CLIENT,7,2,100000,17,31,0,10747,10747,1269,8,324,939,32315.392000000014,49,False,False
168,29,86.42115553311186,397.9756547955384,1.0,CLIENT,7,2,100000,12,28,0,10779,10782,1273,6,326,947,29188.096000000012,49,False,False
168,30,-368.6563410425442,-186.23170520465038,1.0,CLIENT,7,2,100000,10,32,0,10825,10827,1268,8,325,936,33357.824000000015,49,False,False
168,31,383.38991700613013,-482.1202652042851,1.0,CLIENT,7,2,100000,15,45,0,10724,10823,1241,6,321,901,46909.440000000024,49,False,False
168,32,-206.19090231707787,-434.14134520440086,1.0,CLIENT,7,2,100000,12,30,0,10795,10804,1271,6,325,938,31272.960000000014,49,False,False
168,33,242.3911452213671,-385.27186520439216,1.0,CLIENT,7,2,100000,11,20,0,10781,10796,1280,7,328,942,20848.640000000007,49,False,False
168,34,129.9881917591456,-449.9487852040397,1.0,CLIENT,7,2,100000,12,18,0,10795,10810,1279,7,328,939,18763.776000000005,49,False,False
168,35,-368.5771282496066,111.10401479528548,1.0,CLIENT,7,2,100000,9,20,0,10801,10803,1282,6,328,949,20848.640000000007,49,False,False
168,36,13.941449812223112,105.98329479555844,1.0,CLIENT,7,2,100000,8,8,0,10784,10784,1292,8,331,957,8339.456,49,False,False
168,37,381.40959717762286,-496.5918652041327,1.0,CLIENT,7,2,100000,14,30,0,10669,10794,1251,6,326,905,31272.960000000014,49,False,False
168,38,302.98893197177523,-195.6939052044899,1.0,CLIENT,7,2,100000,14,24,0,10767,10769,1277,7,327,945,25018.36800000001,49,False,False
168,39,456.74096345158455,384.1719747955864,1.0,CLIENT,7,2,100000,17,42,0,10672,10778,1232,7,322,894,43782.14400000002,49,False,False
168,40,96.0851162957094,-316.9213852045277,1.0,CLIENT,7,2,100000,13,16,0,10762,10764,1284,7,329,954,16678.912000000004,49,False,False
168,41,232.33112049295553,-438.3715052040034,1.0,CLIENT,7,2,100000,12,31,0,10767,10806,1261,6,325,930,32315.392000000014,49,False,False
168,42,200.4083648580266,-366.79274520437986,1.0,CLIENT,7,2,100000,18,24,0,10721,10732,1275,7,327,945,25018.36800000001,49,False,False
168,43,-59.40959663323133,308.808334795236,1.0,CLIENT,7,2,100000,16,31,0,10787,10787,1271,6,324,943,32315.392000000014,49,False,False
168,44,-126.26519404147469,-454.6242252041,1.0,CLIENT,7,2,100000,14,36,0,10767,10771,1266,6,324,938,37527.55200000002,49,False,False
168,45,-115.96753093368727,373.8192147956224,1.0,CLIENT,7,2,100000,18,49,0,10768,10774,1252,6,321,909,51079.16800000003,49,False,False
168,46,-175.13948740727747,479.4618947954592,1.0,CLIENT,7,2,100000,12,28,0,10773,10823,1265,5,326,925,29188.096000000012,49,False,False
168,47,146.86051669708178,74.2570947957708,1.0,CLIENT,7,2,100000,15,34,0,10755,10755,1267,7,324,942,35442.68800000002,49,False,False
168,48,0.23763659911055826,212.73917479574862,1.0,CLIENT,7,2,100000,11,20,0,10774,10774,1280,8,328,952,20848.640000000007,49,False,False
168,49,-149.6329680171848,-203.26366520436153,1.0,CLIENT,7,2,100000,17,33,0,10761,10761,1267,8,324,940,34400.256000000016,49,False,False

169,0,364.69569782556204,263.16713479577743,1.0,CLIENT,7,2,100000,13,24,0,10559,10562,1265,0,318,934,25018.36800000001,49,False,False
169,1,187.57589237004257,488.1448547956842,1.0,CLIENT,7,2,100000,15,26,0,10577,10586,1262,0,317,930,27103.23200000001,49,False,False
169,2,-347.6649508611554,29.1724947956979,1.0,CLIENT,7,2,100000,11,16,0,10589,10589,1274,0,320,942,16678.912000000004,49,False,False
169,3,-262.98647499690964,-130.5717052043846,1.0,CLIENT,7,2,100000,12,29,0,10573,10573,1261,0,316,935,30230.528000000013,49,False,False
169,4,12.594832328905724,374.487134795518,1.0,CLIENT,7,2,100000,16,28,0,10543,10543,1262,0,317,936,29188.096000000012,49,False,False
169,5,173.1591640188025,-358.2211052046648,1.0,CLIENT,7,2,100000,9,16,0,10580,10581,1274,0,320,941,16678.912000000004,49,False,False
169,6,448.0275562064903,228.6579347958974,1.0,CLIENT,7,2,100000,13,28,0,10592,10593,1262,0,317,924,29188.096000000012,49,False,False
169,7,-39.131121589970014,83.49665479538146,1.0,CLIENT,7,2,100000,18,36,0,10529,10529,1254,0,315,936,37527.55200000002,49,False,False
169,8,78.4998762196457,-431.1357052040796,1.0,CLIENT,7,2,100000,10,25,0,10571,10575,1265,0,318,934,26060.80000000001,49,False,False
169,9,-95.0553535452361,-279.6291852045553,1.0,CLIENT,7,2,100000,16,24,0,10554,10554,1266,0,318,935,25018.36800000001,49,False,False
169,10,178.70405953851022,-450.8393452041642,1.0,CLIENT,7,2,100000,12,24,0,10550,10569,1264,0,318,933,25018.36800000001,49,False,False
169,11,-449.2949644568378,454.19225479598083,1.0,CLIENT,7,2,100000,14,36,0,10392,10633,1222,0,315,883,37527.55200000002,49,False,False
169,12,-121.19557528051864,127.35673479538207,1.0,CLIENT,7,2,100000,15,29,0,10529,10529,1261,0,317,937,30230.528000000013,49,False,False
169,13,488.0300167413236,-336.8476652040502,1.0,CLIENT,7,2,100000,17,34,0,10445,10554,1225,0,316,896,35442.68800000002,49,False,False
169,14,-319.8612604696791,424.69245479531793,1.0,CLIENT,7,2,100000,14,28,0,10541,10602,1252,0,317,917,29188.096000000012,49,False,False
169,15,258.62976781467626,-219.29374520422925,1.0,CLIENT,7,2,100000,9,16,0,10571,10572,1274,0,320,949,16678.912000000004,49,False,False
169,16,-420.6991461342963,388.7360947959277,1.0,CLIENT,7,2,100000,15,55,0,10507,10630,1210,0,311,881,57333.76000000003,49,False,False
169,17,102.3429269541075,-384.04734520431987,1.0,CLIENT,7,2,100000,13,16,0,10557,10559,1273,0,320,946,16678.912000000004,49,False,False
169,18,426.00639971409765,275.07837479576153,1.0,CLIENT,7,2,100000,15,39,0,10577,10582,1249,0,314,924,40654.84800000002,49,False,False
169,19,52.43886727730082,-378.1473852041873,1.0,CLIENT,7,2,100000,14,20,0,10546,10547,1270,0,319,947,20848.640000000007,49,False,False
169,20,299.02829231476073,-40.40250520423882,1.0,CLIENT,7,2,100000,10,12,0,10558,10558,1278,0,321,948,12509.184000000003,49,False,False
169,21,-113.35350875999016,-127.56606520406336,1.0,CLIENT,7,2,100000,17,22,0,10528,10528,1268,0,318,938,22933.504000000008,49,False,False
169,22,-428.3827870683866,282.7594547953521,1.0,CLIENT,7,2,100000,10,16,0,10580,10631,1266,0,320,928,16678.912000000004,49,False,False
169,23,211.02287913869034,204.1675347952426,1.0,CLIENT,7,2,100000,14,8,0,10549,10549,1282,0,322,946,8339.456,49,False,False
169,24,456.89938903802266,-419.7810652042722,1.0,CLIENT,7,2,100000,10,24,0,10492,10636,1229,0,319,902,25018.36800000001,49,False,False
169,25,-293.87946432083476,-111.53598520419564,1.0,CLIENT,7,2,100000,12,17,0,10576,10576,1273,0,320,944,17721.344000000005,49,False,False
169,26,164.28733118727015,342.6496147960114,1.0,CLIENT,7,2,100000,12,32,0,10577,10577,1258,0,316,923,33357.824000000015,49,False,False
169,27,-142.97909339353552,-286.8649852044791,1.0,CLIENT,7,2,100000,12,20,0,10574,10574,1270,0,319,937,20848.640000000007,49,False,False
169,28,205.00270686023094,322.2780547952402,1.0,CLIENT,7,2,100000,17,34,0,10539,10539,1256,0,315,927,35442.68800000002,49,False,False
169,29,-211.65658504384794,-428.0187452040394,1.0,CLIENT,7,2,100000,12,28,0,10588,10594,1262,0,317,930,29188.096000000012,49,False,False
169,30,-381.0927495652771,-374.02854520430367,1.0,CLIENT,7,2,100000,10,36,0,10607,10622,1252,0,316,920,37527.55200000002,49,False,False
169,31,466.64256259412076,-301.5592252045556,1.0,CLIENT,7,2,100000,15,37,0,10508,10570,1235,0,314,904,38569.98400000002,49,False,False
169,32,66.2218932827882,-461.30342520463813,1.0,CLIENT,7,2,100000,12,29,0,10575,10578,1261,0,316,932,30230.528000000013,49,False,False
169,33,88.95596491330845,38.523374795818484,1.0,CLIENT,7,2,100000,11,16,0,10529,10529,1274,0,320,947,16678.912000000004,49,False,False
169,34,142.89987704006728,139.82457479554284,1.0,CLIENT,7,2,100000,12,16,0,10559,10559,1274,0,320,948,16678.912000000004,49,False,False
169,35,115.96752737371953,315.82149479572195,1.0,CLIENT,7,2,100000,9,13,0,10550,10550,1278,0,321,951,13551.616000000004,49,False,False
169,36,408.18352125809525,335.52513479580654,1.0,CLIENT,7,2,100000,8,12,0,10617,10620,1277,0,321,924,12509.184000000003,49,False,False
169,37,477.17786408128404,146.05849479562323,1.0,CLIENT,7,2,100000,14,24,0,10572,10574,1264,0,318,928,25018.36800000001,49,False,False
169,38,-43.09176124698451,-492.02774520458235,1.0,CLIENT,7,2,100000,14,32,0,10570,10576,1257,0,316,921,33357.824000000015,49,False,False
169,39,-89.51045802552837,304.4668547959145,1.0,CLIENT,7,2,100000,17,34,0,10538,10538,1256,0,315,937,35442.68800000002,49,False,False
169,40,-14.416730130942524,-231.31630520472328,1.0,CLIENT,7,2,100000,13,16,0,10547,10547,1274,0,320,948,16678.912000000004,49,False,False
169,41,-257.12472830488844,149.84337479555904,1.0,CLIENT,7,2,100000,12,27,0,10576,10576,1263,0,317,933,28145.66400000001,49,False,False
169,42,161.91094739351172,91.95697479537756,1.0,CLIENT,7,2,100000,18,23,0,10507,10507,1267,0,318,942,23975.93600000001,49,False,False
169,43,460.7808159015367,9.802814795561119,1.0,CLIENT,7,2,100000,16,26,0,10547,10552,1264,0,317,938,27103.23200000001,49,False,False
169,44,182.11020964327253,-399.96610520446865,1.0,CLIENT,7,2,100000,14,40,0,10561,10570,1248,0,314,928,41697.28000000002,49,False,False
169,45,-96.95646058024283,-152.72438520461378,1.0,CLIENT,7,2,100000,18,36,0,10517,10517,1254,0,315,931,37527.55200000002,49,False,False
169,46,224.88511793767825,234.78053479546787,1.0,CLIENT,7,2,100000,12,16,0,10552,10552,1274,0,320,951,16678.912000000004,49,False,False
169,47,-66.30110963625644,156.856534795254,1.0,CLIENT,7,2,100000,15,34,0,10539,10539,1256,0,315,936,35442.68800000002,49,False,False
169,48,414.2036935365546,-169.31106520465818,1.0,CLIENT,7,2,100000,11,24,0,10576,10581,1264,0,318,931,25018.36800000001,49,False,False
169,49,201.43813116903047,-315.47422520422657,1.0,CLIENT,7,2,100000,16,38,0,10541,10542,1252,0,315,921,39612.41600000002,49,False,False

170,0,-309.48438456895406,-75.91358520475325,1.0,CLIENT,7,2,100000,13,23,0,10497,10497,1261,2,322,927,23975.93600000001,49,False,False
170,1,309.80123218129984,205.05809479536708,1.0,CLIENT,7,2,100000,15,21,0,10489,10490,1264,1,322,935,21891.072000000007,49,False,False
170,2,226.8654377661855,-376.3662652047293,1.0,CLIENT,7,2,100000,11,16,0,10538,10539,1269,1,324,925,16678.912000000004,49,False,False
170,3,371.5872108285871,-377.70210520452054,1.0,CLIENT,7,2,100000,12,40,0,10551,10559,1244,1,318,918,41697.28000000002,49,False,False
170,4,-458.00837170193205,-69.12306520449619,1.0,CLIENT,7,2,100000,16,32,0,10523,10523,1252,2,320,928,33357.824000000015,49,False,False
170,5,-325.64379436876266,7.019814795468733,1.0,CLIENT,7,2,100000,9,13,0,10516,10516,1271,2,325,934,13551.616000000004,49,False,False
170,6,197.23985313264012,-54.31750520470075,1.0,CLIENT,7,2,100000,13,21,0,10494,10494,1263,2,322,938,21891.072000000007,49,False,False
170,7,292.05756651879796,19.1536947956817,1.0,CLIENT,7,2,100000,18,38,0,10487,10487,1247,1,318,925,39612.41600000002,49,False,False
170,8,-296.8103376668453,-401.079305204031,1.0,CLIENT,7,2,100000,10,25,0,10561,10566,1259,2,322,916,26060.80000000001,49,False,False
170,9,288.09692686178346,327.06481479581043,1.0,CLIENT,7,2,100000,16,32,0,10520,10528,1252,1,320,923,33357.824000000015,49,False,False
170,10,225.67724586930626,-428.3527052039872,1.0,CLIENT,7,2,100000,12,25,0,10516,10519,1260,1,322,923,26060.80000000001,49,False,False
170,11,-34.21992841545215,-403.41702520445665,1.0,CLIENT,7,2,100000,14,25,0,10515,10515,1260,1,321,938,26060.80000000001,49,False,False
170,12,-355.1109534164327,-329.6118652041264,1.0,CLIENT,7,2,100000,15,34,0,10528,10532,1250,2,319,922,35442.68800000002,49,False,False
170,13,200.32915206508892,280.3104147959985,1.0,CLIENT,7,2,100000,17,30,0,10507,10508,1253,2,320,924,31272.960000000014,49,False,False
170,14,130.4634685178973,-439.03942520469,1.0,CLIENT,7,2,100000,14,23,0,10518,10518,1262,1,322,921,23975.93600000001,49,False,False
170,15,-331.6639666472221,-258.5897052046795,1.0,CLIENT,7,2,100000,9,16,0,10550,10551,1269,1,324,943,16678.912000000004,49,False,False
170,16,-268.5313705166174,425.02641479526574,1.0,CLIENT,7,2,100000,15,48,0,10543,10556,1234,2,316,905,50036.736000000026,49,False,False
170,17,-267.7392425855522,-348.8702252045442,1.0,CLIENT,7,2,100000,13,16,0,10508,10508,1269,1,324,938,16678.912000000004,49,False,False
170,18,-139.1768793229592,95.29657479564662,1.0,CLIENT,7,2,100000,15,28,0,10471,10471,1256,2,321,931,29188.096000000012,49,False,False
170,19,-165.0794626788659,-444.8280652043127,1.0,CLIENT,7,2,100000,14,21,0,10548,10549,1263,2,323,926,21891.072000000007,49,False,False
170,20,-390.59828474199924,74.47973479599966,1.0,CLIENT,7,2,100000,10,20,0,10543,10543,1264,2,323,939,20848.640000000007,49,False,False
170,21,421.8873344712078,-119.32838520429613,1.0,CLIENT,7,2,100000,17,23,0,10501,10501,1262,1,322,936,23975.93600000001,49,False,False
170,22,308.3754019050448,-232.5408252040046,1.0,CLIENT,7,2,100000,10,12,0,10551,10551,1273,1,325,936,12509.184000000003,49,False,False
170,23,-334.51562720029506,-290.8725052046438,1.0,CLIENT,7,2,100000,14,12,0,10515,10516,1272,2,325,934,12509.184000000003,49,False,False
170,24,164.6041823601465,288.2141347958179,1.0,CLIENT,7,2,100000,10,12,0,10530,10530,1272,2,325,941,12509.184000000003,49,False,False
170,25,-54.73604183808931,253.48229479570904,1.0,CLIENT,7,2,100000,12,16,0,10507,10507,1269,1,324,934,16678.912000000004,49,False,False
170,26,332.69372939825826,333.96665479578644,1.0,CLIENT,7,2,100000,12,32,0,10528,10542,1251,1,320,926,33357.824000000015,49,False,False
170,27,418.6396099523208,-61.441985204114644,1.0,CLIENT,7,2,100000,12,20,0,10517,10518,1265,0,323,941,20848.640000000007,49,False,False
170,28,181.79335847095902,258.15773479576933,1.0,CLIENT,7,2,100000,17,33,0,10493,10493,1252,1,319,928,34400.256000000016,49,False,False
170,29,-398.9948408142171,-217.6239452044902,1.0,CLIENT,7,2,100000,12,28,0,10531,10533,1255,2,321,924,29188.096000000012,49,False,False
170,30,63.68708390259161,-411.0981052040472,1.0,CLIENT,7,2,100000,10,34,0,10514,10514,1251,1,320,920,35442.68800000002,49,False,False
170,31,-293.5626131479584,260.1614947954562,1.0,CLIENT,7,2,100000,15,41,0,10532,10533,1243,2,317,901,42739.71200000002,49,False,False
170,32,46.41869499884142,457.7544947956878,1.0,CLIENT,7,2,100000,12,25,0,10510,10512,1258,2,321,929,26060.80000000001,49,False,False
170,33,-231.45978332835756,-273.50658520419387,1.0,CLIENT,7,2,100000,11,20,0,10511,10511,1264,2,323,926,20848.640000000007,49,False,False
170,34,-374.6765133210036,-74.35510520473315,1.0,CLIENT,7,2,100000,12,16,0,10518,10518,1268,2,324,933,16678.912000000004,49,False,False
170,35,144.48413290332334,349.99673479565416,1.0,CLIENT,7,2,100000,9,20,0,10527,10528,1264,2,323,931,20848.640000000007,49,False,False
170,36,447.2354282754252,244.910654795994,1.0,CLIENT,7,2,100000,8,17,0,10534,10559,1263,1,325,915,17721.344000000005,49,False,False
170,37,49.03271717197568,-11.347985204033648,1.0,CLIENT,7,2,100000,14,16,0,10479,10479,1268,2,324,939,16678.912000000004,49,False,False
170,38,297.4440364520675,-275.7329852041096,1.0,CLIENT,7,2,100000,14,32,0,10522,10523,1253,0,320,921,33357.824000000015,49,False,False
170,39,248.8865942585782,291.99901479575374,1.0,CLIENT,7,2,100000,17,34,0,10496,10496,1251,1,319,926,35442.68800000002,49,False,False
170,40,376.0231272443533,204.72413479541927,1.0,CLIENT,7,2,100000,13,20,0,10508,10517,1263,1,323,931,20848.640000000007,49,False,False
170,41,-429.4917661723282,-448.2789852043007,1.0,CLIENT,7,2,100000,12,34,0,10466,10531,1240,2,320,900,35442.68800000002,49,False,False
170,42,62.261253626336554,299.6800947953443,1.0,CLIENT,7,2,100000,18,24,0,10455,10456,1261,2,322,938,25018.36800000001,49,False,False
170,43,245.24280577444006,-168.30918520402378,1.0,CLIENT,7,2,100000,16,25,0,10499,10499,1260,1,321,928,26060.80000000001,49,False,False
170,44,426.95695323216387,-369.6870652041912,1.0,CLIENT,7,2,100000,14,40,0,10515,10533,1241,1,318,915,41697.28000000002,49,False,False
170,45,166.58450218865374,158.526334795784,1.0,CLIENT,7,2,100000,18,41,0,10483,10483,1244,1,317,923,42739.71200000002,49,False,False
170,46,-235.73727415768556,484.02601479580056,1.0,CLIENT,7,2,100000,12,29,0,10562,10593,1248,2,321,922,30230.528000000013,49,False,False
170,47,-15.446496441946401,47.206334795252474,1.0,CLIENT,7,2,100000,15,30,0,10474,10474,1254,2,320,930,31272.960000000014,49,False,False
170,48,-252.60959909618458,-260.59346520436634,1.0,CLIENT,7,2,100000,11,24,0,10516,10516,1261,1,322,936,25018.36800000001,49,False,False
170,49,278.2745405127477,-42.51758520443559,1.0,CLIENT,7,2,100000,16,30,0,10479,10479,1254,2,320,925,31272.960000000014,49,False,False

171,0,479.633460668543,-58.43634520458437,1.0,CLIENT,7,2,100000,13,28,0,10875,10885,1267,1,323,929,29188.096000000012,49,False,False
171,1,-147.89028656805337,277.750054795344,1.0,CLIENT,7,2,100000,15,20,0,10826,10826,1274,2,324,939,20848.640000000007,49,False,False
171,2,259.8179597115555,338.08549479567006,1.0,CLIENT,7,2,100000,11,20,0,10905,10907,1273,2,325,939,20848.640000000007,49,False,False
171,3,277.72005096049554,-277.4027852046396,1.0,CLIENT,7,2,100000,12,29,0,10868,10869,1264,2,322,928,30230.528000000013,49,False,False
171,4,313.28659507956263,373.9305347953413,1.0,CLIENT,7,2,100000,16,32,0,10867,10871,1261,2,322,929,33357.824000000015,49,False,False
171,5,-81.58917871206222,10.359414795737791,1.0,CLIENT,7,2,100000,9,12,0,10850,10850,1282,2,327,947,12509.184000000003,49,False,False
171,6,-490.72325526792616,-133.0207452045292,1.0,CLIENT,7,2,100000,13,31,0,10834,10864,1252,2,323,910,32315.392000000014,49,False,False
171,7,425.13505898953196,255.4860547953959,1.0,CLIENT,7,2,100000,18,49,0,10865,10869,1245,2,317,914,51079.16800000003,49,False,False
171,8,-162.86150447098282,-391.83974520442035,1.0,CLIENT,7,2,100000,10,22,0,10884,10899,1264,1,324,926,22933.504000000008,49,False,False
171,9,-146.78130746411185,195.26193479557975,1.0,CLIENT,7,2,100000,16,24,0,10814,10814,1270,2,324,933,25018.36800000001,49,False,False
171,10,325.64379080879496,243.24085479546397,1.0,CLIENT,7,2,100000,12,27,0,10886,10886,1267,2,323,939,28145.66400000001,49,False,False
171,11,404.5397327739571,373.5965747953935,1.0,CLIENT,7,2,100000,14,33,0,10894,10915,1258,2,321,924,34400.256000000016,49,False,False
171,12,138.54317341780163,4.793414795553019,1.0,CLIENT,7,2,100000,15,26,0,10814,10814,1269,1,323,937,27103.23200000001,49,False,False
171,13,186.2292748867252,9.023574795946558,1.0,CLIENT,7,2,100000,17,24,0,10826,10826,1270,2,324,941,25018.36800000001,49,False,False
171,14,360.33899420329635,15.25749479523597,1.0,CLIENT,7,2,100000,14,20,0,10848,10849,1274,2,324,940,20848.640000000007,49,False,False
171,15,-149.23690405137077,26.723454795553323,1.0,CLIENT,7,2,100000,9,16,0,10861,10861,1278,2,326,950,16678.912000000004,49,False,False
171,16,-132.2853663199341,-197.36370520422895,1.0,CLIENT,7,2,100000,15,28,0,10824,10824,1266,2,323,939,29188.096000000012,49,False,False
171,17,-209.43862683596484,276.8594947960105,1.0,CLIENT,7,2,100000,13,16,0,10860,10860,1278,2,326,938,16678.912000000004,49,False,False
171,18,210.54760237993867,310.589454795485,1.0,CLIENT,7,2,100000,15,39,0,10865,10865,1255,2,320,925,40654.84800000002,49,False,False
171,19,65.98425490341236,-330.0571452045841,1.0,CLIENT,7,2,100000,14,20,0,10850,10850,1275,1,325,944,20848.640000000007,49,False,False
171,20,-456.26569025280065,184.12993479600118,1.0,CLIENT,7,2,100000,10,20,0,10888,10894,1275,1,325,941,20848.640000000007,49,False,False
171,21,378.8747877974263,-172.65066520413626,1.0,CLIENT,7,2,100000,17,33,0,10848,10849,1261,2,323,923,34400.256000000016,49,False,False
171,22,-454.3645832177939,86.72493479593157,1.0,CLIENT,7,2,100000,10,12,0,10877,10881,1280,2,327,950,12509.184000000003,49,False,False
171,23,-48.478231180254056,-227.75406520422536,1.0,CLIENT,7,2,100000,14,8,0,10846,10846,1287,1,328,948,8339.456,49,False,False
171,24,-44.35916593736423,-429.13194520439276,1.0,CLIENT,7,2,100000,10,12,0,10872,10873,1282,1,327,932,12509.184000000003,49,False,False
171,25,-65.35055611875308,124.79637479551855,1.0,CLIENT,7,2,100000,12,14,0,10830,10830,1280,2,326,950,14594.048000000004,49,False,False
171,26,-472.26667446673395,-206.38062520440172,1.0,CLIENT,7,2,100000,12,32,0,10829,10877,1252,1,322,911,33357.824000000015,49,False,False
171,27,343.1498180924838,-314.694985204612,1.0,CLIENT,7,2,100000,12,20,0,10859,10867,1271,2,325,927,20848.640000000007,49,False,False
171,28,-433.61083141578086,266.5067347952555,1.0,CLIENT,7,2,100000,17,40,0,10855,10860,1254,2,320,928,41697.28000000002,49,False,False
171,29,-480.82165612538984,-27.04410520474454,1.0,CLIENT,7,2,100000,12,28,0,10848,10862,1264,1,323,930,29188.096000000012,49,False,False
171,30,-370.9535120439278,388.6247747954178,1.0,CLIENT,7,2,100000,10,32,0,10889,10897,1262,2,322,930,33357.824000000015,49,False,False
171,31,-331.6639666472221,-115.09822520469356,1.0,CLIENT,7,2,100000,15,30,0,10840,10847,1263,1,321,931,31272.960000000014,49,False,False
171,32,-105.82829341177519,-126.56418520421994,1.0,CLIENT,7,2,100000,12,25,0,10853,10853,1269,2,323,939,26060.80000000001,49,False,False
171,33,-318.19779181404823,-67.34194520424722,1.0,CLIENT,7,2,100000,11,20,0,10864,10864,1274,2,325,949,20848.640000000007,49,False,False
171,34,-447.7899213870822,237.3408947953314,1.0,CLIENT,7,2,100000,12,18,0,10880,10885,1274,2,325,938,18763.776000000005,49,False,False
171,35,-185.75400168794124,270.9595347958779,1.0,CLIENT,7,2,100000,9,16,0,10851,10851,1279,2,326,947,16678.912000000004,49,False,False
171,36,-279.93801272834634,-388.2775052047134,1.0,CLIENT,7,2,100000,8,13,0,10888,10913,1278,0,327,941,13551.616000000004,49,False,False
171,37,-338.39705406437184,490.25993479588095,1.0,CLIENT,7,2,100000,14,34,0,10893,10909,1258,2,322,916,35442.68800000002,49,False,False
171,38,-386.0039427397949,9.580174795332255,1.0,CLIENT,7,2,100000,14,28,0,10847,10849,1265,2,323,927,29188.096000000012,49,False,False
171,39,-313.12817305309215,-85.70974520454058,1.0,CLIENT,7,2,100000,17,30,0,10816,10818,1264,2,322,935,31272.960000000014,49,False,False
171,40,480.1087374272946,498.60893479536713,1.0,CLIENT,7,2,100000,13,39,0,10696,10924,1224,2,322,882,40654.84800000002,49,False,False
171,41,-147.33579701580118,-396.2925452042518,1.0,CLIENT,7,2,100000,12,28,0,10867,10880,1264,0,323,932,29188.096000000012,49,False,False
171,42,42.061991376012905,-409.762265204256,1.0,CLIENT,7,2,100000,18,32,0,10856,10860,1263,1,322,927,33357.824000000015,49,False,False
171,43,-163.41599402323502,69.35901479548164,1.0,CLIENT,7,2,100000,16,17,0,10803,10803,1277,2,325,944,17721.344000000005,49,False,False
171,44,428.3035707154812,-197.14106520400009,1.0,CLIENT,7,2,100000,14,41,0,10888,10896,1251,2,320,910,42739.71200000002,49,False,False
171,45,203.18081261816187,-103.2983052044284,1.0,CLIENT,7,2,100000,18,40,0,10830,10830,1254,2,320,925,41697.28000000002,49,False,False
171,46,360.73505816911035,-102.18510520407506,1.0,CLIENT,7,2,100000,12,20,0,10862,10863,1274,2,325,934,20848.640000000007,49,False,False
171,47,-332.69373295822595,290.9971347959103,1.0,CLIENT,7,2,100000,15,42,0,10849,10849,1252,2,320,914,43782.14400000002,49,False,False
171,48,217.2806897965256,-293.0989052045595,1.0,CLIENT,7,2,100000,11,24,0,10878,10879,1271,1,324,935,25018.36800000001,49,False,False
171,49,-469.2565883277856,176.22621479539077,1.0,CLIENT,7,2,100000,17,33,0,10840,10843,1261,2,321,935,34400.256000000016,49,False,False

172,0,-137.1173467015143,-165.97146520438912,1.0,CLIENT,7,2,100000,13,16,0,10833,10833,1279,1,332,943,16678.912000000004,49,False,False
172,1,-180.44674454760934,-446.27522520461383,1.0,CLIENT,7,2,100000,15,23,0,10865,10875,1269,1,329,932,23975.93600000001,49,False,False
172,2,-146.14760511892197,93.0701747957309,1.0,CLIENT,7,2,100000,11,10,0,10863,10863,1284,2,333,947,10424.320000000002,49,False,False
172,3,354.16039633839875,286.32169479585,1.0,CLIENT,7,2,100000,12,37,0,10877,10908,1255,1,326,913,38569.98400000002,49,False,False
172,4,452.9387493810083,-245.23130520439423,1.0,CLIENT,7,2,100000,16,39,0,10859,10937,1238,1,325,898,40654.84800000002,49,False,False
172,5,-354.71488945061867,-44.29870520468455,1.0,CLIENT,7,2,100000,9,12,0,10876,10876,1283,1,333,945,12509.184000000003,49,False,False
172,6,-6.970727576228062,232.6654547952711,1.0,CLIENT,7,2,100000,13,24,0,10874,10874,1271,1,330,937,25018.36800000001,49,False,False
172,7,-154.46494839820215,226.54285479570063,1.0,CLIENT,7,2,100000,18,39,0,10855,10855,1255,2,326,926,40654.84800000002,49,False,False
172,8,-474.88069664043104,263.2784547954964,1.0,CLIENT,7,2,100000,10,26,0,10913,10924,1265,2,330,920,27103.23200000001,49,False,False
172,9,-298.0777423572251,-383.37942520442425,1.0,CLIENT,7,2,100000,16,31,0,10882,10887,1263,1,328,927,32315.392000000014,49,False,False
172,10,-153.75203326007463,303.4649747952801,1.0,CLIENT,7,2,100000,12,24,0,10888,10888,1271,1,330,939,25018.36800000001,49,False,False
172,11,-473.2172279842373,75.70425479528097,1.0,CLIENT,7,2,100000,14,26,0,10890,10890,1269,1,329,925,27103.23200000001,49,False,False
172,12,306.1574436971617,270.73689479564905,1.0,CLIENT,7,2,100000,15,32,0,10866,10879,1260,1,328,925,33357.824000000015,49,False,False
172,13,286.75030937846606,-465.9788652046984,1.0,CLIENT,7,2,100000,17,38,0,10810,10899,1236,2,325,898,39612.41600000002,49,False,False
172,14,-148.04871215449157,221.64477479541148,1.0,CLIENT,7,2,100000,14,22,0,10879,10879,1272,2,330,935,22933.504000000008,49,False,False
172,15,27.566050231835156,385.61913479588753,1.0,CLIENT,7,2,100000,9,16,0,10888,10892,1279,1,332,942,16678.912000000004,49,False,False
172,16,16.47625919241971,478.2373747953869,1.0,CLIENT,7,2,100000,15,34,0,10856,10871,1256,1,327,919,35442.68800000002,49,False,False
172,17,318.75227780576984,29.50645479564571,1.0,CLIENT,7,2,100000,13,16,0,10878,10879,1279,1,332,942,16678.912000000004,49,False,False
172,18,60.36014659076697,313.7064147955252,1.0,CLIENT,7,2,100000,15,25,0,10850,10851,1269,1,329,937,26060.80000000001,49,False,False
172,19,-158.42558805521662,130.69633479565113,1.0,CLIENT,7,2,100000,14,20,0,10864,10864,1274,2,331,934,20848.640000000007,49,False,False
172,20,-234.46986946730584,-472.21278520398783,1.0,CLIENT,7,2,100000,10,19,0,10902,10913,1274,1,331,924,19806.208000000006,49,False,False
172,21,239.0642079095425,-375.80966520455263,1.0,CLIENT,7,2,100000,17,29,0,10870,10901,1255,2,328,924,30230.528000000013,49,False,False
172,22,-490.01034012979864,-429.4659052043406,1.0,CLIENT,7,2,100000,10,25,0,10805,10920,1253,0,333,905,26060.80000000001,49,False,False
172,23,-483.67331667846287,477.34681479526245,1.0,CLIENT,7,2,100000,14,31,0,10804,10959,1237,2,328,874,32315.392000000014,49,False,False
172,24,-99.4120571680646,172.66397479568383,1.0,CLIENT,7,2,100000,10,12,0,10889,10889,1282,2,333,948,12509.184000000003,49,False,False
172,25,-433.5316186222803,491.70709479539113,1.0,CLIENT,7,2,100000,12,27,0,10824,10946,1249,1,329,909,28145.66400000001,49,False,False
172,26,-460.0679043233769,-403.1943852042278,1.0,CLIENT,7,2,100000,12,33,0,10864,10917,1252,1,327,916,34400.256000000016,49,False,False
172,27,-407.6290352663736,-409.31698520458923,1.0,CLIENT,7,2,100000,12,20,0,10864,10901,1267,1,331,925,20848.640000000007,49,False,False
172,28,88.4014753616191,-24.48374520409004,1.0,CLIENT,7,2,100000,17,31,0,10831,10831,1264,1,327,935,32315.392000000014,49,False,False
172,29,366.9136560334451,400.313374795964,1.0,CLIENT,7,2,100000,12,35,0,10755,10924,1235,0,328,879,36485.12000000002,49,False,False
172,30,-54.4191906657758,-200.3693452045502,1.0,CLIENT,7,2,100000,10,28,0,10862,10862,1267,1,329,931,29188.096000000012,49,False,False
172,31,135.13702331303932,-475.9976652047146,1.0,CLIENT,7,2,100000,15,38,0,10869,10909,1248,1,324,904,39612.41600000002,49,False,False
172,32,-186.3084912396306,-96.84174520411915,1.0,CLIENT,7,2,100000,12,19,0,10859,10859,1276,1,330,938,19806.208000000006,49,False,False
172,33,310.8309984923037,374.1531747955702,1.0,CLIENT,7,2,100000,11,24,0,10840,10904,1262,1,330,916,25018.36800000001,49,False,False
172,34,-207.37909421451994,-392.6189852040349,1.0,CLIENT,7,2,100000,12,16,0,10879,10881,1279,1,332,935,16678.912000000004,49,False,False
172,35,-120.87872410820513,-444.6054252040838,1.0,CLIENT,7,2,100000,9,20,0,10896,10898,1275,1,331,937,20848.640000000007,49,False,False
172,36,-430.6007452762697,-366.2361452042032,1.0,CLIENT,7,2,100000,8,12,0,10892,10925,1278,1,332,941,12509.184000000003,49,False,False
172,37,-303.93948904924633,90.17585479591958,1.0,CLIENT,7,2,100000,14,20,0,10874,10874,1275,1,331,939,20848.640000000007,49,False,False
172,38,200.9628544102788,292.4442947954205,1.0,CLIENT,7,2,100000,14,28,0,10874,10877,1267,1,329,934,29188.096000000012,49,False,False
172,39,-4.2774926095932875,-39.51194520411434,1.0,CLIENT,7,2,100000,17,29,0,10844,10844,1265,2,328,933,30230.528000000013,49,False,False
172,40,141.5532595567499,-186.00906520442152,1.0,CLIENT,7,2,100000,13,18,0,10875,10875,1276,2,331,941,18763.776000000005,49,False,False
172,41,-181.79336203092674,-494.14282520398814,1.0,CLIENT,7,2,100000,12,28,0,10888,10900,1264,1,329,934,29188.096000000012,49,False,False
172,42,-74.69766570903711,-42.294945204206726,1.0,CLIENT,7,2,100000,18,24,0,10847,10847,1270,2,330,939,25018.36800000001,49,False,False
172,43,-81.50996591856172,270.1802947954724,1.0,CLIENT,7,2,100000,16,25,0,10872,10872,1270,1,329,936,26060.80000000001,49,False,False
172,44,-284.37392914411254,-495.47866520457035,1.0,CLIENT,7,2,100000,14,41,0,10861,10904,1244,1,326,906,42739.71200000002,49,False,False
172,45,-0.7129169183928112,301.3498947958743,1.0,CLIENT,7,2,100000,18,37,0,10846,10846,1258,1,326,929,38569.98400000002,49,False,False
172,46,6.4954472575086495,111.2153347957954,1.0,CLIENT,7,2,100000,12,19,0,10874,10874,1276,1,331,943,19806.208000000006,49,False,False
172,47,-172.92152919939437,415.11893479575946,1.0,CLIENT,7,2,100000,15,45,0,10877,10878,1250,1,325,920,46909.440000000024,49,False,False
172,48,-211.97343621616145,-267.16134520439454,1.0,CLIENT,7,2,100000,11,20,0,10869,10869,1275,1,331,936,20848.640000000007,49,False,False
172,49,86.7380067059882,-314.2497052041543,1.0,CLIENT,7,2,100000,16,34,0,10866,10867,1260,1,327,927,35442.68800000002,49,False,False

173,0,-80.16334843524433,325.17237479584253,1.0,CLIENT,7,2,100000,13,20,0,10867,10867,1271,1,326,938,20848.640000000007,49,False,False
173,1,71.0538736643684,-179.1072252044455,1.0,CLIENT,7,2,100000,15,20,0,10859,10859,1271,1,325,938,20848.640000000007,49,False,False
173,2,-50.77540218107482,-497.4824252042572,1.0,CLIENT,7,2,100000,11,17,0,10904,10915,1273,1,327,936,17721.344000000005,49,False,False
173,3,-91.01550109528394,256.8218947959781,1.0,CLIENT,7,2,100000,12,28,0,10883,10883,1262,2,324,934,29188.096000000012,49,False,False
173,4,-390.5190719484988,138.82269479569942,1.0,CLIENT,7,2,100000,16,32,0,10892,10892,1259,1,323,926,33357.824000000015,49,False,False
173,5,-485.09914695528073,349.5514547959874,1.0,CLIENT,7,2,100000,9,24,0,10908,10955,1264,0,326,912,25018.36800000001,49,False,False
173,6,-366.5968084210993,381.16633479526513,1.0,CLIENT,7,2,100000,13,28,0,10893,10909,1258,1,324,917,29188.096000000012,49,False,False
173,7,-73.82632498447141,479.57321479596914,1.0,CLIENT,7,2,100000,18,49,0,10895,10901,1240,1,318,916,51079.16800000003,49,False,False
173,8,-216.56777821836582,-278.9612652046597,1.0,CLIENT,7,2,100000,10,26,0,10916,10917,1265,0,325,935,27103.23200000001,49,False,False
173,9,-7.4460043349797465,353.8929347953089,1.0,CLIENT,7,2,100000,16,24,0,10877,10877,1267,1,325,936,25018.36800000001,49,False,False
173,10,260.29323647030714,220.1976147959013,1.0,CLIENT,7,2,100000,12,23,0,10883,10884,1267,2,326,924,23975.93600000001,49,False,False
173,11,-7.4460043349797465,-486.2391052041687,1.0,CLIENT,7,2,100000,14,28,0,10898,10911,1262,1,324,931,29188.096000000012,49,False,False
173,12,283.0273081008274,-330.3911052045319,1.0,CLIENT,7,2,100000,15,28,0,10864,10879,1263,1,324,928,29188.096000000012,49,False,False
173,13,-125.789917282723,-156.06398520409186,1.0,CLIENT,7,2,100000,17,27,0,10867,10867,1264,1,324,932,28145.66400000001,49,False,False
173,14,443.90849096360057,-271.7254652047359,1.0,CLIENT,7,2,100000,14,27,0,10891,10937,1257,0,323,923,28145.66400000001,49,False,False
173,15,206.19089875711015,405.2114547954622,1.0,CLIENT,7,2,100000,9,16,0,10893,10904,1271,2,327,927,16678.912000000004,49,False,False
173,16,422.9963135751493,-196.02786520443772,1.0,CLIENT,7,2,100000,15,41,0,10903,10916,1248,1,320,914,42739.71200000002,49,False,False
173,17,42.22041696245108,-45.74586520419473,1.0,CLIENT,7,2,100000,13,12,0,10859,10859,1279,1,328,948,12509.184000000003,49,False,False
173,18,277.403199788182,-324.7137852046282,1.0,CLIENT,7,2,100000,15,39,0,10887,10893,1251,1,321,917,40654.84800000002,49,False,False
173,19,203.81451496335174,119.11905479561483,1.0,CLIENT,7,2,100000,14,20,0,10857,10857,1270,2,326,931,20848.640000000007,49,False,False
173,20,-398.5987768489659,-381.2643452042275,1.0,CLIENT,7,2,100000,10,20,0,10920,10939,1265,1,326,927,20848.640000000007,49,False,False
173,21,-347.42731248177955,-158.17906520428863,1.0,CLIENT,7,2,100000,17,26,0,10893,10893,1265,1,324,930,27103.23200000001,49,False,False
173,22,-134.8993884936312,310.47813479576604,1.0,CLIENT,7,2,100000,10,12,0,10888,10888,1279,1,328,946,12509.184000000003,49,False,False
173,23,-447.3146446283306,-86.15502520420733,1.0,CLIENT,7,2,100000,14,16,0,10907,10908,1274,1,327,936,16678.912000000004,49,False,False
173,24,222.74637252329566,375.4890147953614,1.0,CLIENT,7,2,100000,10,14,0,10917,10922,1275,2,328,931,14594.048000000004,49,False,False
173,25,449.3741736898078,331.0723347959751,1.0,CLIENT,7,2,100000,12,28,0,10897,10951,1258,2,324,920,29188.096000000012,49,False,False
173,26,46.57712058471675,-7.5631052040978375,1.0,CLIENT,7,2,100000,12,24,0,10870,10870,1267,1,325,926,25018.36800000001,49,False,False
173,27,-349.2492067238486,-456.8506252040157,1.0,CLIENT,7,2,100000,12,29,0,10915,10946,1257,1,323,916,30230.528000000013,49,False,False
173,28,-100.60024906494382,-24.81770520403785,1.0,CLIENT,7,2,100000,17,33,0,10857,10857,1258,1,322,927,34400.256000000016,49,False,False
173,29,-83.96556250582064,-480.6731052047749,1.0,CLIENT,7,2,100000,12,28,0,10910,10914,1263,1,324,929,29188.096000000012,49,False,False
173,30,230.43001345738597,109.54553479526538,1.0,CLIENT,7,2,100000,10,32,0,10905,10905,1258,2,323,929,33357.824000000015,49,False,False
173,31,324.6140244983539,-156.8432252044974,1.0,CLIENT,7,2,100000,15,35,0,10889,10889,1256,1,321,923,36485.12000000002,49,False,False
173,32,-350.595824207166,154.63013479533828,1.0,CLIENT,7,2,100000,12,30,0,10903,10903,1261,1,323,935,31272.960000000014,49,False,False
173,33,-77.07404950279553,471.224214795692,1.0,CLIENT,7,2,100000,11,21,0,10907,10914,1269,1,325,935,21891.072000000007,49,False,False
173,34,-326.83198626620475,-266.0481452040412,1.0,CLIENT,7,2,100000,12,20,0,10927,10927,1271,1,326,938,20848.640000000007,49,False,False
173,35,67.09323400735391,8.912254795436638,1.0,CLIENT,7,2,100000,9,14,0,10878,10878,1277,1,327,943,14594.048000000004,49,False,False
173,36,125.15621137756541,143.72077479598858,1.0,CLIENT,7,2,100000,8,8,0,10893,10893,1282,2,329,950,8339.456,49,False,False
173,37,9.426320603519265,-280.29710520445093,1.0,CLIENT,7,2,100000,14,20,0,10882,10882,1271,1,326,935,20848.640000000007,49,False,False
173,38,-64.87527936000139,-92.27762520456878,1.0,CLIENT,7,2,100000,14,20,0,10845,10845,1271,1,326,941,20848.640000000007,49,False,False
173,39,-67.33087594726032,-334.0646652047488,1.0,CLIENT,7,2,100000,17,34,0,10877,10877,1257,1,322,924,35442.68800000002,49,False,False
173,40,-336.4959470288023,488.36749479591305,1.0,CLIENT,7,2,100000,13,27,0,10873,10905,1260,1,324,922,28145.66400000001,49,False,False
173,41,146.06838876601657,181.3469347959088,1.0,CLIENT,7,2,100000,12,20,0,10871,10871,1270,2,326,934,20848.640000000007,49,False,False
173,42,377.68659590054705,-88.93802520429972,1.0,CLIENT,7,2,100000,18,24,0,10855,10858,1267,1,325,934,25018.36800000001,49,False,False
173,43,368.73555027551413,-195.3599452045421,1.0,CLIENT,7,2,100000,16,29,0,10884,10889,1262,1,323,930,30230.528000000013,49,False,False
173,44,16.87232315823373,-53.64958520401416,1.0,CLIENT,7,2,100000,14,31,0,10862,10862,1261,1,323,936,32315.392000000014,49,False,False
173,45,342.12005178147996,277.750054795344,1.0,CLIENT,7,2,100000,18,52,0,10896,10903,1237,2,318,906,54206.46400000003,49,False,False
173,46,-296.3350609080937,476.5675747956479,1.0,CLIENT,7,2,100000,12,28,0,10936,10955,1260,1,324,922,29188.096000000012,49,False,False
173,47,-147.25658422286352,-367.68330520450434,1.0,CLIENT,7,2,100000,15,36,0,10868,10868,1255,1,322,922,37527.55200000002,49,False,False
173,48,12.515619535968058,115.22285479596007,1.0,CLIENT,7,2,100000,11,16,0,10870,10870,1274,2,327,943,16678.912000000004,49,False,False
173,49,-214.8250967692344,-484.012705204253,1.0,CLIENT,7,2,100000,17,37,0,10904,10913,1254,1,321,927,38569.98400000002,49,False,False

174,0,-251.02534323349136,432.8188147953662,1.0,CLIENT,7,2,100000,13,24,0,10729,10768,1272,2,325,940,25018.36800000001,49,False,False
174,1,-467.5139068786542,91.84565479565862,1.0,CLIENT,7,2,100000,15,22,0,10760,10771,1281,3,325,939,22933.504000000008,49,False,False
174,2,-95.37220471754961,127.02277479543426,1.0,CLIENT,7,2,100000,11,5,0,10755,10755,1298,4,329,959,5212.16,49,False,False
174,3,-293.40418756208305,465.88085479573607,1.0,CLIENT,7,2,100000,12,37,0,10736,10806,1257,1,321,913,38569.98400000002,49,False,False
174,4,-57.8253407705381,-386.16242520451664,1.0,CLIENT,7,2,100000,16,27,0,10741,10741,1276,4,324,937,28145.66400000001,49,False,False
174,5,466.4841370076826,269.17841479562895,1.0,CLIENT,7,2,100000,9,21,0,10758,10833,1266,5,326,920,21891.072000000007,49,False,False
174,6,453.65166451913575,-379.1492652040307,1.0,CLIENT,7,2,100000,13,36,0,10606,10803,1246,1,323,905,37527.55200000002,49,False,False
174,7,305.36531576553364,-196.13918520415666,1.0,CLIENT,7,2,100000,18,44,0,10762,10770,1260,3,320,934,45867.00800000002,49,False,False
174,8,103.29348047161086,-445.71862520443716,1.0,CLIENT,7,2,100000,10,25,0,10768,10793,1278,3,325,944,26060.80000000001,49,False,False
174,9,-442.48266424675035,-319.927025204058,1.0,CLIENT,7,2,100000,16,36,0,10794,10814,1263,6,322,925,37527.55200000002,49,False,False
174,10,136.00836403760502,254.15021479560465,1.0,CLIENT,7,2,100000,12,28,0,10784,10785,1274,4,325,931,29188.096000000012,49,False,False
174,11,61.23148731533267,293.1122147953161,1.0,CLIENT,7,2,100000,14,20,0,10759,10759,1284,3,326,946,20848.640000000007,49,False,False
174,12,156.84132863255567,-210.27682520405648,1.0,CLIENT,7,2,100000,15,28,0,10756,10756,1276,3,324,945,29188.096000000012,49,False,False
174,13,326.91119549917465,313.92905479575404,1.0,CLIENT,7,2,100000,17,33,0,10780,10795,1266,5,322,919,34400.256000000016,49,False,False
174,14,-381.0927495652771,-380.0398252041552,1.0,CLIENT,7,2,100000,14,25,0,10785,10800,1274,5,324,941,26060.80000000001,49,False,False
174,15,-269.2442856547449,441.835734795539,1.0,CLIENT,7,2,100000,9,16,0,10769,10810,1283,3,327,937,16678.912000000004,49,False,False
174,16,-352.8929952085496,-299.11018520441104,1.0,CLIENT,7,2,100000,15,32,0,10775,10775,1269,6,323,937,33357.824000000015,49,False,False
174,17,198.665683409458,-143.26218520477425,1.0,CLIENT,7,2,100000,13,19,0,10796,10796,1286,3,326,955,19806.208000000006,49,False,False
174,18,-192.0118123457765,202.2750947952747,1.0,CLIENT,7,2,100000,15,27,0,10756,10756,1276,4,323,938,28145.66400000001,49,False,False
174,19,445.49274682629374,-478.6693452042971,1.0,CLIENT,7,2,100000,14,25,0,10392,10793,1229,1,325,890,26060.80000000001,49,False,False
174,20,209.0425593101831,-314.9176252040499,1.0,CLIENT,7,2,100000,10,16,0,10794,10804,1288,3,327,945,16678.912000000004,49,False,False
174,21,-302.7512971523671,221.86741479564034,1.0,CLIENT,7,2,100000,17,27,0,10784,10786,1277,3,324,935,28145.66400000001,49,False,False
174,22,-470.68241860404066,484.4712947954673,1.0,CLIENT,7,2,100000,10,26,0,10522,10775,1233,1,327,880,27103.23200000001,49,False,False
174,23,190.74440409542905,-297.1064252047242,1.0,CLIENT,7,2,100000,14,8,0,10778,10780,1296,3,329,957,8339.456,49,False,False
174,24,131.81008600121467,-437.0356652042122,1.0,CLIENT,7,2,100000,10,12,0,10763,10785,1290,4,328,948,12509.184000000003,49,False,False
174,25,-375.15179007975536,476.79021479587675,1.0,CLIENT,7,2,100000,12,22,0,10614,10787,1259,1,326,928,22933.504000000008,49,False,False
174,26,-204.923497627261,-158.29038520400758,1.0,CLIENT,7,2,100000,12,24,0,10769,10769,1277,6,325,939,25018.36800000001,49,False,False
174,27,-74.77687850197478,-315.0289452045598,1.0,CLIENT,7,2,100000,12,17,0,10765,10765,1286,4,326,953,17721.344000000005,49,False,False
174,28,-216.9638421841798,-231.31630520472328,1.0,CLIENT,7,2,100000,17,35,0,10757,10757,1266,6,322,937,36485.12000000002,49,False,False
174,29,-459.6718403581258,289.772614795838,1.0,CLIENT,7,2,100000,12,28,0,10739,10813,1268,3,324,916,29188.096000000012,49,False,False
174,30,-411.66888771632586,-393.6208652046693,1.0,CLIENT,7,2,100000,10,32,0,10788,10810,1263,6,323,928,33357.824000000015,49,False,False
174,31,356.2991417533442,251.1445747952834,1.0,CLIENT,7,2,100000,15,38,0,10797,10802,1263,5,320,922,39612.41600000002,49,False,False
174,32,-358.7547419005708,-466.64678520459404,1.0,CLIENT,7,2,100000,12,30,0,10760,10796,1268,6,323,930,31272.960000000014,49,False,False
174,33,-229.6378890862885,291.7763747955249,1.0,CLIENT,7,2,100000,11,20,0,10765,10771,1282,3,326,949,20848.640000000007,49,False,False
174,34,-80.71783798749652,286.5443347952879,1.0,CLIENT,7,2,100000,12,16,0,10765,10766,1288,3,327,954,16678.912000000004,49,False,False
174,35,99.64969198690989,457.97713479591664,1.0,CLIENT,7,2,100000,9,20,0,10791,10800,1282,3,326,939,20848.640000000007,49,False,False
174,36,38.18056451249892,287.7688547953602,1.0,CLIENT,7,2,100000,8,10,0,10807,10807,1292,5,328,953,10424.320000000002,49,False,False
174,37,-333.7234992692298,-201.70518520434143,1.0,CLIENT,7,2,100000,14,20,0,10764,10764,1281,6,326,945,20848.640000000007,49,False,False
174,38,105.35301309305578,480.57509479581256,1.0,CLIENT,7,2,100000,14,32,0,10776,10795,1268,3,323,930,33357.824000000015,49,False,False
174,39,222.82558531623332,-96.50778520417134,1.0,CLIENT,7,2,100000,17,32,0,10744,10744,1272,3,323,946,33357.824000000015,49,False,False
174,40,330.9510479491268,305.9140147954247,1.0,CLIENT,7,2,100000,13,26,0,10790,10811,1275,4,324,935,27103.23200000001,49,False,False
174,41,-245.9557244725353,327.39877479575824,1.0,CLIENT,7,2,100000,12,28,0,10784,10798,1274,3,324,930,29188.096000000012,49,False,False
174,42,-258.9466225469575,406.1020147955867,1.0,CLIENT,7,2,100000,18,32,0,10757,10787,1266,3,323,928,33357.824000000015,49,False,False
174,43,-289.91882466382026,-482.8995052046906,1.0,CLIENT,7,2,100000,16,37,0,10778,10809,1261,6,321,914,38569.98400000002,49,False,False
174,44,100.52103271147558,263.3897747960063,1.0,CLIENT,7,2,100000,14,32,0,10759,10759,1270,5,323,937,33357.824000000015,49,False,False
174,45,-143.29594456584903,-236.32570520473138,1.0,CLIENT,7,2,100000,18,40,0,10750,10750,1262,5,321,934,41697.28000000002,49,False,False
174,46,-48.00295442150237,80.93629479551794,1.0,CLIENT,7,2,100000,12,19,0,10769,10769,1283,5,326,951,19806.208000000006,49,False,False
174,47,163.33677766976678,-410.8754652046093,1.0,CLIENT,7,2,100000,15,44,0,10780,10803,1255,2,320,928,45867.00800000002,49,False,False
174,48,-44.200740350926054,182.57145479598108,1.0,CLIENT,7,2,100000,11,16,0,10752,10752,1288,3,327,954,16678.912000000004,49,False,False
174,49,358.91316392647843,-339.7419852046525,1.0,CLIENT,7,2,100000,16,39,0,10733,10801,1257,2,321,928,40654.84800000002,49,False,False

175,0,339.90209357359686,37.632814795694,1.0,CLIENT,7,2,100000,13,25,0,10991,10991,1250,2,321,918,26060.80000000001,49,False,False
175,1,254.58991536416127,-219.51638520445812,1.0,CLIENT,7,2,100000,15,24,0,10977,10977,1252,1,320,928,25018.36800000001,49,False,False
175,2,-156.4452682267094,311.5913347953284,1.0,CLIENT,7,2,100000,11,9,0,10963,10966,1266,2,324,937,9381.888,49,False,False
175,3,208.96334651724544,233.77865479562445,1.0,CLIENT,7,2,100000,12,28,0,10966,10966,1248,1,320,922,29188.096000000012,49,False,False
175,4,-154.94022515751666,381.27765479577505,1.0,CLIENT,7,2,100000,16,31,0,10972,10975,1245,1,319,912,32315.392000000014,49,False,False
175,5,-331.9808178200984,164.9828947953023,1.0,CLIENT,7,2,100000,9,16,0,10990,10992,1258,2,323,924,16678.912000000004,49,False,False
175,6,-243.57934067821404,404.98881479523334,1.0,CLIENT,7,2,100000,13,31,0,10997,11016,1240,1,319,904,32315.392000000014,49,False,False
175,7,169.04009877591267,103.97953479587159,1.0,CLIENT,7,2,100000,18,42,0,10963,10963,1233,2,316,902,43782.14400000002,49,False,False
175,8,-254.03542937243964,-330.0571452045841,1.0,CLIENT,7,2,100000,10,23,0,10997,11009,1251,1,321,916,23975.93600000001,49,False,False
175,9,-82.30209385018975,452.188494795503,1.0,CLIENT,7,2,100000,16,26,0,10973,10978,1249,1,320,920,27103.23200000001,49,False,False
175,10,120.87872054823741,154.7414547958482,1.0,CLIENT,7,2,100000,12,20,0,10964,10964,1256,1,322,927,20848.640000000007,49,False,False
175,11,-123.33432069546406,-205.49006520427724,1.0,CLIENT,7,2,100000,14,20,0,10965,10965,1256,1,322,927,20848.640000000007,49,False,False
175,12,-280.0964383147845,3.012294795304058,1.0,CLIENT,7,2,100000,15,28,0,10941,10941,1247,2,320,913,29188.096000000012,49,False,False
175,13,-23.05092458309904,-72.12870520402646,1.0,CLIENT,7,2,100000,17,25,0,10953,10953,1251,1,320,925,26060.80000000001,49,False,False
175,14,233.91537635564876,-377.5907852040106,1.0,CLIENT,7,2,100000,14,22,0,10990,10996,1254,1,321,918,22933.504000000008,49,False,False
175,15,-309.16753339607766,-93.83610520458888,1.0,CLIENT,7,2,100000,9,16,0,10997,10997,1260,1,323,926,16678.912000000004,49,False,False
175,16,-122.7006183502742,-175.09970520428084,1.0,CLIENT,7,2,100000,15,25,0,10942,10942,1251,1,320,918,26060.80000000001,49,False,False
175,17,436.1456372360097,427.03017479574356,1.0,CLIENT,7,2,100000,13,24,0,11000,11032,1246,1,321,901,25018.36800000001,49,False,False
175,18,-122.22534159152252,-183.448705204558,1.0,CLIENT,7,2,100000,15,30,0,10964,10964,1246,1,319,915,31272.960000000014,49,False,False
175,19,260.530874849683,52.883654795947166,1.0,CLIENT,7,2,100000,14,21,0,10984,10984,1254,2,322,925,21891.072000000007,49,False,False
175,20,378.7955750044886,-94.50402520448449,1.0,CLIENT,7,2,100000,10,15,0,11000,11000,1260,2,323,916,15636.480000000005,49,False,False
175,21,327.86174901667806,-436.3677452043166,1.0,CLIENT,7,2,100000,17,31,0,10961,11000,1241,1,319,897,32315.392000000014,49,False,False
175,22,299.9788458322641,502.6164547955318,1.0,CLIENT,7,2,100000,10,25,0,11047,11069,1248,0,321,893,26060.80000000001,49,False,False
175,23,-262.7488366175338,-446.05258520438497,1.0,CLIENT,7,2,100000,14,24,0,11004,11043,1247,1,321,907,25018.36800000001,49,False,False
175,24,-374.3596621486901,117.11529479592798,1.0,CLIENT,7,2,100000,10,12,0,11000,11001,1263,1,324,928,12509.184000000003,49,False,False
175,25,101.39237343604128,-409.65094520453704,1.0,CLIENT,7,2,100000,12,20,0,11005,11006,1256,1,322,916,20848.640000000007,49,False,False
175,26,-184.32817141112335,215.4108547953311,1.0,CLIENT,7,2,100000,12,24,0,10971,10972,1251,2,321,925,25018.36800000001,49,False,False
175,27,-364.9333397654684,245.4672547953797,1.0,CLIENT,7,2,100000,12,21,0,10963,10978,1250,2,322,915,21891.072000000007,49,False,False
175,28,-121.75006483277083,-32.49878520441939,1.0,CLIENT,7,2,100000,17,33,0,10941,10941,1243,1,318,922,34400.256000000016,49,False,False
175,29,291.4238641736081,-387.0529852046411,1.0,CLIENT,7,2,100000,12,28,0,11004,11018,1248,1,320,917,29188.096000000012,49,False,False
175,30,197.5567043055165,136.9302547957315,1.0,CLIENT,7,2,100000,10,31,0,10976,10976,1245,1,319,920,32315.392000000014,49,False,False
175,31,97.19409539965095,-192.2429852045019,1.0,CLIENT,7,2,100000,15,33,0,10954,10954,1243,1,318,923,34400.256000000016,49,False,False
175,32,-208.64649890489966,-0.8839052043506967,1.0,CLIENT,7,2,100000,12,20,0,10945,10945,1256,1,322,932,20848.640000000007,49,False,False
175,33,304.57318783446846,-216.51074520413687,1.0,CLIENT,7,2,100000,11,20,0,10984,10984,1256,1,322,930,20848.640000000007,49,False,False
175,34,-113.591147139366,335.19117479585873,1.0,CLIENT,7,2,100000,12,13,0,10959,10959,1262,2,323,926,13551.616000000004,49,False,False
175,35,-330.238136370967,482.2448947955516,1.0,CLIENT,7,2,100000,9,22,0,10905,11010,1232,1,322,890,22933.504000000008,49,False,False
175,36,-14.337517338004856,-360.78146520452833,1.0,CLIENT,7,2,100000,8,10,0,10999,11000,1266,0,324,933,10424.320000000002,49,False,False
175,37,-225.75646222221167,333.96665479578644,1.0,CLIENT,7,2,100000,14,22,0,10978,10982,1253,1,321,917,22933.504000000008,49,False,False
175,38,455.39434596826715,-450.06010520454964,1.0,CLIENT,7,2,100000,14,47,0,10844,11012,1202,1,316,867,48994.304000000026,49,False,False
175,39,26.061007162079594,244.79933479548407,1.0,CLIENT,7,2,100000,17,32,0,10948,10948,1244,1,319,917,33357.824000000015,49,False,False
175,40,-180.84280851342336,-92.50026520400667,1.0,CLIENT,7,2,100000,13,16,0,10968,10968,1260,1,323,929,16678.912000000004,49,False,False
175,41,-242.31193598839718,-94.05874520402676,1.0,CLIENT,7,2,100000,12,24,0,10980,10980,1252,1,321,919,25018.36800000001,49,False,False
175,42,400.5790931169426,412.89253479584374,1.0,CLIENT,7,2,100000,18,47,0,10980,11002,1225,1,317,886,48994.304000000026,49,False,False
175,43,-3.4061518850275854,-432.0262652042041,1.0,CLIENT,7,2,100000,16,34,0,10992,10993,1242,1,318,917,35442.68800000002,49,False,False
175,44,-214.74588397629674,170.88285479543487,1.0,CLIENT,7,2,100000,14,30,0,10951,10951,1245,2,319,916,31272.960000000014,49,False,False
175,45,113.35350520002244,40.08185479583858,1.0,CLIENT,7,2,100000,18,39,0,10954,10954,1237,1,316,909,40654.84800000002,49,False,False
175,46,11.089789259150162,-126.00758520404327,1.0,CLIENT,7,2,100000,12,16,0,10964,10964,1260,1,323,936,16678.912000000004,49,False,False
175,47,-311.3062788110231,-369.01914520429557,1.0,CLIENT,7,2,100000,15,44,0,10981,11002,1225,1,316,897,45867.00800000002,49,False,False
175,48,-12.436410302435277,108.32101479598407,1.0,CLIENT,7,2,100000,11,16,0,10936,10936,1259,2,323,931,16678.912000000004,49,False,False
175,49,-416.89693206372004,347.65901479522853,1.0,CLIENT,7,2,100000,17,42,0,10917,10985,1218,2,317,882,43782.14400000002,49,False,False

176,0,-479.158187469759,-388.6114652046612,1.0,CLIENT,7,2,100000,13,32,0,10972,10992,1263,3,319,926,33357.824000000015,49,False,False
176,1,-7.842068300793764,140.71513479566732,1.0,CLIENT,7,2,100000,15,22,0,10939,10939,1276,2,321,947,22933.504000000008,49,False,False
176,2,265.20442964482504,223.9824947958371,1.0,CLIENT,7,2,100000,11,16,0,10970,10973,1280,3,323,941,16678.912000000004,49,False,False
176,3,43.72546003220664,325.3950147952804,1.0,CLIENT,7,2,100000,12,25,0,10958,10958,1273,2,320,936,26060.80000000001,49,False,False
176,4,-43.487825212798526,-310.13086520427066,1.0,CLIENT,7,2,100000,16,28,0,10938,10938,1269,3,320,934,29188.096000000012,49,False,False
176,5,81.19311118628048,-50.86658520471275,1.0,CLIENT,7,2,100000,9,12,0,10953,10953,1285,3,324,956,12509.184000000003,49,False,False
176,6,-474.80148384693047,-415.99618520433637,1.0,CLIENT,7,2,100000,13,29,0,10960,10985,1263,4,320,928,30230.528000000013,49,False,False
176,7,121.90848685867844,220.1976147959013,1.0,CLIENT,7,2,100000,18,38,0,10939,10939,1259,3,317,934,39612.41600000002,49,False,False
176,8,225.8356714551816,318.93845479576214,1.0,CLIENT,7,2,100000,10,23,0,10978,10987,1275,2,321,932,23975.93600000001,49,False,False
176,9,298.4738027625085,-154.06022520440501,1.0,CLIENT,7,2,100000,16,31,0,10965,10967,1267,2,319,940,32315.392000000014,49,False,False
176,10,-380.6966855994631,-11.459305204543568,1.0,CLIENT,7,2,100000,12,20,0,10938,10938,1278,2,322,950,20848.640000000007,49,False,False
176,11,-465.37516146370876,198.71285479556775,1.0,CLIENT,7,2,100000,14,20,0,10903,10944,1267,2,322,942,20848.640000000007,49,False,False
176,12,126.66125444732097,-253.35766520444253,1.0,CLIENT,7,2,100000,15,32,0,10964,10964,1265,3,319,940,33357.824000000015,49,False,False
176,13,-500.54564161696186,305.6913747959868,1.0,CLIENT,7,2,100000,17,33,0,10847,10946,1233,3,319,906,34400.256000000016,49,False,False
176,14,-117.31414841700466,-4.891425204515372,1.0,CLIENT,7,2,100000,14,15,0,10928,10928,1282,3,323,958,15636.480000000005,49,False,False
176,15,-432.42263951833877,16.704654795537124,1.0,CLIENT,7,2,100000,9,16,0,10982,10985,1281,2,323,953,16678.912000000004,49,False,False
176,16,-426.0064032746282,11.47261479530016,1.0,CLIENT,7,2,100000,15,32,0,10949,10952,1266,1,319,936,33357.824000000015,49,False,False
176,17,31.526689888849653,-25.485625204724442,1.0,CLIENT,7,2,100000,13,16,0,10948,10948,1280,4,323,952,16678.912000000004,49,False,False
176,18,-438.44281179679825,-26.15354520462006,1.0,CLIENT,7,2,100000,15,32,0,10956,10958,1265,2,318,940,33357.824000000015,49,False,False
176,19,-128.72079062873362,268.0652147952756,1.0,CLIENT,7,2,100000,14,20,0,10944,10944,1278,2,322,948,20848.640000000007,49,False,False
176,20,-70.57860046558444,-323.0439852040982,1.0,CLIENT,7,2,100000,10,12,0,10963,10963,1285,3,324,955,12509.184000000003,49,False,False
176,21,499.59508453892795,-395.847265204585,1.0,CLIENT,7,2,100000,17,48,0,10655,11007,1180,2,316,839,50036.736000000026,49,False,False
176,22,-217.35990614999383,-145.93386520435672,1.0,CLIENT,7,2,100000,10,12,0,10953,10953,1285,3,324,955,12509.184000000003,49,False,False
176,23,-320.494962814869,-156.62058520426854,1.0,CLIENT,7,2,100000,14,9,0,10928,10928,1289,2,325,959,9381.888,49,False,False
176,24,-302.83050994530475,-19.140385204134134,1.0,CLIENT,7,2,100000,10,12,0,10944,10944,1286,2,324,960,12509.184000000003,49,False,False
176,25,-362.398530384709,-233.43138520412907,1.0,CLIENT,7,2,100000,12,16,0,10967,10969,1278,4,323,948,16678.912000000004,49,False,False
176,26,-249.8371513360493,-13.017785204563666,1.0,CLIENT,7,2,100000,12,25,0,10941,10942,1273,1,321,948,26060.80000000001,49,False,False
176,27,-298.47380632247626,-490.2466252043334,1.0,CLIENT,7,2,100000,12,25,0,10979,10996,1265,4,321,931,26060.80000000001,49,False,False
176,28,-53.23099876833375,454.0809347954709,1.0,CLIENT,7,2,100000,17,36,0,10944,10954,1260,3,317,929,37527.55200000002,49,False,False
176,29,239.69791025473234,-473.3259852043412,1.0,CLIENT,7,2,100000,12,28,0,10918,10990,1256,3,320,922,29188.096000000012,49,False,False
176,30,-234.3114438814305,98.74749479563462,1.0,CLIENT,7,2,100000,10,30,0,10956,10956,1268,2,319,941,31272.960000000014,49,False,False
176,31,-496.3473635805716,366.6947347954175,1.0,CLIENT,7,2,100000,15,46,0,10852,10978,1214,2,314,877,47951.872000000025,49,False,False
176,32,110.73948302632533,-411.3207452042761,1.0,CLIENT,7,2,100000,12,30,0,10985,10988,1266,3,319,933,31272.960000000014,49,False,False
176,33,23.76383616125884,-156.06398520409186,1.0,CLIENT,7,2,100000,11,18,0,10942,10942,1280,2,322,952,18763.776000000005,49,False,False
176,34,-409.6885678878185,486.69769479538303,1.0,CLIENT,7,2,100000,12,33,0,10819,10981,1208,2,319,862,34400.256000000016,49,False,False
176,35,155.25707276986245,464.54501479594484,1.0,CLIENT,7,2,100000,9,20,0,10978,11012,1268,3,322,930,20848.640000000007,49,False,False
176,36,-296.09742252871786,-193.02222520411647,1.0,CLIENT,7,2,100000,8,8,0,10975,10975,1289,3,325,952,8339.456,49,False,False
176,37,-91.72841623341147,375.1550547954136,1.0,CLIENT,7,2,100000,14,18,0,10944,10944,1279,3,322,945,18763.776000000005,49,False,False
176,38,146.14760155895425,442.8376147953824,1.0,CLIENT,7,2,100000,14,36,0,10948,10973,1256,4,318,913,37527.55200000002,49,False,False
176,39,-201.35892193606054,-67.23062520452828,1.0,CLIENT,7,2,100000,17,36,0,10944,10944,1262,2,318,937,37527.55200000002,49,False,False
176,40,-408.26273761156347,-454.2902652041522,1.0,CLIENT,7,2,100000,13,32,0,11004,11019,1264,4,319,923,33357.824000000015,49,False,False
176,41,-270.6701159315628,158.526334795784,1.0,CLIENT,7,2,100000,12,20,0,10930,10930,1277,3,322,952,20848.640000000007,49,False,False
176,42,-60.12251177135886,197.2656947952666,1.0,CLIENT,7,2,100000,18,25,0,10915,10915,1272,3,321,937,26060.80000000001,49,False,False
176,43,-242.0742976084585,278.30665479552067,1.0,CLIENT,7,2,100000,16,22,0,10928,10932,1274,2,321,946,22933.504000000008,49,False,False
176,44,-252.53038630268406,-294.6573852045796,1.0,CLIENT,7,2,100000,14,36,0,10946,10946,1261,3,318,932,37527.55200000002,49,False,False
176,45,-111.8484656902346,183.2393747958767,1.0,CLIENT,7,2,100000,18,35,0,10900,10900,1263,2,318,937,36485.12000000002,49,False,False
176,46,-254.11464216537732,438.94141479572767,1.0,CLIENT,7,2,100000,12,20,0,10930,10958,1269,3,322,946,20848.640000000007,49,False,False
176,47,27.090773473083473,30.174374795541326,1.0,CLIENT,7,2,100000,15,38,0,10945,10945,1259,3,317,933,39612.41600000002,49,False,False
176,48,-253.16408864787394,397.3077347956428,1.0,CLIENT,7,2,100000,11,27,0,10980,10991,1268,3,320,943,28145.66400000001,49,False,False
176,49,496.74342398641784,-350.20606520433546,1.0,CLIENT,7,2,100000,17,56,0,10752,11007,1203,2,315,861,58376.19200000003,49,False,False

177,0,-299.5827854264178,-105.07942520467736,1.0,CLIENT,7,2,100000,13,25,0,10778,10780,1250,2,322,923,26060.80000000001,49,False,False
177,1,-426.8777439986311,214.1863347952588,1.0,CLIENT,7,2,100000,15,31,0,10810,10816,1242,3,319,913,32315.392000000014,49,False,False
177,2,46.8939717575931,22.38197479544084,1.0,CLIENT,7,2,100000,11,5,0,10752,10752,1270,3,326,944,5212.16,49,False,False
177,3,-295.06765621771393,401.7605347954742,1.0,CLIENT,7,2,100000,12,39,0,10789,10812,1235,3,318,902,40654.84800000002,49,False,False
177,4,350.7542462336365,185.4657747957924,1.0,CLIENT,7,2,100000,16,33,0,10784,10784,1241,4,320,914,34400.256000000016,49,False,False
177,5,-120.56187293532878,-116.99066520466147,1.0,CLIENT,7,2,100000,9,12,0,10774,10774,1262,4,325,930,12509.184000000003,49,False,False
177,6,-89.3520324390902,477.12417479582456,1.0,CLIENT,7,2,100000,13,28,0,10800,10810,1247,2,321,922,29188.096000000012,49,False,False
177,7,98.6991384694065,87.28153479531727,1.0,CLIENT,7,2,100000,18,36,0,10745,10745,1239,3,319,918,37527.55200000002,49,False,False
177,8,-29.07109686155845,220.1976147959013,1.0,CLIENT,7,2,100000,10,18,0,10758,10758,1257,3,323,931,18763.776000000005,49,False,False
177,9,-384.1028357047882,71.02881479601166,1.0,CLIENT,7,2,100000,16,30,0,10777,10777,1245,3,321,908,31272.960000000014,49,False,False
177,10,18.06051505511294,317.8252547954088,1.0,CLIENT,7,2,100000,12,22,0,10773,10773,1253,3,322,920,22933.504000000008,49,False,False
177,11,-210.15154197409237,35.40641479577829,1.0,CLIENT,7,2,100000,14,21,0,10748,10749,1254,2,323,921,21891.072000000007,49,False,False
177,12,-62.02361880692844,197.2656947952666,1.0,CLIENT,7,2,100000,15,28,0,10741,10741,1248,2,321,920,29188.096000000012,49,False,False
177,13,12.198768363091707,-117.54726520404716,1.0,CLIENT,7,2,100000,17,20,0,10735,10735,1255,3,323,927,20848.640000000007,49,False,False
177,14,162.54464973870157,-282.7461452045955,1.0,CLIENT,7,2,100000,14,18,0,10757,10758,1257,3,323,919,18763.776000000005,49,False,False
177,15,-60.83542690948639,-251.91050520414137,1.0,CLIENT,7,2,100000,9,16,0,10788,10788,1259,3,324,929,16678.912000000004,49,False,False
177,16,55.1321022439356,66.79865479561812,1.0,CLIENT,7,2,100000,15,28,0,10747,10747,1247,3,321,924,29188.096000000012,49,False,False
177,17,180.0506770218276,-220.85222520424935,1.0,CLIENT,7,2,100000,13,10,0,10743,10746,1264,3,325,937,10424.320000000002,49,False,False
177,18,-283.8194395924232,493.59953479535903,1.0,CLIENT,7,2,100000,15,40,0,10712,10788,1213,3,318,880,41697.28000000002,49,False,False
177,19,51.80516493211096,-462.5279452047104,1.0,CLIENT,7,2,100000,14,20,0,10769,10785,1247,3,323,922,20848.640000000007,49,False,False
177,20,141.39483397087457,-353.8796252045523,1.0,CLIENT,7,2,100000,10,14,0,10793,10797,1261,3,324,931,14594.048000000004,49,False,False
177,21,387.50898224958274,-416.7754252047419,1.0,CLIENT,7,2,100000,17,32,0,10715,10803,1227,2,320,892,33357.824000000015,49,False,False
177,22,-0.9505552977686537,-213.95038520427335,1.0,CLIENT,7,2,100000,10,12,0,10778,10778,1263,3,325,932,12509.184000000003,49,False,False
177,23,43.01254489351628,260.05017479573723,1.0,CLIENT,7,2,100000,14,8,0,10768,10768,1267,3,326,938,8339.456,49,False,False
177,24,466.00886024893094,384.5059347955342,1.0,CLIENT,7,2,100000,10,21,0,10846,10852,1253,4,323,914,21891.072000000007,49,False,False
177,25,326.5943443262983,87.83813479549394,1.0,CLIENT,7,2,100000,12,16,0,10759,10759,1259,3,324,929,16678.912000000004,49,False,False
177,26,486.4457608780675,460.20353479583235,1.0,CLIENT,7,2,100000,12,43,0,10836,10859,1224,4,317,882,44824.57600000002,49,False,False
177,27,-488.03002030129136,-32.27614520419053,1.0,CLIENT,7,2,100000,12,28,0,10817,10827,1247,2,321,904,29188.096000000012,49,False,False
177,28,162.78228811807742,-460.07890520456584,1.0,CLIENT,7,2,100000,17,35,0,10732,10768,1227,3,319,905,36485.12000000002,49,False,False
177,29,13.941449812223112,10.916014795914464,1.0,CLIENT,7,2,100000,12,25,0,10769,10769,1251,2,321,926,26060.80000000001,49,False,False
177,30,418.71882274582134,-173.7638652044896,1.0,CLIENT,7,2,100000,10,33,0,10780,10796,1237,2,320,910,34400.256000000016,49,False,False
177,31,170.22829067279187,-170.6469052044494,1.0,CLIENT,7,2,100000,15,29,0,10736,10736,1246,3,320,915,30230.528000000013,49,False,False
177,32,-298.9490830817908,427.36413479569137,1.0,CLIENT,7,2,100000,12,29,0,10796,10818,1241,3,320,912,30230.528000000013,49,False,False
177,33,263.22410981631776,-336.9589852045601,1.0,CLIENT,7,2,100000,11,20,0,10791,10798,1255,3,323,927,20848.640000000007,49,False,False
177,34,39.527181995816306,-316.03082520440324,1.0,CLIENT,7,2,100000,12,16,0,10777,10777,1259,3,324,930,16678.912000000004,49,False,False
177,35,-25.26888279098213,-331.72694520432316,1.0,CLIENT,7,2,100000,9,20,0,10795,10795,1255,3,323,925,20848.640000000007,49,False,False
177,36,-53.94391390702412,-229.53518520447432,1.0,CLIENT,7,2,100000,8,11,0,10803,10803,1264,3,325,924,11466.752000000002,49,False,False
177,37,-36.437886623335245,81.38157479597567,1.0,CLIENT,7,2,100000,14,20,0,10761,10761,1255,3,323,925,20848.640000000007,49,False,False
177,38,191.6949576129324,65.68545479526477,1.0,CLIENT,7,2,100000,14,22,0,10744,10744,1252,4,322,929,22933.504000000008,49,False,False
177,39,195.81402285638507,180.3450547952744,1.0,CLIENT,7,2,100000,17,32,0,10741,10741,1243,3,320,917,33357.824000000015,49,False,False
177,40,-144.56334925622875,-239.99926520415727,1.0,CLIENT,7,2,100000,13,20,0,10789,10789,1255,3,323,925,20848.640000000007,49,False,False
177,41,48.00295086153465,-66.67402520435161,1.0,CLIENT,7,2,100000,12,21,0,10764,10764,1254,3,322,930,21891.072000000007,49,False,False
177,42,435.5119348908198,121.2341347958116,1.0,CLIENT,7,2,100000,18,25,0,10767,10767,1251,2,321,924,26060.80000000001,49,False,False
177,43,230.3508006644483,-486.7957052043454,1.0,CLIENT,7,2,100000,16,43,0,10739,10817,1212,3,317,872,44824.57600000002,49,False,False
177,44,69.3904050087375,-33.38934520454387,1.0,CLIENT,7,2,100000,14,34,0,10759,10759,1240,4,319,916,35442.68800000002,49,False,False
177,45,-55.924233734968524,-16.91398520421842,1.0,CLIENT,7,2,100000,18,39,0,10749,10749,1236,3,318,917,40654.84800000002,49,False,False
177,46,488.2676551206995,237.1182547958935,1.0,CLIENT,7,2,100000,12,28,0,10830,10835,1246,3,321,903,29188.096000000012,49,False,False
177,47,357.24969527084755,-372.2474252040547,1.0,CLIENT,7,2,100000,15,45,0,10744,10796,1216,3,317,891,46909.440000000024,49,False,False
177,48,-490.40640409504977,473.67325479583656,1.0,CLIENT,7,2,100000,11,40,0,10625,10878,1182,2,318,841,41697.28000000002,49,False,False
177,49,-117.15572283056648,459.090334795479,1.0,CLIENT,7,2,100000,17,37,0,10799,10803,1239,2,318,903,38569.98400000002,49,False,False

178,0,488.584506293013,-126.23022520427213,1.0,CLIENT,7,2,100000,13,32,0,10716,10750,1276,6,326,938,33357.824000000015,49,False,False
178,1,424.3429310584668,13.365054795268065,1.0,CLIENT,7,2,100000,15,23,0,10696,10699,1292,6,328,952,23975.93600000001,49,False,False
178,2,-443.1955793854407,472.2260947955354,1.0,CLIENT,7,2,100000,11,25,0,10469,10745,1240,5,329,887,26060.80000000001,49,False,False
178,3,-172.05018847482867,-136.4716652045172,1.0,CLIENT,7,2,100000,12,25,0,10706,10706,1292,4,327,963,26060.80000000001,49,False,False
178,4,-40.4777390732874,383.7266947959196,1.0,CLIENT,7,2,100000,16,31,0,10705,10707,1284,6,326,952,32315.392000000014,49,False,False
178,5,-126.58204521378819,-330.16846520430306,1.0,CLIENT,7,2,100000,9,14,0,10709,10710,1303,4,331,965,14594.048000000004,49,False,False
178,6,-318.5146429863617,-64.11366520448809,1.0,CLIENT,7,2,100000,13,21,0,10693,10693,1295,5,328,964,21891.072000000007,49,False,False
178,7,30.10085961203176,-490.0239852041045,1.0,CLIENT,7,2,100000,18,51,0,10712,10719,1264,4,321,930,53164.03200000003,49,False,False
178,8,25.34809202395207,244.910654795994,1.0,CLIENT,7,2,100000,10,22,0,10707,10707,1293,6,328,957,22933.504000000008,49,False,False
178,9,53.62705917418004,38.85733479576629,1.0,CLIENT,7,2,100000,16,24,0,10662,10662,1292,5,328,961,25018.36800000001,49,False,False
178,10,204.92349406729326,164.20365479568773,1.0,CLIENT,7,2,100000,12,20,0,10691,10691,1295,6,329,959,20848.640000000007,49,False,False
178,11,369.6861037935804,-476.66558520461024,1.0,CLIENT,7,2,100000,14,32,0,10584,10739,1268,4,326,918,33357.824000000015,49,False,False
178,12,-115.96753093368727,106.31725479550624,1.0,CLIENT,7,2,100000,15,28,0,10687,10687,1287,6,327,957,29188.096000000012,49,False,False
178,13,-455.3943495282349,132.8114147958479,1.0,CLIENT,7,2,100000,17,30,0,10680,10690,1284,5,326,953,31272.960000000014,49,False,False
178,14,304.8108262138443,-473.77126520400793,1.0,CLIENT,7,2,100000,14,27,0,10637,10730,1269,5,327,926,28145.66400000001,49,False,False
178,15,-126.1067684550365,383.17009479574295,1.0,CLIENT,7,2,100000,9,16,0,10709,10711,1300,5,330,967,16678.912000000004,49,False,False
178,16,355.50701382171616,-151.61118520426044,1.0,CLIENT,7,2,100000,15,28,0,10684,10691,1287,6,327,955,29188.096000000012,49,False,False
178,17,336.97122022758623,-372.69270520451244,1.0,CLIENT,7,2,100000,13,16,0,10664,10708,1291,5,330,951,16678.912000000004,49,False,False
178,18,-378.08266342632874,98.079574795739,1.0,CLIENT,7,2,100000,15,33,0,10696,10697,1283,5,325,948,34400.256000000016,49,False,False
178,19,100.44181991853792,-480.33914520403613,1.0,CLIENT,7,2,100000,14,23,0,10725,10742,1291,4,329,944,23975.93600000001,49,False,False
178,20,-436.5417047617915,101.1965347957792,1.0,CLIENT,7,2,100000,10,16,0,10729,10731,1300,5,330,961,16678.912000000004,49,False,False
178,21,339.9813063665345,218.6391347958812,1.0,CLIENT,7,2,100000,17,26,0,10700,10707,1290,5,327,950,27103.23200000001,49,False,False
178,22,-491.99065995830586,-371.3568652047212,1.0,CLIENT,7,2,100000,10,15,0,10672,10766,1287,4,330,943,15636.480000000005,49,False,False
178,23,-195.89323920929047,-483.01082520440957,1.0,CLIENT,7,2,100000,14,16,0,10711,10721,1299,3,330,961,16678.912000000004,49,False,False
178,24,298.39458996957086,-413.9924252046495,1.0,CLIENT,7,2,100000,10,13,0,10698,10743,1295,6,331,946,13551.616000000004,49,False,False
178,25,-486.9210411973498,-412.3226252041195,1.0,CLIENT,7,2,100000,12,24,0,10632,10746,1281,4,328,943,25018.36800000001,49,False,False
178,26,-490.3271913021121,-257.3651852046072,1.0,CLIENT,7,2,100000,12,32,0,10701,10736,1279,5,326,937,33357.824000000015,49,False,False
178,27,-345.1301414809588,390.2945747959478,1.0,CLIENT,7,2,100000,12,21,0,10686,10731,1289,6,328,946,21891.072000000007,49,False,False
178,28,-44.99286828199125,372.9286547954979,1.0,CLIENT,7,2,100000,17,34,0,10695,10696,1282,5,325,951,35442.68800000002,49,False,False
178,29,-62.73653394505597,-382.15490520435196,1.0,CLIENT,7,2,100000,12,28,0,10708,10708,1289,4,327,946,29188.096000000012,49,False,False
178,30,350.19975668138426,86.1683347957549,1.0,CLIENT,7,2,100000,10,32,0,10714,10715,1283,6,326,952,33357.824000000015,49,False,False
178,31,445.33432123985557,351.3325747954454,1.0,CLIENT,7,2,100000,15,38,0,10617,10725,1268,4,324,925,39612.41600000002,49,False,False
178,32,-466.40492777471263,79.15517479526898,1.0,CLIENT,7,2,100000,12,29,0,10723,10728,1287,5,326,948,30230.528000000013,49,False,False
178,33,84.67847408398045,-50.42130520425502,1.0,CLIENT,7,2,100000,11,20,0,10688,10688,1296,5,329,964,20848.640000000007,49,False,False
178,34,389.4100892845895,353.0023747959754,1.0,CLIENT,7,2,100000,12,20,0,10661,10733,1288,5,329,953,20848.640000000007,49,False,False
178,35,-397.6482233308997,118.56245479543816,1.0,CLIENT,7,2,100000,9,22,0,10728,10729,1292,6,329,952,22933.504000000008,49,False,False
178,36,-153.75203326007463,291.44241479557706,1.0,CLIENT,7,2,100000,8,8,0,10707,10707,1307,6,332,970,8339.456,49,False,False
178,37,374.7557225539736,-12.127225204439185,1.0,CLIENT,7,2,100000,14,24,0,10713,10715,1292,5,328,956,25018.36800000001,49,False,False
178,38,-452.3050505963489,359.4589347954937,1.0,CLIENT,7,2,100000,14,45,0,10627,10753,1248,6,323,913,46909.440000000024,49,False,False
178,39,-420.1446565820441,41.862974795296566,1.0,CLIENT,7,2,100000,17,36,0,10697,10697,1280,5,325,947,37527.55200000002,49,False,False
178,40,-436.70013034822966,-98.95682520431592,1.0,CLIENT,7,2,100000,13,25,0,10703,10705,1291,4,329,953,26060.80000000001,49,False,False
178,41,368.339486310263,116.67001479547025,1.0,CLIENT,7,2,100000,12,24,0,10698,10700,1291,6,328,962,25018.36800000001,49,False,False
178,42,204.13136613566525,296.11785479563736,1.0,CLIENT,7,2,100000,18,24,0,10683,10686,1289,5,328,960,25018.36800000001,49,False,False
178,43,181.47650729808265,336.86097479559777,1.0,CLIENT,7,2,100000,16,26,0,10690,10696,1289,6,327,958,27103.23200000001,49,False,False
178,44,-175.06027461433982,-398.8529052041153,1.0,CLIENT,7,2,100000,14,36,0,10703,10703,1280,5,325,943,37527.55200000002,49,False,False
178,45,-363.190658316337,-225.52766520430964,1.0,CLIENT,7,2,100000,18,36,0,10667,10669,1279,5,325,945,37527.55200000002,49,False,False
178,46,407.70824449934355,65.01753479536916,1.0,CLIENT,7,2,100000,12,24,0,10721,10723,1290,6,328,953,25018.36800000001,49,False,False
178,47,44.676013549710014,-477.8901052046825,1.0,CLIENT,7,2,100000,15,45,0,10716,10726,1271,4,323,928,46909.440000000024,49,False,False
178,48,287.0671605507796,-72.57398520448419,1.0,CLIENT,7,2,100000,11,24,0,10712,10712,1291,6,328,950,25018.36800000001,49,False,False
178,49,489.85191098339266,8.244334795541022,1.0,CLIENT,7,2,100000,17,38,0,10700,10723,1274,6,324,933,39612.41600000002,49,False,False

179,0,-397.2521593656486,428.58865479576366,1.0,CLIENT,7,2,100000,13,27,0,10527,10602,1258,0,322,930,28145.66400000001,49,False,False
179,1,-327.1488374385182,-74.8003852043999,1.0,CLIENT,7,2,100000,15,26,0,10589,10589,1270,0,322,939,27103.23200000001,49,False,False
179,2,258.9466189869898,-446.27522520461383,1.0,CLIENT,7,2,100000,11,25,0,10553,10630,1255,0,324,919,26060.80000000001,49,False,False
179,3,-9.109472990610643,-256.029345204025,1.0,CLIENT,7,2,100000,12,28,0,10579,10579,1268,0,322,943,29188.096000000012,49,False,False
179,4,-456.26569025280065,399.5341347955585,1.0,CLIENT,7,2,100000,16,37,0,10516,10612,1244,0,320,915,38569.98400000002,49,False,False
179,5,-284.8492059028642,190.92045479546726,1.0,CLIENT,7,2,100000,9,12,0,10570,10571,1284,0,326,956,12509.184000000003,49,False,False
179,6,147.5734318352093,-327.94206520438735,1.0,CLIENT,7,2,100000,13,24,0,10573,10576,1272,0,323,946,25018.36800000001,49,False,False
179,7,-111.92767848373511,448.18097479533833,1.0,CLIENT,7,2,100000,18,36,0,10547,10552,1260,0,320,925,37527.55200000002,49,False,False
179,8,15.288067295540499,465.88085479573607,1.0,CLIENT,7,2,100000,10,25,0,10585,10588,1270,0,323,930,26060.80000000001,49,False,False
179,9,214.74588041632902,81.04761479523688,1.0,CLIENT,7,2,100000,16,24,0,10550,10550,1272,0,323,942,25018.36800000001,49,False,False
179,10,238.58893115079078,-88.04746520417524,1.0,CLIENT,7,2,100000,12,20,0,10576,10576,1276,0,324,940,20848.640000000007,49,False,False
179,11,-322.87134660919025,170.3262547952582,1.0,CLIENT,7,2,100000,14,20,0,10567,10567,1276,0,324,950,20848.640000000007,49,False,False
179,12,-434.0861081745325,448.29229479584825,1.0,CLIENT,7,2,100000,15,34,0,10465,10582,1248,0,321,920,35442.68800000002,49,False,False
179,13,349.4076287503191,-141.36974520401537,1.0,CLIENT,7,2,100000,17,32,0,10572,10574,1263,0,321,937,33357.824000000015,49,False,False
179,14,-386.24158111917075,102.19841479562263,1.0,CLIENT,7,2,100000,14,20,0,10569,10572,1275,0,323,948,20848.640000000007,49,False,False
179,15,277.24477420174384,411.8906547960003,1.0,CLIENT,7,2,100000,9,16,0,10626,10627,1280,0,325,938,16678.912000000004,49,False,False
179,16,135.0578105195388,-341.6344252046204,1.0,CLIENT,7,2,100000,15,28,0,10565,10566,1267,0,322,942,29188.096000000012,49,False,False
179,17,453.2556005538845,-178.21666520432103,1.0,CLIENT,7,2,100000,13,18,0,10566,10596,1273,0,324,941,18763.776000000005,49,False,False
179,18,-448.10677255995864,-153.7262652044572,1.0,CLIENT,7,2,100000,15,43,0,10595,10610,1249,0,318,919,44824.57600000002,49,False,False
179,19,-7.208365955603904,36.408294795621714,1.0,CLIENT,7,2,100000,14,19,0,10544,10544,1277,0,324,947,19806.208000000006,49,False,False
179,20,-234.54908226080636,-442.0450652042203,1.0,CLIENT,7,2,100000,10,20,0,10592,10623,1268,0,324,939,20848.640000000007,49,False,False
179,21,-129.43370576686115,490.25993479588095,1.0,CLIENT,7,2,100000,17,22,0,10556,10565,1272,0,323,943,22933.504000000008,49,False,False
179,22,209.0425593101831,-202.2617852045181,1.0,CLIENT,7,2,100000,10,12,0,10598,10598,1284,0,326,954,12509.184000000003,49,False,False
179,23,308.92989145673414,-51.423185204098445,1.0,CLIENT,7,2,100000,14,13,0,10589,10589,1284,0,326,947,13551.616000000004,49,False,False
179,24,254.74834095059944,452.96773479590854,1.0,CLIENT,7,2,100000,10,12,0,10633,10637,1284,0,326,946,12509.184000000003,49,False,False
179,25,427.82829395672957,57.781734795445345,1.0,CLIENT,7,2,100000,12,20,0,10603,10603,1276,0,324,943,20848.640000000007,49,False,False
179,26,-218.94416201268706,173.5545347958083,1.0,CLIENT,7,2,100000,12,22,0,10551,10551,1274,0,323,946,22933.504000000008,49,False,False
179,27,262.59040747112795,-379.59454520448844,1.0,CLIENT,7,2,100000,12,24,0,10574,10605,1265,0,323,923,25018.36800000001,49,False,False
179,28,-369.5276817671099,88.50605479538956,1.0,CLIENT,7,2,100000,17,40,0,10575,10575,1256,0,319,928,41697.28000000002,49,False,False
179,29,464.8998811449893,432.7074947956473,1.0,CLIENT,7,2,100000,12,34,0,10611,10653,1255,0,320,917,35442.68800000002,49,False,False
179,30,-80.48019960812069,-3.1103052042664103,1.0,CLIENT,7,2,100000,10,25,0,10547,10547,1271,0,322,939,26060.80000000001,49,False,False
179,31,361.36876051373736,479.23925479523035,1.0,CLIENT,7,2,100000,15,47,0,10616,10641,1245,0,316,915,48994.304000000026,49,False,False
179,32,330.2381328109993,-161.5186652045577,1.0,CLIENT,7,2,100000,12,30,0,10604,10604,1266,0,321,936,31272.960000000014,49,False,False
179,33,80.7178344275288,-67.34194520424722,1.0,CLIENT,7,2,100000,11,20,0,10576,10576,1276,0,324,944,20848.640000000007,49,False,False
179,34,-16.476262752387438,331.294974795413,1.0,CLIENT,7,2,100000,12,16,0,10589,10589,1280,0,325,951,16678.912000000004,49,False,False
179,35,-132.6022174922476,-306.2346652046159,1.0,CLIENT,7,2,100000,9,20,0,10599,10599,1276,0,324,940,20848.640000000007,49,False,False
179,36,497.3771263316077,-332.28354520449983,1.0,CLIENT,7,2,100000,8,12,0,10444,10636,1252,0,325,922,12509.184000000003,49,False,False
179,37,-29.784011999685976,56.111934795706304,1.0,CLIENT,7,2,100000,14,16,0,10549,10549,1280,0,325,949,16678.912000000004,49,False,False
179,38,-264.80836923897874,-32.27614520419053,1.0,CLIENT,7,2,100000,14,24,0,10558,10558,1272,0,323,942,25018.36800000001,49,False,False
179,39,-308.692256637326,-296.66114520426646,1.0,CLIENT,7,2,100000,17,38,0,10565,10572,1255,0,320,916,39612.41600000002,49,False,False
179,40,163.65362884264312,362.6872147952528,1.0,CLIENT,7,2,100000,13,20,0,10594,10594,1276,0,324,943,20848.640000000007,49,False,False
179,41,423.2339519545252,-182.00154520425684,1.0,CLIENT,7,2,100000,12,24,0,10572,10587,1271,0,323,943,25018.36800000001,49,False,False
179,42,414.4413319159305,-208.16174520465069,1.0,CLIENT,7,2,100000,18,29,0,10546,10576,1263,0,321,926,30230.528000000013,49,False,False
179,43,-405.9655666107427,275.968934795886,1.0,CLIENT,7,2,100000,16,33,0,10578,10598,1261,0,320,938,34400.256000000016,49,False,False
179,44,-120.79951131470463,-346.8664652040664,1.0,CLIENT,7,2,100000,14,40,0,10586,10587,1255,0,319,931,41697.28000000002,49,False,False
179,45,32.31881781991485,395.41529479567487,1.0,CLIENT,7,2,100000,18,41,0,10553,10553,1255,0,319,917,42739.71200000002,49,False,False
179,46,155.0194343904866,-424.7904652042803,1.0,CLIENT,7,2,100000,12,24,0,10585,10604,1268,0,323,933,25018.36800000001,49,False,False
179,47,170.38671625923007,-196.25050520466658,1.0,CLIENT,7,2,100000,15,40,0,10569,10569,1256,0,319,922,41697.28000000002,49,False,False
179,48,66.30110607628872,450.6300147954829,1.0,CLIENT,7,2,100000,11,24,0,10591,10592,1272,0,323,931,25018.36800000001,49,False,False
179,49,-483.03961433327305,191.47705479564394,1.0,CLIENT,7,2,100000,16,41,0,10591,10608,1253,0,319,918,42739.71200000002,49,False,False

180,0,-305.1276809461255,442.61497479594453,1.0,CLIENT,7,2,100000,13,20,0,20056,20146,1340,1,345,980,20848.640000000007,74,False,False
180,1,-450.5623691472175,-58.43634520458437,1.0,CLIENT,7,2,100000,15,19,0,20124,20130,1351,2,345,995,19806.208000000006,74,False,False
180,2,364.45805944618616,443.61685479578796,1.0,CLIENT,7,2,100000,11,18,0,20035,20167,1333,1,346,964,18763.776000000005,74,False,False
180,3,502.0506811261869,-445.2733452047704,1.0,CLIENT,7,2,100000,12,38,0,19803,20179,1303,1,340,940,39612.41600000002,74,False,False
180,4,-109.6305074823515,27.614014795677804,1.0,CLIENT,7,2,100000,16,24,0,20102,20102,1346,2,344,994,25018.36800000001,74,False,False
180,5,461.73136941960297,44.312014795441144,1.0,CLIENT,7,2,100000,9,12,0,20149,20158,1358,1,347,996,12509.184000000003,74,False,False
180,6,-122.46297997089836,404.65485479528553,1.0,CLIENT,7,2,100000,13,20,0,20126,20137,1349,1,345,998,20848.640000000007,74,False,False
180,7,-249.52030016373578,295.8952147954085,1.0,CLIENT,7,2,100000,18,28,0,20097,20110,1341,1,343,986,29188.096000000012,74,False,False
180,8,-249.0450234049841,362.353254795305,1.0,CLIENT,7,2,100000,10,17,0,20127,20149,1352,1,345,999,17721.344000000005,74,False,False
180,9,-291.42386773357583,-81.14562520419923,1.0,CLIENT,7,2,100000,16,20,0,20106,20106,1351,1,345,998,20848.640000000007,74,False,False
180,10,100.9170966772896,303.7989347952279,1.0,CLIENT,7,2,100000,12,17,0,20114,20114,1353,2,346,997,17721.344000000005,74,False,False
180,11,-424.4221474113721,-225.0823852046429,1.0,CLIENT,7,2,100000,14,21,0,20112,20124,1348,2,346,990,21891.072000000007,74,False,False
180,12,279.5419452025646,324.28181479571805,1.0,CLIENT,7,2,100000,15,24,0,20111,20124,1344,1,344,979,25018.36800000001,74,False,False
180,13,-341.1695018239443,182.12617479552335,1.0,CLIENT,7,2,100000,17,12,0,20093,20103,1358,1,347,1004,12509.184000000003,74,False,False
180,14,-328.73309330121145,-468.6505452042809,1.0,CLIENT,7,2,100000,14,24,0,20114,20179,1340,2,342,978,25018.36800000001,74,False,False
180,15,-254.6691317176295,87.83813479549394,1.0,CLIENT,7,2,100000,9,8,0,20124,20124,1363,1,348,1013,8339.456,74,False,False
180,16,-41.428292590790775,-100.96058520400277,1.0,CLIENT,7,2,100000,15,18,0,20093,20093,1352,2,345,1003,18763.776000000005,74,False,False
180,17,477.4947152535975,-192.35430520422085,1.0,CLIENT,7,2,100000,13,16,0,20134,20158,1351,1,346,989,16678.912000000004,74,False,False
180,18,-336.65437261524045,-98.40022520413925,1.0,CLIENT,7,2,100000,15,24,0,20118,20118,1346,2,344,987,25018.36800000001,74,False,False
180,19,-167.69348485256302,-165.41486520421245,1.0,CLIENT,7,2,100000,14,16,0,20125,20125,1354,2,346,1004,16678.912000000004,74,False,False
180,20,-363.586722282151,-360.6701452040184,1.0,CLIENT,7,2,100000,10,14,0,20133,20157,1355,1,347,985,14594.048000000004,74,False,False
180,21,278.43296609862307,325.2836947955615,1.0,CLIENT,7,2,100000,17,20,0,20114,20126,1347,1,345,990,20848.640000000007,74,False,False
180,22,-159.37614157272,40.7497747957342,1.0,CLIENT,7,2,100000,10,12,0,20117,20117,1359,1,347,1009,12509.184000000003,74,False,False
180,23,-473.61329195005123,294.4480547958983,1.0,CLIENT,7,2,100000,14,8,0,20041,20151,1346,1,347,984,8339.456,74,False,False
180,24,315.1084893216317,156.6338947958161,1.0,CLIENT,7,2,100000,10,12,0,20137,20138,1359,1,347,1006,12509.184000000003,74,False,False
180,25,17.10996153760957,-47.304345204214826,1.0,CLIENT,7,2,100000,12,8,0,20114,20114,1362,2,348,1006,8339.456,74,False,False
180,26,79.60885532358725,-289.75930520429046,1.0,CLIENT,7,2,100000,12,20,0,20120,20120,1351,1,345,994,20848.640000000007,74,False,False
180,27,-403.906033988735,-141.59238520424424,1.0,CLIENT,7,2,100000,12,20,0,20156,20159,1350,2,345,992,20848.640000000007,74,False,False
180,28,-477.2570804341894,99.86069479598797,1.0,CLIENT,7,2,100000,17,29,0,20088,20120,1338,1,342,989,30230.528000000013,74,False,False
180,29,-470.603205811103,-450.5053852042164,1.0,CLIENT,7,2,100000,12,28,0,19933,20176,1319,2,343,964,29188.096000000012,74,False,False
180,30,411.5104585699199,323.61389479582243,1.0,CLIENT,7,2,100000,10,29,0,20081,20157,1336,1,342,977,30230.528000000013,74,False,False
180,31,-1.9803216082096904,-62.332545204239125,1.0,CLIENT,7,2,100000,15,24,0,20098,20098,1346,2,343,991,25018.36800000001,74,False,False
180,32,-427.1945951715074,-37.06290520476074,1.0,CLIENT,7,2,100000,12,18,0,20116,20122,1352,1,345,996,18763.776000000005,74,False,False
180,33,-212.13186180259962,237.45221479584131,1.0,CLIENT,7,2,100000,11,16,0,20129,20132,1354,1,346,996,16678.912000000004,74,False,False
180,34,-305.7613832913154,144.50001479560314,1.0,CLIENT,7,2,100000,12,12,0,20115,20119,1357,1,347,1002,12509.184000000003,74,False,False
180,35,425.53112295534595,-128.45662520418784,1.0,CLIENT,7,2,100000,9,12,0,20151,20153,1359,1,347,996,12509.184000000003,74,False,False
180,36,131.73087320771415,-437.4809452046699,1.0,CLIENT,7,2,100000,8,8,0,20165,20168,1361,2,348,995,8339.456,74,False,False
180,37,-10.931367233242556,315.2648947955453,1.0,CLIENT,7,2,100000,14,16,0,20122,20122,1354,2,346,1001,16678.912000000004,74,False,False
180,38,-373.5675342170621,255.70869479562475,1.0,CLIENT,7,2,100000,14,20,0,20095,20121,1345,1,345,991,20848.640000000007,74,False,False
180,39,406.4408398095267,46.42709479563791,1.0,CLIENT,7,2,100000,17,27,0,20113,20116,1344,1,343,984,28145.66400000001,74,False,False
180,40,482.0890572558019,-345.4193052045562,1.0,CLIENT,7,2,100000,13,23,0,20065,20174,1343,1,345,976,23975.93600000001,74,False,False
180,41,33.665435303232236,7.131134795978653,1.0,CLIENT,7,2,100000,12,16,0,20114,20114,1355,1,346,1007,16678.912000000004,74,False,False
180,42,-55.13210580390333,93.18149479544985,1.0,CLIENT,7,2,100000,18,16,0,20080,20080,1354,2,346,1007,16678.912000000004,74,False,False
180,43,99.64969198690989,-421.4508652040112,1.0,CLIENT,7,2,100000,16,25,0,20153,20153,1345,2,343,993,26060.80000000001,74,False,False
180,44,269.2442820947772,375.1550547954136,1.0,CLIENT,7,2,100000,14,22,0,20097,20120,1345,1,344,990,22933.504000000008,74,False,False
180,45,-334.51562720029506,-74.35510520473315,1.0,CLIENT,7,2,100000,18,32,0,20102,20102,1339,1,342,994,33357.824000000015,74,False,False
180,46,-340.0605227200028,-269.2764252045913,1.0,CLIENT,7,2,100000,12,18,0,20157,20160,1352,2,345,1000,18763.776000000005,74,False,False
180,47,4.59434022193907,486.3637347954352,1.0,CLIENT,7,2,100000,15,28,0,20105,20125,1340,1,343,986,29188.096000000012,74,False,False
180,48,-72.08364353534,-397.73970520455293,1.0,CLIENT,7,2,100000,11,24,0,20167,20167,1346,2,344,992,25018.36800000001,74,False,False
180,49,-105.03616548071,382.7248147952852,1.0,CLIENT,7,2,100000,16,27,0,20123,20128,1344,1,343,982,28145.66400000001,74,False,False
180,50,-310.27651250001924,175.22433479554735,1.0,CLIENT,7,2,100000,12,20,0,20116,20121,1350,1,345,1002,20848.640000000007,74,False,False
180,51,53.46863358774186,105.20405479594388,1.0,CLIENT,7,2,100000,12,16,0,20104,20104,1354,2,346,994,16678.912000000004,74,False,False
180,52,177.83271881394452,293.55749479577383,1.0,CLIENT,7,2,100000,8,16,0,20171,20172,1355,1,346,995,16678.912000000004,74,False,False
180,53,-137.4341978738278,279.9764547952597,1.0,CLIENT,7,2,100000,11,12,0,20138,20138,1359,1,347,1008,12509.184000000003,74,False,False
180,54,49.34956834485203,-460.8581452041804,1.0,CLIENT,7,2,100000,10,16,0,20154,20157,1353,2,346,989,16678.912000000004,74,False,False
180,55,-276.7695010029599,411.55669479526154,1.0,CLIENT,7,2,100000,10,21,0,20129,20171,1345,0,345,980,21891.072000000007,74,False,False
180,56,337.0504330205239,-142.37162520464977,1.0,CLIENT,7,2,100000,11,12,0,20146,20147,1358,1,347,999,12509.184000000003,74,False,False
180,57,173.39680239817835,-19.696985204310806,1.0,CLIENT,7,2,100000,11,16,0,20135,20135,1355,1,346,1005,16678.912000000004,74,False,False
180,58,-282.7896732814193,-11.570625204262512,1.0,CLIENT,7,2,100000,11,12,0,20118,20118,1359,1,347,1004,12509.184000000003,74,False,False
180,59,-35.962609864583555,450.9639747954307,1.0,CLIENT,7,2,100000,11,12,0,20144,20159,1357,1,346,995,12509.184000000003,74,False,False
180,60,112.87822844127075,40.30449479527647,1.0,CLIENT,7,2,100000,13,20,0,20120,20120,1351,1,345,1000,20848.640000000007,74,False,False
180,61,64.16236066134329,437.93953479588424,1.0,CLIENT,7,2,100000,14,20,0,20122,20131,1349,2,345,994,20848.640000000007,74,False,False
180,62,-90.69864992240758,74.2570947957708,1.0,CLIENT,7,2,100000,10,8,0,20127,20127,1362,2,348,1008,8339.456,74,False,False
180,63,425.68954854178406,1.0085347956172086,1.0,CLIENT,7,2,100000,14,20,0,20122,20125,1351,1,345,992,20848.640000000007,74,False,False
180,64,5.861744912318789,257.93509479554046,1.0,CLIENT,7,2,100000,10,12,0,20127,20127,1358,2,347,1004,12509.184000000003,74,False,False
180,65,-89.74809640490422,-298.8875452041822,1.0,CLIENT,7,2,100000,16,19,0,20114,20114,1351,2,345,995,19806.208000000006,74,False,False
180,66,56.874783693067,-97.39834520429582,1.0,CLIENT,7,2,100000,16,21,0,20114,20114,1350,1,344,992,21891.072000000007,74,False,False
180,67,-354.71488945061867,252.03513479540788,1.0,CLIENT,7,2,100000,12,6,0,20096,20118,1364,1,348,1011,6254.592,74,False,False
180,68,279.1458812373134,-277.18014520441074,1.0,CLIENT,7,2,100000,10,12,0,20162,20163,1358,2,347,998,12509.184000000003,74,False,False
180,69,430.2046777504879,-56.76654520405435,1.0,CLIENT,7,2,100000,11,26,0,20164,20165,1345,1,344,990,27103.23200000001,74,False,False
180,70,85.62902760204666,185.79973479574022,1.0,CLIENT,7,2,100000,11,8,0,20098,20098,1363,1,348,1005,8339.456,74,False,False
180,71,403.11390249770204,-234.0993052040247,1.0,CLIENT,7,2,100000,9,15,0,20151,20155,1356,1,346,988,15636.480000000005,74,False,False
180,72,198.665683409458,-382.71150520452863,1.0,CLIENT,7,2,100000,10,11,0,20147,20148,1360,1,347,999,11466.752000000002,74,False,False
180,73,-42.45805890179465,295.44993479574174,1.0,CLIENT,7,2,100000,17,20,0,20110,20110,1351,1,345,994,20848.640000000007,74,False,False
180,74,354.4772475112751,205.05809479536708,1.0,CLIENT,7,2,100000,12,22,0,20147,20157,1347,0,344,984,22933.504000000008,74,False,False

181,0,482.00984446286424,-381.82094520440415,1.0,CLIENT,7,2,100000,13,25,0,19562,19935,1313,3,343,955,26060.80000000001,74,False,False
181,1,-467.5139068786542,-424.34518520461353,1.0,CLIENT,7,2,100000,15,29,0,19507,19924,1294,6,342,910,30230.528000000013,74,False,False
181,2,242.15350684199126,502.72777479525075,1.0,CLIENT,7,2,100000,11,16,0,19857,19972,1352,4,346,980,16678.912000000004,74,False,False
181,3,-49.03272073250625,-95.06062520466116,1.0,CLIENT,7,2,100000,12,19,0,19902,19902,1356,5,345,1005,19806.208000000006,74,False,False
181,4,313.0489567001868,2.6783347953562497,1.0,CLIENT,7,2,100000,16,21,0,19907,19907,1355,4,344,996,21891.072000000007,74,False,False
181,5,477.17786408128404,134.25857479535807,1.0,CLIENT,7,2,100000,9,12,0,19920,19954,1362,4,347,996,12509.184000000003,74,False,False
181,6,106.6204177834355,113.55305479543006,1.0,CLIENT,7,2,100000,13,12,0,19896,19896,1364,4,347,1005,12509.184000000003,74,False,False
181,7,-341.1695018239443,269.51237479557676,1.0,CLIENT,7,2,100000,18,35,0,19862,19917,1336,3,341,988,36485.12000000002,74,False,False
181,8,443.75006537716234,-437.9262252043367,1.0,CLIENT,7,2,100000,10,25,0,19578,19940,1309,3,344,944,26060.80000000001,74,False,False
181,9,-281.75990697041544,226.20889479575283,1.0,CLIENT,7,2,100000,16,20,0,19885,19897,1356,3,345,1008,20848.640000000007,74,False,False
181,10,315.1877021145694,10.248094795227871,1.0,CLIENT,7,2,100000,12,16,0,19903,19903,1360,4,346,1000,16678.912000000004,74,False,False
181,11,-83.64871133350714,447.06777479577596,1.0,CLIENT,7,2,100000,14,14,0,19884,19908,1360,3,346,1000,14594.048000000004,74,False,False
181,12,10.456086913960302,-309.0176652047083,1.0,CLIENT,7,2,100000,15,21,0,19904,19904,1355,4,344,995,21891.072000000007,74,False,False
181,13,-20.991391961654124,-255.4727452046393,1.0,CLIENT,7,2,100000,16,16,0,19904,19904,1359,5,346,998,16678.912000000004,74,False,False
181,14,16.397046399482043,337.1949347955456,1.0,CLIENT,7,2,100000,14,11,0,19915,19917,1366,2,347,1003,11466.752000000002,74,False,False
181,15,-472.9795896048614,144.27737479537427,1.0,CLIENT,7,2,100000,9,16,0,19866,19960,1354,4,346,990,16678.912000000004,74,False,False
181,16,442.2450223074068,-132.90942520401927,1.0,CLIENT,7,2,100000,15,23,0,19887,19911,1352,3,344,995,23975.93600000001,74,False,False
181,17,374.99336093391224,-401.4132652047698,1.0,CLIENT,7,2,100000,13,16,0,19756,19935,1352,3,346,980,16678.912000000004,74,False,False
181,18,-271.22460548325216,-108.19638520471756,1.0,CLIENT,7,2,100000,15,20,0,19890,19890,1356,4,345,1002,20848.640000000007,74,False,False
181,19,-465.92965101596104,-440.5979052047101,1.0,CLIENT,7,2,100000,14,21,0,19481,19917,1310,6,344,940,21891.072000000007,74,False,False
181,20,386.08315197276494,-352.98906520442785,1.0,CLIENT,7,2,100000,10,12,0,19820,19935,1355,3,347,993,12509.184000000003,74,False,False
181,21,437.88831868514114,-42.18362520448778,1.0,CLIENT,7,2,100000,16,20,0,19890,19901,1356,3,345,999,20848.640000000007,74,False,False
181,22,-374.6765133210036,-16.13474520460386,1.0,CLIENT,7,2,100000,10,13,0,19907,19913,1363,3,347,1002,13551.616000000004,74,False,False
181,23,490.802464500896,446.39985479588034,1.0,CLIENT,7,2,100000,14,14,0,19667,19913,1321,4,345,950,14594.048000000004,74,False,False
181,24,-452.6219017686625,124.01713479590398,1.0,CLIENT,7,2,100000,10,15,0,19856,19925,1350,3,347,984,15636.480000000005,74,False,False
181,25,386.95449269733064,-304.11958520441914,1.0,CLIENT,7,2,100000,12,16,0,19888,19948,1351,4,346,995,16678.912000000004,74,False,False
181,26,-417.6890599947852,478.57133479533474,1.0,CLIENT,7,2,100000,12,29,0,19188,19880,1276,1,342,918,30230.528000000013,74,False,False
181,27,-133.86962218262732,383.3927347959718,1.0,CLIENT,7,2,100000,12,9,0,19906,19926,1365,3,347,1002,9381.888,74,False,False
181,28,424.1052926790909,484.8052547954151,1.0,CLIENT,7,2,100000,17,42,0,19677,19924,1302,4,338,935,43782.14400000002,74,False,False
181,29,461.33530545378886,228.54661479538748,1.0,CLIENT,7,2,100000,12,26,0,19878,19951,1343,5,343,986,27103.23200000001,74,False,False
181,30,-33.42780048438696,-36.2836652043552,1.0,CLIENT,7,2,100000,10,23,0,19906,19906,1352,5,344,997,23975.93600000001,74,False,False
181,31,195.6555972699469,24.49705479563761,1.0,CLIENT,7,2,100000,15,25,0,19893,19893,1350,5,343,998,26060.80000000001,74,False,False
181,32,180.12988981476528,-312.57990520441524,1.0,CLIENT,7,2,100000,12,20,0,19921,19923,1355,4,345,998,20848.640000000007,74,False,False
181,33,52.99335682899018,463.54313479531044,1.0,CLIENT,7,2,100000,11,20,0,19928,19946,1355,3,345,1001,20848.640000000007,74,False,False
181,34,-393.6083708809476,241.68237479544388,1.0,CLIENT,7,2,100000,12,13,0,19869,19937,1359,3,346,1004,13551.616000000004,74,False,False
181,35,468.9397335949416,-467.0920652042608,1.0,CLIENT,7,2,100000,9,23,0,19372,19910,1306,3,344,936,23975.93600000001,74,False,False
181,36,423.55080312683873,243.57481479541178,1.0,CLIENT,7,2,100000,8,8,0,19915,19951,1363,5,348,1002,8339.456,74,False,False
181,37,-63.29102349674532,42.86485479593097,1.0,CLIENT,7,2,100000,14,12,0,19875,19875,1363,5,347,1010,12509.184000000003,74,False,False
181,38,0.07921101323522382,-405.8660652046012,1.0,CLIENT,7,2,100000,14,20,0,19911,19918,1356,4,345,992,20848.640000000007,74,False,False
181,39,-121.512426453395,172.33001479573602,1.0,CLIENT,7,2,100000,17,20,0,19875,19875,1357,3,345,1007,20848.640000000007,74,False,False
181,40,124.04723227362386,-447.27710520445726,1.0,CLIENT,7,2,100000,13,16,0,19909,19939,1355,4,346,993,16678.912000000004,74,False,False
181,41,108.28388643906639,476.0109747954712,1.0,CLIENT,7,2,100000,12,20,0,19897,19932,1353,3,345,989,20848.640000000007,74,False,False
181,42,-24.95203161866862,-98.62286520436811,1.0,CLIENT,7,2,100000,17,20,0,19886,19886,1355,5,345,1008,20848.640000000007,74,False,False
181,43,-467.5139068786542,378.6059747954016,1.0,CLIENT,7,2,100000,16,22,0,19346,19882,1305,3,343,953,22933.504000000008,74,False,False
181,44,298.0777387972573,-147.158385204429,1.0,CLIENT,7,2,100000,14,17,0,19905,19905,1360,3,345,1010,17721.344000000005,74,False,False
181,45,305.68216693841,58.227014795903074,1.0,CLIENT,7,2,100000,17,32,0,19889,19889,1344,4,342,992,33357.824000000015,74,False,False
181,46,-339.5060331683134,154.85277479556714,1.0,CLIENT,7,2,100000,12,14,0,19932,19937,1363,3,346,1012,14594.048000000004,74,False,False
181,47,133.3943418639079,-92.50026520400667,1.0,CLIENT,7,2,100000,15,20,0,19881,19881,1355,5,345,998,20848.640000000007,74,False,False
181,48,-12.277984716559942,-49.53074520413054,1.0,CLIENT,7,2,100000,11,16,0,19917,19917,1359,5,346,1001,16678.912000000004,74,False,False
181,49,58.06297558994621,-0.5499452044028885,1.0,CLIENT,7,2,100000,16,27,0,19900,19900,1349,4,343,1002,28145.66400000001,74,False,False
181,50,200.01230089277541,170.77153479571592,1.0,CLIENT,7,2,100000,12,20,0,19919,19919,1355,5,345,1001,20848.640000000007,74,False,False
181,51,-305.6029577048772,408.7736947959601,1.0,CLIENT,7,2,100000,12,24,0,19764,19921,1340,2,344,984,25018.36800000001,74,False,False
181,52,293.879460760867,-378.4813452041351,1.0,CLIENT,7,2,100000,8,9,0,19872,19936,1359,4,347,1002,9381.888,74,False,False
181,53,501.6546171609357,-410.98678520432827,1.0,CLIENT,7,2,100000,11,18,0,19397,19914,1318,3,346,950,18763.776000000005,74,False,False
181,54,437.17540354645075,-390.5039052046291,1.0,CLIENT,7,2,100000,10,32,0,19674,19956,1317,3,344,946,33357.824000000015,74,False,False
181,55,464.7414555585512,-208.05042520414077,1.0,CLIENT,7,2,100000,10,13,0,19859,19939,1358,3,346,1002,13551.616000000004,74,False,False
181,56,-153.83124605357511,81.82685479564242,1.0,CLIENT,7,2,100000,10,8,0,19918,19918,1369,3,348,1013,8339.456,74,False,False
181,57,-151.53407505219153,-21.255465204330903,1.0,CLIENT,7,2,100000,11,14,0,19916,19916,1363,3,346,1006,14594.048000000004,74,False,False
181,58,333.72349570869926,-220.7409052045304,1.0,CLIENT,7,2,100000,11,12,0,19909,19923,1362,4,347,1004,12509.184000000003,74,False,False
181,59,-81.50996591856172,-281.855585204471,1.0,CLIENT,7,2,100000,10,11,0,19943,19943,1363,6,347,1008,11466.752000000002,74,False,False
181,60,443.0371502390349,222.6466547952549,1.0,CLIENT,7,2,100000,13,25,0,19870,19925,1348,2,344,986,26060.80000000001,74,False,False
181,61,-392.8162429498824,80.71365479528907,1.0,CLIENT,7,2,100000,14,20,0,19895,19910,1355,3,345,999,20848.640000000007,74,False,False
181,62,342.7537541266698,-343.63818520430726,1.0,CLIENT,7,2,100000,10,8,0,19868,19937,1363,4,348,1004,8339.456,74,False,False
181,63,326.1982803610471,323.2799347958746,1.0,CLIENT,7,2,100000,14,20,0,19896,19929,1350,4,345,996,20848.640000000007,74,False,False
181,64,69.46961780167517,-76.91546520459667,1.0,CLIENT,7,2,100000,10,12,0,19918,19918,1364,4,347,1005,12509.184000000003,74,False,False
181,65,241.67823008323958,306.6932547958302,1.0,CLIENT,7,2,100000,15,24,0,19920,19927,1351,5,344,992,25018.36800000001,74,False,False
181,66,-29.863224793186482,-417.77730520458533,1.0,CLIENT,7,2,100000,15,24,0,19924,19926,1352,4,343,992,25018.36800000001,74,False,False
181,67,-16.71390113232612,-70.57022520400636,1.0,CLIENT,7,2,100000,12,8,0,19910,19910,1367,5,348,1014,8339.456,74,False,False
181,68,39.21033082293996,228.76925479561635,1.0,CLIENT,7,2,100000,10,8,0,19920,19920,1369,3,348,1009,8339.456,74,False,False
181,69,-368.6563410425442,-302.7837452046279,1.0,CLIENT,7,2,100000,11,24,0,19915,19981,1347,6,344,987,25018.36800000001,74,False,False
181,70,-472.90037681192376,403.4303347960042,1.0,CLIENT,7,2,100000,11,17,0,19264,19921,1296,3,344,936,17721.344000000005,74,False,False
181,71,-408.57958878387694,168.2111747958524,1.0,CLIENT,7,2,100000,9,12,0,19904,19936,1361,3,347,997,12509.184000000003,74,False,False
181,72,-270.6701159315628,228.21265479543968,1.0,CLIENT,7,2,100000,10,7,0,19926,19935,1370,3,347,1013,7297.023999999999,74,False,False
181,73,95.13456277820603,-40.84778520469655,1.0,CLIENT,7,2,100000,17,17,0,19877,19877,1357,6,345,1000,17721.344000000005,74,False,False
181,74,3.01008435924584,436.4923747955831,1.0,CLIENT,7,2,100000,12,21,0,19912,19929,1354,2,345,1000,21891.072000000007,74,False,False

182,0,-105.59065503239935,-67.56458520447609,1.0,CLIENT,7,2,100000,13,12,0,20223,20223,1361,8,353,994,12509.184000000003,74,False,False
182,1,-136.00836759757274,-147.49234520437682,1.0,CLIENT,7,2,100000,15,16,0,20227,20227,1359,6,352,1005,16678.912000000004,74,False,False
182,2,-425.8479776881901,-378.9266252045928,1.0,CLIENT,7,2,100000,11,16,0,20167,20299,1349,9,352,981,16678.912000000004,74,False,False
182,3,92.12447663925775,465.21293479584045,1.0,CLIENT,7,2,100000,12,28,0,20255,20270,1346,5,349,982,29188.096000000012,74,False,False
182,4,-394.16286043319974,34.96113479532056,1.0,CLIENT,7,2,100000,16,28,0,20245,20248,1345,6,349,993,29188.096000000012,74,False,False
182,5,138.86002459011513,-154.83946520401958,1.0,CLIENT,7,2,100000,9,11,0,20236,20236,1365,5,353,1003,11466.752000000002,74,False,False
182,6,226.31094821449614,-361.11542520447614,1.0,CLIENT,7,2,100000,13,21,0,20261,20267,1354,6,350,987,21891.072000000007,74,False,False
182,7,23.684623368321173,338.8647347952846,1.0,CLIENT,7,2,100000,18,28,0,20216,20217,1347,5,349,995,29188.096000000012,74,False,False
182,8,-277.0071393823357,79.71177479544565,1.0,CLIENT,7,2,100000,10,13,0,20230,20232,1363,4,353,1001,13551.616000000004,74,False,False
182,9,-128.0078754906061,-244.1181052040409,1.0,CLIENT,7,2,100000,16,24,0,20246,20246,1350,7,350,995,25018.36800000001,74,False,False
182,10,130.06740455208327,365.4702147953452,1.0,CLIENT,7,2,100000,12,20,0,20241,20245,1356,5,351,995,20848.640000000007,74,False,False
182,11,94.4216476400785,-324.6024652041183,1.0,CLIENT,7,2,100000,14,11,0,20218,20218,1364,6,353,1009,11466.752000000002,74,False,False
182,12,-451.0376459059692,-431.91494520448515,1.0,CLIENT,7,2,100000,15,33,0,20006,20280,1321,9,348,958,34400.256000000016,74,False,False
182,13,-344.2588007563931,-204.154225204486,1.0,CLIENT,7,2,100000,17,17,0,20232,20232,1356,8,351,1002,17721.344000000005,74,False,False
182,14,247.77761515463666,455.3054547955432,1.0,CLIENT,7,2,100000,14,21,0,20204,20268,1350,6,350,983,21891.072000000007,74,False,False
182,15,-190.50676927602092,418.90381479569527,1.0,CLIENT,7,2,100000,9,8,0,20198,20241,1364,6,354,1004,8339.456,74,False,False
182,16,251.97589319102698,-249.2388252045589,1.0,CLIENT,7,2,100000,15,22,0,20229,20229,1353,6,350,992,22933.504000000008,74,False,False
182,17,-158.50480084871714,-340.18726520431926,1.0,CLIENT,7,2,100000,13,12,0,20246,20249,1364,5,353,1001,12509.184000000003,74,False,False
182,18,346.39754261080793,-116.7680252044326,1.0,CLIENT,7,2,100000,15,27,0,20240,20242,1347,6,349,985,28145.66400000001,74,False,False
182,19,-252.1343223374329,189.4732947959571,1.0,CLIENT,7,2,100000,14,16,0,20236,20238,1360,5,352,1006,16678.912000000004,74,False,False
182,20,425.2142717830325,-155.95266520437292,1.0,CLIENT,7,2,100000,10,12,0,20247,20264,1362,5,353,998,12509.184000000003,74,False,False
182,21,-440.81919559111947,-303.3403452040136,1.0,CLIENT,7,2,100000,17,25,0,20179,20271,1333,8,350,973,26060.80000000001,74,False,False
182,22,-42.45805890179465,-151.61118520426044,1.0,CLIENT,7,2,100000,10,12,0,20236,20236,1361,8,353,1004,12509.184000000003,74,False,False
182,23,-122.06691600508434,376.15693479525703,1.0,CLIENT,7,2,100000,14,8,0,20234,20243,1366,6,354,1000,8339.456,74,False,False
182,24,-73.82632498447141,309.1422947959748,1.0,CLIENT,7,2,100000,10,12,0,20240,20242,1363,6,353,1004,12509.184000000003,74,False,False
182,25,-406.2824177830563,-148.3829052045013,1.0,CLIENT,7,2,100000,12,16,0,20255,20261,1358,7,352,995,16678.912000000004,74,False,False
182,26,486.68339925800626,74.5910547957186,1.0,CLIENT,7,2,100000,12,24,0,20246,20264,1350,5,350,990,25018.36800000001,74,False,False
182,27,8.95104384476758,129.3604947958599,1.0,CLIENT,7,2,100000,12,9,0,20239,20239,1366,6,354,1001,9381.888,74,False,False
182,28,-166.50529295512095,26.723454795553323,1.0,CLIENT,7,2,100000,17,23,0,20205,20205,1353,5,350,999,23975.93600000001,74,False,False
182,29,-168.72325116300405,309.1422947959748,1.0,CLIENT,7,2,100000,12,12,0,20213,20216,1363,6,353,1000,12509.184000000003,74,False,False
182,30,-317.4056638824202,470.55629479579636,1.0,CLIENT,7,2,100000,10,29,0,19955,20247,1306,4,349,938,30230.528000000013,74,False,False
182,31,261.8774923330004,-450.39406520449745,1.0,CLIENT,7,2,100000,15,33,0,20205,20278,1334,4,347,982,34400.256000000016,74,False,False
182,32,-40.4777390732874,-243.00490520447852,1.0,CLIENT,7,2,100000,12,18,0,20256,20256,1357,6,351,996,18763.776000000005,74,False,False
182,33,1.9011052553042957,214.29765479576872,1.0,CLIENT,7,2,100000,11,16,0,20237,20237,1360,5,352,1005,16678.912000000004,74,False,False
182,34,286.27503261971435,125.35297479569522,1.0,CLIENT,7,2,100000,12,12,0,20230,20230,1362,7,353,1005,12509.184000000003,74,False,False
182,35,-412.54022844089155,451.96585479527414,1.0,CLIENT,7,2,100000,9,21,0,19831,20252,1307,4,350,945,21891.072000000007,74,False,False
182,36,354.79409868358863,-491.8051052043535,1.0,CLIENT,7,2,100000,8,14,0,20019,20297,1334,6,353,963,14594.048000000004,74,False,False
182,37,364.53727223968673,-392.396345204597,1.0,CLIENT,7,2,100000,14,16,0,20157,20254,1354,5,352,985,16678.912000000004,74,False,False
182,38,334.83247481264084,481.0203747954793,1.0,CLIENT,7,2,100000,14,24,0,20074,20253,1333,7,350,970,25018.36800000001,74,False,False
182,39,-443.35400497131604,333.5213747953287,1.0,CLIENT,7,2,100000,17,28,0,20010,20233,1325,4,348,960,29188.096000000012,74,False,False
182,40,289.44354434510086,-497.25978520402833,1.0,CLIENT,7,2,100000,13,16,0,20080,20264,1345,6,351,986,16678.912000000004,74,False,False
182,41,-84.44083926457233,314.7082947953686,1.0,CLIENT,7,2,100000,12,17,0,20239,20239,1359,5,351,1004,17721.344000000005,74,False,False
182,42,-333.80271206216753,-32.38746520470045,1.0,CLIENT,7,2,100000,18,22,0,20223,20223,1354,5,350,992,22933.504000000008,74,False,False
182,43,349.8829055090708,-227.3087852045586,1.0,CLIENT,7,2,100000,16,19,0,20232,20238,1355,6,350,995,19806.208000000006,74,False,False
182,44,-34.37835400189033,-403.3057052047377,1.0,CLIENT,7,2,100000,14,24,0,20238,20241,1351,6,350,989,25018.36800000001,74,False,False
182,45,227.57835290431302,-394.4001052042839,1.0,CLIENT,7,2,100000,18,36,0,20205,20223,1336,6,347,986,37527.55200000002,74,False,False
182,46,-305.84059608425304,-414.99430520449295,1.0,CLIENT,7,2,100000,12,19,0,20196,20265,1352,7,352,983,19806.208000000006,74,False,False
182,47,435.67036047725804,-444.71674520459374,1.0,CLIENT,7,2,100000,15,38,0,19910,20236,1310,5,346,942,39612.41600000002,74,False,False
182,48,-460.9392450479426,284.9858547952678,1.0,CLIENT,7,2,100000,11,21,0,20112,20265,1341,5,351,976,21891.072000000007,74,False,False
182,49,16.555471985920217,-108.41902520415545,1.0,CLIENT,7,2,100000,16,24,0,20217,20217,1350,7,349,1000,25018.36800000001,74,False,False
182,50,-305.3653193255014,78.82121479532117,1.0,CLIENT,7,2,100000,12,18,0,20219,20220,1358,5,351,999,18763.776000000005,74,False,False
182,51,-244.05461743696574,-462.5279452047104,1.0,CLIENT,7,2,100000,12,24,0,20205,20262,1342,7,350,977,25018.36800000001,74,False,False
182,52,231.85584373364102,74.14577479526088,1.0,CLIENT,7,2,100000,8,8,0,20251,20251,1366,7,354,1000,8339.456,74,False,False
182,53,61.548338488209026,-202.48442520474697,1.0,CLIENT,7,2,100000,11,15,0,20254,20254,1360,6,352,1000,15636.480000000005,74,False,False
182,54,271.3830275097226,227.54473479554406,1.0,CLIENT,7,2,100000,10,17,0,20259,20261,1357,7,352,989,17721.344000000005,74,False,False
182,55,-427.9867231025726,182.46013479547116,1.0,CLIENT,7,2,100000,10,14,0,20217,20263,1359,4,352,994,14594.048000000004,74,False,False
182,56,83.5694949800389,-475.77502520448576,1.0,CLIENT,7,2,100000,11,12,0,20222,20249,1359,6,353,1000,12509.184000000003,74,False,False
182,57,145.9099631795784,351.88917479562207,1.0,CLIENT,7,2,100000,11,21,0,20262,20263,1355,5,351,988,21891.072000000007,74,False,False
182,58,277.64083816755783,171.43945479561154,1.0,CLIENT,7,2,100000,11,12,0,20241,20241,1361,8,353,1002,12509.184000000003,74,False,False
182,59,372.7754027260292,398.3096147954862,1.0,CLIENT,7,2,100000,10,8,0,20156,20256,1356,6,354,984,8339.456,74,False,False
182,60,-271.7790950355043,466.5487747956317,1.0,CLIENT,7,2,100000,13,24,0,20044,20245,1333,5,350,968,25018.36800000001,74,False,False
182,61,-90.06494757778056,212.40521479580082,1.0,CLIENT,7,2,100000,14,20,0,20240,20240,1355,6,351,996,20848.640000000007,74,False,False
182,62,315.90061725269686,38.63469479553743,1.0,CLIENT,7,2,100000,10,8,0,20239,20239,1366,7,354,1000,8339.456,74,False,False
182,63,465.05830673142754,-481.2297052041606,1.0,CLIENT,7,2,100000,14,28,0,19699,20226,1300,5,347,934,29188.096000000012,74,False,False
182,64,369.13161424132824,479.6845347956881,1.0,CLIENT,7,2,100000,10,23,0,20050,20289,1326,5,351,952,23975.93600000001,74,False,False
182,65,131.81008600121467,383.7266947959196,1.0,CLIENT,7,2,100000,16,18,0,20221,20224,1357,5,351,996,18763.776000000005,74,False,False
182,66,-481.21772009120394,140.49249479543846,1.0,CLIENT,7,2,100000,16,23,0,20168,20231,1347,5,350,978,23975.93600000001,74,False,False
182,67,-254.58991892469183,40.7497747957342,1.0,CLIENT,7,2,100000,12,8,0,20248,20248,1368,5,353,1012,8339.456,74,False,False
182,68,281.9975417898235,-195.0259852045943,1.0,CLIENT,7,2,100000,10,5,0,20216,20216,1371,5,355,998,5212.16,74,False,False
182,69,423.6300159203392,-9.455545204065743,1.0,CLIENT,7,2,100000,11,20,0,20242,20245,1355,6,351,991,20848.640000000007,74,False,False
182,70,126.18597768800645,368.3645347959475,1.0,CLIENT,7,2,100000,11,16,0,20263,20267,1358,5,352,992,16678.912000000004,74,False,False
182,71,-308.692256637326,322.5006947954691,1.0,CLIENT,7,2,100000,9,13,0,20212,20266,1352,6,352,993,13551.616000000004,74,False,False
182,72,54.10233593293172,321.49881479562566,1.0,CLIENT,7,2,100000,10,6,0,20243,20243,1370,5,354,1004,6254.592,74,False,False
182,73,-29.54637362031013,-18.806425204186326,1.0,CLIENT,7,2,100000,17,17,0,20206,20206,1355,9,351,1003,17721.344000000005,74,False,False
182,74,80.08413208233894,-205.82402520422505,1.0,CLIENT,7,2,100000,12,20,0,20249,20249,1355,6,351,996,20848.640000000007,74,False,False

183,0,-90.30258595715641,-104.18886520455288,1.0,CLIENT,7,2,100000,13,12,0,20099,20099,1369,5,354,1015,12509.184000000003,74,False,False
183,1,199.6162369269614,-18.361145204519573,1.0,CLIENT,7,2,100000,15,11,0,20079,20079,1369,6,354,1013,11466.752000000002,74,False,False
183,2,60.59778497014282,79.6004547957267,1.0,CLIENT,7,2,100000,11,5,0,20128,20128,1376,5,355,1017,5212.16,74,False,False
183,3,406.5992653954021,-375.9209852042716,1.0,CLIENT,7,2,100000,12,25,0,20052,20121,1345,6,350,992,26060.80000000001,74,False,False
183,4,-468.5436731890952,-182.78078520466238,1.0,CLIENT,7,2,100000,16,25,0,20064,20130,1354,4,350,997,26060.80000000001,74,False,False
183,5,439.3141489613962,461.76201479585245,1.0,CLIENT,7,2,100000,9,21,0,19640,20115,1320,3,352,947,21891.072000000007,74,False,False
183,6,453.9685156920121,152.62637479565143,1.0,CLIENT,7,2,100000,13,20,0,20084,20134,1360,4,352,994,20848.640000000007,74,False,False
183,7,-127.77023711123024,-318.9251452042146,1.0,CLIENT,7,2,100000,18,23,0,20078,20079,1359,4,351,1006,23975.93600000001,74,False,False
183,8,-348.0610148269694,-215.7315052045223,1.0,CLIENT,7,2,100000,10,12,0,20093,20107,1370,4,354,1012,12509.184000000003,74,False,False
183,9,122.70061479030647,-487.68626520446986,1.0,CLIENT,7,2,100000,16,24,0,20091,20126,1354,4,351,990,25018.36800000001,74,False,False
183,10,250.31242453483327,-282.6348252040856,1.0,CLIENT,7,2,100000,12,16,0,20109,20111,1364,6,353,1010,16678.912000000004,74,False,False
183,11,-172.36703964770504,441.835734795539,1.0,CLIENT,7,2,100000,14,20,0,20083,20130,1360,2,352,992,20848.640000000007,74,False,False
183,12,433.3731894758745,-393.9548252046171,1.0,CLIENT,7,2,100000,15,28,0,20004,20112,1344,6,350,991,29188.096000000012,74,False,False
183,13,260.13481088386897,-125.45098520465757,1.0,CLIENT,7,2,100000,16,12,0,20074,20074,1369,5,354,1013,12509.184000000003,74,False,False
183,14,-236.68782767518894,458.19977479535453,1.0,CLIENT,7,2,100000,14,22,0,20012,20130,1353,3,352,984,22933.504000000008,74,False,False
183,15,86.89643229186353,187.0242547958125,1.0,CLIENT,7,2,100000,9,13,0,20135,20135,1369,4,353,1015,13551.616000000004,74,False,False
183,16,119.9281670301712,150.73393479568352,1.0,CLIENT,7,2,100000,15,21,0,20108,20108,1362,3,351,1010,21891.072000000007,74,False,False
183,17,230.2715878709478,-245.4539452046231,1.0,CLIENT,7,2,100000,13,8,0,20105,20105,1373,5,355,1015,8339.456,74,False,False
183,18,173.31758960524067,-29.93842520455587,1.0,CLIENT,7,2,100000,15,23,0,20099,20099,1358,5,351,1007,23975.93600000001,74,False,False
183,19,215.6172211408947,-103.96622520432402,1.0,CLIENT,7,2,100000,13,12,0,20095,20095,1369,5,354,1011,12509.184000000003,74,False,False
183,20,322.23764070403263,268.1765347957855,1.0,CLIENT,7,2,100000,10,12,0,20106,20138,1368,4,354,1004,12509.184000000003,74,False,False
183,21,-394.2420732261374,124.90769479523749,1.0,CLIENT,7,2,100000,17,21,0,20122,20129,1361,4,351,993,21891.072000000007,74,False,False
183,22,371.74563641502533,465.3242547955594,1.0,CLIENT,7,2,100000,10,12,0,19838,20150,1343,4,353,972,12509.184000000003,74,False,False
183,23,35.249691166488304,363.0211747959916,1.0,CLIENT,7,2,100000,14,5,0,20109,20112,1378,3,355,1018,5212.16,74,False,False
183,24,430.4423161298638,375.04373479569466,1.0,CLIENT,7,2,100000,10,12,0,19886,20154,1349,2,353,976,12509.184000000003,74,False,False
183,25,399.5493268065016,-413.9924252046495,1.0,CLIENT,7,2,100000,12,12,0,20002,20116,1360,5,354,986,12509.184000000003,74,False,False
183,26,2.3763820140559804,112.7738147958155,1.0,CLIENT,7,2,100000,12,20,0,20098,20098,1362,4,352,1009,20848.640000000007,74,False,False
183,27,-125.7107044892225,435.37917479522974,1.0,CLIENT,7,2,100000,12,18,0,20121,20142,1365,3,352,1006,18763.776000000005,74,False,False
183,28,69.86568176748919,-79.809785204408,1.0,CLIENT,7,2,100000,17,28,0,20090,20090,1352,6,350,1002,29188.096000000012,74,False,False
183,29,-82.38130664312742,-435.1432252042443,1.0,CLIENT,7,2,100000,12,20,0,20110,20123,1362,4,352,1010,20848.640000000007,74,False,False
183,30,-33.982290036076314,-497.1484652043094,1.0,CLIENT,7,2,100000,10,32,0,20117,20154,1347,4,349,992,33357.824000000015,74,False,False
183,31,-283.42337562660913,-93.61346520436001,1.0,CLIENT,7,2,100000,15,24,0,20096,20097,1358,4,350,1002,25018.36800000001,74,False,False
183,32,268.05609019789796,-195.24862520403218,1.0,CLIENT,7,2,100000,12,18,0,20107,20107,1363,5,352,1009,18763.776000000005,74,False,False
183,33,192.48708554456044,176.22621479539077,1.0,CLIENT,7,2,100000,11,16,0,20122,20122,1367,3,353,1009,16678.912000000004,74,False,False
183,34,-487.7923819219155,-502.4918252042653,1.0,CLIENT,7,2,100000,12,20,0,19297,20072,1300,4,352,935,20848.640000000007,74,False,False
183,35,-379.4292809096462,289.9952547952759,1.0,CLIENT,7,2,100000,9,20,0,20104,20162,1355,4,352,984,20848.640000000007,74,False,False
183,36,316.4551068049491,442.5036547954346,1.0,CLIENT,7,2,100000,8,8,0,19956,20152,1356,3,355,985,8339.456,74,False,False
183,37,-424.026083446121,353.11369479569436,1.0,CLIENT,7,2,100000,14,26,0,19945,20156,1346,3,351,968,27103.23200000001,74,False,False
183,38,-357.2496988308153,37.41017479546514,1.0,CLIENT,7,2,100000,14,18,0,20109,20109,1365,3,352,1002,18763.776000000005,74,False,False
183,39,-174.42657226914994,-362.8965452047251,1.0,CLIENT,7,2,100000,17,26,0,20091,20102,1356,3,350,1003,27103.23200000001,74,False,False
183,40,-282.23518372972995,-234.76722520471128,1.0,CLIENT,7,2,100000,13,16,0,20133,20139,1364,3,353,1003,16678.912000000004,74,False,False
183,41,121.03714613411275,-389.7246652042236,1.0,CLIENT,7,2,100000,12,16,0,20095,20096,1366,4,353,1006,16678.912000000004,74,False,False
183,42,-20.59532799584011,-434.3639852046297,1.0,CLIENT,7,2,100000,18,24,0,20107,20114,1357,4,351,1005,25018.36800000001,74,False,False
183,43,265.7589191970772,78.82121479532117,1.0,CLIENT,7,2,100000,16,21,0,20112,20112,1360,5,351,1001,21891.072000000007,74,False,False
183,44,36.67552144274336,66.35337479595137,1.0,CLIENT,7,2,100000,14,20,0,20108,20108,1361,5,352,1002,20848.640000000007,74,False,False
183,45,189.47699940504933,314.8196147958785,1.0,CLIENT,7,2,100000,17,36,0,20090,20105,1347,3,348,995,37527.55200000002,74,False,False
183,46,-167.13899530031082,11.806574795247968,1.0,CLIENT,7,2,100000,12,9,0,20088,20088,1373,4,354,1019,9381.888,74,False,False
183,47,-169.8322302669456,-325.6043452047527,1.0,CLIENT,7,2,100000,15,27,0,20105,20109,1355,4,350,996,28145.66400000001,74,False,False
183,48,-217.35990614999383,84.38721479550594,1.0,CLIENT,7,2,100000,11,20,0,20143,20144,1361,4,352,1000,20848.640000000007,74,False,False
183,49,-192.0118123457765,-112.64918520454898,1.0,CLIENT,7,2,100000,16,25,0,20091,20091,1356,5,350,1000,26060.80000000001,74,False,False
183,50,261.32300278131106,-332.28354520449983,1.0,CLIENT,7,2,100000,12,20,0,20092,20098,1358,5,352,999,20848.640000000007,74,False,False
183,51,-86.57958467951775,209.06561479553176,1.0,CLIENT,7,2,100000,11,20,0,20112,20112,1362,4,352,1010,20848.640000000007,74,False,False
183,52,67.41008518023025,171.8847347952783,1.0,CLIENT,7,2,100000,8,9,0,20136,20136,1372,5,354,1014,9381.888,74,False,False
183,53,158.9800740475011,-273.9518652046516,1.0,CLIENT,7,2,100000,11,12,0,20120,20120,1369,5,354,1014,12509.184000000003,74,False,False
183,54,425.13505898953196,438.27349479583205,1.0,CLIENT,7,2,100000,10,24,0,19730,20109,1326,3,352,958,25018.36800000001,74,False,False
183,55,-54.102339492899446,-314.13838520443534,1.0,CLIENT,7,2,100000,10,15,0,20129,20129,1367,4,353,1012,15636.480000000005,74,False,False
183,56,366.5968048611316,-479.3372652041927,1.0,CLIENT,7,2,100000,11,16,0,19970,20133,1354,4,353,995,16678.912000000004,74,False,False
183,57,106.22435381762148,-354.3249052042191,1.0,CLIENT,7,2,100000,11,13,0,20117,20117,1369,4,353,1012,13551.616000000004,74,False,False
183,58,338.4762632973418,-13.240425204001554,1.0,CLIENT,7,2,100000,11,16,0,20130,20130,1365,5,353,998,16678.912000000004,74,False,False
183,59,480.42558859960815,-158.17906520428863,1.0,CLIENT,7,2,100000,10,8,0,20096,20128,1370,4,355,1002,8339.456,74,False,False
183,60,301.5631016949573,-453.84498520448545,1.0,CLIENT,7,2,100000,13,24,0,20070,20137,1349,4,351,980,25018.36800000001,74,False,False
183,61,-303.5434250834323,497.8296947957526,1.0,CLIENT,7,2,100000,14,30,0,19803,20152,1320,4,348,951,31272.960000000014,74,False,False
183,62,461.57294383316474,311.8139747955573,1.0,CLIENT,7,2,100000,10,14,0,19918,20144,1350,3,353,978,14594.048000000004,74,False,False
183,63,118.89840071973016,477.12417479582456,1.0,CLIENT,7,2,100000,14,26,0,20076,20144,1354,2,350,989,27103.23200000001,74,False,False
183,64,424.0260798855904,132.70009479533798,1.0,CLIENT,7,2,100000,10,20,0,20114,20145,1363,3,352,1005,20848.640000000007,74,False,False
183,65,457.5330913832126,-345.9759052047329,1.0,CLIENT,7,2,100000,16,28,0,20043,20141,1348,5,350,989,29188.096000000012,74,False,False
183,66,267.8976646114598,-434.69794520457754,1.0,CLIENT,7,2,100000,15,18,0,20045,20087,1361,4,352,996,18763.776000000005,74,False,False
183,67,-399.47011757296883,-487.35230520452205,1.0,CLIENT,7,2,100000,12,14,0,19628,20103,1335,4,353,967,14594.048000000004,74,False,False
183,68,-484.06938064427686,219.1957347952669,1.0,CLIENT,7,2,100000,10,12,0,20061,20171,1365,4,354,1001,12509.184000000003,74,False,False
183,69,85.62902760204666,-495.2560252043415,1.0,CLIENT,7,2,100000,11,20,0,20084,20111,1361,4,352,1004,20848.640000000007,74,False,False
183,70,-153.19754370838527,372.14941479588333,1.0,CLIENT,7,2,100000,11,16,0,20129,20140,1366,3,353,1008,16678.912000000004,74,False,False
183,71,-371.03272483686544,-479.6712252041405,1.0,CLIENT,7,2,100000,9,16,0,19778,20129,1335,3,353,979,16678.912000000004,74,False,False
183,72,-475.51439898562086,-304.6761852045958,1.0,CLIENT,7,2,100000,10,16,0,19917,20147,1348,4,353,987,16678.912000000004,74,False,False
183,73,-49.34957190481976,271.1821747953158,1.0,CLIENT,7,2,100000,17,24,0,20107,20107,1358,4,351,1006,25018.36800000001,74,False,False
183,74,374.8349353474741,-416.7754252047419,1.0,CLIENT,7,2,100000,12,21,0,20047,20138,1349,6,352,981,21891.072000000007,74,False,False

184,0,337.5257097792756,-138.6980652044329,1.0,CLIENT,7,2,100000,13,17,0,20330,20331,1362,5,348,1007,17721.344000000005,74,False,False
184,1,220.52841431541256,135.14913479548255,1.0,CLIENT,7,2,100000,15,17,0,20315,20315,1363,4,348,1000,17721.344000000005,74,False,False
184,2,-212.21107459610013,469.3317747957241,1.0,CLIENT,7,2,100000,11,11,0,20331,20351,1369,3,350,1006,11466.752000000002,74,False,False
184,3,25.744155989766085,-68.12118520465276,1.0,CLIENT,7,2,100000,12,22,0,20320,20320,1356,6,347,1001,22933.504000000008,74,False,False
184,4,-101.78844096182303,-456.96194520452565,1.0,CLIENT,7,2,100000,16,24,0,20270,20309,1354,3,347,998,25018.36800000001,74,False,False
184,5,162.14858577288757,183.7959747952624,1.0,CLIENT,7,2,100000,9,11,0,20319,20319,1370,3,350,1015,11466.752000000002,74,False,False
184,6,-200.5667940044325,108.98893479587969,1.0,CLIENT,7,2,100000,13,12,0,20309,20309,1368,4,350,1016,12509.184000000003,74,False,False
184,7,118.2646983745403,18.040494795328357,1.0,CLIENT,7,2,100000,18,21,0,20284,20284,1358,5,347,1006,21891.072000000007,74,False,False
184,8,64.71685021359548,-460.6355052047425,1.0,CLIENT,7,2,100000,10,21,0,20329,20350,1358,3,348,991,21891.072000000007,74,False,False
184,9,-377.84502504639016,-433.0281452040475,1.0,CLIENT,7,2,100000,16,25,0,20169,20320,1330,2,346,958,26060.80000000001,74,False,False
184,10,15.763344054292183,19.1536947956817,1.0,CLIENT,7,2,100000,12,16,0,20306,20306,1362,6,349,1011,16678.912000000004,74,False,False
184,11,-405.094225886177,437.93953479588424,1.0,CLIENT,7,2,100000,14,24,0,20287,20365,1347,5,347,973,25018.36800000001,74,False,False
184,12,251.0253396729608,-462.4166252042005,1.0,CLIENT,7,2,100000,15,29,0,20214,20334,1336,2,346,978,30230.528000000013,74,False,False
184,13,384.89496007588565,64.46093479598346,1.0,CLIENT,7,2,100000,17,17,0,20314,20314,1364,3,348,1011,17721.344000000005,74,False,False
184,14,46.18105661946557,95.85317479582329,1.0,CLIENT,7,2,100000,14,9,0,20300,20300,1370,5,350,1008,9381.888,74,False,False
184,15,2.5348076004941555,-146.93574520420015,1.0,CLIENT,7,2,100000,9,8,0,20325,20325,1373,3,351,1016,8339.456,74,False,False
184,16,195.02189492475705,-8.564985204732238,1.0,CLIENT,7,2,100000,15,20,0,20309,20309,1359,5,348,1008,20848.640000000007,74,False,False
184,17,-394.2420732261374,471.0015747954631,1.0,CLIENT,7,2,100000,13,20,0,20264,20387,1347,4,348,973,20848.640000000007,74,False,False
184,18,447.31464106836285,-217.73526520420916,1.0,CLIENT,7,2,100000,15,28,0,20292,20338,1345,5,346,995,29188.096000000012,74,False,False
184,19,-253.24330144137446,-250.797305204579,1.0,CLIENT,7,2,100000,14,16,0,20302,20310,1362,4,349,1010,16678.912000000004,74,False,False
184,20,-383.54834615253594,-437.0356652042122,1.0,CLIENT,7,2,100000,10,23,0,20191,20358,1338,1,349,963,23975.93600000001,74,False,False
184,21,-160.16826950434805,-317.7006252041423,1.0,CLIENT,7,2,100000,17,20,0,20294,20300,1358,3,348,1007,20848.640000000007,74,False,False
184,22,-401.6880757808519,379.4965347955261,1.0,CLIENT,7,2,100000,10,12,0,20333,20367,1364,5,350,998,12509.184000000003,74,False,False
184,23,231.38056697488932,-284.41594520433455,1.0,CLIENT,7,2,100000,14,6,0,20314,20318,1373,5,351,1014,6254.592,74,False,False
184,24,-470.3655674317272,373.15129479572676,1.0,CLIENT,7,2,100000,10,25,0,20296,20369,1351,3,350,983,26060.80000000001,74,False,False
184,25,-416.7385064772818,147.8396147958722,1.0,CLIENT,7,2,100000,12,16,0,20340,20341,1365,3,349,1010,16678.912000000004,74,False,False
184,26,-2.5348111604618833,41.52901479534876,1.0,CLIENT,7,2,100000,12,20,0,20312,20312,1358,6,348,1003,20848.640000000007,74,False,False
184,27,-50.458551008761305,-118.3265052044527,1.0,CLIENT,7,2,100000,12,8,0,20325,20325,1373,3,351,1016,8339.456,74,False,False
184,28,-205.95326393770205,1.1198547953361526,1.0,CLIENT,7,2,100000,17,24,0,20289,20289,1356,4,347,1008,25018.36800000001,74,False,False
184,29,2.217956427617805,487.2542947955597,1.0,CLIENT,7,2,100000,12,24,0,20327,20341,1355,3,347,993,25018.36800000001,74,False,False
184,30,294.3547375196187,306.6932547958302,1.0,CLIENT,7,2,100000,10,28,0,20343,20349,1352,4,346,994,29188.096000000012,74,False,False
184,31,361.13112213436153,445.8432547957037,1.0,CLIENT,7,2,100000,15,33,0,20142,20355,1327,4,344,976,34400.256000000016,74,False,False
184,32,-430.28389410395624,120.12093479545825,1.0,CLIENT,7,2,100000,12,22,0,20346,20348,1359,3,347,993,22933.504000000008,74,False,False
184,33,-312.4152579149646,-151.38854520403157,1.0,CLIENT,7,2,100000,11,12,0,20305,20310,1368,4,350,1014,12509.184000000003,74,False,False
184,34,280.888562685882,-341.1891452041627,1.0,CLIENT,7,2,100000,12,14,0,20318,20340,1364,4,349,1003,14594.048000000004,74,False,False
184,35,-122.146128798022,429.2565747956593,1.0,CLIENT,7,2,100000,9,15,0,20355,20356,1365,4,349,1002,15636.480000000005,74,False,False
184,36,196.36851240807442,31.398894795613614,1.0,CLIENT,7,2,100000,8,8,0,20336,20336,1371,5,351,1019,8339.456,74,False,False
184,37,-214.42903280342037,70.24957479560612,1.0,CLIENT,7,2,100000,14,16,0,20322,20322,1365,3,349,1008,16678.912000000004,74,False,False
184,38,-356.85363486500125,-429.5772252040595,1.0,CLIENT,7,2,100000,14,28,0,20202,20351,1334,3,346,975,29188.096000000012,74,False,False
184,39,323.82189656672585,-280.5197452046798,1.0,CLIENT,7,2,100000,17,30,0,20303,20322,1350,5,345,994,31272.960000000014,74,False,False
184,40,167.6934812925953,-169.53370520409607,1.0,CLIENT,7,2,100000,13,16,0,20322,20322,1364,4,349,1007,16678.912000000004,74,False,False
184,41,-108.28388999903412,106.87385479568292,1.0,CLIENT,7,2,100000,12,19,0,20327,20327,1360,5,348,1007,19806.208000000006,74,False,False
184,42,-245.00517095503196,435.2678547955108,1.0,CLIENT,7,2,100000,18,24,0,20304,20311,1355,5,347,995,25018.36800000001,74,False,False
184,43,-241.59902084970682,-495.2560252043415,1.0,CLIENT,7,2,100000,16,17,0,20187,20308,1346,2,348,993,17721.344000000005,74,False,False
184,44,181.397294505145,-442.3790252041681,1.0,CLIENT,7,2,100000,14,31,0,20292,20335,1348,3,345,994,32315.392000000014,74,False,False
184,45,444.22534213591405,4.904734795271963,1.0,CLIENT,7,2,100000,18,36,0,20319,20324,1344,3,344,983,37527.55200000002,74,False,False
184,46,-79.29200771067863,-117.76990520427603,1.0,CLIENT,7,2,100000,12,12,0,20327,20327,1369,3,350,1007,12509.184000000003,74,False,False
184,47,288.73062920697333,342.2043347955537,1.0,CLIENT,7,2,100000,15,32,0,20312,20327,1345,4,345,990,33357.824000000015,74,False,False
184,48,-2.376385574023708,413.56045479573936,1.0,CLIENT,7,2,100000,11,16,0,20321,20323,1364,3,349,1011,16678.912000000004,74,False,False
184,49,161.99016018644937,489.36937479575647,1.0,CLIENT,7,2,100000,17,32,0,20280,20339,1343,3,344,986,33357.824000000015,74,False,False
184,50,344.4172227823007,16.370694795589316,1.0,CLIENT,7,2,100000,12,20,0,20336,20336,1361,3,348,1005,20848.640000000007,74,False,False
184,51,45.943418240089734,-337.4042652042269,1.0,CLIENT,7,2,100000,12,22,0,20329,20329,1359,3,347,1006,22933.504000000008,74,False,False
184,52,59.25116748682543,374.9324147959757,1.0,CLIENT,7,2,100000,8,8,0,20337,20340,1372,3,351,1006,8339.456,74,False,False
184,53,-285.8789722138681,386.0644147955543,1.0,CLIENT,7,2,100000,11,16,0,20339,20348,1362,5,349,1000,16678.912000000004,74,False,False
184,54,-87.29249981764528,62.34585479578669,1.0,CLIENT,7,2,100000,10,12,0,20314,20314,1367,5,350,1010,12509.184000000003,74,False,False
184,55,213.3992629330116,-79.4758252044602,1.0,CLIENT,7,2,100000,10,9,0,20329,20329,1370,5,350,1011,9381.888,74,False,False
184,56,310.91021128524136,242.79557479579722,1.0,CLIENT,7,2,100000,11,12,0,20337,20339,1367,4,350,1011,12509.184000000003,74,False,False
184,57,224.3306283859889,272.29537479566915,1.0,CLIENT,7,2,100000,11,13,0,20341,20342,1367,4,349,1012,13551.616000000004,74,False,False
184,58,-299.97884939223184,437.60557479593643,1.0,CLIENT,7,2,100000,11,20,0,20341,20363,1357,5,348,994,20848.640000000007,74,False,False
184,59,493.0204227087792,493.8221747955879,1.0,CLIENT,7,2,100000,11,29,0,19649,20315,1282,2,347,920,30230.528000000013,74,False,False
184,60,22.417218677941452,352.11181479585093,1.0,CLIENT,7,2,100000,13,17,0,20311,20311,1364,3,348,1007,17721.344000000005,74,False,False
184,61,-231.45978332835756,114.55493479527348,1.0,CLIENT,7,2,100000,14,16,0,20305,20305,1364,4,349,1007,16678.912000000004,74,False,False
184,62,-333.16900971697765,205.83733479577262,1.0,CLIENT,7,2,100000,10,9,0,20356,20356,1372,3,350,1010,9381.888,74,False,False
184,63,153.19754014841754,-267.2726652041135,1.0,CLIENT,7,2,100000,14,15,0,20305,20305,1366,3,349,1014,15636.480000000005,74,False,False
184,64,-35.170481932955525,-497.37110520453825,1.0,CLIENT,7,2,100000,10,20,0,20316,20361,1354,3,348,1004,20848.640000000007,74,False,False
184,65,-364.6164885925921,-429.4659052043406,1.0,CLIENT,7,2,100000,16,28,0,20212,20344,1335,1,346,979,29188.096000000012,74,False,False
184,66,-343.6250984112032,-212.50322520476317,1.0,CLIENT,7,2,100000,16,22,0,20299,20316,1354,4,347,996,22933.504000000008,74,False,False
184,67,38.33899009837425,198.4902147953389,1.0,CLIENT,7,2,100000,12,5,0,20311,20311,1374,5,351,1017,5212.16,74,False,False
184,68,112.87822844127075,-265.3802252041456,1.0,CLIENT,7,2,100000,10,8,0,20328,20328,1373,3,351,1016,8339.456,74,False,False
184,69,-126.58204521378819,416.34345479583175,1.0,CLIENT,7,2,100000,11,20,0,20324,20327,1359,5,348,995,20848.640000000007,74,False,False
184,70,-198.19041021067406,53.32893479561392,1.0,CLIENT,7,2,100000,11,16,0,20335,20335,1365,3,349,1006,16678.912000000004,74,False,False
184,71,-296.7311248739077,-254.4708652040049,1.0,CLIENT,7,2,100000,9,17,0,20340,20360,1361,3,349,1011,17721.344000000005,74,False,False
184,72,53.46863358774186,-50.75526520420283,1.0,CLIENT,7,2,100000,10,8,0,20301,20301,1372,4,351,1019,8339.456,74,False,False
184,73,-39.36875996934586,-229.42386520475537,1.0,CLIENT,7,2,100000,17,20,0,20304,20304,1361,3,348,1007,20848.640000000007,74,False,False
184,74,-96.2435454421153,139.04533479592828,1.0,CLIENT,7,2,100000,12,16,0,20306,20306,1363,5,349,1012,16678.912000000004,74,False,False

185,0,215.37958276151886,-48.86282520423492,1.0,CLIENT,7,2,100000,13,12,0,20112,20112,1356,0,346,1004,12509.184000000003,74,False,False
185,1,348.0610112670017,419.9056947955387,1.0,CLIENT,7,2,100000,15,25,0,20107,20153,1339,0,343,977,26060.80000000001,74,False,False
185,2,-65.74662008400425,-336.1797452041546,1.0,CLIENT,7,2,100000,11,7,0,20141,20141,1361,0,347,997,7297.023999999999,74,False,False
185,3,-95.21377913167427,217.6372547952468,1.0,CLIENT,7,2,100000,12,25,0,20128,20128,1343,0,342,998,26060.80000000001,74,False,False
185,4,95.05534998526836,419.0151347954142,1.0,CLIENT,7,2,100000,16,28,0,20130,20130,1340,0,342,986,29188.096000000012,74,False,False
185,5,-418.9564646851649,93.40413479567871,1.0,CLIENT,7,2,100000,9,12,0,20154,20157,1355,0,346,996,12509.184000000003,74,False,False
185,6,2.059530841742471,-124.44910520402317,1.0,CLIENT,7,2,100000,13,11,0,20107,20107,1357,0,346,1004,11466.752000000002,74,False,False
185,7,259.02583177992744,158.74897479601287,1.0,CLIENT,7,2,100000,18,26,0,20095,20095,1342,0,342,987,27103.23200000001,74,False,False
185,8,-30.33850155193817,365.02493479567846,1.0,CLIENT,7,2,100000,10,14,0,20136,20136,1354,0,345,1003,14594.048000000004,74,False,False
185,9,-301.4046796690497,-435.1432252042443,1.0,CLIENT,7,2,100000,16,24,0,20129,20158,1341,0,343,975,25018.36800000001,74,False,False
185,10,284.0570744118313,-213.61642520432554,1.0,CLIENT,7,2,100000,12,20,0,20139,20142,1347,0,344,983,20848.640000000007,74,False,False
185,11,364.06199548093497,-199.47878520442572,1.0,CLIENT,7,2,100000,14,20,0,20144,20156,1348,0,344,991,20848.640000000007,74,False,False
185,12,467.75154169806234,70.02693479537726,1.0,CLIENT,7,2,100000,15,28,0,20140,20145,1340,0,342,981,29188.096000000012,74,False,False
185,13,143.53357938525716,16.59333479581818,1.0,CLIENT,7,2,100000,17,12,0,20088,20088,1356,0,346,1003,12509.184000000003,74,False,False
185,14,-421.0159973066098,3.234934795532922,1.0,CLIENT,7,2,100000,14,10,0,20118,20118,1358,0,346,1002,10424.320000000002,74,False,False
185,15,38.18056451249892,382.16821479589953,1.0,CLIENT,7,2,100000,9,14,0,20142,20142,1354,0,345,1000,14594.048000000004,74,False,False
185,16,-249.28266178435996,415.3415747959883,1.0,CLIENT,7,2,100000,15,24,0,20101,20117,1338,0,343,980,25018.36800000001,74,False,False
185,17,-319.4651965044279,-171.76010520401178,1.0,CLIENT,7,2,100000,13,10,0,20130,20131,1358,0,346,1010,10424.320000000002,74,False,False
185,18,-308.2169798785743,-185.78642520419265,1.0,CLIENT,7,2,100000,15,23,0,20112,20112,1345,0,343,996,23975.93600000001,74,False,False
185,19,-425.451913722376,494.26745479525465,1.0,CLIENT,7,2,100000,14,21,0,20004,20155,1323,0,344,965,21891.072000000007,74,False,False
185,20,-166.34686736924562,-108.08506520420764,1.0,CLIENT,7,2,100000,10,8,0,20121,20121,1360,0,347,1000,8339.456,74,False,False
185,21,-443.03715379900257,-185.3411452045259,1.0,CLIENT,7,2,100000,17,20,0,20110,20123,1344,0,344,988,20848.640000000007,74,False,False
185,22,260.926938815497,267.5086147958899,1.0,CLIENT,7,2,100000,10,12,0,20137,20137,1356,0,346,999,12509.184000000003,74,False,False
185,23,-5.307258920034324,342.6496147960114,1.0,CLIENT,7,2,100000,14,4,0,20108,20108,1364,0,348,1010,4169.728,74,False,False
185,24,-287.7800792488748,427.1414947954625,1.0,CLIENT,7,2,100000,10,15,0,20127,20154,1350,0,346,988,15636.480000000005,74,False,False
185,25,-146.62288187767365,24.831014795585418,1.0,CLIENT,7,2,100000,12,8,0,20115,20115,1360,0,347,998,8339.456,74,False,False
185,26,100.52103271147558,-48.528865204287115,1.0,CLIENT,7,2,100000,12,20,0,20110,20110,1348,0,344,992,20848.640000000007,74,False,False
185,27,292.5328432775496,326.6195347953527,1.0,CLIENT,7,2,100000,12,20,0,20161,20166,1347,0,344,992,20848.640000000007,74,False,False
185,28,-481.21772009120394,118.45113479571921,1.0,CLIENT,7,2,100000,17,32,0,20102,20115,1333,0,341,983,33357.824000000015,74,False,False
185,29,206.19089875711015,-169.42238520437712,1.0,CLIENT,7,2,100000,12,16,0,20116,20117,1352,0,345,990,16678.912000000004,74,False,False
185,30,361.0519093414239,452.7450947956797,1.0,CLIENT,7,2,100000,10,33,0,20111,20197,1329,0,341,972,34400.256000000016,74,False,False
185,31,-290.23567583613374,423.91321479570337,1.0,CLIENT,7,2,100000,15,29,0,20094,20126,1333,0,341,980,30230.528000000013,74,False,False
185,32,-87.53013819702113,-310.46482520421847,1.0,CLIENT,7,2,100000,12,20,0,20122,20122,1348,0,344,983,20848.640000000007,74,False,False
185,33,-474.3262070881788,58.672294795569826,1.0,CLIENT,7,2,100000,11,12,0,20100,20105,1355,0,346,993,12509.184000000003,74,False,False
185,34,-206.34932790351607,57.55909479600746,1.0,CLIENT,7,2,100000,12,12,0,20103,20103,1356,0,346,1001,12509.184000000003,74,False,False
185,35,90.38179519012634,-493.4749052040925,1.0,CLIENT,7,2,100000,9,21,0,20156,20186,1346,0,344,985,21891.072000000007,74,False,False
185,36,-52.755722009582065,223.9824947958371,1.0,CLIENT,7,2,100000,8,8,0,20152,20152,1360,0,347,1001,8339.456,74,False,False
185,37,-278.90824641790533,-485.9051452042209,1.0,CLIENT,7,2,100000,14,16,0,20073,20140,1346,0,345,979,16678.912000000004,74,False,False
185,38,-386.1623683262331,-59.7721852043756,1.0,CLIENT,7,2,100000,14,16,0,20103,20103,1352,0,345,1004,16678.912000000004,74,False,False
185,39,-462.76113929001167,-144.48670520405557,1.0,CLIENT,7,2,100000,17,25,0,20107,20120,1339,0,342,980,26060.80000000001,74,False,False
185,40,481.93063166936366,114.77757479550235,1.0,CLIENT,7,2,100000,13,16,0,20143,20154,1350,0,345,992,16678.912000000004,74,False,False
185,41,-479.31661305619724,74.92501479566641,1.0,CLIENT,7,2,100000,12,20,0,20127,20131,1347,0,344,996,20848.640000000007,74,False,False
185,42,72.55891673412397,220.5315747958491,1.0,CLIENT,7,2,100000,18,19,0,20082,20082,1349,0,344,995,19806.208000000006,74,False,False
185,43,474.72226749402506,161.977254795772,1.0,CLIENT,7,2,100000,16,33,0,20166,20172,1334,0,340,964,34400.256000000016,74,False,False
185,44,90.30258239662584,-85.93238520476945,1.0,CLIENT,7,2,100000,14,20,0,20115,20115,1348,0,344,993,20848.640000000007,74,False,False
185,45,-197.79434624486004,208.06373479568833,1.0,CLIENT,7,2,100000,18,36,0,20113,20113,1332,0,340,981,37527.55200000002,74,False,False
185,46,-78.81673095192694,-474.77314520464233,1.0,CLIENT,7,2,100000,12,20,0,20160,20169,1348,0,344,983,20848.640000000007,74,False,False
185,47,-368.8939794219201,336.19305479570215,1.0,CLIENT,7,2,100000,15,35,0,20117,20138,1328,0,340,979,36485.12000000002,74,False,False
185,48,390.7567067679069,-177.99402520409217,1.0,CLIENT,7,2,100000,11,24,0,20162,20169,1344,0,343,979,25018.36800000001,74,False,False
185,49,44.676013549710014,-203.04102520413267,1.0,CLIENT,7,2,100000,16,27,0,20103,20103,1341,0,342,991,28145.66400000001,74,False,False
185,50,-216.9638421841798,324.1704947959991,1.0,CLIENT,7,2,100000,12,20,0,20132,20132,1348,0,344,989,20848.640000000007,74,False,False
185,51,-199.2201765211151,393.7454947959358,1.0,CLIENT,7,2,100000,12,24,0,20131,20136,1342,0,343,984,25018.36800000001,74,False,False
185,52,243.42091153180814,64.2382947957546,1.0,CLIENT,7,2,100000,8,11,0,20144,20144,1357,0,346,996,11466.752000000002,74,False,False
185,53,-256.3326003732604,173.5545347958083,1.0,CLIENT,7,2,100000,11,14,0,20135,20135,1354,0,345,1003,14594.048000000004,74,False,False
185,54,-406.0447794036804,137.4868547959082,1.0,CLIENT,7,2,100000,10,16,0,20130,20133,1352,0,345,998,16678.912000000004,74,False,False
185,55,323.7426837737882,276.63685479578163,1.0,CLIENT,7,2,100000,10,13,0,20156,20158,1355,0,345,990,13551.616000000004,74,False,False
185,56,250.94612688002312,-297.1064252047242,1.0,CLIENT,7,2,100000,11,15,0,20142,20150,1352,0,345,995,15636.480000000005,74,False,False
185,57,-398.9156280212795,-170.42426520422055,1.0,CLIENT,7,2,100000,11,13,0,20114,20116,1354,0,345,998,13551.616000000004,74,False,False
185,58,-209.3594140430272,124.79637479551855,1.0,CLIENT,7,2,100000,11,12,0,20112,20112,1356,0,346,1003,12509.184000000003,74,False,False
185,59,-87.76777657639697,137.820814795856,1.0,CLIENT,7,2,100000,10,8,0,20117,20117,1360,0,347,1004,8339.456,74,False,False
185,60,-13.386963820501487,-466.64678520459404,1.0,CLIENT,7,2,100000,13,24,0,20150,20161,1343,0,343,985,25018.36800000001,74,False,False
185,61,-319.2275581250521,334.63457479568206,1.0,CLIENT,7,2,100000,14,20,0,20128,20138,1345,0,344,988,20848.640000000007,74,False,False
185,62,401.7672850143847,-470.43166520452985,1.0,CLIENT,7,2,100000,10,35,0,19931,20198,1309,0,344,943,36485.12000000002,74,False,False
185,63,70.34095852624087,299.23481479567755,1.0,CLIENT,7,2,100000,14,12,0,20092,20092,1356,0,346,996,12509.184000000003,74,False,False
185,64,-441.3736851428088,108.20969479547415,1.0,CLIENT,7,2,100000,10,13,0,20132,20135,1354,0,345,996,13551.616000000004,74,False,False
185,65,-229.95474025860202,309.6988947953605,1.0,CLIENT,7,2,100000,16,16,0,20106,20108,1352,0,345,993,16678.912000000004,74,False,False
185,66,-101.9468665482612,168.32249479557134,1.0,CLIENT,7,2,100000,16,19,0,20113,20113,1349,0,343,996,19806.208000000006,74,False,False
185,67,-449.21575166390016,-114.8755852044647,1.0,CLIENT,7,2,100000,12,16,0,20146,20152,1352,0,345,1002,16678.912000000004,74,False,False
185,68,-333.4066480963535,-222.07674520432164,1.0,CLIENT,7,2,100000,10,10,0,20134,20137,1359,0,347,1002,10424.320000000002,74,False,False
185,69,217.2806897965256,-301.7818652039935,1.0,CLIENT,7,2,100000,11,20,0,20134,20143,1348,0,344,992,20848.640000000007,74,False,False
185,70,-35.962609864583555,46.53841479535686,1.0,CLIENT,7,2,100000,11,12,0,20105,20105,1356,0,346,1002,12509.184000000003,74,False,False
185,71,-320.65338840130715,-191.12978520414856,1.0,CLIENT,7,2,100000,9,14,0,20150,20151,1354,0,345,995,14594.048000000004,74,False,False
185,72,237.7175904262251,298.90085479572974,1.0,CLIENT,7,2,100000,10,13,0,20162,20162,1355,0,345,994,13551.616000000004,74,False,False
185,73,-153.11833091488475,-160.18282520476646,1.0,CLIENT,7,2,100000,17,16,0,20090,20090,1352,0,345,1002,16678.912000000004,74,False,False
185,74,-41.34907979785311,147.39433479541447,1.0,CLIENT,7,2,100000,12,20,0,20120,20120,1348,0,344,998,20848.640000000007,74,False,False

186,0,344.25879719642535,184.35257479543907,1.0,CLIENT,7,2,100000,13,12,0,20216,20229,1356,4,348,1006,12509.184000000003,74,False,False
186,1,86.50036832604953,-198.92218520424905,1.0,CLIENT,7,2,100000,15,18,0,20242,20242,1350,5,346,988,18763.776000000005,74,False,False
186,2,390.67749397496925,52.10441479554163,1.0,CLIENT,7,2,100000,11,5,0,20252,20259,1364,4,349,1005,5212.16,74,False,False
186,3,145.98917597251608,197.0430547958287,1.0,CLIENT,7,2,100000,12,16,0,20215,20216,1351,6,347,997,16678.912000000004,74,False,False
186,4,332.2976654324442,-87.82482520473735,1.0,CLIENT,7,2,100000,16,24,0,20219,20221,1344,4,345,992,25018.36800000001,74,False,False
186,5,-480.7424433324522,-24.372425204371098,1.0,CLIENT,7,2,100000,9,12,0,20263,20272,1357,4,348,995,12509.184000000003,74,False,False
186,6,-409.0548655426287,-164.19034520414016,1.0,CLIENT,7,2,100000,13,25,0,20287,20291,1342,6,344,980,26060.80000000001,74,False,False
186,7,-76.361134364668,317.9365747959187,1.0,CLIENT,7,2,100000,18,25,0,20212,20212,1344,4,344,990,26060.80000000001,74,False,False
186,8,10.376874121022636,-219.1824252045103,1.0,CLIENT,7,2,100000,10,12,0,20249,20249,1357,4,348,1004,12509.184000000003,74,False,False
186,9,465.2959451108034,-250.1293852046834,1.0,CLIENT,7,2,100000,16,25,0,20149,20250,1333,3,345,974,26060.80000000001,74,False,False
186,10,-411.66888771632586,-345.75326520450403,1.0,CLIENT,7,2,100000,12,24,0,20254,20295,1342,6,345,980,25018.36800000001,74,False,False
186,11,184.96187019634547,-47.8609452043915,1.0,CLIENT,7,2,100000,14,12,0,20226,20226,1357,4,348,1000,12509.184000000003,74,False,False
186,12,448.7404713446179,125.57561479592408,1.0,CLIENT,7,2,100000,15,28,0,20205,20242,1332,4,344,976,29188.096000000012,74,False,False
186,13,-255.0651956834435,248.9181747953677,1.0,CLIENT,7,2,100000,17,12,0,20214,20214,1356,5,348,1002,12509.184000000003,74,False,False
186,14,204.84428127379277,106.65121479545405,1.0,CLIENT,7,2,100000,14,12,0,20231,20232,1356,5,348,1002,12509.184000000003,74,False,False
186,15,137.43419431386008,211.4033347959574,1.0,CLIENT,7,2,100000,9,12,0,20256,20256,1355,6,348,995,12509.184000000003,74,False,False
186,16,58.06297558994621,-489.9126652043856,1.0,CLIENT,7,2,100000,15,23,0,20218,20250,1345,4,344,991,23975.93600000001,74,False,False
186,17,-457.77073332255617,491.0391747954955,1.0,CLIENT,7,2,100000,13,23,0,19839,20285,1310,4,346,940,23975.93600000001,74,False,False
186,18,-158.90086481396833,224.76173479545167,1.0,CLIENT,7,2,100000,15,28,0,20253,20253,1340,5,344,987,29188.096000000012,74,False,False
186,19,-374.6765133210036,-20.587545204435287,1.0,CLIENT,7,2,100000,14,12,0,20219,20219,1357,4,348,995,12509.184000000003,74,False,False
186,20,-10.693728853866713,132.36613479539017,1.0,CLIENT,7,2,100000,10,11,0,20253,20253,1358,4,348,1000,11466.752000000002,74,False,False
186,21,-112.08610406961044,498.2749747954193,1.0,CLIENT,7,2,100000,17,24,0,20231,20261,1339,4,345,986,25018.36800000001,74,False,False
186,22,-171.73333730251517,325.6176547955093,1.0,CLIENT,7,2,100000,10,12,0,20276,20277,1357,4,348,999,12509.184000000003,74,False,False
186,23,403.35154087707787,313.2611347958584,1.0,CLIENT,7,2,100000,14,10,0,20210,20280,1340,5,349,977,10424.320000000002,74,False,False
186,24,-333.0105841305395,435.37917479522974,1.0,CLIENT,7,2,100000,10,12,0,20195,20276,1349,6,348,990,12509.184000000003,74,False,False
186,25,315.029276528694,-458.7430652047746,1.0,CLIENT,7,2,100000,12,18,0,20100,20284,1334,4,347,977,18763.776000000005,74,False,False
186,26,-87.6885637834593,397.0850947954139,1.0,CLIENT,7,2,100000,12,24,0,20263,20265,1344,4,345,988,25018.36800000001,74,False,False
186,27,-15.921773200698086,59.11757479523658,1.0,CLIENT,7,2,100000,12,12,0,20259,20259,1355,6,348,1004,12509.184000000003,74,False,False
186,28,34.14071206254676,-21.14414520461196,1.0,CLIENT,7,2,100000,17,27,0,20214,20214,1340,6,344,992,28145.66400000001,74,False,False
186,29,408.02509567221995,154.07353479595258,1.0,CLIENT,7,2,100000,12,25,0,20237,20260,1339,4,344,977,26060.80000000001,74,False,False
186,30,311.78155200980706,-248.45958520415337,1.0,CLIENT,7,2,100000,10,24,0,20232,20242,1344,5,345,991,25018.36800000001,74,False,False
186,31,463.31562528229614,163.4244147952822,1.0,CLIENT,7,2,100000,15,28,0,20204,20252,1332,4,342,964,29188.096000000012,74,False,False
186,32,-141.63247591021812,-128.0113452045211,1.0,CLIENT,7,2,100000,12,19,0,20243,20243,1348,6,346,992,19806.208000000006,74,False,False
186,33,-358.83395469350853,393.7454947959358,1.0,CLIENT,7,2,100000,11,20,0,20215,20275,1343,6,346,970,20848.640000000007,74,False,False
186,34,-246.19336285191116,-75.02302520462877,1.0,CLIENT,7,2,100000,12,12,0,20255,20255,1354,7,348,1003,12509.184000000003,74,False,False
186,35,275.6605183390506,361.6853347954094,1.0,CLIENT,7,2,100000,9,15,0,20244,20277,1344,5,347,989,15636.480000000005,74,False,False
186,36,64.87527579947081,-122.55666520405526,1.0,CLIENT,7,2,100000,8,8,0,20247,20247,1360,5,349,1006,8339.456,74,False,False
186,37,304.73161342034376,85.72305479529717,1.0,CLIENT,7,2,100000,14,16,0,20236,20236,1353,4,347,1001,16678.912000000004,74,False,False
186,38,-284.21550355767437,242.6842547952873,1.0,CLIENT,7,2,100000,14,19,0,20233,20233,1348,6,346,986,19806.208000000006,74,False,False
186,39,-495.634448442444,-489.9126652043856,1.0,CLIENT,7,2,100000,17,51,0,19866,20278,1281,4,339,910,53164.03200000003,74,False,False
186,40,62.261253626336554,-95.95118520399467,1.0,CLIENT,7,2,100000,13,14,0,20214,20214,1354,5,347,1004,14594.048000000004,74,False,False
186,41,8.158915913139547,378.3833347959637,1.0,CLIENT,7,2,100000,12,21,0,20267,20269,1348,4,346,995,21891.072000000007,74,False,False
186,42,-198.26962300361174,-371.9134652041069,1.0,CLIENT,7,2,100000,18,24,0,20232,20232,1344,5,345,988,25018.36800000001,74,False,False
186,43,285.16605351577283,-52.53638520445179,1.0,CLIENT,7,2,100000,16,18,0,20225,20225,1351,4,346,993,18763.776000000005,74,False,False
186,44,-181.8725748238644,178.89789479576422,1.0,CLIENT,7,2,100000,14,19,0,20230,20230,1350,4,346,993,19806.208000000006,74,False,False
186,45,364.53727223968673,427.6980947956392,1.0,CLIENT,7,2,100000,18,40,0,20090,20239,1303,5,341,941,41697.28000000002,74,False,False
186,46,369.2108270348287,-314.2497052041543,1.0,CLIENT,7,2,100000,12,12,0,20197,20258,1351,5,348,984,12509.184000000003,74,False,False
186,47,-54.260765079337624,-40.625145204467685,1.0,CLIENT,7,2,100000,15,20,0,20212,20212,1346,7,346,993,20848.640000000007,74,False,False
186,48,-173.15916757877022,199.26945479574442,1.0,CLIENT,7,2,100000,11,16,0,20245,20245,1352,5,347,997,16678.912000000004,74,False,False
186,49,466.3257114212445,-183.448705204558,1.0,CLIENT,7,2,100000,17,25,0,20177,20244,1334,4,344,978,26060.80000000001,74,False,False
186,50,53.62705917418004,-134.80186520398718,1.0,CLIENT,7,2,100000,12,20,0,20235,20235,1348,5,346,999,20848.640000000007,74,False,False
186,51,-97.03567337374334,192.9242147959451,1.0,CLIENT,7,2,100000,12,17,0,20226,20226,1352,4,346,1004,17721.344000000005,74,False,False
186,52,-413.649207544833,217.19197479558005,1.0,CLIENT,7,2,100000,8,12,0,20264,20275,1356,5,348,988,12509.184000000003,74,False,False
186,53,346.08069143849445,-430.35646520446505,1.0,CLIENT,7,2,100000,11,14,0,20102,20246,1346,5,347,984,14594.048000000004,74,False,False
186,54,-348.9323555515351,227.9900147960018,1.0,CLIENT,7,2,100000,10,16,0,20259,20260,1351,6,347,992,16678.912000000004,74,False,False
186,55,-24.31832927347876,-304.5648652040859,1.0,CLIENT,7,2,100000,10,13,0,20266,20266,1356,4,347,1003,13551.616000000004,74,False,False
186,56,277.3239869946815,-299.6667852045877,1.0,CLIENT,7,2,100000,11,12,0,20248,20263,1353,5,348,1000,12509.184000000003,74,False,False
186,57,-454.126944838418,-105.41338520462517,1.0,CLIENT,7,2,100000,11,22,0,20286,20292,1344,3,345,977,22933.504000000008,74,False,False
186,58,168.08954525784645,72.03069479585508,1.0,CLIENT,7,2,100000,11,12,0,20218,20218,1355,6,348,997,12509.184000000003,74,False,False
186,59,52.99335682899018,121.45677479524949,1.0,CLIENT,7,2,100000,10,8,0,20239,20239,1359,6,349,1004,8339.456,74,False,False
186,60,139.73136531468083,-203.37498520408047,1.0,CLIENT,7,2,100000,13,23,0,20248,20248,1345,5,345,988,23975.93600000001,74,False,False
186,61,134.50332096784945,-389.5020252039947,1.0,CLIENT,7,2,100000,14,20,0,20248,20256,1347,5,346,986,20848.640000000007,74,False,False
186,62,-0.2376401596411265,-32.38746520470045,1.0,CLIENT,7,2,100000,10,8,0,20234,20234,1359,6,349,1003,8339.456,74,False,False
186,63,270.1156228193429,167.32061479572792,1.0,CLIENT,7,2,100000,14,16,0,20225,20227,1349,6,347,987,16678.912000000004,74,False,False
186,64,177.91193160688218,-276.5122252045151,1.0,CLIENT,7,2,100000,10,19,0,20263,20265,1349,5,346,998,19806.208000000006,74,False,False
186,65,-277.79926731396375,-471.87882520404,1.0,CLIENT,7,2,100000,16,28,0,20246,20288,1340,5,344,985,29188.096000000012,74,False,False
186,66,-2.2179599881483734,-492.1390652043013,1.0,CLIENT,7,2,100000,16,28,0,20221,20253,1334,5,344,964,29188.096000000012,74,False,False
186,67,361.9232500659896,230.99565479553206,1.0,CLIENT,7,2,100000,12,14,0,20244,20267,1346,6,347,991,14594.048000000004,74,False,False
186,68,-330.1589235780294,307.138534795497,1.0,CLIENT,7,2,100000,10,9,0,20230,20245,1359,4,349,992,9381.888,74,False,False
186,69,-359.3092314522602,495.15801479537913,1.0,CLIENT,7,2,100000,11,28,0,20085,20290,1327,5,345,960,29188.096000000012,74,False,False
186,70,-31.76433182819322,-475.10710520459014,1.0,CLIENT,7,2,100000,11,16,0,20276,20293,1350,5,347,984,16678.912000000004,74,False,False
186,71,197.71512989139183,-210.7221052045142,1.0,CLIENT,7,2,100000,9,12,0,20239,20239,1356,5,348,999,12509.184000000003,74,False,False
186,72,490.56482612152024,-239.33134520426165,1.0,CLIENT,7,2,100000,10,13,0,20186,20292,1341,2,347,988,13551.616000000004,74,False,False
186,73,155.09864718342428,-149.71874520429253,1.0,CLIENT,7,2,100000,17,20,0,20223,20223,1348,5,346,999,20848.640000000007,74,False,False
186,74,-54.260765079337624,3.5688947954807304,1.0,CLIENT,7,2,100000,12,18,0,20226,20227,1348,6,346,997,18763.776000000005,74,False,False

187,0,35.01205278654962,-301.7818652039935,1.0,CLIENT,7,2,100000,13,16,0,20468,20468,1369,2,353,1001,16678.912000000004,74,False,False
187,1,221.7166062122918,-494.365465204217,1.0,CLIENT,7,2,100000,15,24,0,20395,20490,1350,4,351,994,25018.36800000001,74,False,False
187,2,157.5542437706832,-97.73230520424363,1.0,CLIENT,7,2,100000,11,4,0,20446,20446,1380,3,356,1022,4169.728,74,False,False
187,3,480.1087374272946,-205.26742520404838,1.0,CLIENT,7,2,100000,12,28,0,20429,20492,1351,4,349,997,29188.096000000012,74,False,False
187,4,-229.87552746566433,124.57373479528968,1.0,CLIENT,7,2,100000,16,24,0,20449,20449,1361,2,351,1007,25018.36800000001,74,False,False
187,5,-462.9987776693875,215.4108547953311,1.0,CLIENT,7,2,100000,9,12,0,20475,20518,1367,3,354,1005,12509.184000000003,74,False,False
187,6,50.300121862355404,145.16793479549875,1.0,CLIENT,7,2,100000,13,12,0,20457,20457,1373,2,354,1017,12509.184000000003,74,False,False
187,7,-177.04059444284707,-297.9969852040577,1.0,CLIENT,7,2,100000,18,31,0,20466,20467,1353,3,349,995,32315.392000000014,74,False,False
187,8,437.9675314780788,478.68265479584466,1.0,CLIENT,7,2,100000,10,25,0,20225,20520,1335,3,350,975,26060.80000000001,74,False,False
187,9,-252.53038630268406,496.7164947953992,1.0,CLIENT,7,2,100000,16,30,0,20371,20511,1343,3,350,981,31272.960000000014,74,False,False
187,10,169.7530139140402,375.4890147953614,1.0,CLIENT,7,2,100000,12,21,0,20471,20476,1363,2,352,1001,21891.072000000007,74,False,False
187,11,-84.67847764394817,-127.45474520434442,1.0,CLIENT,7,2,100000,14,16,0,20464,20464,1368,3,353,1000,16678.912000000004,74,False,False
187,12,33.58622251029457,-58.32502520407445,1.0,CLIENT,7,2,100000,15,20,0,20444,20444,1364,3,352,1010,20848.640000000007,74,False,False
187,13,-78.34145419317525,-187.01094520426494,1.0,CLIENT,7,2,100000,16,12,0,20439,20439,1373,2,354,1012,12509.184000000003,74,False,False
187,14,-65.03370494587672,55.33269479530077,1.0,CLIENT,7,2,100000,14,16,0,20488,20488,1369,2,352,1011,16678.912000000004,74,False,False
187,15,87.21328346473989,52.883654795947166,1.0,CLIENT,7,2,100000,9,8,0,20471,20471,1377,2,355,1019,8339.456,74,False,False
187,16,498.32767984911106,-161.29602520432883,1.0,CLIENT,7,2,100000,15,28,0,20433,20487,1353,3,350,987,29188.096000000012,74,False,False
187,17,-96.40197102855348,450.7413347959928,1.0,CLIENT,7,2,100000,13,16,0,20486,20493,1367,4,353,1005,16678.912000000004,74,False,False
187,18,247.1439128094468,-445.38466520448935,1.0,CLIENT,7,2,100000,15,24,0,20415,20464,1353,3,351,995,25018.36800000001,74,False,False
187,19,178.62484674557254,50.43461479580259,1.0,CLIENT,7,2,100000,13,12,0,20450,20450,1373,2,354,1015,12509.184000000003,74,False,False
187,20,-163.73284519554852,317.6026147959709,1.0,CLIENT,7,2,100000,10,12,0,20493,20493,1372,3,354,1003,12509.184000000003,74,False,False
187,21,-323.4258361608796,-339.85330520437145,1.0,CLIENT,7,2,100000,16,22,0,20438,20473,1360,3,351,995,22933.504000000008,74,False,False
187,22,-257.0455155119508,-134.13394520409156,1.0,CLIENT,7,2,100000,9,12,0,20488,20488,1372,3,354,1008,12509.184000000003,74,False,False
187,23,205.6364092054208,-210.49946520428534,1.0,CLIENT,7,2,100000,14,4,0,20446,20447,1380,3,356,1018,4169.728,74,False,False
187,24,318.1977882540805,-448.9469052041963,1.0,CLIENT,7,2,100000,10,13,0,20412,20501,1366,2,354,1001,13551.616000000004,74,False,False
187,25,411.5104585699199,262.7218547953197,1.0,CLIENT,7,2,100000,12,16,0,20479,20491,1367,3,353,999,16678.912000000004,74,False,False
187,26,-446.4433039037649,-115.09822520469356,1.0,CLIENT,7,2,100000,12,26,0,20479,20496,1357,3,351,996,27103.23200000001,74,False,False
187,27,119.29446468554417,-272.3933852046315,1.0,CLIENT,7,2,100000,12,8,0,20460,20460,1376,3,355,1019,8339.456,74,False,False
187,28,54.81525107105925,427.6980947956392,1.0,CLIENT,7,2,100000,17,32,0,20462,20464,1351,4,349,998,33357.824000000015,74,False,False
187,29,352.7345660621437,221.9787347953593,1.0,CLIENT,7,2,100000,12,20,0,20476,20480,1362,4,352,999,20848.640000000007,74,False,False
187,30,319.5444057373979,-156.28662520432073,1.0,CLIENT,7,2,100000,10,24,0,20467,20468,1360,3,351,1006,25018.36800000001,74,False,False
187,31,344.33800998936306,-40.95910520441549,1.0,CLIENT,7,2,100000,15,25,0,20450,20452,1359,3,350,1001,26060.80000000001,74,False,False
187,32,89.82730563787415,-269.72170520425806,1.0,CLIENT,7,2,100000,12,18,0,20468,20468,1366,3,352,1005,18763.776000000005,74,False,False
187,33,134.7409593472253,-236.88230520411707,1.0,CLIENT,7,2,100000,11,13,0,20461,20461,1371,3,353,1013,13551.616000000004,74,False,False
187,34,-40.08167510747339,-58.99294520476104,1.0,CLIENT,7,2,100000,12,12,0,20473,20473,1372,3,354,1003,12509.184000000003,74,False,False
187,35,-271.5414566561285,-318.59118520426676,1.0,CLIENT,7,2,100000,9,12,0,20470,20481,1371,3,354,1007,12509.184000000003,74,False,False
187,36,-487.39631795610154,405.8793747953578,1.0,CLIENT,7,2,100000,8,11,0,20085,20522,1341,3,353,972,11466.752000000002,74,False,False
187,37,265.12521685188733,-250.01806520417347,1.0,CLIENT,7,2,100000,14,16,0,20459,20463,1368,3,353,1010,16678.912000000004,74,False,False
187,38,-449.6910284226518,-23.593185204756537,1.0,CLIENT,7,2,100000,14,24,0,20480,20491,1360,2,351,993,25018.36800000001,74,False,False
187,39,-295.06765621771393,324.5044547959469,1.0,CLIENT,7,2,100000,17,30,0,20456,20470,1354,3,349,994,31272.960000000014,74,False,False
187,40,-119.53210662488775,-11.236665204314704,1.0,CLIENT,7,2,100000,12,16,0,20460,20460,1368,3,353,1010,16678.912000000004,74,False,False
187,41,-331.5055410613468,-60.662745204500084,1.0,CLIENT,7,2,100000,12,16,0,20470,20470,1368,3,353,1004,16678.912000000004,74,False,False
187,42,142.82066424712963,-442.60166520439697,1.0,CLIENT,7,2,100000,17,20,0,20441,20454,1364,3,352,1003,20848.640000000007,74,False,False
187,43,156.76211583961802,-448.16766520458174,1.0,CLIENT,7,2,100000,16,24,0,20453,20474,1358,4,351,989,25018.36800000001,74,False,False
187,44,461.4145182467265,191.81101479559175,1.0,CLIENT,7,2,100000,14,28,0,20462,20480,1355,3,350,997,29188.096000000012,74,False,False
187,45,440.4231280653378,42.86485479593097,1.0,CLIENT,7,2,100000,17,33,0,20446,20452,1351,3,348,994,34400.256000000016,74,False,False
187,46,59.013529107449585,352.44577479579874,1.0,CLIENT,7,2,100000,12,12,0,20458,20458,1372,3,354,1008,12509.184000000003,74,False,False
187,47,471.39533018220044,-259.8142252047518,1.0,CLIENT,7,2,100000,15,25,0,20380,20457,1352,4,350,987,26060.80000000001,74,False,False
187,48,163.2575648768291,382.2795347956185,1.0,CLIENT,7,2,100000,11,18,0,20495,20497,1366,3,352,1006,18763.776000000005,74,False,False
187,49,449.6118120691836,349.32881479575855,1.0,CLIENT,7,2,100000,16,36,0,20410,20513,1339,4,348,978,37527.55200000002,74,False,False
187,50,-400.2622455045968,-327.7194252041585,1.0,CLIENT,7,2,100000,12,20,0,20411,20489,1358,3,352,998,20848.640000000007,74,False,False
187,51,214.11217807113914,-458.9657052042125,1.0,CLIENT,7,2,100000,12,24,0,20440,20493,1353,4,351,993,25018.36800000001,74,False,False
187,52,-28.437394516368588,-280.8537052046276,1.0,CLIENT,7,2,100000,8,8,0,20479,20479,1376,3,355,1014,8339.456,74,False,False
187,53,353.28905561383306,168.4338147952903,1.0,CLIENT,7,2,100000,11,16,0,20506,20507,1367,4,353,998,16678.912000000004,74,False,False
187,54,55.36974062331144,262.7218547953197,1.0,CLIENT,7,2,100000,10,17,0,20496,20497,1367,2,353,1009,17721.344000000005,74,False,False
187,55,89.82730563787415,-163.29978520401568,1.0,CLIENT,7,2,100000,10,11,0,20474,20474,1373,3,354,1013,11466.752000000002,74,False,False
187,56,449.6118120691836,205.05809479536708,1.0,CLIENT,7,2,100000,10,16,0,20486,20503,1367,3,353,997,16678.912000000004,74,False,False
187,57,-460.22632990981504,312.9271747959106,1.0,CLIENT,7,2,100000,11,19,0,20357,20501,1353,1,351,985,19806.208000000006,74,False,False
187,58,-383.54834615253594,-416.88674520446085,1.0,CLIENT,7,2,100000,11,13,0,20331,20474,1359,3,353,989,13551.616000000004,74,False,False
187,59,254.35227698478542,403.87561479567097,1.0,CLIENT,7,2,100000,10,9,0,20484,20494,1375,3,354,1003,9381.888,74,False,False
187,60,-268.0560937578657,-54.54014520413864,1.0,CLIENT,7,2,100000,13,15,0,20443,20443,1370,2,353,1010,15636.480000000005,74,False,False
187,61,474.08856514883524,105.64933479561063,1.0,CLIENT,7,2,100000,14,25,0,20491,20508,1356,4,350,990,26060.80000000001,74,False,False
187,62,246.43099767131926,453.85829479524205,1.0,CLIENT,7,2,100000,10,13,0,20499,20519,1371,3,353,1013,13551.616000000004,74,False,False
187,63,267.5016006456458,-389.8359852047335,1.0,CLIENT,7,2,100000,14,20,0,20446,20474,1363,3,352,1000,20848.640000000007,74,False,False
187,64,120.24501820304755,-386.83034520441225,1.0,CLIENT,7,2,100000,10,22,0,20488,20491,1363,2,352,1001,22933.504000000008,74,False,False
187,65,62.41967921221189,249.2521347953155,1.0,CLIENT,7,2,100000,15,19,0,20459,20459,1366,3,352,1010,19806.208000000006,74,False,False
187,66,-245.71808609315949,432.93013479587614,1.0,CLIENT,7,2,100000,15,33,0,20433,20485,1347,2,350,979,34400.256000000016,74,False,False
187,67,-477.17786764125174,-234.54458520448242,1.0,CLIENT,7,2,100000,12,15,0,20410,20495,1356,3,353,991,15636.480000000005,74,False,False
187,68,475.0391186663386,-346.3098652046807,1.0,CLIENT,7,2,100000,10,10,0,20308,20483,1359,4,354,990,10424.320000000002,74,False,False
187,69,266.8678983010188,-225.30502520408078,1.0,CLIENT,7,2,100000,11,20,0,20480,20480,1364,3,352,998,20848.640000000007,74,False,False
187,70,-130.78032325017853,473.33929479588875,1.0,CLIENT,7,2,100000,11,16,0,20473,20497,1368,3,353,998,16678.912000000004,74,False,False
187,71,84.52004849810511,-463.4185052040439,1.0,CLIENT,7,2,100000,8,16,0,20493,20508,1367,2,353,1000,16678.912000000004,74,False,False
187,72,-232.01427288004692,224.42777479550386,1.0,CLIENT,7,2,100000,9,9,0,20491,20491,1375,3,354,1013,9381.888,74,False,False
187,73,-82.69815781600377,-494.365465204217,1.0,CLIENT,7,2,100000,17,25,0,20441,20479,1358,2,350,1003,26060.80000000001,74,False,False
187,74,-299.0282958747284,19.598974795348454,1.0,CLIENT,7,2,100000,12,20,0,20458,20459,1365,1,352,1004,20848.640000000007,74,False,False

188,0,159.7722019785663,161.6432947958242,1.0,CLIENT,7,2,100000,13,16,0,20466,20466,1364,10,353,1005,16678.912000000004,74,False,False
188,1,-43.01254845404684,-463.19586520460604,1.0,CLIENT,7,2,100000,15,20,0,20465,20475,1362,7,352,1005,20848.640000000007,74,False,False
188,2,5.148829774191262,-230.7597052045466,1.0,CLIENT,7,2,100000,11,4,0,20467,20467,1378,8,356,1018,4169.728,74,False,False
188,3,-209.04256287015085,-121.4434652044929,1.0,CLIENT,7,2,100000,12,21,0,20469,20469,1359,10,351,1006,21891.072000000007,74,False,False
188,4,-170.06986864632142,349.1061747955297,1.0,CLIENT,7,2,100000,16,24,0,20460,20466,1360,6,351,1006,25018.36800000001,74,False,False
188,5,-125.86913007566066,-119.99630520419174,1.0,CLIENT,7,2,100000,9,12,0,20478,20478,1369,9,354,1012,12509.184000000003,74,False,False
188,6,-251.1837688193667,-25.040345204266714,1.0,CLIENT,7,2,100000,13,15,0,20466,20467,1368,6,353,1007,15636.480000000005,74,False,False
188,7,-149.47454243074662,-350.4287052045643,1.0,CLIENT,7,2,100000,18,26,0,20442,20443,1355,9,350,998,27103.23200000001,74,False,False
188,8,264.72915288607334,197.48833479549546,1.0,CLIENT,7,2,100000,10,20,0,20507,20510,1360,10,352,986,20848.640000000007,74,False,False
188,9,95.21377557170655,212.071254795853,1.0,CLIENT,7,2,100000,15,20,0,20459,20459,1361,9,352,1004,20848.640000000007,74,False,False
188,10,-170.7035709915113,-312.91386520436305,1.0,CLIENT,7,2,100000,12,16,0,20464,20464,1366,8,353,997,16678.912000000004,74,False,False
188,11,-274.2346916227633,-225.6389852040286,1.0,CLIENT,7,2,100000,14,14,0,20466,20468,1365,11,353,996,14594.048000000004,74,False,False
188,12,-212.36950018197547,-265.7141852040934,1.0,CLIENT,7,2,100000,15,24,0,20460,20461,1355,11,351,993,25018.36800000001,74,False,False
188,13,-445.49275038626155,-496.9258252040805,1.0,CLIENT,7,2,100000,17,18,0,20185,20444,1325,11,351,957,18763.776000000005,74,False,False
188,14,335.78302833070705,-478.00142520440147,1.0,CLIENT,7,2,100000,14,23,0,20289,20513,1338,5,351,966,23975.93600000001,74,False,False
188,15,124.68093461881372,206.17129479572043,1.0,CLIENT,7,2,100000,9,9,0,20478,20478,1371,10,354,1007,9381.888,74,False,False
188,16,-300.69176453035936,-438.14886520456554,1.0,CLIENT,7,2,100000,15,24,0,20430,20468,1354,10,351,985,25018.36800000001,74,False,False
188,17,234.2322275279623,-247.23506520408108,1.0,CLIENT,7,2,100000,13,8,0,20463,20467,1374,6,355,1011,8339.456,74,False,False
188,18,415.62952381337254,51.65913479587488,1.0,CLIENT,7,2,100000,15,28,0,20468,20484,1355,6,350,994,29188.096000000012,74,False,False
188,19,-316.1382591926033,493.59953479535903,1.0,CLIENT,7,2,100000,14,20,0,20182,20481,1340,3,352,974,20848.640000000007,74,False,False
188,20,337.20885860696205,-428.2413852042683,1.0,CLIENT,7,2,100000,10,13,0,20377,20506,1351,3,354,980,13551.616000000004,74,False,False
188,21,-208.09200935264747,-319.3704252046723,1.0,CLIENT,7,2,100000,16,17,0,20437,20439,1364,8,352,1009,17721.344000000005,74,False,False
188,22,-495.31759726956767,-248.12562520420556,1.0,CLIENT,7,2,100000,10,12,0,20438,20495,1362,9,354,997,12509.184000000003,74,False,False
188,23,-115.25461579555974,332.6308147959952,1.0,CLIENT,7,2,100000,14,6,0,20468,20469,1377,6,355,1017,6254.592,74,False,False
188,24,396.9353046328045,-459.9675852040559,1.0,CLIENT,7,2,100000,10,12,0,20193,20496,1338,3,354,966,12509.184000000003,74,False,False
188,25,436.7793395811996,-407.20190520439246,1.0,CLIENT,7,2,100000,12,18,0,20243,20486,1334,4,353,967,18763.776000000005,74,False,False
188,26,-190.6651948624591,403.764294795952,1.0,CLIENT,7,2,100000,12,20,0,20454,20479,1361,6,352,1001,20848.640000000007,74,False,False
188,27,59.647231452639446,-469.4297852046864,1.0,CLIENT,7,2,100000,12,12,0,20471,20489,1371,6,354,1012,12509.184000000003,74,False,False
188,28,-41.19065421141493,413.3378147955105,1.0,CLIENT,7,2,100000,17,29,0,20445,20455,1354,6,349,994,30230.528000000013,74,False,False
188,29,37.38843658087089,109.10025479559863,1.0,CLIENT,7,2,100000,12,16,0,20468,20468,1365,9,353,1006,16678.912000000004,74,False,False
188,30,437.57146751226475,233.77865479562445,1.0,CLIENT,7,2,100000,10,28,0,20377,20491,1342,11,350,978,29188.096000000012,74,False,False
188,31,257.04551195142017,227.76737479577292,1.0,CLIENT,7,2,100000,15,26,0,20473,20474,1354,10,349,991,27103.23200000001,74,False,False
188,32,20.04083488362019,-488.24286520464653,1.0,CLIENT,7,2,100000,12,18,0,20474,20489,1364,6,352,1000,18763.776000000005,74,False,False
188,33,-485.9704876798464,-187.79018520467048,1.0,CLIENT,7,2,100000,11,16,0,20455,20485,1362,7,353,994,16678.912000000004,74,False,False
188,34,-18.93185934020921,-456.405345204349,1.0,CLIENT,7,2,100000,12,12,0,20486,20493,1372,6,354,1011,12509.184000000003,74,False,False
188,35,-472.5043128461097,-345.19666520432736,1.0,CLIENT,7,2,100000,9,16,0,20418,20512,1353,11,353,989,16678.912000000004,74,False,False
188,36,213.3992629330116,221.31081479546367,1.0,CLIENT,7,2,100000,8,8,0,20494,20494,1372,10,355,1005,8339.456,74,False,False
188,37,-231.06371936254354,-461.1921052041282,1.0,CLIENT,7,2,100000,14,16,0,20448,20473,1364,9,353,1008,16678.912000000004,74,False,False
188,38,-125.86913007566066,-405.4207852041435,1.0,CLIENT,7,2,100000,14,18,0,20464,20465,1364,8,352,1000,18763.776000000005,74,False,False
188,39,-23.526201341850722,-61.441985204114644,1.0,CLIENT,7,2,100000,17,20,0,20433,20433,1359,11,352,1001,20848.640000000007,74,False,False
188,40,-64.47921539418736,239.67861479575703,1.0,CLIENT,7,2,100000,12,16,0,20467,20467,1368,6,353,1008,16678.912000000004,74,False,False
188,41,474.6430547010874,-137.91882520402737,1.0,CLIENT,7,2,100000,12,16,0,20420,20468,1361,6,353,998,16678.912000000004,74,False,False
188,42,-56.47872328722072,200.93925479548346,1.0,CLIENT,7,2,100000,17,20,0,20457,20457,1364,6,352,1008,20848.640000000007,74,False,False
188,43,-485.09914695528073,-375.141745204657,1.0,CLIENT,7,2,100000,16,27,0,20348,20501,1334,11,350,969,28145.66400000001,74,False,False
188,44,-402.63862929891815,184.90917479561574,1.0,CLIENT,7,2,100000,14,28,0,20456,20476,1354,6,350,993,29188.096000000012,74,False,False
188,45,-271.7790950355043,473.67325479583656,1.0,CLIENT,7,2,100000,18,36,0,20288,20463,1332,3,348,963,37527.55200000002,74,False,False
188,46,-445.09668642044744,-386.2737452042356,1.0,CLIENT,7,2,100000,12,21,0,20372,20500,1342,10,352,973,21891.072000000007,74,False,False
188,47,239.381059081856,63.34773479563012,1.0,CLIENT,7,2,100000,15,28,0,20470,20470,1352,10,350,992,29188.096000000012,74,False,False
188,48,-277.6408417275256,348.99485479581074,1.0,CLIENT,7,2,100000,11,19,0,20478,20502,1363,6,352,1005,19806.208000000006,74,False,False
188,49,98.3030745035925,-119.32838520429613,1.0,CLIENT,7,2,100000,16,23,0,20443,20443,1359,8,351,1004,23975.93600000001,74,False,False
188,50,-261.24379354777824,125.24165479597627,1.0,CLIENT,7,2,100000,12,20,0,20484,20484,1364,6,352,1002,20848.640000000007,74,False,False
188,51,12.990896294719743,-446.7205052042806,1.0,CLIENT,7,2,100000,11,23,0,20478,20485,1360,6,351,1003,23975.93600000001,74,False,False
188,52,-312.969747466654,200.1600147958689,1.0,CLIENT,7,2,100000,8,8,0,20465,20470,1375,6,355,1018,8339.456,74,False,False
188,53,-113.03665758767666,-214.1730252045022,1.0,CLIENT,7,2,100000,11,10,0,20454,20454,1370,10,354,1013,10424.320000000002,74,False,False
188,54,81.0346855998423,99.86069479598797,1.0,CLIENT,7,2,100000,10,16,0,20483,20483,1364,10,353,1005,16678.912000000004,74,False,False
188,55,-340.5357994787544,52.883654795947166,1.0,CLIENT,7,2,100000,10,16,0,20482,20482,1368,6,353,1012,16678.912000000004,74,False,False
188,56,248.4113174998265,426.02829479590014,1.0,CLIENT,7,2,100000,11,16,0,20421,20519,1353,9,353,985,16678.912000000004,74,False,False
188,57,186.78376443841455,-136.91694520418395,1.0,CLIENT,7,2,100000,11,16,0,20470,20470,1368,6,353,1004,16678.912000000004,74,False,False
188,58,-452.3050505963489,335.4138147952966,1.0,CLIENT,7,2,100000,11,22,0,20294,20502,1344,4,351,970,22933.504000000008,74,False,False
188,59,-148.99926567199492,421.2415347953299,1.0,CLIENT,7,2,100000,10,15,0,20490,20510,1367,6,353,998,15636.480000000005,74,False,False
188,60,-345.8430566190863,-333.5080652045721,1.0,CLIENT,7,2,100000,13,22,0,20468,20481,1358,10,351,993,22933.504000000008,74,False,False
188,61,169.11931156885035,-331.05902520442754,1.0,CLIENT,7,2,100000,14,16,0,20447,20451,1366,6,353,1008,16678.912000000004,74,False,False
188,62,356.85363130503356,437.8282147953743,1.0,CLIENT,7,2,100000,10,22,0,20201,20520,1339,10,352,960,22933.504000000008,74,False,False
188,63,-345.5262054467728,-463.9751052042206,1.0,CLIENT,7,2,100000,14,28,0,20417,20502,1342,9,350,972,29188.096000000012,74,False,False
188,64,-169.3569535081939,-260.03686520418967,1.0,CLIENT,7,2,100000,10,12,0,20468,20468,1368,10,354,1005,12509.184000000003,74,False,False
188,65,29.942434026156423,120.23225479596817,1.0,CLIENT,7,2,100000,15,16,0,20454,20454,1364,10,353,1006,16678.912000000004,74,False,False
188,66,358.2002487883509,-356.217345204187,1.0,CLIENT,7,2,100000,15,28,0,20417,20499,1346,6,350,992,29188.096000000012,74,False,False
188,67,471.0784790098869,315.9328147954409,1.0,CLIENT,7,2,100000,12,18,0,20131,20495,1339,10,353,961,18763.776000000005,74,False,False
188,68,452.2258342428807,-429.13194520439276,1.0,CLIENT,7,2,100000,10,20,0,20215,20542,1321,2,351,960,20848.640000000007,74,False,False
188,69,-228.2912716029711,-9.232905204627855,1.0,CLIENT,7,2,100000,11,20,0,20461,20461,1362,8,352,1009,20848.640000000007,74,False,False
188,70,-203.02239059169142,-369.6870652041912,1.0,CLIENT,7,2,100000,11,16,0,20483,20486,1365,8,353,1006,16678.912000000004,74,False,False
188,71,488.34686791363714,-214.61830520416896,1.0,CLIENT,7,2,100000,9,14,0,20409,20497,1348,6,353,983,14594.048000000004,74,False,False
188,72,-409.45092950844264,-78.91922520428352,1.0,CLIENT,7,2,100000,10,8,0,20486,20489,1375,7,354,1004,8339.456,74,False,False
188,73,-498.7237473748928,420.7962547956632,1.0,CLIENT,7,2,100000,17,39,0,19845,20448,1302,4,347,940,40654.84800000002,74,False,False
188,74,57.50848603769402,15.925414795922563,1.0,CLIENT,7,2,100000,12,20,0,20468,20468,1359,11,352,1000,20848.640000000007,74,False,False

189,0,398.2027093231842,372.81733479577895,1.0,CLIENT,7,2,100000,13,19,0,20330,20336,1350,2,349,984,19806.208000000006,74,False,False
189,1,-348.1402276199071,-153.61494520473826,1.0,CLIENT,7,2,100000,15,20,0,20321,20335,1348,3,349,981,20848.640000000007,74,False,False
189,2,-339.4268203748129,-121.10950520454509,1.0,CLIENT,7,2,100000,11,8,0,20341,20345,1359,3,352,998,8339.456,74,False,False
189,3,295.6221422099984,43.86673479577439,1.0,CLIENT,7,2,100000,12,25,0,20329,20329,1344,3,347,990,26060.80000000001,74,False,False
189,4,316.0590428391351,246.24649479578522,1.0,CLIENT,7,2,100000,16,26,0,20322,20322,1343,3,347,981,27103.23200000001,74,False,False
189,5,-201.91341148774987,-264.1557052040733,1.0,CLIENT,7,2,100000,9,12,0,20346,20351,1357,3,351,992,12509.184000000003,74,False,False
189,6,-452.46347618222427,251.81249479597,1.0,CLIENT,7,2,100000,13,20,0,20310,20332,1345,3,349,983,20848.640000000007,74,False,False
189,7,491.59459243252405,-267.2726652041135,1.0,CLIENT,7,2,100000,18,45,0,20167,20350,1307,2,343,943,46909.440000000024,74,False,False
189,8,281.04698827232016,-85.59842520403066,1.0,CLIENT,7,2,100000,10,13,0,20337,20337,1357,2,350,997,13551.616000000004,74,False,False
189,9,328.4954513618679,368.2532147954376,1.0,CLIENT,7,2,100000,16,26,0,20315,20319,1343,3,348,982,27103.23200000001,74,False,False
189,10,-17.109965097577298,308.36305479556927,1.0,CLIENT,7,2,100000,12,16,0,20317,20317,1352,4,350,993,16678.912000000004,74,False,False
189,11,390.123004422717,399.42281479583954,1.0,CLIENT,7,2,100000,14,16,0,20305,20326,1352,2,350,982,16678.912000000004,74,False,False
189,12,291.2654385871699,183.7959747952624,1.0,CLIENT,7,2,100000,15,26,0,20323,20323,1343,3,347,981,27103.23200000001,74,False,False
189,13,-1.5050448494580055,191.03177479597719,1.0,CLIENT,7,2,100000,17,12,0,20279,20279,1358,2,351,993,12509.184000000003,74,False,False
189,14,-79.21279491774096,41.30637479591087,1.0,CLIENT,7,2,100000,14,13,0,20324,20324,1357,2,350,999,13551.616000000004,74,False,False
189,15,260.2140236773695,-195.58258520477096,1.0,CLIENT,7,2,100000,9,16,0,20370,20370,1354,2,350,984,16678.912000000004,74,False,False
189,16,401.292008255633,494.7127347957124,1.0,CLIENT,7,2,100000,15,36,0,20294,20370,1327,2,345,967,37527.55200000002,74,False,False
189,17,59.48880586620127,-202.03914520428924,1.0,CLIENT,7,2,100000,13,8,0,20312,20312,1362,2,352,998,8339.456,74,False,False
189,18,66.14268048985053,81.27025479546575,1.0,CLIENT,7,2,100000,15,20,0,20291,20291,1349,3,349,989,20848.640000000007,74,False,False
189,19,368.41869910320065,142.4962547959163,1.0,CLIENT,7,2,100000,14,12,0,20303,20303,1358,2,351,990,12509.184000000003,74,False,False
189,20,-484.06938064427686,259.7162147957894,1.0,CLIENT,7,2,100000,10,12,0,20304,20355,1350,3,351,981,12509.184000000003,74,False,False
189,21,-162.38622771223112,-211.39002520440982,1.0,CLIENT,7,2,100000,16,20,0,20319,20320,1349,3,349,994,20848.640000000007,74,False,False
189,22,-494.1294053726884,-63.44574520459247,1.0,CLIENT,7,2,100000,10,12,0,20328,20375,1353,3,351,992,12509.184000000003,74,False,False
189,23,-56.32029770078254,-136.805625204465,1.0,CLIENT,7,2,100000,14,4,0,20288,20288,1365,3,353,1002,4169.728,74,False,False
189,24,-146.30603070536014,420.7962547956632,1.0,CLIENT,7,2,100000,10,12,0,20333,20334,1358,2,351,996,12509.184000000003,74,False,False
189,25,483.03961077330524,-306.9025852045115,1.0,CLIENT,7,2,100000,12,20,0,20136,20380,1328,3,349,951,20848.640000000007,74,False,False
189,26,-121.0371496946433,-30.161065203993758,1.0,CLIENT,7,2,100000,12,20,0,20325,20325,1350,2,349,994,20848.640000000007,74,False,False
189,27,-160.08905671141036,411.8906547960003,1.0,CLIENT,7,2,100000,12,8,0,20328,20329,1361,3,352,997,8339.456,74,False,False
189,28,108.67995040488042,-201.9278252045703,1.0,CLIENT,7,2,100000,17,32,0,20314,20314,1338,2,346,974,33357.824000000015,74,False,False
189,29,-315.5045568474134,4.682094795834075,1.0,CLIENT,7,2,100000,12,18,0,20322,20322,1352,2,349,986,18763.776000000005,74,False,False
189,30,203.41845099753772,480.0184947956359,1.0,CLIENT,7,2,100000,10,28,0,20340,20341,1341,3,347,981,29188.096000000012,74,False,False
189,31,-466.3257149812122,323.39125479559357,1.0,CLIENT,7,2,100000,15,25,0,20253,20313,1338,3,347,983,26060.80000000001,74,False,False
189,32,44.43837517033417,384.2832947953053,1.0,CLIENT,7,2,100000,12,15,0,20311,20311,1355,2,349,990,15636.480000000005,74,False,False
189,33,483.99016429080865,18.26313479555722,1.0,CLIENT,7,2,100000,11,20,0,20325,20349,1347,3,349,985,20848.640000000007,74,False,False
189,34,411.8273097427963,-65.78346520422713,1.0,CLIENT,7,2,100000,12,16,0,20340,20348,1354,3,350,992,16678.912000000004,74,False,False
189,35,84.44083570460461,-406.86794520444465,1.0,CLIENT,7,2,100000,9,20,0,20382,20390,1348,2,349,975,20848.640000000007,74,False,False
189,36,-376.4984075630727,-281.63294520424216,1.0,CLIENT,7,2,100000,8,12,0,20327,20403,1348,2,351,983,12509.184000000003,74,False,False
189,37,182.66469919552472,-364.6776652041831,1.0,CLIENT,7,2,100000,14,21,0,20361,20367,1348,2,348,978,21891.072000000007,74,False,False
189,38,-338.79311802962303,148.84149479571562,1.0,CLIENT,7,2,100000,14,23,0,20336,20337,1346,3,348,992,23975.93600000001,74,False,False
189,39,-341.4071402033201,243.9087747953596,1.0,CLIENT,7,2,100000,17,24,0,20302,20306,1345,3,348,993,25018.36800000001,74,False,False
189,40,204.68585568791744,-309.0176652047083,1.0,CLIENT,7,2,100000,13,17,0,20354,20360,1352,3,349,991,17721.344000000005,74,False,False
189,41,-435.51193845078757,342.5382947955015,1.0,CLIENT,7,2,100000,12,20,0,20286,20335,1344,3,349,988,20848.640000000007,74,False,False
189,42,-97.90701409830905,125.01901479574741,1.0,CLIENT,7,2,100000,18,20,0,20286,20286,1350,2,349,998,20848.640000000007,74,False,False
189,43,-463.5532672216397,222.3126947953071,1.0,CLIENT,7,2,100000,16,18,0,20283,20308,1345,2,349,984,18763.776000000005,74,False,False
189,44,-396.06396746820644,154.63013479533828,1.0,CLIENT,7,2,100000,14,16,0,20301,20304,1352,3,350,997,16678.912000000004,74,False,False
189,45,441.8489583415927,487.47693479578857,1.0,CLIENT,7,2,100000,18,36,0,20193,20320,1324,3,345,966,37527.55200000002,74,False,False
189,46,-260.05560165089906,-20.25358520448748,1.0,CLIENT,7,2,100000,12,12,0,20312,20312,1357,3,351,994,12509.184000000003,74,False,False
189,47,70.1825329398027,80.93629479551794,1.0,CLIENT,7,2,100000,15,22,0,20305,20306,1347,2,348,993,22933.504000000008,74,False,False
189,48,-225.91488780864984,6.908494795749789,1.0,CLIENT,7,2,100000,11,16,0,20311,20311,1353,3,350,994,16678.912000000004,74,False,False
189,49,-318.5146429863617,-9.678185204294607,1.0,CLIENT,7,2,100000,17,25,0,20312,20312,1344,3,347,981,26060.80000000001,74,False,False
189,50,-0.6337041248923033,-216.73338520436573,1.0,CLIENT,7,2,100000,12,20,0,20320,20320,1350,2,349,986,20848.640000000007,74,False,False
189,51,-334.1987760279815,-123.78118520412755,1.0,CLIENT,7,2,100000,12,24,0,20337,20341,1346,2,348,988,25018.36800000001,74,False,False
189,52,390.59828118203154,215.4108547953311,1.0,CLIENT,7,2,100000,8,11,0,20346,20347,1359,2,351,995,11466.752000000002,74,False,False
189,53,38.49741568481243,-443.9375052041882,1.0,CLIENT,7,2,100000,11,17,0,20345,20362,1352,2,350,975,17721.344000000005,74,False,False
189,54,-295.14686901121445,419.349094795362,1.0,CLIENT,7,2,100000,10,16,0,20342,20360,1352,3,350,982,16678.912000000004,74,False,False
189,55,310.03887056067566,241.01445479554826,1.0,CLIENT,7,2,100000,10,16,0,20352,20352,1353,3,350,992,16678.912000000004,74,False,False
189,56,430.9175928886155,491.2618147957244,1.0,CLIENT,7,2,100000,11,18,0,20268,20379,1341,3,349,969,18763.776000000005,74,False,False
189,57,-136.48364435632442,393.85681479565477,1.0,CLIENT,7,2,100000,11,16,0,20351,20352,1353,3,350,997,16678.912000000004,74,False,False
189,58,175.69397339956194,303.57629479579003,1.0,CLIENT,7,2,100000,11,12,0,20316,20317,1357,2,351,999,12509.184000000003,74,False,False
189,59,358.2794615818514,181.3469347959088,1.0,CLIENT,7,2,100000,10,9,0,20349,20349,1361,2,351,996,9381.888,74,False,False
189,60,-479.71267702144837,-82.37014520427152,1.0,CLIENT,7,2,100000,13,26,0,20313,20371,1339,3,347,975,27103.23200000001,74,False,False
189,61,-402.0841397466659,480.90905479576037,1.0,CLIENT,7,2,100000,14,26,0,20229,20352,1327,2,348,965,27103.23200000001,74,False,False
189,62,-190.5859820689586,140.60381479594838,1.0,CLIENT,7,2,100000,10,8,0,20323,20323,1362,2,352,1005,8339.456,74,False,False
189,63,-244.13383023046623,-364.3437052042353,1.0,CLIENT,7,2,100000,14,24,0,20289,20354,1336,3,348,975,25018.36800000001,74,False,False
189,64,-409.84699347425675,229.8824547959697,1.0,CLIENT,7,2,100000,10,13,0,20321,20335,1356,3,350,988,13551.616000000004,74,False,False
189,65,-183.13997951424412,307.138534795497,1.0,CLIENT,7,2,100000,16,20,0,20317,20317,1349,3,349,993,20848.640000000007,74,False,False
189,66,376.7360423824808,280.42173479571744,1.0,CLIENT,7,2,100000,15,22,0,20313,20316,1348,2,348,993,22933.504000000008,74,False,False
189,67,93.15424294969878,183.7959747952624,1.0,CLIENT,7,2,100000,12,6,0,20316,20316,1362,4,352,1004,6254.592,74,False,False
189,68,242.78720918718113,26.389494795605515,1.0,CLIENT,7,2,100000,10,11,0,20345,20345,1358,3,351,996,11466.752000000002,74,False,False
189,69,246.58942325775746,209.8448547959373,1.0,CLIENT,7,2,100000,11,20,0,20319,20319,1350,2,349,996,20848.640000000007,74,False,False
189,70,-353.0514207944249,-144.26406520461768,1.0,CLIENT,7,2,100000,11,16,0,20330,20338,1352,3,350,987,16678.912000000004,74,False,False
189,71,-486.52497723153584,-140.14522520473406,1.0,CLIENT,7,2,100000,9,21,0,20255,20360,1330,3,350,964,21891.072000000007,74,False,False
189,72,351.70479975113983,430.5924147954505,1.0,CLIENT,7,2,100000,10,10,0,20340,20353,1359,3,351,989,10424.320000000002,74,False,False
189,73,-354.0811871054288,78.04197479570661,1.0,CLIENT,7,2,100000,17,20,0,20303,20303,1349,3,349,983,20848.640000000007,74,False,False
189,74,198.98253458177155,146.50377479528998,1.0,CLIENT,7,2,100000,12,18,0,20311,20311,1351,3,349,989,18763.776000000005,74,False,False

190,0,-406.83690733530847,327.9553747959349,1.0,CLIENT,7,2,100000,13,24,0,20141,20172,1342,2,347,984,25018.36800000001,74,False,False
190,1,349.4076287503191,240.90313479582932,1.0,CLIENT,7,2,100000,15,20,0,20092,20113,1345,2,348,994,20848.640000000007,74,False,False
190,2,81.58917515153166,-218.8484652045625,1.0,CLIENT,7,2,100000,11,4,0,20122,20122,1365,2,352,1001,4169.728,74,False,False
190,3,22.021154712127434,-489.24474520448996,1.0,CLIENT,7,2,100000,12,28,0,20125,20131,1341,2,346,990,29188.096000000012,74,False,False
190,4,67.48929797316792,-341.5231052041105,1.0,CLIENT,7,2,100000,16,24,0,20105,20105,1345,2,347,981,25018.36800000001,74,False,False
190,5,-15.367283649008735,-50.643945204483884,1.0,CLIENT,7,2,100000,9,8,0,20092,20092,1360,3,351,998,8339.456,74,False,False
190,6,-55.924233734968524,225.4296547953473,1.0,CLIENT,7,2,100000,13,12,0,20099,20099,1357,2,350,1001,12509.184000000003,74,False,False
190,7,-316.2966847784786,-411.3207452042761,1.0,CLIENT,7,2,100000,18,42,0,20083,20118,1325,1,344,969,43782.14400000002,74,False,False
190,8,-343.6250984112032,-461.526065204076,1.0,CLIENT,7,2,100000,10,24,0,20093,20186,1339,2,347,985,25018.36800000001,74,False,False
190,9,124.12644506656153,258.49169479571714,1.0,CLIENT,7,2,100000,16,12,0,20072,20072,1357,2,350,1003,12509.184000000003,74,False,False
190,10,-257.6792178565778,457.8658147954067,1.0,CLIENT,7,2,100000,12,20,0,20105,20144,1344,2,348,982,20848.640000000007,74,False,False
190,11,245.63886973969124,-445.71862520443716,1.0,CLIENT,7,2,100000,14,16,0,20095,20114,1351,3,349,987,16678.912000000004,74,False,False
190,12,159.93062756500447,-474.77314520464233,1.0,CLIENT,7,2,100000,15,25,0,20096,20110,1342,3,346,982,26060.80000000001,74,False,False
190,13,304.09791107571675,396.0832147955705,1.0,CLIENT,7,2,100000,17,21,0,20036,20109,1341,2,348,980,21891.072000000007,74,False,False
190,14,-130.22583369848917,280.1990947954886,1.0,CLIENT,7,2,100000,14,12,0,20102,20102,1357,2,350,1006,12509.184000000003,74,False,False
190,15,-184.56580979049917,-174.65442520461409,1.0,CLIENT,7,2,100000,9,13,0,20131,20131,1355,3,349,995,13551.616000000004,74,False,False
190,16,-104.4816759284578,-455.40346520450555,1.0,CLIENT,7,2,100000,15,24,0,20109,20112,1345,2,347,994,25018.36800000001,74,False,False
190,17,121.98769965217895,-117.21330520409936,1.0,CLIENT,7,2,100000,13,8,0,20107,20107,1360,3,351,1004,8339.456,74,False,False
190,18,412.61943767386146,278.4179747952396,1.0,CLIENT,7,2,100000,15,25,0,20042,20115,1333,3,346,974,26060.80000000001,74,False,False
190,19,-280.7301406599744,-349.6494652041588,1.0,CLIENT,7,2,100000,14,20,0,20125,20132,1348,2,348,987,20848.640000000007,74,False,False
190,20,-292.29520845814153,394.9700147960081,1.0,CLIENT,7,2,100000,10,13,0,20134,20151,1354,1,350,989,13551.616000000004,74,False,False
190,21,431.0760184750536,176.56017479533858,1.0,CLIENT,7,2,100000,17,20,0,20069,20104,1342,2,348,988,20848.640000000007,74,False,False
190,22,-213.24084090654117,-411.432065203995,1.0,CLIENT,7,2,100000,10,12,0,20130,20135,1356,2,350,992,12509.184000000003,74,False,False
190,23,-377.76581225345245,235.11449479541568,1.0,CLIENT,7,2,100000,14,8,0,20125,20131,1360,3,351,991,8339.456,74,False,False
190,24,-144.4841364632911,-468.87318520450975,1.0,CLIENT,7,2,100000,10,12,0,20120,20128,1357,2,350,996,12509.184000000003,74,False,False
190,25,207.77515461980337,-148.0489452045535,1.0,CLIENT,7,2,100000,12,8,0,20105,20105,1360,3,351,1005,8339.456,74,False,False
190,26,206.27011155061066,-384.26998520454873,1.0,CLIENT,7,2,100000,12,27,0,20133,20135,1341,2,347,977,28145.66400000001,74,False,False
190,27,257.4415759172342,-274.5084652040373,1.0,CLIENT,7,2,100000,12,9,0,20121,20121,1360,2,350,992,9381.888,74,False,False
190,28,310.1180833541762,-495.0333852041126,1.0,CLIENT,7,2,100000,17,37,0,20016,20141,1321,2,344,956,38569.98400000002,74,False,False
190,29,-355.9030813474979,-382.2662252040709,1.0,CLIENT,7,2,100000,12,25,0,20113,20144,1343,2,346,987,26060.80000000001,74,False,False
190,30,35.01205278654962,63.01377479568231,1.0,CLIENT,7,2,100000,10,25,0,20119,20119,1343,3,346,990,26060.80000000001,74,False,False
190,31,-357.80418838306747,239.67861479575703,1.0,CLIENT,7,2,100000,15,27,0,20117,20120,1342,2,345,984,28145.66400000001,74,False,False
190,32,-85.86666954139022,182.68277479570003,1.0,CLIENT,7,2,100000,12,14,0,20086,20086,1355,2,349,1005,14594.048000000004,74,False,False
190,33,-372.3793423201829,-121.7774252044407,1.0,CLIENT,7,2,100000,11,20,0,20136,20137,1348,3,348,996,20848.640000000007,74,False,False
190,34,148.20713418039915,90.73245479530527,1.0,CLIENT,7,2,100000,12,12,0,20102,20102,1356,3,350,997,12509.184000000003,74,False,False
190,35,-308.8506822237642,-348.5362652045964,1.0,CLIENT,7,2,100000,9,12,0,20127,20135,1356,2,350,992,12509.184000000003,74,False,False
190,36,169.67380112110254,-89.60594520419534,1.0,CLIENT,7,2,100000,8,8,0,20127,20127,1360,3,351,1006,8339.456,74,False,False
190,37,-179.0209142713543,-448.2789852043007,1.0,CLIENT,7,2,100000,14,19,0,20126,20137,1349,2,348,992,19806.208000000006,74,False,False
190,38,359.78450465104413,143.94341479542646,1.0,CLIENT,7,2,100000,14,20,0,20111,20118,1345,3,348,995,20848.640000000007,74,False,False
190,39,-238.82657309013436,389.5153347955423,1.0,CLIENT,7,2,100000,17,29,0,20101,20113,1340,2,345,983,30230.528000000013,74,False,False
190,40,438.91808499558215,-4.112185204109835,1.0,CLIENT,7,2,100000,13,16,0,20105,20114,1352,3,349,984,16678.912000000004,74,False,False
190,41,-51.013040560450655,-174.43178520438522,1.0,CLIENT,7,2,100000,12,17,0,20112,20112,1352,2,348,993,17721.344000000005,74,False,False
190,42,-146.62288187767365,110.65873479561873,1.0,CLIENT,7,2,100000,18,20,0,20087,20087,1349,2,348,1000,20848.640000000007,74,False,False
190,43,43.56703444576847,-229.53518520447432,1.0,CLIENT,7,2,100000,16,17,0,20091,20091,1352,2,348,997,17721.344000000005,74,False,False
190,44,187.33825399066674,-174.43178520438522,1.0,CLIENT,7,2,100000,14,16,0,20096,20096,1352,3,349,992,16678.912000000004,74,False,False
190,45,183.4568271265899,120.78885479535387,1.0,CLIENT,7,2,100000,18,32,0,20086,20087,1336,2,345,983,33357.824000000015,74,False,False
190,46,-494.36704375206426,249.5860947952633,1.0,CLIENT,7,2,100000,12,24,0,20143,20180,1337,3,347,975,25018.36800000001,74,False,False
190,47,322.23764070403263,-227.19746520404868,1.0,CLIENT,7,2,100000,15,28,0,20105,20105,1340,3,346,979,29188.096000000012,74,False,False
190,48,410.55990505241647,150.17733479550685,1.0,CLIENT,7,2,100000,11,16,0,20108,20131,1349,2,349,989,16678.912000000004,74,False,False
190,49,-119.69053221076308,474.89777479590884,1.0,CLIENT,7,2,100000,17,34,0,20114,20136,1331,2,344,977,35442.68800000002,74,False,False
190,50,-317.16802550304436,124.6850547957996,1.0,CLIENT,7,2,100000,12,20,0,20124,20124,1348,3,348,999,20848.640000000007,74,False,False
190,51,-393.5291580880099,-112.31522520460118,1.0,CLIENT,7,2,100000,12,21,0,20118,20118,1348,2,347,1000,21891.072000000007,74,False,False
190,52,-102.18450492763705,-209.49758520444192,1.0,CLIENT,7,2,100000,8,7,0,20106,20106,1362,3,351,1008,7297.023999999999,74,False,False
190,53,193.20000068268797,-336.6250252046123,1.0,CLIENT,7,2,100000,11,12,0,20121,20121,1357,2,350,992,12509.184000000003,74,False,False
190,54,312.25682876855876,317.6026147959709,1.0,CLIENT,7,2,100000,10,16,0,20103,20137,1348,1,349,994,16678.912000000004,74,False,False
190,55,-23.843052514727074,177.11677479551525,1.0,CLIENT,7,2,100000,10,11,0,20113,20113,1358,2,350,1001,11466.752000000002,74,False,False
190,56,383.62755538550596,330.6270547955174,1.0,CLIENT,7,2,100000,11,20,0,20052,20140,1334,2,349,970,20848.640000000007,74,False,False
190,57,-98.61992923643658,-5.002745204234316,1.0,CLIENT,7,2,100000,11,14,0,20106,20106,1354,3,349,993,14594.048000000004,74,False,False
190,58,2.5348076004941555,-73.01926520415094,1.0,CLIENT,7,2,100000,11,12,0,20102,20102,1356,3,350,1000,12509.184000000003,74,False,False
190,59,-275.739734691956,105.76065479532957,1.0,CLIENT,7,2,100000,10,9,0,20139,20139,1360,2,350,994,9381.888,74,False,False
190,60,450.80000396662564,65.12885479587908,1.0,CLIENT,7,2,100000,13,24,0,20126,20141,1342,3,347,991,25018.36800000001,74,False,False
190,61,-475.5936117785585,-499.486185204735,1.0,CLIENT,7,2,100000,14,34,0,19576,20137,1296,1,345,937,35442.68800000002,74,False,False
190,62,176.72373971000297,50.99121479597926,1.0,CLIENT,7,2,100000,10,8,0,20102,20102,1360,3,351,1000,8339.456,74,False,False
190,63,281.3638394451965,328.06669479565386,1.0,CLIENT,7,2,100000,14,20,0,20092,20119,1346,2,348,986,20848.640000000007,74,False,False
190,64,134.50332096784945,26.389494795605515,1.0,CLIENT,7,2,100000,10,13,0,20122,20122,1355,3,349,998,13551.616000000004,74,False,False
190,65,310.91021128524136,96.29845479549004,1.0,CLIENT,7,2,100000,16,18,0,20098,20099,1349,3,348,997,18763.776000000005,74,False,False
190,66,86.7380067059882,-24.149785204142233,1.0,CLIENT,7,2,100000,16,21,0,20108,20108,1347,3,347,991,21891.072000000007,74,False,False
190,67,173.47601519167884,467.43933479575617,1.0,CLIENT,7,2,100000,12,15,0,20085,20150,1349,1,349,984,15636.480000000005,74,False,False
190,68,371.824849207963,410.8887747953659,1.0,CLIENT,7,2,100000,10,12,0,20003,20157,1331,2,350,956,12509.184000000003,74,False,False
190,69,219.89471197022272,361.6853347954094,1.0,CLIENT,7,2,100000,11,20,0,20118,20138,1348,2,348,993,20848.640000000007,74,False,False
190,70,487.3171016026332,-167.86390520435702,1.0,CLIENT,7,2,100000,11,16,0,20118,20139,1346,3,349,984,16678.912000000004,74,False,False
190,71,228.0536296630647,-51.423185204098445,1.0,CLIENT,7,2,100000,9,12,0,20119,20119,1356,3,350,1005,12509.184000000003,74,False,False
190,72,-113.35350875999016,444.17345479596463,1.0,CLIENT,7,2,100000,10,14,0,20149,20160,1355,2,349,1000,14594.048000000004,74,False,False
190,73,-250.86691764705319,-84.26258520423943,1.0,CLIENT,7,2,100000,17,24,0,20111,20111,1343,4,347,991,25018.36800000001,74,False,False
190,74,-174.90184902790162,-303.1177052045757,1.0,CLIENT,7,2,100000,12,20,0,20125,20125,1349,2,348,988,20848.640000000007,74,False,False

191,0,-37.071588968525106,-133.13206520424814,1.0,CLIENT,7,2,100000,13,11,0,20321,20321,1362,12,348,1007,11466.752000000002,74,False,False
191,1,48.6366532067245,419.79437479581975,1.0,CLIENT,7,2,100000,15,12,0,20311,20315,1361,10,348,1007,12509.184000000003,74,False,False
191,2,-342.9121832730757,5.0160547957818835,1.0,CLIENT,7,2,100000,11,4,0,20344,20344,1371,10,350,1009,4169.728,74,False,False
191,3,-108.04625161965828,-15.800785204656052,1.0,CLIENT,7,2,100000,12,19,0,20348,20348,1350,16,345,997,19806.208000000006,74,False,False
191,4,-239.85633940113823,68.69109479558603,1.0,CLIENT,7,2,100000,16,24,0,20310,20310,1350,11,345,995,25018.36800000001,74,False,False
191,5,-211.10209549215858,-391.0605052040148,1.0,CLIENT,7,2,100000,9,12,0,20332,20374,1357,9,348,997,12509.184000000003,74,False,False
191,6,182.03099685033484,-407.6471852040592,1.0,CLIENT,7,2,100000,13,22,0,20341,20373,1346,10,345,982,22933.504000000008,74,False,False
191,7,-485.1783597482184,417.90193479585184,1.0,CLIENT,7,2,100000,18,44,0,20147,20372,1307,12,339,954,45867.00800000002,74,False,False
191,8,-143.4543701522872,-459.0770252047224,1.0,CLIENT,7,2,100000,10,23,0,20322,20384,1346,9,345,993,23975.93600000001,74,False,False
191,9,24.159900127072856,477.45813479577237,1.0,CLIENT,7,2,100000,16,24,0,20329,20349,1351,9,345,996,25018.36800000001,74,False,False
191,10,-73.27183543221922,413.6717747954583,1.0,CLIENT,7,2,100000,12,16,0,20337,20343,1360,8,347,1002,16678.912000000004,74,False,False
191,11,-286.7503129384338,314.93093479559747,1.0,CLIENT,7,2,100000,14,16,0,20339,20344,1357,12,347,998,16678.912000000004,74,False,False
191,12,358.4378871677268,-291.7630652047683,1.0,CLIENT,7,2,100000,15,29,0,20315,20378,1338,12,344,977,30230.528000000013,74,False,False
191,13,-346.08069499846215,-395.4019852041273,1.0,CLIENT,7,2,100000,17,28,0,20230,20361,1335,10,344,976,29188.096000000012,74,False,False
191,14,278.9082428579376,-491.9164252040724,1.0,CLIENT,7,2,100000,14,32,0,20148,20386,1316,8,344,938,33357.824000000015,74,False,False
191,15,-460.22632990981504,473.2279747953788,1.0,CLIENT,7,2,100000,9,16,0,20094,20375,1327,11,347,964,16678.912000000004,74,False,False
191,16,454.602218037202,313.03849479562956,1.0,CLIENT,7,2,100000,15,28,0,20242,20345,1335,13,344,981,29188.096000000012,74,False,False
191,17,495.4760192960381,-28.936545204712445,1.0,CLIENT,7,2,100000,13,8,0,20300,20344,1362,11,349,1003,8339.456,74,False,False
191,18,-402.40099091954227,486.2524147957163,1.0,CLIENT,7,2,100000,15,32,0,20171,20357,1322,9,343,968,33357.824000000015,74,False,False
191,19,-84.12398809225883,51.102534795698205,1.0,CLIENT,7,2,100000,14,12,0,20322,20322,1356,17,348,999,12509.184000000003,74,False,False
191,20,-72.95498425990571,-262.5972252040532,1.0,CLIENT,7,2,100000,10,8,0,20342,20342,1368,9,349,1004,8339.456,74,False,False
191,21,224.72669235124008,287.5462147959223,1.0,CLIENT,7,2,100000,16,19,0,20315,20317,1352,14,346,996,19806.208000000006,74,False,False
191,22,111.61082375089103,272.29537479566915,1.0,CLIENT,7,2,100000,10,11,0,20327,20327,1363,11,348,1009,11466.752000000002,74,False,False
191,23,230.6676518367618,-59.7721852043756,1.0,CLIENT,7,2,100000,14,4,0,20335,20335,1368,13,350,1011,4169.728,74,False,False
191,24,138.62238621073928,-106.97186520464527,1.0,CLIENT,7,2,100000,10,12,0,20328,20328,1361,12,348,1005,12509.184000000003,74,False,False
191,25,-193.99213217428374,466.66009479535063,1.0,CLIENT,7,2,100000,12,16,0,20359,20383,1356,9,347,999,16678.912000000004,74,False,False
191,26,-205.87405114476437,-196.5844652046144,1.0,CLIENT,7,2,100000,12,20,0,20354,20354,1354,11,346,999,20848.640000000007,74,False,False
191,27,316.6927451843249,-352.4324652042512,1.0,CLIENT,7,2,100000,12,20,0,20302,20380,1349,10,346,983,20848.640000000007,74,False,False
191,28,-42.77491007410816,150.84525479540247,1.0,CLIENT,7,2,100000,17,24,0,20310,20310,1346,15,345,995,25018.36800000001,74,False,False
191,29,120.64108216886156,404.8774947955144,1.0,CLIENT,7,2,100000,12,17,0,20326,20335,1356,10,347,998,17721.344000000005,74,False,False
191,30,-168.88167674944222,417.1226947954463,1.0,CLIENT,7,2,100000,10,28,0,20361,20368,1346,10,344,997,29188.096000000012,74,False,False
191,31,-431.63051158727353,175.78093479572402,1.0,CLIENT,7,2,100000,15,31,0,20351,20355,1341,13,342,989,32315.392000000014,74,False,False
191,32,452.3842598293188,409.77557479580355,1.0,CLIENT,7,2,100000,12,26,0,20128,20362,1321,11,344,970,27103.23200000001,74,False,False
191,33,233.67773797627294,-355.1041452046246,1.0,CLIENT,7,2,100000,11,20,0,20350,20375,1352,10,346,993,20848.640000000007,74,False,False
191,34,-84.83690323038635,8.021694795312158,1.0,CLIENT,7,2,100000,12,12,0,20324,20325,1357,15,348,997,12509.184000000003,74,False,False
191,35,-24.87281882516811,-158.7356652044653,1.0,CLIENT,7,2,100000,9,12,0,20333,20333,1362,11,348,1003,12509.184000000003,74,False,False
191,36,-428.54121265482485,-421.4508652040112,1.0,CLIENT,7,2,100000,8,12,0,20056,20372,1330,9,347,958,12509.184000000003,74,False,False
191,37,-403.27233164410796,-503.1597452041609,1.0,CLIENT,7,2,100000,14,30,0,19816,20324,1291,6,345,919,31272.960000000014,74,False,False
191,38,254.43148977828594,-69.12306520449619,1.0,CLIENT,7,2,100000,14,16,0,20332,20332,1357,12,347,997,16678.912000000004,74,False,False
191,39,146.86051669708178,-118.10386520422384,1.0,CLIENT,7,2,100000,17,19,0,20321,20321,1354,12,345,999,19806.208000000006,74,False,False
191,40,398.59877328843544,20.37821479575399,1.0,CLIENT,7,2,100000,13,17,0,20366,20368,1357,11,347,1001,17721.344000000005,74,False,False
191,41,-175.93161533890552,-188.56942520428504,1.0,CLIENT,7,2,100000,12,16,0,20331,20331,1359,10,347,1003,16678.912000000004,74,False,False
191,42,-100.60024906494382,-133.354705204477,1.0,CLIENT,7,2,100000,18,20,0,20315,20315,1356,9,346,998,20848.640000000007,74,False,False
191,43,-145.75154115310795,147.06037479546666,1.0,CLIENT,7,2,100000,16,20,0,20318,20318,1352,13,346,1000,20848.640000000007,74,False,False
191,44,323.58425818735003,196.9317347953188,1.0,CLIENT,7,2,100000,14,24,0,20340,20342,1347,14,345,990,25018.36800000001,74,False,False
191,45,105.90750264474514,129.02653479591208,1.0,CLIENT,7,2,100000,18,32,0,20318,20318,1339,14,343,993,33357.824000000015,74,False,False
191,46,-13.228538234063313,-229.0899052040166,1.0,CLIENT,7,2,100000,12,12,0,20348,20348,1364,9,348,1006,12509.184000000003,74,False,False
191,47,-104.87773989427183,121.67941479547835,1.0,CLIENT,7,2,100000,15,20,0,20320,20320,1351,14,346,993,20848.640000000007,74,False,False
191,48,461.1768798673507,494.4900947954835,1.0,CLIENT,7,2,100000,11,37,0,19906,20363,1281,11,344,913,38569.98400000002,74,False,False
191,49,-1.3466192635826713,135.59441479594028,1.0,CLIENT,7,2,100000,16,21,0,20320,20320,1347,17,345,995,21891.072000000007,74,False,False
191,50,82.53972866959786,116.55869479575131,1.0,CLIENT,7,2,100000,12,20,0,20328,20328,1353,12,346,997,20848.640000000007,74,False,False
191,51,235.18278104546565,-169.42238520437712,1.0,CLIENT,7,2,100000,11,20,0,20342,20343,1353,12,346,996,20848.640000000007,74,False,False
191,52,-387.1921346366741,330.7383747952363,1.0,CLIENT,7,2,100000,8,16,0,20380,20406,1354,13,347,994,16678.912000000004,74,False,False
191,53,-341.72399137563366,27.50269479595886,1.0,CLIENT,7,2,100000,11,16,0,20376,20378,1357,11,347,994,16678.912000000004,74,False,False
191,54,-66.22189684331877,81.71553479592347,1.0,CLIENT,7,2,100000,10,12,0,20333,20333,1356,17,348,1003,12509.184000000003,74,False,False
191,55,-19.64477447833674,-139.03202520438072,1.0,CLIENT,7,2,100000,10,10,0,20350,20350,1364,11,348,1005,10424.320000000002,74,False,False
191,56,-438.91808855554984,-74.24378520422323,1.0,CLIENT,7,2,100000,11,16,0,20355,20375,1355,10,347,994,16678.912000000004,74,False,False
191,57,273.52177292410516,442.7262947956635,1.0,CLIENT,7,2,100000,11,14,0,20293,20360,1355,11,347,995,14594.048000000004,74,False,False
191,58,319.14834177158383,324.94973479561367,1.0,CLIENT,7,2,100000,11,12,0,20287,20327,1355,14,348,996,12509.184000000003,74,False,False
191,59,102.73899091935867,332.40817479576634,1.0,CLIENT,7,2,100000,10,8,0,20342,20343,1365,11,349,1010,8339.456,74,False,False
191,60,-145.3554771878568,-136.58298520423614,1.0,CLIENT,7,2,100000,13,19,0,20339,20339,1354,12,346,996,19806.208000000006,74,False,False
191,61,-29.784011999685976,97.63429479528128,1.0,CLIENT,7,2,100000,14,15,0,20322,20322,1354,16,347,1001,15636.480000000005,74,False,False
191,62,-498.090045029703,-38.17610520432311,1.0,CLIENT,7,2,100000,10,13,0,20367,20387,1361,9,347,1004,13551.616000000004,74,False,False
191,63,46.57712058471675,-0.10466520473613627,1.0,CLIENT,7,2,100000,14,13,0,20324,20324,1357,15,347,1005,13551.616000000004,74,False,False
191,64,340.37737033234856,483.246774795395,1.0,CLIENT,7,2,100000,10,19,0,20132,20355,1334,10,346,977,19806.208000000006,74,False,False
191,65,284.13628720476896,-488.24286520464653,1.0,CLIENT,7,2,100000,16,29,0,20102,20362,1321,9,344,962,30230.528000000013,74,False,False
191,66,-253.24330144137446,-421.3395452042923,1.0,CLIENT,7,2,100000,15,28,0,20289,20366,1336,9,344,987,29188.096000000012,74,False,False
191,67,445.4135340327932,166.76401479555125,1.0,CLIENT,7,2,100000,12,11,0,20322,20353,1357,13,348,991,11466.752000000002,74,False,False
191,68,388.85559973290015,-177.54874520442542,1.0,CLIENT,7,2,100000,10,8,0,20341,20356,1364,12,349,996,8339.456,74,False,False
191,69,-121.35400086695682,-37.17422520447968,1.0,CLIENT,7,2,100000,11,20,0,20333,20333,1350,15,346,992,20848.640000000007,74,False,False
191,70,-148.36556332680507,-409.65094520453704,1.0,CLIENT,7,2,100000,11,16,0,20347,20376,1356,9,347,998,16678.912000000004,74,False,False
191,71,179.57540026307592,96.74373479594777,1.0,CLIENT,7,2,100000,8,12,0,20336,20336,1360,13,348,1008,12509.184000000003,74,False,False
191,72,-263.54096454916186,110.21345479595198,1.0,CLIENT,7,2,100000,10,11,0,20368,20368,1361,13,348,1008,11466.752000000002,74,False,False
191,73,-10.931367233242556,-160.85074520466208,1.0,CLIENT,7,2,100000,17,19,0,20312,20312,1356,10,346,1000,19806.208000000006,74,False,False
191,74,-10.218452094552188,-461.08078520440927,1.0,CLIENT,7,2,100000,12,21,0,20317,20337,1353,7,346,996,21891.072000000007,74,False,False

192,0,402.321774566074,157.07917479548286,1.0,CLIENT,7,2,100000,13,16,0,20392,20418,1362,3,354,999,16678.912000000004,74,False,False
192,1,9.426320603519265,-497.37110520453825,1.0,CLIENT,7,2,100000,15,20,0,20378,20421,1357,2,353,1002,20848.640000000007,74,False,False
192,2,415.62952381337254,152.73769479537037,1.0,CLIENT,7,2,100000,11,13,0,20419,20448,1365,2,354,1001,13551.616000000004,74,False,False
192,3,25.189666437513893,450.6300147954829,1.0,CLIENT,7,2,100000,12,21,0,20393,20409,1359,2,352,999,21891.072000000007,74,False,False
192,4,306.8703588352892,122.23601479565502,1.0,CLIENT,7,2,100000,16,24,0,20391,20394,1356,2,352,997,25018.36800000001,74,False,False
192,5,-222.82558887620107,-293.6555052047362,1.0,CLIENT,7,2,100000,9,12,0,20438,20438,1367,3,355,1006,12509.184000000003,74,False,False
192,6,284.13628720476896,59.78549479592317,1.0,CLIENT,7,2,100000,13,17,0,20413,20413,1363,2,353,992,17721.344000000005,74,False,False
192,7,99.2536280216587,-450.8393452041642,1.0,CLIENT,7,2,100000,18,34,0,20360,20413,1343,2,349,987,35442.68800000002,74,False,False
192,8,-415.78795295977847,-432.24890520443296,1.0,CLIENT,7,2,100000,10,22,0,20334,20450,1353,3,352,989,22933.504000000008,74,False,False
192,9,209.0425593101831,442.39233479571567,1.0,CLIENT,7,2,100000,16,24,0,20326,20416,1342,3,352,981,25018.36800000001,74,False,False
192,10,407.15375494765425,-467.7599852041564,1.0,CLIENT,7,2,100000,12,26,0,19894,20403,1307,1,349,934,27103.23200000001,74,False,False
192,11,201.75498234134398,-385.494505204621,1.0,CLIENT,7,2,100000,14,20,0,20400,20448,1355,1,353,992,20848.640000000007,74,False,False
192,12,-290.07725025025843,325.6176547955093,1.0,CLIENT,7,2,100000,15,28,0,20425,20438,1351,2,351,983,29188.096000000012,74,False,False
192,13,-53.547849941210096,216.19009479573663,1.0,CLIENT,7,2,100000,17,12,0,20392,20392,1368,2,355,1004,12509.184000000003,74,False,False
192,14,68.20221311129545,-133.0207452045292,1.0,CLIENT,7,2,100000,14,12,0,20391,20391,1368,2,355,1012,12509.184000000003,74,False,False
192,15,-15.525709234884069,376.60221479571476,1.0,CLIENT,7,2,100000,9,11,0,20422,20422,1368,3,355,1004,11466.752000000002,74,False,False
192,16,400.895944289819,46.983694795814586,1.0,CLIENT,7,2,100000,15,28,0,20418,20422,1350,2,351,985,29188.096000000012,74,False,False
192,17,-458.00837170193205,-275.62166520439064,1.0,CLIENT,7,2,100000,13,16,0,20419,20444,1361,3,354,989,16678.912000000004,74,False,False
192,18,-307.0287879816951,-362.4512652042674,1.0,CLIENT,7,2,100000,15,32,0,20437,20441,1346,3,350,990,33357.824000000015,74,False,False
192,19,-27.40762820592755,-100.73794520456488,1.0,CLIENT,7,2,100000,14,16,0,20416,20416,1364,2,354,1008,16678.912000000004,74,False,False
192,20,-500.78327999633774,347.10241479584283,1.0,CLIENT,7,2,100000,10,12,0,20257,20460,1352,2,355,973,12509.184000000003,74,False,False
192,21,374.6765097610359,165.65081479598888,1.0,CLIENT,7,2,100000,17,19,0,20391,20402,1359,2,353,994,19806.208000000006,74,False,False
192,22,-240.09397778051408,-430.467785204184,1.0,CLIENT,7,2,100000,10,15,0,20439,20448,1365,2,355,990,15636.480000000005,74,False,False
192,23,-342.8329704795752,-118.88310520462937,1.0,CLIENT,7,2,100000,14,8,0,20431,20431,1370,4,356,1002,8339.456,74,False,False
192,24,-323.26741057500425,469.1091347954952,1.0,CLIENT,7,2,100000,10,12,0,20328,20445,1359,2,355,981,12509.184000000003,74,False,False
192,25,381.2511715917475,7.019814795468733,1.0,CLIENT,7,2,100000,12,16,0,20435,20438,1364,2,354,998,16678.912000000004,74,False,False
192,26,305.5237413519718,-376.922865204115,1.0,CLIENT,7,2,100000,12,24,0,20305,20431,1346,1,352,976,25018.36800000001,74,False,False
192,27,-270.432477552187,351.22125479572645,1.0,CLIENT,7,2,100000,12,15,0,20425,20436,1362,2,354,996,15636.480000000005,74,False,False
192,28,196.2100868221991,46.872374795304665,1.0,CLIENT,7,2,100000,17,31,0,20401,20401,1349,2,350,995,32315.392000000014,74,False,False
192,29,315.9798300461974,-80.36638520458467,1.0,CLIENT,7,2,100000,12,24,0,20441,20443,1356,2,352,997,25018.36800000001,74,False,False
192,30,-425.05584975656205,489.92597479593314,1.0,CLIENT,7,2,100000,10,34,0,20144,20450,1316,1,349,948,35442.68800000002,74,False,False
192,31,-341.01107623750613,-417.55466520435647,1.0,CLIENT,7,2,100000,15,33,0,20398,20430,1341,3,348,979,34400.256000000016,74,False,False
192,32,-198.8241125553011,-24.595065204599962,1.0,CLIENT,7,2,100000,12,20,0,20414,20414,1358,4,353,1002,20848.640000000007,74,False,False
192,33,-73.11340984634388,359.5702547960036,1.0,CLIENT,7,2,100000,11,13,0,20409,20409,1367,2,354,1003,13551.616000000004,74,False,False
192,34,97.82779774484081,200.3826547953068,1.0,CLIENT,7,2,100000,12,12,0,20419,20419,1366,4,355,1003,12509.184000000003,74,False,False
192,35,-81.27232753918588,413.11517479528163,1.0,CLIENT,7,2,100000,9,12,0,20422,20428,1367,2,355,1000,12509.184000000003,74,False,False
192,36,-494.44625654556484,-115.32086520413145,1.0,CLIENT,7,2,100000,8,9,0,20453,20471,1369,3,356,992,9381.888,74,False,False
192,37,305.9198053177858,254.48417479555246,1.0,CLIENT,7,2,100000,14,16,0,20407,20423,1363,3,354,998,16678.912000000004,74,False,False
192,38,273.75941130348104,420.9075747953821,1.0,CLIENT,7,2,100000,14,16,0,20289,20402,1352,4,354,990,16678.912000000004,74,False,False
192,39,144.56334569626102,-476.2203052041525,1.0,CLIENT,7,2,100000,17,34,0,20309,20426,1336,2,349,969,35442.68800000002,74,False,False
192,40,242.07429404849077,-19.251705204644054,1.0,CLIENT,7,2,100000,13,16,0,20419,20419,1364,2,354,998,16678.912000000004,74,False,False
192,41,-249.8371513360493,312.9271747959106,1.0,CLIENT,7,2,100000,12,16,0,20402,20405,1364,2,354,996,16678.912000000004,74,False,False
192,42,183.6152527130281,199.71473479541118,1.0,CLIENT,7,2,100000,18,20,0,20383,20383,1359,3,353,995,20848.640000000007,74,False,False
192,43,21.62509074631342,321.7214547958545,1.0,CLIENT,7,2,100000,16,19,0,20405,20406,1361,2,353,996,19806.208000000006,74,False,False
192,44,-172.05018847482867,-109.75486520473765,1.0,CLIENT,7,2,100000,14,18,0,20400,20400,1361,3,353,1006,18763.776000000005,74,False,False
192,45,-330.71341312971873,-451.61858520456974,1.0,CLIENT,7,2,100000,18,35,0,20362,20403,1341,3,349,968,36485.12000000002,74,False,False
192,46,87.13407067123939,-116.87934520415155,1.0,CLIENT,7,2,100000,12,9,0,20387,20387,1371,2,355,1016,9381.888,74,False,False
192,47,-40.63616465972558,-21.58942520427871,1.0,CLIENT,7,2,100000,15,20,0,20386,20386,1359,3,353,1003,20848.640000000007,74,False,False
192,48,-269.16507286180723,-175.87894520468637,1.0,CLIENT,7,2,100000,11,16,0,20416,20416,1363,3,354,999,16678.912000000004,74,False,False
192,49,-317.56408946885836,-153.0583452045616,1.0,CLIENT,7,2,100000,16,30,0,20426,20426,1348,4,350,991,31272.960000000014,74,False,False
192,50,-210.8644571122199,-491.9164252040724,1.0,CLIENT,7,2,100000,12,20,0,20426,20451,1358,3,353,994,20848.640000000007,74,False,False
192,51,436.93776516707493,66.46469479567031,1.0,CLIENT,7,2,100000,12,24,0,20406,20426,1353,2,351,990,25018.36800000001,74,False,False
192,52,356.14071616690603,365.804174795293,1.0,CLIENT,7,2,100000,8,12,0,20309,20433,1352,4,355,984,12509.184000000003,74,False,False
192,53,-492.386723923557,-91.16442520421543,1.0,CLIENT,7,2,100000,11,16,0,20427,20433,1363,3,354,998,16678.912000000004,74,False,False
192,54,-156.92054498546108,-345.53062520427517,1.0,CLIENT,7,2,100000,10,14,0,20416,20417,1366,2,354,1002,14594.048000000004,74,False,False
192,55,304.3355494550926,243.6861347959217,1.0,CLIENT,7,2,100000,10,12,0,20418,20425,1367,4,354,1008,12509.184000000003,74,False,False
192,56,491.91144360483764,-56.3212652043876,1.0,CLIENT,7,2,100000,11,8,0,20335,20407,1367,2,356,1000,8339.456,74,False,False
192,57,-481.5345712640802,497.2730947955759,1.0,CLIENT,7,2,100000,11,22,0,19948,20425,1316,0,350,943,22933.504000000008,74,False,False
192,58,485.4159945676265,222.3126947953071,1.0,CLIENT,7,2,100000,11,25,0,20314,20450,1344,3,352,987,26060.80000000001,74,False,False
192,59,59.09274190038725,-247.6803452045388,1.0,CLIENT,7,2,100000,10,8,0,20426,20426,1372,2,356,1013,8339.456,74,False,False
192,60,-302.0383820136767,-18.472465204238517,1.0,CLIENT,7,2,100000,13,17,0,20403,20403,1362,3,353,1007,17721.344000000005,74,False,False
192,61,-390.91513591431277,150.17733479550685,1.0,CLIENT,7,2,100000,14,20,0,20422,20426,1359,2,353,997,20848.640000000007,74,False,False
192,62,-426.6401056192552,485.3618547955918,1.0,CLIENT,7,2,100000,10,14,0,20169,20428,1343,1,354,962,14594.048000000004,74,False,False
192,63,-44.91365548905358,-307.23654520445933,1.0,CLIENT,7,2,100000,14,20,0,20426,20427,1359,2,353,1002,20848.640000000007,74,False,False
192,64,329.92128163812293,12.919774795601313,1.0,CLIENT,7,2,100000,10,14,0,20425,20427,1366,2,354,1000,14594.048000000004,74,False,False
192,65,-331.2679026819709,-493.80886520404033,1.0,CLIENT,7,2,100000,16,19,0,20292,20401,1354,3,353,994,19806.208000000006,74,False,False
192,66,134.34489538141128,227.0994547958773,1.0,CLIENT,7,2,100000,15,18,0,20397,20397,1361,3,353,995,18763.776000000005,74,False,False
192,67,239.0642079095425,-243.33886520442633,1.0,CLIENT,7,2,100000,12,11,0,20414,20420,1368,2,355,1002,11466.752000000002,74,False,False
192,68,-106.62042134340322,496.15989479601353,1.0,CLIENT,7,2,100000,10,16,0,20418,20447,1361,2,355,989,16678.912000000004,74,False,False
192,69,-479.554251435573,-439.2620652041279,1.0,CLIENT,7,2,100000,11,25,0,20206,20469,1337,4,352,964,26060.80000000001,74,False,False
192,70,440.1062768930242,-346.6438252046285,1.0,CLIENT,7,2,100000,11,16,0,20128,20414,1340,1,354,971,16678.912000000004,74,False,False
192,71,332.4560910188824,67.80053479546154,1.0,CLIENT,7,2,100000,9,12,0,20440,20440,1368,2,355,1004,12509.184000000003,74,False,False
192,72,142.26617469544027,275.41233479570934,1.0,CLIENT,7,2,100000,10,6,0,20432,20432,1372,4,355,1006,6254.592,74,False,False
192,73,140.60270603924653,207.0618547958449,1.0,CLIENT,7,2,100000,17,17,0,20381,20381,1361,4,353,1000,17721.344000000005,74,False,False
192,74,-259.73875047858553,-143.26218520477425,1.0,CLIENT,7,2,100000,12,19,0,20406,20406,1359,4,353,996,19806.208000000006,74,False,False

193,0,-233.7569543291783,-85.04182520464497,1.0,CLIENT,7,2,100000,13,16,0,20307,20307,1360,4,351,999,16678.912000000004,74,False,False
193,1,160.643542703132,-180.77702520418455,1.0,CLIENT,7,2,100000,15,20,0,20316,20316,1357,3,350,999,20848.640000000007,74,False,False
193,2,-22.258796651471005,-46.3024652043714,1.0,CLIENT,7,2,100000,11,4,0,20290,20290,1373,3,354,1014,4169.728,74,False,False
193,3,-431.0760220350214,384.72857479576305,1.0,CLIENT,7,2,100000,12,32,0,20111,20306,1323,2,348,966,33357.824000000015,74,False,False
193,4,-206.74539186933006,235.00317479569674,1.0,CLIENT,7,2,100000,16,24,0,20286,20287,1353,3,349,996,25018.36800000001,74,False,False
193,5,-210.30996756053057,-10.791385204647952,1.0,CLIENT,7,2,100000,9,12,0,20315,20315,1365,3,352,1002,12509.184000000003,74,False,False
193,6,21.62509074631342,-254.91614520446262,1.0,CLIENT,7,2,100000,13,20,0,20318,20318,1358,2,350,994,20848.640000000007,74,False,False
193,7,200.72521603090294,-71.79474520407865,1.0,CLIENT,7,2,100000,18,27,0,20280,20280,1351,2,348,996,28145.66400000001,74,False,False
193,8,478.1284175987874,458.97901479576007,1.0,CLIENT,7,2,100000,10,17,0,20147,20304,1325,3,349,961,17721.344000000005,74,False,False
193,9,334.1195596745133,-96.17382520422353,1.0,CLIENT,7,2,100000,16,24,0,20300,20300,1354,2,349,1003,25018.36800000001,74,False,False
193,10,-91.56999064697328,-136.36034520400727,1.0,CLIENT,7,2,100000,12,16,0,20303,20303,1361,3,351,1002,16678.912000000004,74,False,False
193,11,177.27822926225517,470.11101479533863,1.0,CLIENT,7,2,100000,14,19,0,20298,20324,1347,3,349,986,19806.208000000006,74,False,False
193,12,-434.71981051972244,-57.8797452044077,1.0,CLIENT,7,2,100000,15,28,0,20311,20320,1348,3,348,989,29188.096000000012,74,False,False
193,13,133.63198024328375,250.03137479572104,1.0,CLIENT,7,2,100000,17,12,0,20277,20278,1364,4,352,1005,12509.184000000003,74,False,False
193,14,282.55203134207574,467.99593479593284,1.0,CLIENT,7,2,100000,14,17,0,20260,20310,1347,4,351,986,17721.344000000005,74,False,False
193,15,-61.2314908753004,-299.77810520430666,1.0,CLIENT,7,2,100000,9,17,0,20329,20329,1360,3,351,995,17721.344000000005,74,False,False
193,16,314.0787230106278,264.2803347953398,1.0,CLIENT,7,2,100000,15,24,0,20290,20303,1349,4,349,993,25018.36800000001,74,False,False
193,17,468.3060312497517,-192.79958520467858,1.0,CLIENT,7,2,100000,13,12,0,20270,20320,1358,3,352,997,12509.184000000003,74,False,False
193,18,-130.9387488366167,272.1840547959502,1.0,CLIENT,7,2,100000,15,20,0,20283,20283,1357,3,350,1007,20848.640000000007,74,False,False
193,19,-145.1970516014186,402.87373479582754,1.0,CLIENT,7,2,100000,14,15,0,20291,20294,1362,3,351,1010,15636.480000000005,74,False,False
193,20,315.26691490806985,5.238694796010748,1.0,CLIENT,7,2,100000,10,12,0,20321,20321,1365,3,352,995,12509.184000000003,74,False,False
193,21,462.91956131648215,-328.27602520433516,1.0,CLIENT,7,2,100000,17,23,0,20133,20306,1333,3,349,975,23975.93600000001,74,False,False
193,22,230.43001345738597,336.3043747954211,1.0,CLIENT,7,2,100000,10,13,0,20320,20327,1361,3,352,995,13551.616000000004,74,False,False
193,23,-257.4415794772019,84.38721479550594,1.0,CLIENT,7,2,100000,14,4,0,20296,20296,1373,3,354,1011,4169.728,74,False,False
193,24,90.9362847418157,18.708414795223973,1.0,CLIENT,7,2,100000,10,12,0,20307,20307,1366,2,352,1011,12509.184000000003,74,False,False
193,25,262.51119467819024,-454.9581852040478,1.0,CLIENT,7,2,100000,12,17,0,20276,20355,1348,3,351,982,17721.344000000005,74,False,False
193,26,228.0536296630647,228.10133479572073,1.0,CLIENT,7,2,100000,12,20,0,20295,20298,1356,3,350,1002,20848.640000000007,74,False,False
193,27,-216.80541659774164,-21.478105204559768,1.0,CLIENT,7,2,100000,12,8,0,20302,20302,1370,2,353,1009,8339.456,74,False,False
193,28,-98.85756761581241,94.85129479597987,1.0,CLIENT,7,2,100000,17,25,0,20285,20285,1351,4,348,993,26060.80000000001,74,False,False
193,29,-343.1498216524515,-80.47770520430362,1.0,CLIENT,7,2,100000,12,21,0,20317,20320,1356,3,349,998,21891.072000000007,74,False,False
193,30,379.8253413149297,-221.40882520442602,1.0,CLIENT,7,2,100000,10,28,0,20316,20341,1348,3,348,992,29188.096000000012,74,False,False
193,31,-411.5104621304505,438.0508547956032,1.0,CLIENT,7,2,100000,15,35,0,20036,20331,1316,3,346,956,36485.12000000002,74,False,False
193,32,390.123004422717,110.10213479544205,1.0,CLIENT,7,2,100000,12,20,0,20325,20327,1356,3,350,995,20848.640000000007,74,False,False
193,33,-36.83395058914926,-146.71310520476226,1.0,CLIENT,7,2,100000,11,17,0,20324,20324,1360,3,350,1005,17721.344000000005,74,False,False
193,34,-90.46101154303174,-135.5811052043927,1.0,CLIENT,7,2,100000,12,12,0,20297,20297,1365,3,352,1005,12509.184000000003,74,False,False
193,35,-355.4278045887462,142.05097479545856,1.0,CLIENT,7,2,100000,9,12,0,20309,20312,1366,2,352,1005,12509.184000000003,74,False,False
193,36,200.32915206508892,326.50821479563376,1.0,CLIENT,7,2,100000,8,8,0,20323,20328,1367,4,353,1003,8339.456,74,False,False
193,37,-204.8442848337605,45.31389479528457,1.0,CLIENT,7,2,100000,14,14,0,20286,20286,1363,3,351,1004,14594.048000000004,74,False,False
193,38,-482.08906081576964,-446.7205052042806,1.0,CLIENT,7,2,100000,14,54,0,19795,20319,1279,3,343,908,56291.32800000003,74,False,False
193,39,122.38376361743012,-310.3535052044995,1.0,CLIENT,7,2,100000,17,25,0,20292,20292,1353,2,348,992,26060.80000000001,74,False,False
193,40,395.19262318367305,-183.7826652045058,1.0,CLIENT,7,2,100000,13,16,0,20330,20339,1361,3,351,993,16678.912000000004,74,False,False
193,41,430.0462521640498,-418.6678652047098,1.0,CLIENT,7,2,100000,12,26,0,20066,20335,1315,3,349,948,27103.23200000001,74,False,False
193,42,164.28733118727015,416.7887347954985,1.0,CLIENT,7,2,100000,18,24,0,20289,20296,1350,3,349,993,25018.36800000001,74,False,False
193,43,284.53235117058296,311.48001479560946,1.0,CLIENT,7,2,100000,16,23,0,20315,20323,1352,4,348,992,23975.93600000001,74,False,False
193,44,394.16285687323204,252.1464547959178,1.0,CLIENT,7,2,100000,14,19,0,20276,20296,1353,3,350,995,19806.208000000006,74,False,False
193,45,-424.18450903199636,420.2396547954865,1.0,CLIENT,7,2,100000,18,39,0,20044,20305,1317,3,345,964,40654.84800000002,74,False,False
193,46,43.883885618081976,228.8805747953353,1.0,CLIENT,7,2,100000,12,12,0,20286,20286,1366,2,352,1010,12509.184000000003,74,False,False
193,47,46.65633337821726,398.53225479571506,1.0,CLIENT,7,2,100000,15,23,0,20286,20287,1354,3,349,1002,23975.93600000001,74,False,False
193,48,412.9362888467378,-143.15086520426433,1.0,CLIENT,7,2,100000,11,17,0,20319,20335,1358,3,350,999,17721.344000000005,74,False,False
193,49,-13.783027785752664,245.68989479560855,1.0,CLIENT,7,2,100000,16,18,0,20268,20268,1360,2,350,1004,18763.776000000005,74,False,False
193,50,99.01598964228286,-58.88162520425112,1.0,CLIENT,7,2,100000,12,20,0,20297,20297,1358,2,350,1003,20848.640000000007,74,False,False
193,51,-25.585733963295638,162.08857479549096,1.0,CLIENT,7,2,100000,12,13,0,20287,20287,1365,2,351,1007,13551.616000000004,74,False,False
193,52,196.2100868221991,165.42817479576001,1.0,CLIENT,7,2,100000,8,12,0,20329,20330,1364,4,352,1009,12509.184000000003,74,False,False
193,53,-201.4381347289982,229.32585479579302,1.0,CLIENT,7,2,100000,11,12,0,20290,20290,1365,3,352,1005,12509.184000000003,74,False,False
193,54,436.3832756153855,421.4641747955588,1.0,CLIENT,7,2,100000,10,19,0,20249,20359,1325,4,349,966,19806.208000000006,74,False,False
193,55,345.3677763003669,-145.5999052044089,1.0,CLIENT,7,2,100000,10,14,0,20317,20319,1362,3,351,1001,14594.048000000004,74,False,False
193,56,-80.63862519399602,-225.86162520425745,1.0,CLIENT,7,2,100000,11,13,0,20317,20318,1364,2,352,995,13551.616000000004,74,False,False
193,57,399.8661779788151,329.513854795955,1.0,CLIENT,7,2,100000,11,14,0,20270,20326,1350,4,350,985,14594.048000000004,74,False,False
193,58,-170.06986864632142,-351.5419052041267,1.0,CLIENT,7,2,100000,11,25,0,20334,20350,1352,2,349,981,26060.80000000001,74,False,False
193,59,-242.9456383330242,454.4148947954187,1.0,CLIENT,7,2,100000,10,8,0,20233,20304,1364,3,353,1006,8339.456,74,False,False
193,60,496.90184957229314,-323.4892652045559,1.0,CLIENT,7,2,100000,13,24,0,20077,20330,1319,2,349,962,25018.36800000001,74,False,False
193,61,200.64600323740243,-487.01834520457425,1.0,CLIENT,7,2,100000,14,23,0,20252,20329,1345,3,349,983,23975.93600000001,74,False,False
193,62,-497.77319385682654,-188.34678520405618,1.0,CLIENT,7,2,100000,10,16,0,20271,20358,1357,2,351,985,16678.912000000004,74,False,False
193,63,338.15941212446546,151.06789479563133,1.0,CLIENT,7,2,100000,14,20,0,20297,20302,1355,3,350,996,20848.640000000007,74,False,False
193,64,-489.0597866117324,174.4450947959328,1.0,CLIENT,7,2,100000,10,17,0,20259,20323,1353,3,350,994,17721.344000000005,74,False,False
193,65,-227.18229249902956,43.75541479526447,1.0,CLIENT,7,2,100000,16,18,0,20295,20295,1360,2,350,1004,18763.776000000005,74,False,False
193,66,208.6464953443691,1.0085347956172086,1.0,CLIENT,7,2,100000,16,17,0,20277,20277,1360,3,350,1004,17721.344000000005,74,False,False
193,67,187.17982840422857,-379.59454520448844,1.0,CLIENT,7,2,100000,12,14,0,20326,20330,1362,3,351,1000,14594.048000000004,74,False,False
193,68,91.33234870762972,101.64181479544595,1.0,CLIENT,7,2,100000,10,8,0,20301,20301,1368,4,353,1005,8339.456,74,False,False
193,69,-231.93506008710926,407.21521479594,1.0,CLIENT,7,2,100000,11,20,0,20303,20324,1356,3,350,1005,20848.640000000007,74,False,False
193,70,406.4408398095267,281.64625479578973,1.0,CLIENT,7,2,100000,11,16,0,20293,20334,1353,4,351,988,16678.912000000004,74,False,False
193,71,-334.8324783731714,53.996854795509535,1.0,CLIENT,7,2,100000,9,16,0,20341,20341,1362,3,351,1004,16678.912000000004,74,False,False
193,72,-364.9333397654684,158.63765479550295,1.0,CLIENT,7,2,100000,10,9,0,20326,20328,1368,3,352,1010,9381.888,74,False,False
193,73,-252.9264502684981,131.03029479559893,1.0,CLIENT,7,2,100000,17,20,0,20284,20284,1357,3,350,996,20848.640000000007,74,False,False
193,74,463.94932762748596,-69.01174520398627,1.0,CLIENT,7,2,100000,12,20,0,20313,20326,1355,3,350,997,20848.640000000007,74,False,False

194,0,214.6666676228285,436.4923747955831,1.0,CLIENT,7,2,100000,13,17,0,20618,20721,1365,4,354,996,17721.344000000005,74,False,False
194,1,-467.19705570577787,374.70977479574685,1.0,CLIENT,7,2,100000,15,24,0,20603,20730,1354,4,353,988,25018.36800000001,74,False,False
194,2,500.62485084993176,-275.3990252041618,1.0,CLIENT,7,2,100000,11,16,0,20485,20751,1355,4,355,987,16678.912000000004,74,False,False
194,3,-96.2435454421153,496.7164947953992,1.0,CLIENT,7,2,100000,12,26,0,20675,20715,1359,4,352,1001,27103.23200000001,74,False,False
194,4,467.03862655937195,39.302614795433044,1.0,CLIENT,7,2,100000,16,28,0,20700,20718,1358,5,352,997,29188.096000000012,74,False,False
194,5,-121.0371496946433,369.1437747955621,1.0,CLIENT,7,2,100000,9,12,0,20721,20723,1377,4,356,1008,12509.184000000003,74,False,False
194,6,-371.5080015956172,-103.18698520470946,1.0,CLIENT,7,2,100000,13,17,0,20711,20711,1371,5,354,1000,17721.344000000005,74,False,False
194,7,-7.683642714355589,-486.35042520467863,1.0,CLIENT,7,2,100000,18,29,0,20679,20701,1358,4,351,992,30230.528000000013,74,False,False
194,8,195.10110771825754,-451.3959452043409,1.0,CLIENT,7,2,100000,10,25,0,20697,20761,1361,2,353,997,26060.80000000001,74,False,False
194,9,-356.5367836926878,424.69245479531793,1.0,CLIENT,7,2,100000,16,24,0,20661,20721,1357,4,353,991,25018.36800000001,74,False,False
194,10,210.468389587001,-31.94218520424272,1.0,CLIENT,7,2,100000,12,21,0,20719,20719,1367,5,354,1001,21891.072000000007,74,False,False
194,11,-68.99434460289122,-432.58286520438077,1.0,CLIENT,7,2,100000,14,16,0,20719,20722,1372,4,355,1005,16678.912000000004,74,False,False
194,12,-88.24305333514864,415.00761479524954,1.0,CLIENT,7,2,100000,15,23,0,20693,20697,1366,4,353,1008,23975.93600000001,74,False,False
194,13,-97.19409896018152,410.5548147954181,1.0,CLIENT,7,2,100000,16,13,0,20694,20695,1376,3,355,1013,13551.616000000004,74,False,False
194,14,-110.1849970346037,301.5725347953122,1.0,CLIENT,7,2,100000,14,12,0,20685,20685,1377,4,356,1013,12509.184000000003,74,False,False
194,15,-337.2880749604303,-400.30006520441646,1.0,CLIENT,7,2,100000,9,16,0,20710,20743,1368,5,355,1002,16678.912000000004,74,False,False
194,16,-482.32669919514547,-137.25090520413175,1.0,CLIENT,7,2,100000,15,28,0,20713,20723,1359,5,352,997,29188.096000000012,74,False,False
194,17,-312.25683232852646,381.16633479526513,1.0,CLIENT,7,2,100000,13,12,0,20708,20730,1377,4,356,1013,12509.184000000003,74,False,False
194,18,-399.47011757296883,214.29765479576872,1.0,CLIENT,7,2,100000,15,23,0,20684,20693,1365,4,353,1005,23975.93600000001,74,False,False
194,19,-395.8263290888307,-472.65806520444556,1.0,CLIENT,7,2,100000,14,20,0,20595,20731,1356,5,354,1000,20848.640000000007,74,False,False
194,20,-262.3527726517198,-361.8946652040907,1.0,CLIENT,7,2,100000,10,11,0,20718,20723,1376,5,356,1015,11466.752000000002,74,False,False
194,21,315.1084893216317,200.3826547953068,1.0,CLIENT,7,2,100000,16,20,0,20687,20695,1367,6,354,1003,20848.640000000007,74,False,False
194,22,-329.0499444740878,-495.70130520400824,1.0,CLIENT,7,2,100000,10,13,0,20642,20766,1368,4,356,991,13551.616000000004,74,False,False
194,23,-372.22091673374473,-151.8338252044893,1.0,CLIENT,7,2,100000,14,8,0,20717,20717,1379,6,357,1013,8339.456,74,False,False
194,24,-206.34932790351607,40.52713479550533,1.0,CLIENT,7,2,100000,10,12,0,20706,20706,1377,4,356,1010,12509.184000000003,74,False,False
194,25,-413.56999475189536,-413.9924252046495,1.0,CLIENT,7,2,100000,12,16,0,20648,20747,1363,5,355,997,16678.912000000004,74,False,False
194,26,26.773922300769964,380.7210547955984,1.0,CLIENT,7,2,100000,12,21,0,20717,20721,1367,5,353,1001,21891.072000000007,74,False,False
194,27,248.80738146564053,-204.04290520476707,1.0,CLIENT,7,2,100000,12,22,0,20718,20720,1367,4,356,997,22933.504000000008,74,False,False
194,28,-140.99877356502827,128.69257479596428,1.0,CLIENT,7,2,100000,17,27,0,20683,20683,1361,5,352,997,28145.66400000001,74,False,False
194,29,39.28954361644046,-99.95870520415934,1.0,CLIENT,7,2,100000,12,16,0,20702,20702,1371,6,355,1009,16678.912000000004,74,False,False
194,30,-4.594343781906797,430.2584547955027,1.0,CLIENT,7,2,100000,10,24,0,20710,20715,1365,4,353,1004,25018.36800000001,74,False,False
194,31,-177.11980723578472,-403.9736252046333,1.0,CLIENT,7,2,100000,15,30,0,20720,20722,1358,3,351,1001,31272.960000000014,74,False,False
194,32,-194.5466217259731,490.7052147955477,1.0,CLIENT,7,2,100000,12,20,0,20671,20712,1365,3,354,994,20848.640000000007,74,False,False
194,33,-37.54686572727679,-64.55894520415484,1.0,CLIENT,7,2,100000,11,16,0,20715,20715,1372,5,355,1010,16678.912000000004,74,False,False
194,34,-392.1825406046925,-86.3776652044362,1.0,CLIENT,7,2,100000,12,16,0,20748,20748,1372,5,355,1014,16678.912000000004,74,False,False
194,35,347.0312449559978,-16.802665204499476,1.0,CLIENT,7,2,100000,9,12,0,20727,20727,1376,5,356,1007,12509.184000000003,74,False,False
194,36,-221.95424815163534,-456.405345204349,1.0,CLIENT,7,2,100000,8,8,0,20729,20747,1381,4,357,1015,8339.456,74,False,False
194,37,-459.03813801293586,393.9681347953737,1.0,CLIENT,7,2,100000,14,16,0,20574,20701,1364,4,355,995,16678.912000000004,74,False,False
194,38,-79.21279491774096,499.38817479577267,1.0,CLIENT,7,2,100000,14,20,0,20678,20710,1366,4,354,999,20848.640000000007,74,False,False
194,39,-370.71587366455196,-191.5750652046063,1.0,CLIENT,7,2,100000,17,26,0,20696,20697,1361,6,352,1001,27103.23200000001,74,False,False
194,40,229.71709831925844,-276.95750520418187,1.0,CLIENT,7,2,100000,12,16,0,20721,20723,1373,4,355,1007,16678.912000000004,74,False,False
194,41,-313.0489602601545,168.5451347958002,1.0,CLIENT,7,2,100000,12,17,0,20701,20703,1372,3,355,1006,17721.344000000005,74,False,False
194,42,-460.1471171168774,280.42173479571744,1.0,CLIENT,7,2,100000,17,24,0,20663,20713,1362,4,353,1007,25018.36800000001,74,False,False
194,43,-460.62239387562914,-477.22218520399593,1.0,CLIENT,7,2,100000,16,35,0,20429,20747,1326,5,350,956,36485.12000000002,74,False,False
194,44,359.1508023058543,382.7248147952852,1.0,CLIENT,7,2,100000,14,31,0,20554,20723,1341,5,351,971,32315.392000000014,74,False,False
194,45,259.10504457342796,27.947974795625612,1.0,CLIENT,7,2,100000,17,35,0,20695,20695,1352,6,350,990,36485.12000000002,74,False,False
194,46,106.30356661055914,387.0662947953977,1.0,CLIENT,7,2,100000,12,12,0,20696,20705,1375,4,356,1006,12509.184000000003,74,False,False
194,47,64.08314786840562,-456.96194520452565,1.0,CLIENT,7,2,100000,15,37,0,20730,20741,1351,4,349,1000,38569.98400000002,74,False,False
194,48,481.4553549106121,48.87613479578249,1.0,CLIENT,7,2,100000,11,21,0,20715,20749,1364,5,353,997,21891.072000000007,74,False,False
194,49,-397.80664891733784,446.06589479593254,1.0,CLIENT,7,2,100000,16,26,0,20563,20691,1352,2,352,986,27103.23200000001,74,False,False
194,50,-14.495942924443032,23.161214795846377,1.0,CLIENT,7,2,100000,12,20,0,20693,20693,1368,5,354,1006,20848.640000000007,74,False,False
194,51,-34.53677958832851,330.6270547955174,1.0,CLIENT,7,2,100000,11,16,0,20693,20693,1373,4,355,1017,16678.912000000004,74,False,False
194,52,266.31340874876656,-52.759025204680654,1.0,CLIENT,7,2,100000,8,13,0,20735,20736,1375,5,356,1005,13551.616000000004,74,False,False
194,53,-304.3355530150603,193.03553479566403,1.0,CLIENT,7,2,100000,11,8,0,20677,20679,1381,4,357,1019,8339.456,74,False,False
194,54,475.43518263215265,44.868614795617816,1.0,CLIENT,7,2,100000,10,16,0,20745,20770,1370,5,355,1000,16678.912000000004,74,False,False
194,55,-250.2332153018633,-226.86350520410087,1.0,CLIENT,7,2,100000,10,16,0,20724,20724,1372,5,355,1008,16678.912000000004,74,False,False
194,56,144.08806893750935,-370.24366520436786,1.0,CLIENT,7,2,100000,10,16,0,20740,20746,1374,2,355,1017,16678.912000000004,74,False,False
194,57,285.0868407222723,473.67325479583656,1.0,CLIENT,7,2,100000,11,16,0,20478,20726,1356,4,354,986,16678.912000000004,74,False,False
194,58,-244.92595816153144,-118.10386520422384,1.0,CLIENT,7,2,100000,11,12,0,20715,20715,1375,6,356,1008,12509.184000000003,74,False,False
194,59,374.6765097610359,74.5910547957186,1.0,CLIENT,7,2,100000,10,8,0,20728,20730,1378,5,357,1013,8339.456,74,False,False
194,60,230.19237507801012,100.08333479542586,1.0,CLIENT,7,2,100000,13,19,0,20705,20705,1368,6,354,1010,19806.208000000006,74,False,False
194,61,69.07355383586115,382.83613479579515,1.0,CLIENT,7,2,100000,14,16,0,20686,20697,1373,4,355,1012,16678.912000000004,74,False,False
194,62,-278.987459210843,-435.69982520442096,1.0,CLIENT,7,2,100000,10,8,0,20711,20737,1378,5,356,1008,8339.456,74,False,False
194,63,85.07453804979447,217.19197479558005,1.0,CLIENT,7,2,100000,14,14,0,20692,20692,1376,3,355,1012,14594.048000000004,74,False,False
194,64,302.11759124720953,-75.02302520462877,1.0,CLIENT,7,2,100000,10,17,0,20727,20728,1372,4,354,1009,17721.344000000005,74,False,False
194,65,292.37441769111143,384.2832947953053,1.0,CLIENT,7,2,100000,15,20,0,20622,20705,1363,5,354,993,20848.640000000007,74,False,False
194,66,-390.6774975349369,101.08521479526928,1.0,CLIENT,7,2,100000,15,20,0,20700,20702,1369,4,353,997,20848.640000000007,74,False,False
194,67,-370.7950864574897,-306.7912652040016,1.0,CLIENT,7,2,100000,12,15,0,20726,20738,1374,4,355,1017,15636.480000000005,74,False,False
194,68,-345.5262054467728,-0.8839052043506967,1.0,CLIENT,7,2,100000,10,10,0,20735,20735,1379,4,356,1020,10424.320000000002,74,False,False
194,69,184.56580623053145,19.598974795348454,1.0,CLIENT,7,2,100000,11,16,0,20686,20686,1372,5,355,1016,16678.912000000004,74,False,False
194,70,-132.36457911287175,-449.72614520460183,1.0,CLIENT,7,2,100000,11,16,0,20735,20746,1372,4,355,1001,16678.912000000004,74,False,False
194,71,25.110453644576225,-404.64154520452894,1.0,CLIENT,7,2,100000,8,14,0,20742,20745,1376,3,355,1020,14594.048000000004,74,False,False
194,72,-195.3387496576011,471.66949479535873,1.0,CLIENT,7,2,100000,10,10,0,20701,20736,1376,4,356,1012,10424.320000000002,74,False,False
194,73,166.26765101577737,-236.77098520439813,1.0,CLIENT,7,2,100000,17,24,0,20701,20702,1365,3,353,1005,25018.36800000001,74,False,False
194,74,379.03321338386445,-442.1563852047302,1.0,CLIENT,7,2,100000,12,24,0,20400,20741,1339,2,353,977,25018.36800000001,74,False,False

195,0,317.1680219430766,-305.2327852047725,1.0,CLIENT,7,2,100000,13,16,0,20408,20410,1371,4,356,1002,16678.912000000004,74,False,False
195,1,338.15941212446546,-193.4675052045742,1.0,CLIENT,7,2,100000,14,21,0,20425,20425,1368,2,354,1003,21891.072000000007,74,False,False
195,2,57.825337210570375,-496.2579052041849,1.0,CLIENT,7,2,100000,11,12,0,20416,20441,1374,3,357,1015,12509.184000000003,74,False,False
195,3,-258.0752818223918,-499.82014520468283,1.0,CLIENT,7,2,100000,12,36,0,20195,20438,1329,3,352,960,37527.55200000002,74,False,False
195,4,260.926938815497,322.05541479580233,1.0,CLIENT,7,2,100000,16,25,0,20397,20412,1364,2,353,998,26060.80000000001,74,False,False
195,5,119.9281670301712,-91.7210252043921,1.0,CLIENT,7,2,100000,9,12,0,20412,20412,1376,3,357,1015,12509.184000000003,74,False,False
195,6,-399.62854315940695,150.73393479568352,1.0,CLIENT,7,2,100000,13,20,0,20419,20424,1369,2,355,1005,20848.640000000007,74,False,False
195,7,-200.17073003861847,411.4453747955426,1.0,CLIENT,7,2,100000,17,28,0,20387,20392,1358,4,353,990,29188.096000000012,74,False,False
195,8,-392.5786045705065,-100.96058520400277,1.0,CLIENT,7,2,100000,10,14,0,20425,20431,1375,2,356,1014,14594.048000000004,74,False,False
195,9,31.289051509473808,383.05877479523303,1.0,CLIENT,7,2,100000,15,20,0,20393,20394,1369,2,355,997,20848.640000000007,74,False,False
195,10,256.01574564097916,-271.502825204507,1.0,CLIENT,7,2,100000,12,20,0,20421,20421,1368,3,355,1002,20848.640000000007,74,False,False
195,11,221.39975503997826,308.6970147955171,1.0,CLIENT,7,2,100000,14,13,0,20402,20405,1376,2,356,1020,13551.616000000004,74,False,False
195,12,191.21968085418072,-123.89250520463747,1.0,CLIENT,7,2,100000,15,21,0,20395,20395,1367,3,354,1006,21891.072000000007,74,False,False
195,13,-29.784011999685976,346.1005347959994,1.0,CLIENT,7,2,100000,16,12,0,20392,20392,1377,2,357,1009,12509.184000000003,74,False,False
195,14,-248.72817223210777,405.99069479586774,1.0,CLIENT,7,2,100000,14,13,0,20389,20414,1374,3,356,1003,13551.616000000004,74,False,False
195,15,264.25387612732163,-137.69618520458948,1.0,CLIENT,7,2,100000,9,8,0,20412,20412,1381,2,358,1019,8339.456,74,False,False
195,16,-277.9576928998391,478.57133479533474,1.0,CLIENT,7,2,100000,15,29,0,20325,20432,1347,3,353,976,30230.528000000013,74,False,False
195,17,444.3045549288517,-233.32006520441013,1.0,CLIENT,7,2,100000,13,17,0,20433,20442,1370,3,356,994,17721.344000000005,74,False,False
195,18,-266.39262510223483,-391.83974520442035,1.0,CLIENT,7,2,100000,15,25,0,20335,20411,1357,2,353,1000,26060.80000000001,74,False,False
195,19,-262.3527726517198,429.47921479588814,1.0,CLIENT,7,2,100000,13,20,0,20401,20434,1365,3,355,992,20848.640000000007,74,False,False
195,20,128.32472310295188,-482.4542252042329,1.0,CLIENT,7,2,100000,10,9,0,20408,20422,1375,3,357,1012,9381.888,74,False,False
195,21,298.39458996957086,143.60945479547865,1.0,CLIENT,7,2,100000,16,20,0,20385,20386,1369,2,355,1001,20848.640000000007,74,False,False
195,22,7.049936809198002,231.55225479570873,1.0,CLIENT,7,2,100000,9,12,0,20413,20413,1377,2,357,1010,12509.184000000003,74,False,False
195,23,-286.0373978003063,-293.989465204684,1.0,CLIENT,7,2,100000,14,8,0,20404,20429,1379,3,358,1017,8339.456,74,False,False
195,24,209.35941048305946,286.43301479556897,1.0,CLIENT,7,2,100000,10,12,0,20419,20420,1377,2,357,1012,12509.184000000003,74,False,False
195,25,-480.9008689188904,-159.9601852045376,1.0,CLIENT,7,2,100000,11,16,0,20351,20448,1366,2,356,1002,16678.912000000004,74,False,False
195,26,163.81205442851845,-115.76614520458918,1.0,CLIENT,7,2,100000,12,20,0,20395,20395,1368,3,355,1009,20848.640000000007,74,False,False
195,27,451.98819586350487,408.88501479567907,1.0,CLIENT,7,2,100000,12,24,0,20113,20441,1327,2,354,955,25018.36800000001,74,False,False
195,28,-138.3055385983935,-317.92326520437115,1.0,CLIENT,7,2,100000,17,32,0,20403,20403,1356,3,352,995,33357.824000000015,74,False,False
195,29,-305.84059608425304,-368.35122520439995,1.0,CLIENT,7,2,100000,12,27,0,20371,20445,1353,3,353,986,28145.66400000001,74,False,False
195,30,-64.55842818712503,-259.480265204013,1.0,CLIENT,7,2,100000,10,24,0,20408,20408,1364,3,354,1007,25018.36800000001,74,False,False
195,31,-481.5345712640802,-414.5490252040352,1.0,CLIENT,7,2,100000,15,34,0,19842,20388,1309,2,351,946,35442.68800000002,74,False,False
195,32,348.29864964637756,-256.25198520425386,1.0,CLIENT,7,2,100000,12,24,0,20441,20444,1365,3,353,1003,25018.36800000001,74,False,False
195,33,-202.7847522123156,151.17921479535028,1.0,CLIENT,7,2,100000,11,13,0,20400,20400,1375,3,356,1011,13551.616000000004,74,False,False
195,34,-447.5522830077064,172.66397479568383,1.0,CLIENT,7,2,100000,12,17,0,20419,20441,1368,2,356,992,17721.344000000005,74,False,False
195,35,414.2829063300552,-398.6302652046774,1.0,CLIENT,7,2,100000,9,22,0,20368,20455,1360,4,355,981,22933.504000000008,74,False,False
195,36,-269.2442856547449,-466.2015052041363,1.0,CLIENT,7,2,100000,8,8,0,20301,20443,1371,3,358,1004,8339.456,74,False,False
195,37,392.1825370447248,-288.75742520444703,1.0,CLIENT,7,2,100000,14,18,0,20409,20421,1367,4,356,994,18763.776000000005,74,False,False
195,38,-405.9655666107427,128.02465479527768,1.0,CLIENT,7,2,100000,14,24,0,20432,20434,1365,2,354,1000,25018.36800000001,74,False,False
195,39,-249.1242361979218,-253.69162520439033,1.0,CLIENT,7,2,100000,17,24,0,20382,20390,1365,2,354,1007,25018.36800000001,74,False,False
195,40,480.90086535892266,378.3833347959637,1.0,CLIENT,7,2,100000,13,16,0,20089,20416,1331,1,355,971,16678.912000000004,74,False,False
195,41,385.76630080045135,-434.8092652042965,1.0,CLIENT,7,2,100000,12,23,0,20335,20439,1353,4,354,988,23975.93600000001,74,False,False
195,42,359.5468662716683,-383.04546520447644,1.0,CLIENT,7,2,100000,17,26,0,20395,20423,1354,4,354,979,27103.23200000001,74,False,False
195,43,104.08560840267606,356.0080147955057,1.0,CLIENT,7,2,100000,16,18,0,20399,20401,1371,1,355,1004,18763.776000000005,74,False,False
195,44,90.77785915594036,-1.106545204579561,1.0,CLIENT,7,2,100000,14,15,0,20387,20387,1373,3,356,1012,15636.480000000005,74,False,False
195,45,264.33308892025934,-128.45662520418784,1.0,CLIENT,7,2,100000,17,35,0,20394,20394,1352,4,351,997,36485.12000000002,74,False,False
195,46,191.77417040643292,363.46645479565836,1.0,CLIENT,7,2,100000,12,14,0,20420,20430,1374,2,356,1001,14594.048000000004,74,False,False
195,47,-424.8182113771862,-170.53558520473047,1.0,CLIENT,7,2,100000,15,26,0,20350,20402,1358,2,353,996,27103.23200000001,74,False,False
195,48,-166.26765457574513,446.8451347955471,1.0,CLIENT,7,2,100000,11,23,0,20427,20450,1364,3,354,994,23975.93600000001,74,False,False
195,49,440.5815536517759,204.39017479547147,1.0,CLIENT,7,2,100000,16,29,0,20373,20420,1355,2,352,992,30230.528000000013,74,False,False
195,50,147.2565806628958,-255.02746520418157,1.0,CLIENT,7,2,100000,12,20,0,20428,20428,1367,4,355,1002,20848.640000000007,74,False,False
195,51,-321.7623675052487,-404.7528652042479,1.0,CLIENT,7,2,100000,12,24,0,20262,20442,1347,3,354,987,25018.36800000001,74,False,False
195,52,173.95129195043054,-306.9025852045115,1.0,CLIENT,7,2,100000,8,8,0,20421,20421,1379,4,358,1010,8339.456,74,False,False
195,53,387.905046214834,413.6717747954583,1.0,CLIENT,7,2,100000,11,19,0,20220,20425,1346,2,356,975,19806.208000000006,74,False,False
195,54,113.43271799296011,66.57601479538926,1.0,CLIENT,7,2,100000,10,12,0,20395,20395,1377,2,357,1010,12509.184000000003,74,False,False
195,55,75.96506683888626,186.24501479540697,1.0,CLIENT,7,2,100000,10,10,0,20400,20400,1379,2,357,1016,10424.320000000002,74,False,False
195,56,467.830754491,94.628654795751,1.0,CLIENT,7,2,100000,10,12,0,20406,20424,1373,1,357,1009,12509.184000000003,74,False,False
195,57,-359.54686983163606,347.77033479573845,1.0,CLIENT,7,2,100000,11,18,0,20397,20447,1366,3,354,992,18763.776000000005,74,False,False
195,58,-296.255848115156,-298.55358520423437,1.0,CLIENT,7,2,100000,11,12,0,20388,20415,1374,3,357,1011,12509.184000000003,74,False,False
195,59,24.159900127072856,-307.90446520435495,1.0,CLIENT,7,2,100000,10,5,0,20420,20420,1382,4,358,1013,5212.16,74,False,False
195,60,-340.5357994787544,275.3010147959904,1.0,CLIENT,7,2,100000,13,25,0,20417,20428,1363,2,354,1001,26060.80000000001,74,False,False
195,61,424.7389950242807,407.21521479594,1.0,CLIENT,7,2,100000,14,25,0,20170,20429,1332,1,354,960,26060.80000000001,74,False,False
195,62,477.2570768742217,463.4318147955915,1.0,CLIENT,7,2,100000,10,18,0,19799,20395,1301,2,354,930,18763.776000000005,74,False,False
195,63,-49.111933525443916,-313.025185204082,1.0,CLIENT,7,2,100000,14,19,0,20404,20405,1369,3,355,1008,19806.208000000006,74,False,False
195,64,200.8836416173411,198.267574795901,1.0,CLIENT,7,2,100000,10,12,0,20416,20417,1377,2,357,1017,12509.184000000003,74,False,False
195,65,57.42927324475636,420.2396547954865,1.0,CLIENT,7,2,100000,15,17,0,20396,20400,1371,2,355,1011,17721.344000000005,74,False,False
195,66,39.28954361644046,353.8929347953089,1.0,CLIENT,7,2,100000,15,19,0,20403,20405,1370,2,354,1011,19806.208000000006,74,False,False
195,67,391.3904091130968,-171.8714252045217,1.0,CLIENT,7,2,100000,12,9,0,20427,20427,1379,3,357,1013,9381.888,74,False,False
195,68,-51.32989173332701,-53.42694520457627,1.0,CLIENT,7,2,100000,10,6,0,20397,20397,1381,4,358,1021,6254.592,74,False,False
195,69,-15.525709234884069,299.4574547959064,1.0,CLIENT,7,2,100000,11,20,0,20436,20436,1369,2,355,999,20848.640000000007,74,False,False
195,70,214.74588041632902,-483.01082520440957,1.0,CLIENT,7,2,100000,11,16,0,20395,20438,1369,4,356,1001,16678.912000000004,74,False,False
195,71,-52.51808363020622,-204.82214520438163,1.0,CLIENT,7,2,100000,8,12,0,20420,20420,1376,3,357,1009,12509.184000000003,74,False,False
195,72,-425.92719048112775,-435.588505204702,1.0,CLIENT,7,2,100000,10,19,0,20034,20435,1337,2,355,964,19806.208000000006,74,False,False
195,73,10.376874121022636,-264.9349452044788,1.0,CLIENT,7,2,100000,17,20,0,20390,20390,1368,3,355,1012,20848.640000000007,74,False,False
195,74,-82.61894502250325,-173.4299052045418,1.0,CLIENT,7,2,100000,12,20,0,20410,20410,1367,4,355,1012,20848.640000000007,74,False,False

196,0,-33.58622607026229,-0.6612652041218325,1.0,CLIENT,7,2,100000,13,13,0,20345,20345,1362,3,355,999,13551.616000000004,74,False,False
196,1,-460.7016066685668,-153.16966520428053,1.0,CLIENT,7,2,100000,15,18,0,20364,20377,1357,2,353,995,18763.776000000005,74,False,False
196,2,237.87601601210042,-188.56942520428504,1.0,CLIENT,7,2,100000,11,4,0,20368,20370,1371,2,358,1008,4169.728,74,False,False
196,3,117.55178323641277,-372.0247852046168,1.0,CLIENT,7,2,100000,12,25,0,20366,20367,1351,2,352,997,26060.80000000001,74,False,False
196,4,293.24575841567713,215.85613479578882,1.0,CLIENT,7,2,100000,16,25,0,20359,20360,1349,4,352,973,26060.80000000001,74,False,False
196,5,-376.6568331495109,-96.95306520462907,1.0,CLIENT,7,2,100000,9,12,0,20377,20377,1364,2,356,1000,12509.184000000003,74,False,False
196,6,-433.2939802429045,-199.1448252044779,1.0,CLIENT,7,2,100000,13,20,0,20365,20370,1355,2,354,985,20848.640000000007,74,False,False
196,7,21.62509074631342,171.3281347958926,1.0,CLIENT,7,2,100000,18,27,0,20333,20333,1349,2,352,988,28145.66400000001,74,False,False
196,8,45.46814148077521,53.217614795894974,1.0,CLIENT,7,2,100000,10,12,0,20351,20351,1362,4,356,1003,12509.184000000003,74,False,False
196,9,-248.72817223210777,57.6704147957264,1.0,CLIENT,7,2,100000,16,24,0,20353,20353,1353,2,353,992,25018.36800000001,74,False,False
196,10,463.2364124887956,-19.140385204134134,1.0,CLIENT,7,2,100000,12,20,0,20370,20389,1351,2,354,985,20848.640000000007,74,False,False
196,11,-84.36162647163466,27.39137479544894,1.0,CLIENT,7,2,100000,14,12,0,20338,20338,1363,3,356,997,12509.184000000003,74,False,False
196,12,-453.0971785274141,110.99269479556654,1.0,CLIENT,7,2,100000,15,26,0,20345,20360,1349,1,352,985,27103.23200000001,74,False,False
196,13,84.04477173879059,29.729094795874573,1.0,CLIENT,7,2,100000,17,12,0,20323,20323,1362,4,356,1000,12509.184000000003,74,False,False
196,14,-298.9490830817908,-295.10266520424636,1.0,CLIENT,7,2,100000,14,9,0,20357,20360,1365,4,356,991,9381.888,74,False,False
196,15,-199.53702769399146,-198.58822520430124,1.0,CLIENT,7,2,100000,9,8,0,20362,20362,1366,4,357,1003,8339.456,74,False,False
196,16,-125.55227890334716,-168.97710520471037,1.0,CLIENT,7,2,100000,15,16,0,20316,20316,1358,4,355,994,16678.912000000004,74,False,False
196,17,299.4243562805747,-421.89614520446895,1.0,CLIENT,7,2,100000,13,17,0,20326,20388,1353,2,355,987,17721.344000000005,74,False,False
196,18,454.6814308301397,-187.90150520438942,1.0,CLIENT,7,2,100000,15,31,0,20348,20384,1341,2,351,986,32315.392000000014,74,False,False
196,19,241.59901728973907,11.806574795247968,1.0,CLIENT,7,2,100000,14,9,0,20326,20326,1367,2,356,1001,9381.888,74,False,False
196,20,328.5746641548056,-225.97294520476737,1.0,CLIENT,7,2,100000,10,12,0,20383,20389,1361,2,356,1000,12509.184000000003,74,False,False
196,21,-462.12743694538466,-398.6302652046774,1.0,CLIENT,7,2,100000,17,24,0,20316,20389,1345,3,353,975,25018.36800000001,74,False,False
196,22,-89.82730919840472,456.08469479594874,1.0,CLIENT,7,2,100000,10,12,0,20412,20421,1364,2,356,997,12509.184000000003,74,False,False
196,23,-481.9306352293315,-95.95118520399467,1.0,CLIENT,7,2,100000,14,6,0,20347,20359,1369,2,357,1005,6254.592,74,False,False
196,24,-249.3618745772976,-451.06198520439307,1.0,CLIENT,7,2,100000,10,15,0,20384,20393,1354,3,356,980,15636.480000000005,74,False,False
196,25,-406.9953329211838,63.79301479529687,1.0,CLIENT,7,2,100000,12,12,0,20364,20371,1364,2,356,998,12509.184000000003,74,False,False
196,26,46.10184382596507,-62.22122520452018,1.0,CLIENT,7,2,100000,12,20,0,20351,20351,1354,4,354,995,20848.640000000007,74,False,False
196,27,-163.41599402323502,438.16217479532213,1.0,CLIENT,7,2,100000,12,16,0,20358,20386,1356,2,355,988,16678.912000000004,74,False,False
196,28,488.34686791363714,-418.5565452041999,1.0,CLIENT,7,2,100000,17,34,0,20063,20351,1315,0,350,947,35442.68800000002,74,False,False
196,29,-133.31513263093797,0.5632547959504564,1.0,CLIENT,7,2,100000,12,16,0,20350,20350,1360,2,355,998,16678.912000000004,74,False,False
196,30,283.58179765251674,-38.955345204728644,1.0,CLIENT,7,2,100000,10,28,0,20382,20382,1348,2,352,994,29188.096000000012,74,False,False
196,31,-204.0521569026953,-422.0074652041879,1.0,CLIENT,7,2,100000,15,26,0,20361,20362,1348,4,351,987,27103.23200000001,74,False,False
196,32,459.9886879704716,307.9177747959025,1.0,CLIENT,7,2,100000,12,28,0,20246,20399,1333,3,352,979,29188.096000000012,74,False,False
196,33,138.7015990042398,412.447254795386,1.0,CLIENT,7,2,100000,11,20,0,20407,20412,1356,2,354,988,20848.640000000007,74,False,False
196,34,-467.43469408515364,7.353774795416541,1.0,CLIENT,7,2,100000,12,16,0,20397,20401,1359,2,355,996,16678.912000000004,74,False,False
196,35,-184.16974582524801,-479.55990520442157,1.0,CLIENT,7,2,100000,9,17,0,20386,20396,1357,3,355,992,17721.344000000005,74,False,False
196,36,-182.26863878967842,490.7052147955477,1.0,CLIENT,7,2,100000,8,11,0,20376,20430,1357,1,356,984,11466.752000000002,74,False,False
196,37,-90.22337316365589,-164.85826520403577,1.0,CLIENT,7,2,100000,14,14,0,20343,20343,1360,4,355,1001,14594.048000000004,74,False,False
196,38,-251.65904557811837,-329.6118652041264,1.0,CLIENT,7,2,100000,14,19,0,20358,20359,1354,4,354,995,19806.208000000006,74,False,False
196,39,481.05929094479797,-279.5178652040454,1.0,CLIENT,7,2,100000,17,39,0,20263,20371,1328,1,350,959,40654.84800000002,74,False,False
196,40,-9.426324163486994,367.585294795542,1.0,CLIENT,7,2,100000,13,16,0,20389,20389,1360,2,355,1001,16678.912000000004,74,False,False
196,41,40.08167154750566,209.62221479570843,1.0,CLIENT,7,2,100000,12,19,0,20366,20366,1356,3,354,997,19806.208000000006,74,False,False
196,42,-468.3852476032199,-78.02866520415904,1.0,CLIENT,7,2,100000,18,24,0,20349,20360,1350,2,353,988,25018.36800000001,74,False,False
196,43,280.33407313419264,356.0080147955057,1.0,CLIENT,7,2,100000,16,28,0,20381,20399,1346,4,351,985,29188.096000000012,74,False,False
196,44,-362.55695597114715,-387.9435452047656,1.0,CLIENT,7,2,100000,14,24,0,20346,20360,1348,4,353,987,25018.36800000001,74,False,False
196,45,133.07749069103156,-73.46454520460867,1.0,CLIENT,7,2,100000,18,28,0,20321,20321,1348,2,352,995,29188.096000000012,74,False,False
196,46,-322.79213381625254,-131.90754520417585,1.0,CLIENT,7,2,100000,12,14,0,20379,20379,1361,3,355,998,14594.048000000004,74,False,False
196,47,423.94686709265267,-324.82510520434715,1.0,CLIENT,7,2,100000,15,39,0,20305,20383,1330,1,349,974,40654.84800000002,74,False,False
196,48,-240.25240336638942,-468.53922520456194,1.0,CLIENT,7,2,100000,11,19,0,20365,20382,1351,3,354,984,19806.208000000006,74,False,False
196,49,99.33284081459637,402.20581479593193,1.0,CLIENT,7,2,100000,16,33,0,20392,20396,1343,2,350,980,34400.256000000016,74,False,False
196,50,-259.97638885796135,281.42361479556087,1.0,CLIENT,7,2,100000,12,20,0,20357,20364,1353,2,354,990,20848.640000000007,74,False,False
196,51,-183.06076672130646,124.57373479528968,1.0,CLIENT,7,2,100000,12,20,0,20359,20359,1356,2,354,998,20848.640000000007,74,False,False
196,52,-210.62681873284407,134.81517479553474,1.0,CLIENT,7,2,100000,8,9,0,20383,20383,1367,2,356,999,9381.888,74,False,False
196,53,295.2260782441844,-347.7570252041909,1.0,CLIENT,7,2,100000,11,16,0,20358,20386,1357,2,355,998,16678.912000000004,74,False,False
196,54,-224.4098447388943,418.56985479574746,1.0,CLIENT,7,2,100000,10,16,0,20354,20386,1357,2,355,980,16678.912000000004,74,False,False
196,55,395.03419759723494,-127.00946520467767,1.0,CLIENT,7,2,100000,10,12,0,20364,20370,1364,2,355,1005,12509.184000000003,74,False,False
196,56,-468.78131156847115,440.49989479574776,1.0,CLIENT,7,2,100000,11,21,0,19943,20390,1305,1,353,929,21891.072000000007,74,False,False
196,57,-435.4327256578499,-25.040345204266714,1.0,CLIENT,7,2,100000,11,13,0,20363,20370,1363,2,355,996,13551.616000000004,74,False,False
196,58,-25.981797929109657,214.29765479576872,1.0,CLIENT,7,2,100000,11,12,0,20369,20369,1364,2,356,1003,12509.184000000003,74,False,False
196,59,-278.7498208314671,-294.5460652040697,1.0,CLIENT,7,2,100000,10,8,0,20380,20381,1366,4,357,1002,8339.456,74,False,False
196,60,-202.7055394193779,-469.6524252041243,1.0,CLIENT,7,2,100000,13,22,0,20358,20368,1350,4,353,975,22933.504000000008,74,False,False
196,61,-283.8194395924232,-503.04842520444197,1.0,CLIENT,7,2,100000,14,24,0,20337,20383,1348,4,353,989,25018.36800000001,74,False,False
196,62,-389.6477312239331,397.6416947955906,1.0,CLIENT,7,2,100000,10,21,0,20244,20405,1344,0,355,963,21891.072000000007,74,False,False
196,63,-100.60024906494382,105.53801479589168,1.0,CLIENT,7,2,100000,14,14,0,20341,20341,1362,2,355,999,14594.048000000004,74,False,False
196,64,-411.43124933695,-296.4385052040376,1.0,CLIENT,7,2,100000,10,20,0,20373,20384,1353,2,354,992,20848.640000000007,74,False,False
196,65,-61.706767634052085,-347.31174520452413,1.0,CLIENT,7,2,100000,16,16,0,20343,20343,1358,4,355,996,16678.912000000004,74,False,False
196,66,-494.84232051081597,-4.000865204390891,1.0,CLIENT,7,2,100000,16,22,0,20330,20355,1350,2,353,985,22933.504000000008,74,False,False
196,67,261.9567051259381,152.8490147958803,1.0,CLIENT,7,2,100000,12,8,0,20359,20359,1366,4,357,998,8339.456,74,False,False
196,68,300.92939934976744,-307.1252252047404,1.0,CLIENT,7,2,100000,10,12,0,20393,20405,1362,2,356,1001,12509.184000000003,74,False,False
196,69,-198.8241125553011,31.17625479538475,1.0,CLIENT,7,2,100000,11,20,0,20362,20362,1356,2,354,1000,20848.640000000007,74,False,False
196,70,445.25510844691786,-275.06506520421397,1.0,CLIENT,7,2,100000,11,16,0,20319,20386,1357,2,355,988,16678.912000000004,74,False,False
196,71,449.7702376556217,-42.40626520471665,1.0,CLIENT,7,2,100000,9,14,0,20379,20388,1361,2,355,1004,14594.048000000004,74,False,False
196,72,-176.4068920976572,311.14605479566166,1.0,CLIENT,7,2,100000,10,9,0,20378,20383,1365,2,356,996,9381.888,74,False,False
196,73,267.5808134391463,-330.8363852041987,1.0,CLIENT,7,2,100000,17,24,0,20349,20356,1352,2,353,984,25018.36800000001,74,False,False
196,74,140.04821648755717,465.43557479527834,1.0,CLIENT,7,2,100000,12,21,0,20362,20377,1355,2,354,987,21891.072000000007,74,False,False

197,0,-380.93432397883885,265.5048547954121,1.0,CLIENT,7,2,100000,13,19,0,20384,20412,1332,3,347,970,19806.208000000006,74,False,False
197,1,-445.17589921394796,-239.1087052040328,1.0,CLIENT,7,2,100000,15,23,0,20430,20445,1331,5,345,969,23975.93600000001,74,False,False
197,2,165.07945911889817,-81.47958520414704,1.0,CLIENT,7,2,100000,11,4,0,20410,20410,1352,5,351,995,4169.728,74,False,False
197,3,-101.86765375532354,-32.8327452043672,1.0,CLIENT,7,2,100000,12,20,0,20391,20391,1337,4,347,985,20848.640000000007,74,False,False
197,4,-482.4059119886459,215.4108547953311,1.0,CLIENT,7,2,100000,16,32,0,20354,20407,1322,3,345,959,33357.824000000015,74,False,False
197,5,-273.7594148640116,33.180014795862576,1.0,CLIENT,7,2,100000,9,12,0,20423,20423,1346,3,349,984,12509.184000000003,74,False,False
197,6,185.51635974859767,-495.81262520451816,1.0,CLIENT,7,2,100000,13,22,0,20411,20435,1334,3,346,967,22933.504000000008,74,False,False
197,7,3.247722738621683,430.2584547955027,1.0,CLIENT,7,2,100000,18,34,0,20393,20398,1322,3,343,959,35442.68800000002,74,False,False
197,8,437.17540354645075,-21.58942520427871,1.0,CLIENT,7,2,100000,10,24,0,20444,20445,1334,2,346,975,25018.36800000001,74,False,False
197,9,197.08142754620195,172.44133479545496,1.0,CLIENT,7,2,100000,16,24,0,20392,20392,1334,3,346,976,25018.36800000001,74,False,False
197,10,-412.8570796137678,302.7970547953845,1.0,CLIENT,7,2,100000,12,20,0,20370,20422,1333,3,347,980,20848.640000000007,74,False,False
197,11,-10.13923930161452,-483.01082520440957,1.0,CLIENT,7,2,100000,14,21,0,20423,20428,1336,3,347,983,21891.072000000007,74,False,False
197,12,-23.28856296247488,-76.91546520459667,1.0,CLIENT,7,2,100000,15,18,0,20372,20372,1339,4,347,980,18763.776000000005,74,False,False
197,13,286.35424541265206,343.7628147955738,1.0,CLIENT,7,2,100000,17,24,0,20408,20409,1334,3,346,970,25018.36800000001,74,False,False
197,14,56.557932520190654,210.62409479555185,1.0,CLIENT,7,2,100000,14,9,0,20389,20389,1349,3,349,986,9381.888,74,False,False
197,15,167.37663011971893,-359.4456252047371,1.0,CLIENT,7,2,100000,9,12,0,20419,20420,1345,4,349,988,12509.184000000003,74,False,False
197,16,-37.30922734790094,45.202574795565624,1.0,CLIENT,7,2,100000,15,18,0,20369,20369,1340,3,347,987,18763.776000000005,74,False,False
197,17,250.39163732833376,129.02653479591208,1.0,CLIENT,7,2,100000,13,8,0,20392,20392,1349,4,350,990,8339.456,74,False,False
197,18,-5.228046127096658,457.42053479573997,1.0,CLIENT,7,2,100000,15,24,0,20382,20393,1334,3,346,982,25018.36800000001,74,False,False
197,19,-330.3173491639047,387.4002547953455,1.0,CLIENT,7,2,100000,14,21,0,20369,20415,1326,3,346,957,21891.072000000007,74,False,False
197,20,58.06297558994621,139.49061479559504,1.0,CLIENT,7,2,100000,10,9,0,20411,20411,1349,3,349,990,9381.888,74,False,False
197,21,-188.28881106813785,-206.38062520440172,1.0,CLIENT,7,2,100000,17,19,0,20373,20373,1338,4,347,982,19806.208000000006,74,False,False
197,22,184.0113166788421,365.1362547953974,1.0,CLIENT,7,2,100000,10,12,0,20414,20414,1346,3,349,987,12509.184000000003,74,False,False
197,23,283.8986488253931,288.32545479553687,1.0,CLIENT,7,2,100000,14,8,0,20400,20400,1349,4,350,985,8339.456,74,False,False
197,24,-266.63026348161065,-340.2985852040382,1.0,CLIENT,7,2,100000,10,12,0,20438,20442,1345,4,349,991,12509.184000000003,74,False,False
197,25,65.27133976528484,102.42105479585149,1.0,CLIENT,7,2,100000,12,8,0,20396,20396,1350,3,350,989,8339.456,74,False,False
197,26,44.91365192908585,357.45517479580684,1.0,CLIENT,7,2,100000,12,19,0,20382,20382,1339,3,347,982,19806.208000000006,74,False,False
197,27,363.5075059286828,450.9639747954307,1.0,CLIENT,7,2,100000,12,20,0,20404,20464,1330,3,346,970,20848.640000000007,74,False,False
197,28,328.4954513618679,-32.16482520447158,1.0,CLIENT,7,2,100000,17,32,0,20390,20390,1325,4,344,966,33357.824000000015,74,False,False
197,29,-62.419682772742455,-50.97790520443169,1.0,CLIENT,7,2,100000,12,12,0,20380,20380,1345,4,349,992,12509.184000000003,74,False,False
197,30,-170.3867198191978,-420.00370520450105,1.0,CLIENT,7,2,100000,10,28,0,20413,20417,1329,4,345,960,29188.096000000012,74,False,False
197,31,-86.97564864533177,240.68049479560045,1.0,CLIENT,7,2,100000,15,25,0,20382,20382,1333,3,345,977,26060.80000000001,74,False,False
197,32,40.95301227207136,339.5326547959712,1.0,CLIENT,7,2,100000,12,22,0,20428,20428,1336,3,345,976,22933.504000000008,74,False,False
197,33,-108.52152837840997,-69.90230520411075,1.0,CLIENT,7,2,100000,11,12,0,20391,20391,1345,4,349,992,12509.184000000003,74,False,False
197,34,32.23960502697718,-76.58150520464886,1.0,CLIENT,7,2,100000,12,9,0,20374,20374,1347,5,349,993,9381.888,74,False,False
197,35,247.5399767752608,134.59253479530588,1.0,CLIENT,7,2,100000,9,12,0,20414,20414,1345,4,349,988,12509.184000000003,74,False,False
197,36,247.38155118882264,290.5518547954526,1.0,CLIENT,7,2,100000,8,8,0,20419,20419,1350,3,350,984,8339.456,74,False,False
197,37,451.750557484129,-209.1636252044941,1.0,CLIENT,7,2,100000,14,18,0,20414,20428,1337,4,347,982,18763.776000000005,74,False,False
197,38,-41.50750538429128,311.14605479566166,1.0,CLIENT,7,2,100000,14,18,0,20394,20394,1340,3,347,982,18763.776000000005,74,False,False
197,39,-177.75350958097457,469.1091347954952,1.0,CLIENT,7,2,100000,17,32,0,20373,20406,1323,3,344,967,33357.824000000015,74,False,False
197,40,332.8521549846964,-205.7127052045061,1.0,CLIENT,7,2,100000,13,16,0,20411,20411,1340,5,348,989,16678.912000000004,74,False,False
197,41,355.90307778753015,-182.00154520425684,1.0,CLIENT,7,2,100000,12,20,0,20413,20413,1336,5,347,984,20848.640000000007,74,False,False
197,42,83.25264380772539,249.2521347953155,1.0,CLIENT,7,2,100000,18,22,0,20367,20369,1336,1,347,977,22933.504000000008,74,False,False
197,43,-278.67060803852945,-158.7356652044653,1.0,CLIENT,7,2,100000,16,17,0,20396,20396,1340,4,347,984,17721.344000000005,74,False,False
197,44,152.9599017690417,349.7740947954253,1.0,CLIENT,7,2,100000,14,27,0,20407,20407,1331,3,345,972,28145.66400000001,74,False,False
197,45,-466.6425661540885,209.1769347952507,1.0,CLIENT,7,2,100000,18,40,0,20382,20418,1316,3,342,951,41697.28000000002,74,False,False
197,46,-316.3758975719791,105.09273479543396,1.0,CLIENT,7,2,100000,12,12,0,20394,20396,1345,4,349,985,12509.184000000003,74,False,False
197,47,-312.969747466654,278.86325479569734,1.0,CLIENT,7,2,100000,15,32,0,20390,20407,1320,3,344,964,33357.824000000015,74,False,False
197,48,-47.290039283374846,-341.5231052041105,1.0,CLIENT,7,2,100000,11,19,0,20425,20425,1339,4,347,980,19806.208000000006,74,False,False
197,49,109.94735509526014,-104.8567852044485,1.0,CLIENT,7,2,100000,16,28,0,20387,20387,1328,5,345,978,29188.096000000012,74,False,False
197,50,-415.2334634075263,119.11905479561483,1.0,CLIENT,7,2,100000,12,20,0,20394,20403,1334,4,347,977,20848.640000000007,74,False,False
197,51,100.99630947022727,150.39997479573572,1.0,CLIENT,7,2,100000,12,17,0,20397,20397,1341,3,347,981,17721.344000000005,74,False,False
197,52,-157.7126729170891,-135.35846520416385,1.0,CLIENT,7,2,100000,8,8,0,20398,20398,1350,3,350,996,8339.456,74,False,False
197,53,72.24206556124761,151.17921479535028,1.0,CLIENT,7,2,100000,11,12,0,20405,20405,1346,3,349,985,12509.184000000003,74,False,False
197,54,-35.40812031233136,34.84981479560162,1.0,CLIENT,7,2,100000,10,13,0,20398,20398,1345,3,348,991,13551.616000000004,74,False,False
197,55,477.9699920123493,-474.8844652043613,1.0,CLIENT,7,2,100000,10,28,0,20089,20495,1290,3,345,915,29188.096000000012,74,False,False
197,56,-414.6789738558369,110.32477479567092,1.0,CLIENT,7,2,100000,11,16,0,20424,20430,1339,3,348,979,16678.912000000004,74,False,False
197,57,128.48314868939005,51.54781479536496,1.0,CLIENT,7,2,100000,11,14,0,20391,20391,1344,3,348,991,14594.048000000004,74,False,False
197,58,37.94292613312308,137.4868547959082,1.0,CLIENT,7,2,100000,11,12,0,20404,20404,1346,3,349,990,12509.184000000003,74,False,False
197,59,98.77835126290702,282.0915347954565,1.0,CLIENT,7,2,100000,10,8,0,20418,20418,1350,3,350,989,8339.456,74,False,False
197,60,-126.1067684550365,189.02801479549936,1.0,CLIENT,7,2,100000,13,16,0,20385,20385,1342,3,348,989,16678.912000000004,74,False,False
197,61,-415.78795295977847,106.2059347957873,1.0,CLIENT,7,2,100000,14,20,0,20392,20401,1337,4,347,982,20848.640000000007,74,False,False
197,62,468.0683928703759,-248.23694520471548,1.0,CLIENT,7,2,100000,10,13,0,20405,20438,1339,3,349,982,13551.616000000004,74,False,False
197,63,-38.576632038280664,-458.6317452042647,1.0,CLIENT,7,2,100000,14,20,0,20415,20418,1337,4,347,987,20848.640000000007,74,False,False
197,64,-198.58647417592525,-321.8194652040259,1.0,CLIENT,7,2,100000,10,18,0,20421,20421,1339,4,347,980,18763.776000000005,74,False,False
197,65,-117.5517867963805,-216.39942520441792,1.0,CLIENT,7,2,100000,16,15,0,20369,20369,1342,4,348,978,15636.480000000005,74,False,False
197,66,-368.0226386973544,-389.5020252039947,1.0,CLIENT,7,2,100000,15,31,0,20418,20443,1322,4,344,949,32315.392000000014,74,False,False
197,67,-106.54120854990272,244.46537479553626,1.0,CLIENT,7,2,100000,12,10,0,20409,20409,1348,3,349,990,10424.320000000002,74,False,False
197,68,256.9662991584825,-383.71338520437206,1.0,CLIENT,7,2,100000,10,15,0,20414,20416,1342,3,349,971,15636.480000000005,74,False,False
197,69,-339.26839478837474,-258.5897052046795,1.0,CLIENT,7,2,100000,11,23,0,20435,20438,1334,4,346,975,23975.93600000001,74,False,False
197,70,-194.0713449672214,-279.74050520427426,1.0,CLIENT,7,2,100000,11,16,0,20405,20405,1341,4,348,977,16678.912000000004,74,False,False
197,71,185.674785334473,-44.07606520445569,1.0,CLIENT,7,2,100000,9,12,0,20406,20406,1344,5,349,991,12509.184000000003,74,False,False
197,72,-56.87478725303473,-283.74802520443893,1.0,CLIENT,7,2,100000,10,8,0,20411,20411,1349,4,350,996,8339.456,74,False,False
197,73,281.91832899688586,-219.62770520417706,1.0,CLIENT,7,2,100000,17,24,0,20395,20395,1334,3,346,983,25018.36800000001,74,False,False
197,74,-202.38868824650157,-80.70034520453248,1.0,CLIENT,7,2,100000,12,16,0,20385,20385,1341,4,348,989,16678.912000000004,74,False,False

198,0,225.04354352411642,-447.83370520463393,1.0,CLIENT,7,2,100000,13,17,0,19822,19887,1352,10,346,995,17721.344000000005,74,False,False
198,1,128.08708472357603,-332.1722252039899,1.0,CLIENT,7,2,100000,15,20,0,19886,19889,1357,9,346,1004,20848.640000000007,74,False,False
198,2,-473.4548663636131,171.10549479566373,1.0,CLIENT,7,2,100000,11,13,0,19883,19916,1355,12,347,994,13551.616000000004,74,False,False
198,3,232.72718445820672,449.2941747956917,1.0,CLIENT,7,2,100000,12,28,0,19842,19905,1342,6,344,987,29188.096000000012,74,False,False
198,4,76.12349242532444,-364.90030520441195,1.0,CLIENT,7,2,100000,16,24,0,19871,19873,1355,7,345,1005,25018.36800000001,74,False,False
198,5,-17.506029063391317,-113.87370520462127,1.0,CLIENT,7,2,100000,9,11,0,19873,19873,1363,12,348,1009,11466.752000000002,74,False,False
198,6,57.50848603769402,-401.079305204031,1.0,CLIENT,7,2,100000,13,9,0,19850,19858,1370,7,348,1013,9381.888,74,False,False
198,7,386.08315197276494,364.69097479573065,1.0,CLIENT,7,2,100000,18,32,0,19791,19871,1331,7,343,976,33357.824000000015,74,False,False
198,8,-270.74932872450046,-71.79474520407865,1.0,CLIENT,7,2,100000,10,12,0,19883,19883,1366,8,348,1010,12509.184000000003,74,False,False
198,9,328.25781298249206,428.58865479576366,1.0,CLIENT,7,2,100000,16,24,0,19783,19885,1338,7,345,978,25018.36800000001,74,False,False
198,10,-294.1171027002106,-495.14470520462254,1.0,CLIENT,7,2,100000,12,25,0,19534,19894,1322,5,345,949,26060.80000000001,74,False,False
198,11,347.0312449559978,389.40401479582334,1.0,CLIENT,7,2,100000,14,18,0,19822,19886,1350,7,346,994,18763.776000000005,74,False,False
198,12,393.0538777692905,49.098774796011355,1.0,CLIENT,7,2,100000,15,20,0,19844,19850,1358,7,346,1007,20848.640000000007,74,False,False
198,13,491.1985284667101,469.88837479590075,1.0,CLIENT,7,2,100000,17,27,0,19491,19848,1294,6,343,935,28145.66400000001,74,False,False
198,14,-279.14588479728116,-241.1124652045106,1.0,CLIENT,7,2,100000,14,13,0,19874,19885,1362,9,347,995,13551.616000000004,74,False,False
198,15,-13.228538234063313,-176.43554520407207,1.0,CLIENT,7,2,100000,9,12,0,19895,19895,1366,8,348,1012,12509.184000000003,74,False,False
198,16,390.67749397496925,-4.6687852042865075,1.0,CLIENT,7,2,100000,15,28,0,19887,19890,1351,7,344,1000,29188.096000000012,74,False,False
198,17,36.35867027042985,397.6416947955906,1.0,CLIENT,7,2,100000,13,8,0,19866,19870,1371,7,349,1016,8339.456,74,False,False
198,18,137.43419431386008,-38.39874520455197,1.0,CLIENT,7,2,100000,15,24,0,19871,19871,1353,9,345,1005,25018.36800000001,74,False,False
198,19,-15.446496441946401,74.2570947957708,1.0,CLIENT,7,2,100000,13,12,0,19864,19864,1363,11,348,1012,12509.184000000003,74,False,False
198,20,466.9594137664343,-352.4324652042512,1.0,CLIENT,7,2,100000,10,21,0,19699,19928,1330,10,347,950,21891.072000000007,74,False,False
198,21,-7.049940369165729,-493.4749052040925,1.0,CLIENT,7,2,100000,16,20,0,19814,19880,1354,7,346,994,20848.640000000007,74,False,False
198,22,-375.46864125263164,297.1197347954808,1.0,CLIENT,7,2,100000,10,12,0,19895,19929,1361,9,348,1009,12509.184000000003,74,False,False
198,23,355.1109498559021,191.03177479597719,1.0,CLIENT,7,2,100000,14,8,0,19878,19891,1367,8,349,1006,8339.456,74,False,False
198,24,-136.95892111507612,117.89453479554254,1.0,CLIENT,7,2,100000,10,12,0,19900,19900,1364,10,348,1012,12509.184000000003,74,False,False
198,25,373.4883178641567,352.77973479574655,1.0,CLIENT,7,2,100000,12,22,0,19837,19910,1344,9,347,978,22933.504000000008,74,False,False
198,26,-271.7790950355043,391.29645479579125,1.0,CLIENT,7,2,100000,12,21,0,19861,19887,1352,9,346,994,21891.072000000007,74,False,False
198,27,97.90701053834131,-180.22042520400788,1.0,CLIENT,7,2,100000,12,8,0,19877,19877,1367,11,349,1013,8339.456,74,False,False
198,28,-90.22337316365589,-488.91078520454215,1.0,CLIENT,7,2,100000,17,34,0,19813,19880,1334,8,342,977,35442.68800000002,74,False,False
198,29,179.33776188370007,-1.6631452047562334,1.0,CLIENT,7,2,100000,12,16,0,19878,19878,1362,8,347,1011,16678.912000000004,74,False,False
198,30,-251.2629816128672,469.55441479595294,1.0,CLIENT,7,2,100000,10,34,0,19856,19926,1337,7,343,977,35442.68800000002,74,False,False
198,31,427.0361660251016,-62.77782520469685,1.0,CLIENT,7,2,100000,15,33,0,19889,19895,1345,8,342,993,34400.256000000016,74,False,False
198,32,-2.4555983675242157,352.2231347955699,1.0,CLIENT,7,2,100000,12,19,0,19882,19882,1360,7,346,1012,19806.208000000006,74,False,False
198,33,-249.44108737079813,224.8730547959616,1.0,CLIENT,7,2,100000,11,19,0,19904,19904,1357,10,346,999,19806.208000000006,74,False,False
198,34,-192.80394027684167,394.8586947954982,1.0,CLIENT,7,2,100000,12,16,0,19908,19913,1363,7,347,1001,16678.912000000004,74,False,False
198,35,284.3739255841448,-408.42642520446475,1.0,CLIENT,7,2,100000,9,13,0,19844,19912,1356,11,347,999,13551.616000000004,74,False,False
198,36,4.198276256125053,-182.44682520471457,1.0,CLIENT,7,2,100000,8,8,0,19893,19893,1368,10,349,1014,8339.456,74,False,False
198,37,-77.70775184798539,474.56381479596104,1.0,CLIENT,7,2,100000,14,16,0,19846,19873,1361,6,347,1012,16678.912000000004,74,False,False
198,38,469.0981591813797,148.84149479571562,1.0,CLIENT,7,2,100000,14,24,0,19874,19901,1348,7,345,990,25018.36800000001,74,False,False
198,39,-113.74957272580419,-468.0939452041042,1.0,CLIENT,7,2,100000,17,28,0,19815,19872,1347,7,344,994,29188.096000000012,74,False,False
198,40,-80.00492284880616,-416.664105204232,1.0,CLIENT,7,2,100000,12,16,0,19893,19914,1362,7,347,1010,16678.912000000004,74,False,False
198,41,-149.9498191894983,130.69633479565113,1.0,CLIENT,7,2,100000,12,13,0,19856,19856,1363,10,347,1009,13551.616000000004,74,False,False
198,42,-394.87577557132727,390.40589479566677,1.0,CLIENT,7,2,100000,18,24,0,19807,19894,1340,9,345,990,25018.36800000001,74,False,False
198,43,-431.7889371731489,490.81653479526665,1.0,CLIENT,7,2,100000,16,25,0,19546,19864,1317,7,344,959,26060.80000000001,74,False,False
198,44,-17.506029063391317,51.65913479587488,1.0,CLIENT,7,2,100000,14,16,0,19856,19856,1358,12,347,1002,16678.912000000004,74,False,False
198,45,108.83837599131859,305.80269479570575,1.0,CLIENT,7,2,100000,17,25,0,19835,19836,1353,8,344,999,26060.80000000001,74,False,False
198,46,65.19212697234717,266.7293747954844,1.0,CLIENT,7,2,100000,12,12,0,19883,19883,1367,7,348,1015,12509.184000000003,74,False,False
198,47,246.6686360506951,418.12457479528973,1.0,CLIENT,7,2,100000,15,30,0,19836,19874,1343,8,344,996,31272.960000000014,74,False,False
198,48,-328.5746677147733,241.7936947959538,1.0,CLIENT,7,2,100000,11,20,0,19912,19916,1354,12,346,996,20848.640000000007,74,False,False
198,49,33.5070097173569,-421.56218520452114,1.0,CLIENT,7,2,100000,16,25,0,19857,19868,1353,7,344,1004,26060.80000000001,74,False,False
198,50,169.51537553466434,108.32101479598407,1.0,CLIENT,7,2,100000,12,20,0,19868,19868,1358,8,346,1010,20848.640000000007,74,False,False
198,51,389.8853660433412,478.7939747955636,1.0,CLIENT,7,2,100000,12,22,0,19658,19898,1322,5,345,964,22933.504000000008,74,False,False
198,52,378.16187265929875,437.38293479570757,1.0,CLIENT,7,2,100000,8,13,0,19749,19901,1345,8,348,982,13551.616000000004,74,False,False
198,53,-479.23740026269667,-503.27106520467083,1.0,CLIENT,7,2,100000,11,32,0,18669,19801,1236,5,339,870,33357.824000000015,74,False,False
198,54,-346.95203572302785,425.13773479577566,1.0,CLIENT,7,2,100000,10,23,0,19817,19910,1343,9,347,971,23975.93600000001,74,False,False
198,55,-1.1089808842068287,-36.840265204531875,1.0,CLIENT,7,2,100000,10,9,0,19864,19864,1364,13,348,1012,9381.888,74,False,False
198,56,-115.72989255431142,-186.78830520403608,1.0,CLIENT,7,2,100000,10,12,0,19900,19900,1365,9,348,1002,12509.184000000003,74,False,False
198,57,129.27527662045523,406.7699347954823,1.0,CLIENT,7,2,100000,11,13,0,19870,19878,1366,7,347,1006,13551.616000000004,74,False,False
198,58,140.68191883218418,-239.66530520420946,1.0,CLIENT,7,2,100000,11,12,0,19872,19872,1364,10,348,1013,12509.184000000003,74,False,False
198,59,-293.4834003550207,352.000494795341,1.0,CLIENT,7,2,100000,10,9,0,19889,19906,1368,9,348,1011,9381.888,74,False,False
198,60,386.8752799043929,-473.54862520457004,1.0,CLIENT,7,2,100000,13,28,0,19570,19904,1317,9,344,956,29188.096000000012,74,False,False
198,61,122.70061479030647,115.33417479567902,1.0,CLIENT,7,2,100000,14,16,0,19860,19861,1361,9,347,1010,16678.912000000004,74,False,False
198,62,344.5756483687389,489.7033347957043,1.0,CLIENT,7,2,100000,10,15,0,19714,19908,1335,5,348,977,15636.480000000005,74,False,False
198,63,-257.7584306500783,370.8135747953011,1.0,CLIENT,7,2,100000,14,27,0,19897,19914,1347,8,343,978,28145.66400000001,74,False,False
198,64,81.509962358594,-187.12226520477486,1.0,CLIENT,7,2,100000,10,12,0,19867,19867,1362,12,348,1010,12509.184000000003,74,False,False
198,65,-239.22263705594838,-52.20242520450398,1.0,CLIENT,7,2,100000,15,16,0,19859,19859,1361,9,347,1004,16678.912000000004,74,False,False
198,66,-499.7535136853338,96.63241479543785,1.0,CLIENT,7,2,100000,15,25,0,19885,19918,1352,8,344,983,26060.80000000001,74,False,False
198,67,-183.773681859434,-5.22538520446318,1.0,CLIENT,7,2,100000,12,7,0,19880,19880,1367,12,348,1004,7297.023999999999,74,False,False
198,68,-258.629771374644,-375.3643852040949,1.0,CLIENT,7,2,100000,10,12,0,19847,19921,1358,8,348,1000,12509.184000000003,74,False,False
198,69,-216.80541659774164,-373.36062520440805,1.0,CLIENT,7,2,100000,11,20,0,19864,19900,1353,9,346,989,20848.640000000007,74,False,False
198,70,187.65510516298025,70.13825479588718,1.0,CLIENT,7,2,100000,11,16,0,19887,19887,1362,8,347,1009,16678.912000000004,74,False,False
198,71,-0.7129169183928112,-482.1202652042851,1.0,CLIENT,7,2,100000,8,12,0,19851,19904,1365,7,348,1009,12509.184000000003,74,False,False
198,72,60.36014659076697,-115.76614520458918,1.0,CLIENT,7,2,100000,9,8,0,19893,19893,1367,11,349,1014,8339.456,74,False,False
198,73,188.05116912879427,-204.04290520476707,1.0,CLIENT,7,2,100000,17,20,0,19862,19862,1354,12,346,996,20848.640000000007,74,False,False
198,74,250.39163732833376,459.6469347956557,1.0,CLIENT,7,2,100000,12,21,0,19819,19898,1348,9,346,992,21891.072000000007,74,False,False

199,0,-403.906033988735,-282.18954520441883,1.0,CLIENT,7,2,100000,13,16,0,20287,20371,1349,8,352,980,16678.912000000004,74,False,False
199,1,-7.36679154204208,338.7534147955657,1.0,CLIENT,7,2,100000,15,19,0,20370,20370,1364,5,351,999,19806.208000000006,74,False,False
199,2,-91.6492034404738,-454.51290520438107,1.0,CLIENT,7,2,100000,11,6,0,20367,20391,1375,5,354,1007,6254.592,74,False,False
199,3,-232.6479752252368,-438.3715052040034,1.0,CLIENT,7,2,100000,12,28,0,20317,20399,1337,8,348,969,29188.096000000012,74,False,False
199,4,439.2349361684585,-413.9924252046495,1.0,CLIENT,7,2,100000,16,28,0,20182,20364,1334,5,349,965,29188.096000000012,74,False,False
199,5,350.7542462336365,-229.75782520470318,1.0,CLIENT,7,2,100000,9,12,0,20381,20394,1365,7,353,995,12509.184000000003,74,False,False
199,6,-454.9982855629837,-12.01590520472024,1.0,CLIENT,7,2,100000,13,19,0,20365,20376,1363,5,351,994,19806.208000000006,74,False,False
199,7,120.08659261660937,230.32773479563645,1.0,CLIENT,7,2,100000,18,24,0,20343,20343,1357,7,350,1000,25018.36800000001,74,False,False
199,8,320.09889528908724,-64.22498520420703,1.0,CLIENT,7,2,100000,10,12,0,20379,20382,1368,8,353,1009,12509.184000000003,74,False,False
199,9,344.17958440292483,131.80953479600447,1.0,CLIENT,7,2,100000,15,15,0,20337,20338,1368,5,352,1006,15636.480000000005,74,False,False
199,10,-81.27232753918588,363.46645479565836,1.0,CLIENT,7,2,100000,12,20,0,20392,20392,1363,5,351,1007,20848.640000000007,74,False,False
199,11,168.3271836372223,-201.5938652046225,1.0,CLIENT,7,2,100000,14,12,0,20353,20353,1368,8,353,999,12509.184000000003,74,False,False
199,12,130.62189410377263,298.1216147953242,1.0,CLIENT,7,2,100000,15,20,0,20355,20355,1361,7,351,1001,20848.640000000007,74,False,False
199,13,-239.5394882282619,150.62261479596458,1.0,CLIENT,7,2,100000,16,19,0,20368,20369,1364,5,351,1003,19806.208000000006,74,False,False
199,14,361.5271861001756,-173.4299052045418,1.0,CLIENT,7,2,100000,14,9,0,20356,20366,1371,7,353,1004,9381.888,74,False,False
199,15,-442.0073874879987,-261.9293052041576,1.0,CLIENT,7,2,100000,9,17,0,20317,20419,1347,8,352,970,17721.344000000005,74,False,False
199,16,-142.18696546190748,111.43797479523329,1.0,CLIENT,7,2,100000,15,20,0,20341,20341,1362,6,351,1001,20848.640000000007,74,False,False
199,17,475.11833145983917,-131.57358520422804,1.0,CLIENT,7,2,100000,13,8,0,20343,20372,1372,5,354,1000,8339.456,74,False,False
199,18,-14.892006889694208,108.32101479598407,1.0,CLIENT,7,2,100000,15,21,0,20354,20354,1360,7,350,1006,21891.072000000007,74,False,False
199,19,62.34046641927422,294.89333479556507,1.0,CLIENT,7,2,100000,13,16,0,20367,20367,1366,6,352,1004,16678.912000000004,74,False,False
199,20,213.95375248470097,69.13637479525278,1.0,CLIENT,7,2,100000,10,8,0,20360,20360,1374,6,354,1018,8339.456,74,False,False
199,21,358.3586743747891,-364.4550252047452,1.0,CLIENT,7,2,100000,17,24,0,20296,20376,1346,5,350,973,25018.36800000001,74,False,False
199,22,477.4947152535975,-93.94742520430782,1.0,CLIENT,7,2,100000,10,12,0,20374,20398,1367,5,353,997,12509.184000000003,74,False,False
199,23,-435.9080024166016,443.83949479522585,1.0,CLIENT,7,2,100000,14,17,0,19988,20410,1327,6,351,955,17721.344000000005,74,False,False
199,24,-389.72694401743354,-40.73646520418663,1.0,CLIENT,7,2,100000,10,13,0,20392,20400,1369,5,353,995,13551.616000000004,74,False,False
199,25,365.7254641365659,-34.50254520410624,1.0,CLIENT,7,2,100000,11,8,0,20367,20367,1373,7,354,1013,8339.456,74,False,False
199,26,378.3995110386745,376.3795747954859,1.0,CLIENT,7,2,100000,12,24,0,20323,20389,1354,6,350,995,25018.36800000001,74,False,False
199,27,-419.5109542368543,247.24837479562865,1.0,CLIENT,7,2,100000,12,13,0,20351,20394,1365,7,352,996,13551.616000000004,74,False,False
199,28,-134.50332452781717,406.4359747955345,1.0,CLIENT,7,2,100000,17,34,0,20369,20373,1347,7,347,988,35442.68800000002,74,False,False
199,29,-289.9980374567579,-361.8946652040907,1.0,CLIENT,7,2,100000,12,20,0,20311,20375,1348,8,351,988,20848.640000000007,74,False,False
199,30,439.3141489613962,-227.3087852045586,1.0,CLIENT,7,2,100000,10,26,0,20338,20381,1344,5,349,976,27103.23200000001,74,False,False
199,31,477.57392804709804,162.31121479571982,1.0,CLIENT,7,2,100000,15,28,0,20351,20376,1348,6,348,988,29188.096000000012,74,False,False
199,32,-175.69397695952966,-171.5374652045739,1.0,CLIENT,7,2,100000,12,17,0,20368,20368,1363,8,351,1006,17721.344000000005,74,False,False
199,33,394.9549848042973,-378.4813452041351,1.0,CLIENT,7,2,100000,11,18,0,20258,20378,1344,6,351,978,18763.776000000005,74,False,False
199,34,195.41795889057107,-60.328785204552275,1.0,CLIENT,7,2,100000,12,12,0,20352,20352,1368,8,353,1008,12509.184000000003,74,False,False
199,35,134.02804420909777,-124.8943852044809,1.0,CLIENT,7,2,100000,9,12,0,20380,20380,1368,8,353,1003,12509.184000000003,74,False,False
199,36,365.1709745843137,450.9639747954307,1.0,CLIENT,7,2,100000,8,10,0,20286,20413,1361,7,354,986,10424.320000000002,74,False,False
199,37,-396.22239305464467,-30.606345204451486,1.0,CLIENT,7,2,100000,14,20,0,20373,20377,1362,5,352,991,20848.640000000007,74,False,False
199,38,393.44994173454165,395.08133479572706,1.0,CLIENT,7,2,100000,14,27,0,20277,20383,1345,7,350,985,28145.66400000001,74,False,False
199,39,-304.8900425667497,-164.85826520403577,1.0,CLIENT,7,2,100000,17,31,0,20371,20375,1349,6,348,980,32315.392000000014,74,False,False
199,40,-354.7941022435563,-345.4193052045562,1.0,CLIENT,7,2,100000,13,16,0,20287,20388,1352,7,352,974,16678.912000000004,74,False,False
199,41,389.09323811227597,-286.4197052040214,1.0,CLIENT,7,2,100000,12,20,0,20345,20390,1355,7,351,996,20848.640000000007,74,False,False
199,42,250.6292757077096,36.074334795673906,1.0,CLIENT,7,2,100000,17,20,0,20350,20350,1361,7,351,1003,20848.640000000007,74,False,False
199,43,115.01697385565333,-356.77394520436366,1.0,CLIENT,7,2,100000,16,17,0,20333,20335,1366,5,351,1006,17721.344000000005,74,False,False
199,44,433.1355510964986,-177.88270520437322,1.0,CLIENT,7,2,100000,14,29,0,20361,20384,1350,5,348,985,30230.528000000013,74,False,False
199,45,469.4942231466309,500.16741479538723,1.0,CLIENT,7,2,100000,18,50,0,19761,20385,1284,5,344,925,52121.60000000003,74,False,False
199,46,221.08290386710192,-173.095945204594,1.0,CLIENT,7,2,100000,12,12,0,20367,20367,1369,7,353,993,12509.184000000003,74,False,False
199,47,172.05018491486095,-208.60702520431744,1.0,CLIENT,7,2,100000,15,20,0,20342,20342,1362,6,351,1004,20848.640000000007,74,False,False
199,48,-370.00295852586163,-424.67914520456134,1.0,CLIENT,7,2,100000,11,24,0,20172,20390,1320,7,350,959,25018.36800000001,74,False,False
199,49,426.87774043866335,253.81625479565685,1.0,CLIENT,7,2,100000,16,31,0,20375,20388,1350,5,348,986,32315.392000000014,74,False,False
199,50,246.58942325775746,-110.86806520430002,1.0,CLIENT,7,2,100000,12,20,0,20383,20383,1360,8,351,1002,20848.640000000007,74,False,False
199,51,-394.00443484676157,-320.14966520428686,1.0,CLIENT,7,2,100000,12,26,0,20308,20411,1340,7,350,963,27103.23200000001,74,False,False
199,52,-235.9749125370614,-261.9293052041576,1.0,CLIENT,7,2,100000,8,12,0,20404,20410,1367,8,353,989,12509.184000000003,74,False,False
199,53,412.14416091510975,-326.71754520431506,1.0,CLIENT,7,2,100000,11,14,0,20305,20385,1356,6,352,981,14594.048000000004,74,False,False
199,54,-446.6809422831407,-194.80334520436543,1.0,CLIENT,7,2,100000,10,16,0,20331,20382,1357,6,352,983,16678.912000000004,74,False,False
199,55,26.773922300769964,461.5393747956236,1.0,CLIENT,7,2,100000,10,13,0,20389,20398,1368,5,352,1003,13551.616000000004,74,False,False
199,56,-54.73604183808931,452.8564147953986,1.0,CLIENT,7,2,100000,10,16,0,20402,20406,1366,6,352,995,16678.912000000004,74,False,False
199,57,368.89397586195236,-399.7434652042398,1.0,CLIENT,7,2,100000,11,21,0,20320,20408,1351,6,350,973,21891.072000000007,74,False,False
199,58,4.990404187753088,-319.5930652041102,1.0,CLIENT,7,2,100000,11,13,0,20384,20385,1370,5,352,1003,13551.616000000004,74,False,False
199,59,156.6829030461175,327.2874547952483,1.0,CLIENT,7,2,100000,10,9,0,20395,20395,1373,7,354,1012,9381.888,74,False,False
199,60,-373.4883214241244,-143.93010520466987,1.0,CLIENT,7,2,100000,13,23,0,20375,20381,1359,5,350,999,23975.93600000001,74,False,False
199,61,-185.43715051506487,-233.65402520435794,1.0,CLIENT,7,2,100000,14,16,0,20354,20356,1364,7,352,1006,16678.912000000004,74,False,False
199,62,195.3387460976334,498.2749747954193,1.0,CLIENT,7,2,100000,10,13,0,20372,20419,1366,5,352,997,13551.616000000004,74,False,False
199,63,-58.93431987447965,394.3020947953215,1.0,CLIENT,7,2,100000,14,20,0,20381,20382,1362,5,351,1001,20848.640000000007,74,False,False
199,64,344.17958440292483,-400.63402520436426,1.0,CLIENT,7,2,100000,10,20,0,20331,20408,1355,7,351,984,20848.640000000007,74,False,False
199,65,-295.463720183528,225.7636147952951,1.0,CLIENT,7,2,100000,15,20,0,20373,20376,1361,5,351,996,20848.640000000007,74,False,False
199,66,167.1389917403431,-233.09742520418126,1.0,CLIENT,7,2,100000,15,23,0,20366,20367,1359,6,350,986,23975.93600000001,74,False,False
199,67,209.5178360689348,471.224214795692,1.0,CLIENT,7,2,100000,12,16,0,20376,20404,1364,7,352,1002,16678.912000000004,74,False,False
199,68,-71.7667923630265,-397.4057452046051,1.0,CLIENT,7,2,100000,10,8,0,20369,20378,1372,6,354,1011,8339.456,74,False,False
199,69,91.09471032825387,-438.0375452040556,1.0,CLIENT,7,2,100000,11,20,0,20379,20389,1363,5,351,992,20848.640000000007,74,False,False
199,70,389.8853660433412,184.463894795949,1.0,CLIENT,7,2,100000,11,16,0,20400,20405,1364,5,352,1000,16678.912000000004,74,False,False
199,71,-239.0642114695102,-447.1657852047383,1.0,CLIENT,7,2,100000,9,12,0,20287,20385,1352,6,353,989,12509.184000000003,74,False,False
199,72,66.53874445566456,260.38413479568504,1.0,CLIENT,7,2,100000,10,9,0,20391,20392,1372,6,353,1014,9381.888,74,False,False
199,73,-490.8024680608638,395.5266147953938,1.0,CLIENT,7,2,100000,17,42,0,19919,20391,1296,5,346,932,43782.14400000002,74,False,False
199,74,24.318325713511033,-156.39794520403967,1.0,CLIENT,7,2,100000,12,17,0,20343,20343,1365,6,352,997,17721.344000000005,74,False,False

200,0,62.02361524696071,-349.20418520449203,1.0,CLIENT,7,2,100000,13,12,0,31030,31033,1415,6,369,1029,12509.184000000003,99,False,False
200,1,486.12890970575404,-41.738345204030054,1.0,CLIENT,7,2,100000,14,16,0,30947,31033,1404,6,368,1024,16678.912000000004,99,False,False
200,2,-87.45092540408346,18.59709479550503,1.0,CLIENT,7,2,100000,10,4,0,31023,31023,1421,8,371,1038,4169.728,99,False,False
200,3,429.3333370259222,-33.38934520454387,1.0,CLIENT,7,2,100000,12,19,0,31018,31040,1406,6,367,1023,19806.208000000006,99,False,False
200,4,-34.774417967704345,435.6018147954586,1.0,CLIENT,7,2,100000,15,20,0,30980,30991,1408,5,367,1036,20848.640000000007,99,False,False
200,5,461.4937310402271,-465.42226520452175,1.0,CLIENT,7,2,100000,9,13,0,30163,31001,1360,5,366,971,13551.616000000004,99,False,False
200,6,286.9087349643414,-192.2429852045019,1.0,CLIENT,7,2,100000,12,10,0,31029,31035,1416,6,369,1039,10424.320000000002,99,False,False
200,7,33.348584130918724,343.5401747953449,1.0,CLIENT,7,2,100000,17,20,0,31001,31001,1408,5,367,1036,20848.640000000007,99,False,False
200,8,286.27503261971435,-405.7547452040913,1.0,CLIENT,7,2,100000,9,14,0,30938,31067,1407,6,368,1031,14594.048000000004,99,False,False
200,9,-407.153758507622,149.28677479538237,1.0,CLIENT,7,2,100000,14,12,0,30996,31013,1414,6,369,1028,12509.184000000003,99,False,False
200,10,-433.9276825880944,298.455574795272,1.0,CLIENT,7,2,100000,12,16,0,30896,31029,1401,6,368,1014,16678.912000000004,99,False,False
200,11,114.22484592458814,-303.22902520429466,1.0,CLIENT,7,2,100000,14,9,0,31021,31022,1417,7,369,1030,9381.888,99,False,False
200,12,-134.42411173487952,369.4777347955099,1.0,CLIENT,7,2,100000,15,23,0,31035,31040,1404,6,366,1031,23975.93600000001,99,False,False
200,13,-491.0401064402397,474.4524947954511,1.0,CLIENT,7,2,100000,17,26,0,29986,30952,1340,7,365,951,27103.23200000001,99,False,False
200,14,119.53210306492002,358.7910147955981,1.0,CLIENT,7,2,100000,13,12,0,31045,31046,1416,5,369,1037,12509.184000000003,99,False,False
200,15,-462.2066497383223,-328.60998520428296,1.0,CLIENT,7,2,100000,9,12,0,30886,31063,1404,6,369,1018,12509.184000000003,99,False,False
200,16,-194.9426856917871,-307.4591852046882,1.0,CLIENT,7,2,100000,15,17,0,31008,31011,1410,6,367,1028,17721.344000000005,99,False,False
200,17,-214.27060721754503,127.02277479543426,1.0,CLIENT,7,2,100000,12,8,0,31022,31022,1418,7,370,1036,8339.456,99,False,False
200,18,-262.27355985878216,-90.60782520403876,1.0,CLIENT,7,2,100000,15,16,0,31006,31006,1411,6,368,1030,16678.912000000004,99,False,False
200,19,-434.0861081745325,23.383854795284265,1.0,CLIENT,7,2,100000,13,9,0,31010,31015,1419,5,369,1037,9381.888,99,False,False
200,20,-477.098654848314,279.3085347953641,1.0,CLIENT,7,2,100000,9,26,0,30842,31036,1387,7,369,1003,27103.23200000001,99,False,False
200,21,-415.5503145804026,-316.2534652046321,1.0,CLIENT,7,2,100000,15,20,0,30946,31031,1398,5,367,1014,20848.640000000007,99,False,False
200,22,-184.48659699756152,12.140534795986753,1.0,CLIENT,7,2,100000,9,4,0,31016,31016,1422,7,371,1038,4169.728,99,False,False
200,23,34.77441440717378,233.22205479544778,1.0,CLIENT,7,2,100000,14,4,0,31001,31002,1423,6,371,1050,4169.728,99,False,False
200,24,-0.5544913319546361,-200.25802520404028,1.0,CLIENT,7,2,100000,9,5,0,31016,31016,1421,7,370,1051,5212.16,99,False,False
200,25,280.65092430650617,244.910654795994,1.0,CLIENT,7,2,100000,11,8,0,31034,31039,1420,5,370,1032,8339.456,99,False,False
200,26,447.8691306200522,-295.65926520442304,1.0,CLIENT,7,2,100000,12,23,0,30824,31046,1385,6,367,991,23975.93600000001,99,False,False
200,27,428.778847474233,328.2893347958827,1.0,CLIENT,7,2,100000,11,18,0,30889,31078,1399,5,367,1024,18763.776000000005,99,False,False
200,28,483.4356747391193,329.95913479562176,1.0,CLIENT,7,2,100000,17,34,0,30705,31029,1374,5,363,1005,35442.68800000002,99,False,False
200,29,-453.57245528616585,76.92877479535326,1.0,CLIENT,7,2,100000,12,19,0,31033,31054,1406,6,367,1024,19806.208000000006,99,False,False
200,30,-190.2691308966451,-416.3301452042842,1.0,CLIENT,7,2,100000,10,24,0,31033,31048,1400,7,366,1023,25018.36800000001,99,False,False
200,31,189.39778661211164,-486.4617452043976,1.0,CLIENT,7,2,100000,15,25,0,30888,31018,1398,7,365,1015,26060.80000000001,99,False,False
200,32,248.64895587920236,486.3637347954352,1.0,CLIENT,7,2,100000,12,19,0,30877,31056,1391,5,367,1004,19806.208000000006,99,False,False
200,33,-314.47479053640956,-128.90190520464557,1.0,CLIENT,7,2,100000,11,13,0,31040,31041,1414,6,368,1033,13551.616000000004,99,False,False
200,34,148.52398535327552,-292.4309852046639,1.0,CLIENT,7,2,100000,11,13,0,31041,31041,1412,8,369,1030,13551.616000000004,99,False,False
200,35,-28.27896892993041,-310.13086520427066,1.0,CLIENT,7,2,100000,9,9,0,31033,31033,1416,8,369,1043,9381.888,99,False,False
200,36,189.08093543979814,262.165254795934,1.0,CLIENT,7,2,100000,7,4,0,31035,31035,1423,6,371,1042,4169.728,99,False,False
200,37,-269.9572007934353,332.964774795943,1.0,CLIENT,7,2,100000,14,12,0,30978,31011,1414,5,369,1035,12509.184000000003,99,False,False
200,38,-181.2388724792374,-424.0112252046657,1.0,CLIENT,7,2,100000,13,16,0,31009,31029,1409,7,368,1028,16678.912000000004,99,False,False
200,39,-142.10775266896982,-500.5993852042974,1.0,CLIENT,7,2,100000,16,20,0,30941,31020,1406,6,367,1019,20848.640000000007,99,False,False
200,40,-354.1603998983665,232.77677479578102,1.0,CLIENT,7,2,100000,12,16,0,31005,31030,1408,7,368,1028,16678.912000000004,99,False,False
200,41,466.0880730418686,-244.1181052040409,1.0,CLIENT,7,2,100000,12,20,0,30876,31064,1389,6,367,1011,20848.640000000007,99,False,False
200,42,249.04501984501638,-378.9266252045928,1.0,CLIENT,7,2,100000,17,20,0,30966,31015,1399,7,367,1028,20848.640000000007,99,False,False
200,43,-214.98352235567256,-421.56218520452114,1.0,CLIENT,7,2,100000,15,17,0,31008,31034,1409,7,367,1022,17721.344000000005,99,False,False
200,44,360.02214303042,-489.24474520448996,1.0,CLIENT,7,2,100000,14,19,0,30519,30997,1367,8,364,980,19806.208000000006,99,False,False
200,45,-52.755722009582065,83.38533479566252,1.0,CLIENT,7,2,100000,17,21,0,30989,30989,1406,6,366,1039,21891.072000000007,99,False,False
200,46,73.82632142450369,-52.647705204170734,1.0,CLIENT,7,2,100000,12,8,0,31019,31019,1419,6,370,1040,8339.456,99,False,False
200,47,96.79803143439977,354.8948147959433,1.0,CLIENT,7,2,100000,15,20,0,31017,31020,1407,6,367,1025,20848.640000000007,99,False,False
200,48,-117.78942517575634,65.35149479531697,1.0,CLIENT,7,2,100000,11,13,0,31016,31016,1413,7,368,1034,13551.616000000004,99,False,False
200,49,-433.9276825880944,-463.4185052040439,1.0,CLIENT,7,2,100000,16,26,0,30618,31022,1372,6,365,994,27103.23200000001,99,False,False
200,50,-115.72989255431142,349.66277479570635,1.0,CLIENT,7,2,100000,12,16,0,31013,31016,1411,6,368,1037,16678.912000000004,99,False,False
200,51,6.733085636884492,-316.03082520440324,1.0,CLIENT,7,2,100000,11,16,0,31028,31029,1410,7,368,1037,16678.912000000004,99,False,False
200,52,-404.38131074804954,-55.208065204034256,1.0,CLIENT,7,2,100000,8,8,0,31053,31056,1420,5,370,1035,8339.456,99,False,False
200,53,-442.56187704025086,375.04373479569466,1.0,CLIENT,7,2,100000,11,14,0,30744,31044,1398,7,368,1011,14594.048000000004,99,False,False
200,54,225.8356714551816,-235.65778520404479,1.0,CLIENT,7,2,100000,10,12,0,31028,31031,1414,7,369,1032,12509.184000000003,99,False,False
200,55,-480.0295281943247,-130.2377452044368,1.0,CLIENT,7,2,100000,10,11,0,31010,31034,1416,4,369,1024,11466.752000000002,99,False,False
200,56,-210.23075476759288,118.33981479600027,1.0,CLIENT,7,2,100000,10,4,0,31027,31027,1422,7,371,1036,4169.728,99,False,False
200,57,-474.88069664043104,215.522174795841,1.0,CLIENT,7,2,100000,11,14,0,30913,31034,1405,5,368,1017,14594.048000000004,99,False,False
200,58,-221.55818418582135,-484.23534520448186,1.0,CLIENT,7,2,100000,11,12,0,30954,31047,1402,7,369,1009,12509.184000000003,99,False,False
200,59,41.26986344494771,-175.87894520468637,1.0,CLIENT,7,2,100000,10,8,0,31036,31036,1418,7,370,1044,8339.456,99,False,False
200,60,-3.802215850841603,-14.687585204302707,1.0,CLIENT,7,2,100000,13,12,0,30995,30995,1413,8,369,1034,12509.184000000003,99,False,False
200,61,-457.92915890899434,28.504574795802284,1.0,CLIENT,7,2,100000,14,13,0,31002,31014,1414,5,369,1028,13551.616000000004,99,False,False
200,62,-64.16236422131102,-178.4393052045499,1.0,CLIENT,7,2,100000,9,7,0,31015,31015,1419,7,370,1049,7297.023999999999,99,False,False
200,63,81.509962358594,-214.61830520416896,1.0,CLIENT,7,2,100000,14,13,0,31030,31030,1413,7,368,1026,13551.616000000004,99,False,False
200,64,178.62484674557254,-169.75634520432493,1.0,CLIENT,7,2,100000,10,12,0,31019,31019,1415,6,369,1034,12509.184000000003,99,False,False
200,65,-227.49914367134306,134.7038547958158,1.0,CLIENT,7,2,100000,14,13,0,31017,31018,1414,6,368,1035,13551.616000000004,99,False,False
200,66,254.9067665370376,488.70145479586085,1.0,CLIENT,7,2,100000,14,23,0,30818,31045,1387,6,366,998,23975.93600000001,99,False,False
200,67,53.54784638124237,-69.23438520421513,1.0,CLIENT,7,2,100000,11,8,0,31028,31028,1418,7,370,1039,8339.456,99,False,False
200,68,-468.3852476032199,386.0644147955543,1.0,CLIENT,7,2,100000,10,9,0,30602,31042,1400,7,370,1006,9381.888,99,False,False
200,69,-455.156711148859,301.12725479564546,1.0,CLIENT,7,2,100000,11,21,0,30859,31049,1395,5,367,1010,21891.072000000007,99,False,False
200,70,310.355721733552,-403.6396652046855,1.0,CLIENT,7,2,100000,11,16,0,30886,31035,1396,8,368,1011,16678.912000000004,99,False,False
200,71,135.77072565766633,-358.7777052040505,1.0,CLIENT,7,2,100000,8,12,0,31037,31046,1412,7,369,1018,12509.184000000003,99,False,False
200,72,371.9040620014635,-7.5631052040978375,1.0,CLIENT,7,2,100000,9,6,0,31055,31061,1422,5,370,1032,6254.592,99,False,False
200,73,411.03518181116823,-213.95038520427335,1.0,CLIENT,7,2,100000,16,18,0,30949,31018,1407,4,367,1031,18763.776000000005,99,False,False
200,74,156.04920070092766,273.1859347957936,1.0,CLIENT,7,2,100000,12,16,0,31019,31020,1411,6,368,1029,16678.912000000004,99,False,False
200,75,-72.79655867346753,375.4890147953614,1.0,CLIENT,7,2,100000,12,14,0,31010,31014,1414,5,368,1043,14594.048000000004,99,False,False
200,76,52.67650565667667,276.3028947958338,1.0,CLIENT,7,2,100000,14,8,0,31012,31012,1419,6,370,1043,8339.456,99,False,False
200,77,152.88068897554118,-86.93426520461287,1.0,CLIENT,7,2,100000,13,12,0,31020,31020,1416,5,369,1034,12509.184000000003,99,False,False
200,78,366.51759206819395,-393.9548252046171,1.0,CLIENT,7,2,100000,14,14,0,30805,31030,1393,6,369,1007,14594.048000000004,99,False,False
200,79,153.2767529413552,-472.8807052046744,1.0,CLIENT,7,2,100000,14,24,0,30942,31022,1394,7,366,1010,25018.36800000001,99,False,False
200,80,239.22263349598066,75.14765479589528,1.0,CLIENT,7,2,100000,9,12,0,31037,31037,1416,5,369,1044,12509.184000000003,99,False,False
200,81,-261.6398575135923,1.1198547953361526,1.0,CLIENT,7,2,100000,15,12,0,30997,30997,1415,6,369,1033,12509.184000000003,99,False,False
200,82,-110.97712496566889,312.03661479578614,1.0,CLIENT,7,2,100000,11,12,0,31050,31052,1416,5,369,1041,12509.184000000003,99,False,False
200,83,179.57540026307592,-244.34074520426975,1.0,CLIENT,7,2,100000,15,10,0,30996,30999,1416,7,369,1036,10424.320000000002,99,False,False
200,84,-237.63838119325516,469.9996947956197,1.0,CLIENT,7,2,100000,11,10,0,30884,31032,1411,6,369,1023,10424.320000000002,99,False,False
200,85,426.719314852788,67.24393479528487,1.0,CLIENT,7,2,100000,12,20,0,31046,31057,1406,5,367,1027,20848.640000000007,99,False,False
200,86,-303.0681483246806,-173.20726520431293,1.0,CLIENT,7,2,100000,13,10,0,31015,31016,1417,6,369,1031,10424.320000000002,99,False,False
200,87,-295.62214576996615,-287.6442252040937,1.0,CLIENT,7,2,100000,15,16,0,31008,31012,1409,7,368,1027,16678.912000000004,99,False,False
200,88,-427.5906591373215,-123.11326520423194,1.0,CLIENT,7,2,100000,9,12,0,31031,31046,1414,5,369,1032,12509.184000000003,99,False,False
200,89,-126.26519404147469,79.71177479544565,1.0,CLIENT,7,2,100000,10,9,0,31013,31014,1417,6,370,1035,9381.888,99,False,False
200,90,-239.30184984888604,181.012974795961,1.0,CLIENT,7,2,100000,15,12,0,31003,31003,1415,6,368,1039,12509.184000000003,99,False,False
200,91,245.16359298093954,462.541254795467,1.0,CLIENT,7,2,100000,13,13,0,30901,31028,1407,6,368,1024,13551.616000000004,99,False,False
200,92,-418.5604007193509,71.25145479544955,1.0,CLIENT,7,2,100000,10,16,0,31025,31032,1411,6,368,1025,16678.912000000004,99,False,False
200,93,168.0103324649088,10.804694795404544,1.0,CLIENT,7,2,100000,15,6,0,30998,30998,1422,5,370,1050,6254.592,99,False,False
200,94,-353.60591034667715,-366.570105204151,1.0,CLIENT,7,2,100000,13,24,0,30951,31036,1395,7,366,1010,25018.36800000001,99,False,False
200,95,323.26740701503655,464.9902947956116,1.0,CLIENT,7,2,100000,11,9,0,30795,31037,1402,6,370,1016,9381.888,99,False,False
200,96,-272.8088613459454,199.38077479546337,1.0,CLIENT,7,2,100000,15,14,0,31018,31020,1412,6,368,1033,14594.048000000004,99,False,False
200,97,-481.1385072982663,-390.726545204067,1.0,CLIENT,7,2,100000,13,17,0,30710,31038,1385,5,368,991,17721.344000000005,99,False,False
200,98,-376.5776203565732,223.53721479537938,1.0,CLIENT,7,2,100000,13,14,0,30981,31010,1411,6,368,1034,14594.048000000004,99,False,False
200,99,124.60172182531322,-1.5518252042463132,1.0,CLIENT,7,2,100000,14,16,0,31004,31004,1411,6,368,1034,16678.912000000004,99,False,False

201,0,-240.56925453926576,84.05325479555813,1.0,CLIENT,7,2,100000,13,8,0,30627,30627,1413,3,364,1048,8339.456,99,False,False
201,1,468.62288242262804,82.38345479581909,1.0,CLIENT,7,2,100000,14,13,0,30622,30643,1409,2,362,1034,13551.616000000004,99,False,False
201,2,424.0260798855904,494.26745479525465,1.0,CLIENT,7,2,100000,11,18,0,30334,30678,1381,2,361,1004,18763.776000000005,99,False,False
201,3,-154.62337398464032,-492.69566520447796,1.0,CLIENT,7,2,100000,12,24,0,30590,30657,1393,3,360,1024,25018.36800000001,99,False,False
201,4,299.4243562805747,-325.3817052045238,1.0,CLIENT,7,2,100000,15,24,0,30633,30641,1396,3,360,1030,25018.36800000001,99,False,False
201,5,-49.90406145650911,228.9918947958452,1.0,CLIENT,7,2,100000,9,8,0,30648,30648,1414,2,364,1044,8339.456,99,False,False
201,6,328.89151532768193,-246.0105452040088,1.0,CLIENT,7,2,100000,13,11,0,30638,30645,1411,2,363,1040,11466.752000000002,99,False,False
201,7,148.76162373265134,-394.7340652042317,1.0,CLIENT,7,2,100000,17,22,0,30624,30627,1399,2,360,1039,22933.504000000008,99,False,False
201,8,-141.15719915146644,-432.3602252041519,1.0,CLIENT,7,2,100000,9,16,0,30656,30689,1401,3,362,1032,16678.912000000004,99,False,False
201,9,341.3279238504148,-214.95226520411677,1.0,CLIENT,7,2,100000,15,13,0,30611,30613,1409,2,363,1041,13551.616000000004,99,False,False
201,10,133.3943418639079,489.1467347955276,1.0,CLIENT,7,2,100000,12,16,0,30596,30641,1406,2,362,1031,16678.912000000004,99,False,False
201,11,376.57761679660547,-59.32690520470885,1.0,CLIENT,7,2,100000,14,12,0,30641,30642,1409,3,363,1038,12509.184000000003,99,False,False
201,12,373.8051690364702,-83.81730520457268,1.0,CLIENT,7,2,100000,15,19,0,30630,30630,1403,2,361,1036,19806.208000000006,99,False,False
201,13,195.02189492475705,-361.44938520442395,1.0,CLIENT,7,2,100000,15,12,0,30634,30637,1410,2,363,1040,12509.184000000003,99,False,False
201,14,386.7960671108924,-210.0541852046186,1.0,CLIENT,7,2,100000,14,12,0,30634,30642,1408,3,363,1038,12509.184000000003,99,False,False
201,15,126.74046724025864,494.4900947954835,1.0,CLIENT,7,2,100000,9,9,0,30627,30666,1409,2,363,1036,9381.888,99,False,False
201,16,-36.75473779564875,-343.63818520430726,1.0,CLIENT,7,2,100000,15,16,0,30614,30614,1405,3,362,1039,16678.912000000004,99,False,False
201,17,-25.82337234267148,-37.50818520442749,1.0,CLIENT,7,2,100000,12,8,0,30630,30630,1413,3,364,1039,8339.456,99,False,False
201,18,-302.3552331865531,-223.41258520411287,1.0,CLIENT,7,2,100000,15,24,0,30640,30644,1397,3,360,1022,25018.36800000001,99,False,False
201,19,-428.3827870683866,-175.3223452045097,1.0,CLIENT,7,2,100000,13,14,0,30632,30647,1405,3,362,1034,14594.048000000004,99,False,False
201,20,96.56039305502392,367.6966147952609,1.0,CLIENT,7,2,100000,9,8,0,30636,30642,1413,2,364,1035,8339.456,99,False,False
201,21,423.31316474746285,-411.6547052042239,1.0,CLIENT,7,2,100000,16,20,0,30477,30641,1393,2,361,1024,20848.640000000007,99,False,False
201,22,-203.73530572981895,377.2701347956104,1.0,CLIENT,7,2,100000,9,12,0,30649,30656,1410,2,363,1029,12509.184000000003,99,False,False
201,23,-399.7869687458452,-476.10898520443357,1.0,CLIENT,7,2,100000,14,8,0,30335,30660,1392,3,363,1006,8339.456,99,False,False
201,24,391.7864730789107,-305.0101452045436,1.0,CLIENT,7,2,100000,10,12,0,30623,30651,1407,3,363,1031,12509.184000000003,99,False,False
201,25,441.37368158284113,115.33417479567902,1.0,CLIENT,7,2,100000,11,8,0,30623,30642,1412,2,364,1036,8339.456,99,False,False
201,26,120.7995077547369,211.06937479600958,1.0,CLIENT,7,2,100000,12,12,0,30616,30616,1409,3,363,1034,12509.184000000003,99,False,False
201,27,-11.089792819117891,201.27321479543127,1.0,CLIENT,7,2,100000,11,8,0,30632,30632,1414,2,364,1046,8339.456,99,False,False
201,28,-259.18426092633337,-179.21854520416446,1.0,CLIENT,7,2,100000,17,24,0,30622,30624,1397,3,360,1032,25018.36800000001,99,False,False
201,29,-185.0410865498137,363.3551347959394,1.0,CLIENT,7,2,100000,12,16,0,30644,30650,1406,2,362,1044,16678.912000000004,99,False,False
201,30,202.62632306590967,-22.257345204174328,1.0,CLIENT,7,2,100000,10,16,0,30630,30630,1406,2,362,1043,16678.912000000004,99,False,False
201,31,20.753750022310555,-149.83006520401148,1.0,CLIENT,7,2,100000,15,19,0,30615,30615,1402,3,360,1037,19806.208000000006,99,False,False
201,32,314.31636139000364,305.80269479570575,1.0,CLIENT,7,2,100000,12,17,0,30635,30661,1405,2,361,1023,17721.344000000005,99,False,False
201,33,442.48266068678265,-53.42694520457627,1.0,CLIENT,7,2,100000,11,12,0,30636,30643,1410,2,363,1034,12509.184000000003,99,False,False
201,34,-32.08118300050673,275.8576147953761,1.0,CLIENT,7,2,100000,11,8,0,30623,30623,1414,2,364,1050,8339.456,99,False,False
201,35,451.1960679318769,249.0294947958776,1.0,CLIENT,7,2,100000,9,12,0,30574,30661,1404,2,363,1034,12509.184000000003,99,False,False
201,36,493.3372738810927,122.45865479588389,1.0,CLIENT,7,2,100000,8,10,0,30630,30665,1410,2,364,1031,10424.320000000002,99,False,False
201,37,337.8425609521519,-98.95682520431592,1.0,CLIENT,7,2,100000,14,12,0,30618,30618,1410,2,363,1042,12509.184000000003,99,False,False
201,38,310.51414731942737,451.74321479583625,1.0,CLIENT,7,2,100000,14,23,0,30555,30667,1392,2,360,1015,23975.93600000001,99,False,False
201,39,387.1921310767064,-180.77702520418455,1.0,CLIENT,7,2,100000,17,20,0,30625,30629,1401,3,361,1036,20848.640000000007,99,False,False
201,40,-480.10874098726237,-5.448025204692044,1.0,CLIENT,7,2,100000,12,16,0,30655,30673,1401,3,362,1034,16678.912000000004,99,False,False
201,41,-164.84182429949007,18.708414795223973,1.0,CLIENT,7,2,100000,12,12,0,30623,30623,1409,3,363,1043,12509.184000000003,99,False,False
201,42,1.0297645307385934,-185.22982520401598,1.0,CLIENT,7,2,100000,17,16,0,30604,30604,1405,3,362,1034,16678.912000000004,99,False,False
201,43,-84.99532881682453,207.9524147959694,1.0,CLIENT,7,2,100000,15,13,0,30617,30617,1409,2,362,1042,13551.616000000004,99,False,False
201,44,-408.57958878387694,-44.63266520463236,1.0,CLIENT,7,2,100000,14,21,0,30650,30653,1401,2,360,1031,21891.072000000007,99,False,False
201,45,284.76998954995884,79.15517479526898,1.0,CLIENT,7,2,100000,17,20,0,30601,30601,1402,2,361,1038,20848.640000000007,99,False,False
201,46,-292.13678287170336,176.8941347952864,1.0,CLIENT,7,2,100000,12,12,0,30640,30640,1409,3,363,1035,12509.184000000003,99,False,False
201,47,202.7055358594102,213.9636947958209,1.0,CLIENT,7,2,100000,15,19,0,30628,30628,1403,2,361,1029,19806.208000000006,99,False,False
201,48,40.39852272038201,222.42401479581702,1.0,CLIENT,7,2,100000,11,16,0,30646,30646,1405,3,362,1029,16678.912000000004,99,False,False
201,49,-147.81107377511572,122.45865479588389,1.0,CLIENT,7,2,100000,16,16,0,30621,30621,1406,2,361,1041,16678.912000000004,99,False,False
201,50,384.89496007588565,-196.02786520443772,1.0,CLIENT,7,2,100000,12,16,0,30631,30635,1406,2,362,1031,16678.912000000004,99,False,False
201,51,-307.58327753338443,57.893054795955265,1.0,CLIENT,7,2,100000,11,18,0,30648,30648,1403,3,361,1029,18763.776000000005,99,False,False
201,52,-350.99188817298005,252.92569479553237,1.0,CLIENT,7,2,100000,8,8,0,30662,30678,1413,2,364,1042,8339.456,99,False,False
201,53,98.46150009003067,-150.49798520469807,1.0,CLIENT,7,2,100000,11,8,0,30629,30629,1413,3,364,1045,8339.456,99,False,False
201,54,-218.94416201268706,166.8753347952702,1.0,CLIENT,7,2,100000,10,12,0,30651,30651,1409,3,363,1041,12509.184000000003,99,False,False
201,55,183.69446550596575,-192.57694520444971,1.0,CLIENT,7,2,100000,10,11,0,30657,30658,1410,3,363,1038,11466.752000000002,99,False,False
201,56,-353.13063358792544,-24.03846520442329,1.0,CLIENT,7,2,100000,10,8,0,30656,30657,1413,3,364,1048,8339.456,99,False,False
201,57,-406.2824177830563,346.87977479561397,1.0,CLIENT,7,2,100000,11,18,0,30555,30669,1402,1,362,1023,18763.776000000005,99,False,False
201,58,-13.545389406376822,441.72441479582005,1.0,CLIENT,7,2,100000,11,12,0,30668,30674,1409,3,363,1034,12509.184000000003,99,False,False
201,59,-432.02657555308764,332.1855347955375,1.0,CLIENT,7,2,100000,10,9,0,30537,30675,1401,2,364,1025,9381.888,99,False,False
201,60,-192.4078763115905,310.2554947955372,1.0,CLIENT,7,2,100000,13,20,0,30657,30657,1402,2,361,1033,20848.640000000007,99,False,False
201,61,-106.85805972277907,-356.10602520446804,1.0,CLIENT,7,2,100000,14,13,0,30630,30633,1407,3,362,1039,13551.616000000004,99,False,False
201,62,-187.02140637832096,-271.61414520422596,1.0,CLIENT,7,2,100000,9,8,0,30673,30673,1413,3,364,1033,8339.456,99,False,False
201,63,331.5847502943167,-285.30650520445903,1.0,CLIENT,7,2,100000,14,12,0,30625,30631,1408,3,363,1041,12509.184000000003,99,False,False
201,64,455.2359203818289,-188.1241452046183,1.0,CLIENT,7,2,100000,10,12,0,30634,30654,1410,2,363,1036,12509.184000000003,99,False,False
201,65,333.1690061570099,-154.06022520440501,1.0,CLIENT,7,2,100000,14,15,0,30629,30631,1407,2,362,1032,15636.480000000005,99,False,False
201,66,-422.12497641055137,279.0858947959262,1.0,CLIENT,7,2,100000,14,23,0,30594,30658,1396,2,360,1030,23975.93600000001,99,False,False
201,67,330.00049443162345,-122.77930520428413,1.0,CLIENT,7,2,100000,12,6,0,30641,30641,1415,3,364,1044,6254.592,99,False,False
201,68,188.05116912879427,499.94477479594934,1.0,CLIENT,7,2,100000,10,8,0,30585,30670,1409,2,364,1025,8339.456,99,False,False
201,69,381.964086729875,-463.6411452042728,1.0,CLIENT,7,2,100000,11,24,0,30478,30677,1387,2,361,1017,25018.36800000001,99,False,False
201,70,-181.47651085861324,94.18337479529328,1.0,CLIENT,7,2,100000,11,10,0,30635,30635,1412,2,363,1035,10424.320000000002,99,False,False
201,71,-83.4110729541313,259.2709347953317,1.0,CLIENT,7,2,100000,8,13,0,30633,30633,1409,2,363,1030,13551.616000000004,99,False,False
201,72,-44.755229902615405,148.17357479582,1.0,CLIENT,7,2,100000,9,8,0,30640,30640,1414,2,364,1048,8339.456,99,False,False
201,73,-128.0078754906061,-13.685705204459282,1.0,CLIENT,7,2,100000,16,12,0,30602,30602,1410,2,363,1041,12509.184000000003,99,False,False
201,74,-68.99434460289122,340.4232147953047,1.0,CLIENT,7,2,100000,12,15,0,30630,30631,1407,1,362,1040,15636.480000000005,99,False,False
201,75,-104.5608887219583,6.351894795573116,1.0,CLIENT,7,2,100000,12,16,0,30632,30632,1405,3,362,1038,16678.912000000004,99,False,False
201,76,-152.32620298381957,415.00761479524954,1.0,CLIENT,7,2,100000,14,13,0,30627,30639,1408,2,363,1036,13551.616000000004,99,False,False
201,77,-156.8413321925234,362.13061479586713,1.0,CLIENT,7,2,100000,13,12,0,30621,30626,1409,2,363,1037,12509.184000000003,99,False,False
201,78,-53.15178597539608,177.8960147959208,1.0,CLIENT,7,2,100000,14,8,0,30627,30627,1414,2,364,1040,8339.456,99,False,False
201,79,150.58351797472042,388.17949479575105,1.0,CLIENT,7,2,100000,14,21,0,30604,30618,1401,1,361,1021,21891.072000000007,99,False,False
201,80,274.63075202804674,244.35405479581732,1.0,CLIENT,7,2,100000,9,12,0,30641,30643,1410,2,363,1037,12509.184000000003,99,False,False
201,81,249.6787221896434,-340.2985852040382,1.0,CLIENT,7,2,100000,15,16,0,30631,30634,1405,3,362,1034,16678.912000000004,99,False,False
201,82,-88.0054149557728,80.04573479539346,1.0,CLIENT,7,2,100000,11,12,0,30633,30633,1410,2,363,1044,12509.184000000003,99,False,False
201,83,265.9965575764531,69.91561479565831,1.0,CLIENT,7,2,100000,15,13,0,30625,30625,1408,3,362,1036,13551.616000000004,99,False,False
201,84,-251.42140719874254,25.053654795814282,1.0,CLIENT,7,2,100000,11,16,0,30665,30665,1405,3,362,1041,16678.912000000004,99,False,False
201,85,-442.48266424675035,358.12309479570246,1.0,CLIENT,7,2,100000,12,25,0,30496,30670,1382,2,360,1009,26060.80000000001,99,False,False
201,86,-265.20443320479274,-279.9631452045031,1.0,CLIENT,7,2,100000,13,17,0,30640,30651,1404,3,361,1030,17721.344000000005,99,False,False
201,87,354.5564603042128,-422.0074652041879,1.0,CLIENT,7,2,100000,15,23,0,30557,30629,1389,3,361,1007,23975.93600000001,99,False,False
201,88,97.35252098608912,248.47289479570094,1.0,CLIENT,7,2,100000,10,12,0,30641,30641,1409,3,363,1032,12509.184000000003,99,False,False
201,89,-477.73235719350396,-421.1169052040634,1.0,CLIENT,7,2,100000,11,17,0,30283,30684,1379,2,362,995,17721.344000000005,99,False,False
201,90,-222.90480166913872,294.22541479566945,1.0,CLIENT,7,2,100000,15,20,0,30643,30645,1400,3,361,1030,20848.640000000007,99,False,False
201,91,-354.87331503649403,-220.29562520407268,1.0,CLIENT,7,2,100000,13,14,0,30653,30665,1407,3,361,1031,14594.048000000004,99,False,False
201,92,-59.171958253855486,337.5288947954934,1.0,CLIENT,7,2,100000,10,13,0,30638,30639,1409,2,362,1044,13551.616000000004,99,False,False
201,93,-20.83296637521595,-282.52350520436664,1.0,CLIENT,7,2,100000,16,8,0,30606,30606,1413,3,364,1045,8339.456,99,False,False
201,94,-382.4393670485945,150.39997479573572,1.0,CLIENT,7,2,100000,13,24,0,30659,30663,1398,2,360,1032,25018.36800000001,99,False,False
201,95,368.89397586195236,-22.257345204174328,1.0,CLIENT,7,2,100000,11,8,0,30635,30636,1414,2,364,1036,8339.456,99,False,False
201,96,-25.981797929109657,18.59709479550503,1.0,CLIENT,7,2,100000,15,4,0,30598,30598,1417,3,365,1047,4169.728,99,False,False
201,97,269.00664371540137,-93.39082520413115,1.0,CLIENT,7,2,100000,13,12,0,30638,30638,1409,3,363,1041,12509.184000000003,99,False,False
201,98,-264.33309248022704,-20.364905204206423,1.0,CLIENT,7,2,100000,14,16,0,30634,30634,1405,3,362,1028,16678.912000000004,99,False,False
201,99,-56.161872114907204,-58.65898520402226,1.0,CLIENT,7,2,100000,14,16,0,30612,30612,1405,3,362,1039,16678.912000000004,99,False,False

202,0,-327.1488374385182,-242.5596252040208,1.0,CLIENT,7,2,100000,13,10,0,30889,30890,1416,7,369,1034,10424.320000000002,99,False,False
202,1,-109.47208189647617,-494.0315052042692,1.0,CLIENT,7,2,100000,14,12,0,30869,30892,1412,6,369,1038,12509.184000000003,99,False,False
202,2,-445.17589921394796,-347.08910520429527,1.0,CLIENT,7,2,100000,11,6,0,30802,30934,1416,6,370,1030,6254.592,99,False,False
202,3,142.26617469544027,487.47693479578857,1.0,CLIENT,7,2,100000,12,28,0,30855,30941,1393,6,365,1021,29188.096000000012,99,False,False
202,4,-135.84994201113457,148.3962147952579,1.0,CLIENT,7,2,100000,15,24,0,30887,30887,1401,8,366,1029,25018.36800000001,99,False,False
202,5,29.38794447390423,-119.99630520419174,1.0,CLIENT,7,2,100000,9,8,0,30887,30887,1417,8,370,1045,8339.456,99,False,False
202,6,97.74858495190314,317.2686547952321,1.0,CLIENT,7,2,100000,13,18,0,30918,30920,1409,6,367,1032,18763.776000000005,99,False,False
202,7,455.4735587617677,261.1633747952996,1.0,CLIENT,7,2,100000,17,23,0,30725,30879,1402,3,366,1015,23975.93600000001,99,False,False
202,8,278.98745565087523,-33.834625204210624,1.0,CLIENT,7,2,100000,9,8,0,30894,30894,1419,6,370,1047,8339.456,99,False,False
202,9,390.123004422717,-97.50966520401477,1.0,CLIENT,7,2,100000,15,12,0,30876,30876,1415,6,369,1031,12509.184000000003,99,False,False
202,10,269.87798443996707,-364.56634520446414,1.0,CLIENT,7,2,100000,12,13,0,30868,30880,1413,7,368,1045,13551.616000000004,99,False,False
202,11,285.40369189514865,280.75569479566525,1.0,CLIENT,7,2,100000,14,12,0,30893,30904,1414,6,369,1027,12509.184000000003,99,False,False
202,12,113.27429240708477,-301.7818652039935,1.0,CLIENT,7,2,100000,15,14,0,30874,30874,1411,8,368,1036,14594.048000000004,99,False,False
202,13,-19.169497719585053,350.219374795883,1.0,CLIENT,7,2,100000,15,12,0,30889,30889,1416,5,369,1036,12509.184000000003,99,False,False
202,14,148.36555976683735,221.53345479569253,1.0,CLIENT,7,2,100000,14,12,0,30881,30881,1414,7,369,1043,12509.184000000003,99,False,False
202,15,191.14046806124307,19.48765479562951,1.0,CLIENT,7,2,100000,9,1,0,30885,30885,1425,7,371,1043,1042.432,99,False,False
202,16,472.5835220790797,-178.55062520426884,1.0,CLIENT,7,2,100000,15,20,0,30844,30883,1402,6,367,1027,20848.640000000007,99,False,False
202,17,-219.34022597793825,472.2260947955354,1.0,CLIENT,7,2,100000,12,10,0,30863,30919,1414,7,370,1025,10424.320000000002,99,False,False
202,18,171.25805698379577,229.77113479545977,1.0,CLIENT,7,2,100000,15,18,0,30872,30873,1409,6,367,1034,18763.776000000005,99,False,False
202,19,-207.9335837662093,360.01553479567036,1.0,CLIENT,7,2,100000,13,15,0,30907,30910,1411,7,368,1032,15636.480000000005,99,False,False
202,20,-391.23198708718917,142.4962547959163,1.0,CLIENT,7,2,100000,9,8,0,30902,30907,1418,6,370,1033,8339.456,99,False,False
202,21,-463.23641604932624,-258.5897052046795,1.0,CLIENT,7,2,100000,15,20,0,30818,30894,1403,6,367,1022,20848.640000000007,99,False,False
202,22,9.109469430642916,471.224214795692,1.0,CLIENT,7,2,100000,9,12,0,30905,30934,1415,6,369,1026,12509.184000000003,99,False,False
202,23,-35.40812031233136,233.77865479562445,1.0,CLIENT,7,2,100000,14,4,0,30907,30907,1423,6,371,1046,4169.728,99,False,False
202,24,324.77245008422926,331.6289347953608,1.0,CLIENT,7,2,100000,10,12,0,30876,30935,1412,6,369,1026,12509.184000000003,99,False,False
202,25,390.2814300091552,-242.3369852045829,1.0,CLIENT,7,2,100000,11,8,0,30879,30896,1418,7,370,1048,8339.456,99,False,False
202,26,247.06470001650914,169.99229479531039,1.0,CLIENT,7,2,100000,12,15,0,30884,30884,1411,7,368,1035,15636.480000000005,99,False,False
202,27,34.93283999361195,-202.92970520441372,1.0,CLIENT,7,2,100000,11,8,0,30892,30892,1417,8,370,1032,8339.456,99,False,False
202,28,-451.11685869890687,217.74857479575672,1.0,CLIENT,7,2,100000,17,35,0,30879,30918,1391,6,363,1012,36485.12000000002,99,False,False
202,29,234.94514266608982,-453.6223452042566,1.0,CLIENT,7,2,100000,12,22,0,30884,30914,1404,7,367,1013,22933.504000000008,99,False,False
202,30,283.1857336872656,317.1573347955132,1.0,CLIENT,7,2,100000,10,20,0,30871,30895,1406,6,367,1023,20848.640000000007,99,False,False
202,31,-103.45190961801677,65.24017479559802,1.0,CLIENT,7,2,100000,15,13,0,30856,30856,1413,7,368,1034,13551.616000000004,99,False,False
202,32,252.53038274271634,-440.04130520453344,1.0,CLIENT,7,2,100000,12,14,0,30871,30899,1409,6,368,1028,14594.048000000004,99,False,False
202,33,465.4543706966788,-201.48254520411257,1.0,CLIENT,7,2,100000,11,16,0,30889,30923,1408,6,368,1022,16678.912000000004,99,False,False
202,34,-181.79336203092674,53.662894795561726,1.0,CLIENT,7,2,100000,11,11,0,30891,30891,1415,7,369,1040,11466.752000000002,99,False,False
202,35,483.67331311849506,-292.20834520443503,1.0,CLIENT,7,2,100000,9,12,0,30809,30917,1411,6,369,1034,12509.184000000003,99,False,False
202,36,258.3129166417999,457.5318547954589,1.0,CLIENT,7,2,100000,8,8,0,30821,30960,1411,6,370,1022,8339.456,99,False,False
202,37,-79.60885888355497,45.64785479523238,1.0,CLIENT,7,2,100000,14,12,0,30881,30881,1413,8,369,1044,12509.184000000003,99,False,False
202,38,369.6861037935804,-366.2361452042032,1.0,CLIENT,7,2,100000,14,17,0,30847,30909,1407,7,367,1036,17721.344000000005,99,False,False
202,39,-231.3013577419194,-248.23694520471548,1.0,CLIENT,7,2,100000,17,20,0,30865,30866,1407,6,367,1039,20848.640000000007,99,False,False
202,40,-83.96556250582064,-315.0289452045598,1.0,CLIENT,7,2,100000,12,15,0,30893,30893,1412,6,368,1032,15636.480000000005,99,False,False
202,41,140.2066420734325,-497.03714520459044,1.0,CLIENT,7,2,100000,12,16,0,30872,30908,1407,7,368,1030,16678.912000000004,99,False,False
202,42,-122.85904393671238,-256.58594520420166,1.0,CLIENT,7,2,100000,17,16,0,30862,30862,1411,6,368,1032,16678.912000000004,99,False,False
202,43,35.32890395942597,-324.82510520434715,1.0,CLIENT,7,2,100000,15,14,0,30872,30872,1413,6,368,1020,14594.048000000004,99,False,False
202,44,-247.46076754229088,-278.9612652046597,1.0,CLIENT,7,2,100000,14,14,0,30887,30890,1413,6,368,1040,14594.048000000004,99,False,False
202,45,-72.00443074240233,196.82041479559985,1.0,CLIENT,7,2,100000,17,23,0,30862,30862,1403,7,366,1034,23975.93600000001,99,False,False
202,46,457.45387858971213,-182.55814520443352,1.0,CLIENT,7,2,100000,12,12,0,30879,30909,1414,6,369,1027,12509.184000000003,99,False,False
202,47,138.22632224492526,133.03405479528578,1.0,CLIENT,7,2,100000,15,15,0,30862,30862,1411,7,368,1031,15636.480000000005,99,False,False
202,48,213.95375248470097,-420.8942652046255,1.0,CLIENT,7,2,100000,11,16,0,30892,30903,1410,7,368,1038,16678.912000000004,99,False,False
202,49,173.23837681230302,-214.39566520473107,1.0,CLIENT,7,2,100000,15,18,0,30880,30880,1409,6,367,1037,18763.776000000005,99,False,False
202,50,-131.49323838830605,196.59777479537098,1.0,CLIENT,7,2,100000,12,20,0,30905,30905,1405,8,367,1034,20848.640000000007,99,False,False
202,51,-438.680450176174,-338.851425204528,1.0,CLIENT,7,2,100000,11,24,0,30819,30923,1398,4,366,1023,25018.36800000001,99,False,False
202,52,-342.9121832730757,401.8718547959841,1.0,CLIENT,7,2,100000,8,15,0,30855,30961,1406,7,368,1024,15636.480000000005,99,False,False
202,53,4.990404187753088,-446.27522520461383,1.0,CLIENT,7,2,100000,11,12,0,30897,30903,1415,6,369,1042,12509.184000000003,99,False,False
202,54,-338.9515436160612,248.9181747953677,1.0,CLIENT,7,2,100000,10,14,0,30914,30920,1412,7,368,1034,14594.048000000004,99,False,False
202,55,-453.17639132035174,-269.72170520425806,1.0,CLIENT,7,2,100000,10,12,0,30873,30925,1412,6,368,1026,12509.184000000003,99,False,False
202,56,161.91094739351172,-227.3087852045586,1.0,CLIENT,7,2,100000,10,3,0,30882,30882,1423,7,371,1048,3127.2960000000003,99,False,False
202,57,312.0191903891829,261.94261479570514,1.0,CLIENT,7,2,100000,10,14,0,30906,30916,1411,7,368,1024,14594.048000000004,99,False,False
202,58,52.122016104424475,-114.31898520428803,1.0,CLIENT,7,2,100000,10,12,0,30889,30889,1414,7,369,1037,12509.184000000003,99,False,False
202,59,25.664943196828418,315.5988547954931,1.0,CLIENT,7,2,100000,10,8,0,30900,30900,1419,6,370,1048,8339.456,99,False,False
202,60,-33.507013277324624,430.9263747953983,1.0,CLIENT,7,2,100000,13,16,0,30890,30898,1411,6,368,1031,16678.912000000004,99,False,False
202,61,-165.00024988592824,-221.85410520409278,1.0,CLIENT,7,2,100000,14,8,0,30860,30860,1420,5,370,1035,8339.456,99,False,False
202,62,396.9353046328045,-29.270505204660253,1.0,CLIENT,7,2,100000,9,6,0,30885,30885,1421,6,370,1039,6254.592,99,False,False
202,63,-274.1554788292628,428.14337479530593,1.0,CLIENT,7,2,100000,14,27,0,30852,30910,1395,7,366,1013,28145.66400000001,99,False,False
202,64,395.826325528863,-379.1492652040307,1.0,CLIENT,7,2,100000,10,13,0,30803,30911,1402,7,369,1018,13551.616000000004,99,False,False
202,65,280.73013710000663,-204.71082520466268,1.0,CLIENT,7,2,100000,14,13,0,30878,30880,1414,6,368,1037,13551.616000000004,99,False,False
202,66,328.4954513618679,-93.94742520430782,1.0,CLIENT,7,2,100000,14,19,0,30881,30881,1408,6,367,1035,19806.208000000006,99,False,False
202,67,-180.84280851342336,-478.89198520452595,1.0,CLIENT,7,2,100000,12,7,0,30862,30904,1419,5,370,1037,7297.023999999999,99,False,False
202,68,375.7854888649774,235.11449479541568,1.0,CLIENT,7,2,100000,10,9,0,30874,30911,1415,6,370,1019,9381.888,99,False,False
202,69,331.82238867369256,-300.66866520443114,1.0,CLIENT,7,2,100000,11,20,0,30888,30902,1407,6,367,1036,20848.640000000007,99,False,False
202,70,-456.0280518734247,210.7354147952708,1.0,CLIENT,7,2,100000,11,16,0,30881,30922,1408,6,368,1030,16678.912000000004,99,False,False
202,71,-312.6528962943405,-500.9333452042452,1.0,CLIENT,7,2,100000,8,12,0,30730,30939,1398,6,369,1025,12509.184000000003,99,False,False
202,72,-473.29644077773776,-340.632545203986,1.0,CLIENT,7,2,100000,9,9,0,30759,30948,1409,4,368,1026,9381.888,99,False,False
202,73,-147.96949936099105,92.29093479532537,1.0,CLIENT,7,2,100000,16,12,0,30854,30854,1413,8,369,1035,12509.184000000003,99,False,False
202,74,-386.63764508498485,-501.0446652047551,1.0,CLIENT,7,2,100000,12,21,0,30558,30908,1382,6,366,1002,21891.072000000007,99,False,False
202,75,-309.08832060314,370.03433479568656,1.0,CLIENT,7,2,100000,12,20,0,30887,30927,1406,6,367,1029,20848.640000000007,99,False,False
202,76,286.35424541265206,95.18525479592768,1.0,CLIENT,7,2,100000,14,8,0,30873,30873,1419,7,370,1048,8339.456,99,False,False
202,77,477.0986512883464,267.1746547959421,1.0,CLIENT,7,2,100000,13,14,0,30696,30899,1399,5,368,1016,14594.048000000004,99,False,False
202,78,-466.95941732640205,357.3438547952969,1.0,CLIENT,7,2,100000,14,16,0,30656,30935,1399,5,368,1012,16678.912000000004,99,False,False
202,79,140.2066420734325,-166.8620252045136,1.0,CLIENT,7,2,100000,14,16,0,30867,30867,1409,8,368,1038,16678.912000000004,99,False,False
202,80,-415.8671657527161,-97.9549452044725,1.0,CLIENT,7,2,100000,9,12,0,30916,30919,1414,6,369,1043,12509.184000000003,99,False,False
202,81,235.895696184156,-321.9307852045358,1.0,CLIENT,7,2,100000,15,16,0,30874,30879,1410,7,368,1025,16678.912000000004,99,False,False
202,82,29.308731680966563,-370.24366520436786,1.0,CLIENT,7,2,100000,11,12,0,30895,30895,1415,6,369,1037,12509.184000000003,99,False,False
202,83,-38.972696003531844,28.949854795469037,1.0,CLIENT,7,2,100000,15,11,0,30867,30867,1414,8,369,1045,11466.752000000002,99,False,False
202,84,-428.0659358960731,116.89265479569912,1.0,CLIENT,7,2,100000,11,15,0,30900,30911,1411,6,368,1031,15636.480000000005,99,False,False
202,85,-141.87011428959397,463.7657747955393,1.0,CLIENT,7,2,100000,12,20,0,30893,30919,1407,5,367,1027,20848.640000000007,99,False,False
202,86,398.36113490905956,-298.1083052045676,1.0,CLIENT,7,2,100000,13,12,0,30860,30893,1412,6,369,1038,12509.184000000003,99,False,False
202,87,-460.7016066685668,-285.1951852047401,1.0,CLIENT,7,2,100000,15,24,0,30831,30908,1398,6,366,1026,25018.36800000001,99,False,False
202,88,-353.9227615189906,-242.6709452045307,1.0,CLIENT,7,2,100000,10,12,0,30905,30910,1415,6,369,1044,12509.184000000003,99,False,False
202,89,418.798035538759,402.9850547955465,1.0,CLIENT,7,2,100000,10,9,0,30566,30929,1396,6,370,1010,9381.888,99,False,False
202,90,-36.04182265752122,-476.8882252040481,1.0,CLIENT,7,2,100000,15,16,0,30868,30880,1411,5,368,1032,16678.912000000004,99,False,False
202,91,-201.35892193606054,26.50081479532446,1.0,CLIENT,7,2,100000,13,14,0,30877,30877,1411,8,368,1036,14594.048000000004,99,False,False
202,92,-145.6723283601703,391.4077747955102,1.0,CLIENT,7,2,100000,10,16,0,30923,30923,1410,7,368,1029,16678.912000000004,99,False,False
202,93,-395.58869070945485,-107.30582520459308,1.0,CLIENT,7,2,100000,16,12,0,30889,30892,1415,6,369,1029,12509.184000000003,99,False,False
202,94,359.46765347873065,-295.10266520424636,1.0,CLIENT,7,2,100000,13,22,0,30878,30890,1404,7,366,1019,22933.504000000008,99,False,False
202,95,-130.46347207786502,-287.19894520442693,1.0,CLIENT,7,2,100000,11,8,0,30876,30877,1419,6,370,1048,8339.456,99,False,False
202,96,214.0329652782015,177.56205479597298,1.0,CLIENT,7,2,100000,15,12,0,30878,30878,1414,7,369,1035,12509.184000000003,99,False,False
202,97,15.129641709102323,46.64973479586678,1.0,CLIENT,7,2,100000,13,12,0,30879,30879,1413,8,369,1042,12509.184000000003,99,False,False
202,98,268.452154163712,435.8244547956875,1.0,CLIENT,7,2,100000,14,20,0,30784,30924,1400,6,367,1025,20848.640000000007,99,False,False
202,99,-451.82977383703445,-70.34758520456847,1.0,CLIENT,7,2,100000,14,21,0,30889,30894,1406,6,366,1031,21891.072000000007,99,False,False

203,0,490.1687621557062,-463.6411452042728,1.0,CLIENT,7,2,100000,13,18,0,29815,30675,1356,5,366,967,18763.776000000005,99,False,False
203,1,63.3702327302781,-22.479985204403192,1.0,CLIENT,7,2,100000,14,8,0,30707,30707,1419,4,369,1044,8339.456,99,False,False
203,2,476.30652335671834,57.22513479526867,1.0,CLIENT,7,2,100000,10,4,0,30731,30754,1419,6,370,1048,4169.728,99,False,False
203,3,-428.77885103420067,-15.912105204374996,1.0,CLIENT,7,2,100000,12,16,0,30715,30732,1411,4,367,1036,16678.912000000004,99,False,False
203,4,415.70873660631025,-214.28434520422115,1.0,CLIENT,7,2,100000,15,24,0,30671,30714,1399,4,365,1016,25018.36800000001,99,False,False
203,5,-306.39508563650526,-55.09674520431531,1.0,CLIENT,7,2,100000,9,12,0,30750,30751,1415,4,368,1043,12509.184000000003,99,False,False
203,6,-327.7825397837081,-142.03766520470197,1.0,CLIENT,7,2,100000,13,12,0,30734,30739,1414,5,368,1034,12509.184000000003,99,False,False
203,7,436.30406282244786,-55.76466520421093,1.0,CLIENT,7,2,100000,17,23,0,30713,30723,1402,5,365,1027,23975.93600000001,99,False,False
203,8,308.92989145673414,-457.85250520465013,1.0,CLIENT,7,2,100000,10,14,0,30533,30747,1393,3,368,999,14594.048000000004,99,False,False
203,9,348.85313919806686,491.70709479539113,1.0,CLIENT,7,2,100000,15,21,0,30502,30718,1394,4,366,1012,21891.072000000007,99,False,False
203,10,68.9943410429235,-29.93842520455587,1.0,CLIENT,7,2,100000,12,15,0,30717,30717,1412,4,367,1028,15636.480000000005,99,False,False
203,11,5.465680946504772,322.8346547954169,1.0,CLIENT,7,2,100000,14,12,0,30745,30745,1415,4,368,1037,12509.184000000003,99,False,False
203,12,-172.76310361351904,-122.77930520428413,1.0,CLIENT,7,2,100000,15,16,0,30716,30716,1411,4,367,1038,16678.912000000004,99,False,False
203,13,327.5448978443645,-214.84094520439783,1.0,CLIENT,7,2,100000,15,12,0,30703,30712,1415,4,368,1041,12509.184000000003,99,False,False
203,14,128.72078706876587,-366.9040652040988,1.0,CLIENT,7,2,100000,13,12,0,30737,30744,1415,4,368,1037,12509.184000000003,99,False,False
203,15,143.05830262650545,228.76925479561635,1.0,CLIENT,7,2,100000,8,8,0,30751,30751,1418,5,369,1044,8339.456,99,False,False
203,16,277.3239869946815,-43.29682520405015,1.0,CLIENT,7,2,100000,15,17,0,30713,30713,1409,5,366,1035,17721.344000000005,99,False,False
203,17,-396.143180261707,-254.58218520451481,1.0,CLIENT,7,2,100000,12,9,0,30667,30756,1411,5,369,1028,9381.888,99,False,False
203,18,414.6789702958692,-123.89250520463747,1.0,CLIENT,7,2,100000,15,20,0,30704,30719,1405,5,366,1021,20848.640000000007,99,False,False
203,19,328.4954513618679,57.55909479600746,1.0,CLIENT,7,2,100000,13,11,0,30721,30722,1415,5,368,1045,11466.752000000002,99,False,False
203,20,445.4135340327932,52.99497479566611,1.0,CLIENT,7,2,100000,9,9,0,30737,30749,1415,6,369,1032,9381.888,99,False,False
203,21,-128.4039394564201,382.50217479584734,1.0,CLIENT,7,2,100000,15,16,0,30711,30723,1411,4,367,1022,16678.912000000004,99,False,False
203,22,284.0570744118313,-490.80322520451006,1.0,CLIENT,7,2,100000,9,13,0,30539,30749,1401,4,368,1011,13551.616000000004,99,False,False
203,23,-216.33013983898996,-415.8848652046174,1.0,CLIENT,7,2,100000,14,8,0,30691,30751,1416,4,369,1027,8339.456,99,False,False
203,24,232.80639725170724,108.43233479570301,1.0,CLIENT,7,2,100000,10,10,0,30732,30732,1416,5,368,1037,10424.320000000002,99,False,False
203,25,-341.88241696207183,-242.89358520475957,1.0,CLIENT,7,2,100000,11,10,0,30724,30762,1410,5,368,1039,10424.320000000002,99,False,False
203,26,-162.86150447098282,347.65901479522853,1.0,CLIENT,7,2,100000,12,20,0,30739,30748,1407,4,366,1030,20848.640000000007,99,False,False
203,27,-479.71267702144837,292.1103347954727,1.0,CLIENT,7,2,100000,11,12,0,30562,30767,1398,5,368,1013,12509.184000000003,99,False,False
203,28,488.9013574658893,245.2446147959418,1.0,CLIENT,7,2,100000,17,27,0,30629,30726,1394,5,364,1021,28145.66400000001,99,False,False
203,29,198.50725782301984,-206.15798520417286,1.0,CLIENT,7,2,100000,12,14,0,30733,30733,1412,5,367,1036,14594.048000000004,99,False,False
203,30,434.4029557868783,-57.65710520417883,1.0,CLIENT,7,2,100000,10,20,0,30721,30736,1405,6,366,1032,20848.640000000007,99,False,False
203,31,496.3473600206038,420.01701479525764,1.0,CLIENT,7,2,100000,15,26,0,30320,30721,1379,5,364,990,27103.23200000001,99,False,False
203,32,-126.58204521378819,157.19049479599278,1.0,CLIENT,7,2,100000,11,16,0,30750,30750,1409,6,366,1038,16678.912000000004,99,False,False
203,33,495.2383809166622,188.91669479578042,1.0,CLIENT,7,2,100000,11,13,0,30667,30743,1409,6,367,1036,13551.616000000004,99,False,False
203,34,340.37737033234856,44.868614795617816,1.0,CLIENT,7,2,100000,11,8,0,30722,30724,1417,6,369,1038,8339.456,99,False,False
203,35,208.7257081378696,463.98841479576816,1.0,CLIENT,7,2,100000,9,12,0,30729,30771,1411,5,368,1032,12509.184000000003,99,False,False
203,36,424.81820781721837,-261.9293052041576,1.0,CLIENT,7,2,100000,8,4,0,30630,30743,1412,5,370,1015,4169.728,99,False,False
203,37,310.19729614711383,-220.7409052045304,1.0,CLIENT,7,2,100000,14,13,0,30723,30734,1413,4,367,1026,13551.616000000004,99,False,False
203,38,73.35104466518916,249.69741479577323,1.0,CLIENT,7,2,100000,14,11,0,30709,30709,1415,5,368,1041,11466.752000000002,99,False,False
203,39,261.4022155742487,-317.25534520447553,1.0,CLIENT,7,2,100000,16,20,0,30699,30716,1406,4,366,1032,20848.640000000007,99,False,False
203,40,-84.12398809225883,438.27349479583205,1.0,CLIENT,7,2,100000,12,16,0,30710,30732,1410,4,367,1025,16678.912000000004,99,False,False
203,41,39.36875640937813,-378.37002520441615,1.0,CLIENT,7,2,100000,12,12,0,30724,30728,1414,5,368,1024,12509.184000000003,99,False,False
203,42,326.51513153336066,-121.66610520472176,1.0,CLIENT,7,2,100000,17,17,0,30711,30712,1408,6,366,1035,17721.344000000005,99,False,False
203,43,-401.1335862291625,380.2757747959316,1.0,CLIENT,7,2,100000,15,18,0,30535,30748,1393,5,366,996,18763.776000000005,99,False,False
203,44,135.37466169241515,100.52861479588358,1.0,CLIENT,7,2,100000,14,10,0,30712,30712,1415,6,368,1036,10424.320000000002,99,False,False
203,45,-134.10726056200315,272.96329479556476,1.0,CLIENT,7,2,100000,17,26,0,30707,30709,1401,4,364,1030,27103.23200000001,99,False,False
203,46,-477.49471881356527,34.181894795706,1.0,CLIENT,7,2,100000,12,13,0,30680,30742,1410,4,368,1032,13551.616000000004,99,False,False
203,47,-498.80296016783046,356.3419747954535,1.0,CLIENT,7,2,100000,15,24,0,30312,30713,1377,5,364,984,25018.36800000001,99,False,False
203,48,122.38376361743012,-479.22594520447376,1.0,CLIENT,7,2,100000,11,16,0,30711,30759,1410,4,367,1028,16678.912000000004,99,False,False
203,49,28.12053978408735,-141.36974520401537,1.0,CLIENT,7,2,100000,16,17,0,30720,30720,1410,4,366,1025,17721.344000000005,99,False,False
203,50,-422.12497641055137,305.357414795248,1.0,CLIENT,7,2,100000,12,20,0,30660,30780,1402,5,366,1024,20848.640000000007,99,False,False
203,51,348.21943685287704,164.4262947959166,1.0,CLIENT,7,2,100000,11,20,0,30740,30744,1405,6,366,1039,20848.640000000007,99,False,False
203,52,-20.51611520290244,189.58461479567603,1.0,CLIENT,7,2,100000,8,6,0,30743,30743,1420,5,369,1036,6254.592,99,False,False
203,53,354.8733114765263,213.74105479559205,1.0,CLIENT,7,2,100000,11,10,0,30732,30736,1416,4,368,1040,10424.320000000002,99,False,False
203,54,-203.1808161781296,259.2709347953317,1.0,CLIENT,7,2,100000,10,15,0,30759,30760,1411,4,367,1030,15636.480000000005,99,False,False
203,55,-123.73038466127808,180.4563747957843,1.0,CLIENT,7,2,100000,10,9,0,30744,30744,1416,6,368,1045,9381.888,99,False,False
203,56,-377.6865994605148,261.1633747952996,1.0,CLIENT,7,2,100000,10,14,0,30717,30765,1405,5,368,1014,14594.048000000004,99,False,False
203,57,-327.86175257664576,-6.1159452045876606,1.0,CLIENT,7,2,100000,10,14,0,30738,30742,1413,3,367,1040,14594.048000000004,99,False,False
203,58,359.5468662716683,384.2832947953053,1.0,CLIENT,7,2,100000,10,12,0,30677,30752,1412,5,368,1032,12509.184000000003,99,False,False
203,59,-421.25363568598567,-212.72586520420106,1.0,CLIENT,7,2,100000,10,8,0,30689,30767,1413,5,369,1034,8339.456,99,False,False
203,60,-459.2757763923117,439.2753747956755,1.0,CLIENT,7,2,100000,13,21,0,30213,30716,1375,4,364,984,21891.072000000007,99,False,False
203,61,-362.4777431782095,388.7360947959277,1.0,CLIENT,7,2,100000,14,16,0,30590,30728,1397,5,367,1023,16678.912000000004,99,False,False
203,62,319.7820441167737,-2.2197452041419297,1.0,CLIENT,7,2,100000,9,8,0,30731,30731,1418,5,369,1049,8339.456,99,False,False
203,63,-235.02435901955803,15.480134795464835,1.0,CLIENT,7,2,100000,14,12,0,30726,30726,1415,4,368,1037,12509.184000000003,99,False,False
203,64,-284.9284186963647,-210.6107852040043,1.0,CLIENT,7,2,100000,10,13,0,30724,30734,1413,4,368,1035,13551.616000000004,99,False,False
203,65,-62.02361880692844,156.41125479558724,1.0,CLIENT,7,2,100000,14,16,0,30726,30726,1410,5,367,1042,16678.912000000004,99,False,False
203,66,-21.22903034102997,258.0464147952594,1.0,CLIENT,7,2,100000,14,17,0,30716,30716,1409,5,366,1040,17721.344000000005,99,False,False
203,67,-185.8332144808789,-75.46830520429552,1.0,CLIENT,7,2,100000,12,5,0,30742,30742,1422,4,369,1042,5212.16,99,False,False
203,68,-324.9308792306351,244.910654795994,1.0,CLIENT,7,2,100000,10,8,0,30728,30751,1416,5,369,1032,8339.456,99,False,False
203,69,370.9535084833973,145.16793479549875,1.0,CLIENT,7,2,100000,11,20,0,30740,30741,1406,5,366,1028,20848.640000000007,99,False,False
203,70,-490.4856168885502,-346.6438252046285,1.0,CLIENT,7,2,100000,11,21,0,30230,30750,1363,5,366,977,21891.072000000007,99,False,False
203,71,417.60984364187976,283.87265479570544,1.0,CLIENT,7,2,100000,8,12,0,30691,30746,1411,5,368,1035,12509.184000000003,99,False,False
203,72,246.43099767131926,180.23373479555545,1.0,CLIENT,7,2,100000,9,5,0,30734,30734,1420,6,369,1049,5212.16,99,False,False
203,73,-341.88241696207183,-263.48778520417767,1.0,CLIENT,7,2,100000,16,16,0,30683,30721,1405,4,367,1034,16678.912000000004,99,False,False
203,74,-174.9810618208393,-100.51530520433602,1.0,CLIENT,7,2,100000,12,13,0,30714,30715,1414,3,368,1046,13551.616000000004,99,False,False
203,75,-330.47577475034285,-191.79770520404418,1.0,CLIENT,7,2,100000,12,16,0,30727,30738,1410,5,367,1034,16678.912000000004,99,False,False
203,76,104.95694912724176,-438.5941452042323,1.0,CLIENT,7,2,100000,14,16,0,30733,30747,1409,4,367,1036,16678.912000000004,99,False,False
203,77,399.23247563362526,-117.10198520438041,1.0,CLIENT,7,2,100000,13,12,0,30708,30723,1415,4,368,1035,12509.184000000003,99,False,False
203,78,-42.695697281170496,-300.5573452047122,1.0,CLIENT,7,2,100000,14,8,0,30728,30728,1419,4,369,1046,8339.456,99,False,False
203,79,-55.76580814909319,349.8854147959352,1.0,CLIENT,7,2,100000,14,25,0,30728,30730,1401,5,365,1026,26060.80000000001,99,False,False
203,80,170.14907787985422,-497.816385204205,1.0,CLIENT,7,2,100000,9,12,0,30679,30773,1409,4,368,1031,12509.184000000003,99,False,False
203,81,140.04821648755717,321.2761747953968,1.0,CLIENT,7,2,100000,15,17,0,30714,30714,1409,5,367,1034,17721.344000000005,99,False,False
203,82,-255.69889802863338,245.68989479560855,1.0,CLIENT,7,2,100000,11,12,0,30732,30741,1413,5,368,1030,12509.184000000003,99,False,False
203,83,485.1783561882507,374.04185479585124,1.0,CLIENT,7,2,100000,15,31,0,30474,30750,1380,6,364,989,32315.392000000014,99,False,False
203,84,65.66740373109886,-240.22190520438613,1.0,CLIENT,7,2,100000,11,5,0,30724,30724,1421,5,369,1036,5212.16,99,False,False
203,85,-312.89053467371633,-328.7213052040019,1.0,CLIENT,7,2,100000,12,18,0,30693,30752,1403,5,366,1015,18763.776000000005,99,False,False
203,86,-257.2039410978261,-370.6889452040346,1.0,CLIENT,7,2,100000,13,12,0,30673,30725,1410,5,368,1023,12509.184000000003,99,False,False
203,87,-303.0681483246806,-173.54122520426074,1.0,CLIENT,7,2,100000,15,17,0,30725,30727,1410,4,366,1034,17721.344000000005,99,False,False
203,88,-227.97442043009477,-262.3745852046153,1.0,CLIENT,7,2,100000,10,13,0,30750,30754,1413,4,367,1032,13551.616000000004,99,False,False
203,89,358.8339511335408,-51.64582520432731,1.0,CLIENT,7,2,100000,11,5,0,30740,30742,1419,6,369,1045,5212.16,99,False,False
203,90,-69.15277018932939,495.82593479527475,1.0,CLIENT,7,2,100000,15,17,0,30642,30724,1405,4,366,1034,17721.344000000005,99,False,False
203,91,246.11414649844292,-494.14282520398814,1.0,CLIENT,7,2,100000,13,17,0,30597,30764,1400,4,366,1014,17721.344000000005,99,False,False
203,92,-18.37736978795702,-69.7909852043918,1.0,CLIENT,7,2,100000,10,12,0,30724,30724,1415,4,368,1044,12509.184000000003,99,False,False
203,93,238.1136543920391,258.6030147954361,1.0,CLIENT,7,2,100000,15,8,0,30709,30712,1418,5,369,1044,8339.456,99,False,False
203,94,313.9202974247525,-21.14414520461196,1.0,CLIENT,7,2,100000,13,20,0,30718,30718,1406,5,366,1024,20848.640000000007,99,False,False
203,95,-357.0912732443771,-486.2391052041687,1.0,CLIENT,7,2,100000,12,10,0,30190,30734,1368,5,367,985,10424.320000000002,99,False,False
203,96,118.73997513329198,-84.93050520413505,1.0,CLIENT,7,2,100000,15,10,0,30711,30711,1416,5,368,1039,10424.320000000002,99,False,False
203,97,279.3835196166893,83.94193479583919,1.0,CLIENT,7,2,100000,13,12,0,30727,30727,1414,5,368,1037,12509.184000000003,99,False,False
203,98,314.7124253558177,291.10845479562926,1.0,CLIENT,7,2,100000,13,16,0,30707,30720,1408,5,367,1036,16678.912000000004,99,False,False
203,99,479.15818390979126,341.647734795377,1.0,CLIENT,7,2,100000,14,24,0,30531,30740,1391,5,365,1013,25018.36800000001,99,False,False

204,0,-139.01845373652102,-83.37202520411495,1.0,CLIENT,7,2,100000,13,4,0,30939,30939,1415,5,370,1039,4169.728,99,False,False
204,1,93.47109412257514,245.4672547953797,1.0,CLIENT,7,2,100000,14,8,0,30937,30937,1412,4,369,1038,8339.456,99,False,False
204,2,53.86469755355588,-151.94514520420825,1.0,CLIENT,7,2,100000,11,4,0,30966,30966,1414,6,370,1039,4169.728,99,False,False
204,3,483.8317387049333,390.7398547956146,1.0,CLIENT,7,2,100000,12,30,0,30857,31020,1377,4,364,999,31272.960000000014,99,False,False
204,4,-245.9557244725353,444.7300547953503,1.0,CLIENT,7,2,100000,15,25,0,30854,30968,1384,6,365,1009,26060.80000000001,99,False,False
204,5,273.99704968341973,437.60557479593643,1.0,CLIENT,7,2,100000,9,12,0,30993,31009,1407,4,368,1025,12509.184000000003,99,False,False
204,6,-247.85683150754207,320.7195747960111,1.0,CLIENT,7,2,100000,13,12,0,30957,30977,1406,5,368,1035,12509.184000000003,99,False,False
204,7,-478.44527233163154,-4.891425204515372,1.0,CLIENT,7,2,100000,17,25,0,30924,30963,1391,4,364,1023,26060.80000000001,99,False,False
204,8,289.99803389679016,228.43529479566854,1.0,CLIENT,7,2,100000,10,13,0,30976,30977,1406,4,368,1031,13551.616000000004,99,False,False
204,9,-419.03567747810257,-52.647705204170734,1.0,CLIENT,7,2,100000,15,19,0,30954,30964,1401,4,366,1027,19806.208000000006,99,False,False
204,10,209.67626165537297,486.14109479599733,1.0,CLIENT,7,2,100000,12,17,0,30952,30982,1401,3,367,1020,17721.344000000005,99,False,False
204,11,-311.62312998333664,-282.0782252046999,1.0,CLIENT,7,2,100000,14,12,0,30961,30977,1404,5,368,1027,12509.184000000003,99,False,False
204,12,177.119803675817,11.027334795633408,1.0,CLIENT,7,2,100000,15,16,0,30948,30948,1400,8,367,1025,16678.912000000004,99,False,False
204,13,327.0696210856128,212.6278547952387,1.0,CLIENT,7,2,100000,16,12,0,30950,30950,1407,5,368,1029,12509.184000000003,99,False,False
204,14,-340.5357994787544,452.07717479578406,1.0,CLIENT,7,2,100000,14,11,0,30694,30959,1389,5,368,1006,11466.752000000002,99,False,False
204,15,-53.94391390702412,102.53237479557043,1.0,CLIENT,7,2,100000,9,2,0,30958,30958,1416,6,370,1035,2084.864,99,False,False
204,16,-306.2366600500671,477.34681479526245,1.0,CLIENT,7,2,100000,15,25,0,30719,30972,1371,5,365,992,26060.80000000001,99,False,False
204,17,165.39631029121168,-427.9074252043205,1.0,CLIENT,7,2,100000,12,8,0,30968,30984,1410,6,369,1032,8339.456,99,False,False
204,18,23.843048954196504,56.44589479565411,1.0,CLIENT,7,2,100000,15,18,0,30943,30943,1401,6,366,1034,18763.776000000005,99,False,False
204,19,75.09372611432056,-271.8367852044548,1.0,CLIENT,7,2,100000,13,12,0,30961,30961,1407,5,368,1038,12509.184000000003,99,False,False
204,20,-389.8061568103712,260.8294147953518,1.0,CLIENT,7,2,100000,9,12,0,30935,31008,1400,6,368,1031,12509.184000000003,99,False,False
204,21,-170.46593261213545,405.7680547956389,1.0,CLIENT,7,2,100000,16,20,0,30927,30964,1396,4,366,1023,20848.640000000007,99,False,False
204,22,495.9512960547898,390.1832547954379,1.0,CLIENT,7,2,100000,9,12,0,30844,31005,1398,3,368,1016,12509.184000000003,99,False,False
204,23,-49.90406145650911,-368.5738652046288,1.0,CLIENT,7,2,100000,14,4,0,30958,30960,1416,4,370,1037,4169.728,99,False,False
204,24,-18.8526465467087,-262.7085452045631,1.0,CLIENT,7,2,100000,10,12,0,30972,30972,1408,4,368,1025,12509.184000000003,99,False,False
204,25,384.1820449377582,350.88729479577864,1.0,CLIENT,7,2,100000,11,9,0,30970,30991,1408,4,367,1031,9381.888,99,False,False
204,26,-496.10972520119566,-4.557465204567563,1.0,CLIENT,7,2,100000,12,20,0,30929,30992,1398,4,366,1027,20848.640000000007,99,False,False
204,27,-65.82583287750475,252.25777479563675,1.0,CLIENT,7,2,100000,11,8,0,30989,30989,1412,4,369,1039,8339.456,99,False,False
204,28,439.63100013370973,-70.57022520400636,1.0,CLIENT,7,2,100000,17,24,0,30942,30944,1396,4,365,1023,25018.36800000001,99,False,False
204,29,133.3151290704074,267.0633347954322,1.0,CLIENT,7,2,100000,12,8,0,30950,30950,1412,4,369,1032,8339.456,99,False,False
204,30,92.59975339800944,-447.0544652042284,1.0,CLIENT,7,2,100000,10,22,0,30967,30978,1395,4,365,1014,22933.504000000008,99,False,False
204,31,390.9943451472827,-473.3259852043412,1.0,CLIENT,7,2,100000,15,33,0,30702,30996,1369,6,362,998,34400.256000000016,99,False,False
204,32,-278.27454407271546,262.0539347954241,1.0,CLIENT,7,2,100000,12,20,0,30986,30999,1397,6,366,1027,20848.640000000007,99,False,False
204,33,-221.399758599946,-40.06854520429101,1.0,CLIENT,7,2,100000,11,8,0,30958,30958,1412,4,369,1042,8339.456,99,False,False
204,34,-261.8774958929681,24.1630947956898,1.0,CLIENT,7,2,100000,11,12,0,30975,30975,1408,4,368,1039,12509.184000000003,99,False,False
204,35,70.34095852624087,200.1600147958689,1.0,CLIENT,7,2,100000,9,12,0,30974,30974,1408,4,368,1036,12509.184000000003,99,False,False
204,36,-321.52472912587285,-79.25318520423133,1.0,CLIENT,7,2,100000,8,7,0,30990,30992,1413,4,369,1037,7297.023999999999,99,False,False
204,37,-29.6255864132478,161.19801479536648,1.0,CLIENT,7,2,100000,14,12,0,30948,30948,1407,5,368,1035,12509.184000000003,99,False,False
204,38,249.28265822439224,-138.14146520425624,1.0,CLIENT,7,2,100000,14,14,0,30948,30948,1404,6,367,1033,14594.048000000004,99,False,False
204,39,-399.70775595290746,-401.3019452042599,1.0,CLIENT,7,2,100000,17,23,0,30659,30944,1375,3,365,994,23975.93600000001,99,False,False
204,40,373.0922538983426,422.02077479573546,1.0,CLIENT,7,2,100000,12,17,0,30928,30989,1401,3,367,1017,17721.344000000005,99,False,False
204,41,134.58253376078713,93.40413479567871,1.0,CLIENT,7,2,100000,12,12,0,30943,30943,1406,6,368,1034,12509.184000000003,99,False,False
204,42,430.2838905439885,-118.66046520440051,1.0,CLIENT,7,2,100000,17,24,0,30986,30992,1396,4,365,1025,25018.36800000001,99,False,False
204,43,-75.72743201947814,70.36089479532507,1.0,CLIENT,7,2,100000,15,13,0,30950,30950,1405,6,367,1033,13551.616000000004,99,False,False
204,44,-429.41255337939054,-164.30166520465008,1.0,CLIENT,7,2,100000,14,16,0,30931,30965,1401,3,367,1029,16678.912000000004,99,False,False
204,45,74.4600237691307,-91.16442520421543,1.0,CLIENT,7,2,100000,17,21,0,30926,30926,1397,6,365,1028,21891.072000000007,99,False,False
204,46,-136.40443156282393,112.32853479535777,1.0,CLIENT,7,2,100000,12,12,0,30965,30965,1406,6,368,1035,12509.184000000003,99,False,False
204,47,-39.92324952159805,-85.26446520408285,1.0,CLIENT,7,2,100000,15,17,0,30931,30931,1401,6,367,1022,17721.344000000005,99,False,False
204,48,-60.04329897842119,362.353254795305,1.0,CLIENT,7,2,100000,11,16,0,30983,30983,1403,5,367,1032,16678.912000000004,99,False,False
204,49,397.8066453573702,-153.7262652044572,1.0,CLIENT,7,2,100000,16,17,0,30945,30947,1401,5,366,1028,17721.344000000005,99,False,False
204,50,-161.91095095347944,-325.047745204576,1.0,CLIENT,7,2,100000,12,16,0,30955,30958,1403,5,367,1024,16678.912000000004,99,False,False
204,51,478.1284175987874,-472.4354252042167,1.0,CLIENT,7,2,100000,11,24,0,30368,30975,1362,6,365,987,25018.36800000001,99,False,False
204,52,-306.4742984294429,121.45677479524949,1.0,CLIENT,7,2,100000,8,7,0,30973,30974,1412,5,369,1038,7297.023999999999,99,False,False
204,53,256.5702351926685,-5.002745204234316,1.0,CLIENT,7,2,100000,11,8,0,30962,30962,1412,4,369,1038,8339.456,99,False,False
204,54,418.9564611251972,-281.855585204471,1.0,CLIENT,7,2,100000,10,14,0,30964,30990,1400,7,367,1015,14594.048000000004,99,False,False
204,55,-421.4120612724239,85.94569479552604,1.0,CLIENT,7,2,100000,10,12,0,30977,30988,1407,4,368,1033,12509.184000000003,99,False,False
204,56,289.9188211038525,-280.4084252041699,1.0,CLIENT,7,2,100000,10,12,0,30996,31000,1406,6,368,1033,12509.184000000003,99,False,False
204,57,-84.36162647163466,8.244334795541022,1.0,CLIENT,7,2,100000,11,15,0,30957,30958,1404,4,367,1028,15636.480000000005,99,False,False
204,58,-391.3904126730645,-165.52618520472237,1.0,CLIENT,7,2,100000,11,12,0,30954,30972,1405,4,368,1029,12509.184000000003,99,False,False
204,59,-35.64575869170721,-118.99442520434832,1.0,CLIENT,7,2,100000,10,8,0,30964,30964,1411,5,369,1038,8339.456,99,False,False
204,60,223.38007486792267,-86.711625204384,1.0,CLIENT,7,2,100000,13,16,0,30958,30958,1401,7,367,1027,16678.912000000004,99,False,False
204,61,-79.60885888355497,-263.15382520422986,1.0,CLIENT,7,2,100000,14,13,0,30957,30958,1407,4,367,1036,13551.616000000004,99,False,False
204,62,-351.78401610460804,-62.10990520401026,1.0,CLIENT,7,2,100000,9,8,0,30974,30977,1412,4,369,1037,8339.456,99,False,False
204,63,-444.54219686875814,120.78885479535387,1.0,CLIENT,7,2,100000,14,19,0,30930,30981,1398,3,366,1018,19806.208000000006,99,False,False
204,64,436.7793395811996,123.90581479539406,1.0,CLIENT,7,2,100000,10,12,0,30974,30980,1407,4,368,1024,12509.184000000003,99,False,False
204,65,77.9453866673935,-288.4234652044992,1.0,CLIENT,7,2,100000,15,16,0,30955,30955,1403,5,367,1024,16678.912000000004,99,False,False
204,66,360.25978140979583,-242.44830520430185,1.0,CLIENT,7,2,100000,14,19,0,30960,30966,1398,7,366,1020,19806.208000000006,99,False,False
204,67,-286.82952573137146,-166.08278520410806,1.0,CLIENT,7,2,100000,12,7,0,30965,30965,1412,5,369,1033,7297.023999999999,99,False,False
204,68,-234.54908226080636,273.9651747954082,1.0,CLIENT,7,2,100000,10,8,0,30971,30982,1410,6,369,1035,8339.456,99,False,False
204,69,-137.4341978738278,-411.87734520445275,1.0,CLIENT,7,2,100000,11,20,0,30959,30981,1397,5,366,1021,20848.640000000007,99,False,False
204,70,467.1178393528725,-141.25842520429643,1.0,CLIENT,7,2,100000,11,16,0,30971,30986,1402,6,367,1014,16678.912000000004,99,False,False
204,71,-119.61131941782541,29.50645479564571,1.0,CLIENT,7,2,100000,8,12,0,30970,30970,1406,6,368,1037,12509.184000000003,99,False,False
204,72,150.7419435611586,307.02721479577804,1.0,CLIENT,7,2,100000,9,8,0,30989,30989,1412,4,369,1030,8339.456,99,False,False
204,73,-108.7591667577858,-338.96274520424697,1.0,CLIENT,7,2,100000,16,17,0,30955,30956,1403,4,366,1033,17721.344000000005,99,False,False
204,74,16.080195227168534,-387.9435452047656,1.0,CLIENT,7,2,100000,12,14,0,30955,30956,1406,4,367,1027,14594.048000000004,99,False,False
204,75,192.5662983374981,210.7354147952708,1.0,CLIENT,7,2,100000,12,16,0,30977,30977,1404,4,367,1029,16678.912000000004,99,False,False
204,76,-0.15842736614061856,-470.6543052047587,1.0,CLIENT,7,2,100000,14,18,0,30975,30991,1402,4,366,1029,18763.776000000005,99,False,False
204,77,-114.30406227749353,328.95725479577834,1.0,CLIENT,7,2,100000,13,12,0,30956,30959,1407,5,368,1034,12509.184000000003,99,False,False
204,78,409.29250036203683,-474.4391852046945,1.0,CLIENT,7,2,100000,14,12,0,30612,30979,1387,6,368,1005,12509.184000000003,99,False,False
204,79,27.724475818273334,4.125494795657403,1.0,CLIENT,7,2,100000,14,13,0,30944,30944,1404,7,367,1034,13551.616000000004,99,False,False
204,80,-357.1704860378776,109.10025479559863,1.0,CLIENT,7,2,100000,9,12,0,30970,30980,1406,4,368,1030,12509.184000000003,99,False,False
204,81,-73.43026101865739,-154.06022520440501,1.0,CLIENT,7,2,100000,15,13,0,30939,30939,1406,5,367,1029,13551.616000000004,99,False,False
204,82,149.23690049140305,-141.14710520457749,1.0,CLIENT,7,2,100000,11,12,0,30953,30953,1406,6,368,1027,12509.184000000003,99,False,False
204,83,285.562117481024,453.85829479524205,1.0,CLIENT,7,2,100000,15,19,0,30930,30960,1397,5,366,1015,19806.208000000006,99,False,False
204,84,23.36777219544482,-25.596945204443387,1.0,CLIENT,7,2,100000,11,7,0,30959,30959,1411,6,369,1041,7297.023999999999,99,False,False
204,85,-172.92152919939437,-322.3760652042026,1.0,CLIENT,7,2,100000,12,13,0,30964,30966,1406,5,367,1031,13551.616000000004,99,False,False
204,86,-364.29963742027854,162.53385479594868,1.0,CLIENT,7,2,100000,13,13,0,30953,30967,1403,5,368,1024,13551.616000000004,99,False,False
204,87,107.96703526675289,214.07501479553986,1.0,CLIENT,7,2,100000,15,20,0,30968,30968,1398,6,366,1031,20848.640000000007,99,False,False
204,88,-233.5193159498025,132.58877479561903,1.0,CLIENT,7,2,100000,10,9,0,30956,30959,1409,6,368,1034,9381.888,99,False,False
204,89,-373.72595980350025,412.447254795386,1.0,CLIENT,7,2,100000,10,8,0,30759,30989,1394,5,369,1018,8339.456,99,False,False
204,90,277.1655614088062,-386.9416652041312,1.0,CLIENT,7,2,100000,15,22,0,30919,30950,1392,7,366,1016,22933.504000000008,99,False,False
204,91,12.990896294719743,-41.2930652043633,1.0,CLIENT,7,2,100000,13,14,0,30948,30948,1403,7,367,1027,14594.048000000004,99,False,False
204,92,-8.317345059545449,123.23789479549845,1.0,CLIENT,7,2,100000,10,15,0,30970,30970,1404,5,367,1036,15636.480000000005,99,False,False
204,93,-152.0093518109432,347.8816547954574,1.0,CLIENT,7,2,100000,16,11,0,30946,30955,1406,6,368,1025,11466.752000000002,99,False,False
204,94,193.0415750962498,-227.97670520445422,1.0,CLIENT,7,2,100000,13,18,0,30943,30943,1400,6,366,1028,18763.776000000005,99,False,False
204,95,-234.54908226080636,430.2584547955027,1.0,CLIENT,7,2,100000,11,8,0,30904,30996,1398,6,369,1020,8339.456,99,False,False
204,96,-226.23173898096334,91.51169479571081,1.0,CLIENT,7,2,100000,15,8,0,30939,30939,1411,5,369,1035,8339.456,99,False,False
204,97,69.54883059461284,296.67445479581403,1.0,CLIENT,7,2,100000,13,12,0,30958,30958,1408,4,368,1033,12509.184000000003,99,False,False
204,98,297.2063980726916,-273.0613052045271,1.0,CLIENT,7,2,100000,14,18,0,30971,30973,1399,7,366,1025,18763.776000000005,99,False,False
204,99,407.54981891346824,359.34761479577475,1.0,CLIENT,7,2,100000,14,27,0,30935,30984,1388,5,363,1009,28145.66400000001,99,False,False

205,0,471.55375576863867,139.9358947952618,1.0,CLIENT,7,2,100000,13,16,0,30619,30671,1395,4,366,1010,16678.912000000004,99,False,False
205,1,484.86150501537435,-95.95118520399467,1.0,CLIENT,7,2,100000,14,16,0,30623,30672,1394,4,365,1021,16678.912000000004,99,False,False
205,2,-207.29988142101942,-381.5983052041753,1.0,CLIENT,7,2,100000,10,5,0,30691,30697,1407,3,368,1034,5212.16,99,False,False
205,3,260.926938815497,303.4649747952801,1.0,CLIENT,7,2,100000,12,16,0,30639,30648,1397,4,366,1021,16678.912000000004,99,False,False
205,4,-124.12644862652925,-295.8819052046519,1.0,CLIENT,7,2,100000,15,24,0,30625,30625,1390,3,364,1015,25018.36800000001,99,False,False
205,5,-181.8725748238644,-22.702625204632056,1.0,CLIENT,7,2,100000,9,8,0,30652,30652,1406,3,368,1021,8339.456,99,False,False
205,6,478.7621199439773,-196.69578520433333,1.0,CLIENT,7,2,100000,13,17,0,30581,30669,1389,5,366,1015,17721.344000000005,99,False,False
205,7,-373.0922574583104,147.06037479546666,1.0,CLIENT,7,2,100000,17,20,0,30627,30627,1392,5,365,1017,20848.640000000007,99,False,False
205,8,-182.34785158317894,-372.0247852046168,1.0,CLIENT,7,2,100000,9,13,0,30678,30682,1401,3,367,1024,13551.616000000004,99,False,False
205,9,369.36925262070406,-44.29870520468455,1.0,CLIENT,7,2,100000,15,19,0,30647,30650,1393,5,365,1027,19806.208000000006,99,False,False
205,10,-183.6944690664963,292.66693479564935,1.0,CLIENT,7,2,100000,12,16,0,30651,30651,1396,5,366,1025,16678.912000000004,99,False,False
205,11,-159.85141833203454,165.3168547952501,1.0,CLIENT,7,2,100000,14,8,0,30622,30622,1404,5,368,1034,8339.456,99,False,False
205,12,136.8004919686702,-351.6532252046366,1.0,CLIENT,7,2,100000,15,20,0,30633,30646,1393,3,365,1026,20848.640000000007,99,False,False
205,13,-370.0821713193621,-360.0022252041228,1.0,CLIENT,7,2,100000,15,15,0,30607,30653,1396,3,366,1017,15636.480000000005,99,False,False
205,14,433.69004064875077,299.23481479567755,1.0,CLIENT,7,2,100000,14,16,0,30557,30686,1391,4,366,1012,16678.912000000004,99,False,False
205,15,-275.4228835196425,414.228374795635,1.0,CLIENT,7,2,100000,9,8,0,30648,30664,1406,3,368,1020,8339.456,99,False,False
205,16,-357.32891162375296,201.16189479571233,1.0,CLIENT,7,2,100000,15,20,0,30633,30638,1392,5,365,1022,20848.640000000007,99,False,False
205,17,40.240097133943834,-405.64342520437236,1.0,CLIENT,7,2,100000,12,8,0,30652,30658,1406,3,368,1029,8339.456,99,False,False
205,18,-195.972452002791,-448.9469052041963,1.0,CLIENT,7,2,100000,15,16,0,30603,30628,1395,3,366,1016,16678.912000000004,99,False,False
205,19,-135.7707292181969,-180.77702520418455,1.0,CLIENT,7,2,100000,13,8,0,30636,30636,1405,4,368,1030,8339.456,99,False,False
205,20,-280.3340766941604,-242.11434520435404,1.0,CLIENT,7,2,100000,9,8,0,30671,30672,1406,3,368,1028,8339.456,99,False,False
205,21,-200.88364517730884,-433.47342520450525,1.0,CLIENT,7,2,100000,16,20,0,30638,30651,1394,3,365,1018,20848.640000000007,99,False,False
205,22,144.7217712826992,-385.82846520456883,1.0,CLIENT,7,2,100000,9,14,0,30652,30663,1398,3,367,1023,14594.048000000004,99,False,False
205,23,-401.8465013672901,-199.47878520442572,1.0,CLIENT,7,2,100000,14,4,0,30628,30636,1410,3,369,1024,4169.728,99,False,False
205,24,79.45042973714908,319.94033479560557,1.0,CLIENT,7,2,100000,10,8,0,30647,30648,1406,3,368,1033,8339.456,99,False,False
205,25,-78.10381581379941,436.04709479591634,1.0,CLIENT,7,2,100000,11,12,0,30684,30686,1401,4,367,1023,12509.184000000003,99,False,False
205,26,-391.9449022253167,-280.185785204732,1.0,CLIENT,7,2,100000,12,20,0,30650,30673,1394,3,365,1018,20848.640000000007,99,False,False
205,27,67.6477235596061,-447.722385204124,1.0,CLIENT,7,2,100000,11,8,0,30632,30656,1403,4,368,1023,8339.456,99,False,False
205,28,425.6103357488464,369.1437747955621,1.0,CLIENT,7,2,100000,17,29,0,30415,30648,1366,3,362,990,30230.528000000013,99,False,False
205,29,2.5348076004941555,316.15545479566975,1.0,CLIENT,7,2,100000,12,10,0,30639,30639,1404,3,367,1036,10424.320000000002,99,False,False
205,30,-345.8430566190863,405.43409479569107,1.0,CLIENT,7,2,100000,10,23,0,30631,30664,1390,4,364,1015,23975.93600000001,99,False,False
205,31,325.5645780158573,-251.1312652045268,1.0,CLIENT,7,2,100000,15,23,0,30608,30636,1389,3,363,1015,23975.93600000001,99,False,False
205,32,-285.24526986867824,148.61885479548675,1.0,CLIENT,7,2,100000,11,13,0,30661,30661,1399,5,366,1028,13551.616000000004,99,False,False
205,33,-140.76113518565242,96.1871347957711,1.0,CLIENT,7,2,100000,11,12,0,30652,30652,1400,5,367,1026,12509.184000000003,99,False,False
205,34,299.3451434870742,165.20553479553115,1.0,CLIENT,7,2,100000,11,12,0,30656,30656,1401,4,367,1030,12509.184000000003,99,False,False
205,35,-333.0105841305395,-203.37498520408047,1.0,CLIENT,7,2,100000,9,12,0,30678,30682,1401,3,367,1024,12509.184000000003,99,False,False
205,36,164.68339515308415,131.14161479531788,1.0,CLIENT,7,2,100000,8,4,0,30654,30654,1409,4,369,1029,4169.728,99,False,False
205,37,-452.0674122164103,112.43985479586769,1.0,CLIENT,7,2,100000,14,16,0,30663,30666,1397,4,366,1019,16678.912000000004,99,False,False
205,38,-401.37122460853834,-169.42238520437712,1.0,CLIENT,7,2,100000,14,16,0,30645,30648,1398,3,366,1022,16678.912000000004,99,False,False
205,39,66.93480842147858,49.098774796011355,1.0,CLIENT,7,2,100000,17,16,0,30611,30611,1396,5,366,1018,16678.912000000004,99,False,False
205,40,-217.75597011524502,-75.69094520452438,1.0,CLIENT,7,2,100000,12,15,0,30648,30648,1398,4,366,1021,15636.480000000005,99,False,False
205,41,240.88610215161154,-149.05082520439692,1.0,CLIENT,7,2,100000,12,12,0,30634,30634,1401,4,367,1030,12509.184000000003,99,False,False
205,42,483.91095149787094,207.2844947952828,1.0,CLIENT,7,2,100000,17,21,0,30550,30655,1384,3,365,1008,21891.072000000007,99,False,False
205,43,-87.6885637834593,-332.28354520449983,1.0,CLIENT,7,2,100000,15,16,0,30639,30640,1397,4,365,1023,16678.912000000004,99,False,False
205,44,153.98966807948273,18.59709479550503,1.0,CLIENT,7,2,100000,14,8,0,30615,30615,1404,5,368,1028,8339.456,99,False,False
205,45,-16.317837166512103,472.5600547954832,1.0,CLIENT,7,2,100000,17,33,0,30621,30645,1378,3,362,1007,34400.256000000016,99,False,False
205,46,-429.65019175876637,458.4224147955834,1.0,CLIENT,7,2,100000,12,12,0,30480,30676,1392,4,367,1018,12509.184000000003,99,False,False
205,47,361.7648244795514,-427.6847852040916,1.0,CLIENT,7,2,100000,15,26,0,30404,30657,1361,5,362,978,27103.23200000001,99,False,False
205,48,-66.53874801563228,475.12041479534673,1.0,CLIENT,7,2,100000,11,21,0,30652,30662,1392,4,366,1013,21891.072000000007,99,False,False
205,49,-154.30652281232682,-413.9924252046495,1.0,CLIENT,7,2,100000,15,18,0,30643,30646,1396,3,364,1025,18763.776000000005,99,False,False
205,50,89.82730563787415,-252.80106520426585,1.0,CLIENT,7,2,100000,12,20,0,30650,30651,1392,5,365,1017,20848.640000000007,99,False,False
205,51,-237.40074281331647,-483.56742520458624,1.0,CLIENT,7,2,100000,11,20,0,30603,30670,1387,3,365,1012,20848.640000000007,99,False,False
205,52,266.5510471281424,-13.685705204459282,1.0,CLIENT,7,2,100000,8,1,0,30648,30648,1412,4,369,1035,1042.432,99,False,False
205,53,-419.90701820266827,-459.74494520461803,1.0,CLIENT,7,2,100000,11,20,0,30340,30679,1374,2,366,986,20848.640000000007,99,False,False
205,54,-129.35449297392347,-81.59090520465696,1.0,CLIENT,7,2,100000,10,10,0,30653,30653,1402,5,367,1026,10424.320000000002,99,False,False
205,55,-71.7667923630265,-9.455545204065743,1.0,CLIENT,7,2,100000,10,8,0,30641,30641,1405,4,368,1025,8339.456,99,False,False
205,56,-121.90849041864617,14.700894795850274,1.0,CLIENT,7,2,100000,10,4,0,30643,30643,1408,5,369,1035,4169.728,99,False,False
205,57,-446.2848783173267,-332.3948652042188,1.0,CLIENT,7,2,100000,11,14,0,30526,30660,1398,2,366,1012,14594.048000000004,99,False,False
205,58,45.46814148077521,180.67901479601318,1.0,CLIENT,7,2,100000,11,12,0,30633,30633,1402,3,367,1032,12509.184000000003,99,False,False
205,59,-133.07749425156211,-1.8857852041941214,1.0,CLIENT,7,2,100000,10,8,0,30641,30641,1403,6,368,1026,8339.456,99,False,False
205,60,352.3385020963297,424.3584947953701,1.0,CLIENT,7,2,100000,13,20,0,30483,30673,1382,4,365,995,20848.640000000007,99,False,False
205,61,-500.54564161696186,434.7112547953341,1.0,CLIENT,7,2,100000,14,23,0,30343,30672,1368,5,363,986,23975.93600000001,99,False,False
205,62,-103.92718637676845,425.69433479595233,1.0,CLIENT,7,2,100000,9,8,0,30671,30674,1406,3,368,1029,8339.456,99,False,False
205,63,317.00959635663844,-153.16966520428053,1.0,CLIENT,7,2,100000,14,8,0,30622,30628,1405,4,368,1026,8339.456,99,False,False
205,64,-18.218944201518845,305.46873479575794,1.0,CLIENT,7,2,100000,10,12,0,30669,30669,1402,3,367,1033,12509.184000000003,99,False,False
205,65,19.96162209068252,-136.69430520474606,1.0,CLIENT,7,2,100000,14,15,0,30641,30641,1397,5,366,1019,15636.480000000005,99,False,False
205,66,77.15325873632831,62.56849479522458,1.0,CLIENT,7,2,100000,14,19,0,30622,30622,1393,5,365,1020,19806.208000000006,99,False,False
205,67,480.02952463435696,244.35405479581732,1.0,CLIENT,7,2,100000,12,9,0,30546,30679,1391,4,367,1018,9381.888,99,False,False
205,68,-435.0366616920359,217.41461479580892,1.0,CLIENT,7,2,100000,10,12,0,30686,30698,1400,4,367,1017,12509.184000000003,99,False,False
205,69,283.7402232389549,5.461334795448636,1.0,CLIENT,7,2,100000,11,20,0,30656,30656,1394,3,365,1026,20848.640000000007,99,False,False
205,70,-65.42976891169074,-187.56754520444161,1.0,CLIENT,7,2,100000,11,5,0,30619,30619,1408,4,368,1032,5212.16,99,False,False
205,71,-39.44797276284637,-187.45622520472267,1.0,CLIENT,7,2,100000,8,12,0,30667,30667,1400,5,367,1032,12509.184000000003,99,False,False
205,72,-198.58647417592525,-142.59426520408766,1.0,CLIENT,7,2,100000,9,8,0,30670,30670,1405,4,368,1031,8339.456,99,False,False
205,73,-351.4671649317317,-41.96098520425892,1.0,CLIENT,7,2,100000,16,16,0,30626,30627,1397,4,366,1018,16678.912000000004,99,False,False
205,74,-463.5532672216397,103.0889747957471,1.0,CLIENT,7,2,100000,12,14,0,30637,30643,1399,3,366,1014,14594.048000000004,99,False,False
205,75,213.4784757259493,-422.78670520459343,1.0,CLIENT,7,2,100000,12,17,0,30614,30667,1390,4,365,1006,17721.344000000005,99,False,False
205,76,252.53038274271634,-322.04210520425477,1.0,CLIENT,7,2,100000,14,13,0,30633,30657,1398,4,366,1020,13551.616000000004,99,False,False
205,77,6.257808877569967,-343.5268652045883,1.0,CLIENT,7,2,100000,13,12,0,30652,30653,1402,3,367,1023,12509.184000000003,99,False,False
205,78,373.9635946229084,224.205134795275,1.0,CLIENT,7,2,100000,14,9,0,30626,30645,1402,3,368,1027,9381.888,99,False,False
205,79,25.744155989766085,-124.67174520425203,1.0,CLIENT,7,2,100000,14,17,0,30625,30625,1395,5,365,1021,17721.344000000005,99,False,False
205,80,-328.49545492183563,20.155574795525126,1.0,CLIENT,7,2,100000,9,12,0,30656,30656,1402,3,367,1025,12509.184000000003,99,False,False
205,81,180.28831540120345,99.74937479547805,1.0,CLIENT,7,2,100000,15,14,0,30625,30625,1400,3,366,1026,14594.048000000004,99,False,False
205,82,-99.96654671975396,272.62933479561696,1.0,CLIENT,7,2,100000,11,12,0,30661,30661,1402,3,367,1030,12509.184000000003,99,False,False
205,83,287.7008628959694,205.61469479554376,1.0,CLIENT,7,2,100000,15,20,0,30646,30653,1392,4,365,1002,20848.640000000007,99,False,False
205,84,32.71488178572886,34.84981479560162,1.0,CLIENT,7,2,100000,11,4,0,30628,30628,1408,5,369,1031,4169.728,99,False,False
205,85,-174.26814668271177,459.4242947954268,1.0,CLIENT,7,2,100000,12,17,0,30650,30669,1395,4,365,1012,17721.344000000005,99,False,False
205,86,-92.20369299216314,370.7022547955822,1.0,CLIENT,7,2,100000,13,12,0,30641,30641,1402,3,367,1022,12509.184000000003,99,False,False
205,87,297.99852600375687,135.81705479537817,1.0,CLIENT,7,2,100000,15,17,0,30640,30640,1397,3,365,1027,17721.344000000005,99,False,False
205,88,193.51685185500148,410.10953479575136,1.0,CLIENT,7,2,100000,10,13,0,30644,30673,1400,3,366,1029,13551.616000000004,99,False,False
205,89,-165.79237781699342,401.31525479580745,1.0,CLIENT,7,2,100000,10,8,0,30707,30707,1404,5,368,1031,8339.456,99,False,False
205,90,197.63591709845414,205.169414795877,1.0,CLIENT,7,2,100000,15,16,0,30634,30634,1397,4,366,1016,16678.912000000004,99,False,False
205,91,446.0472363779831,-131.35094520399917,1.0,CLIENT,7,2,100000,13,13,0,30619,30661,1397,5,366,1020,13551.616000000004,99,False,False
205,92,-386.400006705609,-498.59562520461054,1.0,CLIENT,7,2,100000,10,21,0,30365,30711,1372,3,365,983,21891.072000000007,99,False,False
205,93,-226.78622853321554,-156.28662520432073,1.0,CLIENT,7,2,100000,16,8,0,30621,30621,1405,4,368,1029,8339.456,99,False,False
205,94,-77.31168788217138,-5.002745204234316,1.0,CLIENT,7,2,100000,13,20,0,30626,30626,1391,6,365,1013,20848.640000000007,99,False,False
205,95,-297.84010397784925,-201.81650520406038,1.0,CLIENT,7,2,100000,11,8,0,30664,30664,1406,3,368,1029,8339.456,99,False,False
205,96,-67.41008874019799,-149.38478520434472,1.0,CLIENT,7,2,100000,15,11,0,30631,30631,1401,6,367,1022,11466.752000000002,99,False,False
205,97,70.97466087143073,-393.8435052041072,1.0,CLIENT,7,2,100000,13,12,0,30639,30644,1401,3,367,1015,12509.184000000003,99,False,False
205,98,-294.8300178383381,387.51157479585544,1.0,CLIENT,7,2,100000,14,20,0,30657,30673,1392,5,365,1006,20848.640000000007,99,False,False
205,99,216.9638386242121,416.56609479526963,1.0,CLIENT,7,2,100000,14,23,0,30610,30653,1388,4,364,1016,23975.93600000001,99,False,False

206,0,119.29446468554417,-354.21358520450013,1.0,CLIENT,7,2,100000,13,9,0,30887,30887,1406,4,366,1025,9381.888,99,False,False
206,1,395.03419759723494,330.18177479585063,1.0,CLIENT,7,2,100000,14,16,0,30803,30896,1393,4,365,1017,16678.912000000004,99,False,False
206,2,173.55522798461652,-298.77622520446323,1.0,CLIENT,7,2,100000,11,4,0,30903,30904,1412,3,368,1027,4169.728,99,False,False
206,3,-286.35424897261976,493.71085479586895,1.0,CLIENT,7,2,100000,12,27,0,30831,30915,1381,4,362,1009,28145.66400000001,99,False,False
206,4,364.45805944618616,383.17009479574295,1.0,CLIENT,7,2,100000,16,25,0,30805,30912,1386,2,363,1007,26060.80000000001,99,False,False
206,5,-247.38155474879036,51.65913479587488,1.0,CLIENT,7,2,100000,9,10,0,30907,30907,1405,4,366,1029,10424.320000000002,99,False,False
206,6,202.78474865234784,-324.15718520445154,1.0,CLIENT,7,2,100000,13,8,0,30886,30889,1408,3,367,1026,8339.456,99,False,False
206,7,-481.1385072982663,-344.7513852046606,1.0,CLIENT,7,2,100000,18,24,0,30693,30881,1378,4,363,988,25018.36800000001,99,False,False
206,8,350.4373950607601,-27.489385204411292,1.0,CLIENT,7,2,100000,10,12,0,30907,30907,1402,5,366,1014,12509.184000000003,99,False,False
206,9,-134.74096290719302,-94.17006520453668,1.0,CLIENT,7,2,100000,15,17,0,30886,30886,1398,4,364,1026,17721.344000000005,99,False,False
206,10,-462.84035208351213,-47.304345204214826,1.0,CLIENT,7,2,100000,12,19,0,30908,30915,1396,5,364,1012,19806.208000000006,99,False,False
206,11,-135.6915164246964,-255.58406520435824,1.0,CLIENT,7,2,100000,14,11,0,30886,30887,1405,2,366,1031,11466.752000000002,99,False,False
206,12,-139.41451770233505,-479.55990520442157,1.0,CLIENT,7,2,100000,15,20,0,30866,30891,1395,4,364,1018,20848.640000000007,99,False,False
206,13,12.040342776653532,321.2761747953968,1.0,CLIENT,7,2,100000,16,12,0,30862,30863,1404,2,366,1029,12509.184000000003,99,False,False
206,14,289.5227571380385,101.30785479549814,1.0,CLIENT,7,2,100000,14,12,0,30896,30896,1403,4,366,1032,12509.184000000003,99,False,False
206,15,-160.56433347016207,370.7022547955822,1.0,CLIENT,7,2,100000,9,11,0,30926,30926,1404,4,366,1017,11466.752000000002,99,False,False
206,16,-221.16212022057016,-35.28178520451178,1.0,CLIENT,7,2,100000,15,20,0,30889,30889,1394,5,364,1020,20848.640000000007,99,False,False
206,17,194.4674053730677,-226.30690520471518,1.0,CLIENT,7,2,100000,12,8,0,30893,30894,1408,3,367,1026,8339.456,99,False,False
206,18,43.80467282514431,27.50269479595886,1.0,CLIENT,7,2,100000,15,14,0,30855,30855,1402,3,365,1035,14594.048000000004,99,False,False
206,19,-470.7616313969783,-340.4099052045481,1.0,CLIENT,7,2,100000,13,27,0,30740,30903,1380,4,365,1001,28145.66400000001,99,False,False
206,20,193.27921347562562,83.05137479571471,1.0,CLIENT,7,2,100000,9,5,0,30895,30895,1409,5,367,1037,5212.16,99,False,False
206,21,-33.507013277324624,93.40413479567871,1.0,CLIENT,7,2,100000,16,12,0,30862,30862,1404,3,366,1033,12509.184000000003,99,False,False
206,22,-352.4177184492351,358.45705479565027,1.0,CLIENT,7,2,100000,9,12,0,30876,30908,1401,4,366,1013,12509.184000000003,99,False,False
206,23,-403.3515444370456,-6.227265204306605,1.0,CLIENT,7,2,100000,14,4,0,30887,30888,1410,5,368,1031,4169.728,99,False,False
206,24,46.497907791779085,-89.49462520447639,1.0,CLIENT,7,2,100000,10,8,0,30892,30892,1407,4,367,1028,8339.456,99,False,False
206,25,329.60443046580946,-248.01430520448662,1.0,CLIENT,7,2,100000,11,8,0,30903,30914,1404,4,367,1022,8339.456,99,False,False
206,26,289.6811827244767,-296.32718520431865,1.0,CLIENT,7,2,100000,12,20,0,30882,30895,1394,4,364,1015,20848.640000000007,99,False,False
206,27,461.09766707441304,288.9933747954325,1.0,CLIENT,7,2,100000,12,8,0,30778,30917,1394,5,367,1021,8339.456,99,False,False
206,28,184.56580623053145,90.73245479530527,1.0,CLIENT,7,2,100000,17,21,0,30868,30868,1393,5,363,1026,21891.072000000007,99,False,False
206,29,-35.72497148520772,499.1655347955438,1.0,CLIENT,7,2,100000,12,10,0,30867,30884,1406,3,366,1024,10424.320000000002,99,False,False
206,30,293.56260958799066,-125.2283452044287,1.0,CLIENT,7,2,100000,10,24,0,30908,30909,1390,5,363,1012,25018.36800000001,99,False,False
206,31,76.04427963238678,371.3701747954778,1.0,CLIENT,7,2,100000,15,25,0,30886,30888,1390,4,362,1019,26060.80000000001,99,False,False
206,32,325.0893012571056,-257.5878252040451,1.0,CLIENT,7,2,100000,12,18,0,30898,30908,1397,3,364,1019,18763.776000000005,99,False,False
206,33,-88.63911730096267,399.08885479589173,1.0,CLIENT,7,2,100000,11,16,0,30926,30928,1399,4,365,1028,16678.912000000004,99,False,False
206,34,-114.54170065686937,-88.71538520407086,1.0,CLIENT,7,2,100000,11,12,0,30893,30893,1403,4,366,1025,12509.184000000003,99,False,False
206,35,132.99827789809387,227.656054795263,1.0,CLIENT,7,2,100000,9,12,0,30913,30913,1403,4,366,1028,12509.184000000003,99,False,False
206,36,194.62583095894303,486.80901479589295,1.0,CLIENT,7,2,100000,8,10,0,30889,30948,1400,4,367,1016,10424.320000000002,99,False,False
206,37,-146.62288187767365,-266.7160652047278,1.0,CLIENT,7,2,100000,14,12,0,30870,30870,1404,3,366,1025,12509.184000000003,99,False,False
206,38,246.7478488436328,-323.0439852040982,1.0,CLIENT,7,2,100000,14,16,0,30896,30902,1399,3,365,1011,16678.912000000004,99,False,False
206,39,-328.33702933539746,178.00733479563974,1.0,CLIENT,7,2,100000,17,20,0,30876,30877,1394,5,364,1023,20848.640000000007,99,False,False
206,40,-111.05633775916941,179.12053479599308,1.0,CLIENT,7,2,100000,12,11,0,30877,30877,1405,3,366,1022,11466.752000000002,99,False,False
206,41,-213.9537560446687,-292.319665204154,1.0,CLIENT,7,2,100000,12,14,0,30889,30890,1402,3,365,1029,14594.048000000004,99,False,False
206,42,271.2246019232844,338.08549479567006,1.0,CLIENT,7,2,100000,17,16,0,30847,30866,1398,5,365,1027,16678.912000000004,99,False,False
206,43,-58.538255908665626,160.9753747959286,1.0,CLIENT,7,2,100000,15,14,0,30868,30869,1402,2,365,1032,14594.048000000004,99,False,False
206,44,309.6428065948616,138.3774147952417,1.0,CLIENT,7,2,100000,14,12,0,30880,30880,1402,5,366,1030,12509.184000000003,99,False,False
206,45,-133.79040938968964,-254.35954520428595,1.0,CLIENT,7,2,100000,17,28,0,30873,30873,1388,3,362,1016,29188.096000000012,99,False,False
206,46,161.8317346000112,392.9662547955303,1.0,CLIENT,7,2,100000,12,8,0,30870,30877,1406,4,367,1029,8339.456,99,False,False
206,47,-447.3146446283306,-262.3745852046153,1.0,CLIENT,7,2,100000,15,28,0,30871,30913,1385,4,362,1000,29188.096000000012,99,False,False
206,48,-84.5992648510105,165.20553479553115,1.0,CLIENT,7,2,100000,11,13,0,30884,30884,1403,3,365,1030,13551.616000000004,99,False,False
206,49,299.26593069413656,449.51681479592054,1.0,CLIENT,7,2,100000,16,27,0,30795,30916,1384,4,362,1008,28145.66400000001,99,False,False
206,50,-26.2194363084855,32.06681479550923,1.0,CLIENT,7,2,100000,12,13,0,30873,30873,1402,4,365,1025,13551.616000000004,99,False,False
206,51,-293.87946432083476,458.64505479581226,1.0,CLIENT,7,2,100000,11,22,0,30872,30921,1390,4,363,1007,22933.504000000008,99,False,False
206,52,-374.0428109758138,301.0159347959265,1.0,CLIENT,7,2,100000,8,8,0,30892,30905,1406,5,367,1023,8339.456,99,False,False
206,53,297.52324924500516,-164.0790252044212,1.0,CLIENT,7,2,100000,11,10,0,30896,30897,1405,4,366,1025,10424.320000000002,99,False,False
206,54,-334.8324783731714,-53.98354520475294,1.0,CLIENT,7,2,100000,10,12,0,30897,30897,1402,5,366,1027,12509.184000000003,99,False,False
206,55,409.450925948475,-261.4840252044908,1.0,CLIENT,7,2,100000,10,14,0,30882,30921,1400,5,365,1009,14594.048000000004,99,False,False
206,56,-186.3084912396306,-380.81906520456073,1.0,CLIENT,7,2,100000,10,8,0,30914,30916,1408,3,367,1029,8339.456,99,False,False
206,57,357.3289080637852,-407.8698252042881,1.0,CLIENT,7,2,100000,11,16,0,30790,30920,1392,3,365,999,16678.912000000004,99,False,False
206,58,302.11759124720953,-10.680065204138032,1.0,CLIENT,7,2,100000,11,12,0,30901,30901,1403,4,366,1032,12509.184000000003,99,False,False
206,59,49.74563231066605,-4.6687852042865075,1.0,CLIENT,7,2,100000,10,6,0,30877,30877,1409,4,367,1035,6254.592,99,False,False
206,60,-298.47380632247626,204.5014947959814,1.0,CLIENT,7,2,100000,13,16,0,30886,30886,1398,5,365,1023,16678.912000000004,99,False,False
206,61,360.9726965484862,213.74105479559205,1.0,CLIENT,7,2,100000,14,15,0,30883,30891,1399,5,365,1014,15636.480000000005,99,False,False
206,62,-23.763839721226567,-493.4749052040925,1.0,CLIENT,7,2,100000,10,8,0,30884,30923,1403,4,367,1021,8339.456,99,False,False
206,63,-313.36581143246804,-7.117825204431085,1.0,CLIENT,7,2,100000,14,12,0,30880,30880,1401,6,366,1022,12509.184000000003,99,False,False
206,64,275.6605183390506,-164.9695852045457,1.0,CLIENT,7,2,100000,10,12,0,30884,30884,1403,4,366,1030,12509.184000000003,99,False,False
206,65,403.4307536700155,-389.27938520455683,1.0,CLIENT,7,2,100000,15,19,0,30695,30896,1388,4,364,1013,19806.208000000006,99,False,False
206,66,-304.414765807998,166.9866547957801,1.0,CLIENT,7,2,100000,15,18,0,30879,30880,1397,4,364,1016,18763.776000000005,99,False,False
206,67,63.92472228196745,336.6383347953689,1.0,CLIENT,7,2,100000,12,8,0,30894,30894,1408,3,367,1035,8339.456,99,False,False
206,68,163.81205442851845,-224.41446520474727,1.0,CLIENT,7,2,100000,10,4,0,30879,30879,1412,3,368,1032,4169.728,99,False,False
206,69,-231.61820891479573,-277.2914652041297,1.0,CLIENT,7,2,100000,11,20,0,30898,30899,1396,3,364,1019,20848.640000000007,99,False,False
206,70,246.6686360506951,-108.97562520433212,1.0,CLIENT,7,2,100000,11,8,0,30889,30889,1407,4,367,1033,8339.456,99,False,False
206,71,-429.4917661723282,453.0790547956275,1.0,CLIENT,7,2,100000,8,16,0,30722,30948,1384,4,365,1006,16678.912000000004,99,False,False
206,72,-179.8130422024195,328.40065479560167,1.0,CLIENT,7,2,100000,9,8,0,30914,30914,1407,4,367,1027,8339.456,99,False,False
206,73,-250.312428094801,112.7738147958155,1.0,CLIENT,7,2,100000,16,16,0,30882,30882,1398,5,365,1025,16678.912000000004,99,False,False
206,74,-171.89176288895334,12.140534795986753,1.0,CLIENT,7,2,100000,12,12,0,30885,30885,1403,4,366,1018,12509.184000000003,99,False,False
206,75,228.76654480175506,-298.6649052047443,1.0,CLIENT,7,2,100000,12,16,0,30893,30897,1400,2,365,1025,16678.912000000004,99,False,False
206,76,22.654857057317294,-182.44682520471457,1.0,CLIENT,7,2,100000,14,6,0,30876,30876,1410,3,367,1032,6254.592,99,False,False
206,77,297.04797248625346,449.18285479597273,1.0,CLIENT,7,2,100000,13,16,0,30762,30897,1389,3,365,1011,16678.912000000004,99,False,False
206,78,-364.0619990409027,-471.4335452043733,1.0,CLIENT,7,2,100000,14,12,0,30709,30916,1386,5,366,1009,12509.184000000003,99,False,False
206,79,358.59631275416496,59.006254795517634,1.0,CLIENT,7,2,100000,14,20,0,30885,30886,1393,6,363,1022,20848.640000000007,99,False,False
206,80,185.99163650734934,-245.4539452046231,1.0,CLIENT,7,2,100000,9,12,0,30907,30907,1404,3,366,1024,12509.184000000003,99,False,False
206,81,-441.53211072924694,-95.95118520399467,1.0,CLIENT,7,2,100000,15,16,0,30887,30888,1398,5,365,1025,16678.912000000004,99,False,False
206,82,-489.77270175042275,-19.696985204310806,1.0,CLIENT,7,2,100000,11,16,0,30927,30932,1399,4,365,1025,16678.912000000004,99,False,False
206,83,247.69840236169898,-226.41822520443412,1.0,CLIENT,7,2,100000,15,12,0,30873,30875,1404,3,366,1020,12509.184000000003,99,False,False
206,84,225.04354352411642,-115.54350520436032,1.0,CLIENT,7,2,100000,11,9,0,30894,30894,1407,3,366,1028,9381.888,99,False,False
206,85,-287.22558969718546,-158.84698520418425,1.0,CLIENT,7,2,100000,12,13,0,30896,30896,1402,4,365,1028,13551.616000000004,99,False,False
206,86,63.13259435090225,-260.59346520436634,1.0,CLIENT,7,2,100000,13,12,0,30885,30885,1404,3,366,1028,12509.184000000003,99,False,False
206,87,-65.74662008400425,-46.97038520426702,1.0,CLIENT,7,2,100000,15,16,0,30882,30883,1399,3,365,1022,16678.912000000004,99,False,False
206,88,-236.8462532616271,-419.66974520455324,1.0,CLIENT,7,2,100000,10,17,0,30916,30938,1396,4,364,1017,17721.344000000005,99,False,False
206,89,276.45264627067866,246.4691347960141,1.0,CLIENT,7,2,100000,11,6,0,30893,30895,1409,4,367,1029,6254.592,99,False,False
206,90,-405.5695026449287,71.80805479562622,1.0,CLIENT,7,2,100000,15,20,0,30890,30891,1394,5,364,1019,20848.640000000007,99,False,False
206,91,434.56138137331646,-111.64730520470556,1.0,CLIENT,7,2,100000,13,18,0,30923,30933,1396,4,364,1026,18763.776000000005,99,False,False
206,92,-430.3631068968939,-88.38142520412305,1.0,CLIENT,7,2,100000,10,16,0,30906,30911,1396,6,365,1021,16678.912000000004,99,False,False
206,93,-189.95227972433156,471.78081479586865,1.0,CLIENT,7,2,100000,16,12,0,30872,30894,1400,4,366,1020,12509.184000000003,99,False,False
206,94,384.02361935131995,63.681694795577926,1.0,CLIENT,7,2,100000,13,20,0,30884,30884,1395,4,364,1020,20848.640000000007,99,False,False
206,95,-321.6039419188105,451.1866147956596,1.0,CLIENT,7,2,100000,12,8,0,30883,30938,1401,4,367,1020,8339.456,99,False,False
206,96,-235.89569974412376,422.91133479585994,1.0,CLIENT,7,2,100000,16,16,0,30887,30904,1395,5,365,1008,16678.912000000004,99,False,False
206,97,327.14883387855053,54.99873479535296,1.0,CLIENT,7,2,100000,13,12,0,30879,30879,1402,5,366,1033,12509.184000000003,99,False,False
206,98,215.06273158864252,-242.44830520430185,1.0,CLIENT,7,2,100000,14,16,0,30884,30885,1400,3,365,1024,16678.912000000004,99,False,False
206,99,-62.6573211521183,172.2186947952261,1.0,CLIENT,7,2,100000,14,20,0,30884,30884,1396,3,364,1025,20848.640000000007,99,False,False

207,0,112.40295168251906,211.4033347959574,1.0,CLIENT,7,2,100000,13,8,0,31080,31080,1421,4,373,1040,8339.456,99,False,False
207,1,0.8713389443004181,-498.7069452043295,1.0,CLIENT,7,2,100000,14,16,0,31080,31116,1412,2,371,1031,16678.912000000004,99,False,False
207,2,-491.6738087854295,-131.68490520473796,1.0,CLIENT,7,2,100000,10,4,0,31106,31135,1424,2,374,1039,4169.728,99,False,False
207,3,-255.0651956834435,-218.40318520410477,1.0,CLIENT,7,2,100000,12,16,0,31088,31088,1415,2,371,1039,16678.912000000004,99,False,False
207,4,245.87650811906707,-288.868745204166,1.0,CLIENT,7,2,100000,15,24,0,31100,31102,1407,2,369,1036,25018.36800000001,99,False,False
207,5,226.31094821449614,258.2690547954883,1.0,CLIENT,7,2,100000,9,12,0,31130,31138,1416,4,372,1033,12509.184000000003,99,False,False
207,6,-379.90455766839784,-420.7829452041156,1.0,CLIENT,7,2,100000,13,20,0,31029,31128,1403,3,369,1019,20848.640000000007,99,False,False
207,7,-242.78721274714886,-276.95750520418187,1.0,CLIENT,7,2,100000,17,21,0,31081,31081,1409,3,369,1030,21891.072000000007,99,False,False
207,8,55.290527829810934,72.80993479546964,1.0,CLIENT,7,2,100000,9,4,0,31089,31089,1426,3,374,1043,4169.728,99,False,False
207,9,-101.15473861663317,67.46657479551374,1.0,CLIENT,7,2,100000,15,13,0,31082,31082,1418,2,371,1042,13551.616000000004,99,False,False
207,10,407.2329677405919,-45.634545204475785,1.0,CLIENT,7,2,100000,12,16,0,31099,31115,1415,2,371,1035,16678.912000000004,99,False,False
207,11,-491.1985320266778,333.1874147953809,1.0,CLIENT,7,2,100000,14,11,0,30636,31068,1388,1,372,995,11466.752000000002,99,False,False
207,12,-63.528661876684,-76.13622520419113,1.0,CLIENT,7,2,100000,15,10,0,31066,31066,1420,3,372,1044,10424.320000000002,99,False,False
207,13,60.36014659076697,177.0054547957963,1.0,CLIENT,7,2,100000,15,12,0,31072,31072,1417,4,372,1038,12509.184000000003,99,False,False
207,14,310.5933601129278,-233.98798520430574,1.0,CLIENT,7,2,100000,14,12,0,31100,31106,1418,2,372,1034,12509.184000000003,99,False,False
207,15,465.6127962831169,-441.59978520455354,1.0,CLIENT,7,2,100000,9,18,0,30369,31099,1382,1,371,984,18763.776000000005,99,False,False
207,16,-125.15621493753314,237.6748547952792,1.0,CLIENT,7,2,100000,15,16,0,31076,31076,1415,2,371,1040,16678.912000000004,99,False,False
207,17,-490.3271913021121,-189.68262520463838,1.0,CLIENT,7,2,100000,12,12,0,31099,31138,1414,2,372,1029,12509.184000000003,99,False,False
207,18,-116.04674372662494,266.61805479576543,1.0,CLIENT,7,2,100000,15,18,0,31073,31077,1413,2,370,1037,18763.776000000005,99,False,False
207,19,-152.48462857025774,183.7959747952624,1.0,CLIENT,7,2,100000,13,12,0,31088,31088,1419,2,372,1039,12509.184000000003,99,False,False
207,20,367.0720816198833,287.99149479558906,1.0,CLIENT,7,2,100000,9,8,0,31041,31120,1418,4,373,1032,8339.456,99,False,False
207,21,-272.25437179425603,257.7124547953116,1.0,CLIENT,7,2,100000,15,16,0,31065,31083,1413,2,371,1028,16678.912000000004,99,False,False
207,22,139.41451414236732,-87.37954520427962,1.0,CLIENT,7,2,100000,9,6,0,31093,31093,1425,2,373,1046,6254.592,99,False,False
207,23,480.66322697954683,-1.106545204579561,1.0,CLIENT,7,2,100000,14,4,0,31069,31111,1427,2,374,1037,4169.728,99,False,False
207,24,-251.89668395805705,-0.3273052041740243,1.0,CLIENT,7,2,100000,10,12,0,31106,31106,1419,2,372,1044,12509.184000000003,99,False,False
207,25,251.18376525939897,472.33741479525435,1.0,CLIENT,7,2,100000,11,9,0,30936,31086,1409,3,372,1026,9381.888,99,False,False
207,26,-244.37146860984208,-190.350545204534,1.0,CLIENT,7,2,100000,12,17,0,31091,31091,1413,3,370,1039,17721.344000000005,99,False,False
207,27,-482.96040154033534,373.8192147956224,1.0,CLIENT,7,2,100000,12,8,0,30591,31080,1384,0,371,998,8339.456,99,False,False
207,28,-130.85953604367904,-30.161065203993758,1.0,CLIENT,7,2,100000,17,20,0,31063,31063,1410,3,370,1034,20848.640000000007,99,False,False
207,29,473.3756500107078,-306.4573052040538,1.0,CLIENT,7,2,100000,12,17,0,30794,31107,1397,2,370,1015,17721.344000000005,99,False,False
207,30,-99.96654671975396,-207.04854520429734,1.0,CLIENT,7,2,100000,10,17,0,31093,31093,1414,2,370,1037,17721.344000000005,99,False,False
207,31,-57.11242563241058,220.754214795287,1.0,CLIENT,7,2,100000,15,19,0,31074,31074,1412,2,369,1039,19806.208000000006,99,False,False
207,32,286.27503261971435,258.714334795946,1.0,CLIENT,7,2,100000,11,16,0,31090,31107,1411,4,371,1036,16678.912000000004,99,False,False
207,33,348.1402240599393,364.4683347955018,1.0,CLIENT,7,2,100000,11,16,0,30995,31117,1401,4,370,1022,16678.912000000004,99,False,False
207,34,211.97343265619372,-140.5905052044008,1.0,CLIENT,7,2,100000,11,12,0,31104,31104,1418,3,372,1042,12509.184000000003,99,False,False
207,35,-366.9928723869134,152.18109479598468,1.0,CLIENT,7,2,100000,9,10,0,31077,31101,1421,2,372,1033,10424.320000000002,99,False,False
207,36,-466.8802045334644,-216.6220652046468,1.0,CLIENT,7,2,100000,8,8,0,31109,31143,1420,3,373,1024,8339.456,99,False,False
207,37,363.9035698944968,-173.20726520431293,1.0,CLIENT,7,2,100000,14,12,0,31083,31094,1419,2,372,1042,12509.184000000003,99,False,False
207,38,94.58007322651669,-391.6171052041915,1.0,CLIENT,7,2,100000,14,14,0,31079,31082,1417,3,371,1039,14594.048000000004,99,False,False
207,39,-245.24280933440778,-263.9330652046354,1.0,CLIENT,7,2,100000,17,24,0,31103,31105,1406,2,369,1030,25018.36800000001,99,False,False
207,40,261.48142836718637,-130.5717052043846,1.0,CLIENT,7,2,100000,12,16,0,31116,31116,1414,3,371,1040,16678.912000000004,99,False,False
207,41,-115.96753093368727,-13.017785204563666,1.0,CLIENT,7,2,100000,12,12,0,31085,31085,1419,2,372,1038,12509.184000000003,99,False,False
207,42,160.3266915308185,-490.13530520461444,1.0,CLIENT,7,2,100000,17,20,0,31000,31079,1405,3,370,1030,20848.640000000007,99,False,False
207,43,-13.228538234063313,-104.30018520427183,1.0,CLIENT,7,2,100000,15,16,0,31074,31074,1414,3,371,1042,16678.912000000004,99,False,False
207,44,70.1825329398027,409.66425479529363,1.0,CLIENT,7,2,100000,14,20,0,31088,31103,1410,2,370,1025,20848.640000000007,99,False,False
207,45,24.239112920010523,465.3242547955594,1.0,CLIENT,7,2,100000,17,29,0,31050,31083,1397,3,367,1019,30230.528000000013,99,False,False
207,46,157.47503097774555,-462.30530520448156,1.0,CLIENT,7,2,100000,12,16,0,31034,31092,1409,2,372,1022,16678.912000000004,99,False,False
207,47,-410.71833419882245,175.00169479531849,1.0,CLIENT,7,2,100000,15,20,0,31036,31082,1409,2,370,1033,20848.640000000007,99,False,False
207,48,408.65879801740977,-276.8461852044629,1.0,CLIENT,7,2,100000,11,16,0,31029,31113,1410,1,371,1029,16678.912000000004,99,False,False
207,49,-18.139731408581177,161.08669479564753,1.0,CLIENT,7,2,100000,15,16,0,31078,31078,1415,2,370,1040,16678.912000000004,99,False,False
207,50,-108.83837955128631,-352.65510520448004,1.0,CLIENT,7,2,100000,12,16,0,31086,31086,1415,2,371,1037,16678.912000000004,99,False,False
207,51,295.78056779587376,-52.98166520411854,1.0,CLIENT,7,2,100000,11,16,0,31099,31099,1414,3,371,1043,16678.912000000004,99,False,False
207,52,-87.05486143826944,292.5556147959304,1.0,CLIENT,7,2,100000,8,2,0,31095,31096,1428,2,374,1049,2084.864,99,False,False
207,53,181.9517840573972,381.0550147955462,1.0,CLIENT,7,2,100000,11,9,0,31077,31098,1418,4,372,1040,9381.888,99,False,False
207,54,-387.1921346366741,203.05433479568023,1.0,CLIENT,7,2,100000,10,12,0,31046,31099,1411,2,372,1034,12509.184000000003,99,False,False
207,55,-189.31857737914171,52.43837479548944,1.0,CLIENT,7,2,100000,10,9,0,31094,31094,1422,2,372,1039,9381.888,99,False,False
207,56,439.47257454783437,-92.05498520433991,1.0,CLIENT,7,2,100000,10,4,0,31074,31099,1427,2,374,1044,4169.728,99,False,False
207,57,-149.87060639656062,451.96585479527414,1.0,CLIENT,7,2,100000,10,15,0,31075,31137,1409,3,371,1020,15636.480000000005,99,False,False
207,58,-430.04625572458036,420.7962547956632,1.0,CLIENT,7,2,100000,11,19,0,30682,31104,1379,0,370,983,19806.208000000006,99,False,False
207,59,-417.53063440890986,-208.71834520403638,1.0,CLIENT,7,2,100000,10,9,0,31131,31137,1420,3,373,1037,9381.888,99,False,False
207,60,234.6282914937763,-346.8664652040664,1.0,CLIENT,7,2,100000,13,18,0,31090,31106,1412,2,370,1025,18763.776000000005,99,False,False
207,61,302.11759124720953,-262.48590520433424,1.0,CLIENT,7,2,100000,14,16,0,31090,31101,1415,2,371,1041,16678.912000000004,99,False,False
207,62,213.95375248470097,60.89869479548554,1.0,CLIENT,7,2,100000,9,8,0,31098,31098,1422,3,373,1043,8339.456,99,False,False
207,63,-214.19139442404455,356.89857479563017,1.0,CLIENT,7,2,100000,14,12,0,31052,31085,1414,2,372,1035,12509.184000000003,99,False,False
207,64,-82.61894502250325,-480.6731052047749,1.0,CLIENT,7,2,100000,10,12,0,31102,31117,1418,2,372,1039,12509.184000000003,99,False,False
207,65,-456.26569025280065,-109.30958520427993,1.0,CLIENT,7,2,100000,14,17,0,31095,31109,1413,2,370,1036,17721.344000000005,99,False,False
207,66,-269.4027112411831,-9.678185204294607,1.0,CLIENT,7,2,100000,15,17,0,31068,31068,1414,2,370,1033,17721.344000000005,99,False,False
207,67,484.94071780887487,-24.92902520454777,1.0,CLIENT,7,2,100000,12,6,0,31052,31115,1424,2,373,1041,6254.592,99,False,False
207,68,-315.5837696403511,339.1986947952324,1.0,CLIENT,7,2,100000,10,8,0,31026,31108,1416,2,373,1035,8339.456,99,False,False
207,69,204.28979172210342,287.5462147959223,1.0,CLIENT,7,2,100000,11,20,0,31095,31106,1408,4,370,1029,20848.640000000007,99,False,False
207,70,426.08561250759817,-178.21666520432103,1.0,CLIENT,7,2,100000,11,16,0,31082,31118,1414,2,371,1023,16678.912000000004,99,False,False
207,71,-489.77270175042275,218.19385479542348,1.0,CLIENT,7,2,100000,8,12,0,30922,31120,1399,2,372,1017,12509.184000000003,99,False,False
207,72,-163.81205798848617,461.5393747956236,1.0,CLIENT,7,2,100000,9,5,0,31030,31109,1423,2,373,1043,5212.16,99,False,False
207,73,501.73382995387334,-468.3165852043331,1.0,CLIENT,7,2,100000,17,31,0,29881,31010,1339,0,366,957,32315.392000000014,99,False,False
207,74,155.65313673567647,-375.4757052046048,1.0,CLIENT,7,2,100000,12,21,0,31093,31106,1408,3,370,1033,21891.072000000007,99,False,False
207,75,197.87355547783,11.138654795352352,1.0,CLIENT,7,2,100000,12,13,0,31081,31081,1417,3,371,1041,13551.616000000004,99,False,False
207,76,391.1527707337209,-408.42642520446475,1.0,CLIENT,7,2,100000,14,18,0,30843,31113,1400,2,370,1016,18763.776000000005,99,False,False
207,77,86.7380067059882,199.26945479574442,1.0,CLIENT,7,2,100000,13,12,0,31084,31084,1418,3,372,1039,12509.184000000003,99,False,False
207,78,296.0974189687501,310.2554947955372,1.0,CLIENT,7,2,100000,14,12,0,31081,31119,1409,4,372,1024,12509.184000000003,99,False,False
207,79,-479.158187469759,182.34881479575222,1.0,CLIENT,7,2,100000,14,21,0,30944,31086,1401,2,369,1024,21891.072000000007,99,False,False
207,80,-291.7407189058893,-117.43594520432822,1.0,CLIENT,7,2,100000,9,12,0,31110,31110,1419,2,372,1041,12509.184000000003,99,False,False
207,81,23.209346609569486,124.90769479523749,1.0,CLIENT,7,2,100000,15,16,0,31077,31077,1415,2,371,1041,16678.912000000004,99,False,False
207,82,-439.63100369424023,-396.4038652047617,1.0,CLIENT,7,2,100000,11,15,0,30984,31135,1408,3,371,1017,15636.480000000005,99,False,False
207,83,378.8747877974263,187.2468947952504,1.0,CLIENT,7,2,100000,15,17,0,31066,31087,1408,3,369,1034,17721.344000000005,99,False,False
207,84,-163.3367812297345,163.5357347957921,1.0,CLIENT,7,2,100000,11,8,0,31091,31093,1423,2,373,1045,8339.456,99,False,False
207,85,387.1921310767064,393.07757479524923,1.0,CLIENT,7,2,100000,12,21,0,30888,31112,1390,4,370,1010,21891.072000000007,99,False,False
207,86,113.35350520002244,295.78389479568955,1.0,CLIENT,7,2,100000,13,10,0,31085,31085,1420,3,372,1043,10424.320000000002,99,False,False
207,87,375.7854888649774,322.2780547952402,1.0,CLIENT,7,2,100000,15,19,0,30989,31093,1401,4,370,1015,19806.208000000006,99,False,False
207,88,-491.27774481961546,-497.5937452047671,1.0,CLIENT,7,2,100000,10,22,0,30393,31128,1376,3,368,981,22933.504000000008,99,False,False
207,89,329.3667920864336,102.19841479562263,1.0,CLIENT,7,2,100000,10,6,0,31098,31108,1421,4,373,1041,6254.592,99,False,False
207,90,444.62140610172804,87.61549479526508,1.0,CLIENT,7,2,100000,15,17,0,31061,31088,1412,2,370,1033,17721.344000000005,99,False,False
207,91,9.426320603519265,-134.35658520432042,1.0,CLIENT,7,2,100000,13,16,0,31094,31094,1414,3,371,1040,16678.912000000004,99,False,False
207,92,-370.6366608710515,392.52097479586354,1.0,CLIENT,7,2,100000,10,17,0,30909,31110,1392,2,371,1002,17721.344000000005,99,False,False
207,93,204.60664289441692,-387.0529852046411,1.0,CLIENT,7,2,100000,16,8,0,31053,31069,1422,3,373,1042,8339.456,99,False,False
207,94,-299.34514704704196,482.2448947955516,1.0,CLIENT,7,2,100000,13,26,0,30823,31127,1379,0,369,995,27103.23200000001,99,False,False
207,95,-228.52890998234696,-253.69162520439033,1.0,CLIENT,7,2,100000,11,8,0,31118,31118,1422,3,373,1043,8339.456,99,False,False
207,96,348.21943685287704,-6.561225204254413,1.0,CLIENT,7,2,100000,15,13,0,31085,31085,1417,3,371,1041,13551.616000000004,99,False,False
207,97,-276.05658586483236,-352.32114520453223,1.0,CLIENT,7,2,100000,13,12,0,31082,31092,1418,3,372,1041,12509.184000000003,99,False,False
207,98,-209.04256287015085,-414.10374520436847,1.0,CLIENT,7,2,100000,13,20,0,31097,31106,1409,3,370,1032,20848.640000000007,99,False,False
207,99,-193.43764262203155,481.46565479593704,1.0,CLIENT,7,2,100000,14,24,0,30963,31099,1390,2,369,1004,25018.36800000001,99,False,False

208,0,77.86617387445584,495.26933479588905,1.0,CLIENT,7,2,100000,13,17,0,30852,30904,1406,7,368,1028,17721.344000000005,99,False,False
208,1,-292.53284683751735,-142.59426520408766,1.0,CLIENT,7,2,100000,14,12,0,30879,30880,1415,7,368,1034,12509.184000000003,99,False,False
208,2,-84.91611602332402,219.30705479577682,1.0,CLIENT,7,2,100000,10,4,0,30885,30885,1424,6,371,1049,4169.728,99,False,False
208,3,-483.19803991971116,382.16821479589953,1.0,CLIENT,7,2,100000,12,28,0,30456,30908,1362,3,365,981,29188.096000000012,99,False,False
208,4,491.59459243252405,-63.00046520413474,1.0,CLIENT,7,2,100000,15,24,0,30840,30894,1397,6,366,1019,25018.36800000001,99,False,False
208,5,425.7687613347218,475.78833479524235,1.0,CLIENT,7,2,100000,9,13,0,30257,30869,1380,7,368,999,13551.616000000004,99,False,False
208,6,89.90651843137466,-430.467785204184,1.0,CLIENT,7,2,100000,12,8,0,30864,30878,1421,5,370,1050,8339.456,99,False,False
208,7,452.7011110016324,-249.4614652039968,1.0,CLIENT,7,2,100000,17,25,0,30774,30873,1393,5,365,1016,26060.80000000001,99,False,False
208,8,-36.12103545102173,-386.3850652047455,1.0,CLIENT,7,2,100000,9,10,0,30888,30892,1419,5,369,1043,10424.320000000002,99,False,False
208,9,-228.52890998234696,-385.494505204621,1.0,CLIENT,7,2,100000,15,20,0,30862,30887,1403,8,367,1027,20848.640000000007,99,False,False
208,10,-109.39286910297567,28.61589479552123,1.0,CLIENT,7,2,100000,12,9,0,30851,30851,1417,8,369,1038,9381.888,99,False,False
208,11,-53.94391390702412,8.466974795769886,1.0,CLIENT,7,2,100000,14,8,0,30867,30867,1418,8,370,1039,8339.456,99,False,False
208,12,385.6870880075137,360.34949479561817,1.0,CLIENT,7,2,100000,15,21,0,30771,30891,1403,8,366,1025,21891.072000000007,99,False,False
208,13,118.34391116747797,81.38157479597567,1.0,CLIENT,7,2,100000,15,12,0,30856,30856,1415,7,369,1042,12509.184000000003,99,False,False
208,14,432.18499757899525,7.7990547958742695,1.0,CLIENT,7,2,100000,14,11,0,30875,30880,1417,5,369,1040,11466.752000000002,99,False,False
208,15,308.6130402844206,273.85385479568924,1.0,CLIENT,7,2,100000,8,8,0,30879,30898,1417,8,370,1033,8339.456,99,False,False
208,16,-243.10406391946236,269.06709479591,1.0,CLIENT,7,2,100000,15,20,0,30873,30877,1408,6,367,1034,20848.640000000007,99,False,False
208,17,55.290527829810934,-285.1951852047401,1.0,CLIENT,7,2,100000,12,8,0,30891,30891,1420,6,370,1040,8339.456,99,False,False
208,18,-260.2932400302749,10.6933747956856,1.0,CLIENT,7,2,100000,15,20,0,30872,30872,1409,5,367,1033,20848.640000000007,99,False,False
208,19,82.14366470378386,163.09045479533438,1.0,CLIENT,7,2,100000,13,10,0,30871,30871,1417,7,369,1046,10424.320000000002,99,False,False
208,20,495.9512960547898,-98.06626520419144,1.0,CLIENT,7,2,100000,9,8,0,30846,30906,1411,7,370,1029,8339.456,99,False,False
208,21,-448.5028365252098,-214.39566520473107,1.0,CLIENT,7,2,100000,15,20,0,30826,30888,1405,7,367,1028,20848.640000000007,99,False,False
208,22,337.20885860696205,372.48337479583114,1.0,CLIENT,7,2,100000,9,9,0,30789,30882,1414,8,369,1035,9381.888,99,False,False
208,23,-41.11144141847726,70.36089479532507,1.0,CLIENT,7,2,100000,14,4,0,30862,30862,1423,7,371,1040,4169.728,99,False,False
208,24,300.05805862520174,348.66089479586293,1.0,CLIENT,7,2,100000,10,18,0,30866,30902,1406,8,369,1019,18763.776000000005,99,False,False
208,25,-345.2885670668341,25.610254795990954,1.0,CLIENT,7,2,100000,11,8,0,30880,30883,1419,6,370,1038,8339.456,99,False,False
208,26,-478.36605953813097,-405.1981452047056,1.0,CLIENT,7,2,100000,12,21,0,30362,30876,1382,7,367,997,21891.072000000007,99,False,False
208,27,-219.1025875985624,-439.9299852040235,1.0,CLIENT,7,2,100000,11,8,0,30834,30892,1416,5,370,1039,8339.456,99,False,False
208,28,4.198276256125053,459.86957479588455,1.0,CLIENT,7,2,100000,17,24,0,30848,30866,1403,6,366,1035,25018.36800000001,99,False,False
208,29,-413.41156916545725,-397.51706520432407,1.0,CLIENT,7,2,100000,12,16,0,30622,30893,1403,6,368,1023,16678.912000000004,99,False,False
208,30,442.40344789384494,-194.58070520413656,1.0,CLIENT,7,2,100000,10,24,0,30847,30899,1399,7,366,1022,25018.36800000001,99,False,False
208,31,-421.80812523823784,-271.28018520427815,1.0,CLIENT,7,2,100000,15,25,0,30819,30875,1400,7,365,1020,26060.80000000001,99,False,False
208,32,-390.0437951897471,-146.71310520476226,1.0,CLIENT,7,2,100000,11,14,0,30874,30885,1413,5,368,1039,14594.048000000004,99,False,False
208,33,442.1658095144692,-479.4485852047026,1.0,CLIENT,7,2,100000,11,22,0,30336,30877,1361,2,367,976,22933.504000000008,99,False,False
208,34,383.8651937648817,264.0576947959019,1.0,CLIENT,7,2,100000,11,18,0,30842,30884,1404,8,369,1021,18763.776000000005,99,False,False
208,35,-67.25166315375981,147.17169479597658,1.0,CLIENT,7,2,100000,9,8,0,30878,30878,1419,7,370,1046,8339.456,99,False,False
208,36,313.9202974247525,-312.4685852046963,1.0,CLIENT,7,2,100000,7,8,0,30900,30928,1421,5,370,1036,8339.456,99,False,False
208,37,164.44575677370833,188.91669479578042,1.0,CLIENT,7,2,100000,14,12,0,30864,30864,1416,6,369,1046,12509.184000000003,99,False,False
208,38,233.51931238983477,361.57401479569046,1.0,CLIENT,7,2,100000,14,14,0,30856,30869,1411,8,368,1034,14594.048000000004,99,False,False
208,39,349.2492031638809,21.714054795545223,1.0,CLIENT,7,2,100000,16,20,0,30873,30874,1409,5,367,1030,20848.640000000007,99,False,False
208,40,205.95326037773432,-274.39714520431835,1.0,CLIENT,7,2,100000,12,16,0,30880,30885,1411,5,368,1031,16678.912000000004,99,False,False
208,41,-197.00221831323202,-435.4771852041921,1.0,CLIENT,7,2,100000,12,15,0,30847,30883,1411,7,368,1037,15636.480000000005,99,False,False
208,42,53.70627196711771,-233.09742520418126,1.0,CLIENT,7,2,100000,17,16,0,30841,30841,1413,5,368,1042,16678.912000000004,99,False,False
208,43,-114.93776462268339,416.7887347954985,1.0,CLIENT,7,2,100000,15,16,0,30845,30854,1410,6,368,1034,16678.912000000004,99,False,False
208,44,-161.51488698766542,-70.45890520428742,1.0,CLIENT,7,2,100000,14,13,0,30874,30874,1414,7,368,1032,13551.616000000004,99,False,False
208,45,-421.570486858862,-18.13850520429071,1.0,CLIENT,7,2,100000,17,30,0,30865,30869,1397,6,364,1025,31272.960000000014,99,False,False
208,46,-118.4231275209462,293.4461747952639,1.0,CLIENT,7,2,100000,12,11,0,30879,30880,1418,5,369,1040,11466.752000000002,99,False,False
208,47,345.9222658520563,-349.315505204211,1.0,CLIENT,7,2,100000,15,22,0,30805,30887,1404,5,366,1024,22933.504000000008,99,False,False
208,48,80.63862163402828,-468.53922520456194,1.0,CLIENT,7,2,100000,11,16,0,30852,30877,1412,5,368,1037,16678.912000000004,99,False,False
208,49,28.51660374933853,-363.119185204163,1.0,CLIENT,7,2,100000,15,17,0,30867,30868,1412,5,367,1028,17721.344000000005,99,False,False
208,50,176.72373971000297,351.88917479562207,1.0,CLIENT,7,2,100000,12,20,0,30892,30898,1406,7,367,1034,20848.640000000007,99,False,False
208,51,-486.3665516450976,426.8075347955147,1.0,CLIENT,7,2,100000,11,26,0,30255,30875,1358,4,366,971,27103.23200000001,99,False,False
208,52,36.27945747692934,-438.7054652047422,1.0,CLIENT,7,2,100000,8,8,0,30894,30907,1419,5,370,1034,8339.456,99,False,False
208,53,79.52964253008675,-140.5905052044008,1.0,CLIENT,7,2,100000,11,4,0,30865,30865,1424,6,371,1051,4169.728,99,False,False
208,54,-78.49987977961344,180.4563747957843,1.0,CLIENT,7,2,100000,10,9,0,30878,30878,1419,6,369,1038,9381.888,99,False,False
208,55,-134.0280477690655,-438.2601852042845,1.0,CLIENT,7,2,100000,10,9,0,30870,30886,1420,4,369,1030,9381.888,99,False,False
208,56,-260.6100912031512,110.10213479544205,1.0,CLIENT,7,2,100000,10,3,0,30868,30868,1425,6,371,1042,3127.2960000000003,99,False,False
208,57,277.08634861530567,316.3780947958986,1.0,CLIENT,7,2,100000,10,14,0,30877,30894,1412,7,368,1032,14594.048000000004,99,False,False
208,58,-160.8019718495379,495.15801479537913,1.0,CLIENT,7,2,100000,10,12,0,30806,30906,1408,5,369,1019,12509.184000000003,99,False,False
208,59,9.822384568770444,-428.13006520454934,1.0,CLIENT,7,2,100000,10,8,0,30872,30878,1421,5,370,1041,8339.456,99,False,False
208,60,153.83124249304456,322.612014795979,1.0,CLIENT,7,2,100000,13,16,0,30880,30883,1412,6,368,1036,16678.912000000004,99,False,False
208,61,-318.3562174004864,-142.92822520403547,1.0,CLIENT,7,2,100000,14,11,0,30860,30862,1417,6,369,1036,11466.752000000002,99,False,False
208,62,-267.7392425855522,-146.4904652045334,1.0,CLIENT,7,2,100000,9,8,0,30879,30879,1420,6,370,1031,8339.456,99,False,False
208,63,486.20812249869175,280.1990947954886,1.0,CLIENT,7,2,100000,14,16,0,30670,30880,1388,8,368,1008,16678.912000000004,99,False,False
208,64,-215.77565028673777,40.63845479522428,1.0,CLIENT,7,2,100000,10,12,0,30886,30886,1416,6,369,1038,12509.184000000003,99,False,False
208,65,-410.8767597852606,401.64921479575526,1.0,CLIENT,7,2,100000,14,21,0,30621,30896,1382,6,367,999,21891.072000000007,99,False,False
208,66,128.2455103100142,495.7146147955558,1.0,CLIENT,7,2,100000,14,20,0,30814,30889,1405,6,367,1035,20848.640000000007,99,False,False
208,67,-46.9731881104985,-346.8664652040664,1.0,CLIENT,7,2,100000,12,5,0,30892,30893,1424,5,370,1045,5212.16,99,False,False
208,68,-309.88044853476805,245.8012147953275,1.0,CLIENT,7,2,100000,10,4,0,30856,30871,1423,5,371,1042,4169.728,99,False,False
208,69,226.94465055912315,51.32517479592707,1.0,CLIENT,7,2,100000,11,19,0,30885,30885,1409,6,367,1036,19806.208000000006,99,False,False
208,70,-194.15055776015907,403.09637479526543,1.0,CLIENT,7,2,100000,11,16,0,30861,30890,1407,6,368,1029,16678.912000000004,99,False,False
208,71,391.3111963201591,-132.90942520401927,1.0,CLIENT,7,2,100000,8,12,0,30896,30906,1415,7,369,1035,12509.184000000003,99,False,False
208,72,-385.29102760166734,-299.22150520413,1.0,CLIENT,7,2,100000,9,7,0,30864,30926,1418,6,369,1027,7297.023999999999,99,False,False
208,73,-493.2580646481227,-98.06626520419144,1.0,CLIENT,7,2,100000,16,22,0,30850,30903,1403,6,366,1021,22933.504000000008,99,False,False
208,74,-338.00099009855785,56.33457479593517,1.0,CLIENT,7,2,100000,12,11,0,30868,30868,1417,6,369,1030,11466.752000000002,99,False,False
208,75,-14.337517338004856,466.8827347955795,1.0,CLIENT,7,2,100000,12,16,0,30857,30880,1410,6,368,1032,16678.912000000004,99,False,False
208,76,-25.18966999804446,486.14109479599733,1.0,CLIENT,7,2,100000,14,12,0,30840,30872,1415,4,369,1042,12509.184000000003,99,False,False
208,77,436.3832756153855,-277.6254252040775,1.0,CLIENT,7,2,100000,13,15,0,30791,30889,1400,6,368,1014,15636.480000000005,99,False,False
208,78,-248.33210826685658,206.50525479566824,1.0,CLIENT,7,2,100000,14,8,0,30867,30869,1419,7,370,1042,8339.456,99,False,False
208,79,92.99581736382345,-500.3767452040685,1.0,CLIENT,7,2,100000,14,27,0,30818,30885,1396,6,365,1009,28145.66400000001,99,False,False
208,80,-316.7719615377932,1.8990947957416893,1.0,CLIENT,7,2,100000,9,12,0,30886,30886,1417,5,369,1046,12509.184000000003,99,False,False
208,81,-414.8373994417122,-46.07982520414254,1.0,CLIENT,7,2,100000,15,16,0,30861,30868,1412,5,368,1029,16678.912000000004,99,False,False
208,82,-332.3768817859125,-343.1929052046405,1.0,CLIENT,7,2,100000,11,11,0,30842,30880,1414,8,369,1029,11466.752000000002,99,False,False
208,83,307.1872100076027,362.9098547954817,1.0,CLIENT,7,2,100000,15,19,0,30831,30878,1406,8,367,1029,19806.208000000006,99,False,False
208,84,-13.070112647625137,121.67941479547835,1.0,CLIENT,7,2,100000,11,4,0,30863,30863,1423,7,371,1050,4169.728,99,False,False
208,85,386.7960671108924,219.08441479554796,1.0,CLIENT,7,2,100000,12,12,0,30856,30883,1413,8,369,1036,12509.184000000003,99,False,False
208,86,-43.567038005736194,-434.2526652041198,1.0,CLIENT,7,2,100000,13,12,0,30873,30879,1415,6,369,1045,12509.184000000003,99,False,False
208,87,421.17441933308027,291.8876947952438,1.0,CLIENT,7,2,100000,15,20,0,30782,30883,1401,9,367,1029,20848.640000000007,99,False,False
208,88,-435.4327256578499,-413.6584652047017,1.0,CLIENT,7,2,100000,10,16,0,30537,30901,1392,7,367,1015,16678.912000000004,99,False,False
208,89,-99.25363158162644,-355.54942520429137,1.0,CLIENT,7,2,100000,10,8,0,30894,30898,1420,5,370,1046,8339.456,99,False,False
208,90,144.80098407563688,325.3950147952804,1.0,CLIENT,7,2,100000,15,17,0,30870,30871,1411,6,367,1040,17721.344000000005,99,False,False
208,91,259.73874691861784,-317.7006252041423,1.0,CLIENT,7,2,100000,13,16,0,30854,30872,1412,4,368,1035,16678.912000000004,99,False,False
208,92,-411.9857388892021,297.8989747958863,1.0,CLIENT,7,2,100000,10,14,0,30792,30881,1408,7,368,1032,14594.048000000004,99,False,False
208,93,82.06445191084619,-461.30342520463813,1.0,CLIENT,7,2,100000,15,8,0,30839,30866,1421,5,370,1040,8339.456,99,False,False
208,94,72.00442718187178,311.14605479566166,1.0,CLIENT,7,2,100000,13,20,0,30863,30864,1407,7,367,1032,20848.640000000007,99,False,False
208,95,407.8666700857817,225.4296547953473,1.0,CLIENT,7,2,100000,11,8,0,30855,30894,1415,8,370,1035,8339.456,99,False,False
208,96,446.36408755085944,-55.653345204491984,1.0,CLIENT,7,2,100000,15,16,0,30853,30876,1408,7,368,1032,16678.912000000004,99,False,False
208,97,-321.12866516005886,71.25145479544955,1.0,CLIENT,7,2,100000,13,12,0,30892,30892,1416,6,369,1045,12509.184000000003,99,False,False
208,98,411.3520329840445,-460.8581452041804,1.0,CLIENT,7,2,100000,14,25,0,30470,30886,1362,5,366,981,26060.80000000001,99,False,False
208,99,-378.3203018057046,-253.80294520410928,1.0,CLIENT,7,2,100000,14,17,0,30834,30865,1409,6,367,1035,17721.344000000005,99,False,False

209,0,-245.87651167959766,-166.08278520410806,1.0,CLIENT,7,2,100000,13,8,0,30818,30818,1417,8,365,1034,8339.456,99,False,False
209,1,-159.13850319334415,19.598974795348454,1.0,CLIENT,7,2,100000,14,8,0,30812,30812,1417,8,365,1043,8339.456,99,False,False
209,2,-73.11340984634388,155.74333479569162,1.0,CLIENT,7,2,100000,10,4,0,30837,30837,1420,9,366,1049,4169.728,99,False,False
209,3,395.19262318367305,132.58877479561903,1.0,CLIENT,7,2,100000,12,20,0,30837,30847,1405,8,362,1030,20848.640000000007,99,False,False
209,4,-65.90504567044242,187.69217479570813,1.0,CLIENT,7,2,100000,15,24,0,30809,30809,1400,9,361,1029,25018.36800000001,99,False,False
209,5,-350.6750370006665,-336.5137052041024,1.0,CLIENT,7,2,100000,9,13,0,30782,30862,1404,6,364,1018,13551.616000000004,99,False,False
209,6,-9.901600922238678,-284.8612252040013,1.0,CLIENT,7,2,100000,12,10,0,30835,30835,1414,9,364,1042,10424.320000000002,99,False,False
209,7,323.6634709802877,303.4649747952801,1.0,CLIENT,7,2,100000,17,27,0,30801,30833,1396,8,360,1026,28145.66400000001,99,False,False
209,8,373.4883178641567,205.169414795877,1.0,CLIENT,7,2,100000,9,13,0,30828,30851,1411,6,364,1029,13551.616000000004,99,False,False
209,9,438.2843826503923,-385.494505204621,1.0,CLIENT,7,2,100000,15,24,0,30658,30866,1388,11,361,1000,25018.36800000001,99,False,False
209,10,-387.42977301605,141.71701479551075,1.0,CLIENT,7,2,100000,12,16,0,30805,30833,1407,8,363,1023,16678.912000000004,99,False,False
209,11,-223.22165284201506,236.1163747952591,1.0,CLIENT,7,2,100000,14,8,0,30802,30808,1415,10,365,1041,8339.456,99,False,False
209,12,-271.62066944906616,313.2611347958584,1.0,CLIENT,7,2,100000,15,14,0,30774,30813,1410,9,363,1038,14594.048000000004,99,False,False
209,13,-232.96482639811313,-255.69538520407718,1.0,CLIENT,7,2,100000,15,12,0,30822,30825,1413,8,364,1044,12509.184000000003,99,False,False
209,14,46.33948220534091,-431.24702520458953,1.0,CLIENT,7,2,100000,14,10,0,30826,30830,1415,8,364,1028,10424.320000000002,99,False,False
209,15,-177.51587120159874,283.4273747952477,1.0,CLIENT,7,2,100000,8,7,0,30831,30835,1417,9,365,1042,7297.023999999999,99,False,False
209,16,167.1389917403431,-362.3399452045484,1.0,CLIENT,7,2,100000,15,18,0,30816,30818,1405,9,362,1026,18763.776000000005,99,False,False
209,17,-53.94391390702412,411.2227347953137,1.0,CLIENT,7,2,100000,12,8,0,30805,30819,1418,7,365,1040,8339.456,99,False,False
209,18,-436.06642800303973,-415.32826520444075,1.0,CLIENT,7,2,100000,15,20,0,30408,30799,1373,2,362,988,20848.640000000007,99,False,False
209,19,-259.58032489214736,-398.2963052047296,1.0,CLIENT,7,2,100000,13,12,0,30768,30831,1411,6,364,1020,12509.184000000003,99,False,False
209,20,116.44280413247122,225.2070147959094,1.0,CLIENT,7,2,100000,9,6,0,30831,30831,1419,8,365,1041,6254.592,99,False,False
209,21,-92.441331371539,271.1821747953158,1.0,CLIENT,7,2,100000,15,16,0,30819,30819,1408,9,363,1031,16678.912000000004,99,False,False
209,22,-298.0777423572251,409.10765479590793,1.0,CLIENT,7,2,100000,9,10,0,30657,30831,1402,9,364,1021,10424.320000000002,99,False,False
209,23,95.68905233045822,360.01553479567036,1.0,CLIENT,7,2,100000,14,4,0,30811,30813,1422,7,366,1046,4169.728,99,False,False
209,24,-257.52079227070243,-247.90298520476767,1.0,CLIENT,7,2,100000,10,12,0,30831,30836,1415,6,364,1045,12509.184000000003,99,False,False
209,25,-178.70406309847795,-30.495025204732542,1.0,CLIENT,7,2,100000,11,8,0,30819,30819,1417,8,365,1043,8339.456,99,False,False
209,26,-96.08511985623997,15.25749479523597,1.0,CLIENT,7,2,100000,12,12,0,30815,30815,1412,9,364,1041,12509.184000000003,99,False,False
209,27,-111.69004010435927,-471.2109052041444,1.0,CLIENT,7,2,100000,11,8,0,30802,30844,1416,7,365,1034,8339.456,99,False,False
209,28,-171.17884775026297,143.72077479598858,1.0,CLIENT,7,2,100000,17,24,0,30821,30821,1401,8,361,1032,25018.36800000001,99,False,False
209,29,245.71808253319173,-272.9499852040172,1.0,CLIENT,7,2,100000,12,16,0,30838,30838,1406,11,363,1019,16678.912000000004,99,False,False
209,30,127.92865913713786,47.317654795762394,1.0,CLIENT,7,2,100000,10,12,0,30814,30814,1413,8,364,1036,12509.184000000003,99,False,False
209,31,-361.1311256948921,95.96449479554224,1.0,CLIENT,7,2,100000,15,21,0,30811,30817,1403,8,361,1031,21891.072000000007,99,False,False
209,32,343.7835204376737,499.61081479600153,1.0,CLIENT,7,2,100000,12,25,0,30359,30868,1366,7,360,988,26060.80000000001,99,False,False
209,33,-445.3343247998233,147.95093479559114,1.0,CLIENT,7,2,100000,11,14,0,30756,30847,1404,8,363,1019,14594.048000000004,99,False,False
209,34,291.0278002077941,-324.0458652047326,1.0,CLIENT,7,2,100000,11,8,0,30819,30824,1414,11,365,1032,8339.456,99,False,False
209,35,-346.31833337783803,230.99565479553206,1.0,CLIENT,7,2,100000,9,8,0,30792,30834,1414,9,365,1028,8339.456,99,False,False
209,36,43.963098411582486,300.5706547954688,1.0,CLIENT,7,2,100000,7,5,0,30854,30854,1420,8,365,1045,5212.16,99,False,False
209,37,-264.9667948254169,464.21105479599703,1.0,CLIENT,7,2,100000,14,15,0,30593,30826,1400,9,363,1020,15636.480000000005,99,False,False
209,38,-379.270855323208,-362.5625852039863,1.0,CLIENT,7,2,100000,14,20,0,30721,30857,1396,7,362,1012,20848.640000000007,99,False,False
209,39,385.52866242107547,320.16297479583443,1.0,CLIENT,7,2,100000,16,21,0,30715,30830,1397,9,361,1030,21891.072000000007,99,False,False
209,40,460.0679007634092,-472.7693852041645,1.0,CLIENT,7,2,100000,12,25,0,30270,30890,1360,10,360,974,26060.80000000001,99,False,False
209,41,-0.9505552977686537,-11.90458520421032,1.0,CLIENT,7,2,100000,12,12,0,30806,30806,1410,11,364,1030,12509.184000000003,99,False,False
209,42,-426.08561606756587,293.89145479572164,1.0,CLIENT,7,2,100000,17,20,0,30603,30826,1387,9,362,1009,20848.640000000007,99,False,False
209,43,307.9001251462931,8.800934795717694,1.0,CLIENT,7,2,100000,15,14,0,30818,30818,1413,6,363,1025,14594.048000000004,99,False,False
209,44,426.24403809347353,-3.889545204671947,1.0,CLIENT,7,2,100000,14,14,0,30819,30824,1412,6,363,1037,14594.048000000004,99,False,False
209,45,-211.97343621616145,64.2382947957546,1.0,CLIENT,7,2,100000,17,24,0,30804,30804,1400,9,361,1034,25018.36800000001,99,False,False
209,46,389.8853660433412,401.98317479570306,1.0,CLIENT,7,2,100000,12,12,0,30566,30839,1400,7,364,1019,12509.184000000003,99,False,False
209,47,69.86568176748919,157.19049479599278,1.0,CLIENT,7,2,100000,15,16,0,30810,30810,1408,9,363,1032,16678.912000000004,99,False,False
209,48,-24.397542066416428,-176.21290520463418,1.0,CLIENT,7,2,100000,11,11,0,30811,30811,1413,9,364,1046,11466.752000000002,99,False,False
209,49,283.42337206664143,35.96301479595496,1.0,CLIENT,7,2,100000,15,21,0,30830,30830,1406,6,361,1024,21891.072000000007,99,False,False
209,50,156.12841349442814,-311.8006652040097,1.0,CLIENT,7,2,100000,12,19,0,30835,30835,1403,11,362,1032,19806.208000000006,99,False,False
209,51,-376.1815563907592,191.9223347953107,1.0,CLIENT,7,2,100000,11,20,0,30797,30853,1397,8,362,1011,20848.640000000007,99,False,False
209,52,-412.54022844089155,-446.3865452043328,1.0,CLIENT,7,2,100000,8,16,0,30456,30863,1378,3,364,1000,16678.912000000004,99,False,False
209,53,-217.35990614999383,210.7354147952708,1.0,CLIENT,7,2,100000,11,13,0,30849,30853,1410,9,364,1030,13551.616000000004,99,False,False
209,54,-262.11513427234394,46.872374795304665,1.0,CLIENT,7,2,100000,10,11,0,30835,30835,1413,9,364,1042,11466.752000000002,99,False,False
209,55,83.96555894585292,-338.29482520435135,1.0,CLIENT,7,2,100000,10,10,0,30831,30832,1416,7,364,1039,10424.320000000002,99,False,False
209,56,-400.49988388397264,309.3649347954127,1.0,CLIENT,7,2,100000,10,9,0,30670,30856,1395,10,364,1013,9381.888,99,False,False
209,57,-366.5175956281616,-233.32006520441013,1.0,CLIENT,7,2,100000,10,16,0,30817,30842,1408,7,363,1038,16678.912000000004,99,False,False
209,58,-174.1889338897741,-422.1187852046978,1.0,CLIENT,7,2,100000,11,14,0,30817,30854,1404,9,364,1021,14594.048000000004,99,False,False
209,59,359.9429302374823,-270.1669852047158,1.0,CLIENT,7,2,100000,10,8,0,30842,30848,1414,11,365,1034,8339.456,99,False,False
209,60,-284.21550355767437,464.322374795716,1.0,CLIENT,7,2,100000,13,17,0,30573,30832,1385,8,362,1008,17721.344000000005,99,False,False
209,61,-301.24625408261153,-157.84510520434083,1.0,CLIENT,7,2,100000,14,12,0,30814,30817,1414,7,364,1039,12509.184000000003,99,False,False
209,62,-196.13087758866632,-489.57870520443777,1.0,CLIENT,7,2,100000,9,9,0,30716,30837,1405,8,365,1017,9381.888,99,False,False
209,63,69.46961780167517,7.019814795468733,1.0,CLIENT,7,2,100000,14,8,0,30796,30796,1415,10,365,1043,8339.456,99,False,False
209,64,-461.41452180669427,-370.3549852040868,1.0,CLIENT,7,2,100000,10,15,0,30510,30837,1381,5,363,998,15636.480000000005,99,False,False
209,65,-35.24969472645603,-430.35646520446505,1.0,CLIENT,7,2,100000,14,12,0,30813,30819,1413,8,364,1036,12509.184000000003,99,False,False
209,66,101.39237343604128,-15.466825204708243,1.0,CLIENT,7,2,100000,15,16,0,30801,30801,1407,10,362,1019,16678.912000000004,99,False,False
209,67,-464.34539515326776,9.46885479561331,1.0,CLIENT,7,2,100000,11,8,0,30806,30839,1417,7,365,1047,8339.456,99,False,False
209,68,-151.77171343156738,-53.87222520424302,1.0,CLIENT,7,2,100000,10,4,0,30827,30827,1419,10,366,1049,4169.728,99,False,False
209,69,-43.80467638511204,63.45905479534906,1.0,CLIENT,7,2,100000,11,12,0,30813,30813,1411,10,364,1041,12509.184000000003,99,False,False
209,70,456.5825378657092,-456.405345204349,1.0,CLIENT,7,2,100000,11,18,0,30391,30863,1377,11,363,988,18763.776000000005,99,False,False
209,71,132.60221393227988,3.123614795813978,1.0,CLIENT,7,2,100000,8,12,0,30834,30834,1409,12,364,1029,12509.184000000003,99,False,False
209,72,-177.91193516741276,-177.54874520442542,1.0,CLIENT,7,2,100000,9,8,0,30841,30842,1417,8,365,1045,8339.456,99,False,False
209,73,-491.6738087854295,-99.95870520415934,1.0,CLIENT,7,2,100000,16,17,0,30744,30820,1404,7,362,1034,17721.344000000005,99,False,False
209,74,-354.7941022435563,18.819734795733893,1.0,CLIENT,7,2,100000,12,16,0,30829,30833,1409,7,363,1036,16678.912000000004,99,False,False
209,75,-172.84231640645672,-291.31778520431055,1.0,CLIENT,7,2,100000,12,16,0,30834,30837,1410,7,363,1042,16678.912000000004,99,False,False
209,76,481.4553549106121,-437.25830520444106,1.0,CLIENT,7,2,100000,14,16,0,30315,30826,1386,11,362,1001,16678.912000000004,99,False,False
209,77,218.38966890046714,-280.07446520422207,1.0,CLIENT,7,2,100000,13,12,0,30814,30814,1411,10,364,1044,12509.184000000003,99,False,False
209,78,-488.90136102585706,-41.404385204082246,1.0,CLIENT,7,2,100000,14,11,0,30735,30810,1407,5,365,1029,11466.752000000002,99,False,False
209,79,471.71218135451403,259.7162147957894,1.0,CLIENT,7,2,100000,14,28,0,30643,30836,1386,7,360,1007,29188.096000000012,99,False,False
209,80,-451.1960714924073,-424.7904652042803,1.0,CLIENT,7,2,100000,9,16,0,30391,30839,1373,4,363,997,16678.912000000004,99,False,False
209,81,-198.74489976236342,-409.98490520448485,1.0,CLIENT,7,2,100000,15,16,0,30809,30843,1406,8,363,1030,16678.912000000004,99,False,False
209,82,479.31660949622943,472.00345479530654,1.0,CLIENT,7,2,100000,12,25,0,29841,30814,1342,3,362,951,26060.80000000001,99,False,False
209,83,466.1672858353691,-363.119185204163,1.0,CLIENT,7,2,100000,15,20,0,30652,30847,1392,9,362,1015,20848.640000000007,99,False,False
209,84,-78.42066698611292,486.2524147957163,1.0,CLIENT,7,2,100000,11,18,0,30792,30852,1399,7,363,1011,18763.776000000005,99,False,False
209,85,-158.02952408940263,300.0140547952921,1.0,CLIENT,7,2,100000,12,12,0,30825,30828,1413,8,364,1029,12509.184000000003,99,False,False
209,86,-187.7343215164485,-425.68102520440476,1.0,CLIENT,7,2,100000,13,17,0,30796,30844,1402,7,362,1026,17721.344000000005,99,False,False
209,87,40.3193099268815,459.20165479598893,1.0,CLIENT,7,2,100000,15,20,0,30809,30837,1406,7,362,1027,20848.640000000007,99,False,False
209,88,-166.18844178280744,417.4566547953941,1.0,CLIENT,7,2,100000,10,12,0,30780,30842,1405,8,364,1022,12509.184000000003,99,False,False
209,89,334.35719805388914,-241.66906520468729,1.0,CLIENT,7,2,100000,10,5,0,30875,30875,1417,11,365,1043,5212.16,99,False,False
209,90,228.6081192153169,-256.58594520420166,1.0,CLIENT,7,2,100000,15,18,0,30826,30826,1405,10,362,1037,18763.776000000005,99,False,False
209,91,-31.051416690065693,328.62329479583053,1.0,CLIENT,7,2,100000,13,13,0,30822,30822,1414,6,363,1044,13551.616000000004,99,False,False
209,92,-141.07798635796593,-333.0627852041144,1.0,CLIENT,7,2,100000,10,16,0,30833,30839,1407,9,363,1032,16678.912000000004,99,False,False
209,93,-272.1751590007555,216.19009479573663,1.0,CLIENT,7,2,100000,15,8,0,30795,30807,1416,8,365,1040,8339.456,99,False,False
209,94,489.2974214311405,308.58569479579813,1.0,CLIENT,7,2,100000,13,24,0,30523,30860,1387,7,361,1011,25018.36800000001,99,False,False
209,95,-233.99459270855417,452.5224547954508,1.0,CLIENT,7,2,100000,11,9,0,30685,30838,1403,9,365,1016,9381.888,99,False,False
209,96,-141.87011428959397,446.62249479531823,1.0,CLIENT,7,2,100000,15,17,0,30767,30833,1404,7,363,1016,17721.344000000005,99,False,False
209,97,-67.09323756788447,301.6838547958221,1.0,CLIENT,7,2,100000,13,12,0,30822,30823,1413,8,364,1039,12509.184000000003,99,False,False
209,98,-136.16679318344808,-240.1105852046672,1.0,CLIENT,7,2,100000,13,13,0,30814,30814,1412,8,363,1040,13551.616000000004,99,False,False
209,99,455.86962272701885,-323.60058520427486,1.0,CLIENT,7,2,100000,14,30,0,30751,30857,1387,11,360,1004,31272.960000000014,99,False,False

210,0,-452.938752940976,-37.39686520470855,1.0,CLIENT,7,2,100000,13,12,0,30608,30623,1412,3,363,1042,12509.184000000003,99,False,False
210,1,184.8034446099073,-404.97550520447675,1.0,CLIENT,7,2,100000,14,14,0,30565,30615,1405,4,362,1032,14594.048000000004,99,False,False
210,2,-104.64010151489597,-478.3353852043493,1.0,CLIENT,7,2,100000,10,4,0,30593,30633,1418,3,365,1030,4169.728,99,False,False
210,3,-94.89692795879792,111.88325479569102,1.0,CLIENT,7,2,100000,12,14,0,30599,30599,1410,4,362,1040,14594.048000000004,99,False,False
210,4,-32.001970207569066,-300.4460252042023,1.0,CLIENT,7,2,100000,15,24,0,30602,30603,1401,3,360,1036,25018.36800000001,99,False,False
210,5,153.2767529413552,-270.7235852041015,1.0,CLIENT,7,2,100000,9,12,0,30640,30641,1412,4,363,1031,12509.184000000003,99,False,False
210,6,285.562117481024,411.8906547960003,1.0,CLIENT,7,2,100000,13,11,0,30513,30615,1407,5,363,1043,11466.752000000002,99,False,False
210,7,-28.595820102806762,-336.8476652040502,1.0,CLIENT,7,2,100000,17,20,0,30589,30589,1405,3,361,1028,20848.640000000007,99,False,False
210,8,-174.10972109683644,133.25669479551465,1.0,CLIENT,7,2,100000,9,12,0,30634,30634,1412,4,363,1046,12509.184000000003,99,False,False
210,9,411.5896713634204,-135.69242520411166,1.0,CLIENT,7,2,100000,15,20,0,30588,30619,1404,3,361,1033,20848.640000000007,99,False,False
210,10,-249.67872575017398,270.5142547954202,1.0,CLIENT,7,2,100000,12,16,0,30618,30624,1407,4,362,1026,16678.912000000004,99,False,False
210,11,-249.28266178435996,378.6059747954016,1.0,CLIENT,7,2,100000,14,11,0,30589,30613,1409,4,363,1035,11466.752000000002,99,False,False
210,12,127.13653120607266,142.4962547959163,1.0,CLIENT,7,2,100000,15,17,0,30601,30601,1406,5,361,1029,17721.344000000005,99,False,False
210,13,-185.0410865498137,386.0644147955543,1.0,CLIENT,7,2,100000,15,12,0,30598,30610,1412,4,363,1047,12509.184000000003,99,False,False
210,14,428.85806026717063,326.17425479568595,1.0,CLIENT,7,2,100000,14,12,0,30468,30634,1400,4,363,1035,12509.184000000003,99,False,False
210,15,18.535791814427466,161.19801479536648,1.0,CLIENT,7,2,100000,9,8,0,30616,30616,1416,4,364,1040,8339.456,99,False,False
210,16,323.58425818735003,-54.09486520447189,1.0,CLIENT,7,2,100000,15,12,0,30577,30577,1413,3,363,1040,12509.184000000003,99,False,False
210,17,-99.49126996100227,-123.44722520417974,1.0,CLIENT,7,2,100000,12,8,0,30605,30605,1415,5,364,1043,8339.456,99,False,False
210,18,437.17540354645075,233.8899747953434,1.0,CLIENT,7,2,100000,15,23,0,30560,30624,1397,4,360,1017,23975.93600000001,99,False,False
210,19,227.26150173199952,-282.9687852040334,1.0,CLIENT,7,2,100000,13,12,0,30590,30609,1411,4,363,1042,12509.184000000003,99,False,False
210,20,-91.88684181984964,47.6516147957102,1.0,CLIENT,7,2,100000,9,4,0,30608,30608,1421,3,365,1039,4169.728,99,False,False
210,21,-125.07700214459547,53.106294795385054,1.0,CLIENT,7,2,100000,15,12,0,30591,30591,1411,5,363,1037,12509.184000000003,99,False,False
210,22,-461.889798565446,-258.5897052046795,1.0,CLIENT,7,2,100000,9,13,0,30457,30633,1400,4,363,1026,13551.616000000004,99,False,False
210,23,-218.07282128812136,264.6142947952876,1.0,CLIENT,7,2,100000,14,4,0,30607,30608,1420,4,365,1036,4169.728,99,False,False
210,24,-245.63887329965897,-377.47946520429167,1.0,CLIENT,7,2,100000,10,12,0,30582,30632,1408,4,363,1039,12509.184000000003,99,False,False
210,25,-493.0204262687469,82.16081479559023,1.0,CLIENT,7,2,100000,11,13,0,30604,30648,1409,3,363,1019,13551.616000000004,99,False,False
210,26,99.2536280216587,-483.56742520458624,1.0,CLIENT,7,2,100000,12,19,0,30529,30614,1401,2,361,1034,19806.208000000006,99,False,False
210,27,-474.48463267461693,467.43933479575617,1.0,CLIENT,7,2,100000,12,16,0,30178,30592,1378,3,363,987,16678.912000000004,99,False,False
210,28,472.6627348725802,286.09905479562116,1.0,CLIENT,7,2,100000,17,23,0,30417,30589,1391,5,360,1012,23975.93600000001,99,False,False
210,29,-53.46863714770959,3.6802147959906506,1.0,CLIENT,7,2,100000,12,8,0,30597,30597,1414,6,364,1047,8339.456,99,False,False
210,30,-434.2445337604079,347.5476947955096,1.0,CLIENT,7,2,100000,10,24,0,30485,30630,1392,2,360,1010,25018.36800000001,99,False,False
210,31,223.14243648854685,-66.89666520458047,1.0,CLIENT,7,2,100000,15,23,0,30602,30602,1402,3,359,1023,23975.93600000001,99,False,False
210,32,376.7360423824808,454.3035747956998,1.0,CLIENT,7,2,100000,12,17,0,30303,30625,1384,4,361,1011,17721.344000000005,99,False,False
210,33,-211.02288269865807,-65.33818520456038,1.0,CLIENT,7,2,100000,11,8,0,30607,30607,1415,5,364,1040,8339.456,99,False,False
210,34,222.9840109026715,119.3416947958437,1.0,CLIENT,7,2,100000,11,12,0,30615,30615,1412,4,363,1043,12509.184000000003,99,False,False
210,35,372.9338283119045,-131.1283052045613,1.0,CLIENT,7,2,100000,9,12,0,30616,30641,1412,3,363,1029,12509.184000000003,99,False,False
210,36,-71.7667923630265,-24.149785204142233,1.0,CLIENT,7,2,100000,8,4,0,30628,30628,1419,5,365,1045,4169.728,99,False,False
210,37,-26.298649101986005,-102.51906520402287,1.0,CLIENT,7,2,100000,14,12,0,30597,30597,1412,4,363,1038,12509.184000000003,99,False,False
210,38,-203.10160338519194,224.31645479578492,1.0,CLIENT,7,2,100000,14,16,0,30601,30602,1408,4,362,1044,16678.912000000004,99,False,False
210,39,-37.705291313714966,426.250934795338,1.0,CLIENT,7,2,100000,17,20,0,30586,30599,1404,3,361,1031,20848.640000000007,99,False,False
210,40,-483.1188271267735,124.01713479590398,1.0,CLIENT,7,2,100000,12,16,0,30593,30636,1406,3,362,1031,16678.912000000004,99,False,False
210,41,279.7795835819404,134.9264947952537,1.0,CLIENT,7,2,100000,12,16,0,30622,30622,1407,5,362,1044,16678.912000000004,99,False,False
210,42,-262.11513427234394,-342.07970520428717,1.0,CLIENT,7,2,100000,17,21,0,30592,30621,1399,4,360,1029,21891.072000000007,99,False,False
210,43,-385.5286659810433,-131.90754520417585,1.0,CLIENT,7,2,100000,15,17,0,30605,30612,1407,4,361,1022,17721.344000000005,99,False,False
210,44,-264.5707308596029,-99.40210520477365,1.0,CLIENT,7,2,100000,14,12,0,30604,30606,1411,5,363,1040,12509.184000000003,99,False,False
210,45,201.75498234134398,-20.69886520415423,1.0,CLIENT,7,2,100000,17,16,0,30567,30567,1409,3,362,1044,16678.912000000004,99,False,False
210,46,379.19163896973976,261.94261479570514,1.0,CLIENT,7,2,100000,12,12,0,30575,30623,1410,5,363,1034,12509.184000000003,99,False,False
210,47,-460.7016066685668,376.26825479576695,1.0,CLIENT,7,2,100000,15,31,0,30399,30625,1380,2,358,994,32315.392000000014,99,False,False
210,48,-110.1057842411032,-410.7641452040994,1.0,CLIENT,7,2,100000,11,16,0,30607,30615,1407,4,362,1032,16678.912000000004,99,False,False
210,49,-499.04059854720634,273.4085747952315,1.0,CLIENT,7,2,100000,16,26,0,30492,30630,1389,3,359,1000,27103.23200000001,99,False,False
210,50,31.685115475287827,230.2164147959175,1.0,CLIENT,7,2,100000,12,12,0,30592,30592,1413,3,363,1039,12509.184000000003,99,False,False
210,51,179.57540026307592,-395.5133052046372,1.0,CLIENT,7,2,100000,11,20,0,30591,30627,1404,3,361,1023,20848.640000000007,99,False,False
210,52,-46.10184738593279,-42.96286520410234,1.0,CLIENT,7,2,100000,8,3,0,30616,30616,1419,6,365,1045,3127.2960000000003,99,False,False
210,53,473.29643721777006,-11.01402520408584,1.0,CLIENT,7,2,100000,11,12,0,30576,30631,1411,3,363,1030,12509.184000000003,99,False,False
210,54,483.19803635974347,-458.52042520454575,1.0,CLIENT,7,2,100000,10,17,0,29748,30538,1341,2,359,960,17721.344000000005,99,False,False
210,55,-196.76457993385617,-479.22594520447376,1.0,CLIENT,7,2,100000,10,11,0,30536,30648,1406,4,362,1031,11466.752000000002,99,False,False
210,56,342.27847736791813,166.09609479565563,1.0,CLIENT,7,2,100000,10,8,0,30622,30630,1414,5,364,1047,8339.456,99,False,False
210,57,-145.51390277373213,211.62597479539528,1.0,CLIENT,7,2,100000,11,13,0,30621,30621,1411,4,362,1041,13551.616000000004,99,False,False
210,58,201.2797055825923,-145.93386520435672,1.0,CLIENT,7,2,100000,11,12,0,30620,30620,1412,4,363,1032,12509.184000000003,99,False,False
210,59,-445.809601558575,-360.78146520452833,1.0,CLIENT,7,2,100000,10,8,0,30276,30629,1400,3,363,1031,8339.456,99,False,False
210,60,-283.26495004017096,-153.3923052045094,1.0,CLIENT,7,2,100000,13,12,0,30601,30602,1412,4,363,1039,12509.184000000003,99,False,False
210,61,206.74538830936234,390.1832547954379,1.0,CLIENT,7,2,100000,14,12,0,30576,30606,1409,4,363,1035,12509.184000000003,99,False,False
210,62,156.12841349442814,-379.26058520454063,1.0,CLIENT,7,2,100000,9,12,0,30595,30617,1412,4,364,1022,12509.184000000003,99,False,False
210,63,-490.3271913021121,468.1072547956518,1.0,CLIENT,7,2,100000,14,22,0,30106,30620,1369,2,360,990,22933.504000000008,99,False,False
210,64,-399.62854315940695,260.8294147953518,1.0,CLIENT,7,2,100000,10,12,0,30598,30631,1412,2,363,1024,12509.184000000003,99,False,False
210,65,-198.26962300361174,-259.8142252047518,1.0,CLIENT,7,2,100000,14,16,0,30617,30618,1408,4,362,1038,16678.912000000004,99,False,False
210,66,274.63075202804674,-494.58810520444587,1.0,CLIENT,7,2,100000,15,24,0,30297,30623,1373,4,359,992,25018.36800000001,99,False,False
210,67,-311.939981156213,-282.6348252040856,1.0,CLIENT,7,2,100000,12,8,0,30596,30621,1415,4,364,1037,8339.456,99,False,False
210,68,-408.8172271632528,-37.730825204656355,1.0,CLIENT,7,2,100000,10,8,0,30631,30636,1417,3,364,1048,8339.456,99,False,False
210,69,323.1089814285983,236.1163747952591,1.0,CLIENT,7,2,100000,11,20,0,30616,30626,1403,5,361,1041,20848.640000000007,99,False,False
210,70,-275.34367072670483,172.55265479596488,1.0,CLIENT,7,2,100000,11,8,0,30605,30605,1417,3,364,1041,8339.456,99,False,False
210,71,-89.66888361196655,-285.417825204178,1.0,CLIENT,7,2,100000,8,12,0,30636,30636,1412,4,363,1029,12509.184000000003,99,False,False
210,72,488.98057025882696,401.4265747955264,1.0,CLIENT,7,2,100000,10,15,0,30109,30619,1376,5,362,991,15636.480000000005,99,False,False
210,73,277.95768933987137,-22.479985204403192,1.0,CLIENT,7,2,100000,16,16,0,30604,30604,1409,3,362,1024,16678.912000000004,99,False,False
210,74,172.12939770836147,77.26273479530107,1.0,CLIENT,7,2,100000,12,16,0,30614,30614,1407,5,362,1043,16678.912000000004,99,False,False
210,75,430.2046777504879,286.5443347952879,1.0,CLIENT,7,2,100000,12,20,0,30555,30655,1397,4,361,1027,20848.640000000007,99,False,False
210,76,-211.26052107803392,-256.9199052041495,1.0,CLIENT,7,2,100000,14,12,0,30612,30615,1412,4,363,1035,12509.184000000003,99,False,False
210,77,-79.1335821248033,227.0994547958773,1.0,CLIENT,7,2,100000,13,12,0,30604,30604,1413,3,363,1033,12509.184000000003,99,False,False
210,78,-140.44428401333892,378.3833347959637,1.0,CLIENT,7,2,100000,14,8,0,30612,30619,1417,3,364,1051,8339.456,99,False,False
210,79,-131.7308767676819,-182.89210520438132,1.0,CLIENT,7,2,100000,14,22,0,30597,30597,1402,4,361,1020,22933.504000000008,99,False,False
210,80,399.78696518587736,309.0309747954649,1.0,CLIENT,7,2,100000,9,12,0,30535,30644,1406,5,363,1020,12509.184000000003,99,False,False
210,81,181.63493288452085,-94.61534520420344,1.0,CLIENT,7,2,100000,15,15,0,30588,30589,1409,4,362,1031,15636.480000000005,99,False,False
210,82,-331.5055410613468,33.959254795477136,1.0,CLIENT,7,2,100000,11,12,0,30621,30623,1413,3,363,1028,12509.184000000003,99,False,False
210,83,-52.35965804376804,-306.7912652040016,1.0,CLIENT,7,2,100000,15,18,0,30611,30611,1407,3,361,1032,18763.776000000005,99,False,False
210,84,384.419683317134,-155.50738520470617,1.0,CLIENT,7,2,100000,11,14,0,30600,30633,1408,3,362,1041,14594.048000000004,99,False,False
210,85,443.1955758249102,121.12281479530168,1.0,CLIENT,7,2,100000,12,12,0,30588,30609,1412,4,363,1034,12509.184000000003,99,False,False
210,86,-311.0686404316473,-473.88258520451785,1.0,CLIENT,7,2,100000,13,19,0,30327,30617,1393,4,361,1011,19806.208000000006,99,False,False
210,87,305.76137973134763,-423.3433052047701,1.0,CLIENT,7,2,100000,15,20,0,30398,30610,1382,4,361,1003,20848.640000000007,99,False,False
210,88,-76.361134364668,-334.7325852046444,1.0,CLIENT,7,2,100000,10,12,0,30624,30624,1412,4,363,1033,12509.184000000003,99,False,False
210,89,-462.9987776693875,-272.17074520440264,1.0,CLIENT,7,2,100000,10,7,0,30446,30637,1406,4,364,1025,7297.023999999999,99,False,False
210,90,-127.13653476604038,469.7770547953908,1.0,CLIENT,7,2,100000,15,23,0,30583,30626,1397,3,360,1015,23975.93600000001,99,False,False
210,91,-468.14760922384403,-463.0845452040961,1.0,CLIENT,7,2,100000,13,22,0,29679,30559,1340,3,360,959,22933.504000000008,99,False,False
210,92,-83.25264736769311,-209.94286520410867,1.0,CLIENT,7,2,100000,10,14,0,30616,30616,1410,4,362,1041,14594.048000000004,99,False,False
210,93,90.06494401725,-293.4328652045073,1.0,CLIENT,7,2,100000,16,8,0,30588,30589,1417,3,364,1036,8339.456,99,False,False
210,94,166.3468638092779,176.78281479556745,1.0,CLIENT,7,2,100000,13,22,0,30610,30610,1401,5,360,1037,22933.504000000008,99,False,False
210,95,368.6563374825765,488.92409479529874,1.0,CLIENT,7,2,100000,12,10,0,30221,30621,1387,3,363,1003,10424.320000000002,99,False,False
210,96,72.63812952706164,-239.2200252045427,1.0,CLIENT,7,2,100000,15,9,0,30592,30592,1415,4,363,1039,9381.888,99,False,False
210,97,362.00246285892723,388.6247747954178,1.0,CLIENT,7,2,100000,13,20,0,30495,30629,1393,4,362,1005,20848.640000000007,99,False,False
210,98,-168.40639999069055,94.07205479557433,1.0,CLIENT,7,2,100000,13,12,0,30592,30592,1413,3,363,1035,12509.184000000003,99,False,False
210,99,145.98917597251608,-132.1301852044047,1.0,CLIENT,7,2,100000,14,16,0,30589,30589,1408,4,362,1045,16678.912000000004,99,False,False

211,0,-268.61058330955507,337.8628547954412,1.0,CLIENT,7,2,100000,13,16,0,30772,30777,1403,2,363,1023,16678.912000000004,99,False,False
211,1,-23.60541413478839,472.33741479525435,1.0,CLIENT,7,2,100000,14,12,0,30738,30753,1406,2,364,1023,12509.184000000003,99,False,False
211,2,-16.08019878713626,303.7989347952279,1.0,CLIENT,7,2,100000,10,4,0,30756,30757,1415,2,366,1042,4169.728,99,False,False
211,3,-94.26322561360806,250.5879747958977,1.0,CLIENT,7,2,100000,12,16,0,30746,30746,1403,2,363,1035,16678.912000000004,99,False,False
211,4,-161.19803581535191,-461.7487052043049,1.0,CLIENT,7,2,100000,15,24,0,30705,30742,1393,2,361,1009,25018.36800000001,99,False,False
211,5,276.84871023592984,233.22205479544778,1.0,CLIENT,7,2,100000,9,12,0,30784,30784,1406,3,364,1039,12509.184000000003,99,False,False
211,6,402.321774566074,-234.76722520471128,1.0,CLIENT,7,2,100000,13,13,0,30738,30774,1405,2,363,1028,13551.616000000004,99,False,False
211,7,-104.79852710133416,-247.0124252046432,1.0,CLIENT,7,2,100000,17,20,0,30736,30736,1399,2,362,1026,20848.640000000007,99,False,False
211,8,-253.16408864787394,-341.6344252046204,1.0,CLIENT,7,2,100000,10,12,0,30757,30781,1404,2,364,1030,12509.184000000003,99,False,False
211,9,-183.93210744587216,490.59389479582876,1.0,CLIENT,7,2,100000,15,20,0,30704,30760,1395,2,362,1013,20848.640000000007,99,False,False
211,10,-408.1835248186258,-255.58406520435824,1.0,CLIENT,7,2,100000,12,16,0,30721,30755,1401,2,363,1015,16678.912000000004,99,False,False
211,11,-108.36310279253463,176.6714947958485,1.0,CLIENT,7,2,100000,14,8,0,30732,30732,1411,2,365,1027,8339.456,99,False,False
211,12,-474.16778150230346,26.27817479588657,1.0,CLIENT,7,2,100000,15,19,0,30743,30748,1398,3,362,1015,19806.208000000006,99,False,False
211,13,142.82066424712963,-23.259225204017753,1.0,CLIENT,7,2,100000,15,12,0,30726,30726,1406,3,364,1038,12509.184000000003,99,False,False
211,14,-346.95203572302785,-222.2993852045505,1.0,CLIENT,7,2,100000,14,12,0,30739,30747,1406,3,364,1023,12509.184000000003,99,False,False
211,15,-335.38696792486076,-129.23586520459338,1.0,CLIENT,7,2,100000,9,8,0,30764,30768,1410,3,365,1037,8339.456,99,False,False
211,16,209.2009848966213,353.3363347959232,1.0,CLIENT,7,2,100000,15,21,0,30744,30746,1398,2,362,1019,21891.072000000007,99,False,False
211,17,233.04403563108306,264.16901479562085,1.0,CLIENT,7,2,100000,12,8,0,30756,30757,1410,3,365,1039,8339.456,99,False,False
211,18,399.23247563362526,148.3962147952579,1.0,CLIENT,7,2,100000,15,23,0,30759,30765,1395,3,361,1023,23975.93600000001,99,False,False
211,19,-114.1456366916182,-214.28434520422115,1.0,CLIENT,7,2,100000,13,10,0,30750,30750,1409,2,364,1036,10424.320000000002,99,False,False
211,20,-468.30603480971934,395.7492547956227,1.0,CLIENT,7,2,100000,10,12,0,30513,30806,1380,2,364,991,12509.184000000003,99,False,False
211,21,-61.86519322049026,27.39137479544894,1.0,CLIENT,7,2,100000,16,11,0,30719,30719,1406,4,364,1037,11466.752000000002,99,False,False
211,22,48.557440413224,-20.030945204258614,1.0,CLIENT,7,2,100000,9,2,0,30744,30744,1417,2,366,1047,2084.864,99,False,False
211,23,211.33973031100385,-26.821465204515675,1.0,CLIENT,7,2,100000,14,4,0,30755,30755,1414,3,366,1045,4169.728,99,False,False
211,24,-396.143180261707,-226.41822520443412,1.0,CLIENT,7,2,100000,10,6,0,30723,30747,1412,3,365,1030,6254.592,99,False,False
211,25,-141.55326311728047,-219.0711052040004,1.0,CLIENT,7,2,100000,11,8,0,30755,30755,1411,2,365,1038,8339.456,99,False,False
211,26,99.57047919397222,496.7164947953992,1.0,CLIENT,7,2,100000,12,20,0,30734,30772,1398,2,362,1024,20848.640000000007,99,False,False
211,27,226.8654377661855,368.9211347953332,1.0,CLIENT,7,2,100000,11,8,0,30776,30784,1411,2,365,1031,8339.456,99,False,False
211,28,-2.2179599881483734,-157.95642520405977,1.0,CLIENT,7,2,100000,17,20,0,30718,30718,1399,2,362,1024,20848.640000000007,99,False,False
211,29,-261.4022191342164,374.8210947954658,1.0,CLIENT,7,2,100000,12,12,0,30731,30755,1403,2,364,1023,12509.184000000003,99,False,False
211,30,69.46961780167517,-281.5216252045232,1.0,CLIENT,7,2,100000,10,16,0,30752,30752,1403,2,363,1031,16678.912000000004,99,False,False
211,31,408.18352125809525,-255.69538520407718,1.0,CLIENT,7,2,100000,15,27,0,30697,30768,1389,1,360,1016,28145.66400000001,99,False,False
211,32,82.06445191084619,162.31121479571982,1.0,CLIENT,7,2,100000,11,14,0,30755,30755,1404,3,363,1036,14594.048000000004,99,False,False
211,33,382.5977890750649,6.240574795854172,1.0,CLIENT,7,2,100000,11,16,0,30774,30775,1402,3,363,1028,16678.912000000004,99,False,False
211,34,185.3579341621595,-471.7675052043211,1.0,CLIENT,7,2,100000,11,12,0,30703,30791,1397,2,364,1024,12509.184000000003,99,False,False
211,35,291.81992813885927,360.1268547953893,1.0,CLIENT,7,2,100000,9,12,0,30770,30778,1407,2,364,1024,12509.184000000003,99,False,False
211,36,56.7955708995665,-433.3621052039953,1.0,CLIENT,7,2,100000,8,8,0,30787,30794,1411,2,365,1038,8339.456,99,False,False
211,37,17.585238296361254,-486.9070252040643,1.0,CLIENT,7,2,100000,14,16,0,30751,30776,1403,2,363,1027,16678.912000000004,99,False,False
211,38,265.5212808171385,246.69177479545198,1.0,CLIENT,7,2,100000,14,16,0,30754,30759,1402,3,363,1034,16678.912000000004,99,False,False
211,39,-494.84232051081597,52.883654795947166,1.0,CLIENT,7,2,100000,17,22,0,30738,30754,1394,4,361,1026,22933.504000000008,99,False,False
211,40,-268.2145193443039,143.72077479598858,1.0,CLIENT,7,2,100000,12,13,0,30754,30754,1406,2,363,1038,13551.616000000004,99,False,False
211,41,-71.37072839721247,-177.99402520409217,1.0,CLIENT,7,2,100000,12,12,0,30743,30743,1407,2,364,1034,12509.184000000003,99,False,False
211,42,32.71488178572886,236.00505479554016,1.0,CLIENT,7,2,100000,17,16,0,30715,30715,1402,3,363,1035,16678.912000000004,99,False,False
211,43,59.56801865970178,-288.4234652044992,1.0,CLIENT,7,2,100000,15,15,0,30739,30739,1404,2,363,1036,15636.480000000005,99,False,False
211,44,-152.32620298381957,417.1226947954463,1.0,CLIENT,7,2,100000,14,14,0,30744,30750,1405,2,363,1024,14594.048000000004,99,False,False
211,45,-35.328907519393695,409.10765479590793,1.0,CLIENT,7,2,100000,17,31,0,30744,30746,1388,2,359,1018,32315.392000000014,99,False,False
211,46,415.7879493998107,-132.1301852044047,1.0,CLIENT,7,2,100000,12,12,0,30759,30774,1405,4,364,1028,12509.184000000003,99,False,False
211,47,-98.61992923643658,-494.0315052042692,1.0,CLIENT,7,2,100000,15,20,0,30715,30748,1397,2,362,1030,20848.640000000007,99,False,False
211,48,-301.56310525492506,-118.43782520417165,1.0,CLIENT,7,2,100000,11,16,0,30751,30751,1402,3,363,1035,16678.912000000004,99,False,False
211,49,203.5768765839759,-224.30314520423735,1.0,CLIENT,7,2,100000,16,14,0,30737,30737,1405,2,363,1033,14594.048000000004,99,False,False
211,50,183.69446550596575,-101.7398252044083,1.0,CLIENT,7,2,100000,12,16,0,30750,30750,1402,3,363,1036,16678.912000000004,99,False,False
211,51,315.66297887332104,-467.5373452047185,1.0,CLIENT,7,2,100000,11,20,0,30567,30781,1385,2,362,1014,20848.640000000007,99,False,False
211,52,50.77539862110709,-444.8280652043127,1.0,CLIENT,7,2,100000,8,8,0,30770,30779,1411,2,365,1033,8339.456,99,False,False
211,53,-406.52005616243207,434.15465479594843,1.0,CLIENT,7,2,100000,11,15,0,30556,30769,1382,2,364,995,15636.480000000005,99,False,False
211,54,255.3820432957893,114.77757479550235,1.0,CLIENT,7,2,100000,10,15,0,30785,30785,1403,3,363,1037,15636.480000000005,99,False,False
211,55,238.66814394372847,-218.06922520415696,1.0,CLIENT,7,2,100000,10,12,0,30781,30783,1406,3,364,1039,12509.184000000003,99,False,False
211,56,373.17146669128033,336.415694795931,1.0,CLIENT,7,2,100000,10,9,0,30758,30788,1407,3,364,1024,9381.888,99,False,False
211,57,-331.0302643020322,-222.74466520421726,1.0,CLIENT,7,2,100000,11,14,0,30782,30789,1404,2,363,1021,14594.048000000004,99,False,False
211,58,-492.30751113061933,98.63617479591568,1.0,CLIENT,7,2,100000,11,13,0,30751,30774,1403,2,364,1020,13551.616000000004,99,False,False
211,59,31.84354106116316,234.8918547959778,1.0,CLIENT,7,2,100000,10,8,0,30756,30756,1410,3,365,1035,8339.456,99,False,False
211,60,280.17564754775447,235.33713479564454,1.0,CLIENT,7,2,100000,13,13,0,30749,30750,1405,3,363,1024,13551.616000000004,99,False,False
211,61,-64.16236422131102,333.63269479583863,1.0,CLIENT,7,2,100000,14,16,0,30757,30757,1403,2,363,1037,16678.912000000004,99,False,False
211,62,184.1697422652803,461.5393747956236,1.0,CLIENT,7,2,100000,9,8,0,30737,30771,1409,2,365,1024,8339.456,99,False,False
211,63,-311.14785322458494,-168.30918520402378,1.0,CLIENT,7,2,100000,14,8,0,30726,30727,1409,3,365,1038,8339.456,99,False,False
211,64,283.9778616183308,303.4649747952801,1.0,CLIENT,7,2,100000,10,17,0,30791,30801,1400,2,362,1031,17721.344000000005,99,False,False
211,65,-61.152278082362734,-381.3756652047374,1.0,CLIENT,7,2,100000,14,16,0,30758,30761,1403,2,363,1036,16678.912000000004,99,False,False
211,66,76.91562035638964,265.8388147953599,1.0,CLIENT,7,2,100000,14,20,0,30748,30748,1398,3,362,1033,20848.640000000007,99,False,False
211,67,-208.56728611139914,-203.70894520402828,1.0,CLIENT,7,2,100000,12,6,0,30764,30767,1412,3,365,1031,6254.592,99,False,False
211,68,177.51586764163102,227.3220947953152,1.0,CLIENT,7,2,100000,10,4,0,30757,30758,1414,3,366,1032,4169.728,99,False,False
211,69,248.4113174998265,-322.59870520443144,1.0,CLIENT,7,2,100000,11,16,0,30743,30751,1402,3,363,1030,16678.912000000004,99,False,False
211,70,-460.7016066685668,279.19721479564515,1.0,CLIENT,7,2,100000,11,18,0,30712,30774,1396,2,363,1003,18763.776000000005,99,False,False
211,71,257.28315033135885,287.65753479564125,1.0,CLIENT,7,2,100000,8,12,0,30775,30785,1406,3,364,1030,12509.184000000003,99,False,False
211,72,-43.567038005736194,255.37473479567694,1.0,CLIENT,7,2,100000,9,8,0,30773,30773,1411,2,365,1031,8339.456,99,False,False
211,73,-188.13038548169965,-273.283945204756,1.0,CLIENT,7,2,100000,16,16,0,30737,30737,1403,2,363,1034,16678.912000000004,99,False,False
211,74,-410.79754699176016,394.5247347955504,1.0,CLIENT,7,2,100000,12,21,0,30633,30780,1385,2,362,993,21891.072000000007,99,False,False
211,75,-229.00418674109864,63.23641479591117,1.0,CLIENT,7,2,100000,12,12,0,30740,30740,1406,3,364,1028,12509.184000000003,99,False,False
211,76,-29.54637362031013,13.58769479549693,1.0,CLIENT,7,2,100000,14,4,0,30727,30727,1414,3,366,1039,4169.728,99,False,False
211,77,-422.6002531693031,-439.5960252040757,1.0,CLIENT,7,2,100000,13,15,0,30538,30754,1387,3,361,1011,15636.480000000005,99,False,False
211,78,478.841332736915,451.63189479532633,1.0,CLIENT,7,2,100000,14,20,0,30362,30776,1384,3,362,1005,20848.640000000007,99,False,False
211,79,381.80566114343685,-344.19478520448394,1.0,CLIENT,7,2,100000,14,32,0,30679,30779,1386,3,359,1019,33357.824000000015,99,False,False
211,80,-381.8848774969051,20.934814795930663,1.0,CLIENT,7,2,100000,9,12,0,30774,30774,1406,3,364,1034,12509.184000000003,99,False,False
211,81,-247.22312916291503,310.14417479581823,1.0,CLIENT,7,2,100000,15,16,0,30745,30748,1403,2,363,1025,16678.912000000004,99,False,False
211,82,-168.64403837006637,-497.5937452047671,1.0,CLIENT,7,2,100000,11,9,0,30691,30759,1403,2,363,1033,9381.888,99,False,False
211,83,4.59434022193907,-187.56754520444161,1.0,CLIENT,7,2,100000,15,12,0,30737,30737,1407,2,364,1033,12509.184000000003,99,False,False
211,84,-275.5020963125802,93.0701747957309,1.0,CLIENT,7,2,100000,11,12,0,30767,30767,1406,3,364,1038,12509.184000000003,99,False,False
211,85,456.02804831345696,-99.73606520472146,1.0,CLIENT,7,2,100000,12,18,0,30764,30783,1400,3,362,1030,18763.776000000005,99,False,False
211,86,264.25387612732163,-488.4655052040844,1.0,CLIENT,7,2,100000,13,24,0,30580,30777,1378,1,361,1010,25018.36800000001,99,False,False
211,87,-51.2506789398265,-194.91466520408437,1.0,CLIENT,7,2,100000,15,16,0,30744,30744,1402,3,363,1025,16678.912000000004,99,False,False
211,88,-72.08364353534,131.14161479531788,1.0,CLIENT,7,2,100000,10,8,0,30727,30727,1410,3,365,1032,8339.456,99,False,False
211,89,-221.8750353586977,394.8586947954982,1.0,CLIENT,7,2,100000,11,5,0,30776,30790,1413,2,365,1037,5212.16,99,False,False
211,90,305.84059252428534,-146.60178520425234,1.0,CLIENT,7,2,100000,15,16,0,30731,30732,1403,2,363,1036,16678.912000000004,99,False,False
211,91,-398.12350008965143,310.589454795485,1.0,CLIENT,7,2,100000,13,17,0,30740,30787,1399,2,362,1021,17721.344000000005,99,False,False
211,92,397.5690069779944,-370.4663052045967,1.0,CLIENT,7,2,100000,10,25,0,30599,30785,1380,3,362,1003,26060.80000000001,99,False,False
211,93,381.80566114343685,-284.08198520438674,1.0,CLIENT,7,2,100000,16,18,0,30720,30775,1399,2,362,1029,18763.776000000005,99,False,False
211,94,-236.76704046868946,-261.59534520420976,1.0,CLIENT,7,2,100000,13,21,0,30748,30752,1398,2,361,1033,21891.072000000007,99,False,False
211,95,-474.00935591586534,-1.6631452047562334,1.0,CLIENT,7,2,100000,11,8,0,30775,30787,1410,3,365,1040,8339.456,99,False,False
211,96,-431.3136604143973,90.50981479586738,1.0,CLIENT,7,2,100000,15,14,0,30748,30750,1403,4,363,1031,14594.048000000004,99,False,False
211,97,207.69594182686572,202.16377479555575,1.0,CLIENT,7,2,100000,13,12,0,30752,30752,1406,3,364,1032,12509.184000000003,99,False,False
211,98,-193.67528100140737,497.2730947955759,1.0,CLIENT,7,2,100000,14,16,0,30674,30753,1396,2,363,1018,16678.912000000004,99,False,False
211,99,-161.03961022891374,296.2291747953563,1.0,CLIENT,7,2,100000,14,20,0,30751,30751,1399,2,362,1033,20848.640000000007,99,False,False

212,0,443.51242699778646,-263.3764652044587,1.0,CLIENT,7,2,100000,13,9,0,30896,31047,1406,14,373,1028,9381.888,99,False,False
212,1,-420.61993334079585,118.56245479543816,1.0,CLIENT,7,2,100000,14,16,0,31052,31064,1415,10,372,1032,16678.912000000004,99,False,False
212,2,-466.8802045334644,-119.43970520401507,1.0,CLIENT,7,2,100000,10,7,0,31092,31102,1423,12,373,1030,7297.023999999999,99,False,False
212,3,257.2039375378584,-211.9466252045865,1.0,CLIENT,7,2,100000,12,14,0,31034,31036,1414,14,372,1041,14594.048000000004,99,False,False
212,4,392.8954521828523,101.97577479539376,1.0,CLIENT,7,2,100000,15,24,0,31022,31039,1406,10,370,1026,25018.36800000001,99,False,False
212,5,-214.66667118335906,391.8530547959679,1.0,CLIENT,7,2,100000,9,9,0,31050,31069,1421,12,373,1032,9381.888,99,False,False
212,6,361.13112213436153,67.46657479551374,1.0,CLIENT,7,2,100000,12,8,0,31042,31047,1422,11,374,1044,8339.456,99,False,False
212,7,424.5805694378426,-17.02530520472834,1.0,CLIENT,7,2,100000,17,21,0,31017,31033,1406,11,371,1032,21891.072000000007,99,False,False
212,8,-180.3675317546717,-152.1677852044371,1.0,CLIENT,7,2,100000,9,8,0,31061,31061,1423,11,374,1045,8339.456,99,False,False
212,9,-292.612059630455,327.1761347955294,1.0,CLIENT,7,2,100000,14,15,0,31024,31047,1413,14,372,1028,15636.480000000005,99,False,False
212,10,-496.9810659257614,452.63377479596073,1.0,CLIENT,7,2,100000,12,27,0,30195,31061,1350,11,366,964,28145.66400000001,99,False,False
212,11,-386.63764508498485,374.8210947954658,1.0,CLIENT,7,2,100000,14,13,0,30938,31068,1408,14,372,1020,13551.616000000004,99,False,False
212,12,276.21500789073997,172.10737479550716,1.0,CLIENT,7,2,100000,15,15,0,31036,31038,1414,12,372,1030,15636.480000000005,99,False,False
212,13,-165.6339522311181,-309.2403052041462,1.0,CLIENT,7,2,100000,15,12,0,31053,31053,1418,12,373,1042,12509.184000000003,99,False,False
212,14,325.8814291881708,-321.2628652046402,1.0,CLIENT,7,2,100000,14,12,0,30984,31046,1411,14,373,1036,12509.184000000003,99,False,False
212,15,-304.57319139443615,411.66801479577146,1.0,CLIENT,7,2,100000,9,8,0,30973,31062,1415,14,374,1028,8339.456,99,False,False
212,16,-404.4605235409872,-502.04654520459854,1.0,CLIENT,7,2,100000,15,28,0,30847,31064,1387,11,369,1000,29188.096000000012,99,False,False
212,17,-360.6558489355776,464.87897479589265,1.0,CLIENT,7,2,100000,12,14,0,30761,31083,1386,12,372,997,14594.048000000004,99,False,False
212,18,369.6861037935804,463.7657747955393,1.0,CLIENT,7,2,100000,15,31,0,30510,31060,1356,9,366,967,32315.392000000014,99,False,False
212,19,29.70479564678058,189.13933479600928,1.0,CLIENT,7,2,100000,13,8,0,31040,31040,1422,12,373,1044,8339.456,99,False,False
212,20,-184.9618737563132,396.862454795976,1.0,CLIENT,7,2,100000,9,8,0,31044,31060,1420,13,374,1035,8339.456,99,False,False
212,21,-315.7421952267893,416.2321347953218,1.0,CLIENT,7,2,100000,15,21,0,30941,31049,1400,12,371,1008,21891.072000000007,99,False,False
212,22,-442.08660028149916,-345.4193052045562,1.0,CLIENT,7,2,100000,9,12,0,31025,31100,1410,13,372,1019,12509.184000000003,99,False,False
212,23,407.2329677405919,20.934814795930663,1.0,CLIENT,7,2,100000,14,4,0,31049,31064,1425,11,375,1044,4169.728,99,False,False
212,24,-370.55744807811385,450.9639747954307,1.0,CLIENT,7,2,100000,10,15,0,30756,31064,1396,13,373,1009,15636.480000000005,99,False,False
212,25,47.84452527509647,-64.89290520410265,1.0,CLIENT,7,2,100000,11,8,0,31053,31053,1419,15,374,1039,8339.456,99,False,False
212,26,81.35153677215581,-486.5730652041165,1.0,CLIENT,7,2,100000,12,20,0,31012,31076,1406,12,371,1032,20848.640000000007,99,False,False
212,27,272.96728337241586,-262.931185204001,1.0,CLIENT,7,2,100000,11,8,0,31050,31066,1419,12,374,1042,8339.456,99,False,False
212,28,418.798035538759,233.6673347959055,1.0,CLIENT,7,2,100000,17,24,0,30916,31032,1398,12,370,1015,25018.36800000001,99,False,False
212,29,78.10381225383169,284.54057479560106,1.0,CLIENT,7,2,100000,12,15,0,31057,31057,1416,11,372,1034,15636.480000000005,99,False,False
212,30,375.94391445141565,-14.353625204354898,1.0,CLIENT,7,2,100000,10,15,0,31039,31042,1416,11,372,1039,15636.480000000005,99,False,False
212,31,-474.9599094333687,-157.1771852044452,1.0,CLIENT,7,2,100000,15,25,0,31050,31064,1403,12,368,1024,26060.80000000001,99,False,False
212,32,164.52496956664598,-73.2419052043798,1.0,CLIENT,7,2,100000,11,16,0,31055,31055,1414,12,372,1042,16678.912000000004,99,False,False
212,33,438.6804466162064,-180.22042520400788,1.0,CLIENT,7,2,100000,11,14,0,31010,31065,1411,11,372,1031,14594.048000000004,99,False,False
212,34,-409.60935509488087,335.85909479575434,1.0,CLIENT,7,2,100000,11,12,0,30934,31058,1406,12,373,1022,12509.184000000003,99,False,False
212,35,73.03419349287564,340.6458547955336,1.0,CLIENT,7,2,100000,9,12,0,31066,31069,1418,12,372,1041,12509.184000000003,99,False,False
212,36,258.15449105536175,-336.8476652040502,1.0,CLIENT,7,2,100000,8,8,0,31056,31093,1416,14,374,1035,8339.456,99,False,False
212,37,68.83591545648531,-363.2305052046729,1.0,CLIENT,7,2,100000,14,12,0,31032,31034,1418,12,373,1037,12509.184000000003,99,False,False
212,38,-392.8162429498824,-328.1647052046162,1.0,CLIENT,7,2,100000,14,19,0,31048,31077,1406,12,370,1030,19806.208000000006,99,False,False
212,39,-387.66741139598867,-450.8393452041642,1.0,CLIENT,7,2,100000,17,33,0,30958,31071,1388,8,368,1001,34400.256000000016,99,False,False
212,40,-75.64821922654048,234.44657479552006,1.0,CLIENT,7,2,100000,12,14,0,31057,31057,1418,10,372,1044,14594.048000000004,99,False,False
212,41,459.6718367975951,7.131134795978653,1.0,CLIENT,7,2,100000,12,16,0,31048,31078,1413,11,372,1039,16678.912000000004,99,False,False
212,42,358.51709996122725,-101.4058652044605,1.0,CLIENT,7,2,100000,17,16,0,31007,31013,1414,12,372,1041,16678.912000000004,99,False,False
212,43,269.2442820947772,386.509694796012,1.0,CLIENT,7,2,100000,15,20,0,30941,31061,1401,11,370,1024,20848.640000000007,99,False,False
212,44,104.24403398911423,-408.2037852042359,1.0,CLIENT,7,2,100000,14,13,0,31032,31047,1416,12,372,1042,13551.616000000004,99,False,False
212,45,-373.3298958376863,384.9512147959919,1.0,CLIENT,7,2,100000,17,25,0,30874,31025,1395,13,369,1010,26060.80000000001,99,False,False
212,46,-47.210826489874336,-485.5711852042731,1.0,CLIENT,7,2,100000,12,12,0,31041,31059,1416,12,373,1033,12509.184000000003,99,False,False
212,47,363.58671872162046,6.574534795801981,1.0,CLIENT,7,2,100000,15,16,0,31013,31020,1413,11,372,1041,16678.912000000004,99,False,False
212,48,67.41008518023025,94.628654795751,1.0,CLIENT,7,2,100000,11,9,0,31026,31026,1420,13,373,1041,9381.888,99,False,False
212,49,358.8339511335408,126.2435347958197,1.0,CLIENT,7,2,100000,15,21,0,31045,31053,1408,13,370,1028,21891.072000000007,99,False,False
212,50,160.40590432375615,-490.5805852042812,1.0,CLIENT,7,2,100000,12,20,0,30998,31088,1404,12,371,1026,20848.640000000007,99,False,False
212,51,134.66174655372478,176.11489479567183,1.0,CLIENT,7,2,100000,11,16,0,31058,31058,1413,13,371,1038,16678.912000000004,99,False,False
212,52,189.952276163801,394.1907747956026,1.0,CLIENT,7,2,100000,8,8,0,31029,31070,1419,12,373,1033,8339.456,99,False,False
212,53,78.4206634261452,109.99081479572311,1.0,CLIENT,7,2,100000,11,8,0,31054,31054,1418,16,373,1035,8339.456,99,False,False
212,54,365.64625134362825,-244.4520652039887,1.0,CLIENT,7,2,100000,10,13,0,31024,31063,1409,14,373,1024,13551.616000000004,99,False,False
212,55,314.39557418350415,-281.29898520429435,1.0,CLIENT,7,2,100000,10,12,0,31041,31071,1416,13,373,1030,12509.184000000003,99,False,False
212,56,-179.25855265073014,291.99901479575374,1.0,CLIENT,7,2,100000,10,8,0,31073,31075,1422,12,374,1038,8339.456,99,False,False
212,57,430.2838905439885,-367.9059452047332,1.0,CLIENT,7,2,100000,11,19,0,30740,31075,1382,12,371,995,19806.208000000006,99,False,False
212,58,-226.70701574027788,413.22649479579155,1.0,CLIENT,7,2,100000,10,18,0,31061,31101,1410,11,371,1020,18763.776000000005,99,False,False
212,59,-494.36704375206426,222.9806147959937,1.0,CLIENT,7,2,100000,10,9,0,30941,31079,1411,14,374,1021,9381.888,99,False,False
212,60,61.15227452239501,280.08777479576963,1.0,CLIENT,7,2,100000,13,12,0,31028,31029,1418,12,372,1034,12509.184000000003,99,False,False
212,61,135.84993845116685,-19.251705204644054,1.0,CLIENT,7,2,100000,14,8,0,31024,31024,1423,11,374,1048,8339.456,99,False,False
212,62,317.3264475295148,347.8816547954574,1.0,CLIENT,7,2,100000,9,8,0,30989,31098,1412,12,373,1021,8339.456,99,False,False
212,63,424.50135664490494,-411.3207452042761,1.0,CLIENT,7,2,100000,14,20,0,30535,31042,1373,12,371,992,20848.640000000007,99,False,False
212,64,-317.4848766759207,264.9482547952354,1.0,CLIENT,7,2,100000,10,12,0,31047,31060,1416,14,373,1030,12509.184000000003,99,False,False
212,65,-274.2346916227633,300.45933479574984,1.0,CLIENT,7,2,100000,14,16,0,31046,31057,1409,15,372,1025,16678.912000000004,99,False,False
212,66,161.8317346000112,94.18337479529328,1.0,CLIENT,7,2,100000,14,17,0,31036,31036,1414,11,371,1035,17721.344000000005,99,False,False
212,67,-457.92915890899434,-134.02262520437262,1.0,CLIENT,7,2,100000,12,6,0,31075,31077,1424,11,373,1040,6254.592,99,False,False
212,68,-457.29545656380446,215.63349479555995,1.0,CLIENT,7,2,100000,10,8,0,31008,31072,1416,14,374,1033,8339.456,99,False,False
212,69,294.5131631060569,32.73473479540485,1.0,CLIENT,7,2,100000,11,18,0,31059,31059,1413,11,371,1041,18763.776000000005,99,False,False
212,70,-488.90136102585706,-454.73554520460993,1.0,CLIENT,7,2,100000,11,16,0,30741,31075,1389,10,371,1004,16678.912000000004,99,False,False
212,71,43.250183272892116,-46.525105204600266,1.0,CLIENT,7,2,100000,8,12,0,31044,31044,1415,15,373,1042,12509.184000000003,99,False,False
212,72,-144.88020042854225,254.37285479583352,1.0,CLIENT,7,2,100000,9,5,0,31069,31069,1423,14,374,1038,5212.16,99,False,False
212,73,422.8378879887112,-442.7129852041159,1.0,CLIENT,7,2,100000,17,21,0,30413,31028,1368,14,368,996,21891.072000000007,99,False,False
212,74,26.140219955580104,86.61361479542165,1.0,CLIENT,7,2,100000,12,13,0,31041,31042,1418,10,373,1033,13551.616000000004,99,False,False
212,75,-208.25043493908564,-283.63670520472,1.0,CLIENT,7,2,100000,12,14,0,31040,31041,1416,12,372,1030,14594.048000000004,99,False,False
212,76,233.04403563108306,-225.86162520425745,1.0,CLIENT,7,2,100000,14,13,0,31041,31042,1414,14,373,1032,13551.616000000004,99,False,False
212,77,-445.8888143520755,-203.26366520436153,1.0,CLIENT,7,2,100000,13,16,0,31058,31070,1411,14,371,1037,16678.912000000004,99,False,False
212,78,16.23862081304387,-188.68074520400398,1.0,CLIENT,7,2,100000,14,8,0,31052,31052,1422,12,374,1042,8339.456,99,False,False
212,79,23.288559402507154,13.253734795549121,1.0,CLIENT,7,2,100000,14,17,0,31032,31032,1409,16,371,1034,17721.344000000005,99,False,False
212,80,116.20516575309539,412.7812147953338,1.0,CLIENT,7,2,100000,9,12,0,31034,31065,1415,11,373,1040,12509.184000000003,99,False,False
212,81,-405.72792823136683,116.67001479547025,1.0,CLIENT,7,2,100000,15,16,0,31040,31045,1415,11,372,1030,16678.912000000004,99,False,False
212,82,82.77736704897372,-497.5937452047671,1.0,CLIENT,7,2,100000,11,16,0,31028,31093,1408,12,372,1021,16678.912000000004,99,False,False
212,83,116.75965530478473,-296.8837852044953,1.0,CLIENT,7,2,100000,15,12,0,31034,31036,1417,13,373,1042,12509.184000000003,99,False,False
212,84,165.23788470533634,-431.1357052040796,1.0,CLIENT,7,2,100000,11,13,0,31023,31067,1415,12,372,1039,13551.616000000004,99,False,False
212,85,302.434442419523,16.036734795641507,1.0,CLIENT,7,2,100000,12,13,0,31058,31059,1418,11,372,1037,13551.616000000004,99,False,False
212,86,412.7778632602996,-23.259225204017753,1.0,CLIENT,7,2,100000,13,8,0,31022,31035,1421,11,374,1046,8339.456,99,False,False
212,87,379.5084901426161,48.31953479560582,1.0,CLIENT,7,2,100000,15,12,0,31035,31042,1419,11,372,1043,12509.184000000003,99,False,False
212,88,-437.57147107223255,-459.4109852046702,1.0,CLIENT,7,2,100000,10,21,0,30915,31113,1388,12,371,1002,21891.072000000007,99,False,False
212,89,65.033701385909,97.41165479584339,1.0,CLIENT,7,2,100000,10,8,0,31052,31052,1421,13,373,1040,8339.456,99,False,False
212,90,-294.1171027002106,-420.11502520422,1.0,CLIENT,7,2,100000,15,23,0,31040,31071,1405,12,370,1023,23975.93600000001,99,False,False
212,91,-243.73776626465224,-34.16858520415843,1.0,CLIENT,7,2,100000,13,14,0,31059,31059,1417,11,372,1032,14594.048000000004,99,False,False
212,92,-346.6351845501515,-261.8179852044386,1.0,CLIENT,7,2,100000,10,16,0,31089,31095,1415,11,372,1026,16678.912000000004,99,False,False
212,93,-28.91267127512027,293.55749479577383,1.0,CLIENT,7,2,100000,15,12,0,31052,31052,1417,13,373,1031,12509.184000000003,99,False,False
212,94,22.654857057317294,266.8406947959943,1.0,CLIENT,7,2,100000,13,22,0,31053,31054,1408,12,369,1027,22933.504000000008,99,False,False
212,95,115.33382502852969,142.38493479540637,1.0,CLIENT,7,2,100000,11,8,0,31048,31048,1421,13,373,1039,8339.456,99,False,False
212,96,-110.1849970346037,-127.67738520457328,1.0,CLIENT,7,2,100000,15,9,0,31031,31031,1421,12,373,1040,9381.888,99,False,False
212,97,-421.96655082411314,-412.6565852040673,1.0,CLIENT,7,2,100000,13,16,0,30971,31085,1399,11,371,1017,16678.912000000004,99,False,False
212,98,256.64944798616904,-346.42118520439965,1.0,CLIENT,7,2,100000,13,20,0,31038,31069,1407,13,371,1028,20848.640000000007,99,False,False
212,99,-379.90455766839784,216.19009479573663,1.0,CLIENT,7,2,100000,14,19,0,31028,31044,1409,14,371,1030,19806.208000000006,99,False,False

213,0,-448.26519814583395,-144.26406520461768,1.0,CLIENT,7,2,100000,13,15,0,30855,30901,1408,9,362,1027,15636.480000000005,99,False,False
213,1,150.7419435611586,227.43341479582512,1.0,CLIENT,7,2,100000,14,10,0,30872,30872,1413,10,363,1031,10424.320000000002,99,False,False
213,2,-211.33973387153443,356.7872547959112,1.0,CLIENT,7,2,100000,10,4,0,30873,30885,1419,8,365,1036,4169.728,99,False,False
213,3,340.9318598846007,104.75877479548615,1.0,CLIENT,7,2,100000,12,16,0,30888,30890,1408,9,362,1039,16678.912000000004,99,False,False
213,4,334.5156236403273,-422.56406520436457,1.0,CLIENT,7,2,100000,15,24,0,30716,30873,1390,6,360,1020,25018.36800000001,99,False,False
213,5,168.72324760303633,-237.88418520475147,1.0,CLIENT,7,2,100000,9,8,0,30892,30892,1418,7,364,1045,8339.456,99,False,False
213,6,80.40098325465244,-82.70410520421933,1.0,CLIENT,7,2,100000,12,6,0,30874,30874,1418,9,364,1051,6254.592,99,False,False
213,7,461.73136941960297,0.6745747956694004,1.0,CLIENT,7,2,100000,17,26,0,30874,30888,1399,7,359,1014,27103.23200000001,99,False,False
213,8,299.3451434870742,-388.05486520448454,1.0,CLIENT,7,2,100000,9,12,0,30847,30921,1408,7,363,1032,12509.184000000003,99,False,False
213,9,-12.753261475311628,174.11113479598498,1.0,CLIENT,7,2,100000,14,12,0,30862,30862,1414,7,363,1039,12509.184000000003,99,False,False
213,10,6.891511222759826,102.53237479557043,1.0,CLIENT,7,2,100000,12,11,0,30864,30864,1412,10,363,1048,11466.752000000002,99,False,False
213,11,-13.783027785752664,-492.36170520453015,1.0,CLIENT,7,2,100000,14,9,0,30835,30882,1413,7,363,1036,9381.888,99,False,False
213,12,98.61992567646884,476.9015347955957,1.0,CLIENT,7,2,100000,15,18,0,30857,30877,1407,7,361,1023,18763.776000000005,99,False,False
213,13,245.63886973969124,-336.9589852045601,1.0,CLIENT,7,2,100000,15,12,0,30849,30865,1414,7,363,1036,12509.184000000003,99,False,False
213,14,17.981302262175273,113.21909479548225,1.0,CLIENT,7,2,100000,14,12,0,30875,30875,1410,11,363,1037,12509.184000000003,99,False,False
213,15,422.28339843702184,-237.99550520447042,1.0,CLIENT,7,2,100000,8,9,0,30844,30903,1412,7,364,1018,9381.888,99,False,False
213,16,-349.566057896725,101.08521479526928,1.0,CLIENT,7,2,100000,15,16,0,30867,30868,1409,8,362,1023,16678.912000000004,99,False,False
213,17,254.9067665370376,-413.76978520442066,1.0,CLIENT,7,2,100000,12,11,0,30825,30902,1407,7,364,1017,11466.752000000002,99,False,False
213,18,179.6546130560136,492.04105479533894,1.0,CLIENT,7,2,100000,15,21,0,30819,30875,1404,8,361,1013,21891.072000000007,99,False,False
213,19,7.525213567949686,-406.4226652039869,1.0,CLIENT,7,2,100000,13,14,0,30893,30899,1412,7,362,1027,14594.048000000004,99,False,False
213,20,-481.2969328847044,185.24313479556355,1.0,CLIENT,7,2,100000,9,19,0,30808,30900,1404,8,364,1015,19806.208000000006,99,False,False
213,21,349.8829055090708,-407.4245452046213,1.0,CLIENT,7,2,100000,15,17,0,30688,30868,1395,7,361,1011,17721.344000000005,99,False,False
213,22,-17.66445464982949,382.3908547953374,1.0,CLIENT,7,2,100000,9,12,0,30918,30918,1414,7,363,1049,12509.184000000003,99,False,False
213,23,-134.0280477690655,260.495454795404,1.0,CLIENT,7,2,100000,14,4,0,30892,30892,1420,9,365,1044,4169.728,99,False,False
213,24,425.7687613347218,-385.82846520456883,1.0,CLIENT,7,2,100000,10,13,0,30561,30885,1389,6,363,1006,13551.616000000004,99,False,False
213,25,-485.65363650697014,-386.83034520441225,1.0,CLIENT,7,2,100000,11,19,0,30382,30911,1378,10,362,978,19806.208000000006,99,False,False
213,26,96.24354188214758,-459.18834520444136,1.0,CLIENT,7,2,100000,12,18,0,30867,30884,1403,9,361,1025,18763.776000000005,99,False,False
213,27,-393.3707325015717,209.28825479576062,1.0,CLIENT,7,2,100000,11,8,0,30860,30900,1416,7,364,1031,8339.456,99,False,False
213,28,399.3116884271258,262.3878947953719,1.0,CLIENT,7,2,100000,17,23,0,30844,30879,1400,7,359,1023,23975.93600000001,99,False,False
213,29,279.46273240962694,238.45409479568474,1.0,CLIENT,7,2,100000,12,16,0,30894,30895,1407,10,362,1027,16678.912000000004,99,False,False
213,30,-470.0487162588508,-152.94702520405167,1.0,CLIENT,7,2,100000,10,27,0,30848,30917,1393,8,359,1016,28145.66400000001,99,False,False
213,31,-172.52546523358038,-390.9491852042959,1.0,CLIENT,7,2,100000,15,25,0,30870,30889,1397,9,359,1011,26060.80000000001,99,False,False
213,32,121.27478451348858,468.55253479531854,1.0,CLIENT,7,2,100000,11,16,0,30875,30889,1409,8,362,1021,16678.912000000004,99,False,False
213,33,53.389420794804195,431.70561479580385,1.0,CLIENT,7,2,100000,11,12,0,30882,30891,1414,7,363,1028,12509.184000000003,99,False,False
213,34,91.72841267344373,-421.89614520446895,1.0,CLIENT,7,2,100000,11,12,0,30871,30888,1413,7,363,1029,12509.184000000003,99,False,False
213,35,-10.218452094552188,339.866614795919,1.0,CLIENT,7,2,100000,9,12,0,30897,30897,1414,7,363,1035,12509.184000000003,99,False,False
213,36,323.980322153164,-21.58942520427871,1.0,CLIENT,7,2,100000,7,4,0,30896,30897,1422,7,365,1053,4169.728,99,False,False
213,37,104.56088516142775,-268.6085052046957,1.0,CLIENT,7,2,100000,14,12,0,30870,30870,1413,8,363,1042,12509.184000000003,99,False,False
213,38,-386.4792194985466,477.7920947957202,1.0,CLIENT,7,2,100000,14,18,0,30229,30878,1374,4,362,979,18763.776000000005,99,False,False
213,39,-124.3640870059051,-97.62098520452469,1.0,CLIENT,7,2,100000,16,20,0,30862,30862,1402,11,361,1018,20848.640000000007,99,False,False
213,40,385.449449627575,-322.1534252047647,1.0,CLIENT,7,2,100000,12,14,0,30789,30880,1404,7,362,1024,14594.048000000004,99,False,False
213,41,413.56999119192767,455.41677479526214,1.0,CLIENT,7,2,100000,12,20,0,30629,30912,1381,10,360,1005,20848.640000000007,99,False,False
213,42,227.49914011137534,-331.5043052040943,1.0,CLIENT,7,2,100000,17,16,0,30844,30859,1407,7,362,1028,16678.912000000004,99,False,False
213,43,-64.24157701481153,-273.283945204756,1.0,CLIENT,7,2,100000,15,17,0,30883,30883,1407,9,361,1032,17721.344000000005,99,False,False
213,44,315.1877021145694,-357.66450520448814,1.0,CLIENT,7,2,100000,14,12,0,30811,30870,1409,7,363,1028,12509.184000000003,99,False,False
213,45,213.71611410532512,224.205134795275,1.0,CLIENT,7,2,100000,17,15,0,30838,30838,1408,10,362,1038,15636.480000000005,99,False,False
213,46,-370.3990224916756,116.67001479547025,1.0,CLIENT,7,2,100000,12,12,0,30888,30894,1413,8,363,1028,12509.184000000003,99,False,False
213,47,243.7377627046845,-359.22298520450823,1.0,CLIENT,7,2,100000,15,24,0,30853,30891,1396,7,360,1019,25018.36800000001,99,False,False
213,48,-414.3621226829606,-27.489385204411292,1.0,CLIENT,7,2,100000,11,16,0,30903,30909,1409,8,362,1018,16678.912000000004,99,False,False
213,49,-424.34293461843447,382.3908547953374,1.0,CLIENT,7,2,100000,16,27,0,30561,30894,1381,7,359,990,28145.66400000001,99,False,False
213,50,-149.23690405137077,-74.91170520411885,1.0,CLIENT,7,2,100000,12,16,0,30871,30871,1405,12,362,1021,16678.912000000004,99,False,False
213,51,465.92964745543037,-4.000865204390891,1.0,CLIENT,7,2,100000,11,17,0,30878,30896,1407,7,361,1036,17721.344000000005,99,False,False
213,52,-297.52325280497286,192.81289479543517,1.0,CLIENT,7,2,100000,8,8,0,30915,30917,1417,8,364,1028,8339.456,99,False,False
213,53,461.73136941960297,415.898174795374,1.0,CLIENT,7,2,100000,11,12,0,30633,30883,1393,10,362,1004,12509.184000000003,99,False,False
213,54,117.94784720222678,41.64033479585868,1.0,CLIENT,7,2,100000,10,8,0,30873,30873,1414,11,364,1031,8339.456,99,False,False
213,55,-359.3092314522602,329.7364947953929,1.0,CLIENT,7,2,100000,10,13,0,30821,30901,1411,8,363,1041,13551.616000000004,99,False,False
213,56,286.9087349643414,281.200974795332,1.0,CLIENT,7,2,100000,10,7,0,30894,30899,1415,11,364,1026,7297.023999999999,99,False,False
213,57,156.76211583961802,294.89333479556507,1.0,CLIENT,7,2,100000,10,14,0,30887,30888,1409,9,362,1026,14594.048000000004,99,False,False
213,58,484.38622825662264,-407.20190520439246,1.0,CLIENT,7,2,100000,11,13,0,30320,30868,1369,5,362,987,13551.616000000004,99,False,False
213,59,105.51143867949395,1.676454795512825,1.0,CLIENT,7,2,100000,10,8,0,30890,30890,1414,11,364,1044,8339.456,99,False,False
213,60,161.67330901413587,315.2648947955453,1.0,CLIENT,7,2,100000,13,22,0,30900,30900,1402,9,361,1017,22933.504000000008,99,False,False
213,61,-297.84010397784925,-451.8412252040076,1.0,CLIENT,7,2,100000,14,17,0,30714,30894,1396,12,361,1004,17721.344000000005,99,False,False
213,62,107.01648174868667,-385.7171452040589,1.0,CLIENT,7,2,100000,9,8,0,30887,30890,1418,7,364,1034,8339.456,99,False,False
213,63,113.43271799296011,-285.8631052046357,1.0,CLIENT,7,2,100000,14,14,0,30896,30896,1412,7,362,1035,14594.048000000004,99,False,False
213,64,-269.5611368276213,-10.123465204752335,1.0,CLIENT,7,2,100000,10,12,0,30897,30897,1413,8,363,1020,12509.184000000003,99,False,False
213,65,258.39212943530043,207.50713479551166,1.0,CLIENT,7,2,100000,14,12,0,30872,30872,1411,10,363,1025,12509.184000000003,99,False,False
213,66,387.50898224958274,-276.95750520418187,1.0,CLIENT,7,2,100000,14,20,0,30838,30888,1402,7,361,1026,20848.640000000007,99,False,False
213,67,-59.488809426169,259.15961479561275,1.0,CLIENT,7,2,100000,11,7,0,30891,30891,1419,7,364,1049,7297.023999999999,99,False,False
213,68,365.32940017075185,307.138534795497,1.0,CLIENT,7,2,100000,10,8,0,30861,30900,1412,9,364,1037,8339.456,99,False,False
213,69,429.09569864654645,259.9388547952273,1.0,CLIENT,7,2,100000,11,18,0,30835,30889,1402,9,361,1029,18763.776000000005,99,False,False
213,70,242.62878360074296,104.53613479525728,1.0,CLIENT,7,2,100000,11,8,0,30883,30883,1416,9,364,1042,8339.456,99,False,False
213,71,426.87774043866335,424.80377479582785,1.0,CLIENT,7,2,100000,8,17,0,30706,30924,1389,10,362,1000,17721.344000000005,99,False,False
213,72,-371.745639974993,-446.27522520461383,1.0,CLIENT,7,2,100000,9,11,0,30576,30926,1395,11,363,1010,11466.752000000002,99,False,False
213,73,-130.3842592843645,-268.49718520418577,1.0,CLIENT,7,2,100000,16,20,0,30884,30884,1402,11,361,1030,20848.640000000007,99,False,False
213,74,412.2233737086102,369.58905479522883,1.0,CLIENT,7,2,100000,12,19,0,30782,30891,1394,9,361,1011,19806.208000000006,99,False,False
213,75,397.8066453573702,-393.73218520438826,1.0,CLIENT,7,2,100000,12,17,0,30641,30886,1390,6,362,998,17721.344000000005,99,False,False
213,76,-113.74957272580419,286.43301479556897,1.0,CLIENT,7,2,100000,14,11,0,30881,30881,1413,9,363,1047,11466.752000000002,99,False,False
213,77,-95.0553535452361,-121.66610520472176,1.0,CLIENT,7,2,100000,13,12,0,30862,30862,1409,12,363,1031,12509.184000000003,99,False,False
213,78,366.7552304475697,-214.61830520416896,1.0,CLIENT,7,2,100000,14,8,0,30866,30882,1418,7,364,1043,8339.456,99,False,False
213,79,471.9498197338898,-154.50550520407177,1.0,CLIENT,7,2,100000,14,21,0,30812,30864,1401,7,361,1020,21891.072000000007,99,False,False
213,80,148.28634697389967,-208.8296652045463,1.0,CLIENT,7,2,100000,9,12,0,30880,30880,1414,7,363,1048,12509.184000000003,99,False,False
213,81,30.97220033659746,180.1224147958365,1.0,CLIENT,7,2,100000,15,13,0,30865,30865,1413,7,362,1046,13551.616000000004,99,False,False
213,82,349.32841595681856,299.4574547959064,1.0,CLIENT,7,2,100000,11,12,0,30879,30901,1411,9,363,1026,12509.184000000003,99,False,False
213,83,84.83689967041862,405.54541479541,1.0,CLIENT,7,2,100000,15,12,0,30861,30865,1414,7,363,1034,12509.184000000003,99,False,False
213,84,-343.7043112041409,181.3469347959088,1.0,CLIENT,7,2,100000,11,9,0,30883,30886,1416,8,364,1042,9381.888,99,False,False
213,85,-300.0580621857323,-275.28770520444283,1.0,CLIENT,7,2,100000,12,16,0,30889,30905,1406,11,362,1022,16678.912000000004,99,False,False
213,86,-60.20172456485937,385.7304547956065,1.0,CLIENT,7,2,100000,13,12,0,30882,30882,1414,7,363,1039,12509.184000000003,99,False,False
213,87,131.88929879415235,-32.38746520470045,1.0,CLIENT,7,2,100000,15,12,0,30864,30864,1411,10,363,1032,12509.184000000003,99,False,False
213,88,-183.53604348005814,-273.9518652046516,1.0,CLIENT,7,2,100000,9,15,0,30911,30913,1406,12,362,1025,15636.480000000005,99,False,False
213,89,-345.1301414809588,244.13141479558846,1.0,CLIENT,7,2,100000,10,6,0,30883,30900,1416,8,364,1030,6254.592,99,False,False
213,90,352.6553532686432,-420.33766520444885,1.0,CLIENT,7,2,100000,15,24,0,30700,30903,1383,7,360,997,25018.36800000001,99,False,False
213,91,-384.49889967003935,217.6372547952468,1.0,CLIENT,7,2,100000,13,16,0,30883,30906,1408,8,362,1024,16678.912000000004,99,False,False
213,92,393.370728941604,-196.69578520433333,1.0,CLIENT,7,2,100000,10,16,0,30890,30913,1408,6,362,1028,16678.912000000004,99,False,False
213,93,250.94612688002312,-414.99430520449295,1.0,CLIENT,7,2,100000,15,12,0,30804,30886,1409,6,363,1021,12509.184000000003,99,False,False
213,94,-401.6088629879142,476.12229479598113,1.0,CLIENT,7,2,100000,13,25,0,30098,30870,1360,8,360,983,26060.80000000001,99,False,False
213,95,-296.49348649453185,338.7534147955657,1.0,CLIENT,7,2,100000,11,8,0,30851,30899,1418,7,364,1043,8339.456,99,False,False
213,96,-184.32817141112335,87.28153479531727,1.0,CLIENT,7,2,100000,15,13,0,30879,30879,1412,8,362,1024,13551.616000000004,99,False,False
213,97,53.31020800186653,-403.3057052047377,1.0,CLIENT,7,2,100000,13,12,0,30863,30867,1412,8,363,1027,12509.184000000003,99,False,False
213,98,47.21082292990661,471.0015747954631,1.0,CLIENT,7,2,100000,13,19,0,30876,30895,1407,7,361,1022,19806.208000000006,99,False,False
213,99,-448.02755976645807,376.60221479571476,1.0,CLIENT,7,2,100000,14,25,0,30464,30873,1387,5,360,996,26060.80000000001,99,False,False

214,0,92.99581736382345,-298.1083052045676,1.0,CLIENT,7,2,100000,13,10,0,30859,30859,1410,6,366,1039,10424.320000000002,99,False,False
214,1,441.9281711350933,-286.97630520419807,1.0,CLIENT,7,2,100000,14,14,0,30806,30859,1404,5,365,1022,14594.048000000004,99,False,False
214,2,472.02903252739026,-297.88566520433875,1.0,CLIENT,7,2,100000,11,7,0,30812,30906,1405,5,367,1019,7297.023999999999,99,False,False
214,3,113.11586682064659,138.82269479569942,1.0,CLIENT,7,2,100000,12,12,0,30826,30827,1408,5,366,1027,12509.184000000003,99,False,False
214,4,12.357193949529883,309.8102147958704,1.0,CLIENT,7,2,100000,15,24,0,30849,30850,1396,6,363,1031,25018.36800000001,99,False,False
214,5,-20.040838443587916,246.58045479573303,1.0,CLIENT,7,2,100000,9,9,0,30872,30872,1411,6,366,1037,9381.888,99,False,False
214,6,405.4902862914605,413.7830947959682,1.0,CLIENT,7,2,100000,13,18,0,30708,30883,1387,6,364,1018,18763.776000000005,99,False,False
214,7,-368.3394898702307,-375.6983452040427,1.0,CLIENT,7,2,100000,17,34,0,30650,30875,1378,4,360,1011,35442.68800000002,99,False,False
214,8,366.9136560334451,-179.66382520462219,1.0,CLIENT,7,2,100000,9,12,0,30880,30882,1410,4,366,1032,12509.184000000003,99,False,False
214,9,-107.33333648153075,-86.82294520410295,1.0,CLIENT,7,2,100000,15,12,0,30832,30832,1408,6,366,1035,12509.184000000003,99,False,False
214,10,206.74538830936234,-248.9048652046111,1.0,CLIENT,7,2,100000,12,16,0,30843,30844,1405,5,365,1032,16678.912000000004,99,False,False
214,11,390.0437916297793,469.7770547953908,1.0,CLIENT,7,2,100000,14,16,0,30626,30868,1387,6,365,1006,16678.912000000004,99,False,False
214,12,462.04822059191645,-319.2591052041624,1.0,CLIENT,7,2,100000,15,25,0,30751,30864,1391,5,363,1008,26060.80000000001,99,False,False
214,13,152.00934825097548,191.47705479564394,1.0,CLIENT,7,2,100000,15,12,0,30840,30840,1408,6,366,1028,12509.184000000003,99,False,False
214,14,-177.11980723578472,77.59669479524888,1.0,CLIENT,7,2,100000,14,11,0,30849,30849,1408,7,366,1028,11466.752000000002,99,False,False
214,15,-392.5786045705065,-222.41070520426945,1.0,CLIENT,7,2,100000,9,11,0,30846,30896,1405,4,366,1021,11466.752000000002,99,False,False
214,16,311.8607648027447,258.82565479566495,1.0,CLIENT,7,2,100000,15,20,0,30847,30848,1401,5,364,1027,20848.640000000007,99,False,False
214,17,-481.6929968499556,-325.49302520424277,1.0,CLIENT,7,2,100000,13,8,0,30449,30847,1386,4,366,1005,8339.456,99,False,False
214,18,238.1136543920391,167.20929479600898,1.0,CLIENT,7,2,100000,15,16,0,30833,30833,1405,5,365,1020,16678.912000000004,99,False,False
214,19,207.14145227517636,115.77945479534577,1.0,CLIENT,7,2,100000,13,8,0,30838,30838,1413,5,367,1030,8339.456,99,False,False
214,20,464.18696600686184,473.89589479527444,1.0,CLIENT,7,2,100000,10,17,0,30353,30868,1370,6,365,985,17721.344000000005,99,False,False
214,21,-197.5567078654842,-364.3437052042353,1.0,CLIENT,7,2,100000,16,19,0,30819,30853,1399,5,364,1020,19806.208000000006,99,False,False
214,22,-273.83862765694926,-232.98610520446232,1.0,CLIENT,7,2,100000,9,12,0,30851,30867,1405,6,366,1029,12509.184000000003,99,False,False
214,23,298.7114411418844,-3.2216252039853543,1.0,CLIENT,7,2,100000,14,4,0,30832,30832,1416,6,368,1036,4169.728,99,False,False
214,24,-57.42927680472408,-453.7336652047665,1.0,CLIENT,7,2,100000,10,12,0,30841,30878,1404,5,366,1017,12509.184000000003,99,False,False
214,25,-129.7505569397375,-26.59882520428681,1.0,CLIENT,7,2,100000,11,8,0,30845,30845,1412,6,367,1038,8339.456,99,False,False
214,26,-158.42558805521662,33.62529479552933,1.0,CLIENT,7,2,100000,12,14,0,30846,30846,1405,7,365,1035,14594.048000000004,99,False,False
214,27,369.9237421729563,-201.48254520411257,1.0,CLIENT,7,2,100000,11,8,0,30864,30869,1413,5,367,1037,8339.456,99,False,False
214,28,-351.7048033111076,-453.2883852043088,1.0,CLIENT,7,2,100000,17,29,0,30427,30833,1359,5,362,980,30230.528000000013,99,False,False
214,29,285.40369189514865,-496.5918652041327,1.0,CLIENT,7,2,100000,12,16,0,30717,30872,1394,4,364,1019,16678.912000000004,99,False,False
214,30,-45.78499621361929,-433.80738520445306,1.0,CLIENT,7,2,100000,10,20,0,30847,30862,1399,6,364,1013,20848.640000000007,99,False,False
214,31,372.4585515531528,480.46377479530264,1.0,CLIENT,7,2,100000,15,29,0,30630,30886,1372,6,361,992,30230.528000000013,99,False,False
214,32,-25.82337234267148,-130.5717052043846,1.0,CLIENT,7,2,100000,12,10,0,30842,30842,1412,4,366,1034,10424.320000000002,99,False,False
214,33,220.3699887289744,487.2542947955597,1.0,CLIENT,7,2,100000,11,16,0,30795,30880,1397,5,365,1022,16678.912000000004,99,False,False
214,34,495.39680650310044,-330.0571452045841,1.0,CLIENT,7,2,100000,11,12,0,30679,30867,1398,6,366,1013,12509.184000000003,99,False,False
214,35,-163.8912707819867,354.2268947952567,1.0,CLIENT,7,2,100000,9,12,0,30892,30895,1407,7,366,1024,12509.184000000003,99,False,False
214,36,-488.5845098529807,289.88393479555697,1.0,CLIENT,7,2,100000,8,8,0,30623,30895,1404,6,367,1018,8339.456,99,False,False
214,37,462.5234973506681,-218.06922520415696,1.0,CLIENT,7,2,100000,14,16,0,30838,30875,1404,5,365,1020,16678.912000000004,99,False,False
214,38,-275.8981602783942,179.56581479565983,1.0,CLIENT,7,2,100000,14,16,0,30852,30853,1404,6,365,1024,16678.912000000004,99,False,False
214,39,-120.87872410820513,186.9129347953026,1.0,CLIENT,7,2,100000,17,20,0,30844,30844,1400,6,364,1026,20848.640000000007,99,False,False
214,40,-126.42361962791286,-455.29214520399563,1.0,CLIENT,7,2,100000,12,16,0,30781,30854,1399,5,365,1013,16678.912000000004,99,False,False
214,41,-177.51587120159874,40.52713479550533,1.0,CLIENT,7,2,100000,12,12,0,30850,30850,1408,6,366,1037,12509.184000000003,99,False,False
214,42,-188.051172688762,-289.75930520429046,1.0,CLIENT,7,2,100000,17,21,0,30853,30856,1400,4,364,1021,21891.072000000007,99,False,False
214,43,424.4221438514044,31.51021479533256,1.0,CLIENT,7,2,100000,15,18,0,30852,30854,1404,4,364,1017,18763.776000000005,99,False,False
214,44,107.33333292156303,-20.25358520448748,1.0,CLIENT,7,2,100000,14,8,0,30830,30830,1412,6,367,1035,8339.456,99,False,False
214,45,-406.1239921966181,-51.20054520466056,1.0,CLIENT,7,2,100000,17,23,0,30817,30823,1398,5,363,1024,23975.93600000001,99,False,False
214,46,-220.9244818411943,461.98465479529034,1.0,CLIENT,7,2,100000,12,12,0,30791,30884,1400,7,366,1016,12509.184000000003,99,False,False
214,47,-261.4814319277169,361.3513747954616,1.0,CLIENT,7,2,100000,15,20,0,30824,30849,1400,6,364,1019,20848.640000000007,99,False,False
214,48,-247.85683150754207,-180.44306520423675,1.0,CLIENT,7,2,100000,11,16,0,30861,30861,1404,6,365,1034,16678.912000000004,99,False,False
214,49,294.9884398648086,176.56017479533858,1.0,CLIENT,7,2,100000,16,13,0,30827,30827,1408,5,365,1035,13551.616000000004,99,False,False
214,50,-42.220420522418806,-292.6536252041018,1.0,CLIENT,7,2,100000,12,16,0,30843,30843,1405,5,365,1030,16678.912000000004,99,False,False
214,51,97.27330819315145,315.9328147954409,1.0,CLIENT,7,2,100000,11,14,0,30854,30854,1406,6,365,1036,14594.048000000004,99,False,False
214,52,137.6718326932359,163.09045479533438,1.0,CLIENT,7,2,100000,8,1,0,30856,30856,1419,6,368,1038,1042.432,99,False,False
214,53,115.01697385565333,-286.30838520430245,1.0,CLIENT,7,2,100000,11,8,0,30855,30855,1413,5,367,1028,8339.456,99,False,False
214,54,-352.8137824150491,55.22137479558182,1.0,CLIENT,7,2,100000,10,12,0,30866,30866,1408,6,366,1025,12509.184000000003,99,False,False
214,55,-447.3146446283306,69.02505479553383,1.0,CLIENT,7,2,100000,10,16,0,30879,30903,1404,4,365,1026,16678.912000000004,99,False,False
214,56,16.951535951171397,274.0764947959181,1.0,CLIENT,7,2,100000,10,5,0,30863,30863,1416,5,367,1033,5212.16,99,False,False
214,57,50.37933465529307,451.74321479583625,1.0,CLIENT,7,2,100000,10,15,0,30842,30858,1404,6,365,1025,15636.480000000005,99,False,False
214,58,-99.09520599518825,341.7590547958869,1.0,CLIENT,7,2,100000,10,12,0,30858,30860,1409,5,366,1028,12509.184000000003,99,False,False
214,59,-347.9818020340318,-305.0101452045436,1.0,CLIENT,7,2,100000,10,10,0,30832,30897,1399,2,367,1022,10424.320000000002,99,False,False
214,60,-35.56654589876954,148.28489479553895,1.0,CLIENT,7,2,100000,13,12,0,30847,30847,1409,5,366,1031,12509.184000000003,99,False,False
214,61,-70.81623884496028,-167.86390520435702,1.0,CLIENT,7,2,100000,14,11,0,30840,30840,1409,6,366,1033,11466.752000000002,99,False,False
214,62,-160.08905671141036,-157.95642520405977,1.0,CLIENT,7,2,100000,9,8,0,30849,30849,1412,6,367,1040,8339.456,99,False,False
214,63,297.99852600375687,364.02305479583504,1.0,CLIENT,7,2,100000,14,13,0,30849,30861,1408,5,365,1036,13551.616000000004,99,False,False
214,64,459.4341984182193,-127.67738520457328,1.0,CLIENT,7,2,100000,10,12,0,30872,30885,1409,5,366,1026,12509.184000000003,99,False,False
214,65,230.58843904382414,381.61161479572286,1.0,CLIENT,7,2,100000,14,14,0,30840,30850,1406,6,365,1031,14594.048000000004,99,False,False
214,66,-445.65117597269966,-20.476225204716343,1.0,CLIENT,7,2,100000,14,20,0,30848,30857,1401,5,364,1023,20848.640000000007,99,False,False
214,67,-309.6428101553922,92.17961479560643,1.0,CLIENT,7,2,100000,12,6,0,30867,30867,1414,6,367,1027,6254.592,99,False,False
214,68,73.19261907931383,365.2475747959073,1.0,CLIENT,7,2,100000,10,8,0,30892,30893,1412,6,367,1036,8339.456,99,False,False
214,69,-64.16236422131102,-373.5832652046369,1.0,CLIENT,7,2,100000,11,17,0,30841,30843,1404,5,365,1024,17721.344000000005,99,False,False
214,70,-357.2496988308153,320.942214795449,1.0,CLIENT,7,2,100000,11,16,0,30812,30878,1402,6,365,1016,16678.912000000004,99,False,False
214,71,10.376874121022636,-162.40922520468217,1.0,CLIENT,7,2,100000,8,12,0,30858,30858,1409,5,366,1039,12509.184000000003,99,False,False
214,72,240.173187013484,446.06589479593254,1.0,CLIENT,7,2,100000,9,6,0,30839,30885,1411,6,367,1027,6254.592,99,False,False
214,73,-150.5043087417505,492.48633479579667,1.0,CLIENT,7,2,100000,16,25,0,30808,30895,1391,5,362,1008,26060.80000000001,99,False,False
214,74,25.902581576204263,51.993094795822685,1.0,CLIENT,7,2,100000,12,8,0,30833,30833,1413,5,367,1029,8339.456,99,False,False
214,75,-359.46765703869835,457.64317479596883,1.0,CLIENT,7,2,100000,12,26,0,30546,30887,1381,6,363,999,27103.23200000001,99,False,False
214,76,-140.99877356502827,-389.5020252039947,1.0,CLIENT,7,2,100000,14,13,0,30837,30855,1409,3,366,1026,13551.616000000004,99,False,False
214,77,148.52398535327552,194.03741479550746,1.0,CLIENT,7,2,100000,13,12,0,30858,30858,1408,6,366,1038,12509.184000000003,99,False,False
214,78,-83.49028574706897,219.52969479600569,1.0,CLIENT,7,2,100000,14,8,0,30856,30856,1412,6,367,1041,8339.456,99,False,False
214,79,247.69840236169898,412.89253479584374,1.0,CLIENT,7,2,100000,14,30,0,30853,30881,1390,6,361,1017,31272.960000000014,99,False,False
214,80,250.2332117418956,350.1080547953731,1.0,CLIENT,7,2,100000,9,13,0,30892,30897,1407,6,366,1031,13551.616000000004,99,False,False
214,81,300.61254817745396,-491.8051052043535,1.0,CLIENT,7,2,100000,15,17,0,30691,30854,1394,4,365,1004,17721.344000000005,99,False,False
214,82,109.39286554300794,-371.80214520438795,1.0,CLIENT,7,2,100000,11,12,0,30874,30874,1408,6,366,1033,12509.184000000003,99,False,False
214,83,-54.815254631026974,26.723454795553323,1.0,CLIENT,7,2,100000,15,8,0,30820,30820,1412,6,367,1037,8339.456,99,False,False
214,84,361.9232500659896,-184.45058520440142,1.0,CLIENT,7,2,100000,11,11,0,30866,30868,1410,5,366,1037,11466.752000000002,99,False,False
214,85,-331.34711547490855,-140.92446520434862,1.0,CLIENT,7,2,100000,12,17,0,30877,30881,1405,4,364,1030,17721.344000000005,99,False,False
214,86,211.65658148388022,-486.5730652041165,1.0,CLIENT,7,2,100000,13,19,0,30815,30879,1401,4,364,1007,19806.208000000006,99,False,False
214,87,401.7672850143847,205.5033747958248,1.0,CLIENT,7,2,100000,15,17,0,30842,30852,1404,5,364,1022,17721.344000000005,99,False,False
214,88,296.8895468998153,-272.9499852040172,1.0,CLIENT,7,2,100000,10,13,0,30859,30862,1409,4,366,1023,13551.616000000004,99,False,False
214,89,-278.27454407271546,227.9900147960018,1.0,CLIENT,7,2,100000,10,8,0,30866,30868,1412,6,367,1031,8339.456,99,False,False
214,90,315.74219166682155,-147.93762520404357,1.0,CLIENT,7,2,100000,15,17,0,30852,30852,1404,5,364,1029,17721.344000000005,99,False,False
214,91,270.3532611987187,0.6745747956694004,1.0,CLIENT,7,2,100000,13,16,0,30852,30852,1406,4,365,1037,16678.912000000004,99,False,False
214,92,-182.4270643761166,19.48765479562951,1.0,CLIENT,7,2,100000,10,12,0,30856,30856,1407,7,366,1025,12509.184000000003,99,False,False
214,93,280.0172219618791,-471.32222520465433,1.0,CLIENT,7,2,100000,16,12,0,30767,30860,1401,4,366,1004,12509.184000000003,99,False,False
214,94,386.24157755920305,441.61309479531013,1.0,CLIENT,7,2,100000,13,24,0,30694,30869,1385,6,363,1013,25018.36800000001,99,False,False
214,95,-107.49176206796893,-496.4805452044138,1.0,CLIENT,7,2,100000,11,8,0,30791,30886,1406,6,367,1022,8339.456,99,False,False
214,96,-359.94293379745005,357.12121479585903,1.0,CLIENT,7,2,100000,15,16,0,30787,30875,1401,5,365,1016,16678.912000000004,99,False,False
214,97,-414.2036970970853,20.044254795806182,1.0,CLIENT,7,2,100000,13,12,0,30860,30866,1406,6,366,1023,12509.184000000003,99,False,False
214,98,262.35276909175207,246.69177479545198,1.0,CLIENT,7,2,100000,13,20,0,30867,30869,1400,6,364,1026,20848.640000000007,99,False,False
214,99,-266.2341995157966,-185.3411452045259,1.0,CLIENT,7,2,100000,14,17,0,30843,30845,1403,6,364,1025,17721.344000000005,99,False,False

215,0,-231.77663450067107,464.87897479589265,1.0,CLIENT,7,2,100000,13,12,0,30598,30679,1411,8,367,1035,12509.184000000003,99,False,False
215,1,-335.38696792486076,94.85129479597987,1.0,CLIENT,7,2,100000,14,9,0,30656,30657,1422,7,367,1053,9381.888,99,False,False
215,2,242.15350684199126,-260.3708252041375,1.0,CLIENT,7,2,100000,10,4,0,30664,30673,1425,9,369,1053,4169.728,99,False,False
215,3,-484.227806230715,-185.11850520429704,1.0,CLIENT,7,2,100000,12,25,0,30550,30694,1397,7,363,1025,26060.80000000001,99,False,False
215,4,383.15227862675425,214.29765479576872,1.0,CLIENT,7,2,100000,15,24,0,30659,30675,1405,9,364,1034,25018.36800000001,99,False,False
215,5,-82.06445547081391,-131.35094520399917,1.0,CLIENT,7,2,100000,9,8,0,30668,30668,1421,9,368,1050,8339.456,99,False,False
215,6,-376.89447152888675,-437.0356652042122,1.0,CLIENT,7,2,100000,13,22,0,30254,30675,1380,9,365,1004,22933.504000000008,99,False,False
215,7,-147.96949936099105,-211.50134520412877,1.0,CLIENT,7,2,100000,17,18,0,30642,30644,1409,11,365,1041,18763.776000000005,99,False,False
215,8,149.55375166371655,-162.96582520406787,1.0,CLIENT,7,2,100000,9,12,0,30690,30690,1416,10,367,1040,12509.184000000003,99,False,False
215,9,-36.437886623335245,-328.1647052046162,1.0,CLIENT,7,2,100000,15,12,0,30651,30654,1419,7,367,1042,12509.184000000003,99,False,False
215,10,-203.73530572981895,73.14389479541745,1.0,CLIENT,7,2,100000,12,13,0,30650,30650,1416,9,367,1048,13551.616000000004,99,False,False
215,11,-219.81550273725276,-130.2377452044368,1.0,CLIENT,7,2,100000,14,8,0,30660,30660,1420,10,368,1049,8339.456,99,False,False
215,12,-266.39262510223483,250.8106147953356,1.0,CLIENT,7,2,100000,15,17,0,30656,30659,1412,9,365,1042,17721.344000000005,99,False,False
215,13,-457.92915890899434,104.75877479548615,1.0,CLIENT,7,2,100000,15,12,0,30639,30666,1418,7,367,1043,12509.184000000003,99,False,False
215,14,-76.9156239169202,2.4556947959183617,1.0,CLIENT,7,2,100000,14,9,0,30650,30650,1417,12,367,1044,9381.888,99,False,False
215,15,316.37589401201143,70.24957479560612,1.0,CLIENT,7,2,100000,8,8,0,30698,30698,1422,8,368,1052,8339.456,99,False,False
215,16,-283.8194395924232,348.2156147954052,1.0,CLIENT,7,2,100000,15,16,0,30623,30651,1410,8,366,1042,16678.912000000004,99,False,False
215,17,-82.8565834018791,-187.90150520438942,1.0,CLIENT,7,2,100000,12,8,0,30673,30673,1421,9,368,1050,8339.456,99,False,False
215,18,-199.93309165924262,142.4962547959163,1.0,CLIENT,7,2,100000,15,13,0,30639,30639,1417,8,366,1048,13551.616000000004,99,False,False
215,19,421.2536321260179,-333.73070520401,1.0,CLIENT,7,2,100000,13,17,0,30398,30689,1392,7,366,1013,17721.344000000005,99,False,False
215,20,-54.102339492899446,-258.3670652044506,1.0,CLIENT,7,2,100000,9,8,0,30675,30676,1423,7,368,1043,8339.456,99,False,False
215,21,126.42361606794513,102.7550147957993,1.0,CLIENT,7,2,100000,15,16,0,30657,30657,1408,14,366,1037,16678.912000000004,99,False,False
215,22,-70.97466443139847,-311.9119852045196,1.0,CLIENT,7,2,100000,9,11,0,30678,30678,1420,7,367,1041,11466.752000000002,99,False,False
215,23,182.8231247819629,-368.01726520445214,1.0,CLIENT,7,2,100000,14,4,0,30661,30681,1425,8,369,1047,4169.728,99,False,False
215,24,-285.64133383449223,-92.9455452044644,1.0,CLIENT,7,2,100000,10,12,0,30680,30680,1417,9,367,1044,12509.184000000003,99,False,False
215,25,-124.99778935109497,222.6466547952549,1.0,CLIENT,7,2,100000,11,8,0,30657,30657,1421,9,368,1049,8339.456,99,False,False
215,26,134.42410817434893,462.2072947955192,1.0,CLIENT,7,2,100000,12,19,0,30657,30673,1410,8,365,1038,19806.208000000006,99,False,False
215,27,-253.00566306143577,-198.1429452046345,1.0,CLIENT,7,2,100000,11,8,0,30684,30689,1416,11,368,1044,8339.456,99,False,False
215,28,257.6000015036724,262.94449479554856,1.0,CLIENT,7,2,100000,17,26,0,30662,30662,1400,12,363,1030,27103.23200000001,99,False,False
215,29,-120.40344734945344,114.55493479527348,1.0,CLIENT,7,2,100000,12,8,0,30651,30651,1421,9,368,1050,8339.456,99,False,False
215,30,-348.0610148269694,462.8752147954148,1.0,CLIENT,7,2,100000,10,25,0,30465,30693,1381,6,363,1014,26060.80000000001,99,False,False
215,31,492.861997122341,357.9004547954736,1.0,CLIENT,7,2,100000,15,25,0,30307,30678,1385,9,363,1009,26060.80000000001,99,False,False
215,32,-54.894467424527484,-225.19370520436183,1.0,CLIENT,7,2,100000,11,15,0,30670,30670,1415,9,366,1042,15636.480000000005,99,False,False
215,33,119.69052865079536,409.8868947955225,1.0,CLIENT,7,2,100000,11,14,0,30680,30686,1416,7,366,1047,14594.048000000004,99,False,False
215,34,129.35448941395575,27.947974795625612,1.0,CLIENT,7,2,100000,11,9,0,30669,30669,1418,11,367,1047,9381.888,99,False,False
215,35,-342.8329704795752,-108.86430520461317,1.0,CLIENT,7,2,100000,9,12,0,30681,30688,1415,9,367,1040,12509.184000000003,99,False,False
215,36,236.2917601494072,-248.23694520471548,1.0,CLIENT,7,2,100000,7,7,0,30698,30699,1421,10,368,1043,7297.023999999999,99,False,False
215,37,-265.5212843776691,455.639414795491,1.0,CLIENT,7,2,100000,14,13,0,30569,30665,1409,9,367,1027,13551.616000000004,99,False,False
215,38,-466.80099174052674,463.32049479587255,1.0,CLIENT,7,2,100000,14,20,0,30091,30623,1355,4,363,975,20848.640000000007,99,False,False
215,39,449.53259927624595,-435.9224652046498,1.0,CLIENT,7,2,100000,17,42,0,29832,30629,1339,5,360,965,43782.14400000002,99,False,False
215,40,283.8986488253931,99.3040947958113,1.0,CLIENT,7,2,100000,12,16,0,30672,30672,1412,10,366,1044,16678.912000000004,99,False,False
215,41,69.86568176748919,64.12697479524468,1.0,CLIENT,7,2,100000,12,12,0,30659,30659,1413,13,367,1039,12509.184000000003,99,False,False
215,42,-162.78229167804514,421.130214795611,1.0,CLIENT,7,2,100000,17,20,0,30642,30666,1405,9,365,1028,20848.640000000007,99,False,False
215,43,-302.43444597949076,353.3363347959232,1.0,CLIENT,7,2,100000,15,15,0,30626,30650,1414,8,366,1029,15636.480000000005,99,False,False
215,44,30.259285198469932,-229.31254520424545,1.0,CLIENT,7,2,100000,14,16,0,30671,30671,1415,7,366,1042,16678.912000000004,99,False,False
215,45,74.38081097619303,414.228374795635,1.0,CLIENT,7,2,100000,17,23,0,30636,30638,1407,8,364,1036,23975.93600000001,99,False,False
215,46,339.8228807806592,338.196814795389,1.0,CLIENT,7,2,100000,12,12,0,30653,30679,1413,11,367,1035,12509.184000000003,99,False,False
215,47,-328.0201781630839,91.84565479565862,1.0,CLIENT,7,2,100000,15,16,0,30646,30647,1415,7,366,1045,16678.912000000004,99,False,False
215,48,344.1003716099872,434.5999347956152,1.0,CLIENT,7,2,100000,11,16,0,30548,30681,1401,12,366,1023,16678.912000000004,99,False,False
215,49,-161.35646140122725,384.39461479581524,1.0,CLIENT,7,2,100000,16,25,0,30668,30677,1403,9,363,1031,26060.80000000001,99,False,False
215,50,-289.1266967327551,-393.1755852042116,1.0,CLIENT,7,2,100000,12,22,0,30567,30686,1401,10,365,1014,22933.504000000008,99,False,False
215,51,-475.9104629508721,-324.3798252046804,1.0,CLIENT,7,2,100000,11,24,0,30285,30687,1377,10,364,999,25018.36800000001,99,False,False
215,52,472.8211604584555,258.82565479566495,1.0,CLIENT,7,2,100000,8,8,0,30575,30690,1409,9,368,1034,8339.456,99,False,False
215,53,77.62853549508,-44.29870520468455,1.0,CLIENT,7,2,100000,11,6,0,30659,30659,1420,12,368,1050,6254.592,99,False,False
215,54,0.3960621855487334,498.1636547957004,1.0,CLIENT,7,2,100000,10,8,0,30642,30665,1422,7,368,1050,8339.456,99,False,False
215,55,479.9503118408565,337.75153479572225,1.0,CLIENT,7,2,100000,10,16,0,30466,30706,1391,11,366,1018,16678.912000000004,99,False,False
215,56,-168.64403837006637,241.68237479544388,1.0,CLIENT,7,2,100000,10,4,0,30674,30674,1425,9,369,1050,4169.728,99,False,False
215,57,-31.447480655879712,236.22769479576903,1.0,CLIENT,7,2,100000,10,14,0,30659,30659,1415,9,366,1041,14594.048000000004,99,False,False
215,58,-474.64305826105516,-13.351745204511474,1.0,CLIENT,7,2,100000,10,12,0,30647,30672,1417,8,367,1043,12509.184000000003,99,False,False
215,59,200.56679044446477,-201.48254520411257,1.0,CLIENT,7,2,100000,10,8,0,30686,30688,1421,9,368,1039,8339.456,99,False,False
215,60,-491.11931923374016,235.4484547953635,1.0,CLIENT,7,2,100000,13,16,0,30550,30680,1409,6,366,1035,16678.912000000004,99,False,False
215,61,-402.79705488479345,373.3739347959556,1.0,CLIENT,7,2,100000,14,12,0,30498,30652,1403,9,367,1030,12509.184000000003,99,False,False
215,62,-274.78918117445266,-239.77662520471938,1.0,CLIENT,7,2,100000,9,8,0,30674,30682,1419,11,368,1031,8339.456,99,False,False
215,63,312.8905311137486,417.2340147959562,1.0,CLIENT,7,2,100000,14,21,0,30617,30693,1396,11,365,1023,21891.072000000007,99,False,False
215,64,-41.66593097016661,2.5670147956373057,1.0,CLIENT,7,2,100000,10,12,0,30674,30674,1414,12,367,1045,12509.184000000003,99,False,False
215,65,270.74932516453276,237.45221479584131,1.0,CLIENT,7,2,100000,14,13,0,30661,30662,1413,12,366,1046,13551.616000000004,99,False,False
215,66,117.39335764997459,212.51653479551976,1.0,CLIENT,7,2,100000,14,18,0,30659,30659,1410,10,365,1043,18763.776000000005,99,False,False
215,67,-431.3136604143973,-66.11742520417494,1.0,CLIENT,7,2,100000,12,5,0,30657,30679,1425,7,368,1044,5212.16,99,False,False
215,68,74.4600237691307,391.741734795458,1.0,CLIENT,7,2,100000,10,8,0,30692,30693,1422,8,368,1051,8339.456,99,False,False
215,69,-219.6570771508146,430.3697747960126,1.0,CLIENT,7,2,100000,11,20,0,30645,30687,1403,9,365,1033,20848.640000000007,99,False,False
215,70,-319.0691325386139,-429.7998652042884,1.0,CLIENT,7,2,100000,11,19,0,30410,30682,1394,10,366,1009,19806.208000000006,99,False,False
215,71,199.45781134052322,56.557214795373056,1.0,CLIENT,7,2,100000,8,12,0,30684,30684,1418,8,367,1042,12509.184000000003,99,False,False
215,72,-375.0725772868177,-230.4257452045988,1.0,CLIENT,7,2,100000,9,5,0,30650,30699,1420,10,368,1046,5212.16,99,False,False
215,73,460.0679007634092,-394.5114252040028,1.0,CLIENT,7,2,100000,17,26,0,29977,30663,1357,6,363,989,27103.23200000001,99,False,False
215,74,-20.19926403002609,258.9369747953839,1.0,CLIENT,7,2,100000,12,13,0,30663,30663,1416,9,366,1049,13551.616000000004,99,False,False
215,75,175.06027105437207,-497.03714520459044,1.0,CLIENT,7,2,100000,12,16,0,30482,30663,1404,7,365,1031,16678.912000000004,99,False,False
215,76,-421.80812523823784,362.5758947955339,1.0,CLIENT,7,2,100000,14,20,0,30499,30669,1400,8,366,1017,20848.640000000007,99,False,False
215,77,222.19188297104347,-126.67550520472986,1.0,CLIENT,7,2,100000,13,12,0,30662,30663,1418,8,367,1042,12509.184000000003,99,False,False
215,78,278.5121788921236,392.7436147953014,1.0,CLIENT,7,2,100000,14,12,0,30659,30687,1416,9,367,1046,12509.184000000003,99,False,False
215,79,391.54883469953495,-185.78642520419265,1.0,CLIENT,7,2,100000,14,24,0,30635,30671,1405,8,364,1029,25018.36800000001,99,False,False
215,80,58.85510352101141,-186.78830520403608,1.0,CLIENT,7,2,100000,9,12,0,30677,30677,1417,9,367,1043,12509.184000000003,99,False,False
215,81,-353.2098463808631,-334.9552252040823,1.0,CLIENT,7,2,100000,15,17,0,30546,30661,1403,9,366,1022,17721.344000000005,99,False,False
215,82,96.63960584796159,160.0848147958041,1.0,CLIENT,7,2,100000,11,9,0,30666,30666,1418,11,367,1047,9381.888,99,False,False
215,83,-421.33284847948624,441.835734795539,1.0,CLIENT,7,2,100000,15,20,0,30348,30661,1378,6,365,1008,20848.640000000007,99,False,False
215,84,-146.30603070536014,366.13813479524083,1.0,CLIENT,7,2,100000,11,5,0,30659,30665,1423,9,368,1042,5212.16,99,False,False
215,85,263.22410981631776,303.7989347952279,1.0,CLIENT,7,2,100000,12,9,0,30674,30676,1416,12,367,1039,9381.888,99,False,False
215,86,-257.36236668426426,11.58393479581008,1.0,CLIENT,7,2,100000,13,8,0,30646,30646,1422,8,368,1043,8339.456,99,False,False
215,87,416.8969285037523,-346.08722520445184,1.0,CLIENT,7,2,100000,15,23,0,30392,30677,1380,7,364,1003,23975.93600000001,99,False,False
215,88,446.36408755085944,479.23925479523035,1.0,CLIENT,7,2,100000,10,23,0,30166,30685,1370,10,364,990,23975.93600000001,99,False,False
215,89,-63.528661876684,259.6048947952795,1.0,CLIENT,7,2,100000,10,6,0,30675,30675,1423,9,368,1045,6254.592,99,False,False
215,90,-469.0189499478469,-325.3817052045238,1.0,CLIENT,7,2,100000,15,20,0,30267,30661,1382,8,365,999,20848.640000000007,99,False,False
215,91,-236.68782767518894,-22.479985204403192,1.0,CLIENT,7,2,100000,13,16,0,30652,30652,1413,9,366,1042,16678.912000000004,99,False,False
215,92,-309.2467461895782,7.576414795645405,1.0,CLIENT,7,2,100000,10,16,0,30680,30681,1414,8,366,1046,16678.912000000004,99,False,False
215,93,-111.92767848373511,-268.16322520423796,1.0,CLIENT,7,2,100000,15,8,0,30655,30656,1421,9,368,1041,8339.456,99,False,False
215,94,-151.61328784569204,51.993094795822685,1.0,CLIENT,7,2,100000,13,20,0,30664,30664,1410,8,365,1043,20848.640000000007,99,False,False
215,95,437.9675314780788,495.82593479527475,1.0,CLIENT,7,2,100000,12,9,0,30114,30697,1377,11,368,994,9381.888,99,False,False
215,96,-185.75400168794124,345.9892147954895,1.0,CLIENT,7,2,100000,15,15,0,30662,30664,1414,9,366,1041,15636.480000000005,99,False,False
215,97,210.78524075931452,35.7403747957261,1.0,CLIENT,7,2,100000,13,12,0,30668,30668,1417,9,367,1040,12509.184000000003,99,False,False
215,98,257.1247247449207,-41.07042520413444,1.0,CLIENT,7,2,100000,13,14,0,30656,30656,1416,8,366,1046,14594.048000000004,99,False,False
215,99,-455.55277511467307,370.59093479586323,1.0,CLIENT,7,2,100000,14,23,0,30395,30655,1380,5,363,1003,23975.93600000001,99,False,False

216,0,31.84354106116316,-138.0301452045373,1.0,CLIENT,7,2,100000,13,8,0,31007,31007,1416,10,367,1037,8339.456,99,False,False
216,1,10.21844853458446,0.006654795773783917,1.0,CLIENT,7,2,100000,14,10,0,31002,31002,1412,12,366,1034,10424.320000000002,99,False,False
216,2,-161.91095095347944,-400.63402520436426,1.0,CLIENT,7,2,100000,11,4,0,31021,31031,1420,9,368,1032,4169.728,99,False,False
216,3,339.03075284903116,-298.6649052047443,1.0,CLIENT,7,2,100000,12,16,0,30984,31019,1402,11,365,1014,16678.912000000004,99,False,False
216,4,414.5205447094311,368.9211347953332,1.0,CLIENT,7,2,100000,15,25,0,30753,31020,1380,6,363,1003,26060.80000000001,99,False,False
216,5,237.7175904262251,292.8895747958782,1.0,CLIENT,7,2,100000,9,8,0,31022,31025,1418,8,367,1041,8339.456,99,False,False
216,6,-485.81206209340826,-339.7419852046525,1.0,CLIENT,7,2,100000,13,19,0,30729,31030,1391,8,364,1012,19806.208000000006,99,False,False
216,7,-64.55842818712503,414.11705479591603,1.0,CLIENT,7,2,100000,17,21,0,30996,31002,1404,9,363,1032,21891.072000000007,99,False,False
216,8,-264.41230527372755,-258.47838520416957,1.0,CLIENT,7,2,100000,10,11,0,31016,31026,1412,10,366,1035,11466.752000000002,99,False,False
216,9,346.3183298178703,-248.12562520420556,1.0,CLIENT,7,2,100000,15,19,0,30986,31014,1401,12,364,1015,19806.208000000006,99,False,False
216,10,135.612300071791,-125.45098520465757,1.0,CLIENT,7,2,100000,12,16,0,31008,31008,1406,12,365,1031,16678.912000000004,99,False,False
216,11,-415.9463785456538,-461.8600252040238,1.0,CLIENT,7,2,100000,14,20,0,30609,31029,1383,7,363,1004,20848.640000000007,99,False,False
216,12,-465.85043822246047,-331.8382652040421,1.0,CLIENT,7,2,100000,15,30,0,30806,31036,1385,8,362,1006,31272.960000000014,99,False,False
216,13,-170.86199657794947,-291.2064652045916,1.0,CLIENT,7,2,100000,16,12,0,30998,31001,1413,9,366,1043,12509.184000000003,99,False,False
216,14,-230.90529377610537,258.9369747953839,1.0,CLIENT,7,2,100000,14,12,0,31007,31011,1411,11,366,1031,12509.184000000003,99,False,False
216,15,225.67724586930626,307.69513479567365,1.0,CLIENT,7,2,100000,9,8,0,31034,31035,1418,8,367,1042,8339.456,99,False,False
216,16,128.40393589588953,-248.45958520415337,1.0,CLIENT,7,2,100000,15,20,0,31005,31005,1403,11,364,1033,20848.640000000007,99,False,False
216,17,-172.05018847482867,223.3145747959415,1.0,CLIENT,7,2,100000,12,8,0,31010,31012,1416,10,367,1048,8339.456,99,False,False
216,18,-242.153510401959,-316.1421452041222,1.0,CLIENT,7,2,100000,15,21,0,31012,31017,1403,10,363,1035,21891.072000000007,99,False,False
216,19,-455.156711148859,-394.5114252040028,1.0,CLIENT,7,2,100000,13,18,0,30709,31032,1388,6,364,1016,18763.776000000005,99,False,False
216,20,-303.6226378769328,94.2946947958032,1.0,CLIENT,7,2,100000,9,8,0,31030,31031,1416,10,367,1041,8339.456,99,False,False
216,21,79.45042973714908,-224.63710520418516,1.0,CLIENT,7,2,100000,15,16,0,31003,31003,1408,10,365,1037,16678.912000000004,99,False,False
216,22,114.7793354762775,-365.1229452046408,1.0,CLIENT,7,2,100000,9,12,0,31035,31038,1412,9,366,1031,12509.184000000003,99,False,False
216,23,168.3271836372223,298.34425479555307,1.0,CLIENT,7,2,100000,14,4,0,31011,31012,1422,8,368,1041,4169.728,99,False,False
216,24,-318.5938557798622,-193.801465204522,1.0,CLIENT,7,2,100000,10,12,0,31027,31033,1412,10,366,1039,12509.184000000003,99,False,False
216,25,286.4334582055897,-244.1181052040409,1.0,CLIENT,7,2,100000,11,8,0,31018,31027,1413,12,367,1040,8339.456,99,False,False
216,26,365.64625134362825,-20.69886520415423,1.0,CLIENT,7,2,100000,12,19,0,31015,31016,1407,8,364,1029,19806.208000000006,99,False,False
216,27,219.1817968320952,-381.82094520440415,1.0,CLIENT,7,2,100000,11,8,0,31014,31039,1416,10,367,1039,8339.456,99,False,False
216,28,-10.535303267428539,116.89265479569912,1.0,CLIENT,7,2,100000,17,20,0,30978,30978,1403,11,364,1034,20848.640000000007,99,False,False
216,29,442.7202990661584,-106.86054520413535,1.0,CLIENT,7,2,100000,12,15,0,30986,31018,1410,8,365,1029,15636.480000000005,99,False,False
216,30,25.823368782703753,415.5642147954262,1.0,CLIENT,7,2,100000,10,23,0,31025,31030,1401,10,363,1017,23975.93600000001,99,False,False
216,31,-497.77319385682654,175.00169479531849,1.0,CLIENT,7,2,100000,15,25,0,30930,31019,1390,10,362,1009,26060.80000000001,99,False,False
216,32,-117.94785076219452,372.0380947953734,1.0,CLIENT,7,2,100000,12,15,0,31022,31025,1410,9,365,1030,15636.480000000005,99,False,False
216,33,154.9402215969861,446.2885347953704,1.0,CLIENT,7,2,100000,11,12,0,30981,31022,1410,9,366,1029,12509.184000000003,99,False,False
216,34,429.88782657817444,66.57601479538926,1.0,CLIENT,7,2,100000,11,12,0,31001,31019,1412,8,366,1038,12509.184000000003,99,False,False
216,35,-69.94489812039458,-162.52054520440112,1.0,CLIENT,7,2,100000,9,12,0,31026,31026,1412,10,366,1040,12509.184000000003,99,False,False
216,36,437.2546163399512,-193.4675052045742,1.0,CLIENT,7,2,100000,8,8,0,30999,31065,1410,10,367,1026,8339.456,99,False,False
216,37,-352.73456962211145,-252.6897452045469,1.0,CLIENT,7,2,100000,14,16,0,31012,31036,1408,8,365,1033,16678.912000000004,99,False,False
216,38,260.37244926324485,301.2385747953644,1.0,CLIENT,7,2,100000,14,12,0,30981,30993,1413,9,366,1039,12509.184000000003,99,False,False
216,39,-445.09668642044744,-123.11326520423194,1.0,CLIENT,7,2,100000,17,20,0,30957,30994,1403,8,364,1021,20848.640000000007,99,False,False
216,40,25.189666437513893,-148.0489452045535,1.0,CLIENT,7,2,100000,12,12,0,31003,31003,1412,10,366,1031,12509.184000000003,99,False,False
216,41,-441.6113235227475,295.11597479579393,1.0,CLIENT,7,2,100000,12,20,0,30952,31049,1399,10,364,1020,20848.640000000007,99,False,False
216,42,388.22189738771027,-192.57694520444971,1.0,CLIENT,7,2,100000,17,20,0,30985,31009,1403,9,364,1022,20848.640000000007,99,False,False
216,43,180.2091026082658,-12.572505204105937,1.0,CLIENT,7,2,100000,15,13,0,30983,30983,1411,10,365,1035,13551.616000000004,99,False,False
216,44,452.3842598293188,471.78081479586865,1.0,CLIENT,7,2,100000,14,17,0,30171,30947,1351,5,361,980,17721.344000000005,99,False,False
216,45,23.76383616125884,336.0817347959832,1.0,CLIENT,7,2,100000,17,28,0,30994,30995,1397,9,362,1026,29188.096000000012,99,False,False
216,46,177.4366548481305,-158.4017052045175,1.0,CLIENT,7,2,100000,12,10,0,31004,31004,1412,12,367,1029,10424.320000000002,99,False,False
216,47,496.8226367793555,58.89493479579869,1.0,CLIENT,7,2,100000,15,20,0,30939,31006,1400,9,364,1022,20848.640000000007,99,False,False
216,48,-32.873310932134764,-162.1865852044533,1.0,CLIENT,7,2,100000,11,16,0,31032,31032,1408,10,365,1027,16678.912000000004,99,False,False
216,49,-124.04723583359159,-248.12562520420556,1.0,CLIENT,7,2,100000,16,22,0,31010,31010,1403,9,363,1035,22933.504000000008,99,False,False
216,50,-497.06027871869907,301.90649479526,1.0,CLIENT,7,2,100000,12,22,0,30876,31063,1391,10,364,1003,22933.504000000008,99,False,False
216,51,363.9827826874345,300.79329479569765,1.0,CLIENT,7,2,100000,11,16,0,30950,31016,1403,8,365,1020,16678.912000000004,99,False,False
216,52,-414.8373994417122,-83.37202520411495,1.0,CLIENT,7,2,100000,8,8,0,31016,31035,1415,8,367,1042,8339.456,99,False,False
216,53,-12.35719750949761,-208.05042520414077,1.0,CLIENT,7,2,100000,11,8,0,31015,31015,1418,8,367,1051,8339.456,99,False,False
216,54,-67.7269399125115,24.608374795356553,1.0,CLIENT,7,2,100000,10,9,0,31018,31018,1416,9,366,1049,9381.888,99,False,False
216,55,-124.99778935109497,-458.6317452042647,1.0,CLIENT,7,2,100000,10,14,0,31011,31048,1409,8,365,1028,14594.048000000004,99,False,False
216,56,-445.49275038626155,224.53909479601379,1.0,CLIENT,7,2,100000,10,9,0,30993,31034,1412,10,367,1028,9381.888,99,False,False
216,57,170.46592905216772,267.0633347954322,1.0,CLIENT,7,2,100000,11,14,0,31006,31007,1412,7,365,1036,14594.048000000004,99,False,False
216,58,114.62090989040216,270.1802947954724,1.0,CLIENT,7,2,100000,11,12,0,31005,31006,1414,8,366,1044,12509.184000000003,99,False,False
216,59,-424.026083446121,-358.5550652046126,1.0,CLIENT,7,2,100000,10,11,0,30826,31029,1402,8,367,1018,11466.752000000002,99,False,False
216,60,342.1992645744176,-35.72706520417853,1.0,CLIENT,7,2,100000,13,13,0,31006,31007,1412,9,365,1036,13551.616000000004,99,False,False
216,61,318.11857546057996,-287.86686520432255,1.0,CLIENT,7,2,100000,14,15,0,30983,31014,1404,12,365,1023,15636.480000000005,99,False,False
216,62,441.2152559969658,-282.7461452045955,1.0,CLIENT,7,2,100000,10,8,0,30903,31045,1408,11,367,1015,8339.456,99,False,False
216,63,291.81992813885927,56.77985479560192,1.0,CLIENT,7,2,100000,14,12,0,31003,31003,1414,8,366,1036,12509.184000000003,99,False,False
216,64,118.58154954685381,-358.2211052046648,1.0,CLIENT,7,2,100000,10,12,0,31013,31015,1413,9,366,1027,12509.184000000003,99,False,False
216,65,73.90553421744136,158.86029479573182,1.0,CLIENT,7,2,100000,15,12,0,30988,30988,1412,10,366,1043,12509.184000000003,99,False,False
216,66,422.8378879887112,346.4344947959472,1.0,CLIENT,7,2,100000,15,18,0,30755,31004,1397,7,364,1003,18763.776000000005,99,False,False
216,67,242.07429404849077,335.7477747952444,1.0,CLIENT,7,2,100000,12,6,0,31018,31031,1419,9,367,1040,6254.592,99,False,False
216,68,47.92373806803414,-71.01550520446409,1.0,CLIENT,7,2,100000,10,8,0,31029,31029,1415,11,367,1042,8339.456,99,False,False
216,69,-159.6137799526587,-86.82294520410295,1.0,CLIENT,7,2,100000,11,15,0,31000,31000,1410,9,365,1035,15636.480000000005,99,False,False
216,70,-34.061502829013975,-20.364905204206423,1.0,CLIENT,7,2,100000,11,7,0,30994,30994,1416,11,367,1042,7297.023999999999,99,False,False
216,71,-474.24699429524117,245.13329479543188,1.0,CLIENT,7,2,100000,8,12,0,30941,31028,1406,11,366,1031,12509.184000000003,99,False,False
216,72,441.2944687899035,-468.87318520450975,1.0,CLIENT,7,2,100000,10,13,0,30519,31047,1370,12,365,974,13551.616000000004,99,False,False
216,73,-399.8661815387828,368.2532147954376,1.0,CLIENT,7,2,100000,16,24,0,30928,31034,1395,12,363,1015,25018.36800000001,99,False,False
216,74,-359.07159307288435,-455.9600652046822,1.0,CLIENT,7,2,100000,12,26,0,30808,31056,1380,7,363,1007,27103.23200000001,99,False,False
216,75,-347.90258924053126,126.2435347958197,1.0,CLIENT,7,2,100000,12,16,0,31020,31025,1409,9,365,1039,16678.912000000004,99,False,False
216,76,178.94169791788607,273.7425347959703,1.0,CLIENT,7,2,100000,14,4,0,30986,30986,1422,8,368,1042,4169.728,99,False,False
216,77,478.6829071510396,-147.93762520404357,1.0,CLIENT,7,2,100000,13,18,0,30961,31034,1405,9,364,1021,18763.776000000005,99,False,False
216,78,-232.4895496387986,-292.4309852046639,1.0,CLIENT,7,2,100000,14,11,0,31010,31017,1413,10,366,1038,11466.752000000002,99,False,False
216,79,278.6706044779989,414.78497479581165,1.0,CLIENT,7,2,100000,14,25,0,30908,31010,1396,7,363,1019,26060.80000000001,99,False,False
216,80,-61.38991646173858,-108.41902520415545,1.0,CLIENT,7,2,100000,9,12,0,31003,31003,1411,11,366,1040,12509.184000000003,99,False,False
216,81,208.40885696499325,285.09717479577773,1.0,CLIENT,7,2,100000,15,16,0,31002,31003,1409,8,365,1036,16678.912000000004,99,False,False
216,82,28.12053978408735,14.144294795673602,1.0,CLIENT,7,2,100000,11,12,0,31006,31006,1410,12,366,1039,12509.184000000003,99,False,False
216,83,-479.79188981494883,81.60421479541355,1.0,CLIENT,7,2,100000,15,16,0,30972,31006,1407,8,365,1028,16678.912000000004,99,False,False
216,84,54.2607615193699,-153.0583452045616,1.0,CLIENT,7,2,100000,11,4,0,30994,30994,1418,12,368,1039,4169.728,99,False,False
216,85,-393.9252220538239,-53.98354520475294,1.0,CLIENT,7,2,100000,12,13,0,31021,31021,1412,9,365,1047,13551.616000000004,99,False,False
216,86,-291.10701656069944,-159.06962520441311,1.0,CLIENT,7,2,100000,13,12,0,31009,31013,1414,8,366,1043,12509.184000000003,99,False,False
216,87,441.8489583415927,243.57481479541178,1.0,CLIENT,7,2,100000,15,17,0,30895,31000,1401,10,365,1025,17721.344000000005,99,False,False
216,88,479.39582228916714,117.22661479564692,1.0,CLIENT,7,2,100000,10,12,0,30953,31031,1408,8,366,1037,12509.184000000003,99,False,False
216,89,-55.924233734968524,230.99565479553206,1.0,CLIENT,7,2,100000,10,8,0,31017,31017,1417,9,367,1044,8339.456,99,False,False
216,90,-431.9473627595871,-238.21814520469928,1.0,CLIENT,7,2,100000,15,17,0,30927,31003,1404,8,364,1026,17721.344000000005,99,False,False
216,91,-350.8334625865418,-128.45662520418784,1.0,CLIENT,7,2,100000,13,16,0,31004,31012,1409,9,365,1038,16678.912000000004,99,False,False
216,92,-483.91095505783875,452.5224547954508,1.0,CLIENT,7,2,100000,10,20,0,30520,31011,1377,12,363,991,20848.640000000007,99,False,False
216,93,492.2282947771512,-203.93158520425715,1.0,CLIENT,7,2,100000,16,15,0,30863,31017,1401,8,365,1016,15636.480000000005,99,False,False
216,94,-236.13333812349958,-118.21518520473376,1.0,CLIENT,7,2,100000,13,23,0,31015,31015,1402,9,363,1039,23975.93600000001,99,False,False
216,95,311.4647008374935,8.355654795259966,1.0,CLIENT,7,2,100000,11,8,0,30998,31000,1417,8,367,1035,8339.456,99,False,False
216,96,-193.51685541553204,-265.3802252041456,1.0,CLIENT,7,2,100000,15,11,0,30995,30997,1413,10,366,1042,11466.752000000002,99,False,False
216,97,135.9291512441045,235.2258147959256,1.0,CLIENT,7,2,100000,13,12,0,31017,31017,1414,8,366,1046,12509.184000000003,99,False,False
216,98,376.2607656237292,-84.26258520423943,1.0,CLIENT,7,2,100000,14,16,0,30999,31005,1408,9,365,1028,16678.912000000004,99,False,False
216,99,-120.40344734945344,-61.99858520429132,1.0,CLIENT,7,2,100000,14,16,0,30994,30994,1409,9,365,1043,16678.912000000004,99,False,False

217,0,-18.37736978795702,-59.7721852043756,1.0,CLIENT,7,2,100000,13,7,0,31028,31028,1418,11,368,1044,7297.023999999999,99,False,False
217,1,-334.51562720029506,-196.80710520405228,1.0,CLIENT,7,2,100000,14,16,0,31051,31057,1409,11,366,1033,16678.912000000004,99,False,False
217,2,-23.05092458309904,75.8155747957909,1.0,CLIENT,7,2,100000,10,4,0,31038,31038,1423,9,369,1043,4169.728,99,False,False
217,3,255.30283050285163,498.72025479587705,1.0,CLIENT,7,2,100000,12,22,0,30950,31071,1400,10,364,1018,22933.504000000008,99,False,False
217,4,277.79926375399606,-11.793265204491377,1.0,CLIENT,7,2,100000,15,20,0,31010,31011,1404,11,365,1032,20848.640000000007,99,False,False
217,5,37.705287753747236,-153.28098520399948,1.0,CLIENT,7,2,100000,9,8,0,31039,31039,1418,10,368,1039,8339.456,99,False,False
217,6,214.98351879570484,-418.77918520442876,1.0,CLIENT,7,2,100000,13,9,0,31018,31046,1414,9,368,1024,9381.888,99,False,False
217,7,107.25412012862536,-402.19250520438436,1.0,CLIENT,7,2,100000,17,20,0,31017,31025,1405,11,365,1038,20848.640000000007,99,False,False
217,8,-408.8964399567534,-303.22902520429466,1.0,CLIENT,7,2,100000,10,17,0,31018,31097,1406,9,366,1033,17721.344000000005,99,False,False
217,9,497.13948795166897,146.72641479551885,1.0,CLIENT,7,2,100000,15,20,0,31020,31062,1405,11,365,1024,20848.640000000007,99,False,False
217,10,95.92669070983408,-301.8931852045034,1.0,CLIENT,7,2,100000,12,16,0,31057,31057,1409,11,366,1039,16678.912000000004,99,False,False
217,11,365.883889723004,-306.67994520428266,1.0,CLIENT,7,2,100000,14,14,0,31036,31067,1411,8,366,1030,14594.048000000004,99,False,False
217,12,-55.448956976216834,457.8658147954067,1.0,CLIENT,7,2,100000,15,20,0,31036,31050,1405,9,365,1035,20848.640000000007,99,False,False
217,13,425.8479741282223,323.8365347952603,1.0,CLIENT,7,2,100000,15,12,0,30982,31046,1413,8,367,1031,12509.184000000003,99,False,False
217,14,-421.7289124447374,-347.97966520441975,1.0,CLIENT,7,2,100000,14,15,0,30936,31083,1404,10,366,1029,15636.480000000005,99,False,False
217,15,250.5500629142091,-156.95454520421634,1.0,CLIENT,7,2,100000,9,8,0,31052,31052,1420,8,368,1039,8339.456,99,False,False
217,16,-65.19213053231489,68.80241479530497,1.0,CLIENT,7,2,100000,15,20,0,31047,31048,1406,9,365,1036,20848.640000000007,99,False,False
217,17,148.9992621120272,30.953614795946862,1.0,CLIENT,7,2,100000,12,8,0,31030,31030,1418,10,368,1049,8339.456,99,False,False
217,18,-238.7473602971967,-343.0815852041306,1.0,CLIENT,7,2,100000,15,21,0,31035,31052,1404,9,364,1033,21891.072000000007,99,False,False
217,19,400.4206675310673,462.98653479592474,1.0,CLIENT,7,2,100000,13,14,0,30772,31033,1402,9,367,1014,14594.048000000004,99,False,False
217,20,-499.27823692658217,54.77609479591507,1.0,CLIENT,7,2,100000,9,10,0,31055,31091,1414,10,367,1040,10424.320000000002,99,False,False
217,21,-70.18253649977042,198.15625479539108,1.0,CLIENT,7,2,100000,15,16,0,31038,31038,1411,9,366,1043,16678.912000000004,99,False,False
217,22,417.45141805544165,-107.41714520431202,1.0,CLIENT,7,2,100000,9,10,0,31046,31052,1417,9,367,1039,10424.320000000002,99,False,False
217,23,-286.0373978003063,55.666654795248576,1.0,CLIENT,7,2,100000,14,4,0,31056,31056,1424,8,369,1049,4169.728,99,False,False
217,24,7.842064740826037,-449.6148252040919,1.0,CLIENT,7,2,100000,10,12,0,31049,31059,1412,10,367,1044,12509.184000000003,99,False,False
217,25,-308.61304384438836,472.33741479525435,1.0,CLIENT,7,2,100000,11,16,0,30897,31092,1405,8,366,1024,16678.912000000004,99,False,False
217,26,190.34834012961502,210.84673479578072,1.0,CLIENT,7,2,100000,12,12,0,31020,31020,1415,9,367,1029,12509.184000000003,99,False,False
217,27,438.04674427101645,428.3660147955348,1.0,CLIENT,7,2,100000,11,11,0,30808,31078,1399,10,366,1013,11466.752000000002,99,False,False
217,28,-238.43050912432034,-462.7505852041483,1.0,CLIENT,7,2,100000,17,28,0,30965,31051,1394,9,363,1022,29188.096000000012,99,False,False
217,29,-84.99532881682453,-336.73634520433126,1.0,CLIENT,7,2,100000,12,16,0,31062,31064,1411,9,366,1039,16678.912000000004,99,False,False
217,30,-398.9156280212795,-165.19222520477456,1.0,CLIENT,7,2,100000,10,24,0,31058,31067,1402,11,364,1028,25018.36800000001,99,False,False
217,31,83.5694949800389,314.4856547959307,1.0,CLIENT,7,2,100000,15,17,0,31020,31020,1410,9,365,1033,17721.344000000005,99,False,False
217,32,1.505041289490278,-354.88150520439575,1.0,CLIENT,7,2,100000,11,16,0,31050,31050,1411,9,366,1043,16678.912000000004,99,False,False
217,33,321.20787439302876,84.6098547957348,1.0,CLIENT,7,2,100000,11,11,0,31052,31052,1413,12,367,1034,11466.752000000002,99,False,False
217,34,180.76359215995512,-307.4591852046882,1.0,CLIENT,7,2,100000,11,8,0,31035,31037,1418,10,368,1034,8339.456,99,False,False
217,35,55.1321022439356,276.1915747953239,1.0,CLIENT,7,2,100000,9,11,0,31057,31057,1416,9,367,1042,11466.752000000002,99,False,False
217,36,-236.8462532616271,-361.0041052047572,1.0,CLIENT,7,2,100000,8,8,0,31071,31084,1419,8,368,1037,8339.456,99,False,False
217,37,-273.0464997253212,-231.31630520472328,1.0,CLIENT,7,2,100000,14,12,0,31044,31047,1415,9,367,1039,12509.184000000003,99,False,False
217,38,-225.12275987702182,156.74521479553505,1.0,CLIENT,7,2,100000,14,16,0,31034,31034,1410,10,366,1031,16678.912000000004,99,False,False
217,39,-320.891026780683,496.82781479590915,1.0,CLIENT,7,2,100000,17,23,0,30769,31049,1392,8,363,1017,23975.93600000001,99,False,False
217,40,-139.73136887464855,87.94945479600386,1.0,CLIENT,7,2,100000,12,16,0,31056,31056,1410,10,366,1037,16678.912000000004,99,False,False
217,41,452.7011110016324,-457.1845852047545,1.0,CLIENT,7,2,100000,12,16,0,30543,31040,1362,9,363,994,16678.912000000004,99,False,False
217,42,-61.785980427552595,-25.151665203985658,1.0,CLIENT,7,2,100000,17,16,0,31009,31009,1408,12,366,1033,16678.912000000004,99,False,False
217,43,271.14538913034676,302.7970547953845,1.0,CLIENT,7,2,100000,15,17,0,31028,31031,1409,9,366,1020,17721.344000000005,99,False,False
217,44,396.6976662534287,-145.37726520418005,1.0,CLIENT,7,2,100000,14,11,0,31028,31031,1417,8,367,1045,11466.752000000002,99,False,False
217,45,31.051413130097966,-361.44938520442395,1.0,CLIENT,7,2,100000,17,28,0,31030,31031,1398,10,363,1025,29188.096000000012,99,False,False
217,46,327.14883387855053,-369.1304652040145,1.0,CLIENT,7,2,100000,12,12,0,31028,31069,1413,7,367,1023,12509.184000000003,99,False,False
217,47,-83.7279241264448,390.07193479571896,1.0,CLIENT,7,2,100000,15,19,0,31032,31033,1407,10,365,1034,19806.208000000006,99,False,False
217,48,158.1087333229354,-333.61938520429106,1.0,CLIENT,7,2,100000,11,16,0,31046,31048,1410,10,366,1041,16678.912000000004,99,False,False
217,49,445.80959799860733,173.2205747958605,1.0,CLIENT,7,2,100000,15,22,0,31027,31050,1405,9,364,1031,22933.504000000008,99,False,False
217,50,347.4273089218118,238.8993747953515,1.0,CLIENT,7,2,100000,12,19,0,31048,31054,1407,10,365,1021,19806.208000000006,99,False,False
217,51,302.434442419523,171.21681479538267,1.0,CLIENT,7,2,100000,11,16,0,31046,31046,1410,10,366,1033,16678.912000000004,99,False,False
217,52,-30.18007596549999,-400.5227052046453,1.0,CLIENT,7,2,100000,8,8,0,31067,31072,1418,10,368,1044,8339.456,99,False,False
217,53,-419.19410306454074,70.69485479527287,1.0,CLIENT,7,2,100000,11,12,0,31049,31057,1413,11,367,1038,12509.184000000003,99,False,False
217,54,-339.9020971335646,-42.96286520410234,1.0,CLIENT,7,2,100000,10,12,0,31065,31065,1413,11,367,1028,12509.184000000003,99,False,False
217,55,99.49126640103455,28.28193479557342,1.0,CLIENT,7,2,100000,10,6,0,31042,31042,1420,10,367,1039,6254.592,99,False,False
217,56,92.44132781157126,52.772334795437246,1.0,CLIENT,7,2,100000,10,4,0,31036,31036,1423,9,369,1041,4169.728,99,False,False
217,57,301.0878249362056,-399.29818520457303,1.0,CLIENT,7,2,100000,10,14,0,31010,31071,1411,7,366,1026,14594.048000000004,99,False,False
217,58,444.06691654947593,11.027334795633408,1.0,CLIENT,7,2,100000,10,12,0,31052,31057,1415,9,367,1032,12509.184000000003,99,False,False
217,59,-146.14760511892197,210.06749479537518,1.0,CLIENT,7,2,100000,10,8,0,31043,31043,1418,10,368,1044,8339.456,99,False,False
217,60,430.12546495755026,-318.9251452042146,1.0,CLIENT,7,2,100000,13,15,0,30950,31047,1408,8,366,1039,15636.480000000005,99,False,False
217,61,466.9594137664343,-233.09742520418126,1.0,CLIENT,7,2,100000,14,14,0,30965,31044,1406,8,366,1027,14594.048000000004,99,False,False
217,62,-271.38303106969033,-393.06426520449264,1.0,CLIENT,7,2,100000,9,8,0,31030,31083,1415,10,368,1034,8339.456,99,False,False
217,63,-406.9953329211838,371.7041347954256,1.0,CLIENT,7,2,100000,14,20,0,30865,31073,1393,9,365,1008,20848.640000000007,99,False,False
217,64,403.19311529063975,-350.4287052045643,1.0,CLIENT,7,2,100000,10,12,0,30946,31049,1409,9,367,1020,12509.184000000003,99,False,False
217,65,73.98474701037902,-260.59346520436634,1.0,CLIENT,7,2,100000,14,16,0,31048,31048,1409,11,366,1037,16678.912000000004,99,False,False
217,66,78.02459946033117,242.3502947953395,1.0,CLIENT,7,2,100000,14,17,0,31041,31042,1410,8,365,1029,17721.344000000005,99,False,False
217,67,116.0467401666572,-275.95562520433845,1.0,CLIENT,7,2,100000,12,5,0,31046,31047,1421,9,368,1047,5212.16,99,False,False
217,68,-336.65437261524045,-502.8257852042131,1.0,CLIENT,7,2,100000,10,11,0,30746,31073,1400,10,368,1014,11466.752000000002,99,False,False
217,69,496.9810623657936,-109.53222520450879,1.0,CLIENT,7,2,100000,11,22,0,31010,31052,1402,8,365,1018,22933.504000000008,99,False,False
217,70,-141.3948375308423,-346.9777852045763,1.0,CLIENT,7,2,100000,11,16,0,31061,31065,1412,8,366,1041,16678.912000000004,99,False,False
217,71,-105.82829341177519,168.65645479551915,1.0,CLIENT,7,2,100000,8,12,0,31055,31055,1415,9,367,1040,12509.184000000003,99,False,False
217,72,256.253384020355,-160.51678520471427,1.0,CLIENT,7,2,100000,9,8,0,31050,31050,1420,8,368,1048,8339.456,99,False,False
217,73,131.41402203540065,40.7497747957342,1.0,CLIENT,7,2,100000,16,16,0,31026,31026,1411,9,366,1044,16678.912000000004,99,False,False
217,74,334.1195596745133,-391.50578520447255,1.0,CLIENT,7,2,100000,12,17,0,30954,31039,1406,8,366,1027,17721.344000000005,99,False,False
217,75,-484.7030829894668,-83.92862520429162,1.0,CLIENT,7,2,100000,12,16,0,31031,31058,1410,9,366,1031,16678.912000000004,99,False,False
217,76,-424.026083446121,328.1780147953728,1.0,CLIENT,7,2,100000,14,15,0,30899,31051,1405,9,366,1026,15636.480000000005,99,False,False
217,77,-426.95695679213156,-105.41338520462517,1.0,CLIENT,7,2,100000,13,13,0,31039,31049,1411,11,367,1032,13551.616000000004,99,False,False
217,78,89.82730563787415,355.34009479561007,1.0,CLIENT,7,2,100000,14,9,0,31034,31036,1418,8,368,1029,9381.888,99,False,False
217,79,439.5517873407721,-246.1218652045187,1.0,CLIENT,7,2,100000,14,25,0,30989,31037,1398,7,364,1013,26060.80000000001,99,False,False
217,80,41.98277858307524,0.45193479544053616,1.0,CLIENT,7,2,100000,9,12,0,31053,31053,1412,12,367,1040,12509.184000000003,99,False,False
217,81,-236.0541253299991,238.45409479568474,1.0,CLIENT,7,2,100000,15,16,0,31026,31027,1410,10,366,1029,16678.912000000004,99,False,False
217,82,73.03419349287564,-69.457025204444,1.0,CLIENT,7,2,100000,11,13,0,31039,31039,1411,12,367,1043,13551.616000000004,99,False,False
217,83,-392.42017898406834,286.32169479585,1.0,CLIENT,7,2,100000,15,17,0,30948,31014,1404,9,367,1017,17721.344000000005,99,False,False
217,84,333.2482189499476,94.2946947958032,1.0,CLIENT,7,2,100000,11,8,0,31048,31048,1418,10,368,1047,8339.456,99,False,False
217,85,-424.18450903199636,70.8061747957828,1.0,CLIENT,7,2,100000,12,18,0,31057,31068,1407,10,365,1031,18763.776000000005,99,False,False
217,86,-46.022634592995125,-138.3641052044851,1.0,CLIENT,7,2,100000,13,11,0,31039,31039,1413,12,367,1044,11466.752000000002,99,False,False
217,87,-384.1028357047882,15.925414795922563,1.0,CLIENT,7,2,100000,15,24,0,31074,31077,1402,10,364,1032,25018.36800000001,99,False,False
217,88,99.96654315978623,264.50297479556866,1.0,CLIENT,7,2,100000,10,12,0,31050,31050,1415,9,367,1033,12509.184000000003,99,False,False
217,89,181.00123053933098,442.94893479589234,1.0,CLIENT,7,2,100000,10,5,0,31043,31063,1423,8,368,1035,5212.16,99,False,False
217,90,292.45363048404914,-396.84914520442845,1.0,CLIENT,7,2,100000,15,18,0,30992,31046,1404,9,365,1019,18763.776000000005,99,False,False
217,91,63.92472228196745,354.2268947952567,1.0,CLIENT,7,2,100000,13,14,0,31043,31044,1413,8,366,1029,14594.048000000004,99,False,False
217,92,-116.28438210600078,193.2581747958929,1.0,CLIENT,7,2,100000,10,16,0,31062,31062,1411,9,366,1043,16678.912000000004,99,False,False
217,93,43.80467282514431,-403.9736252046333,1.0,CLIENT,7,2,100000,16,12,0,31048,31053,1413,10,367,1041,12509.184000000003,99,False,False
217,94,-379.7461320819597,43.42145479531666,1.0,CLIENT,7,2,100000,13,24,0,31052,31054,1403,9,364,1032,25018.36800000001,99,False,False
217,95,133.47355465684558,205.05809479536708,1.0,CLIENT,7,2,100000,11,8,0,31031,31031,1420,8,368,1037,8339.456,99,False,False
217,96,198.34883223658167,205.94865479549156,1.0,CLIENT,7,2,100000,15,10,0,31027,31027,1417,9,367,1049,10424.320000000002,99,False,False
217,97,-124.9185765581573,103.42293479569491,1.0,CLIENT,7,2,100000,13,12,0,31035,31035,1414,10,367,1044,12509.184000000003,99,False,False
217,98,-372.77540628599684,396.862454795976,1.0,CLIENT,7,2,100000,14,19,0,30868,31048,1397,10,365,1021,19806.208000000006,99,False,False
217,99,-460.0679043233769,51.77045479559382,1.0,CLIENT,7,2,100000,14,25,0,31049,31069,1399,11,363,1022,26060.80000000001,99,False,False

218,0,496.505785607042,146.05849479562323,1.0,CLIENT,7,2,100000,13,15,0,30522,30581,1389,5,362,1011,15636.480000000005,99,False,False
218,1,128.32472310295188,329.1798947960072,1.0,CLIENT,7,2,100000,14,9,0,30550,30553,1397,5,363,1020,9381.888,99,False,False
218,2,-493.49570302749856,-314.3610252046642,1.0,CLIENT,7,2,100000,11,5,0,30458,30597,1392,6,365,1008,5212.16,99,False,False
218,3,401.37122104857065,-372.8040252042314,1.0,CLIENT,7,2,100000,12,18,0,30494,30578,1382,6,361,1006,18763.776000000005,99,False,False
218,4,261.7190667465622,-332.1722252039899,1.0,CLIENT,7,2,100000,15,24,0,30556,30560,1381,6,360,1014,25018.36800000001,99,False,False
218,5,162.3862241522634,301.6838547958221,1.0,CLIENT,7,2,100000,9,12,0,30587,30588,1394,5,363,1024,12509.184000000003,99,False,False
218,6,352.02165092401617,92.62489479527318,1.0,CLIENT,7,2,100000,13,14,0,30579,30581,1392,5,362,1014,14594.048000000004,99,False,False
218,7,-218.07282128812136,134.03593479592018,1.0,CLIENT,7,2,100000,17,18,0,30534,30535,1389,3,361,1013,18763.776000000005,99,False,False
218,8,307.2664228011032,-249.35014520427785,1.0,CLIENT,7,2,100000,10,12,0,30604,30607,1394,5,363,1030,12509.184000000003,99,False,False
218,9,-47.52767766275069,-456.1827052041201,1.0,CLIENT,7,2,100000,15,20,0,30579,30582,1386,5,361,1009,20848.640000000007,99,False,False
218,10,42.061991376012905,-469.76374520463423,1.0,CLIENT,7,2,100000,12,16,0,30563,30568,1390,5,362,1012,16678.912000000004,99,False,False
218,11,188.05116912879427,140.9377747958962,1.0,CLIENT,7,2,100000,14,8,0,30543,30543,1398,5,364,1030,8339.456,99,False,False
218,12,57.825337210570375,181.012974795961,1.0,CLIENT,7,2,100000,15,12,0,30541,30541,1393,6,363,1023,12509.184000000003,99,False,False
218,13,-26.298649101986005,-157.06586520472626,1.0,CLIENT,7,2,100000,16,12,0,30538,30538,1395,4,363,1024,12509.184000000003,99,False,False
218,14,51.488313759234615,401.53789479524534,1.0,CLIENT,7,2,100000,14,12,0,30578,30580,1394,5,363,1018,12509.184000000003,99,False,False
218,15,316.9303835637008,-423.0093452040313,1.0,CLIENT,7,2,100000,9,15,0,30564,30618,1386,5,362,1014,15636.480000000005,99,False,False
218,16,-119.21525545201139,-225.0823852046429,1.0,CLIENT,7,2,100000,15,16,0,30545,30545,1390,5,362,1021,16678.912000000004,99,False,False
218,17,199.85387530633724,192.47893479548736,1.0,CLIENT,7,2,100000,12,8,0,30551,30551,1399,4,364,1021,8339.456,99,False,False
218,18,368.339486310263,-152.27910520415605,1.0,CLIENT,7,2,100000,15,20,0,30564,30569,1386,5,361,1015,20848.640000000007,99,False,False
218,19,-33.03173651857294,106.2059347957873,1.0,CLIENT,7,2,100000,13,8,0,30550,30550,1398,5,364,1020,8339.456,99,False,False
218,20,78.18302504676936,177.56205479597298,1.0,CLIENT,7,2,100000,9,5,0,30565,30565,1400,6,364,1022,5212.16,99,False,False
218,21,-241.04453129801746,-205.49006520427724,1.0,CLIENT,7,2,100000,16,14,0,30548,30548,1392,5,362,1024,14594.048000000004,99,False,False
218,22,392.1033242512243,392.0756947954058,1.0,CLIENT,7,2,100000,9,13,0,30430,30611,1384,4,363,1002,13551.616000000004,99,False,False
218,23,-404.302097954549,44.97993479533676,1.0,CLIENT,7,2,100000,14,5,0,30559,30560,1402,4,365,1020,5212.16,99,False,False
218,24,85.54981480854615,401.31525479580745,1.0,CLIENT,7,2,100000,10,10,0,30562,30569,1395,5,363,1018,10424.320000000002,99,False,False
218,25,-253.00566306143577,173.99981479547506,1.0,CLIENT,7,2,100000,11,8,0,30567,30567,1399,4,364,1026,8339.456,99,False,False
218,26,319.86125690971136,131.69821479549455,1.0,CLIENT,7,2,100000,12,20,0,30580,30582,1387,4,361,1021,20848.640000000007,99,False,False
218,27,290.23567227616604,-110.75674520458108,1.0,CLIENT,7,2,100000,11,8,0,30556,30556,1399,4,364,1027,8339.456,99,False,False
218,28,-405.8863538172422,85.38909479534937,1.0,CLIENT,7,2,100000,17,28,0,30566,30567,1379,4,359,1005,29188.096000000012,99,False,False
218,29,470.7616278370106,138.26609479552275,1.0,CLIENT,7,2,100000,12,21,0,30571,30609,1384,4,360,1008,21891.072000000007,99,False,False
218,30,428.38278350841887,-247.90298520476767,1.0,CLIENT,7,2,100000,10,23,0,30557,30585,1381,6,360,1008,23975.93600000001,99,False,False
218,31,217.35990258946327,-73.57586520432761,1.0,CLIENT,7,2,100000,15,22,0,30555,30555,1384,5,360,1008,22933.504000000008,99,False,False
218,32,443.9877037565382,-69.7909852043918,1.0,CLIENT,7,2,100000,11,20,0,30590,30597,1387,4,361,1026,20848.640000000007,99,False,False
218,33,83.80713335941475,-223.5239052046228,1.0,CLIENT,7,2,100000,11,9,0,30567,30567,1397,5,363,1030,9381.888,99,False,False
218,34,-91.56999064697328,-261.3727052047719,1.0,CLIENT,7,2,100000,11,9,0,30566,30566,1397,5,363,1030,9381.888,99,False,False
218,35,164.76260794658467,23.940454795460937,1.0,CLIENT,7,2,100000,9,8,0,30556,30556,1397,6,364,1017,8339.456,99,False,False
218,36,496.74342398641784,90.95509479553414,1.0,CLIENT,7,2,100000,8,8,0,30573,30620,1395,5,364,1015,8339.456,99,False,False
218,37,30.496923577845774,399.5341347955585,1.0,CLIENT,7,2,100000,14,13,0,30569,30570,1393,5,363,1016,13551.616000000004,99,False,False
218,38,-87.60935099052163,44.53465479567001,1.0,CLIENT,7,2,100000,14,8,0,30528,30528,1399,4,364,1025,8339.456,99,False,False
218,39,228.84575759469274,-102.18510520407506,1.0,CLIENT,7,2,100000,17,20,0,30559,30559,1387,4,361,1019,20848.640000000007,99,False,False
218,40,54.81525107105925,-339.9646252040904,1.0,CLIENT,7,2,100000,12,16,0,30586,30586,1390,5,362,1021,16678.912000000004,99,False,False
218,41,-83.88634971288297,-207.38250520424515,1.0,CLIENT,7,2,100000,12,12,0,30562,30562,1394,5,363,1023,12509.184000000003,99,False,False
218,42,-419.11489027160303,-378.37002520441615,1.0,CLIENT,7,2,100000,17,20,0,30476,30570,1380,5,361,1004,20848.640000000007,99,False,False
218,43,-42.37884610885698,-289.42534520434265,1.0,CLIENT,7,2,100000,15,13,0,30555,30555,1393,5,362,1022,13551.616000000004,99,False,False
218,44,-313.8410881912197,-475.6637052047668,1.0,CLIENT,7,2,100000,14,24,0,30511,30592,1379,5,360,1007,25018.36800000001,99,False,False
218,45,107.4125457145007,-132.35282520463358,1.0,CLIENT,7,2,100000,17,23,0,30534,30534,1383,5,360,1016,23975.93600000001,99,False,False
218,46,-492.46593671705756,167.20929479600898,1.0,CLIENT,7,2,100000,12,14,0,30586,30613,1392,4,362,1008,14594.048000000004,99,False,False
218,47,-117.31414841700466,400.98129479585964,1.0,CLIENT,7,2,100000,15,22,0,30570,30571,1385,4,360,1011,22933.504000000008,99,False,False
218,48,-192.56630189746585,-195.58258520477096,1.0,CLIENT,7,2,100000,11,12,0,30547,30547,1395,4,363,1019,12509.184000000003,99,False,False
218,49,256.01574564097916,261.05205479558066,1.0,CLIENT,7,2,100000,15,22,0,30560,30565,1385,4,360,1018,22933.504000000008,99,False,False
218,50,-301.8007436343009,-164.19034520414016,1.0,CLIENT,7,2,100000,12,16,0,30556,30556,1390,5,362,1025,16678.912000000004,99,False,False
218,51,-18.8526465467087,388.29081479547,1.0,CLIENT,7,2,100000,11,15,0,30566,30567,1392,4,362,1017,15636.480000000005,99,False,False
218,52,-229.08339953403632,401.53789479524534,1.0,CLIENT,7,2,100000,8,5,0,30571,30578,1401,4,364,1023,5212.16,99,False,False
218,53,-108.20467720609646,2.2330547956894975,1.0,CLIENT,7,2,100000,11,12,0,30583,30583,1394,5,363,1026,12509.184000000003,99,False,False
218,54,227.6575656978135,-402.86042520428,1.0,CLIENT,7,2,100000,10,12,0,30579,30587,1393,6,363,1013,12509.184000000003,99,False,False
218,55,-327.0696246455806,-437.59226520438887,1.0,CLIENT,7,2,100000,10,16,0,30578,30635,1384,5,362,1008,16678.912000000004,99,False,False
218,56,325.8814291881708,98.74749479563462,1.0,CLIENT,7,2,100000,10,6,0,30576,30577,1400,5,364,1022,6254.592,99,False,False
218,57,-387.9050497753645,48.87613479578249,1.0,CLIENT,7,2,100000,10,16,0,30583,30584,1391,4,362,1021,16678.912000000004,99,False,False
218,58,2.217956427617805,340.9798147954814,1.0,CLIENT,7,2,100000,11,12,0,30602,30602,1394,5,363,1013,12509.184000000003,99,False,False
218,59,150.42509238828225,-219.40506520473917,1.0,CLIENT,7,2,100000,10,8,0,30592,30592,1398,5,364,1027,8339.456,99,False,False
218,60,-499.19902413364446,265.39353479569314,1.0,CLIENT,7,2,100000,13,24,0,30519,30627,1373,4,360,998,25018.36800000001,99,False,False
218,61,-196.2100903821668,117.7832147958236,1.0,CLIENT,7,2,100000,14,14,0,30565,30565,1393,4,362,1016,14594.048000000004,99,False,False
218,62,-86.02509512726556,-163.7450652044734,1.0,CLIENT,7,2,100000,9,8,0,30564,30564,1398,5,364,1020,8339.456,99,False,False
218,63,-297.76089118434874,-122.77930520428413,1.0,CLIENT,7,2,100000,14,12,0,30565,30565,1394,5,363,1026,12509.184000000003,99,False,False
218,64,68.67748987004714,283.31605479552877,1.0,CLIENT,7,2,100000,10,12,0,30565,30565,1394,5,363,1020,12509.184000000003,99,False,False
218,65,-453.0971785274141,-102.63038520453279,1.0,CLIENT,7,2,100000,15,14,0,30551,30558,1393,4,362,1017,14594.048000000004,99,False,False
218,66,135.45387448535283,-459.9675852040559,1.0,CLIENT,7,2,100000,15,23,0,30562,30569,1383,5,361,1003,23975.93600000001,99,False,False
218,67,68.59827707710947,-346.08722520445184,1.0,CLIENT,7,2,100000,12,6,0,30569,30569,1400,5,364,1025,6254.592,99,False,False
218,68,110.66027023338766,256.4879347952393,1.0,CLIENT,7,2,100000,10,8,0,30577,30580,1398,4,364,1028,8339.456,99,False,False
218,69,-244.60910698921793,497.16177479585696,1.0,CLIENT,7,2,100000,11,20,0,30521,30594,1380,4,361,1003,20848.640000000007,99,False,False
218,70,166.26765101577737,-414.32638520459733,1.0,CLIENT,7,2,100000,11,11,0,30563,30568,1395,5,363,1020,11466.752000000002,99,False,False
218,71,-319.78204767674146,332.40817479576634,1.0,CLIENT,7,2,100000,8,12,0,30599,30606,1394,4,363,1014,12509.184000000003,99,False,False
218,72,217.20147700358794,377.3814547953293,1.0,CLIENT,7,2,100000,9,5,0,30585,30596,1402,4,364,1023,5212.16,99,False,False
218,73,78.4206634261452,-57.323145204231025,1.0,CLIENT,7,2,100000,16,14,0,30535,30535,1391,6,362,1028,14594.048000000004,99,False,False
218,74,32.001966647601336,392.85493479581135,1.0,CLIENT,7,2,100000,12,12,0,30551,30553,1395,3,363,1019,12509.184000000003,99,False,False
218,75,-110.26420982754136,-487.24098520401213,1.0,CLIENT,7,2,100000,12,20,0,30589,30600,1385,5,361,1008,20848.640000000007,99,False,False
218,76,-197.71513345135955,169.88097479559144,1.0,CLIENT,7,2,100000,14,8,0,30550,30550,1399,4,364,1028,8339.456,99,False,False
218,77,455.631984347643,-271.7254652047359,1.0,CLIENT,7,2,100000,13,20,0,30530,30592,1380,6,361,1011,20848.640000000007,99,False,False
218,78,469.5734359401314,38.41205479530856,1.0,CLIENT,7,2,100000,14,15,0,30564,30580,1391,5,363,1009,15636.480000000005,99,False,False
218,79,-183.93210744587216,307.2498547960069,1.0,CLIENT,7,2,100000,14,29,0,30580,30581,1378,3,359,1009,30230.528000000013,99,False,False
218,80,478.04920480584974,137.37553479539827,1.0,CLIENT,7,2,100000,9,12,0,30564,30612,1392,5,363,1012,12509.184000000003,99,False,False
218,81,256.80787357204434,-278.51598520420197,1.0,CLIENT,7,2,100000,15,16,0,30554,30554,1390,5,362,1010,16678.912000000004,99,False,False
218,82,-469.0189499478469,83.71929479561032,1.0,CLIENT,7,2,100000,11,11,0,30576,30588,1396,3,363,1027,11466.752000000002,99,False,False
218,83,-22.496435030846847,-159.40358520436092,1.0,CLIENT,7,2,100000,15,11,0,30538,30538,1395,5,363,1026,11466.752000000002,99,False,False
218,84,-0.07921457320295133,101.1965347957792,1.0,CLIENT,7,2,100000,11,4,0,30549,30549,1401,6,365,1031,4169.728,99,False,False
218,85,-183.4568306871205,156.9678547957639,1.0,CLIENT,7,2,100000,12,12,0,30545,30545,1395,4,363,1025,12509.184000000003,99,False,False
218,86,159.05928684043877,-272.83866520429825,1.0,CLIENT,7,2,100000,13,8,0,30556,30556,1398,5,364,1015,8339.456,99,False,False
218,87,129.51291499983108,-209.83154520438973,1.0,CLIENT,7,2,100000,15,16,0,30553,30553,1390,5,362,1022,16678.912000000004,99,False,False
218,88,-429.01648941357644,-441.26582520460573,1.0,CLIENT,7,2,100000,10,16,0,30355,30585,1378,5,362,995,16678.912000000004,99,False,False
218,89,97.59015936546497,-33.611985204772736,1.0,CLIENT,7,2,100000,11,5,0,30556,30556,1400,6,364,1017,5212.16,99,False,False
218,90,-128.08708828354375,386.95497479567877,1.0,CLIENT,7,2,100000,15,18,0,30563,30565,1389,4,361,1013,18763.776000000005,99,False,False
218,91,-102.34293051407522,-163.85638520419235,1.0,CLIENT,7,2,100000,13,16,0,30588,30588,1390,5,362,1024,16678.912000000004,99,False,False
218,92,282.55203134207574,442.2810147959967,1.0,CLIENT,7,2,100000,10,17,0,30467,30591,1381,4,362,1002,17721.344000000005,99,False,False
218,93,-477.01944205481357,306.9158947952681,1.0,CLIENT,7,2,100000,16,20,0,30503,30593,1385,4,361,1014,20848.640000000007,99,False,False
218,94,190.8236168883667,-145.48858520468997,1.0,CLIENT,7,2,100000,13,20,0,30558,30558,1385,6,361,1009,20848.640000000007,99,False,False
218,95,414.99582146818267,-81.92486520460477,1.0,CLIENT,7,2,100000,11,8,0,30582,30586,1398,5,364,1015,8339.456,99,False,False
218,96,360.81427096204806,112.66249479530558,1.0,CLIENT,7,2,100000,15,17,0,30554,30557,1390,4,362,1010,17721.344000000005,99,False,False
218,97,-154.46494839820215,-339.85330520437145,1.0,CLIENT,7,2,100000,13,12,0,30571,30573,1394,5,363,1022,12509.184000000003,99,False,False
218,98,309.4843810089863,298.7895347960108,1.0,CLIENT,7,2,100000,14,20,0,30565,30581,1386,4,361,1014,20848.640000000007,99,False,False
218,99,322.95055584216016,396.4171747955183,1.0,CLIENT,7,2,100000,14,24,0,30485,30579,1380,4,360,1004,25018.36800000001,99,False,False

219,0,-147.57343539573986,-8.342345204503374,1.0,CLIENT,7,2,100000,13,4,0,30838,30838,1424,6,373,1050,4169.728,99,False,False
219,1,398.2027093231842,423.46793479524564,1.0,CLIENT,7,2,100000,14,16,0,30654,30854,1392,7,369,1001,16678.912000000004,99,False,False
219,2,306.23665649009934,-260.3708252041375,1.0,CLIENT,7,2,100000,10,4,0,30886,30893,1422,6,373,1045,4169.728,99,False,False
219,3,274.86839040742257,-193.57882520429314,1.0,CLIENT,7,2,100000,12,16,0,30862,30863,1412,6,370,1035,16678.912000000004,99,False,False
219,4,-214.66667118335906,122.68129479532178,1.0,CLIENT,7,2,100000,15,24,0,30849,30849,1404,6,368,1034,25018.36800000001,99,False,False
219,5,-244.05461743696574,-75.69094520452438,1.0,CLIENT,7,2,100000,9,8,0,30871,30871,1421,5,372,1035,8339.456,99,False,False
219,6,158.26715890881073,247.4710147958575,1.0,CLIENT,7,2,100000,12,6,0,30851,30851,1421,7,372,1044,6254.592,99,False,False
219,7,114.93776106271567,488.70145479586085,1.0,CLIENT,7,2,100000,17,26,0,30821,30858,1400,6,367,1020,27103.23200000001,99,False,False
219,8,241.36137891036324,259.82753479550837,1.0,CLIENT,7,2,100000,9,12,0,30878,30880,1415,7,371,1036,12509.184000000003,99,False,False
219,9,471.55375576863867,-107.75110520425983,1.0,CLIENT,7,2,100000,15,21,0,30852,30884,1404,4,368,1028,21891.072000000007,99,False,False
219,10,440.50234085827543,475.23173479585665,1.0,CLIENT,7,2,100000,12,20,0,30418,30859,1371,7,367,991,20848.640000000007,99,False,False
219,11,383.15227862675425,101.53049479572701,1.0,CLIENT,7,2,100000,14,11,0,30862,30866,1417,6,371,1039,11466.752000000002,99,False,False
219,12,498.4068926420488,-221.18618520419716,1.0,CLIENT,7,2,100000,15,19,0,30732,30854,1402,5,369,1026,19806.208000000006,99,False,False
219,13,-188.84330062039004,453.4130147955753,1.0,CLIENT,7,2,100000,15,14,0,30821,30876,1410,6,370,1025,14594.048000000004,99,False,False
219,14,38.972692443564114,471.11289479597303,1.0,CLIENT,7,2,100000,14,9,0,30865,30879,1417,6,371,1037,9381.888,99,False,False
219,15,120.24501820304755,99.41541479553024,1.0,CLIENT,7,2,100000,8,8,0,30882,30882,1418,8,372,1040,8339.456,99,False,False
219,16,-173.8720827174606,-112.09258520437231,1.0,CLIENT,7,2,100000,15,20,0,30861,30861,1408,6,369,1037,20848.640000000007,99,False,False
219,17,-344.5756519287066,-173.20726520431293,1.0,CLIENT,7,2,100000,12,8,0,30887,30896,1419,6,372,1044,8339.456,99,False,False
219,18,-187.41747034357212,-386.9416652041312,1.0,CLIENT,7,2,100000,15,20,0,30812,30857,1403,7,369,1032,20848.640000000007,99,False,False
219,19,430.600741716302,363.46645479565836,1.0,CLIENT,7,2,100000,13,12,0,30684,30861,1402,7,371,1012,12509.184000000003,99,False,False
219,20,361.21033492786205,44.312014795441144,1.0,CLIENT,7,2,100000,9,8,0,30886,30888,1420,6,372,1043,8339.456,99,False,False
219,21,-174.50578506208763,494.37877479576457,1.0,CLIENT,7,2,100000,15,20,0,30769,30868,1397,7,369,1022,20848.640000000007,99,False,False
219,22,191.93259599230825,-104.63414520421964,1.0,CLIENT,7,2,100000,9,12,0,30882,30882,1417,5,371,1038,12509.184000000003,99,False,False
219,23,229.63788552632076,-16.246065204322804,1.0,CLIENT,7,2,100000,14,4,0,30870,30870,1424,6,373,1035,4169.728,99,False,False
219,24,312.0984031821206,325.50633479579034,1.0,CLIENT,7,2,100000,10,12,0,30877,30901,1415,7,371,1033,12509.184000000003,99,False,False
219,25,-182.8231283419306,-221.52014520414497,1.0,CLIENT,7,2,100000,11,8,0,30880,30880,1420,6,372,1046,8339.456,99,False,False
219,26,-468.78131156847115,-417.8886252043043,1.0,CLIENT,7,2,100000,12,24,0,29934,30825,1340,7,368,965,25018.36800000001,99,False,False
219,27,-482.96040154033534,284.0952947959343,1.0,CLIENT,7,2,100000,11,15,0,30667,30898,1388,5,370,995,15636.480000000005,99,False,False
219,28,454.04772848494974,-390.5039052046291,1.0,CLIENT,7,2,100000,17,32,0,30596,30862,1377,6,366,991,33357.824000000015,99,False,False
219,29,156.52447746024217,185.79973479574022,1.0,CLIENT,7,2,100000,12,12,0,30860,30860,1414,8,371,1032,12509.184000000003,99,False,False
219,30,-372.6961934924964,128.69257479596428,1.0,CLIENT,7,2,100000,10,20,0,30863,30874,1409,5,369,1028,20848.640000000007,99,False,False
219,31,-389.3308800516196,268.6218147954523,1.0,CLIENT,7,2,100000,15,25,0,30790,30861,1395,6,367,1017,26060.80000000001,99,False,False
219,32,-168.24797440425237,-188.4581052045661,1.0,CLIENT,7,2,100000,11,12,0,30851,30851,1416,6,371,1041,12509.184000000003,99,False,False
219,33,-455.3943495282349,81.38157479597567,1.0,CLIENT,7,2,100000,11,13,0,30839,30878,1413,5,370,1038,13551.616000000004,99,False,False
219,34,493.57491226046847,-483.01082520440957,1.0,CLIENT,7,2,100000,12,23,0,30088,30858,1356,5,369,957,23975.93600000001,99,False,False
219,35,75.33136449369641,407.54917479588784,1.0,CLIENT,7,2,100000,9,12,0,30889,30893,1415,7,371,1035,12509.184000000003,99,False,False
219,36,-141.55326311728047,-285.08386520423016,1.0,CLIENT,7,2,100000,7,8,0,30893,30897,1418,7,372,1034,8339.456,99,False,False
219,37,-148.2071377403669,317.1573347955132,1.0,CLIENT,7,2,100000,14,12,0,30860,30863,1416,6,371,1035,12509.184000000003,99,False,False
219,38,368.26027351676254,-269.72170520425806,1.0,CLIENT,7,2,100000,14,16,0,30843,30872,1411,6,370,1027,16678.912000000004,99,False,False
219,39,414.6789702958692,-256.25198520425386,1.0,CLIENT,7,2,100000,17,24,0,30836,30867,1399,6,368,1025,25018.36800000001,99,False,False
219,40,367.15129441282096,-79.69846520468906,1.0,CLIENT,7,2,100000,12,15,0,30866,30868,1414,5,370,1039,15636.480000000005,99,False,False
219,41,475.83124659796664,392.18701479591573,1.0,CLIENT,7,2,100000,12,20,0,30557,30865,1379,6,369,997,20848.640000000007,99,False,False
219,42,65.50897814466067,-338.851425204528,1.0,CLIENT,7,2,100000,17,16,0,30830,30831,1412,6,370,1032,16678.912000000004,99,False,False
219,43,-465.6127998430846,-165.6375052044413,1.0,CLIENT,7,2,100000,15,20,0,30734,30864,1402,5,369,1016,20848.640000000007,99,False,False
219,44,278.43296609862307,-6.227265204306605,1.0,CLIENT,7,2,100000,14,10,0,30853,30853,1419,5,371,1041,10424.320000000002,99,False,False
219,45,-36.27946103689707,-384.04734520431987,1.0,CLIENT,7,2,100000,17,25,0,30832,30845,1403,6,367,1029,26060.80000000001,99,False,False
219,46,-103.84797358326794,58.00437479567421,1.0,CLIENT,7,2,100000,12,8,0,30858,30858,1419,7,372,1042,8339.456,99,False,False
219,47,-9.030260197672977,136.48497479527379,1.0,CLIENT,7,2,100000,15,16,0,30849,30849,1409,9,370,1033,16678.912000000004,99,False,False
219,48,-446.6809422831407,294.55937479561726,1.0,CLIENT,7,2,100000,11,18,0,30702,30876,1396,5,370,1023,18763.776000000005,99,False,False
219,49,87.13407067123939,-107.52846520403097,1.0,CLIENT,7,2,100000,15,16,0,30831,30831,1411,7,370,1031,16678.912000000004,99,False,False
219,50,-91.01550109528394,244.79933479548407,1.0,CLIENT,7,2,100000,12,11,0,30839,30839,1416,7,371,1042,11466.752000000002,99,False,False
219,51,349.5660543361944,123.68317479595618,1.0,CLIENT,7,2,100000,11,20,0,30877,30880,1408,6,369,1032,20848.640000000007,99,False,False
219,52,-274.07626603632514,351.88917479562207,1.0,CLIENT,7,2,100000,8,2,0,30826,30869,1420,6,373,1042,2084.864,99,False,False
219,53,-260.8477295825271,-370.57762520431567,1.0,CLIENT,7,2,100000,11,12,0,30797,30881,1404,8,371,1025,12509.184000000003,99,False,False
219,54,79.05436577133506,-353.2117052046567,1.0,CLIENT,7,2,100000,10,9,0,30868,30871,1419,6,371,1037,9381.888,99,False,False
219,55,387.50898224958274,276.97081479572944,1.0,CLIENT,7,2,100000,10,16,0,30858,30903,1409,6,370,1020,16678.912000000004,99,False,False
219,56,237.55916483978692,-124.00382520435642,1.0,CLIENT,7,2,100000,10,7,0,30873,30874,1422,4,372,1047,7297.023999999999,99,False,False
219,57,39.84403316812982,-8.342345204503374,1.0,CLIENT,7,2,100000,10,13,0,30885,30885,1412,9,370,1035,13551.616000000004,99,False,False
219,58,-388.53875211999156,297.8989747958863,1.0,CLIENT,7,2,100000,10,17,0,30813,30913,1403,7,370,1020,17721.344000000005,99,False,False
219,59,-163.81205798848617,73.47785479536526,1.0,CLIENT,7,2,100000,10,8,0,30870,30870,1420,6,372,1044,8339.456,99,False,False
219,60,-278.19533127921494,224.09381479555606,1.0,CLIENT,7,2,100000,13,17,0,30870,30877,1408,7,369,1027,17721.344000000005,99,False,False
219,61,-381.0135367723394,-279.5178652040454,1.0,CLIENT,7,2,100000,14,16,0,30753,30866,1407,6,370,1030,16678.912000000004,99,False,False
219,62,-113.35350875999016,-104.63414520421964,1.0,CLIENT,7,2,100000,9,8,0,30861,30861,1420,6,372,1046,8339.456,99,False,False
219,63,-428.54121265482485,-109.53222520450879,1.0,CLIENT,7,2,100000,14,13,0,30835,30868,1415,5,370,1034,13551.616000000004,99,False,False
219,64,432.18499757899525,147.39433479541447,1.0,CLIENT,7,2,100000,10,14,0,30877,30902,1414,6,370,1028,14594.048000000004,99,False,False
219,65,-233.9153799156165,14.032974795954658,1.0,CLIENT,7,2,100000,14,12,0,30847,30847,1416,6,371,1042,12509.184000000003,99,False,False
219,66,-89.90652199134239,-260.59346520436634,1.0,CLIENT,7,2,100000,14,20,0,30869,30870,1408,6,369,1034,20848.640000000007,99,False,False
219,67,31.130625923035634,366.58341479569856,1.0,CLIENT,7,2,100000,12,5,0,30883,30885,1422,6,372,1037,5212.16,99,False,False
219,68,-71.44994119015014,-411.0981052040472,1.0,CLIENT,7,2,100000,10,8,0,30876,30893,1419,6,372,1038,8339.456,99,False,False
219,69,-33.19016210444828,195.92985479547536,1.0,CLIENT,7,2,100000,11,16,0,30857,30857,1412,6,370,1039,16678.912000000004,99,False,False
219,70,-60.59778853011054,-207.04854520429734,1.0,CLIENT,7,2,100000,11,8,0,30862,30862,1419,7,372,1040,8339.456,99,False,False
219,71,-406.67848174887024,-270.27830520443473,1.0,CLIENT,7,2,100000,8,12,0,30742,30877,1408,5,371,1028,12509.184000000003,99,False,False
219,72,6.733085636884492,423.24529479580775,1.0,CLIENT,7,2,100000,9,5,0,30893,30906,1421,6,372,1037,5212.16,99,False,False
219,73,245.00516739450137,497.05045479534704,1.0,CLIENT,7,2,100000,16,25,0,30734,30878,1392,8,368,1010,26060.80000000001,99,False,False
219,74,315.1084893216317,-28.936545204712445,1.0,CLIENT,7,2,100000,12,16,0,30872,30872,1413,5,370,1034,16678.912000000004,99,False,False
219,75,-91.80762902634913,-157.28850520416415,1.0,CLIENT,7,2,100000,12,14,0,30852,30853,1414,5,370,1040,14594.048000000004,99,False,False
219,76,-224.56827032533246,-296.32718520431865,1.0,CLIENT,7,2,100000,14,13,0,30855,30870,1413,7,370,1039,13551.616000000004,99,False,False
219,77,83.09421822128722,478.2373747953869,1.0,CLIENT,7,2,100000,13,20,0,30865,30902,1406,6,369,1019,20848.640000000007,99,False,False
219,78,268.7690053360255,458.4224147955834,1.0,CLIENT,7,2,100000,14,11,0,30764,30870,1410,7,371,1030,11466.752000000002,99,False,False
219,79,487.00025043031974,144.83397479555094,1.0,CLIENT,7,2,100000,14,21,0,30809,30858,1403,4,368,1031,21891.072000000007,99,False,False
219,80,-9.980813715176346,131.36425479554674,1.0,CLIENT,7,2,100000,9,13,0,30875,30875,1413,8,371,1035,13551.616000000004,99,False,False
219,81,-128.56236504229543,127.46805479589199,1.0,CLIENT,7,2,100000,15,13,0,30841,30841,1415,6,370,1045,13551.616000000004,99,False,False
219,82,435.7495732701957,434.15465479594843,1.0,CLIENT,7,2,100000,11,16,0,30585,30895,1388,7,370,1003,16678.912000000004,99,False,False
219,83,-348.4570787927834,175.00169479531849,1.0,CLIENT,7,2,100000,15,17,0,30846,30861,1409,6,369,1030,17721.344000000005,99,False,False
219,84,54.73603827812158,-315.69686520445543,1.0,CLIENT,7,2,100000,11,10,0,30872,30872,1417,7,371,1043,10424.320000000002,99,False,False
219,85,151.61328428572432,35.40641479577829,1.0,CLIENT,7,2,100000,12,12,0,30868,30868,1415,7,371,1040,12509.184000000003,99,False,False
219,86,164.28733118727015,40.52713479550533,1.0,CLIENT,7,2,100000,13,10,0,30860,30860,1416,8,371,1034,10424.320000000002,99,False,False
219,87,-256.0157492009469,-124.8943852044809,1.0,CLIENT,7,2,100000,15,9,0,30843,30844,1419,6,371,1042,9381.888,99,False,False
219,88,-247.22312916291503,-239.88794520443832,1.0,CLIENT,7,2,100000,10,10,0,30855,30866,1417,7,371,1040,10424.320000000002,99,False,False
219,89,-281.36384300516426,42.6422147957021,1.0,CLIENT,7,2,100000,11,5,0,30889,30890,1423,6,372,1030,5212.16,99,False,False
219,90,-133.55277101031382,-392.6189852040349,1.0,CLIENT,7,2,100000,15,16,0,30837,30858,1409,8,369,1032,16678.912000000004,99,False,False
219,91,-495.55523564950636,408.10577479527353,1.0,CLIENT,7,2,100000,13,22,0,30338,30860,1368,5,367,973,22933.504000000008,99,False,False
219,92,422.5210368163977,-332.3948652042188,1.0,CLIENT,7,2,100000,10,22,0,30797,30906,1397,5,368,1022,22933.504000000008,99,False,False
219,93,-420.46150775492055,-458.18646520459794,1.0,CLIENT,7,2,100000,16,28,0,30017,30811,1338,6,367,958,29188.096000000012,99,False,False
219,94,391.3111963201591,-204.82214520438163,1.0,CLIENT,7,2,100000,13,24,0,30878,30890,1404,6,368,1031,25018.36800000001,99,False,False
219,95,399.3116884271258,492.15237479584886,1.0,CLIENT,7,2,100000,11,13,0,30546,30893,1379,9,372,980,13551.616000000004,99,False,False
219,96,195.3387460976334,-329.7231852046363,1.0,CLIENT,7,2,100000,15,10,0,30847,30850,1418,6,371,1043,10424.320000000002,99,False,False
219,97,-200.96285797024652,-228.08802520417316,1.0,CLIENT,7,2,100000,13,12,0,30853,30855,1416,6,371,1039,12509.184000000003,99,False,False
219,98,-0.3168529525787937,22.270654795721896,1.0,CLIENT,7,2,100000,13,13,0,30851,30851,1414,7,370,1040,13551.616000000004,99,False,False
219,99,-65.11291773937722,86.1683347957549,1.0,CLIENT,7,2,100000,14,16,0,30839,30839,1412,6,370,1038,16678.912000000004,99,False,False

