simulation_id,node_id,x_position_m,y_position_m,height_m,role,hop_limit,antenna_gain_dbi,message_period_ms,messages_created,packets_sent,rebroadcast_packets,packets_sensed,packets_detected,packets_received,collisions,useful_packets,packets_dropped_by_delay,tx_airtime_ms,direct_neighbor_count,is_moving,gps_enabled
0,0,-15.367283649008735,-222.85598520472718,1.0,CLIENT,7,2,100000,16,30,0,66,66,66,0,32,18,31272.960000000014,2,False,False
0,1,125.0769985840649,-80.58902520402256,1.0,CLIENT,7,2,100000,17,26,0,70,70,70,0,31,22,27103.23200000001,2,False,False
0,2,-66.69717360207046,406.7699347954823,1.0,CLIENT,7,2,100000,15,40,0,56,56,56,0,33,8,41697.28000000002,2,False,False

1,0,181.9517840573972,-127.67738520457328,1.0,CLIENT,7,2,100000,16,25,0,71,72,71,0,32,23,26060.80000000001,2,False,False
1,1,209.67626165537297,315.9328147954409,1.0,CLIENT,7,2,100000,17,35,0,61,62,61,0,31,13,36485.12000000002,2,False,False
1,2,-379.3500681161457,-78.69658520405466,1.0,CLIENT,7,2,100000,15,37,0,60,60,59,1,33,11,38569.98400000002,2,False,False

2,0,-416.3424425114678,361.0174147955138,1.0,CLIENT,7,2,100000,16,44,0,52,52,52,0,32,4,45867.00800000002,2,False,False
2,1,340.1397319529727,94.51733479524108,1.0,CLIENT,7,2,100000,17,28,0,68,68,68,0,31,20,29188.096000000012,2,False,False
2,2,150.1874540089064,502.05985479535514,1.0,CLIENT,7,2,100000,15,24,0,72,72,72,0,33,24,25018.36800000001,2,False,False

3,0,-254.35228054531598,-495.14470520462254,1.0,CLIENT,7,2,100000,16,26,0,72,72,72,0,32,23,27103.23200000001,2,False,False
3,1,-363.586722282151,-406.20002520454904,1.0,CLIENT,7,2,100000,17,25,0,73,73,73,0,31,24,26060.80000000001,2,False,False
3,2,-487.3171051631639,497.16177479585696,1.0,CLIENT,7,2,100000,15,47,0,50,51,50,0,33,3,48994.304000000026,2,False,False

4,0,251.8174676045888,-431.58098520453734,1.0,CLIENT,7,2,100000,16,26,0,71,71,71,0,32,23,27103.23200000001,2,False,False
4,1,-275.2644579332043,-122.66798520456518,1.0,CLIENT,7,2,100000,17,43,0,54,54,54,0,31,6,44824.57600000002,2,False,False
4,2,237.87601601210042,-224.63710520418516,1.0,CLIENT,7,2,100000,15,28,0,69,69,69,0,33,20,29188.096000000012,2,False,False

5,0,481.05929094479797,-187.01094520426494,1.0,CLIENT,7,2,100000,16,34,0,62,62,62,0,32,14,35442.68800000002,2,False,False
5,1,-56.716361666596555,134.81517479553474,1.0,CLIENT,7,2,100000,17,31,0,65,65,65,0,31,17,32315.392000000014,2,False,False
5,2,-44.27995314386372,-401.85854520443655,1.0,CLIENT,7,2,100000,15,31,0,65,65,65,0,33,17,32315.392000000014,2,False,False

6,0,-320.41575002193133,146.05849479562323,1.0,CLIENT,7,2,100000,16,22,0,81,81,81,0,32,28,22933.504000000008,2,False,False
6,1,-392.0241150182544,-461.97134520453375,1.0,CLIENT,7,2,100000,17,38,0,61,65,61,0,31,13,39612.41600000002,2,False,False
6,2,232.0934821135797,490.59389479582876,1.0,CLIENT,7,2,100000,15,43,0,57,60,57,0,33,9,44824.57600000002,2,False,False

7,0,282.07675458332403,241.34841479549607,1.0,CLIENT,7,2,100000,16,22,0,77,77,77,0,32,27,22933.504000000008,2,False,False
7,1,87.05485787830172,279.419854795874,1.0,CLIENT,7,2,100000,17,36,0,63,63,63,0,31,16,37527.55200000002,2,False,False
7,2,441.53210716927924,-176.32422520435313,1.0,CLIENT,7,2,100000,15,41,0,58,58,58,0,33,8,42739.71200000002,2,False,False

8,0,270.03641002640524,-146.8244252044812,1.0,CLIENT,7,2,100000,16,37,0,60,60,60,0,32,12,38569.98400000002,2,False,False
8,1,-356.2199325198114,-129.01322520436452,1.0,CLIENT,7,2,100000,17,33,0,64,64,64,0,31,16,34400.256000000016,2,False,False
8,2,-120.24502176301527,-7.4517852043788935,1.0,CLIENT,7,2,100000,15,27,0,70,70,70,0,33,23,28145.66400000001,2,False,False

9,0,-257.52079227070243,403.09637479526543,1.0,CLIENT,7,2,100000,16,43,0,54,55,54,0,32,5,44824.57600000002,2,False,False
9,1,304.09791107571675,-487.5749452047509,1.0,CLIENT,7,2,100000,17,30,0,67,68,66,1,31,18,31272.960000000014,2,False,False
9,2,397.0937302192426,29.729094795874573,1.0,CLIENT,7,2,100000,15,25,0,72,73,72,0,33,24,26060.80000000001,2,False,False

10,0,129.35448941395575,-109.75486520473765,1.0,CLIENT,7,2,100000,16,25,0,72,72,72,0,32,24,26060.80000000001,2,False,False
10,1,220.52841431541256,359.01365479582694,1.0,CLIENT,7,2,100000,17,43,0,54,54,54,0,31,6,44824.57600000002,2,False,False
10,2,32.95252016510471,-257.0312252046594,1.0,CLIENT,7,2,100000,15,29,0,68,68,68,0,33,19,30230.528000000013,2,False,False

11,0,-378.08266342632874,-439.03942520469,1.0,CLIENT,7,2,100000,16,39,0,60,60,59,1,32,9,40654.84800000002,2,False,False
11,1,-49.90406145650911,-34.50254520410624,1.0,CLIENT,7,2,100000,17,24,0,74,75,74,0,31,27,25018.36800000001,2,False,False
11,2,161.99016018644937,353.8929347953089,1.0,CLIENT,7,2,100000,15,36,0,62,63,62,0,33,12,37527.55200000002,2,False,False

12,0,-147.89028656805337,-302.7837452046279,1.0,CLIENT,7,2,100000,16,39,0,58,58,58,0,32,10,40654.84800000002,2,False,False
12,1,-265.9965611364208,170.3262547952582,1.0,CLIENT,7,2,100000,17,28,0,69,69,69,0,31,21,29188.096000000012,2,False,False
12,2,-239.61870102119957,389.07005479587554,1.0,CLIENT,7,2,100000,15,30,0,67,67,67,0,33,18,31272.960000000014,2,False,False

13,0,-204.527433661447,316.0441347959508,1.0,CLIENT,7,2,100000,16,35,0,69,69,69,0,32,17,36485.12000000002,2,False,False
13,1,36.20024468399167,322.1667347955213,1.0,CLIENT,7,2,100000,17,33,0,71,71,71,0,31,22,34400.256000000016,2,False,False
13,2,55.845017382063126,201.05057479599338,1.0,CLIENT,7,2,100000,15,36,0,68,68,68,0,33,20,37527.55200000002,2,False,False

14,0,-234.94514622605755,-242.5596252040208,1.0,CLIENT,7,2,100000,16,35,0,69,69,69,0,32,17,36485.12000000002,2,False,False
14,1,-161.1188230218514,-237.10494520434594,1.0,CLIENT,7,2,100000,17,33,0,71,71,71,0,31,22,34400.256000000016,2,False,False
14,2,-351.0711009659177,-200.703305204498,1.0,CLIENT,7,2,100000,15,36,0,68,68,68,0,33,20,37527.55200000002,2,False,False

15,0,-21.07060475459179,-125.89626520432432,1.0,CLIENT,7,2,100000,16,38,0,63,63,63,0,32,15,39612.41600000002,2,False,False
15,1,329.3667920864336,18.819734795733893,1.0,CLIENT,7,2,100000,17,36,0,65,65,65,0,31,17,37527.55200000002,2,False,False
15,2,143.77121776463298,-276.0669452040574,1.0,CLIENT,7,2,100000,15,27,0,74,74,74,0,33,26,28145.66400000001,2,False,False

16,0,-357.2496988308153,-430.8017452041318,1.0,CLIENT,7,2,100000,16,38,0,60,61,60,0,32,10,39612.41600000002,2,False,False
16,1,-126.42361962791286,-81.47958520414704,1.0,CLIENT,7,2,100000,17,27,0,71,72,71,0,31,25,28145.66400000001,2,False,False
16,2,-207.0622430416436,61.01001479599546,1.0,CLIENT,7,2,100000,15,34,0,65,65,64,1,33,14,35442.68800000002,2,False,False

17,0,383.38991700613013,-295.2139852047563,1.0,CLIENT,7,2,100000,16,29,0,68,68,68,0,32,20,30230.528000000013,2,False,False
17,1,-18.773433753771037,-32.944065204086144,1.0,CLIENT,7,2,100000,17,33,0,64,64,64,0,31,16,34400.256000000016,2,False,False
17,2,100.67945829791375,-434.9205852040154,1.0,CLIENT,7,2,100000,15,35,0,62,62,62,0,33,15,36485.12000000002,2,False,False

18,0,299.4243562805747,-403.5283452041756,1.0,CLIENT,7,2,100000,16,43,0,67,67,67,0,32,16,44824.57600000002,2,False,False
18,1,42.85411930764094,-167.30730520418035,1.0,CLIENT,7,2,100000,17,32,0,78,78,78,0,31,29,33357.824000000015,2,False,False
18,2,-70.02411091389509,52.32705479577049,1.0,CLIENT,7,2,100000,15,35,0,75,75,75,0,33,22,36485.12000000002,2,False,False

19,0,-272.8088613459454,-192.68826520416866,1.0,CLIENT,7,2,100000,16,28,0,70,70,70,0,32,23,29188.096000000012,2,False,False
19,1,-435.2743000714117,-200.703305204498,1.0,CLIENT,7,2,100000,17,29,0,69,69,69,0,31,19,30230.528000000013,2,False,False
19,2,400.7375187033808,-463.86378520450165,1.0,CLIENT,7,2,100000,15,41,0,57,57,57,0,33,7,42739.71200000002,2,False,False

20,0,-36.99237617558744,-64.11366520448809,1.0,CLIENT,7,2,100000,16,25,0,144,145,144,0,67,59,26060.80000000001,4,False,False
20,1,297.28561086562934,-84.93050520413505,1.0,CLIENT,7,2,100000,17,31,0,138,139,137,1,66,55,32315.392000000014,4,False,False
20,2,-196.13087758866632,-353.7683052040424,1.0,CLIENT,7,2,100000,15,32,0,138,138,137,1,68,51,33357.824000000015,4,False,False
20,3,269.085856508339,221.31081479546367,1.0,CLIENT,7,2,100000,17,29,0,141,141,140,1,66,54,30230.528000000013,4,False,False
20,4,-485.89127488634597,469.1091347954952,1.0,CLIENT,7,2,100000,18,53,0,116,117,116,0,65,31,55248.89600000003,4,False,False

21,0,-97.19409896018152,291.3310947958581,1.0,CLIENT,7,2,100000,16,29,0,138,138,138,0,66,54,30230.528000000013,4,False,False
21,1,306.79114604235156,254.37285479583352,1.0,CLIENT,7,2,100000,17,42,0,125,125,125,0,65,43,43782.14400000002,4,False,False
21,2,-145.27626439435628,26.946094795782187,1.0,CLIENT,7,2,100000,15,23,0,144,144,144,0,67,62,23975.93600000001,4,False,False
21,3,-351.1503137594182,81.04761479523688,1.0,CLIENT,7,2,100000,16,41,0,126,126,126,0,66,44,42739.71200000002,4,False,False
21,4,162.8615009110151,258.15773479576933,1.0,CLIENT,7,2,100000,18,32,0,135,135,135,0,64,53,33357.824000000015,4,False,False

22,0,438.1259570645169,-385.82846520456883,1.0,CLIENT,7,2,100000,16,52,0,119,121,119,0,66,35,54206.46400000003,4,False,False
22,1,-481.85142243639376,-206.82590520406848,1.0,CLIENT,7,2,100000,17,29,0,145,145,144,1,65,55,30230.528000000013,4,False,False
22,2,141.79089793612573,-386.9416652041312,1.0,CLIENT,7,2,100000,15,29,0,144,145,144,0,67,56,30230.528000000013,4,False,False
22,3,-52.83493480308257,179.00921479548316,1.0,CLIENT,7,2,100000,16,23,0,151,151,149,2,66,62,23975.93600000001,4,False,False
22,4,-469.1773755342851,203.05433479568023,1.0,CLIENT,7,2,100000,18,41,0,127,133,125,2,64,43,42739.71200000002,4,False,False

23,0,-85.23296719620036,300.45933479574984,1.0,CLIENT,7,2,100000,16,37,0,141,143,134,7,67,52,38569.98400000002,4,False,False
23,1,-228.6081227752846,-18.027185204571765,1.0,CLIENT,7,2,100000,17,26,0,153,154,147,6,66,62,27103.23200000001,4,False,False
23,2,23.446984988945328,-467.7599852041564,1.0,CLIENT,7,2,100000,15,30,0,147,150,141,6,68,57,31272.960000000014,4,False,False
23,3,-394.16286043319974,70.02693479537726,1.0,CLIENT,7,2,100000,17,38,0,138,142,134,4,66,49,39612.41600000002,4,False,False
23,4,327.465685050864,-410.2075452047137,1.0,CLIENT,7,2,100000,18,49,0,129,131,122,7,65,37,51079.16800000003,4,False,False

24,0,-309.40517177545354,407.88313479583564,1.0,CLIENT,7,2,100000,16,37,0,132,132,130,2,67,46,38569.98400000002,4,False,False
24,1,269.79877164702935,-93.61346520436001,1.0,CLIENT,7,2,100000,17,39,0,129,130,129,0,66,46,40654.84800000002,4,False,False
24,2,-236.13333812349958,-281.63294520424216,1.0,CLIENT,7,2,100000,15,26,0,143,143,141,2,68,58,27103.23200000001,4,False,False
24,3,-492.2282983376817,60.676054795256675,1.0,CLIENT,7,2,100000,17,31,0,138,138,136,2,66,52,32315.392000000014,4,False,False
24,4,317.7225114953288,-99.06814520403486,1.0,CLIENT,7,2,100000,18,36,0,132,133,132,0,65,48,37527.55200000002,4,False,False

25,0,-70.57860046558444,-108.75298520410325,1.0,CLIENT,7,2,100000,16,25,0,144,145,142,2,66,60,26060.80000000001,4,False,False
25,1,21.704303539813925,286.32169479585,1.0,CLIENT,7,2,100000,17,38,0,131,132,129,2,65,46,39612.41600000002,4,False,False
25,2,252.37195715627817,-395.0680252041795,1.0,CLIENT,7,2,100000,15,37,0,133,133,130,3,67,45,38569.98400000002,4,False,False
25,3,77.62853549508,-338.5174652045802,1.0,CLIENT,7,2,100000,16,28,0,142,142,140,2,66,56,29188.096000000012,4,False,False
25,4,-308.7714694308265,60.787374795766596,1.0,CLIENT,7,2,100000,18,42,0,126,128,126,0,64,45,43782.14400000002,4,False,False

26,0,-78.5790925725511,-462.7505852041483,1.0,CLIENT,7,2,100000,16,35,0,132,132,132,0,66,50,36485.12000000002,4,False,False
26,1,-241.44059526383148,25.38761479576209,1.0,CLIENT,7,2,100000,17,40,0,127,127,127,0,65,44,41697.28000000002,4,False,False
26,2,443.9877037565382,-256.3633052047638,1.0,CLIENT,7,2,100000,15,32,0,135,135,135,0,67,52,33357.824000000015,4,False,False
26,3,355.5862266146538,-90.05122520465306,1.0,CLIENT,7,2,100000,16,29,0,138,138,138,0,66,56,30230.528000000013,4,False,False
26,4,266.47183433520473,-91.05310520449649,1.0,CLIENT,7,2,100000,18,31,0,136,136,136,0,64,54,32315.392000000014,4,False,False

27,0,-122.38376717796069,144.16605479565533,1.0,CLIENT,7,2,100000,16,33,0,135,135,135,0,66,52,34400.256000000016,4,False,False
27,1,83.88634615291525,-52.09110520399406,1.0,CLIENT,7,2,100000,17,28,0,140,140,140,0,65,57,29188.096000000012,4,False,False
27,2,288.809841999911,-328.27602520433516,1.0,CLIENT,7,2,100000,15,37,0,131,131,131,0,67,46,38569.98400000002,4,False,False
27,3,161.03960666894602,251.70117479546008,1.0,CLIENT,7,2,100000,16,26,0,142,142,142,0,66,61,27103.23200000001,4,False,False
27,4,453.88930289851163,460.20353479583235,1.0,CLIENT,7,2,100000,18,44,0,124,124,124,0,64,40,45867.00800000002,4,False,False

28,0,-377.9242378398906,396.52849479523724,1.0,CLIENT,7,2,100000,16,25,0,152,152,147,5,67,60,26060.80000000001,4,False,False
28,1,54.10233593293172,419.12645479592413,1.0,CLIENT,7,2,100000,17,29,0,146,148,144,2,66,60,30230.528000000013,4,False,False
28,2,-343.94194958351676,-350.985305204741,1.0,CLIENT,7,2,100000,15,58,0,117,119,113,4,68,32,60461.05600000003,4,False,False
28,3,-339.26839478837474,428.032054795587,1.0,CLIENT,7,2,100000,17,31,0,143,146,142,1,66,57,32315.392000000014,4,False,False
28,4,154.86100880404842,364.8022947954496,1.0,CLIENT,7,2,100000,18,34,0,142,143,139,3,65,52,35442.68800000002,4,False,False

29,0,-208.7257116978373,115.66813479562683,1.0,CLIENT,7,2,100000,16,34,0,171,173,171,0,67,69,35442.68800000002,4,False,False
29,1,430.7591673027402,-238.21814520469928,1.0,CLIENT,7,2,100000,17,35,0,169,172,167,2,66,59,36485.12000000002,4,False,False
29,2,-368.81476662898245,462.98653479592474,1.0,CLIENT,7,2,100000,15,49,0,128,152,128,0,68,43,51079.16800000003,4,False,False
29,3,86.57958111955003,337.5288947954934,1.0,CLIENT,7,2,100000,17,38,0,169,169,165,4,66,56,39612.41600000002,4,False,False
29,4,475.5143954250903,-467.8713052046663,1.0,CLIENT,7,2,100000,18,51,0,134,155,132,2,65,44,53164.03200000003,4,False,False

30,0,366.20074089531755,-306.123345204106,1.0,CLIENT,7,2,100000,16,30,0,140,141,139,1,67,55,31272.960000000014,4,False,False
30,1,368.6563374825765,187.46953479547926,1.0,CLIENT,7,2,100000,17,35,0,136,136,133,3,66,50,36485.12000000002,4,False,False
30,2,68.67748987004714,267.8425747958377,1.0,CLIENT,7,2,100000,15,34,0,136,137,134,2,68,51,35442.68800000002,4,False,False
30,3,-140.44428401333892,-328.7213052040019,1.0,CLIENT,7,2,100000,17,39,0,131,132,130,1,66,47,40654.84800000002,4,False,False
30,4,-136.87970832213844,-196.36182520438553,1.0,CLIENT,7,2,100000,18,33,0,137,138,136,1,65,52,34400.256000000016,4,False,False

31,0,273.36334733822986,-408.2037852042359,1.0,CLIENT,7,2,100000,16,27,0,144,145,144,0,67,58,28145.66400000001,4,False,False
31,1,451.5129191047531,-196.02786520443772,1.0,CLIENT,7,2,100000,17,28,0,144,144,143,1,66,58,29188.096000000012,4,False,False
31,2,146.14760155895425,-4.446145204057643,1.0,CLIENT,7,2,100000,15,22,0,150,150,148,2,68,62,22933.504000000008,4,False,False
31,3,-328.6538805082738,-40.84778520469655,1.0,CLIENT,7,2,100000,17,58,0,113,114,113,0,66,30,60461.05600000003,4,False,False
31,4,397.7274325644325,54.2194947957384,1.0,CLIENT,7,2,100000,18,37,0,135,135,134,1,65,48,38569.98400000002,4,False,False

32,0,-348.1402276199071,379.4965347955261,1.0,CLIENT,7,2,100000,16,33,0,175,176,169,6,67,64,34400.256000000016,4,False,False
32,1,262.35276909175207,33.513974795810384,1.0,CLIENT,7,2,100000,17,37,0,169,172,166,3,66,64,38569.98400000002,4,False,False
32,2,441.8489583415927,498.831574795596,1.0,CLIENT,7,2,100000,15,58,0,123,148,121,2,68,32,60461.05600000003,4,False,False
32,3,-241.51980805676914,123.68317479595618,1.0,CLIENT,7,2,100000,17,28,0,180,181,175,5,66,72,29188.096000000012,4,False,False
32,4,-447.86913418058276,-405.8660652046012,1.0,CLIENT,7,2,100000,18,53,0,125,149,121,4,65,38,55248.89600000003,4,False,False

33,0,-183.4568306871205,-233.8766652045868,1.0,CLIENT,7,2,100000,16,25,0,147,147,147,0,67,59,26060.80000000001,4,False,False
33,1,-451.82977383703445,80.37969479534127,1.0,CLIENT,7,2,100000,17,41,0,131,131,131,0,66,48,42739.71200000002,4,False,False
33,2,220.13235034959854,-87.71350520422743,1.0,CLIENT,7,2,100000,15,40,0,132,132,132,0,68,44,41697.28000000002,4,False,False
33,3,-166.82214412799732,465.10161479533053,1.0,CLIENT,7,2,100000,17,36,0,136,136,136,0,66,49,37527.55200000002,4,False,False
33,4,-98.22386527062255,163.98101479545886,1.0,CLIENT,7,2,100000,18,30,0,142,142,142,0,65,58,31272.960000000014,4,False,False

34,0,-189.63542855145522,238.45409479568474,1.0,CLIENT,7,2,100000,16,31,0,143,143,137,6,66,51,32315.392000000014,4,False,False
34,1,359.78450465104413,-478.3353852043493,1.0,CLIENT,7,2,100000,17,42,0,128,132,128,0,65,46,43782.14400000002,4,False,False
34,2,351.863225337578,-297.21774520444313,1.0,CLIENT,7,2,100000,15,36,0,134,138,134,0,67,50,37527.55200000002,4,False,False
34,3,-36.04182265752122,-58.88162520425112,1.0,CLIENT,7,2,100000,16,20,0,154,154,148,6,66,64,20848.640000000007,4,False,False
34,4,-494.0501925797507,-46.07982520414254,1.0,CLIENT,7,2,100000,18,45,0,128,129,120,8,64,40,46909.440000000024,4,False,False

35,0,77.86617387445584,-278.73862520443083,1.0,CLIENT,7,2,100000,16,25,0,146,146,145,0,67,61,26060.80000000001,4,False,False
35,1,440.66076644471354,-372.8040252042314,1.0,CLIENT,7,2,100000,17,34,0,134,136,134,0,66,50,35442.68800000002,4,False,False
35,2,-303.3849994969941,245.91253479583742,1.0,CLIENT,7,2,100000,15,46,0,125,125,124,0,68,41,47951.872000000025,4,False,False
35,3,-492.46593671705756,-407.3132252041114,1.0,CLIENT,7,2,100000,17,35,0,136,136,135,0,66,50,36485.12000000002,4,False,False
35,4,254.82755374409996,-359.00034520427937,1.0,CLIENT,7,2,100000,18,30,0,141,141,140,0,65,56,31272.960000000014,4,False,False

36,0,-123.88881024715342,-231.9842252046189,1.0,CLIENT,7,2,100000,16,34,0,138,138,138,0,67,53,35442.68800000002,4,False,False
36,1,-48.319805593815886,245.68989479560855,1.0,CLIENT,7,2,100000,17,32,0,140,140,140,0,66,55,33357.824000000015,4,False,False
36,2,-363.9827862474022,-0.2159852044550803,1.0,CLIENT,7,2,100000,15,26,0,146,146,146,0,68,59,27103.23200000001,4,False,False
36,3,-322.87134660919025,175.22433479554735,1.0,CLIENT,7,2,100000,17,34,0,138,138,138,0,66,52,35442.68800000002,4,False,False
36,4,198.50725782301984,187.46953479547926,1.0,CLIENT,7,2,100000,18,46,0,126,126,126,0,65,41,47951.872000000025,4,False,False

37,0,-15.84256040776042,-286.8649852044791,1.0,CLIENT,7,2,100000,16,31,0,140,142,139,1,66,56,32315.392000000014,4,False,False
37,1,-469.2565883277856,149.954694795278,1.0,CLIENT,7,2,100000,17,43,0,127,130,127,0,65,45,44824.57600000002,4,False,False
37,2,-344.892503101583,-447.722385204124,1.0,CLIENT,7,2,100000,15,32,0,141,141,138,3,67,54,33357.824000000015,4,False,False
37,3,-11.881920750745925,-119.77366520475385,1.0,CLIENT,7,2,100000,16,35,0,137,138,135,2,66,52,36485.12000000002,4,False,False
37,4,-274.70996838151495,-397.8510252042719,1.0,CLIENT,7,2,100000,18,32,0,141,141,137,4,64,55,33357.824000000015,4,False,False

38,0,-324.53481526482113,-227.42010520427755,1.0,CLIENT,7,2,100000,16,27,0,143,143,141,2,67,57,28145.66400000001,4,False,False
38,1,-401.92571416079056,-73.46454520460867,1.0,CLIENT,7,2,100000,17,35,0,134,135,134,0,66,51,36485.12000000002,4,False,False
38,2,388.9348125258378,264.9482547952354,1.0,CLIENT,7,2,100000,15,47,0,123,123,121,2,68,38,48994.304000000026,4,False,False
38,3,156.28683908030348,-76.47018520413894,1.0,CLIENT,7,2,100000,17,27,0,143,143,141,2,66,56,28145.66400000001,4,False,False
38,4,-413.41156916545725,-86.48898520415514,1.0,CLIENT,7,2,100000,18,34,0,135,136,135,0,65,51,35442.68800000002,4,False,False

39,0,-202.62632662644026,-103.2983052044284,1.0,CLIENT,7,2,100000,16,28,0,140,140,139,0,67,55,29188.096000000012,4,False,False
39,1,-329.68364681871486,-223.74654520406068,1.0,CLIENT,7,2,100000,17,51,0,117,117,116,0,66,33,53164.03200000003,4,False,False
39,2,289.44354434510086,268.84445479568114,1.0,CLIENT,7,2,100000,15,29,0,139,139,138,0,68,54,30230.528000000013,4,False,False
39,3,150.10824121596875,268.2878547955045,1.0,CLIENT,7,2,100000,17,29,0,139,139,138,0,66,54,30230.528000000013,4,False,False
39,4,245.63886973969124,130.0284147957555,1.0,CLIENT,7,2,100000,18,30,0,137,137,137,0,65,55,31272.960000000014,4,False,False

40,0,359.6260790651688,156.2999347958683,1.0,CLIENT,7,2,100000,16,45,0,232,235,229,2,115,97,46909.440000000024,7,False,False
40,1,-327.62411419726993,-253.9142652046192,1.0,CLIENT,7,2,100000,17,39,0,240,241,234,5,114,99,40654.84800000002,7,False,False
40,2,-57.8253407705381,7.242454795697597,1.0,CLIENT,7,2,100000,15,23,0,257,257,250,6,116,116,23975.93600000001,7,False,False
40,3,40.39852272038201,170.1036147958203,1.0,CLIENT,7,2,100000,16,25,0,254,254,248,6,115,112,26060.80000000001,7,False,False
40,4,-144.56334925622875,-214.95226520411677,1.0,CLIENT,7,2,100000,18,31,0,247,249,241,5,113,108,32315.392000000014,7,False,False
40,5,-64.71685377356322,-459.0770252047224,1.0,CLIENT,7,2,100000,10,36,0,242,244,236,5,121,102,37527.55200000002,7,False,False
40,6,-436.70013034822966,-56.3212652043876,1.0,CLIENT,7,2,100000,18,41,0,238,239,232,5,113,98,42739.71200000002,7,False,False
40,7,-55.528169769717344,344.98733479564606,1.0,CLIENT,7,2,100000,21,39,0,240,241,232,7,110,99,40654.84800000002,7,False,False

41,0,141.31562117737406,-346.75514520434746,1.0,CLIENT,7,2,100000,16,39,0,234,236,234,0,114,99,40654.84800000002,7,False,False
41,1,439.47257454783437,-201.25990520467468,1.0,CLIENT,7,2,100000,17,33,0,241,242,239,2,113,108,34400.256000000016,7,False,False
41,2,435.1158709250059,282.5368147959142,1.0,CLIENT,7,2,100000,15,36,0,239,239,237,2,115,102,37527.55200000002,7,False,False
41,3,174.3473559156817,-136.24902520428833,1.0,CLIENT,7,2,100000,16,23,0,252,252,249,3,114,115,23975.93600000001,7,False,False
41,4,-120.00738338363944,107.87573479552634,1.0,CLIENT,7,2,100000,18,41,0,234,234,230,4,112,93,42739.71200000002,7,False,False
41,5,-185.9124272743794,-231.53894520416117,1.0,CLIENT,7,2,100000,10,34,0,241,241,239,2,120,103,35442.68800000002,7,False,False
41,6,344.33800998936306,212.73917479574862,1.0,CLIENT,7,2,100000,18,40,0,235,235,233,2,112,98,41697.28000000002,7,False,False
41,7,324.2179605325399,-19.696985204310806,1.0,CLIENT,7,2,100000,20,29,0,245,246,244,1,110,111,30230.528000000013,7,False,False

42,0,239.381059081856,-246.45582520446652,1.0,CLIENT,7,2,100000,16,37,0,237,237,236,1,114,104,38569.98400000002,7,False,False
42,1,-412.9362924067055,412.2246147959481,1.0,CLIENT,7,2,100000,17,52,0,221,222,221,0,113,87,54206.46400000003,7,False,False
42,2,235.49963221834201,128.1359747957876,1.0,CLIENT,7,2,100000,15,21,0,253,253,252,1,115,121,21891.072000000007,7,False,False
42,3,-224.56827032533246,154.4074947959004,1.0,CLIENT,7,2,100000,16,24,0,250,250,249,1,114,115,25018.36800000001,7,False,False
42,4,228.29126804244055,-124.56042520453309,1.0,CLIENT,7,2,100000,18,41,0,232,233,232,0,112,98,42739.71200000002,7,False,False
42,5,57.11242207244285,222.86929479548377,1.0,CLIENT,7,2,100000,10,23,0,251,251,249,2,120,118,23975.93600000001,7,False,False
42,6,177.67429322750635,-24.706385204318906,1.0,CLIENT,7,2,100000,17,37,0,237,237,236,1,113,105,38569.98400000002,7,False,False
42,7,-33.507013277324624,379.60785479524503,1.0,CLIENT,7,2,100000,21,39,0,235,235,233,2,109,99,40654.84800000002,7,False,False

43,0,-348.5362915857211,-319.0364652047245,1.0,CLIENT,7,2,100000,16,34,0,247,249,238,8,116,102,35442.68800000002,7,False,False
43,1,-378.0034506328283,158.526334795784,1.0,CLIENT,7,2,100000,17,34,0,248,249,240,7,115,105,35442.68800000002,7,False,False
43,2,-222.42952491038704,-372.5813852040025,1.0,CLIENT,7,2,100000,15,25,0,258,258,247,10,117,109,26060.80000000001,7,False,False
43,3,431.1552312679913,-13.908345204688146,1.0,CLIENT,7,2,100000,17,43,0,238,240,231,6,115,95,44824.57600000002,7,False,False
43,4,454.99828200245315,-30.495025204732542,1.0,CLIENT,7,2,100000,18,39,0,242,244,235,6,114,97,40654.84800000002,7,False,False
43,5,446.9185771025488,-87.71350520422743,1.0,CLIENT,7,2,100000,10,30,0,250,252,244,6,122,108,31272.960000000014,7,False,False
43,6,-167.8519104390012,297.00841479576184,1.0,CLIENT,7,2,100000,18,35,0,246,248,238,7,114,102,36485.12000000002,7,False,False
43,7,-381.64723911752924,-226.640865204663,1.0,CLIENT,7,2,100000,21,42,0,240,241,231,8,111,94,43782.14400000002,7,False,False

44,0,233.36088680339657,-25.374305204214522,1.0,CLIENT,7,2,100000,16,22,0,249,250,248,1,115,117,22933.504000000008,7,False,False
44,1,231.85584373364102,381.8342547959517,1.0,CLIENT,7,2,100000,17,39,0,232,233,231,1,114,98,40654.84800000002,7,False,False
44,2,261.4022155742487,315.48753479577414,1.0,CLIENT,7,2,100000,15,22,0,250,250,248,2,116,114,22933.504000000008,7,False,False
44,3,264.4123017137598,-465.8675452041885,1.0,CLIENT,7,2,100000,17,45,0,224,227,223,1,114,88,46909.440000000024,7,False,False
44,4,60.36014659076697,-237.77286520424155,1.0,CLIENT,7,2,100000,18,31,0,241,241,238,3,113,104,32315.392000000014,7,False,False
44,5,-238.82657309013436,481.576974795656,1.0,CLIENT,7,2,100000,10,53,0,217,219,217,0,121,82,55248.89600000003,7,False,False
44,6,217.83517934877779,144.27737479537427,1.0,CLIENT,7,2,100000,18,30,0,242,242,240,2,113,108,31272.960000000014,7,False,False
44,7,325.5645780158573,-20.921505204383095,1.0,CLIENT,7,2,100000,20,30,0,242,242,240,2,111,107,31272.960000000014,7,False,False

45,0,-217.0430549771175,-263.2651452047398,1.0,CLIENT,7,2,100000,16,38,0,242,243,240,1,116,103,39612.41600000002,7,False,False
45,1,398.51956049549773,492.8202947957445,1.0,CLIENT,7,2,100000,17,43,0,233,238,228,4,115,92,44824.57600000002,7,False,False
45,2,60.835423349518656,1.0085347956172086,1.0,CLIENT,7,2,100000,15,23,0,258,258,254,3,117,118,23975.93600000001,7,False,False
45,3,-396.06396746820644,166.20741479537458,1.0,CLIENT,7,2,100000,17,36,0,244,245,242,1,115,103,37527.55200000002,7,False,False
45,4,-227.65756925778126,346.6571347953851,1.0,CLIENT,7,2,100000,18,31,0,249,249,247,2,114,109,32315.392000000014,7,False,False
45,5,399.47011401300114,7.576414795645405,1.0,CLIENT,7,2,100000,10,34,0,247,247,242,4,122,105,35442.68800000002,7,False,False
45,6,-175.29791299371564,-468.3165852043331,1.0,CLIENT,7,2,100000,18,45,0,228,236,227,0,114,93,46909.440000000024,7,False,False
45,7,241.91586846261544,134.14725479563913,1.0,CLIENT,7,2,100000,21,30,0,251,251,246,4,111,110,31272.960000000014,7,False,False

46,0,-25.26888279098213,-64.55894520415484,1.0,CLIENT,7,2,100000,16,33,0,247,251,240,7,114,106,34400.256000000016,7,False,False
46,1,-381.64723911752924,428.6999747954826,1.0,CLIENT,7,2,100000,17,48,0,231,236,226,5,113,91,50036.736000000026,7,False,False
46,2,34.45756323486027,300.5706547954688,1.0,CLIENT,7,2,100000,15,25,0,258,259,248,10,115,111,26060.80000000001,7,False,False
46,3,117.47257044291226,-455.6261052047344,1.0,CLIENT,7,2,100000,16,58,0,222,226,217,5,114,80,60461.05600000003,7,False,False
46,4,290.9485874148564,217.41461479580892,1.0,CLIENT,7,2,100000,18,27,0,257,257,249,8,112,111,28145.66400000001,7,False,False
46,5,186.2292748867252,474.67513479568,1.0,CLIENT,7,2,100000,10,22,0,261,262,253,8,120,115,22933.504000000008,7,False,False
46,6,494.05018901978303,266.8406947959943,1.0,CLIENT,7,2,100000,18,35,0,247,249,238,9,112,101,36485.12000000002,7,False,False
46,7,356.85363130503356,291.8876947952438,1.0,CLIENT,7,2,100000,20,36,0,248,248,240,8,110,104,37527.55200000002,7,False,False

47,0,-429.41255337939054,349.66277479570635,1.0,CLIENT,7,2,100000,16,39,0,245,249,235,10,116,98,40654.84800000002,7,False,False
47,1,-62.89495953149414,-165.52618520472237,1.0,CLIENT,7,2,100000,17,24,0,263,264,251,12,115,116,25018.36800000001,7,False,False
47,2,361.9232500659896,-352.98906520442785,1.0,CLIENT,7,2,100000,15,43,0,242,245,234,8,117,95,44824.57600000002,7,False,False
47,3,-495.634448442444,-375.25306520437596,1.0,CLIENT,7,2,100000,17,40,0,244,248,236,8,115,101,41697.28000000002,7,False,False
47,4,-345.1301414809588,222.75797479576482,1.0,CLIENT,7,2,100000,18,35,0,252,253,241,11,114,104,36485.12000000002,7,False,False
47,5,-244.13383023046623,-12.795145204334801,1.0,CLIENT,7,2,100000,10,24,0,263,264,254,9,122,118,25018.36800000001,7,False,False
47,6,110.81869581982583,399.75677479578735,1.0,CLIENT,7,2,100000,18,41,0,243,247,237,6,114,100,42739.71200000002,7,False,False
47,7,328.1786001895544,-208.27306520436963,1.0,CLIENT,7,2,100000,21,42,0,245,246,235,10,111,96,43782.14400000002,7,False,False

48,0,37.86371333962257,108.43233479570301,1.0,CLIENT,7,2,100000,16,34,0,236,237,236,0,116,102,35442.68800000002,7,False,False
48,1,-342.59533210019936,58.00437479567421,1.0,CLIENT,7,2,100000,17,29,0,243,243,241,1,115,108,30230.528000000013,7,False,False
48,2,-295.859784149342,-391.2831452042437,1.0,CLIENT,7,2,100000,15,27,0,245,245,243,1,117,108,28145.66400000001,7,False,False
48,3,236.2917601494072,-129.79246520477005,1.0,CLIENT,7,2,100000,17,37,0,235,235,232,2,115,97,38569.98400000002,7,False,False
48,4,161.99016018644937,-292.9875852040496,1.0,CLIENT,7,2,100000,18,33,0,238,239,237,0,114,102,34400.256000000016,7,False,False
48,5,279.2250940302511,-96.3964652044524,1.0,CLIENT,7,2,100000,10,34,0,238,238,235,2,122,102,35442.68800000002,7,False,False
48,6,-387.7466241889263,-309.3516252046561,1.0,CLIENT,7,2,100000,18,39,0,233,233,230,2,114,97,40654.84800000002,7,False,False
48,7,-401.6088629879142,-144.04142520438882,1.0,CLIENT,7,2,100000,21,38,0,234,234,231,2,111,97,39612.41600000002,7,False,False

49,0,176.96137808937883,492.5976547955156,1.0,CLIENT,7,2,100000,16,36,0,240,244,240,0,115,105,37527.55200000002,7,False,False
49,1,-89.03518126677669,322.8346547954169,1.0,CLIENT,7,2,100000,17,32,0,247,248,243,4,114,109,33357.824000000015,7,False,False
49,2,320.97023601365294,-3.3329452044952745,1.0,CLIENT,7,2,100000,15,29,0,251,251,246,5,116,110,30230.528000000013,7,False,False
49,3,140.2066420734325,108.87761479536977,1.0,CLIENT,7,2,100000,16,24,0,256,256,252,4,115,117,25018.36800000001,7,False,False
49,4,-134.82017570013068,467.99593479593284,1.0,CLIENT,7,2,100000,18,36,0,242,244,238,4,113,102,37527.55200000002,7,False,False
49,5,145.19704804145087,166.54137479532238,1.0,CLIENT,7,2,100000,10,20,0,259,260,255,4,121,121,20848.640000000007,7,False,False
49,6,-47.290039283374846,-498.59562520461054,1.0,CLIENT,7,2,100000,18,58,0,221,222,217,4,113,78,60461.05600000003,7,False,False
49,7,-98.69914202937424,-314.0270652047164,1.0,CLIENT,7,2,100000,21,45,0,234,235,231,3,110,93,46909.440000000024,7,False,False

50,0,-47.923741628564706,-58.88162520425112,1.0,CLIENT,7,2,100000,16,38,0,241,241,237,0,115,101,39612.41600000002,7,False,False
50,1,66.53874445566456,448.737574795515,1.0,CLIENT,7,2,100000,17,41,0,239,239,234,0,114,96,42739.71200000002,7,False,False
50,2,214.82509320926667,240.7918147953194,1.0,CLIENT,7,2,100000,15,26,0,254,254,249,0,116,117,27103.23200000001,7,False,False
50,3,-229.2418251204745,165.87345479542677,1.0,CLIENT,7,2,100000,17,27,0,254,254,248,0,114,113,28145.66400000001,7,False,False
50,4,366.5968048611316,264.0576947959019,1.0,CLIENT,7,2,100000,18,39,0,241,241,236,0,113,103,40654.84800000002,7,False,False
50,5,-227.18229249902956,-155.06210520424844,1.0,CLIENT,7,2,100000,10,36,0,245,245,239,0,121,104,37527.55200000002,7,False,False
50,6,64.95448859297133,56.77985479560192,1.0,CLIENT,7,2,100000,17,34,0,246,246,241,0,114,110,35442.68800000002,7,False,False
50,7,32.23960502697718,408.10577479527353,1.0,CLIENT,7,2,100000,21,34,0,247,247,241,0,110,107,35442.68800000002,7,False,False

51,0,-314.3955777434719,-319.3704252046723,1.0,CLIENT,7,2,100000,16,33,0,246,246,242,4,114,108,34400.256000000016,7,False,False
51,1,389.4100892845895,176.22621479539077,1.0,CLIENT,7,2,100000,17,70,0,208,209,205,3,113,70,72970.24000000003,7,False,False
51,2,-234.54908226080636,-70.12494520433961,1.0,CLIENT,7,2,100000,15,25,0,253,254,251,2,115,117,26060.80000000001,7,False,False
51,3,-242.86642554008654,-47.97226520411044,1.0,CLIENT,7,2,100000,16,31,0,247,248,245,2,114,112,32315.392000000014,7,False,False
51,4,-298.3153807366009,-154.39418520435282,1.0,CLIENT,7,2,100000,18,31,0,247,248,245,2,112,114,32315.392000000014,7,False,False
51,5,-423.55080668736923,1.3424947955650168,1.0,CLIENT,7,2,100000,10,25,0,253,254,250,3,120,115,26060.80000000001,7,False,False
51,6,-227.18229249902956,56.33457479593517,1.0,CLIENT,7,2,100000,18,32,0,247,247,242,5,112,109,33357.824000000015,7,False,False
51,7,24.95202805813805,-25.596945204443387,1.0,CLIENT,7,2,100000,20,32,0,246,247,242,4,110,109,33357.824000000015,7,False,False

52,0,-246.58942681772518,-440.4865852042002,1.0,CLIENT,7,2,100000,16,43,0,228,228,227,1,114,94,44824.57600000002,7,False,False
52,1,-277.0863521758362,191.14309479569613,1.0,CLIENT,7,2,100000,17,38,0,233,233,232,1,113,99,39612.41600000002,7,False,False
52,2,-97.90701409830905,-386.7190252046933,1.0,CLIENT,7,2,100000,15,37,0,234,234,233,1,115,102,38569.98400000002,7,False,False
52,3,-187.02140637832096,-126.67550520472986,1.0,CLIENT,7,2,100000,16,32,0,238,239,238,0,114,107,33357.824000000015,7,False,False
52,4,345.3677763003669,-79.25318520423133,1.0,CLIENT,7,2,100000,18,41,0,230,230,229,1,112,94,42739.71200000002,7,False,False
52,5,14.97121612322699,81.1589347957468,1.0,CLIENT,7,2,100000,10,19,0,252,252,251,1,120,120,19806.208000000006,7,False,False
52,6,196.84378916682613,63.23641479591117,1.0,CLIENT,7,2,100000,18,29,0,241,242,241,0,112,110,30230.528000000013,7,False,False
52,7,136.00836403760502,11.361294795581216,1.0,CLIENT,7,2,100000,20,32,0,239,239,238,1,110,106,33357.824000000015,7,False,False

53,0,-402.4802037124799,101.75313479595587,1.0,CLIENT,7,2,100000,16,41,0,238,240,231,7,116,96,42739.71200000002,7,False,False
53,1,-462.9987776693875,-461.4147452043571,1.0,CLIENT,7,2,100000,17,37,0,242,244,235,7,115,101,38569.98400000002,7,False,False
53,2,83.01500542834955,226.4315347959817,1.0,CLIENT,7,2,100000,15,45,0,233,236,228,5,117,93,46909.440000000024,7,False,False
53,3,33.11094575154288,-430.1338252042362,1.0,CLIENT,7,2,100000,17,31,0,249,250,241,8,115,105,32315.392000000014,7,False,False
53,4,-101.23395141013368,-228.97858520429764,1.0,CLIENT,7,2,100000,18,27,0,254,254,244,10,114,111,28145.66400000001,7,False,False
53,5,-169.4361663016944,-56.65522520433541,1.0,CLIENT,7,2,100000,10,23,0,256,258,249,7,122,116,23975.93600000001,7,False,False
53,6,-425.2934881359378,142.38493479540637,1.0,CLIENT,7,2,100000,18,33,0,248,248,239,9,114,107,34400.256000000016,7,False,False
53,7,-319.4651965044279,-496.9258252040805,1.0,CLIENT,7,2,100000,21,44,0,235,237,230,5,111,96,45867.00800000002,7,False,False

54,0,110.26420626757364,-218.62582520433364,1.0,CLIENT,7,2,100000,16,28,0,250,250,250,0,114,118,29188.096000000012,7,False,False
54,1,354.2396091313364,-354.9928252041147,1.0,CLIENT,7,2,100000,17,27,0,251,251,251,0,113,116,28145.66400000001,7,False,False
54,2,155.73234952861412,20.26689479524407,1.0,CLIENT,7,2,100000,15,25,0,253,253,253,0,115,120,26060.80000000001,7,False,False
54,3,114.3040587175258,-291.98570520420617,1.0,CLIENT,7,2,100000,16,27,0,251,251,251,0,114,118,28145.66400000001,7,False,False
54,4,-214.58745838985857,-215.17490520434563,1.0,CLIENT,7,2,100000,18,41,0,237,237,237,0,112,101,42739.71200000002,7,False,False
54,5,454.12694127845026,248.13893479575313,1.0,CLIENT,7,2,100000,10,60,0,218,218,218,0,120,80,62545.920000000035,7,False,False
54,6,50.53776024173125,-321.9307852045358,1.0,CLIENT,7,2,100000,18,35,0,243,243,243,0,112,113,36485.12000000002,7,False,False
54,7,417.60984364187976,-38.73270520449978,1.0,CLIENT,7,2,100000,20,35,0,243,243,243,0,110,108,36485.12000000002,7,False,False

55,0,188.05116912879427,-209.38626520472297,1.0,CLIENT,7,2,100000,16,25,0,250,250,244,5,116,110,26060.80000000001,7,False,False
55,1,-422.0457636176137,-398.5189452041675,1.0,CLIENT,7,2,100000,17,60,0,214,216,211,1,115,78,62545.920000000035,7,False,False
55,2,104.87773633430409,92.29093479532537,1.0,CLIENT,7,2,100000,15,25,0,250,250,245,4,117,110,26060.80000000001,7,False,False
55,3,292.6120560704873,97.96825479522909,1.0,CLIENT,7,2,100000,17,28,0,248,248,241,5,115,107,29188.096000000012,7,False,False
55,4,367.6265711715726,-276.28958520428625,1.0,CLIENT,7,2,100000,18,31,0,245,245,239,4,114,104,32315.392000000014,7,False,False
55,5,381.0135332123716,34.51585479565381,1.0,CLIENT,7,2,100000,10,27,0,248,249,242,4,122,110,28145.66400000001,7,False,False
55,6,-448.1859853528963,-93.05686520418334,1.0,CLIENT,7,2,100000,18,45,0,228,231,226,0,114,93,46909.440000000024,7,False,False
55,7,158.82164846106292,155.2980547952339,1.0,CLIENT,7,2,100000,21,33,0,243,243,236,5,111,102,34400.256000000016,7,False,False

56,0,147.89028300808565,216.19009479573663,1.0,CLIENT,7,2,100000,16,32,0,243,243,237,6,115,101,33357.824000000015,7,False,False
56,1,411.9065225357339,-477.110865204277,1.0,CLIENT,7,2,100000,17,41,0,234,234,227,7,114,94,42739.71200000002,7,False,False
56,2,-336.8127982011158,-302.56110520439904,1.0,CLIENT,7,2,100000,15,32,0,240,243,238,2,116,106,33357.824000000015,7,False,False
56,3,-275.5020963125802,-364.1210652040064,1.0,CLIENT,7,2,100000,16,25,0,248,250,245,3,115,112,26060.80000000001,7,False,False
56,4,-365.7254676965336,-209.1636252044941,1.0,CLIENT,7,2,100000,18,35,0,239,240,235,4,113,101,36485.12000000002,7,False,False
56,5,136.56285358929438,457.97713479591664,1.0,CLIENT,7,2,100000,10,57,0,214,218,212,2,121,78,59418.62400000003,7,False,False
56,6,-102.89742006576458,-135.80374520462158,1.0,CLIENT,7,2,100000,18,24,0,251,251,245,6,113,111,25018.36800000001,7,False,False
56,7,-65.66740729106658,-240.33322520410508,1.0,CLIENT,7,2,100000,21,29,0,246,246,240,6,110,107,30230.528000000013,7,False,False

57,0,-318.3562174004864,-417.6659852040754,1.0,CLIENT,7,2,100000,16,34,0,248,249,240,5,116,104,35442.68800000002,7,False,False
57,1,-389.72694401743354,-205.15610520432944,1.0,CLIENT,7,2,100000,17,29,0,252,254,245,4,115,110,30230.528000000013,7,False,False
57,2,67.17244680085442,255.4860547953959,1.0,CLIENT,7,2,100000,15,36,0,245,246,238,5,117,101,37527.55200000002,7,False,False
57,3,-14.812794096756543,269.51237479557676,1.0,CLIENT,7,2,100000,17,44,0,237,239,230,4,115,96,45867.00800000002,7,False,False
57,4,353.6059067867094,-439.5960252040757,1.0,CLIENT,7,2,100000,18,53,0,229,230,221,5,114,84,55248.89600000003,7,False,False
57,5,226.23173542099562,-253.69162520439033,1.0,CLIENT,7,2,100000,10,19,0,263,263,255,6,122,119,19806.208000000006,7,False,False
57,6,-204.68585924788516,-434.0300252046819,1.0,CLIENT,7,2,100000,18,38,0,244,245,237,4,114,101,39612.41600000002,7,False,False
57,7,-208.56728611139914,-133.24338520475806,1.0,CLIENT,7,2,100000,21,27,0,255,255,247,6,111,112,28145.66400000001,7,False,False

58,0,167.77269408553295,306.3592947958824,1.0,CLIENT,7,2,100000,16,44,0,230,231,229,1,115,92,45867.00800000002,7,False,False
58,1,246.58942325775746,-389.7246652042236,1.0,CLIENT,7,2,100000,17,29,0,246,246,243,3,114,108,30230.528000000013,7,False,False
58,2,-67.09323756788447,-404.30758520458113,1.0,CLIENT,7,2,100000,15,27,0,248,248,246,2,116,108,28145.66400000001,7,False,False
58,3,-476.4649525031242,-209.05230520477517,1.0,CLIENT,7,2,100000,17,41,0,232,234,232,0,114,95,42739.71200000002,7,False,False
58,4,472.6627348725802,-478.1127452041204,1.0,CLIENT,7,2,100000,18,36,0,239,239,236,3,113,101,37527.55200000002,7,False,False
58,5,429.7294009917363,-131.57358520422804,1.0,CLIENT,7,2,100000,10,29,0,246,246,243,3,121,107,30230.528000000013,7,False,False
58,6,-220.1323539095663,-75.57962520401446,1.0,CLIENT,7,2,100000,18,33,0,242,242,239,3,113,107,34400.256000000016,7,False,False
58,7,-57.904553563475766,-291.5404252045394,1.0,CLIENT,7,2,100000,20,36,0,238,239,236,2,111,106,37527.55200000002,7,False,False

59,0,-432.3434267254011,-113.76238520411135,1.0,CLIENT,7,2,100000,16,31,0,243,243,240,3,115,106,32315.392000000014,7,False,False
59,1,-258.1544946158923,314.7082947953686,1.0,CLIENT,7,2,100000,17,31,0,243,243,239,4,114,106,32315.392000000014,7,False,False
59,2,257.4415759172342,108.65497479593188,1.0,CLIENT,7,2,100000,15,36,0,236,238,236,0,116,104,37527.55200000002,7,False,False
59,3,367.15129441282096,436.04709479591634,1.0,CLIENT,7,2,100000,16,50,0,222,224,222,0,115,89,52121.60000000003,7,False,False
59,4,-472.26667446673395,-69.23438520421513,1.0,CLIENT,7,2,100000,18,30,0,242,244,238,4,113,106,31272.960000000014,7,False,False
59,5,137.8302582796741,209.5108947959895,1.0,CLIENT,7,2,100000,10,30,0,244,244,242,2,121,109,31272.960000000014,7,False,False
59,6,-499.04059854720634,96.1871347957711,1.0,CLIENT,7,2,100000,18,31,0,242,243,238,4,113,104,32315.392000000014,7,False,False
59,7,-466.08807660183635,489.25805479524655,1.0,CLIENT,7,2,100000,21,35,0,239,239,235,4,110,99,36485.12000000002,7,False,False

60,0,136.00836403760502,-114.43030520400697,1.0,CLIENT,7,2,100000,16,24,0,337,337,327,10,147,161,25018.36800000001,9,False,False
60,1,-114.06642389811769,256.2652947958014,1.0,CLIENT,7,2,100000,17,38,0,321,323,315,6,146,143,39612.41600000002,9,False,False
60,2,-240.4108289528276,461.3167347953947,1.0,CLIENT,7,2,100000,15,43,0,313,318,308,5,148,132,44824.57600000002,9,False,False
60,3,184.8034446099073,235.2258147959256,1.0,CLIENT,7,2,100000,16,29,0,332,332,325,7,147,152,30230.528000000013,9,False,False
60,4,337.3672841934003,-492.4730252042491,1.0,CLIENT,7,2,100000,18,44,0,311,317,307,4,145,137,45867.00800000002,9,False,False
60,5,195.57638447700924,-412.9905452040151,1.0,CLIENT,7,2,100000,10,31,0,327,330,321,6,153,149,32315.392000000014,9,False,False
60,6,-474.9599094333687,67.91185479597146,1.0,CLIENT,7,2,100000,18,59,0,297,302,292,5,145,118,61503.488000000034,9,False,False
60,7,473.69250118302125,9.023574795946558,1.0,CLIENT,7,2,100000,20,34,0,326,327,319,7,143,143,35442.68800000002,9,False,False
60,8,264.808365679011,189.25065479572822,1.0,CLIENT,7,2,100000,13,29,0,332,332,325,7,150,154,30230.528000000013,9,False,False
60,9,431.3136568544295,-158.95830520469417,1.0,CLIENT,7,2,100000,20,30,0,330,331,323,7,143,152,31272.960000000014,9,False,False

61,0,498.48610543554923,1.8990947957416893,1.0,CLIENT,7,2,100000,16,73,0,275,275,270,5,148,103,76097.53600000004,9,False,False
61,1,236.76703690815887,15.146174795517027,1.0,CLIENT,7,2,100000,17,39,0,308,309,305,3,147,134,40654.84800000002,9,False,False
61,2,-308.2169798785743,-68.2325052043717,1.0,CLIENT,7,2,100000,15,26,0,322,322,319,3,149,151,27103.23200000001,9,False,False
61,3,-428.2243614819484,81.93817479536136,1.0,CLIENT,7,2,100000,16,35,0,310,313,309,1,148,140,36485.12000000002,9,False,False
61,4,-192.32866351809,-489.3560652042089,1.0,CLIENT,7,2,100000,18,31,0,316,317,313,3,146,142,32315.392000000014,9,False,False
61,5,-287.1463769042478,22.38197479544084,1.0,CLIENT,7,2,100000,10,22,0,325,326,323,2,154,153,22933.504000000008,9,False,False
61,6,-102.18450492763705,-138.0301452045373,1.0,CLIENT,7,2,100000,18,25,0,323,323,319,4,146,152,26060.80000000001,9,False,False
61,7,-367.6265747321032,-351.9871852045844,1.0,CLIENT,7,2,100000,21,33,0,315,315,311,4,143,141,34400.256000000016,9,False,False
61,8,-265.9965611364208,32.289454795738095,1.0,CLIENT,7,2,100000,13,33,0,314,315,312,2,151,143,34400.256000000016,9,False,False
61,9,-164.12890916136254,-65.11554520433151,1.0,CLIENT,7,2,100000,20,31,0,317,317,313,4,144,147,32315.392000000014,9,False,False

62,0,-44.121527557425544,-344.4174252047128,1.0,CLIENT,7,2,100000,16,30,0,326,327,322,4,147,149,31272.960000000014,9,False,False
62,1,93.39188132907464,-443.3809052040115,1.0,CLIENT,7,2,100000,17,45,0,309,312,307,2,146,137,46909.440000000024,9,False,False
62,2,263.9370249544453,-377.47946520429167,1.0,CLIENT,7,2,100000,15,41,0,313,316,311,2,148,135,42739.71200000002,9,False,False
62,3,-264.01624130791356,75.14765479589528,1.0,CLIENT,7,2,100000,16,28,0,329,329,322,7,147,150,29188.096000000012,9,False,False
62,4,-190.6651948624591,-178.99590520472657,1.0,CLIENT,7,2,100000,18,29,0,328,328,319,9,145,152,30230.528000000013,9,False,False
62,5,-350.8334625865418,105.42669479538176,1.0,CLIENT,7,2,100000,10,33,0,323,324,317,6,153,146,34400.256000000016,9,False,False
62,6,-84.12398809225883,271.07085479559686,1.0,CLIENT,7,2,100000,18,44,0,312,313,305,7,145,132,45867.00800000002,9,False,False
62,7,-302.9097227382424,191.14309479569613,1.0,CLIENT,7,2,100000,20,44,0,313,313,305,8,143,135,45867.00800000002,9,False,False
62,8,-161.2772486082896,-302.7837452046279,1.0,CLIENT,7,2,100000,13,28,0,328,329,322,6,150,147,29188.096000000012,9,False,False
62,9,-78.65830536548877,-415.5509052046696,1.0,CLIENT,7,2,100000,20,35,0,322,322,316,6,143,139,36485.12000000002,9,False,False

63,0,-369.7653201464858,-161.5186652045577,1.0,CLIENT,7,2,100000,16,31,0,327,328,321,6,147,149,32315.392000000014,9,False,False
63,1,-222.35031211744936,5.572654795958556,1.0,CLIENT,7,2,100000,17,29,0,330,330,320,10,146,148,30230.528000000013,9,False,False
63,2,203.81451496335174,180.3450547952744,1.0,CLIENT,7,2,100000,15,38,0,320,321,313,7,148,137,39612.41600000002,9,False,False
63,3,-156.9997577789616,-487.9089052046987,1.0,CLIENT,7,2,100000,16,38,0,320,321,314,6,147,138,39612.41600000002,9,False,False
63,4,54.33997431230757,-114.65294520423583,1.0,CLIENT,7,2,100000,18,34,0,324,325,317,7,145,148,35442.68800000002,9,False,False
63,5,-442.56187704025086,495.49197479532694,1.0,CLIENT,7,2,100000,10,45,0,311,314,308,3,153,131,46909.440000000024,9,False,False
63,6,-23.05092458309904,412.2246147959481,1.0,CLIENT,7,2,100000,18,33,0,325,326,319,6,145,140,34400.256000000016,9,False,False
63,7,-377.1321099082626,481.68829479537493,1.0,CLIENT,7,2,100000,20,50,0,306,309,302,4,143,129,52121.60000000003,9,False,False
63,8,-204.527433661447,-336.5137052041024,1.0,CLIENT,7,2,100000,13,26,0,333,333,326,7,150,153,27103.23200000001,9,False,False
63,9,86.02509156729784,-368.1285852041711,1.0,CLIENT,7,2,100000,20,35,0,321,324,316,5,143,145,36485.12000000002,9,False,False

64,0,-460.62239387562914,49.878014795625916,1.0,CLIENT,7,2,100000,16,41,0,306,309,303,3,148,135,42739.71200000002,9,False,False
64,1,222.42952135041932,396.862454795976,1.0,CLIENT,7,2,100000,17,41,0,307,309,302,5,147,133,42739.71200000002,9,False,False
64,2,-189.2393645856412,42.41957479547324,1.0,CLIENT,7,2,100000,15,21,0,329,329,322,7,149,152,21891.072000000007,9,False,False
64,3,248.72816867214004,-214.84094520439783,1.0,CLIENT,7,2,100000,16,39,0,311,311,304,7,148,130,40654.84800000002,9,False,False
64,4,-97.90701409830905,449.85077479586835,1.0,CLIENT,7,2,100000,18,29,0,320,321,314,6,146,144,30230.528000000013,9,False,False
64,5,79.45042973714908,433.0414547955951,1.0,CLIENT,7,2,100000,10,27,0,323,323,317,6,154,149,28145.66400000001,9,False,False
64,6,105.43222588599345,442.7262947956635,1.0,CLIENT,7,2,100000,18,31,0,319,319,313,6,146,142,32315.392000000014,9,False,False
64,7,-265.20443320479274,-423.565945204208,1.0,CLIENT,7,2,100000,21,50,0,299,300,294,5,143,121,52121.60000000003,9,False,False
64,8,-464.7414591185189,-63.223105204363605,1.0,CLIENT,7,2,100000,13,35,0,314,315,309,5,151,138,36485.12000000002,9,False,False
64,9,280.80934989294434,101.08521479526928,1.0,CLIENT,7,2,100000,20,36,0,312,314,308,4,144,137,37527.55200000002,9,False,False

65,0,-265.1252204118551,133.4793347957435,1.0,CLIENT,7,2,100000,16,32,0,327,327,324,3,148,150,33357.824000000015,9,False,False
65,1,-179.25855265073014,-255.69538520407718,1.0,CLIENT,7,2,100000,17,32,0,328,328,323,4,147,151,33357.824000000015,9,False,False
65,2,7.129149602135668,7.131134795978653,1.0,CLIENT,7,2,100000,15,22,0,338,338,334,3,149,166,22933.504000000008,9,False,False
65,3,43.80467282514431,-300.2233852047644,1.0,CLIENT,7,2,100000,16,32,0,328,328,323,4,148,152,33357.824000000015,9,False,False
65,4,212.29028382907006,191.6996947958728,1.0,CLIENT,7,2,100000,18,45,0,315,315,311,3,146,142,46909.440000000024,9,False,False
65,5,250.31242453483327,-394.8453852047416,1.0,CLIENT,7,2,100000,10,39,0,320,321,316,3,154,139,40654.84800000002,9,False,False
65,6,193.43763906206382,125.68693479564303,1.0,CLIENT,7,2,100000,18,37,0,321,323,319,1,146,154,38569.98400000002,9,False,False
65,7,298.15695159019504,363.68909479588723,1.0,CLIENT,7,2,100000,21,48,0,310,312,307,2,143,130,50036.736000000026,9,False,False
65,8,-370.3990224916756,-390.9491852042959,1.0,CLIENT,7,2,100000,13,37,0,322,323,317,4,151,137,38569.98400000002,9,False,False
65,9,-295.14686901121445,175.3356547952663,1.0,CLIENT,7,2,100000,20,35,0,325,325,321,3,144,147,36485.12000000002,9,False,False

66,0,349.16999037094325,-115.09822520469356,1.0,CLIENT,7,2,100000,16,49,0,297,298,296,1,146,124,51079.16800000003,9,False,False
66,1,179.7338258495141,-80.36638520458467,1.0,CLIENT,7,2,100000,17,36,0,311,311,309,2,145,139,37527.55200000002,9,False,False
66,2,367.943422344449,83.60797479589138,1.0,CLIENT,7,2,100000,15,35,0,311,312,310,1,147,138,36485.12000000002,9,False,False
66,3,-60.83542690948639,92.17961479560643,1.0,CLIENT,7,2,100000,16,27,0,320,320,317,3,146,152,28145.66400000001,9,False,False
66,4,-29.94243758612415,280.3104147959985,1.0,CLIENT,7,2,100000,18,33,0,313,314,311,2,144,146,34400.256000000016,9,False,False
66,5,66.69717004210273,142.94153479558304,1.0,CLIENT,7,2,100000,10,16,0,331,331,328,3,152,154,16678.912000000004,9,False,False
66,6,-155.73235308858187,198.15625479539108,1.0,CLIENT,7,2,100000,17,34,0,313,313,310,3,145,141,35442.68800000002,9,False,False
66,7,-219.57786435787693,138.60005479547056,1.0,CLIENT,7,2,100000,20,44,0,303,303,300,3,142,130,45867.00800000002,9,False,False
66,8,-367.1512979733515,409.3302947953458,1.0,CLIENT,7,2,100000,13,38,0,308,309,306,2,149,139,39612.41600000002,9,False,False
66,9,277.95768933987137,387.2889347956266,1.0,CLIENT,7,2,100000,20,35,0,312,312,310,2,142,137,36485.12000000002,9,False,False

67,0,-359.15080586638487,-323.9345452042227,1.0,CLIENT,7,2,100000,16,34,0,319,319,314,5,147,140,35442.68800000002,9,False,False
67,1,-167.13899530031082,-322.04210520425477,1.0,CLIENT,7,2,100000,17,31,0,322,322,318,4,146,146,32315.392000000014,9,False,False
67,2,-128.0078754906061,-54.20618520419083,1.0,CLIENT,7,2,100000,15,23,0,328,330,326,2,148,155,23975.93600000001,9,False,False
67,3,260.45166205674536,30.508334795489134,1.0,CLIENT,7,2,100000,16,55,0,296,298,293,3,147,117,57333.76000000003,9,False,False
67,4,-469.0189499478469,-469.8750652043532,1.0,CLIENT,7,2,100000,18,43,0,309,310,306,3,145,133,44824.57600000002,9,False,False
67,5,-400.34145829753453,-279.8518252039932,1.0,CLIENT,7,2,100000,10,21,0,332,332,327,5,153,154,21891.072000000007,9,False,False
67,6,-223.69692960076677,179.12053479599308,1.0,CLIENT,7,2,100000,17,32,0,321,321,315,6,146,147,33357.824000000015,9,False,False
67,7,-303.1473611176183,494.1561347955357,1.0,CLIENT,7,2,100000,21,66,0,286,287,280,6,142,106,68800.51200000003,9,False,False
67,8,-243.42091509233873,-302.7837452046279,1.0,CLIENT,7,2,100000,13,22,0,330,331,327,3,150,155,22933.504000000008,9,False,False
67,9,-201.04207076318417,-208.05042520414077,1.0,CLIENT,7,2,100000,20,26,0,326,327,323,3,143,152,27103.23200000001,9,False,False

68,0,44.20073679095833,-54.20618520419083,1.0,CLIENT,7,2,100000,16,30,0,317,317,312,5,147,147,31272.960000000014,9,False,False
68,1,420.54071698789045,-122.22270520410746,1.0,CLIENT,7,2,100000,17,34,0,313,313,310,3,146,139,35442.68800000002,9,False,False
68,2,-178.86248868491612,307.4724947954448,1.0,CLIENT,7,2,100000,15,39,0,308,308,303,5,148,129,40654.84800000002,9,False,False
68,3,-318.03936622761006,-461.8600252040238,1.0,CLIENT,7,2,100000,16,35,0,310,312,309,1,147,136,36485.12000000002,9,False,False
68,4,386.24157755920305,102.7550147957993,1.0,CLIENT,7,2,100000,18,40,0,305,307,304,1,145,134,41697.28000000002,9,False,False
68,5,338.7139016767176,-489.6900252041567,1.0,CLIENT,7,2,100000,10,26,0,320,321,317,3,153,145,27103.23200000001,9,False,False
68,6,-454.126944838418,-177.77138520465428,1.0,CLIENT,7,2,100000,18,49,0,298,298,294,4,145,122,51079.16800000003,9,False,False
68,7,189.00172264629762,-334.17598520446774,1.0,CLIENT,7,2,100000,20,33,0,314,314,310,4,143,143,34400.256000000016,9,False,False
68,8,-34.61599238126617,-494.6994252041648,1.0,CLIENT,7,2,100000,13,30,0,317,317,313,4,150,143,31272.960000000014,9,False,False
68,9,190.8236168883667,-267.9405852040091,1.0,CLIENT,7,2,100000,20,31,0,315,316,312,3,143,140,32315.392000000014,9,False,False

69,0,22.49643147087912,23.717814795232073,1.0,CLIENT,7,2,100000,16,28,0,340,341,334,6,147,163,29188.096000000012,9,False,False
69,1,-238.35129633138268,-363.8984252045685,1.0,CLIENT,7,2,100000,17,36,0,333,333,324,9,146,139,37527.55200000002,9,False,False
69,2,-419.6693798232925,297.8989747958863,1.0,CLIENT,7,2,100000,15,44,0,320,325,314,6,148,139,45867.00800000002,9,False,False
69,3,-483.2772527126488,331.294974795413,1.0,CLIENT,7,2,100000,16,52,0,307,317,302,5,147,128,54206.46400000003,9,False,False
69,4,-336.89201099461627,166.8753347952702,1.0,CLIENT,7,2,100000,18,31,0,336,338,331,5,145,155,32315.392000000014,9,False,False
69,5,444.8590444811039,-313.6931052047686,1.0,CLIENT,7,2,100000,10,51,0,304,318,300,4,153,128,53164.03200000003,9,False,False
69,6,205.39877082604497,-309.2403052041462,1.0,CLIENT,7,2,100000,18,34,0,334,335,327,7,145,150,35442.68800000002,9,False,False
69,7,-111.92767848373511,278.6406147954685,1.0,CLIENT,7,2,100000,20,35,0,333,334,327,6,143,148,36485.12000000002,9,False,False
69,8,253.3225106743444,-55.09674520431531,1.0,CLIENT,7,2,100000,13,24,0,345,345,338,7,150,161,25018.36800000001,9,False,False
69,9,91.17392312119154,-86.3776652044362,1.0,CLIENT,7,2,100000,20,34,0,335,335,327,8,143,151,35442.68800000002,9,False,False

70,0,17.74366388279943,-163.18846520429673,1.0,CLIENT,7,2,100000,16,26,0,323,323,314,9,147,148,27103.23200000001,9,False,False
70,1,-22.65486061728502,-488.79946520403223,1.0,CLIENT,7,2,100000,17,42,0,304,307,297,7,146,128,43782.14400000002,9,False,False
70,2,-337.8425645121197,-132.24150520412365,1.0,CLIENT,7,2,100000,15,24,0,325,325,317,8,148,150,25018.36800000001,9,False,False
70,3,-276.6110754165217,-143.48482520421214,1.0,CLIENT,7,2,100000,16,33,0,316,316,308,8,147,139,34400.256000000016,9,False,False
70,4,-437.57147107223255,-126.67550520472986,1.0,CLIENT,7,2,100000,18,30,0,317,319,312,5,145,146,31272.960000000014,9,False,False
70,5,222.9840109026715,195.1506147958608,1.0,CLIENT,7,2,100000,10,29,0,319,320,310,9,153,143,30230.528000000013,9,False,False
70,6,54.97367665749742,428.25469479581585,1.0,CLIENT,7,2,100000,18,48,0,300,301,291,9,145,122,50036.736000000026,9,False,False
70,7,-380.2214088407114,-191.12978520414856,1.0,CLIENT,7,2,100000,20,37,0,310,312,303,7,143,140,38569.98400000002,9,False,False
70,8,-331.2679026819709,350.7759747952687,1.0,CLIENT,7,2,100000,13,32,0,315,317,310,5,150,143,33357.824000000015,9,False,False
70,9,379.2708517632402,14.144294795673602,1.0,CLIENT,7,2,100000,20,48,0,299,301,292,7,143,123,50036.736000000026,9,False,False

71,0,-311.38549160396076,154.07353479595258,1.0,CLIENT,7,2,100000,16,31,0,322,323,315,7,147,145,32315.392000000014,9,False,False
71,1,468.78130800850334,-355.4381052045724,1.0,CLIENT,7,2,100000,17,38,0,315,316,306,9,146,136,39612.41600000002,9,False,False
71,2,306.07823090366117,-452.7317852041321,1.0,CLIENT,7,2,100000,15,28,0,325,326,317,8,148,145,29188.096000000012,9,False,False
71,3,-44.200740350926054,449.51681479592054,1.0,CLIENT,7,2,100000,16,54,0,299,300,291,8,147,119,56291.32800000003,9,False,False
71,4,53.389420794804195,76.03821479522878,1.0,CLIENT,7,2,100000,18,35,0,318,319,309,9,145,144,36485.12000000002,9,False,False
71,5,239.61869746123182,-454.2902652041522,1.0,CLIENT,7,2,100000,10,25,0,328,329,319,9,153,150,26060.80000000001,9,False,False
71,6,-328.73309330121145,88.72869479561842,1.0,CLIENT,7,2,100000,18,39,0,313,315,307,6,145,131,40654.84800000002,9,False,False
71,7,-388.14268815474037,-300.5573452047122,1.0,CLIENT,7,2,100000,20,39,0,314,315,307,7,143,136,40654.84800000002,9,False,False
71,8,490.08954936276854,-210.94474520474307,1.0,CLIENT,7,2,100000,13,28,0,323,326,317,6,150,147,29188.096000000012,9,False,False
71,9,314.7124253558177,-116.10010520453699,1.0,CLIENT,7,2,100000,20,37,0,316,317,308,8,143,140,38569.98400000002,9,False,False

72,0,100.0457559527239,-8.564985204732238,1.0,CLIENT,7,2,100000,16,25,0,347,347,333,14,147,156,26060.80000000001,9,False,False
72,1,-249.9163641295498,177.0054547957963,1.0,CLIENT,7,2,100000,17,33,0,337,339,329,8,146,155,34400.256000000016,9,False,False
72,2,-258.23370740882996,154.4074947959004,1.0,CLIENT,7,2,100000,15,28,0,342,344,335,7,148,157,29188.096000000012,9,False,False
72,3,-169.75301747400792,-98.06626520419144,1.0,CLIENT,7,2,100000,16,25,0,347,347,333,14,147,156,26060.80000000001,9,False,False
72,4,406.2824142230885,-474.1052252047467,1.0,CLIENT,7,2,100000,18,63,0,293,309,283,10,145,112,65673.21600000003,9,False,False
72,5,211.89421986325604,425.8056547956713,1.0,CLIENT,7,2,100000,10,31,0,338,341,331,7,153,158,32315.392000000014,9,False,False
72,6,-373.3298958376863,433.93201479571957,1.0,CLIENT,7,2,100000,18,55,0,304,317,296,8,145,121,57333.76000000003,9,False,False
72,7,264.4915145066975,-118.77178520411945,1.0,CLIENT,7,2,100000,20,41,0,329,331,318,11,143,141,42739.71200000002,9,False,False
72,8,426.1648253005359,369.36641479579094,1.0,CLIENT,7,2,100000,13,41,0,328,331,321,7,150,141,42739.71200000002,9,False,False
72,9,-71.29151560371197,92.84753479550204,1.0,CLIENT,7,2,100000,20,30,0,341,342,331,10,143,154,31272.960000000014,9,False,False

73,0,389.96457883684167,181.56957479534668,1.0,CLIENT,7,2,100000,16,33,0,388,391,374,13,147,166,34400.256000000016,9,False,False
73,1,243.89618829055982,493.59953479535903,1.0,CLIENT,7,2,100000,17,31,0,391,393,377,13,146,170,32315.392000000014,9,False,False
73,2,501.6546171609357,-374.25118520453253,1.0,CLIENT,7,2,100000,15,80,0,308,342,297,10,148,113,83394.56000000004,9,False,False
73,3,232.80639725170724,284.3179347953722,1.0,CLIENT,7,2,100000,16,31,0,393,393,372,20,147,169,32315.392000000014,9,False,False
73,4,27.962114197649175,411.4453747955426,1.0,CLIENT,7,2,100000,18,35,0,387,389,374,12,145,176,36485.12000000002,9,False,False
73,5,-326.11907112751436,456.64129479533443,1.0,CLIENT,7,2,100000,10,31,0,372,391,363,9,153,163,32315.392000000014,9,False,False
73,6,-461.5729473931325,395.7492547956227,1.0,CLIENT,7,2,100000,18,72,0,308,348,297,10,145,114,75055.10400000004,9,False,False
73,7,-201.04207076318417,251.92381479568894,1.0,CLIENT,7,2,100000,20,31,0,393,393,376,16,143,176,32315.392000000014,9,False,False
73,8,-237.24231722744113,237.3408947953314,1.0,CLIENT,7,2,100000,13,36,0,386,388,371,14,150,174,37527.55200000002,9,False,False
73,9,321.84157673821863,-141.03578520406757,1.0,CLIENT,7,2,100000,20,43,0,379,381,362,16,143,159,44824.57600000002,9,False,False

74,0,393.8460057003557,-82.9267452044482,1.0,CLIENT,7,2,100000,16,47,0,288,288,287,1,147,120,48994.304000000026,9,False,False
74,1,84.52004849810511,408.4397347960123,1.0,CLIENT,7,2,100000,17,29,0,306,306,305,1,146,141,30230.528000000013,9,False,False
74,2,-329.60443402577715,437.8282147953743,1.0,CLIENT,7,2,100000,15,32,0,303,303,302,1,148,136,33357.824000000015,9,False,False
74,3,-145.27626439435628,497.05045479534704,1.0,CLIENT,7,2,100000,16,35,0,300,300,299,1,147,133,36485.12000000002,9,False,False
74,4,79.68806811652492,-292.7649452046117,1.0,CLIENT,7,2,100000,18,42,0,292,293,292,0,145,125,43782.14400000002,9,False,False
74,5,-479.47503864207255,14.589574795340354,1.0,CLIENT,7,2,100000,10,23,0,312,312,310,2,153,144,23975.93600000001,9,False,False
74,6,-11.010580026180223,136.48497479527379,1.0,CLIENT,7,2,100000,18,23,0,312,312,311,1,145,148,23975.93600000001,9,False,False
74,7,-290.23567583613374,99.08145479558243,1.0,CLIENT,7,2,100000,20,25,0,310,310,308,2,143,144,26060.80000000001,9,False,False
74,8,17.585238296361254,404.8774947955144,1.0,CLIENT,7,2,100000,13,27,0,307,308,307,0,150,143,28145.66400000001,9,False,False
74,9,-422.204189203489,-338.96274520424697,1.0,CLIENT,7,2,100000,20,52,0,283,283,282,1,143,114,54206.46400000003,9,False,False

75,0,-397.41058495152396,229.2145347952831,1.0,CLIENT,7,2,100000,16,36,0,326,330,323,3,147,145,37527.55200000002,9,False,False
75,1,-249.20344899085944,473.89589479527444,1.0,CLIENT,7,2,100000,17,35,0,325,331,319,6,146,144,36485.12000000002,9,False,False
75,2,-389.9645823968094,-139.03202520438072,1.0,CLIENT,7,2,100000,15,33,0,330,333,323,7,148,142,34400.256000000016,9,False,False
75,3,-242.0742976084585,423.46793479524564,1.0,CLIENT,7,2,100000,16,34,0,329,332,322,7,147,143,35442.68800000002,9,False,False
75,4,206.428537136486,-418.8905052041477,1.0,CLIENT,7,2,100000,18,54,0,311,312,302,9,145,118,56291.32800000003,9,False,False
75,5,11.327427638526006,94.07205479557433,1.0,CLIENT,7,2,100000,10,18,0,347,348,338,9,153,158,18763.776000000005,9,False,False
75,6,-108.1254644131588,493.37689479592115,1.0,CLIENT,7,2,100000,18,30,0,332,336,325,7,145,148,31272.960000000014,9,False,False
75,7,267.2639622662699,74.5910547957186,1.0,CLIENT,7,2,100000,20,35,0,330,331,319,11,143,135,36485.12000000002,9,False,False
75,8,324.29717332547756,-481.0070652047227,1.0,CLIENT,7,2,100000,13,61,0,298,305,290,8,150,120,63588.352000000035,9,False,False
75,9,-295.93899694227963,352.8910547954655,1.0,CLIENT,7,2,100000,20,30,0,335,336,328,7,143,151,31272.960000000014,9,False,False

76,0,-427.5114463438209,-392.73030520454483,1.0,CLIENT,7,2,100000,16,41,0,309,310,307,2,147,134,42739.71200000002,9,False,False
76,1,245.0843801880019,239.5672947952471,1.0,CLIENT,7,2,100000,17,54,0,297,297,295,2,146,121,56291.32800000003,9,False,False
76,2,137.19655593448422,-95.95118520399467,1.0,CLIENT,7,2,100000,15,27,0,324,324,321,3,148,153,28145.66400000001,9,False,False
76,3,-38.65584483121833,60.00813479536106,1.0,CLIENT,7,2,100000,16,26,0,325,325,323,2,147,152,27103.23200000001,9,False,False
76,4,-143.61279573872537,-412.0999852046816,1.0,CLIENT,7,2,100000,18,29,0,322,322,319,3,145,147,30230.528000000013,9,False,False
76,5,-67.64772711957383,-297.440385204672,1.0,CLIENT,7,2,100000,10,23,0,328,328,324,4,153,157,23975.93600000001,9,False,False
76,6,-275.81894748545653,-35.72706520417853,1.0,CLIENT,7,2,100000,17,32,0,318,319,317,1,146,147,33357.824000000015,9,False,False
76,7,-72.08364353534,33.29133479558152,1.0,CLIENT,7,2,100000,21,33,0,317,318,316,1,142,143,34400.256000000016,9,False,False
76,8,268.7690053360255,-455.5147852042245,1.0,CLIENT,7,2,100000,13,46,0,304,305,302,2,150,128,47951.872000000025,9,False,False
76,9,-410.6391214058848,-415.1056252042119,1.0,CLIENT,7,2,100000,20,40,0,311,311,308,3,143,136,41697.28000000002,9,False,False

77,0,43.963098411582486,349.5514547959874,1.0,CLIENT,7,2,100000,16,26,0,322,322,322,0,147,152,27103.23200000001,9,False,False
77,1,24.95202805813805,-376.3662652047293,1.0,CLIENT,7,2,100000,17,45,0,303,303,303,0,146,132,46909.440000000024,9,False,False
77,2,-21.387455927468142,-171.98274520424064,1.0,CLIENT,7,2,100000,15,30,0,318,318,318,0,148,149,31272.960000000014,9,False,False
77,3,87.29249625767756,374.70977479574685,1.0,CLIENT,7,2,100000,16,26,0,322,322,322,0,147,146,27103.23200000001,9,False,False
77,4,-72.32128191471585,147.8396147958722,1.0,CLIENT,7,2,100000,18,28,0,320,320,320,0,145,152,29188.096000000012,9,False,False
77,5,-125.94834286916117,285.5424547954445,1.0,CLIENT,7,2,100000,10,28,0,320,320,320,0,153,146,29188.096000000012,9,False,False
77,6,120.40344378948572,-178.7732652044977,1.0,CLIENT,7,2,100000,18,30,0,318,318,318,0,145,147,31272.960000000014,9,False,False
77,7,236.52939852878305,-66.89666520458047,1.0,CLIENT,7,2,100000,20,30,0,318,318,318,0,143,148,31272.960000000014,9,False,False
77,8,-102.7389944793264,-473.1033452041123,1.0,CLIENT,7,2,100000,13,43,0,305,305,305,0,150,133,44824.57600000002,9,False,False
77,9,-326.1982839210149,368.2532147954376,1.0,CLIENT,7,2,100000,20,62,0,286,286,286,0,143,111,64630.784000000036,9,False,False

78,0,-339.5060331683134,-105.41338520462517,1.0,CLIENT,7,2,100000,16,42,0,335,336,323,12,147,142,43782.14400000002,9,False,False
78,1,-262.59041103109564,385.06253479571086,1.0,CLIENT,7,2,100000,17,36,0,337,342,333,4,146,156,37527.55200000002,9,False,False
78,2,-292.29520845814153,352.44577479579874,1.0,CLIENT,7,2,100000,15,20,0,356,358,350,6,148,170,20848.640000000007,9,False,False
78,3,252.21353157040284,480.79773479525045,1.0,CLIENT,7,2,100000,16,35,0,340,343,333,7,147,155,36485.12000000002,9,False,False
78,4,79.60885532358725,209.28825479576062,1.0,CLIENT,7,2,100000,18,29,0,349,349,340,9,145,163,30230.528000000013,9,False,False
78,5,393.1330905622282,-412.6565852040673,1.0,CLIENT,7,2,100000,10,70,0,295,307,290,5,153,117,72970.24000000003,9,False,False
78,6,125.55227534337942,107.20781479563072,1.0,CLIENT,7,2,100000,18,30,0,347,348,339,8,145,155,31272.960000000014,9,False,False
78,7,-4.911194954783148,198.4902147953389,1.0,CLIENT,7,2,100000,20,28,0,350,350,341,9,143,162,29188.096000000012,9,False,False
78,8,-496.2681507876339,371.25885479575885,1.0,CLIENT,7,2,100000,13,53,0,306,324,298,8,150,126,55248.89600000003,9,False,False
78,9,-20.120051237088422,196.26381479542317,1.0,CLIENT,7,2,100000,20,35,0,342,343,334,8,143,151,36485.12000000002,9,False,False

79,0,418.48118436644546,-235.88042520427365,1.0,CLIENT,7,2,100000,16,39,0,329,330,315,14,148,137,40654.84800000002,9,False,False
79,1,145.75153759314023,-479.8938652043694,1.0,CLIENT,7,2,100000,17,28,0,339,341,328,11,147,152,29188.096000000012,9,False,False
79,2,-17.42681627045365,-366.12482520448424,1.0,CLIENT,7,2,100000,15,25,0,341,344,331,10,149,153,26060.80000000001,9,False,False
79,3,411.3520329840445,298.7895347960108,1.0,CLIENT,7,2,100000,16,44,0,319,325,308,11,148,133,45867.00800000002,9,False,False
79,4,-366.8344468004752,-332.7288252041666,1.0,CLIENT,7,2,100000,18,44,0,321,325,312,9,146,136,45867.00800000002,9,False,False
79,5,-271.7790950355043,-315.69686520445543,1.0,CLIENT,7,2,100000,10,27,0,340,342,328,12,154,153,28145.66400000001,9,False,False
79,6,494.3670401920965,-474.1052252047467,1.0,CLIENT,7,2,100000,18,38,0,324,331,305,19,146,135,39612.41600000002,9,False,False
79,7,38.33899009837425,216.52405479568444,1.0,CLIENT,7,2,100000,21,46,0,321,323,306,15,143,132,47951.872000000025,9,False,False
79,8,141.87011072962625,-349.53814520443984,1.0,CLIENT,7,2,100000,13,24,0,343,345,331,12,151,158,25018.36800000001,9,False,False
79,9,-392.1825406046925,239.34465479580922,1.0,CLIENT,7,2,100000,20,54,0,306,315,291,15,144,121,56291.32800000003,9,False,False

80,0,43.883885618081976,481.3543347954271,1.0,CLIENT,7,2,100000,16,34,0,403,405,396,7,175,187,35442.68800000002,11,False,False
80,1,-238.03444515850632,248.47289479570094,1.0,CLIENT,7,2,100000,17,34,0,405,405,395,10,174,188,35442.68800000002,11,False,False
80,2,53.70627196711771,334.1892947952243,1.0,CLIENT,7,2,100000,15,28,0,411,411,401,10,176,199,29188.096000000012,11,False,False
80,3,162.3070113587629,-284.5272652040535,1.0,CLIENT,7,2,100000,16,57,0,379,382,373,6,175,160,59418.62400000003,11,False,False
80,4,-159.6137799526587,-167.86390520435702,1.0,CLIENT,7,2,100000,18,45,0,391,394,384,7,173,174,46909.440000000024,11,False,False
80,5,-412.9362924067055,465.3242547955594,1.0,CLIENT,7,2,100000,10,32,0,403,407,397,6,181,174,33357.824000000015,11,False,False
80,6,351.3879485788263,303.91025479573784,1.0,CLIENT,7,2,100000,18,40,0,398,399,388,10,173,173,41697.28000000002,11,False,False
80,7,-221.47897139288366,216.30141479545557,1.0,CLIENT,7,2,100000,20,35,0,402,404,393,9,171,185,36485.12000000002,11,False,False
80,8,-431.3136604143973,82.7174147957669,1.0,CLIENT,7,2,100000,13,35,0,404,404,392,12,178,181,36485.12000000002,11,False,False
80,9,387.27134387020686,266.7293747954844,1.0,CLIENT,7,2,100000,20,43,0,396,396,386,10,171,166,44824.57600000002,11,False,False
80,10,196.28929961513677,220.97685479551586,1.0,CLIENT,7,2,100000,12,25,0,413,414,405,8,179,192,26060.80000000001,11,False,False
80,11,94.65928601945436,301.5725347953122,1.0,CLIENT,7,2,100000,16,31,0,407,408,398,9,175,190,32315.392000000014,11,False,False

81,0,-382.2809414621563,-98.73418520408705,1.0,CLIENT,7,2,100000,16,32,0,430,431,421,9,175,203,33357.824000000015,11,False,False
81,1,-188.44723665457602,-183.448705204558,1.0,CLIENT,7,2,100000,17,26,0,436,437,428,8,174,210,27103.23200000001,11,False,False
81,2,54.73603827812158,323.61389479582243,1.0,CLIENT,7,2,100000,15,32,0,430,431,419,11,176,191,33357.824000000015,11,False,False
81,3,-60.280937357797036,363.46645479565836,1.0,CLIENT,7,2,100000,16,29,0,434,434,422,12,175,193,30230.528000000013,11,False,False
81,4,-340.7734378581303,120.00961479573931,1.0,CLIENT,7,2,100000,18,34,0,429,429,417,12,173,203,35442.68800000002,11,False,False
81,5,133.63198024328375,-473.659945204289,1.0,CLIENT,7,2,100000,10,45,0,417,418,406,11,181,172,46909.440000000024,11,False,False
81,6,489.2974214311405,465.10161479533053,1.0,CLIENT,7,2,100000,18,97,0,326,363,322,4,172,113,101115.90400000005,11,False,False
81,7,-362.6361687640848,-276.5122252045151,1.0,CLIENT,7,2,100000,20,40,0,409,423,404,5,171,187,41697.28000000002,11,False,False
81,8,-262.7488366175338,123.46053479572731,1.0,CLIENT,7,2,100000,13,17,0,446,446,434,12,178,212,17721.344000000005,11,False,False
81,9,-312.969747466654,-72.24002520453638,1.0,CLIENT,7,2,100000,20,35,0,427,428,418,9,171,201,36485.12000000002,11,False,False
81,10,-328.1786037495221,97.7456147957912,1.0,CLIENT,7,2,100000,12,17,0,446,446,436,10,179,215,17721.344000000005,11,False,False
81,11,-373.40910863118677,-477.33350520450585,1.0,CLIENT,7,2,100000,16,59,0,360,395,359,1,175,153,61503.488000000034,11,False,False

82,0,-177.35744561516057,-239.99926520415727,1.0,CLIENT,7,2,100000,16,29,0,404,405,396,7,175,184,30230.528000000013,11,False,False
82,1,323.58425818735003,-46.525105204600266,1.0,CLIENT,7,2,100000,17,48,0,385,386,377,7,174,171,50036.736000000026,11,False,False
82,2,-144.40492366979058,273.51989479574144,1.0,CLIENT,7,2,100000,15,29,0,404,405,397,6,176,183,30230.528000000013,11,False,False
82,3,-141.15719915146644,322.05541479580233,1.0,CLIENT,7,2,100000,16,30,0,403,404,395,7,175,186,31272.960000000014,11,False,False
82,4,393.5291545280421,-407.8698252042881,1.0,CLIENT,7,2,100000,18,49,0,383,385,378,4,173,174,51079.16800000003,11,False,False
82,5,471.71218135451403,-454.6242252041,1.0,CLIENT,7,2,100000,10,59,0,371,375,367,3,181,158,61503.488000000034,11,False,False
82,6,-225.12275987702182,241.1257747952672,1.0,CLIENT,7,2,100000,18,37,0,394,397,389,4,173,182,38569.98400000002,11,False,False
82,7,-182.66470275549244,-137.02826520469387,1.0,CLIENT,7,2,100000,20,32,0,402,402,394,7,171,182,33357.824000000015,11,False,False
82,8,18.6942174003028,-38.955345204728644,1.0,CLIENT,7,2,100000,13,18,0,416,416,407,8,178,198,18763.776000000005,11,False,False
82,9,238.1136543920391,135.70573479565923,1.0,CLIENT,7,2,100000,20,34,0,400,400,388,11,171,186,35442.68800000002,11,False,False
82,10,-154.38573560526447,331.6289347953608,1.0,CLIENT,7,2,100000,12,33,0,397,400,390,7,179,183,34400.256000000016,11,False,False
82,11,-256.1741747873851,7.7990547958742695,1.0,CLIENT,7,2,100000,16,35,0,398,399,391,6,175,182,36485.12000000002,11,False,False

83,0,-42.854122867608666,164.20365479568773,1.0,CLIENT,7,2,100000,16,31,0,447,448,432,15,175,221,32315.392000000014,11,False,False
83,1,-54.4191906657758,309.92153479558937,1.0,CLIENT,7,2,100000,17,33,0,444,446,430,14,174,207,34400.256000000016,11,False,False
83,2,-241.59902084970682,53.662894795561726,1.0,CLIENT,7,2,100000,15,30,0,449,449,433,16,176,223,31272.960000000014,11,False,False
83,3,-292.92891080333135,-229.0899052040166,1.0,CLIENT,7,2,100000,16,31,0,446,448,431,15,175,215,32315.392000000014,11,False,False
83,4,-194.86347289884944,354.67217479571445,1.0,CLIENT,7,2,100000,18,33,0,444,446,430,14,173,203,34400.256000000016,11,False,False
83,5,59.80565703907762,-450.8393452041642,1.0,CLIENT,7,2,100000,10,47,0,428,432,412,16,181,183,48994.304000000026,11,False,False
83,6,485.73284573994005,0.006654795773783917,1.0,CLIENT,7,2,100000,18,76,0,400,403,383,17,173,152,79224.83200000004,11,False,False
83,7,67.6477235596061,173.88849479575612,1.0,CLIENT,7,2,100000,20,47,0,429,432,414,15,171,204,48994.304000000026,11,False,False
83,8,112.48216447545673,164.09233479596878,1.0,CLIENT,7,2,100000,13,41,0,438,438,420,18,178,197,42739.71200000002,11,False,False
83,9,-412.46101564795384,22.270654795721896,1.0,CLIENT,7,2,100000,20,40,0,437,439,422,15,171,199,41697.28000000002,11,False,False
83,10,-426.6401056192552,134.14725479563913,1.0,CLIENT,7,2,100000,12,29,0,447,450,433,14,179,215,30230.528000000013,11,False,False
83,11,-369.0524050083583,-222.85598520472718,1.0,CLIENT,7,2,100000,16,41,0,434,438,420,14,175,191,42739.71200000002,11,False,False

84,0,320.7325976342771,-36.728945204021954,1.0,CLIENT,7,2,100000,16,33,0,393,395,386,7,175,182,34400.256000000016,11,False,False
84,1,11.644278811402355,-488.4655052040844,1.0,CLIENT,7,2,100000,17,41,0,387,387,375,12,174,168,42739.71200000002,11,False,False
84,2,-0.39606574551646095,49.76669479590697,1.0,CLIENT,7,2,100000,15,19,0,409,409,400,9,176,197,19806.208000000006,11,False,False
84,3,22.49643147087912,-105.30206520411525,1.0,CLIENT,7,2,100000,16,21,0,407,407,397,10,175,194,21891.072000000007,11,False,False
84,4,56.08265576143897,90.06453479540966,1.0,CLIENT,7,2,100000,18,31,0,395,397,388,7,173,188,32315.392000000014,11,False,False
84,5,339.18917843546933,157.8584147958884,1.0,CLIENT,7,2,100000,10,28,0,397,400,389,8,181,181,29188.096000000012,11,False,False
84,6,497.06027515873126,-259.1463052040652,1.0,CLIENT,7,2,100000,18,45,0,379,383,374,5,173,170,46909.440000000024,11,False,False
84,7,-467.83075805096775,-204.154225204486,1.0,CLIENT,7,2,100000,20,45,0,382,383,372,10,171,169,46909.440000000024,11,False,False
84,8,415.86716219274837,-248.68222520438223,1.0,CLIENT,7,2,100000,13,34,0,392,394,386,6,178,178,35442.68800000002,11,False,False
84,9,-480.7424433324522,-463.307185204325,1.0,CLIENT,7,2,100000,20,58,0,367,370,358,9,171,152,60461.05600000003,11,False,False
84,10,-463.63248001457737,35.07245479583048,1.0,CLIENT,7,2,100000,12,35,0,393,393,382,11,179,174,36485.12000000002,11,False,False
84,11,-45.230506661367095,296.8970947952519,1.0,CLIENT,7,2,100000,16,38,0,389,390,380,9,175,172,39612.41600000002,11,False,False

85,0,-382.20172866921865,-454.4015852046621,1.0,CLIENT,7,2,100000,16,46,0,377,378,368,9,175,162,47951.872000000025,11,False,False
85,1,284.29471279120713,-83.48334520462487,1.0,CLIENT,7,2,100000,17,48,0,375,376,368,7,174,173,50036.736000000026,11,False,False
85,2,214.2706036575773,306.47061479560136,1.0,CLIENT,7,2,100000,15,47,0,376,377,365,11,176,156,48994.304000000026,11,False,False
85,3,403.4307536700155,-103.74358520409515,1.0,CLIENT,7,2,100000,16,37,0,384,387,379,5,175,176,38569.98400000002,11,False,False
85,4,-169.3569535081939,-489.24474520448996,1.0,CLIENT,7,2,100000,18,29,0,394,395,386,8,173,181,30230.528000000013,11,False,False
85,5,-418.00591116766157,-109.64354520422773,1.0,CLIENT,7,2,100000,10,22,0,402,402,392,10,181,187,22933.504000000008,11,False,False
85,6,445.96802358504544,-197.14106520400009,1.0,CLIENT,7,2,100000,18,40,0,381,384,376,5,173,171,41697.28000000002,11,False,False
85,7,-133.4735582168133,-252.13314520437024,1.0,CLIENT,7,2,100000,20,27,0,396,397,386,10,171,184,28145.66400000001,11,False,False
85,8,-423.31316830743066,-104.07754520404296,1.0,CLIENT,7,2,100000,13,32,0,391,392,381,10,178,174,33357.824000000015,11,False,False
85,9,47.92373806803414,-208.8296652045463,1.0,CLIENT,7,2,100000,20,32,0,392,392,382,10,171,183,33357.824000000015,11,False,False
85,10,163.1783520833286,-255.1387852046915,1.0,CLIENT,7,2,100000,12,27,0,395,397,386,9,179,189,28145.66400000001,11,False,False
85,11,-466.4841405676503,-13.12910520428261,1.0,CLIENT,7,2,100000,16,37,0,387,387,375,12,175,168,38569.98400000002,11,False,False

86,0,49.74563231066605,-493.6975452043214,1.0,CLIENT,7,2,100000,16,29,0,419,421,401,18,175,191,30230.528000000013,11,False,False
86,1,-222.82558887620107,331.6289347953608,1.0,CLIENT,7,2,100000,17,41,0,407,409,393,14,174,179,42739.71200000002,11,False,False
86,2,-438.44281179679825,482.5788547954994,1.0,CLIENT,7,2,100000,15,52,0,383,398,376,7,176,162,54206.46400000003,11,False,False
86,3,249.3618710173299,-32.8327452043672,1.0,CLIENT,7,2,100000,16,27,0,422,423,406,16,175,197,28145.66400000001,11,False,False
86,4,-364.5372757996544,-220.51826520430154,1.0,CLIENT,7,2,100000,18,43,0,405,407,384,21,173,172,44824.57600000002,11,False,False
86,5,-382.83543101440847,419.46041479587194,1.0,CLIENT,7,2,100000,10,40,0,404,410,396,8,181,179,41697.28000000002,11,False,False
86,6,-9.505536956424661,-487.9089052046987,1.0,CLIENT,7,2,100000,18,30,0,417,420,400,17,173,194,31272.960000000014,11,False,False
86,7,-132.20615352699642,-448.7242652047584,1.0,CLIENT,7,2,100000,20,45,0,403,405,385,18,171,180,46909.440000000024,11,False,False
86,8,172.76310005298848,401.53789479524534,1.0,CLIENT,7,2,100000,13,42,0,406,408,389,17,178,169,43782.14400000002,11,False,False
86,9,145.9099631795784,-425.1244252042281,1.0,CLIENT,7,2,100000,20,44,0,402,406,387,15,171,177,45867.00800000002,11,False,False
86,10,138.7015990042398,135.9283747958881,1.0,CLIENT,7,2,100000,12,26,0,423,424,404,19,179,186,27103.23200000001,11,False,False
86,11,83.64870777353941,-486.7957052043454,1.0,CLIENT,7,2,100000,16,31,0,414,419,396,18,175,185,32315.392000000014,11,False,False

87,0,-76.59877274404386,459.86957479588455,1.0,CLIENT,7,2,100000,16,32,0,397,398,385,12,175,181,33357.824000000015,11,False,False
87,1,-427.27380796444504,444.6187347956314,1.0,CLIENT,7,2,100000,17,43,0,386,387,373,13,174,170,44824.57600000002,11,False,False
87,2,-141.79090149665632,299.7914147958542,1.0,CLIENT,7,2,100000,15,27,0,402,403,392,10,176,192,28145.66400000001,11,False,False
87,3,-6.416238023975869,311.8139747955573,1.0,CLIENT,7,2,100000,16,29,0,401,401,388,13,175,191,30230.528000000013,11,False,False
87,4,-92.04526740572497,430.5924147954505,1.0,CLIENT,7,2,100000,18,28,0,400,402,390,10,173,187,29188.096000000012,11,False,False
87,5,-5.4656845064725,-387.9435452047656,1.0,CLIENT,7,2,100000,10,52,0,374,378,365,9,181,158,54206.46400000003,11,False,False
87,6,-391.9449022253167,54.887414795634015,1.0,CLIENT,7,2,100000,18,41,0,387,389,375,12,173,176,42739.71200000002,11,False,False
87,7,-142.10775266896982,52.772334795437246,1.0,CLIENT,7,2,100000,20,32,0,398,398,384,14,171,188,33357.824000000015,11,False,False
87,8,-45.54735783424344,-382.043585204633,1.0,CLIENT,7,2,100000,13,45,0,382,385,372,10,178,167,46909.440000000024,11,False,False
87,9,322.23764070403263,126.2435347958197,1.0,CLIENT,7,2,100000,20,38,0,390,392,379,11,171,172,39612.41600000002,11,False,False
87,10,395.9847511153011,341.3137747954292,1.0,CLIENT,7,2,100000,12,33,0,394,397,386,8,179,178,34400.256000000016,11,False,False
87,11,269.00664371540137,-39.51194520411434,1.0,CLIENT,7,2,100000,16,30,0,399,400,387,12,175,184,31272.960000000014,11,False,False

88,0,15.921769640730359,-269.72170520425806,1.0,CLIENT,7,2,100000,16,34,0,394,396,388,6,175,187,35442.68800000002,11,False,False
88,1,-440.50234441880593,-449.8374652043208,1.0,CLIENT,7,2,100000,17,49,0,374,381,370,4,174,162,51079.16800000003,11,False,False
88,2,374.99336093391224,287.4348947954124,1.0,CLIENT,7,2,100000,15,51,0,373,379,369,4,176,160,53164.03200000003,11,False,False
88,3,95.76826512339589,331.0723347959751,1.0,CLIENT,7,2,100000,16,30,0,399,400,391,8,175,180,31272.960000000014,11,False,False
88,4,33.348584130918724,-176.76950520401988,1.0,CLIENT,7,2,100000,18,26,0,404,404,397,7,173,187,27103.23200000001,11,False,False
88,5,-46.73554973112265,139.60193479531398,1.0,CLIENT,7,2,100000,10,17,0,412,413,405,7,181,202,17721.344000000005,11,False,False
88,6,-194.70504731241127,-393.73218520438826,1.0,CLIENT,7,2,100000,18,43,0,385,387,380,5,173,179,44824.57600000002,11,False,False
88,7,-11.565069577869576,143.94341479542646,1.0,CLIENT,7,2,100000,20,33,0,396,397,391,5,171,188,34400.256000000016,11,False,False
88,8,25.664943196828418,170.1036147958203,1.0,CLIENT,7,2,100000,13,26,0,404,404,398,6,178,193,27103.23200000001,11,False,False
88,9,-215.3003735279861,410.66613479592803,1.0,CLIENT,7,2,100000,20,38,0,392,392,384,8,171,173,39612.41600000002,11,False,False
88,10,-457.92915890899434,344.98733479564606,1.0,CLIENT,7,2,100000,12,43,0,387,387,378,9,179,170,44824.57600000002,11,False,False
88,11,-461.65216018607015,-240.22190520438613,1.0,CLIENT,7,2,100000,16,40,0,389,390,384,5,175,172,41697.28000000002,11,False,False

89,0,342.12005178147996,61.01001479599546,1.0,CLIENT,7,2,100000,16,31,0,396,397,391,5,174,191,32315.392000000014,11,False,False
89,1,333.08979336407225,368.2532147954376,1.0,CLIENT,7,2,100000,17,57,0,371,371,365,6,173,157,59418.62400000003,11,False,False
89,2,-246.51021402422467,-403.08306520450884,1.0,CLIENT,7,2,100000,15,39,0,386,389,384,2,175,176,40654.84800000002,11,False,False
89,3,-76.51955995110619,-471.5448652040922,1.0,CLIENT,7,2,100000,16,36,0,391,392,386,5,174,180,37527.55200000002,11,False,False
89,4,432.3434231654334,100.08333479542586,1.0,CLIENT,7,2,100000,18,37,0,388,391,386,2,172,184,38569.98400000002,11,False,False
89,5,342.1992645744176,-461.08078520440927,1.0,CLIENT,7,2,100000,10,25,0,403,403,395,8,180,191,26060.80000000001,11,False,False
89,6,171.17884419029525,-31.719545204013855,1.0,CLIENT,7,2,100000,17,27,0,401,401,395,6,173,194,28145.66400000001,11,False,False
89,7,354.63567309715046,-52.20242520450398,1.0,CLIENT,7,2,100000,20,30,0,398,398,393,5,170,192,31272.960000000014,11,False,False
89,8,488.9013574658893,-479.8938652043694,1.0,CLIENT,7,2,100000,13,42,0,384,386,378,6,177,169,43782.14400000002,11,False,False
89,9,42.061991376012905,-479.4485852047026,1.0,CLIENT,7,2,100000,20,32,0,396,396,391,5,170,188,33357.824000000015,11,False,False
89,10,-62.10283159986611,-167.52994520440922,1.0,CLIENT,7,2,100000,12,26,0,402,402,396,6,178,198,27103.23200000001,11,False,False
89,11,-261.08536796190293,-410.65282520438046,1.0,CLIENT,7,2,100000,16,46,0,382,382,377,5,174,177,47951.872000000025,11,False,False

90,0,-147.01894584348767,-236.21438520422146,1.0,CLIENT,7,2,100000,16,28,0,388,390,382,6,175,186,29188.096000000012,11,False,False
90,1,124.20565786006203,-141.36974520401537,1.0,CLIENT,7,2,100000,17,36,0,382,382,375,7,174,176,37527.55200000002,11,False,False
90,2,92.99581736382345,190.92045479546726,1.0,CLIENT,7,2,100000,15,38,0,379,380,371,8,176,170,39612.41600000002,11,False,False
90,3,-474.3262070881788,-231.31630520472328,1.0,CLIENT,7,2,100000,16,34,0,382,384,375,7,175,172,35442.68800000002,11,False,False
90,4,-301.08782849617336,-227.97670520445422,1.0,CLIENT,7,2,100000,18,28,0,389,390,383,6,173,181,29188.096000000012,11,False,False
90,5,293.0081200363013,-483.79006520402413,1.0,CLIENT,7,2,100000,10,38,0,377,380,372,5,181,163,39612.41600000002,11,False,False
90,6,-368.26027707673023,220.4202547953392,1.0,CLIENT,7,2,100000,18,42,0,376,376,368,8,173,165,43782.14400000002,11,False,False
90,7,80.95547280690464,-210.49946520428534,1.0,CLIENT,7,2,100000,20,27,0,391,391,385,6,171,183,28145.66400000001,11,False,False
90,8,485.4159945676265,97.41165479584339,1.0,CLIENT,7,2,100000,13,47,0,368,371,360,8,178,159,48994.304000000026,11,False,False
90,9,-487.00025399028743,44.75729479589887,1.0,CLIENT,7,2,100000,20,47,0,370,371,362,8,171,161,48994.304000000026,11,False,False
90,10,18.931855779678642,-391.17182520452474,1.0,CLIENT,7,2,100000,12,22,0,396,396,388,8,179,184,22933.504000000008,11,False,False
90,11,54.73603827812158,74.81369479594747,1.0,CLIENT,7,2,100000,16,31,0,386,387,377,9,175,182,32315.392000000014,11,False,False

91,0,-364.8541269719679,-174.20914520415636,1.0,CLIENT,7,2,100000,16,39,0,390,391,378,12,175,163,40654.84800000002,11,False,False
91,1,431.4720824408677,329.62517479567396,1.0,CLIENT,7,2,100000,17,45,0,382,385,374,8,174,166,46909.440000000024,11,False,False
91,2,204.92349406729326,-219.51638520445812,1.0,CLIENT,7,2,100000,15,28,0,400,402,391,9,176,178,29188.096000000012,11,False,False
91,3,-131.2556000089302,289.6612947953281,1.0,CLIENT,7,2,100000,16,35,0,391,395,384,7,175,181,36485.12000000002,11,False,False
91,4,162.62386253163925,-292.0970252047161,1.0,CLIENT,7,2,100000,18,39,0,389,391,378,11,173,172,40654.84800000002,11,False,False
91,5,-446.6809422831407,138.82269479569942,1.0,CLIENT,7,2,100000,10,40,0,389,390,377,12,181,164,41697.28000000002,11,False,False
91,6,222.1126701781058,-253.46898520416147,1.0,CLIENT,7,2,100000,18,32,0,398,398,386,12,173,177,33357.824000000015,11,False,False
91,7,108.60073761194275,43.86673479577439,1.0,CLIENT,7,2,100000,20,40,0,390,390,378,12,171,184,41697.28000000002,11,False,False
91,8,179.81303864245177,35.51773479549723,1.0,CLIENT,7,2,100000,13,26,0,402,404,390,12,178,186,27103.23200000001,11,False,False
91,9,433.2147638899991,373.5965747953935,1.0,CLIENT,7,2,100000,20,46,0,382,384,373,9,171,158,47951.872000000025,11,False,False
91,10,-342.2784809278858,177.0054547957963,1.0,CLIENT,7,2,100000,12,22,0,407,408,397,10,179,187,22933.504000000008,11,False,False
91,11,-129.90898252561283,427.8094147953581,1.0,CLIENT,7,2,100000,16,38,0,391,392,382,9,175,175,39612.41600000002,11,False,False

92,0,10.852150879774321,77.04009479586318,1.0,CLIENT,7,2,100000,16,27,0,423,424,417,6,173,206,28145.66400000001,11,False,False
92,1,-409.5301423019432,-289.2027052041138,1.0,CLIENT,7,2,100000,17,46,0,404,405,397,7,172,184,47951.872000000025,11,False,False
92,2,194.70504375244354,225.4296547953473,1.0,CLIENT,7,2,100000,15,45,0,406,406,400,6,174,181,46909.440000000024,11,False,False
92,3,134.7409593472253,218.08253479570453,1.0,CLIENT,7,2,100000,16,33,0,417,418,412,5,173,196,34400.256000000016,11,False,False
92,4,-185.12029934275137,-153.94890520468607,1.0,CLIENT,7,2,100000,18,38,0,413,413,404,9,171,196,39612.41600000002,11,False,False
92,5,301.87995286783365,-256.029345204025,1.0,CLIENT,7,2,100000,10,26,0,425,425,418,7,179,199,27103.23200000001,11,False,False
92,6,23.288559402507154,-331.2816652046564,1.0,CLIENT,7,2,100000,17,42,0,408,409,401,7,172,190,43782.14400000002,11,False,False
92,7,228.68733200825457,24.831014795585418,1.0,CLIENT,7,2,100000,20,39,0,412,412,406,6,169,195,40654.84800000002,11,False,False
92,8,-238.03444515850632,379.2738947952972,1.0,CLIENT,7,2,100000,13,45,0,403,406,398,5,176,180,46909.440000000024,11,False,False
92,9,-245.63887329965897,40.7497747957342,1.0,CLIENT,7,2,100000,19,37,0,413,414,404,9,170,207,38569.98400000002,11,False,False
92,10,274.86839040742257,-292.54230520438284,1.0,CLIENT,7,2,100000,12,32,0,418,419,412,6,177,188,33357.824000000015,11,False,False
92,11,-395.1134139507031,-402.4151452046132,1.0,CLIENT,7,2,100000,16,41,0,407,410,402,5,173,177,42739.71200000002,11,False,False

93,0,8.792618258329407,375.37769479564247,1.0,CLIENT,7,2,100000,16,44,0,436,436,430,2,173,204,45867.00800000002,11,False,False
93,1,-168.9608895423799,397.9756547955384,1.0,CLIENT,7,2,100000,17,43,0,435,437,431,0,172,195,44824.57600000002,11,False,False
93,2,-101.23395141013368,-69.457025204444,1.0,CLIENT,7,2,100000,15,31,0,449,449,443,2,174,222,32315.392000000014,11,False,False
93,3,-148.7616272926191,-263.8217452041255,1.0,CLIENT,7,2,100000,16,45,0,434,434,429,2,173,202,46909.440000000024,11,False,False
93,4,-91.72841623341147,491.5957747956722,1.0,CLIENT,7,2,100000,18,51,0,427,427,423,2,171,196,53164.03200000003,11,False,False
93,5,-114.38327507099405,227.76737479577292,1.0,CLIENT,7,2,100000,10,31,0,449,449,442,3,179,227,32315.392000000014,11,False,False
93,6,-300.7709773238598,-60.662745204500084,1.0,CLIENT,7,2,100000,17,43,0,436,437,431,1,172,213,44824.57600000002,11,False,False
93,7,-237.95523236556866,6.017934795625308,1.0,CLIENT,7,2,100000,20,40,0,439,440,434,1,169,216,41697.28000000002,11,False,False
93,8,224.01377721311255,69.5816547957105,1.0,CLIENT,7,2,100000,13,34,0,446,446,438,4,176,210,35442.68800000002,11,False,False
93,9,-9.030260197672977,32.95737479563371,1.0,CLIENT,7,2,100000,19,39,0,440,440,434,3,170,218,40654.84800000002,11,False,False
93,10,-134.0280477690655,58.89493479579869,1.0,CLIENT,7,2,100000,12,36,0,444,444,438,2,177,222,37527.55200000002,11,False,False
93,11,-194.5466217259731,-111.53598520419564,1.0,CLIENT,7,2,100000,16,39,0,441,441,435,2,173,209,40654.84800000002,11,False,False

94,0,436.1456372360097,498.94289479531494,1.0,CLIENT,7,2,100000,16,102,0,351,382,347,4,174,142,106328.06400000006,11,False,False
94,1,-29.70479920674831,-212.39190520425325,1.0,CLIENT,7,2,100000,17,36,0,452,452,444,8,173,223,37527.55200000002,11,False,False
94,2,2.2971692211183132,-357.5531852047692,1.0,CLIENT,7,2,100000,15,30,0,458,458,448,10,175,231,31272.960000000014,11,False,False
94,3,-445.41353759332384,54.33081479545734,1.0,CLIENT,7,2,100000,16,29,0,458,459,449,9,174,215,30230.528000000013,11,False,False
94,4,-365.6462549035959,-341.9683852045682,1.0,CLIENT,7,2,100000,18,34,0,439,454,433,6,172,201,35442.68800000002,11,False,False
94,5,79.76728090946258,-254.35954520428595,1.0,CLIENT,7,2,100000,10,23,0,465,465,456,9,180,231,23975.93600000001,11,False,False
94,6,-292.6912724239555,-231.0936652044944,1.0,CLIENT,7,2,100000,17,31,0,454,457,447,7,173,219,32315.392000000014,11,False,False
94,7,278.59139168506124,-412.6565852040673,1.0,CLIENT,7,2,100000,20,56,0,431,432,421,10,170,175,58376.19200000003,11,False,False
94,8,-49.42878469775743,-44.63266520463236,1.0,CLIENT,7,2,100000,13,27,0,461,461,451,10,177,225,28145.66400000001,11,False,False
94,9,-482.72276316095946,-291.0951452040817,1.0,CLIENT,7,2,100000,20,64,0,389,422,387,2,170,160,66715.64800000003,11,False,False
94,10,68.59827707710947,-64.33630520471695,1.0,CLIENT,7,2,100000,12,29,0,459,459,448,11,178,220,30230.528000000013,11,False,False
94,11,-497.8524066503271,82.7174147957669,1.0,CLIENT,7,2,100000,16,27,0,460,461,452,8,174,195,28145.66400000001,11,False,False

95,0,-171.17884775026297,-400.5227052046453,1.0,CLIENT,7,2,100000,16,44,0,400,402,394,6,173,167,45867.00800000002,11,False,False
95,1,-255.30283406281936,237.6748547952792,1.0,CLIENT,7,2,100000,17,33,0,413,413,404,9,172,194,34400.256000000016,11,False,False
95,2,45.309715894899874,375.4890147953614,1.0,CLIENT,7,2,100000,15,39,0,407,407,398,9,174,182,40654.84800000002,11,False,False
95,3,-93.3918848896052,-433.0281452040475,1.0,CLIENT,7,2,100000,16,50,0,395,396,388,7,173,170,52121.60000000003,11,False,False
95,4,-33.348587690886454,255.15209479544808,1.0,CLIENT,7,2,100000,18,24,0,422,422,414,8,171,203,25018.36800000001,11,False,False
95,5,-317.643302261796,377.6040947955582,1.0,CLIENT,7,2,100000,10,33,0,410,413,406,4,179,198,34400.256000000016,11,False,False
95,6,-434.48217214034656,56.77985479560192,1.0,CLIENT,7,2,100000,17,35,0,410,411,401,9,172,192,36485.12000000002,11,False,False
95,7,-173.07995478583257,396.0832147955705,1.0,CLIENT,7,2,100000,20,42,0,402,404,396,6,169,188,43782.14400000002,11,False,False
95,8,12.911683501219235,208.50901479535509,1.0,CLIENT,7,2,100000,13,34,0,410,412,404,6,176,200,35442.68800000002,11,False,False
95,9,-228.52890998234696,388.6247747954178,1.0,CLIENT,7,2,100000,19,43,0,403,403,396,7,170,188,44824.57600000002,11,False,False
95,10,-444.8590480410716,-287.7555452046036,1.0,CLIENT,7,2,100000,12,35,0,411,411,402,9,177,182,36485.12000000002,11,False,False
95,11,-198.4280485900499,-272.7273452045793,1.0,CLIENT,7,2,100000,16,34,0,411,412,404,7,173,187,35442.68800000002,11,False,False

96,0,373.17146669128033,-314.3610252046642,1.0,CLIENT,7,2,100000,16,47,0,402,407,391,10,175,183,48994.304000000026,11,False,False
96,1,222.1126701781058,-271.8367852044548,1.0,CLIENT,7,2,100000,17,37,0,415,416,397,18,174,197,38569.98400000002,11,False,False
96,2,-49.98327425000962,-371.80214520438795,1.0,CLIENT,7,2,100000,15,24,0,430,430,409,20,176,205,25018.36800000001,11,False,False
96,3,-324.6932408512593,-303.78562520447133,1.0,CLIENT,7,2,100000,16,42,0,409,412,391,17,175,176,43782.14400000002,11,False,False
96,4,143.21672821294362,-126.67550520472986,1.0,CLIENT,7,2,100000,18,41,0,413,413,394,18,173,194,42739.71200000002,11,False,False
96,5,29.784008439718246,340.7571747952525,1.0,CLIENT,7,2,100000,10,37,0,414,417,399,14,181,184,38569.98400000002,11,False,False
96,6,-379.0332169438321,175.55829479549516,1.0,CLIENT,7,2,100000,18,53,0,399,401,382,16,173,164,55248.89600000003,11,False,False
96,7,260.45166205674536,-498.92958520455835,1.0,CLIENT,7,2,100000,20,39,0,414,415,397,16,171,196,40654.84800000002,11,False,False
96,8,-75.09372967428828,-26.93278520423462,1.0,CLIENT,7,2,100000,13,20,0,434,434,411,22,178,206,20848.640000000007,11,False,False
96,9,-22.02115827209516,-80.25506520407475,1.0,CLIENT,7,2,100000,20,37,0,417,417,394,22,171,192,38569.98400000002,11,False,False
96,10,-30.734565517189345,383.17009479574295,1.0,CLIENT,7,2,100000,12,33,0,417,421,402,14,179,186,34400.256000000016,11,False,False
96,11,436.3832756153855,-344.083465204765,1.0,CLIENT,7,2,100000,16,43,0,406,411,393,12,175,180,44824.57600000002,11,False,False

97,0,415.62952381337254,-458.52042520454575,1.0,CLIENT,7,2,100000,16,51,0,371,379,358,13,175,153,53164.03200000003,11,False,False
97,1,107.57097130093887,389.73797479577115,1.0,CLIENT,7,2,100000,17,34,0,395,396,383,12,174,177,35442.68800000002,11,False,False
97,2,-484.38623181659034,-99.73606520472146,1.0,CLIENT,7,2,100000,15,31,0,397,399,383,14,176,175,32315.392000000014,11,False,False
97,3,344.49643557580123,392.0756947954058,1.0,CLIENT,7,2,100000,16,45,0,380,385,371,9,175,162,46909.440000000024,11,False,False
97,4,427.11537881803923,162.8678147958965,1.0,CLIENT,7,2,100000,18,38,0,390,392,379,11,173,171,39612.41600000002,11,False,False
97,5,-437.8883222451088,-101.18322520423163,1.0,CLIENT,7,2,100000,10,25,0,403,405,390,13,181,187,26060.80000000001,11,False,False
97,6,-277.9576928998391,53.88553479579059,1.0,CLIENT,7,2,100000,18,33,0,395,397,378,17,173,181,34400.256000000016,11,False,False
97,7,-211.57737225091026,1.676454795512825,1.0,CLIENT,7,2,100000,20,29,0,401,401,386,15,171,185,30230.528000000013,11,False,False
97,8,448.97810972399367,241.90501479567274,1.0,CLIENT,7,2,100000,13,35,0,393,395,380,13,178,175,36485.12000000002,11,False,False
97,9,-383.3899205660978,165.65081479598888,1.0,CLIENT,7,2,100000,20,36,0,392,394,376,16,171,175,37527.55200000002,11,False,False
97,10,5.148829774191262,-381.5983052041753,1.0,CLIENT,7,2,100000,12,37,0,391,393,375,16,179,169,38569.98400000002,11,False,False
97,11,-474.48463267461693,124.79637479551855,1.0,CLIENT,7,2,100000,16,36,0,390,394,376,14,175,174,37527.55200000002,11,False,False

98,0,-194.9426856917871,195.1506147958608,1.0,CLIENT,7,2,100000,16,47,0,438,439,429,9,174,206,48994.304000000026,11,False,False
98,1,18.45657902092696,-307.23654520445933,1.0,CLIENT,7,2,100000,17,42,0,441,444,434,7,173,207,43782.14400000002,11,False,False
98,2,-490.3271913021121,162.75649479538657,1.0,CLIENT,7,2,100000,15,46,0,439,440,431,8,175,198,47951.872000000025,11,False,False
98,3,101.4715862295418,152.06977479547476,1.0,CLIENT,7,2,100000,16,43,0,443,443,432,11,174,212,44824.57600000002,11,False,False
98,4,-478.04920836581744,-312.8025452046441,1.0,CLIENT,7,2,100000,18,38,0,445,448,438,7,172,206,39612.41600000002,11,False,False
98,5,-386.4792194985466,-280.4084252041699,1.0,CLIENT,7,2,100000,10,21,0,464,465,455,9,180,231,21891.072000000007,11,False,False
98,6,-385.92472994685727,-453.2883852043088,1.0,CLIENT,7,2,100000,18,49,0,435,437,427,8,172,189,51079.16800000003,11,False,False
98,7,-146.14760511892197,71.58541479539736,1.0,CLIENT,7,2,100000,20,43,0,443,443,432,11,170,215,44824.57600000002,11,False,False
98,8,-322.2376442640004,-121.10950520454509,1.0,CLIENT,7,2,100000,13,26,0,459,460,451,8,177,232,27103.23200000001,11,False,False
98,9,-146.70209467117417,-36.61762520430301,1.0,CLIENT,7,2,100000,19,43,0,443,443,432,11,171,221,44824.57600000002,11,False,False
98,10,267.5808134391463,-148.60554520473016,1.0,CLIENT,7,2,100000,12,51,0,434,435,425,9,178,189,53164.03200000003,11,False,False
98,11,-220.76605625475614,37.96677479564181,1.0,CLIENT,7,2,100000,16,37,0,448,449,438,10,174,234,38569.98400000002,11,False,False

99,0,392.1825370447248,-406.7566252047257,1.0,CLIENT,7,2,100000,16,40,0,419,427,408,8,175,192,41697.28000000002,11,False,False
99,1,149.8706028365929,-491.5824652041246,1.0,CLIENT,7,2,100000,17,34,0,432,433,419,10,174,197,35442.68800000002,11,False,False
99,2,307.2664228011032,-478.78066520401603,1.0,CLIENT,7,2,100000,15,43,0,415,424,404,8,176,178,44824.57600000002,11,False,False
99,3,410.6391178453542,81.82685479564242,1.0,CLIENT,7,2,100000,16,30,0,435,437,424,8,175,196,31272.960000000014,11,False,False
99,4,87.76777301642925,-36.61762520430301,1.0,CLIENT,7,2,100000,18,29,0,437,437,423,12,173,207,30230.528000000013,11,False,False
99,5,-424.5805729978103,358.5683747953692,1.0,CLIENT,7,2,100000,10,59,0,381,405,370,8,181,163,61503.488000000034,11,False,False
99,6,-81.19311474624821,273.1859347957936,1.0,CLIENT,7,2,100000,18,36,0,430,431,418,9,173,191,37527.55200000002,11,False,False
99,7,370.00295496589393,-305.67806520443924,1.0,CLIENT,7,2,100000,20,36,0,428,431,418,7,171,193,37527.55200000002,11,False,False
99,8,-166.9805697144355,109.99081479572311,1.0,CLIENT,7,2,100000,13,35,0,431,431,417,12,178,203,36485.12000000002,11,False,False
99,9,264.33308892025934,220.4202547953392,1.0,CLIENT,7,2,100000,20,37,0,429,430,415,11,171,185,38569.98400000002,11,False,False
99,10,500.46642526349365,-389.8359852047335,1.0,CLIENT,7,2,100000,12,41,0,406,425,398,5,179,180,42739.71200000002,11,False,False
99,11,-396.143180261707,163.98101479545886,1.0,CLIENT,7,2,100000,16,44,0,418,422,405,11,175,193,45867.00800000002,11,False,False

100,0,437.9675314780788,470.44497479528644,1.0,CLIENT,7,2,100000,16,57,0,617,620,607,10,226,288,59418.62400000003,14,False,False
100,1,9.188682224143424,203.16565479539918,1.0,CLIENT,7,2,100000,17,43,0,634,634,618,16,225,344,44824.57600000002,14,False,False
100,2,387.11291828376875,230.4390547953554,1.0,CLIENT,7,2,100000,14,35,0,640,642,631,9,228,326,36485.12000000002,14,False,False
100,3,-344.1795879628926,59.2288947957465,1.0,CLIENT,7,2,100000,16,39,0,638,638,622,16,226,326,40654.84800000002,14,False,False
100,4,-491.27774481961546,368.47585479566646,1.0,CLIENT,7,2,100000,18,55,0,618,622,605,13,224,290,57333.76000000003,14,False,False
100,5,480.1087374272946,361.7966547959193,1.0,CLIENT,7,2,100000,10,38,0,634,639,628,6,232,336,39612.41600000002,14,False,False
100,6,38.10135171899841,-192.131665203992,1.0,CLIENT,7,2,100000,15,42,0,635,635,621,14,227,345,43782.14400000002,14,False,False
100,7,258.55055502117574,105.76065479532957,1.0,CLIENT,7,2,100000,20,52,0,625,625,613,12,222,339,54206.46400000003,14,False,False
100,8,-134.42411173487952,-115.2095452044125,1.0,CLIENT,7,2,100000,13,26,0,650,651,636,14,229,342,27103.23200000001,14,False,False
100,9,222.66715972979515,134.9264947952537,1.0,CLIENT,7,2,100000,19,46,0,631,631,618,13,223,337,47951.872000000025,14,False,False
100,10,462.60271014416867,37.85545479592287,1.0,CLIENT,7,2,100000,12,39,0,637,638,624,13,230,326,40654.84800000002,14,False,False
100,11,-278.1161184862773,389.62665479526123,1.0,CLIENT,7,2,100000,16,50,0,625,627,612,13,226,326,52121.60000000003,14,False,False
100,12,61.23148731533267,-329.83450520435525,1.0,CLIENT,7,2,100000,19,50,0,626,627,612,14,223,301,52121.60000000003,14,False,False
100,13,-121.8292776257085,-286.0857452040736,1.0,CLIENT,7,2,100000,20,53,0,623,624,610,13,222,309,55248.89600000003,14,False,False
100,14,-414.04527151064707,431.03769479590824,1.0,CLIENT,7,2,100000,17,52,0,624,625,610,14,225,293,54206.46400000003,14,False,False

101,0,-24.31832927347876,-87.82482520473735,1.0,CLIENT,7,2,100000,14,44,0,843,843,716,3,220,452,45867.00800000002,14,False,False
101,1,287.62165010303175,-126.452865204501,1.0,CLIENT,7,2,100000,17,48,0,840,840,712,3,217,435,50036.736000000026,14,False,False
101,2,89.90651843137466,275.6349747959382,1.0,CLIENT,7,2,100000,13,38,0,846,846,723,2,222,438,39612.41600000002,14,False,False
101,3,312.9697439066863,-479.4485852047026,1.0,CLIENT,7,2,100000,16,58,0,836,836,702,3,218,351,60461.05600000003,14,False,False
101,4,392.3409626306002,435.2678547955108,1.0,CLIENT,7,2,100000,18,69,0,816,819,689,2,216,339,71927.80800000003,14,False,False
101,5,31.051413130097966,-163.85638520419235,1.0,CLIENT,7,2,100000,10,31,0,861,862,729,2,224,464,32315.392000000014,14,False,False
101,6,-452.2258378028484,-28.045985204587964,1.0,CLIENT,7,2,100000,17,71,0,825,825,690,2,217,337,74012.67200000004,14,False,False
101,7,213.24083734657344,301.0159347959265,1.0,CLIENT,7,2,100000,20,52,0,840,841,709,1,214,378,54206.46400000003,14,False,False
101,8,238.1136543920391,-347.2004252040142,1.0,CLIENT,7,2,100000,13,34,0,860,860,726,3,221,414,35442.68800000002,14,False,False
101,9,-48.87429514606808,-471.4335452043733,1.0,CLIENT,7,2,100000,19,56,0,836,836,704,3,215,380,58376.19200000003,14,False,False
101,10,434.1653174075025,-369.57574520447224,1.0,CLIENT,7,2,100000,12,54,0,833,834,706,2,222,352,56291.32800000003,14,False,False
101,11,126.5028288608828,178.67525479553535,1.0,CLIENT,7,2,100000,16,54,0,831,831,707,2,218,430,56291.32800000003,14,False,False
101,12,-21.78351989271932,56.22325479542525,1.0,CLIENT,7,2,100000,17,49,0,835,835,712,2,217,442,51079.16800000003,14,False,False
101,13,-187.57589593001032,-71.01550520446409,1.0,CLIENT,7,2,100000,19,55,0,836,836,706,2,215,424,57333.76000000003,14,False,False
101,14,-66.61796080856995,-56.098625204158736,1.0,CLIENT,7,2,100000,14,50,0,842,842,711,2,220,434,52121.60000000003,14,False,False

102,0,-284.6907803169889,-468.53922520456194,1.0,CLIENT,7,2,100000,16,43,0,666,668,637,29,229,293,44824.57600000002,14,False,False
102,1,36.0418190975535,-373.5832652046369,1.0,CLIENT,7,2,100000,17,42,0,666,669,642,24,228,348,43782.14400000002,14,False,False
102,2,-255.22362126931884,465.54689479578826,1.0,CLIENT,7,2,100000,15,50,0,638,661,617,21,230,299,52121.60000000003,14,False,False
102,3,406.995329361216,-413.5471452041918,1.0,CLIENT,7,2,100000,16,39,0,639,670,619,20,229,308,40654.84800000002,14,False,False
102,4,-151.6925006386297,-426.7942252047581,1.0,CLIENT,7,2,100000,18,43,0,668,668,641,27,227,316,44824.57600000002,14,False,False
102,5,497.13948795166897,-396.18122520453284,1.0,CLIENT,7,2,100000,10,47,0,608,661,591,17,235,293,48994.304000000026,14,False,False
102,6,345.0509251274906,-494.14282520398814,1.0,CLIENT,7,2,100000,16,58,0,613,651,597,16,229,303,60461.05600000003,14,False,False
102,7,-380.06298325427315,395.41529479567487,1.0,CLIENT,7,2,100000,20,61,0,598,650,577,21,224,273,63588.352000000035,14,False,False
102,8,-53.70627552708543,318.7158147955333,1.0,CLIENT,7,2,100000,13,28,0,679,683,657,22,232,343,29188.096000000012,14,False,False
102,9,442.5618734802831,-437.1469852047221,1.0,CLIENT,7,2,100000,19,67,0,596,640,575,21,226,275,69842.94400000003,14,False,False
102,10,-380.2214088407114,-382.6001852040187,1.0,CLIENT,7,2,100000,12,42,0,667,669,639,28,233,301,43782.14400000002,14,False,False
102,11,299.5035690735124,301.3498947958743,1.0,CLIENT,7,2,100000,16,54,0,655,657,624,31,229,267,56291.32800000003,14,False,False
102,12,-87.45092540408346,67.02129479584698,1.0,CLIENT,7,2,100000,20,34,0,676,677,651,25,225,333,35442.68800000002,14,False,False
102,13,-333.0105841305395,63.45905479534906,1.0,CLIENT,7,2,100000,20,36,0,674,675,649,25,225,346,37527.55200000002,14,False,False
102,14,-489.6142761639845,371.3701747954778,1.0,CLIENT,7,2,100000,17,67,0,571,637,555,16,228,255,69842.94400000003,14,False,False

103,0,-468.3852476032199,-106.86054520413535,1.0,CLIENT,7,2,100000,16,44,0,683,685,658,8,226,349,45867.00800000002,14,False,False
103,1,-453.9685192519798,244.2427347953074,1.0,CLIENT,7,2,100000,17,46,0,671,683,648,6,225,342,47951.872000000025,14,False,False
103,2,90.77785915594036,73.70049479559412,1.0,CLIENT,7,2,100000,14,36,0,691,691,667,9,228,375,37527.55200000002,14,False,False
103,3,-330.7926259226564,-299.5554652040778,1.0,CLIENT,7,2,100000,16,49,0,680,680,654,9,226,313,51079.16800000003,14,False,False
103,4,225.43960748993044,202.60905479601348,1.0,CLIENT,7,2,100000,18,41,0,686,688,662,7,224,351,42739.71200000002,14,False,False
103,5,34.14071206254676,7.242454795697597,1.0,CLIENT,7,2,100000,10,23,0,704,705,679,9,232,390,23975.93600000001,14,False,False
103,6,-142.266178255408,-231.9842252046189,1.0,CLIENT,7,2,100000,16,44,0,684,685,660,7,226,357,45867.00800000002,14,False,False
103,7,-164.36654754073837,415.45289479570727,1.0,CLIENT,7,2,100000,20,54,0,673,675,649,7,222,358,56291.32800000003,14,False,False
103,8,470.0487126988831,6.574534795801981,1.0,CLIENT,7,2,100000,13,49,0,678,679,655,7,229,338,51079.16800000003,14,False,False
103,9,-360.2597849703264,491.3731347954433,1.0,CLIENT,7,2,100000,19,66,0,639,661,616,6,223,301,68800.51200000003,14,False,False
103,10,440.4231280653378,49.54405479567811,1.0,CLIENT,7,2,100000,12,44,0,683,683,661,7,230,346,45867.00800000002,14,False,False
103,11,-345.6054182397105,-95.95118520399467,1.0,CLIENT,7,2,100000,16,42,0,681,681,663,7,226,372,43782.14400000002,14,False,False
103,12,-177.04059444284707,287.4348947954124,1.0,CLIENT,7,2,100000,19,41,0,687,688,662,8,223,380,42739.71200000002,14,False,False
103,13,490.010336569268,-363.5644652046207,1.0,CLIENT,7,2,100000,20,92,0,601,635,577,7,222,281,95903.74400000005,14,False,False
103,14,-395.90554188233114,291.66505479580593,1.0,CLIENT,7,2,100000,16,41,0,677,683,659,6,226,367,42739.71200000002,14,False,False

104,0,122.46297641093064,122.45865479588389,1.0,CLIENT,7,2,100000,16,42,0,627,627,612,15,227,343,43782.14400000002,14,False,False
104,1,297.2063980726916,131.5868947957756,1.0,CLIENT,7,2,100000,17,38,0,631,631,620,11,226,315,39612.41600000002,14,False,False
104,2,-477.4155060206276,-99.62474520421154,1.0,CLIENT,7,2,100000,14,49,0,620,620,607,13,229,312,51079.16800000003,14,False,False
104,3,-81.1139019527477,329.0685747954973,1.0,CLIENT,7,2,100000,16,37,0,631,632,617,14,227,320,38569.98400000002,14,False,False
104,4,428.22435792198075,-376.7002252046771,1.0,CLIENT,7,2,100000,18,59,0,608,610,598,10,225,290,61503.488000000034,14,False,False
104,5,346.95203216306015,196.04117479598528,1.0,CLIENT,7,2,100000,10,28,0,638,641,628,10,233,335,29188.096000000012,14,False,False
104,6,156.12841349442814,-357.4418652042593,1.0,CLIENT,7,2,100000,17,39,0,628,630,617,11,226,308,40654.84800000002,14,False,False
104,7,-112.16531686311095,64.90621479565021,1.0,CLIENT,7,2,100000,20,50,0,619,619,603,16,223,338,52121.60000000003,14,False,False
104,8,-351.5463777252322,230.32773479563645,1.0,CLIENT,7,2,100000,13,42,0,624,627,612,12,230,311,43782.14400000002,14,False,False
104,9,349.80369271613307,33.959254795477136,1.0,CLIENT,7,2,100000,19,46,0,622,623,611,11,224,322,47951.872000000025,14,False,False
104,10,-233.67774153624066,377.49277479583924,1.0,CLIENT,7,2,100000,12,30,0,638,639,624,14,231,315,31272.960000000014,14,False,False
104,11,-388.53875211999156,-367.5719852039944,1.0,CLIENT,7,2,100000,16,77,0,588,592,579,9,227,272,80267.26400000004,14,False,False
104,12,494.92152974434873,-274.6197852045472,1.0,CLIENT,7,2,100000,19,48,0,616,621,606,10,224,303,50036.736000000026,14,False,False
104,13,116.91808089122291,-312.57990520441524,1.0,CLIENT,7,2,100000,20,45,0,622,624,608,14,223,307,46909.440000000024,14,False,False
104,14,-51.646742905640515,98.30221479596787,1.0,CLIENT,7,2,100000,16,39,0,630,630,614,16,227,341,40654.84800000002,14,False,False

105,0,109.23443995656976,-88.82670520458078,1.0,CLIENT,7,2,100000,16,35,0,661,661,657,4,224,351,36485.12000000002,14,False,False
105,1,153.11832735491703,-180.99966520441342,1.0,CLIENT,7,2,100000,17,49,0,648,648,644,3,223,330,51079.16800000003,14,False,False
105,2,273.83862409698156,426.91885479523364,1.0,CLIENT,7,2,100000,14,57,0,627,640,623,3,226,297,59418.62400000003,14,False,False
105,3,-175.69397695952966,353.8929347953089,1.0,CLIENT,7,2,100000,16,39,0,658,658,654,3,224,349,40654.84800000002,14,False,False
105,4,10.693725293336145,330.0704547953407,1.0,CLIENT,7,2,100000,17,46,0,651,651,648,2,223,374,47951.872000000025,14,False,False
105,5,-477.5739316070658,-461.8600252040238,1.0,CLIENT,7,2,100000,10,65,0,607,632,605,1,230,278,67758.08000000003,14,False,False
105,6,-159.13850319334415,186.6902947958647,1.0,CLIENT,7,2,100000,15,36,0,661,661,657,3,225,380,37527.55200000002,14,False,False
105,7,61.15227452239501,315.2648947955453,1.0,CLIENT,7,2,100000,20,45,0,652,652,649,2,220,363,46909.440000000024,14,False,False
105,8,328.3370257754297,372.48337479583114,1.0,CLIENT,7,2,100000,13,50,0,637,647,634,2,227,300,52121.60000000003,14,False,False
105,9,167.37663011971893,-328.8326252045118,1.0,CLIENT,7,2,100000,20,65,0,632,632,627,4,220,291,67758.08000000003,14,False,False
105,10,-235.6580613647479,199.93737479564004,1.0,CLIENT,7,2,100000,12,31,0,666,666,662,3,228,381,32315.392000000014,14,False,False
105,11,-480.9008689188904,-182.11286520476676,1.0,CLIENT,7,2,100000,16,39,0,656,658,654,1,224,339,40654.84800000002,14,False,False
105,12,-451.82977383703445,-74.91170520411885,1.0,CLIENT,7,2,100000,19,48,0,648,649,646,1,221,340,50036.736000000026,14,False,False
105,13,-273.0464997253212,-150.16402520475026,1.0,CLIENT,7,2,100000,19,50,0,647,647,644,2,221,374,52121.60000000003,14,False,False
105,14,-317.4848766759207,-15.132865204760435,1.0,CLIENT,7,2,100000,16,41,0,656,656,653,2,224,358,42739.71200000002,14,False,False

106,0,390.0437916297793,285.76509479567335,1.0,CLIENT,7,2,100000,16,58,0,718,718,709,4,218,362,60461.05600000003,14,False,False
106,1,-387.42977301605,-12.461185204386993,1.0,CLIENT,7,2,100000,17,56,0,719,719,710,5,217,365,58376.19200000003,14,False,False
106,2,316.2966812185109,372.48337479583114,1.0,CLIENT,7,2,100000,14,55,0,719,721,712,2,220,336,57333.76000000003,14,False,False
106,3,491.1985284667101,-231.6502652046711,1.0,CLIENT,7,2,100000,14,58,0,717,718,710,2,220,409,60461.05600000003,14,False,False
106,4,-203.4976673504431,-149.16214520411586,1.0,CLIENT,7,2,100000,17,46,0,729,729,721,4,217,422,47951.872000000025,14,False,False
106,5,233.91537635564876,-158.51302520423644,1.0,CLIENT,7,2,100000,10,32,0,744,744,734,5,224,469,33357.824000000015,14,False,False
106,6,305.286102972596,-218.40318520410477,1.0,CLIENT,7,2,100000,15,41,0,735,735,726,4,219,429,42739.71200000002,14,False,False
106,7,103.61033164392437,-290.7611852041339,1.0,CLIENT,7,2,100000,20,60,0,716,716,707,4,214,426,62545.920000000035,14,False,False
106,8,424.65978223078025,-16.02342520409394,1.0,CLIENT,7,2,100000,13,38,0,738,738,729,4,221,407,39612.41600000002,14,False,False
106,9,-439.07651414198807,-21.58942520427871,1.0,CLIENT,7,2,100000,19,74,0,701,702,693,3,215,348,77139.96800000004,14,False,False
106,10,-98.46150364999839,-57.768425204688754,1.0,CLIENT,7,2,100000,12,35,0,738,738,732,4,222,458,36485.12000000002,14,False,False
106,11,26.457071127893613,-358.66638520433156,1.0,CLIENT,7,2,100000,16,45,0,730,731,722,3,218,409,46909.440000000024,14,False,False
106,12,38.259777305436586,78.59857479588328,1.0,CLIENT,7,2,100000,17,52,0,724,724,714,5,217,472,54206.46400000003,14,False,False
106,13,189.6354249914875,-426.23762520458143,1.0,CLIENT,7,2,100000,19,68,0,707,708,699,3,215,406,70885.37600000003,14,False,False
106,14,-112.64059362186264,250.03137479572104,1.0,CLIENT,7,2,100000,15,53,0,723,723,712,6,219,394,55248.89600000003,14,False,False

107,0,263.38253540275593,-52.8703452043996,1.0,CLIENT,7,2,100000,15,39,0,635,635,630,5,223,364,40654.84800000002,14,False,False
107,1,-338.47626685730955,-93.94742520430782,1.0,CLIENT,7,2,100000,17,47,0,626,627,620,6,221,312,48994.304000000026,14,False,False
107,2,437.88831868514114,-342.07970520428717,1.0,CLIENT,7,2,100000,14,45,0,624,629,619,5,224,311,46909.440000000024,14,False,False
107,3,50.300121862355404,237.6748547952792,1.0,CLIENT,7,2,100000,14,31,0,643,643,638,5,224,344,32315.392000000014,14,False,False
107,4,76.59876918407612,478.68265479584466,1.0,CLIENT,7,2,100000,18,52,0,621,622,616,5,220,304,54206.46400000003,14,False,False
107,5,106.937268955749,-417.77730520458533,1.0,CLIENT,7,2,100000,10,28,0,645,646,642,3,228,370,29188.096000000012,14,False,False
107,6,-261.6398575135923,448.96021479574387,1.0,CLIENT,7,2,100000,17,67,0,601,607,598,3,221,272,69842.94400000003,14,False,False
107,7,-41.11144141847726,-494.365465204217,1.0,CLIENT,7,2,100000,20,63,0,608,611,605,3,218,301,65673.21600000003,14,False,False
107,8,110.58105743988715,-255.4727452046393,1.0,CLIENT,7,2,100000,11,35,0,639,639,634,5,227,367,36485.12000000002,14,False,False
107,9,177.04059088287931,301.0159347959265,1.0,CLIENT,7,2,100000,19,46,0,627,628,622,5,219,327,47951.872000000025,14,False,False
107,10,130.85953248314846,-169.42238520437712,1.0,CLIENT,7,2,100000,12,34,0,640,640,635,5,226,370,35442.68800000002,14,False,False
107,11,-113.82878551874185,-501.6012652041408,1.0,CLIENT,7,2,100000,16,56,0,616,618,612,4,222,279,58376.19200000003,14,False,False
107,12,-208.64649890489966,352.3344547952888,1.0,CLIENT,7,2,100000,19,47,0,627,627,622,5,219,305,48994.304000000026,14,False,False
107,13,302.51365521246066,-116.99066520466147,1.0,CLIENT,7,2,100000,19,49,0,625,625,620,5,219,330,51079.16800000003,14,False,False
107,14,392.1825370447248,31.51021479533256,1.0,CLIENT,7,2,100000,17,35,0,638,639,633,5,221,347,36485.12000000002,14,False,False

108,0,-223.77614239370442,140.71513479566732,1.0,CLIENT,7,2,100000,16,37,0,696,696,679,7,219,365,38569.98400000002,14,False,False
108,1,-225.36039825639764,-27.266745204182428,1.0,CLIENT,7,2,100000,17,45,0,688,688,669,9,218,370,46909.440000000024,14,False,False
108,2,153.43517852779337,17.70653479538055,1.0,CLIENT,7,2,100000,13,37,0,694,694,681,5,222,416,38569.98400000002,14,False,False
108,3,122.77982758324414,-28.825225204202525,1.0,CLIENT,7,2,100000,14,32,0,700,700,686,5,221,415,33357.824000000015,14,False,False
108,4,-421.7289124447374,-240.22190520438613,1.0,CLIENT,7,2,100000,18,54,0,673,678,655,9,217,331,56291.32800000003,14,False,False
108,5,351.1503101994505,-25.70826520416233,1.0,CLIENT,7,2,100000,10,30,0,701,702,688,4,225,406,31272.960000000014,14,False,False
108,6,438.8388722026445,395.41529479567487,1.0,CLIENT,7,2,100000,16,54,0,671,678,657,4,219,311,56291.32800000003,14,False,False
108,7,-322.87134660919025,-369.90970520442005,1.0,CLIENT,7,2,100000,20,66,0,663,666,646,8,215,290,68800.51200000003,14,False,False
108,8,428.4619963013565,132.4774547959001,1.0,CLIENT,7,2,100000,11,37,0,695,696,681,4,224,404,38569.98400000002,14,False,False
108,9,422.44182402289715,-463.4185052040439,1.0,CLIENT,7,2,100000,20,94,0,636,639,622,4,215,302,97988.60800000005,14,False,False
108,10,451.750557484129,54.44213479596726,1.0,CLIENT,7,2,100000,12,39,0,692,694,679,3,223,396,40654.84800000002,14,False,False
108,11,311.54391363043123,139.82457479554284,1.0,CLIENT,7,2,100000,16,54,0,675,677,663,4,219,369,56291.32800000003,14,False,False
108,12,338.79311446965534,43.978054795493335,1.0,CLIENT,7,2,100000,17,44,0,688,688,674,5,218,394,45867.00800000002,14,False,False
108,13,166.26765101577737,-80.92298520476135,1.0,CLIENT,7,2,100000,19,63,0,669,669,654,6,216,410,65673.21600000003,14,False,False
108,14,-168.32718719775286,-96.84174520411915,1.0,CLIENT,7,2,100000,16,37,0,696,696,678,8,219,397,38569.98400000002,14,False,False

109,0,159.93062756500447,-94.50402520448449,1.0,CLIENT,7,2,100000,14,45,0,703,703,696,4,218,435,46909.440000000024,14,False,False
109,1,224.3306283859889,396.862454795976,1.0,CLIENT,7,2,100000,17,44,0,704,704,698,3,215,414,45867.00800000002,14,False,False
109,2,35.170478372987795,159.08293479596068,1.0,CLIENT,7,2,100000,12,44,0,704,704,698,3,220,457,45867.00800000002,14,False,False
109,3,457.29545300383677,178.2299747958686,1.0,CLIENT,7,2,100000,14,36,0,712,712,707,2,218,441,37527.55200000002,14,False,False
109,4,470.60320225057245,83.83061479532927,1.0,CLIENT,7,2,100000,17,49,0,699,699,693,3,215,393,51079.16800000003,14,False,False
109,5,-476.0688885373102,275.6349747959382,1.0,CLIENT,7,2,100000,10,63,0,684,685,680,1,222,339,65673.21600000003,14,False,False
109,6,-194.46740893303541,73.92313479582299,1.0,CLIENT,7,2,100000,15,51,0,697,697,692,2,217,411,53164.03200000003,14,False,False
109,7,238.66814394372847,234.2239347952912,1.0,CLIENT,7,2,100000,20,54,0,692,692,688,3,212,428,56291.32800000003,14,False,False
109,8,261.48142836718637,-200.48066520426914,1.0,CLIENT,7,2,100000,13,28,0,720,720,714,3,219,399,29188.096000000012,14,False,False
109,9,-462.76113929001167,382.83613479579515,1.0,CLIENT,7,2,100000,19,96,0,650,652,647,0,213,313,100073.47200000005,14,False,False
109,10,401.21279546213253,404.2095747956188,1.0,CLIENT,7,2,100000,12,42,0,705,706,700,2,220,393,43782.14400000002,14,False,False
109,11,185.2787213692218,-11.793265204491377,1.0,CLIENT,7,2,100000,16,49,0,699,699,693,3,216,434,51079.16800000003,14,False,False
109,12,190.90282968186722,463.32049479587255,1.0,CLIENT,7,2,100000,19,46,0,702,702,696,3,213,389,47951.872000000025,14,False,False
109,13,-43.80467638511204,217.9712147959856,1.0,CLIENT,7,2,100000,19,49,0,699,699,693,3,213,428,51079.16800000003,14,False,False
109,14,237.08388808103524,-136.91694520418395,1.0,CLIENT,7,2,100000,15,49,0,698,698,692,4,217,401,51079.16800000003,14,False,False

110,0,-3.6437902644034277,3.234934795532922,1.0,CLIENT,7,2,100000,14,47,0,703,703,699,4,216,432,48994.304000000026,14,False,False
110,1,484.86150501537435,375.8229747953092,1.0,CLIENT,7,2,100000,17,64,0,686,686,682,4,213,382,66715.64800000003,14,False,False
110,2,-19.803200064212074,25.944214795938763,1.0,CLIENT,7,2,100000,13,40,0,709,710,706,3,217,437,41697.28000000002,14,False,False
110,3,289.205905965725,439.0527347954466,1.0,CLIENT,7,2,100000,14,39,0,710,711,707,3,216,434,40654.84800000002,14,False,False
110,4,-263.14490058334786,233.3333747959577,1.0,CLIENT,7,2,100000,17,55,0,695,695,692,3,213,402,57333.76000000003,14,False,False
110,5,-198.0319846242359,255.15209479544808,1.0,CLIENT,7,2,100000,10,28,0,722,722,718,4,220,436,29188.096000000012,14,False,False
110,6,283.26494648020326,115.66813479562683,1.0,CLIENT,7,2,100000,15,48,0,702,702,698,4,215,450,50036.736000000026,14,False,False
110,7,-59.884873391983014,390.2945747959478,1.0,CLIENT,7,2,100000,20,61,0,689,689,686,3,210,408,63588.352000000035,14,False,False
110,8,178.22878277975855,313.1498147953485,1.0,CLIENT,7,2,100000,11,33,0,717,717,714,3,219,468,34400.256000000016,14,False,False
110,9,294.11709914024283,-341.8570652040583,1.0,CLIENT,7,2,100000,19,80,0,670,670,666,4,211,312,83394.56000000004,14,False,False
110,10,435.59114768375747,218.973094795829,1.0,CLIENT,7,2,100000,12,38,0,712,712,707,5,218,401,39612.41600000002,14,False,False
110,11,-338.7139052366854,235.67109479559235,1.0,CLIENT,7,2,100000,16,60,0,690,690,687,3,214,369,62545.920000000035,14,False,False
110,12,-173.3175931652084,-89.93990520414314,1.0,CLIENT,7,2,100000,17,47,0,703,703,699,4,213,384,48994.304000000026,14,False,False
110,13,430.99680568211596,461.3167347953947,1.0,CLIENT,7,2,100000,20,66,0,683,684,680,3,210,348,68800.51200000003,14,False,False
110,14,105.7490770588698,-77.36074520426342,1.0,CLIENT,7,2,100000,15,44,0,706,706,703,3,215,436,45867.00800000002,14,False,False

111,0,406.0447758437126,-319.927025204058,1.0,CLIENT,7,2,100000,14,48,0,750,750,712,5,217,427,50036.736000000026,14,False,False
111,1,265.12521685188733,-277.9593852040253,1.0,CLIENT,7,2,100000,17,47,0,741,741,713,5,215,447,48994.304000000026,14,False,False
111,2,238.0344415985386,-175.6563052044575,1.0,CLIENT,7,2,100000,13,40,0,754,754,721,4,218,449,41697.28000000002,14,False,False
111,3,44.75522634264768,-272.2820652041216,1.0,CLIENT,7,2,100000,13,43,0,754,754,717,5,218,471,44824.57600000002,14,False,False
111,4,-171.81255009545285,417.90193479585184,1.0,CLIENT,7,2,100000,18,103,0,694,695,657,4,213,316,107370.49600000006,14,False,False
111,5,-185.59557610150307,134.59253479530588,1.0,CLIENT,7,2,100000,10,35,0,762,763,726,3,221,412,36485.12000000002,14,False,False
111,6,124.20565786006203,9.691494795842175,1.0,CLIENT,7,2,100000,15,52,0,745,746,709,3,216,443,54206.46400000003,14,False,False
111,7,188.36802030110778,-491.69378520463454,1.0,CLIENT,7,2,100000,20,46,0,751,751,713,6,211,414,47951.872000000025,14,False,False
111,8,473.3756500107078,-262.7085452045631,1.0,CLIENT,7,2,100000,13,34,0,763,763,726,5,218,435,35442.68800000002,14,False,False
111,9,472.42509649320436,-353.8796252045523,1.0,CLIENT,7,2,100000,19,52,0,747,747,709,5,212,415,54206.46400000003,14,False,False
111,10,474.3262035282111,-173.87518520420855,1.0,CLIENT,7,2,100000,12,44,0,753,753,715,6,219,453,45867.00800000002,14,False,False
111,11,-272.8088613459454,-164.74694520431683,1.0,CLIENT,7,2,100000,16,53,0,744,745,708,3,215,378,55248.89600000003,14,False,False
111,12,113.74956916583645,-406.9792652041636,1.0,CLIENT,7,2,100000,17,47,0,751,751,713,5,214,438,48994.304000000026,14,False,False
111,13,307.0287844217274,-21.58942520427871,1.0,CLIENT,7,2,100000,19,63,0,734,734,697,5,212,440,65673.21600000003,14,False,False
111,14,-342.6745448936999,192.36761479576842,1.0,CLIENT,7,2,100000,16,59,0,737,739,703,1,215,372,61503.488000000034,14,False,False

112,0,-489.6142761639845,369.70037479573875,1.0,CLIENT,7,2,100000,16,52,0,637,643,620,8,224,305,54206.46400000003,14,False,False
112,1,484.307015463685,-156.28662520432073,1.0,CLIENT,7,2,100000,17,56,0,630,639,615,5,223,291,58376.19200000003,14,False,False
112,2,-469.0189499478469,126.35485479553864,1.0,CLIENT,7,2,100000,14,40,0,655,655,639,7,226,323,41697.28000000002,14,False,False
112,3,-234.07380550205468,333.63269479583863,1.0,CLIENT,7,2,100000,15,41,0,654,654,637,8,225,327,42739.71200000002,14,False,False
112,4,-100.758674651382,-471.4335452043733,1.0,CLIENT,7,2,100000,17,46,0,647,649,635,3,223,338,47951.872000000025,14,False,False
112,5,-16.08019878713626,-408.6490652046936,1.0,CLIENT,7,2,100000,10,29,0,664,666,652,3,230,348,30230.528000000013,14,False,False
112,6,314.39557418350415,-174.87706520405197,1.0,CLIENT,7,2,100000,17,51,0,645,645,629,6,223,324,53164.03200000003,14,False,False
112,7,-476.0688885373102,90.50981479586738,1.0,CLIENT,7,2,100000,20,48,0,645,647,629,7,220,319,50036.736000000026,14,False,False
112,8,377.9242342799229,-57.21182520451208,1.0,CLIENT,7,2,100000,13,31,0,662,665,648,4,227,335,32315.392000000014,14,False,False
112,9,-423.86765785968277,424.0245347954223,1.0,CLIENT,7,2,100000,20,64,0,627,631,609,9,220,284,66715.64800000003,14,False,False
112,10,-119.84895779720125,-467.4260252042086,1.0,CLIENT,7,2,100000,12,45,0,648,650,634,5,228,311,46909.440000000024,14,False,False
112,11,-24.08069089410292,-193.57882520429314,1.0,CLIENT,7,2,100000,16,42,0,653,653,638,6,224,368,43782.14400000002,14,False,False
112,12,-150.10824477593647,-37.8421452043753,1.0,CLIENT,7,2,100000,18,42,0,653,653,635,9,222,373,43782.14400000002,14,False,False
112,13,443.51242699778646,-53.204305204347406,1.0,CLIENT,7,2,100000,20,57,0,637,639,623,4,220,314,59418.62400000003,14,False,False
112,14,99.72890478041039,-181.44494520408017,1.0,CLIENT,7,2,100000,15,42,0,654,654,637,7,225,380,43782.14400000002,14,False,False

113,0,149.23690049140305,309.1422947959748,1.0,CLIENT,7,2,100000,14,42,0,778,778,724,7,220,444,43782.14400000002,14,False,False
113,1,-30.89299110362752,-101.96246520463717,1.0,CLIENT,7,2,100000,17,45,0,772,772,720,8,217,438,46909.440000000024,14,False,False
113,2,371.11193406983546,-257.9217852039929,1.0,CLIENT,7,2,100000,14,49,0,769,771,716,6,220,372,51079.16800000003,14,False,False
113,3,-213.6369048723552,-235.1011852046591,1.0,CLIENT,7,2,100000,15,43,0,771,771,724,6,220,410,44824.57600000002,14,False,False
113,4,465.2959451108034,210.7354147952708,1.0,CLIENT,7,2,100000,17,47,0,771,773,717,7,217,369,48994.304000000026,14,False,False
113,5,-334.04035044154335,125.68693479564303,1.0,CLIENT,7,2,100000,10,33,0,785,785,733,7,224,438,34400.256000000016,14,False,False
113,6,-501.9714718932169,377.7154147952771,1.0,CLIENT,7,2,100000,16,74,0,738,748,686,4,218,320,77139.96800000004,14,False,False
113,7,71.29151204374425,154.51881479561933,1.0,CLIENT,7,2,100000,20,59,0,759,759,706,8,214,442,61503.488000000034,14,False,False
113,8,-328.5746677147733,-445.05070520454154,1.0,CLIENT,7,2,100000,13,74,0,745,748,692,4,221,341,77139.96800000004,14,False,False
113,9,-80.24256122874483,296.45181479558516,1.0,CLIENT,7,2,100000,19,56,0,764,764,711,6,215,423,58376.19200000003,14,False,False
113,10,-72.55892029409169,487.9222147954553,1.0,CLIENT,7,2,100000,12,36,0,785,786,731,5,222,409,37527.55200000002,14,False,False
113,11,34.85362720067429,-164.9695852045457,1.0,CLIENT,7,2,100000,16,56,0,762,763,712,4,218,437,58376.19200000003,14,False,False
113,12,54.577612691683406,-8.231025203993454,1.0,CLIENT,7,2,100000,17,52,0,767,767,716,5,217,455,54206.46400000003,14,False,False
113,13,57.58769883119453,416.1208147956029,1.0,CLIENT,7,2,100000,19,60,0,760,761,707,5,215,384,62545.920000000035,14,False,False
113,14,372.30012596671463,4.682094795834075,1.0,CLIENT,7,2,100000,16,47,0,774,776,720,5,218,416,48994.304000000026,14,False,False

114,0,-483.91095505783875,-160.2941452044854,1.0,CLIENT,7,2,100000,16,42,0,701,703,668,7,225,351,43782.14400000002,14,False,False
114,1,-348.0610148269694,-257.699145204555,1.0,CLIENT,7,2,100000,17,46,0,697,698,665,7,224,370,47951.872000000025,14,False,False
114,2,246.7478488436328,502.39381479530294,1.0,CLIENT,7,2,100000,15,92,0,633,652,601,5,226,268,95903.74400000005,14,False,False
114,3,31.130625923035634,-464.19774520444946,1.0,CLIENT,7,2,100000,15,40,0,703,705,671,6,226,393,41697.28000000002,14,False,False
114,4,-476.62337808956244,-45.74586520419473,1.0,CLIENT,7,2,100000,17,45,0,695,696,666,7,224,358,46909.440000000024,14,False,False
114,5,172.60467446711314,118.67377479594808,1.0,CLIENT,7,2,100000,10,27,0,716,716,683,9,231,394,28145.66400000001,14,False,False
114,6,-214.66667118335906,234.8918547959778,1.0,CLIENT,7,2,100000,16,49,0,694,695,658,11,225,349,51079.16800000003,14,False,False
114,7,72.87576790643747,-227.75406520422536,1.0,CLIENT,7,2,100000,20,52,0,692,692,658,9,221,371,54206.46400000003,14,False,False
114,8,-271.38303106969033,-57.21182520451208,1.0,CLIENT,7,2,100000,12,32,0,712,712,678,9,229,414,33357.824000000015,14,False,False
114,9,-437.650683865733,-25.485625204724442,1.0,CLIENT,7,2,100000,19,51,0,692,693,660,7,222,382,53164.03200000003,14,False,False
114,10,188.05116912879427,-112.9831452044968,1.0,CLIENT,7,2,100000,12,32,0,710,712,677,8,229,396,33357.824000000015,14,False,False
114,11,492.0698691912758,-129.12454520408346,1.0,CLIENT,7,2,100000,16,69,0,675,676,640,9,225,322,71927.80800000003,14,False,False
114,12,232.5687588723314,-111.20202520424783,1.0,CLIENT,7,2,100000,19,45,0,698,698,663,11,222,362,46909.440000000024,14,False,False
114,13,-379.1916425302703,-484.4579852047107,1.0,CLIENT,7,2,100000,20,59,0,669,683,637,6,221,335,61503.488000000034,14,False,False
114,14,-349.2492067238486,-307.3478652041783,1.0,CLIENT,7,2,100000,17,38,0,707,708,673,7,224,381,39612.41600000002,14,False,False

115,0,241.04452773804974,-53.64958520401416,1.0,CLIENT,7,2,100000,16,44,0,675,675,649,7,224,358,45867.00800000002,14,False,False
115,1,-118.50234031388386,-436.59038520454544,1.0,CLIENT,7,2,100000,17,63,0,663,664,629,7,222,292,65673.21600000003,14,False,False
115,2,-27.72447937824106,-15.800785204656052,1.0,CLIENT,7,2,100000,13,44,0,680,681,647,9,227,391,45867.00800000002,14,False,False
115,3,-302.59287156592893,360.1268547953893,1.0,CLIENT,7,2,100000,16,36,0,692,692,657,7,223,320,37527.55200000002,14,False,False
115,4,273.6009857176057,243.46349479569284,1.0,CLIENT,7,2,100000,18,43,0,685,685,649,8,221,339,44824.57600000002,14,False,False
115,5,60.04329541845346,247.91629479552427,1.0,CLIENT,7,2,100000,10,24,0,702,703,668,7,229,377,25018.36800000001,14,False,False
115,6,459.83026238403335,-162.74318520462998,1.0,CLIENT,7,2,100000,17,67,0,658,661,623,7,222,282,69842.94400000003,14,False,False
115,7,-261.08536796190293,-266.7160652047278,1.0,CLIENT,7,2,100000,20,53,0,674,675,640,6,219,320,55248.89600000003,14,False,False
115,8,-482.16827360870735,-78.69658520405466,1.0,CLIENT,7,2,100000,13,35,0,689,692,655,6,226,333,36485.12000000002,14,False,False
115,9,389.0140253187755,364.5796547960117,1.0,CLIENT,7,2,100000,19,62,0,664,666,630,6,220,283,64630.784000000036,14,False,False
115,10,114.7793354762775,151.2905347958602,1.0,CLIENT,7,2,100000,12,31,0,691,692,661,7,227,390,32315.392000000014,14,False,False
115,11,175.29790943374792,49.098774796011355,1.0,CLIENT,7,2,100000,16,43,0,679,679,651,6,223,368,44824.57600000002,14,False,False
115,12,-86.26273350720425,85.50041479585929,1.0,CLIENT,7,2,100000,18,45,0,682,682,645,10,221,354,46909.440000000024,14,False,False
115,13,-315.5045568474134,-105.96998520401087,1.0,CLIENT,7,2,100000,19,49,0,677,678,644,6,220,351,51079.16800000003,14,False,False
115,14,-427.5114463438209,390.8511747953335,1.0,CLIENT,7,2,100000,17,62,0,663,666,629,6,222,279,64630.784000000036,14,False,False

116,0,-452.5426889757248,-302.89506520434685,1.0,CLIENT,7,2,100000,16,46,0,632,652,628,4,226,327,47951.872000000025,14,False,False
116,1,-303.70185066987045,310.47813479576604,1.0,CLIENT,7,2,100000,17,44,0,655,655,643,12,225,327,45867.00800000002,14,False,False
116,2,-473.13801519129964,-256.029345204025,1.0,CLIENT,7,2,100000,14,52,0,627,646,621,6,228,294,54206.46400000003,14,False,False
116,3,253.24329788084387,492.70897479523455,1.0,CLIENT,7,2,100000,16,57,0,630,642,627,3,226,317,59418.62400000003,14,False,False
116,4,36.83394702918153,-38.510065204270916,1.0,CLIENT,7,2,100000,17,40,0,659,659,648,11,225,351,41697.28000000002,14,False,False
116,5,-292.05757007876565,486.9203347956119,1.0,CLIENT,7,2,100000,10,42,0,656,657,646,10,232,313,43782.14400000002,14,False,False
116,6,-21.22903034102997,158.86029479573182,1.0,CLIENT,7,2,100000,15,36,0,663,663,652,11,227,365,37527.55200000002,14,False,False
116,7,-374.6765133210036,93.96073479585539,1.0,CLIENT,7,2,100000,20,48,0,651,651,640,11,222,339,50036.736000000026,14,False,False
116,8,-163.65363240261084,-345.0853452046084,1.0,CLIENT,7,2,100000,13,25,0,672,674,664,8,229,353,26060.80000000001,14,False,False
116,9,402.4009873590117,503.1730547957085,1.0,CLIENT,7,2,100000,20,78,0,589,620,584,5,222,272,81309.69600000004,14,False,False
116,10,-188.68487503395184,-494.9220652043937,1.0,CLIENT,7,2,100000,12,57,0,624,642,620,4,230,314,59418.62400000003,14,False,False
116,11,171.0996313973576,-95.50590520432792,1.0,CLIENT,7,2,100000,16,41,0,658,658,646,12,226,337,42739.71200000002,14,False,False
116,12,5.307255360066597,460.87145479572797,1.0,CLIENT,7,2,100000,19,37,0,662,662,654,8,223,366,38569.98400000002,14,False,False
116,13,174.0305047433682,143.05285479530198,1.0,CLIENT,7,2,100000,20,47,0,652,652,643,9,222,350,48994.304000000026,14,False,False
116,14,151.29643311284795,-464.3090652041684,1.0,CLIENT,7,2,100000,17,49,0,645,650,638,7,225,305,51079.16800000003,14,False,False

117,0,-133.1567070444998,-151.05458520408376,1.0,CLIENT,7,2,100000,16,45,0,657,657,638,4,229,329,46909.440000000024,14,False,False
117,1,273.75941130348104,-166.30542520433693,1.0,CLIENT,7,2,100000,17,44,0,656,656,639,4,228,343,45867.00800000002,14,False,False
117,2,-383.62755894547365,191.47705479564394,1.0,CLIENT,7,2,100000,14,33,0,664,669,647,2,231,305,34400.256000000016,14,False,False
117,3,144.88019686857453,405.7680547956389,1.0,CLIENT,7,2,100000,16,30,0,672,672,654,3,229,329,31272.960000000014,14,False,False
117,4,117.63099602935044,282.64813479563315,1.0,CLIENT,7,2,100000,17,47,0,654,655,636,3,228,354,48994.304000000026,14,False,False
117,5,-169.4361663016944,-373.2493052046891,1.0,CLIENT,7,2,100000,10,44,0,656,658,637,4,235,288,45867.00800000002,14,False,False
117,6,-450.40394356077934,160.53009479547086,1.0,CLIENT,7,2,100000,18,56,0,640,646,620,4,227,266,58376.19200000003,14,False,False
117,7,281.284626651696,-20.476225204716343,1.0,CLIENT,7,2,100000,20,60,0,640,640,623,4,225,361,62545.920000000035,14,False,False
117,8,-295.62214576996615,360.7947747952849,1.0,CLIENT,7,2,100000,13,31,0,662,672,643,3,232,297,32315.392000000014,14,False,False
117,9,305.1276773861578,405.2114547954622,1.0,CLIENT,7,2,100000,19,48,0,653,654,636,2,226,324,50036.736000000026,14,False,False
117,10,93.39188132907464,-2.442385204370794,1.0,CLIENT,7,2,100000,12,34,0,668,668,649,4,233,358,35442.68800000002,14,False,False
117,11,8.475767085453056,279.419854795874,1.0,CLIENT,7,2,100000,16,36,0,666,666,648,3,229,357,37527.55200000002,14,False,False
117,12,487.7131655684473,-419.4471052043244,1.0,CLIENT,7,2,100000,20,83,0,613,620,594,4,225,253,86521.85600000004,14,False,False
117,13,449.84945044855937,431.03769479590824,1.0,CLIENT,7,2,100000,21,62,0,639,640,622,2,224,284,64630.784000000036,14,False,False
117,14,-47.131613696936675,5.238694796010748,1.0,CLIENT,7,2,100000,16,34,0,667,668,650,2,229,361,35442.68800000002,14,False,False

118,0,472.42509649320436,450.2960547955351,1.0,CLIENT,7,2,100000,16,83,0,583,593,582,1,227,251,86521.85600000004,14,False,False
118,1,-17.506029063391317,-345.9759052047329,1.0,CLIENT,7,2,100000,17,40,0,636,636,634,2,226,334,41697.28000000002,14,False,False
118,2,-133.63198380325147,66.01941479600356,1.0,CLIENT,7,2,100000,14,33,0,643,643,641,2,229,363,34400.256000000016,14,False,False
118,3,-397.6482233308997,11.58393479581008,1.0,CLIENT,7,2,100000,16,35,0,640,641,637,3,227,339,36485.12000000002,14,False,False
118,4,-76.20270877822983,121.45677479524949,1.0,CLIENT,7,2,100000,17,43,0,633,633,630,3,226,348,44824.57600000002,14,False,False
118,5,184.0113166788421,-120.10762520470166,1.0,CLIENT,7,2,100000,10,33,0,643,643,639,4,233,376,34400.256000000016,14,False,False
118,6,-409.2132911290669,-270.8349052046114,1.0,CLIENT,7,2,100000,17,48,0,618,627,617,1,226,296,50036.736000000026,14,False,False
118,7,482.64354680749125,-165.3035452044935,1.0,CLIENT,7,2,100000,20,47,0,628,629,626,2,223,308,48994.304000000026,14,False,False
118,8,-215.37958632148658,240.12389479542378,1.0,CLIENT,7,2,100000,13,44,0,632,632,629,3,230,322,45867.00800000002,14,False,False
118,9,460.8600286950373,-189.79394520435733,1.0,CLIENT,7,2,100000,19,50,0,626,626,623,3,224,307,52121.60000000003,14,False,False
118,10,331.4263247078785,-229.31254520424545,1.0,CLIENT,7,2,100000,12,30,0,646,646,644,2,231,352,31272.960000000014,14,False,False
118,11,152.88068897554118,9.023574795946558,1.0,CLIENT,7,2,100000,16,45,0,631,631,627,4,227,372,46909.440000000024,14,False,False
118,12,89.35202887912247,-351.8758652040745,1.0,CLIENT,7,2,100000,19,41,0,634,635,633,1,224,337,42739.71200000002,14,False,False
118,13,-247.69840592166673,-263.5991052046876,1.0,CLIENT,7,2,100000,20,49,0,626,627,624,2,223,326,51079.16800000003,14,False,False
118,14,-117.5517867963805,301.0159347959265,1.0,CLIENT,7,2,100000,17,55,0,620,621,618,2,226,301,57333.76000000003,14,False,False

119,0,188.52644588754595,-297.440385204672,1.0,CLIENT,7,2,100000,16,43,0,660,662,640,7,227,325,44824.57600000002,14,False,False
119,1,-143.4543701522872,146.2811347958521,1.0,CLIENT,7,2,100000,17,51,0,649,650,631,9,226,356,53164.03200000003,14,False,False
119,2,56.08265576143897,477.5694547954913,1.0,CLIENT,7,2,100000,14,42,0,663,664,638,11,229,318,43782.14400000002,14,False,False
119,3,-188.9225134133277,-361.11542520447614,1.0,CLIENT,7,2,100000,16,43,0,661,663,641,6,227,328,44824.57600000002,14,False,False
119,4,-99.4120571680646,481.46565479593704,1.0,CLIENT,7,2,100000,17,48,0,658,658,635,9,226,312,50036.736000000026,14,False,False
119,5,-101.15473861663317,16.370694795589316,1.0,CLIENT,7,2,100000,10,24,0,681,681,658,10,233,399,25018.36800000001,14,False,False
119,6,-430.4423196898316,-197.47502520473887,1.0,CLIENT,7,2,100000,17,45,0,656,657,639,7,227,313,46909.440000000024,14,False,False
119,7,-216.88462939067932,62.011894795838884,1.0,CLIENT,7,2,100000,20,48,0,657,657,634,10,223,347,50036.736000000026,14,False,False
119,8,-495.1591716836923,242.3502947953395,1.0,CLIENT,7,2,100000,13,59,0,647,647,622,11,230,300,61503.488000000034,14,False,False
119,9,319.7820441167737,78.59857479588328,1.0,CLIENT,7,2,100000,20,56,0,648,650,630,4,223,297,58376.19200000003,14,False,False
119,10,13.149321880595076,307.36117479572584,1.0,CLIENT,7,2,100000,12,32,0,673,674,650,9,231,351,33357.824000000015,14,False,False
119,11,-273.83862765694926,260.6067747959139,1.0,CLIENT,7,2,100000,16,40,0,666,666,644,8,227,352,41697.28000000002,14,False,False
119,12,-319.7028348838038,-345.864585204223,1.0,CLIENT,7,2,100000,19,50,0,655,655,635,7,224,300,52121.60000000003,14,False,False
119,13,367.2305072063215,24.274414795408745,1.0,CLIENT,7,2,100000,20,75,0,629,631,611,4,223,288,78182.40000000004,14,False,False
119,14,68.9943410429235,-306.4573052040538,1.0,CLIENT,7,2,100000,17,36,0,668,669,647,8,226,322,37527.55200000002,14,False,False

120,0,320.97023601365294,454.86017479587645,1.0,CLIENT,7,2,100000,14,91,0,1627,1629,922,1,242,562,94861.31200000005,19,False,False
120,1,-485.4952109205319,-204.93346520410057,1.0,CLIENT,7,2,100000,15,68,0,1646,1649,944,1,241,569,70885.37600000003,19,False,False
120,2,-71.29151560371197,390.7398547956146,1.0,CLIENT,7,2,100000,12,36,0,1641,1641,979,1,247,713,37527.55200000002,19,False,False
120,3,-416.8177192702195,210.7354147952708,1.0,CLIENT,7,2,100000,13,46,0,1650,1650,968,2,244,678,47951.872000000025,19,False,False
120,4,-320.7326011942448,449.0715347954628,1.0,CLIENT,7,2,100000,16,50,0,1666,1666,964,2,240,676,52121.60000000003,19,False,False
120,5,268.13530299083567,57.893054795955265,1.0,CLIENT,7,2,100000,9,32,0,1655,1655,983,1,248,709,33357.824000000015,19,False,False
120,6,374.8349353474741,340.9798147954814,1.0,CLIENT,7,2,100000,14,52,0,1662,1666,959,1,242,630,54206.46400000003,19,False,False
120,7,359.46765347873065,-179.21854520416446,1.0,CLIENT,7,2,100000,19,69,0,1645,1645,946,1,237,633,71927.80800000003,19,False,False
120,8,148.68241093915086,267.28597479566105,1.0,CLIENT,7,2,100000,10,29,0,1644,1645,986,0,248,713,30230.528000000013,19,False,False
120,9,-189.31857737914171,254.48417479555246,1.0,CLIENT,7,2,100000,18,44,0,1609,1609,971,1,243,706,45867.00800000002,19,False,False
120,10,-304.3355530150603,147.28301479569552,1.0,CLIENT,7,2,100000,12,46,0,1643,1643,968,2,244,692,47951.872000000025,19,False,False
120,11,-364.6164885925921,149.50941479561124,1.0,CLIENT,7,2,100000,14,52,0,1641,1641,963,1,243,698,54206.46400000003,19,False,False
120,12,-329.2875828534637,45.87049479546124,1.0,CLIENT,7,2,100000,16,55,0,1625,1625,960,2,242,706,57333.76000000003,19,False,False
120,13,170.70356743154358,-133.24338520475806,1.0,CLIENT,7,2,100000,18,58,0,1636,1636,956,2,241,672,60461.05600000003,19,False,False
120,14,-107.25412368859308,308.02909479562146,1.0,CLIENT,7,2,100000,14,40,0,1635,1635,975,1,245,713,41697.28000000002,19,False,False
120,15,-137.51341066676545,254.0388947958857,1.0,CLIENT,7,2,100000,9,24,0,1628,1628,991,1,250,729,25018.36800000001,19,False,False
120,16,33.903073683170916,163.86969479573992,1.0,CLIENT,7,2,100000,16,55,0,1606,1606,960,1,242,708,57333.76000000003,19,False,False
120,17,-428.3827870683866,-245.56526520434204,1.0,CLIENT,7,2,100000,14,62,0,1648,1652,950,0,242,620,64630.784000000036,19,False,False
120,18,80.08413208233894,-56.98918520428322,1.0,CLIENT,7,2,100000,15,51,0,1630,1630,964,1,242,695,53164.03200000003,19,False,False
120,19,118.34391116747797,-319.2591052041624,1.0,CLIENT,7,2,100000,15,57,0,1661,1661,957,2,241,627,59418.62400000003,19,False,False

121,0,470.99926621638645,-486.12778520444976,1.0,CLIENT,7,2,100000,14,82,0,1378,1461,888,8,242,480,85479.42400000004,19,False,False
121,1,-412.6194412338292,421.90945479522554,1.0,CLIENT,7,2,100000,15,60,0,1445,1485,945,10,243,615,62545.920000000035,19,False,False
121,2,-490.88168085436433,350.1080547953731,1.0,CLIENT,7,2,100000,12,56,0,1446,1483,949,8,246,594,58376.19200000003,19,False,False
121,3,98.93677684878236,-467.7599852041564,1.0,CLIENT,7,2,100000,13,46,0,1499,1505,993,12,245,610,47951.872000000025,19,False,False
121,4,-37.863716899590294,-72.79662520471305,1.0,CLIENT,7,2,100000,16,44,0,1476,1476,992,19,243,715,45867.00800000002,19,False,False
121,5,-252.60959909618458,277.4160947953962,1.0,CLIENT,7,2,100000,9,30,0,1505,1512,1005,13,249,746,31272.960000000014,19,False,False
121,6,-142.34539104834565,77.37405479581099,1.0,CLIENT,7,2,100000,14,47,0,1480,1480,994,14,246,728,48994.304000000026,19,False,False
121,7,324.93087567066743,183.12805479536678,1.0,CLIENT,7,2,100000,18,58,0,1469,1469,978,19,241,695,60461.05600000003,19,False,False
121,8,187.4174667836044,-43.964745204736744,1.0,CLIENT,7,2,100000,10,27,0,1473,1473,1010,18,251,727,28145.66400000001,19,False,False
121,9,15.525705674916342,483.4694147956239,1.0,CLIENT,7,2,100000,18,45,0,1466,1470,995,11,244,700,46909.440000000024,19,False,False
121,10,479.9503118408565,489.8146547954232,1.0,CLIENT,7,2,100000,12,77,0,1402,1471,891,16,244,510,80267.26400000004,19,False,False
121,11,88.55990094805728,208.17505479540728,1.0,CLIENT,7,2,100000,14,45,0,1473,1473,993,17,245,724,46909.440000000024,19,False,False
121,12,409.3717131555373,167.43193479544686,1.0,CLIENT,7,2,100000,15,58,0,1472,1474,979,16,243,708,60461.05600000003,19,False,False
121,13,303.62263431640224,-77.69470520421123,1.0,CLIENT,7,2,100000,18,59,0,1476,1476,981,15,242,711,61503.488000000034,19,False,False
121,14,61.15227452239501,55.11005479586288,1.0,CLIENT,7,2,100000,14,35,0,1460,1460,997,23,247,728,36485.12000000002,19,False,False
121,15,-314.5540033299101,-428.46402520449715,1.0,CLIENT,7,2,100000,9,57,0,1475,1497,958,18,249,572,59418.62400000003,19,False,False
121,16,-391.8656894318162,-411.9886652041717,1.0,CLIENT,7,2,100000,17,106,0,1411,1440,901,17,241,497,110497.79200000006,19,False,False
121,17,-197.95277183129824,173.33189479557944,1.0,CLIENT,7,2,100000,14,40,0,1481,1482,1000,14,246,730,41697.28000000002,19,False,False
121,18,-228.76654836172278,325.0610547953326,1.0,CLIENT,7,2,100000,15,45,0,1467,1473,988,16,244,712,46909.440000000024,19,False,False
121,19,-54.260765079337624,444.0621347954547,1.0,CLIENT,7,2,100000,14,39,0,1472,1474,1002,12,247,716,40654.84800000002,19,False,False

122,0,-425.6103393088142,347.10241479584283,1.0,CLIENT,7,2,100000,13,52,0,1634,1634,984,0,241,709,54206.46400000003,19,False,False
122,1,-309.08832060314,-4.000865204390891,1.0,CLIENT,7,2,100000,15,47,0,1583,1583,989,0,242,727,48994.304000000026,19,False,False
122,2,137.19655593448422,240.34653479565264,1.0,CLIENT,7,2,100000,12,37,0,1611,1611,999,0,245,731,38569.98400000002,19,False,False
122,3,179.25854909076241,-55.98730520443979,1.0,CLIENT,7,2,100000,13,41,0,1612,1612,995,0,242,714,42739.71200000002,19,False,False
122,4,158.26715890881073,308.4743747952882,1.0,CLIENT,7,2,100000,16,58,0,1589,1589,978,0,239,724,60461.05600000003,19,False,False
122,5,-353.36827196730127,259.0482947958938,1.0,CLIENT,7,2,100000,9,31,0,1610,1610,1005,0,246,729,32315.392000000014,19,False,False
122,6,93.62951970845047,131.4755747952657,1.0,CLIENT,7,2,100000,14,44,0,1590,1590,992,0,243,733,45867.00800000002,19,False,False
122,7,-190.74440765539677,162.75649479538657,1.0,CLIENT,7,2,100000,18,65,0,1587,1587,971,0,237,720,67758.08000000003,19,False,False
122,8,-294.19631549314823,-317.03270520424667,1.0,CLIENT,7,2,100000,10,41,0,1638,1643,990,0,244,690,42739.71200000002,19,False,False
122,9,121.27478451348858,-388.38882520443235,1.0,CLIENT,7,2,100000,18,67,0,1610,1610,969,0,237,629,69842.94400000003,19,False,False
122,10,-288.730632766941,477.68077479600123,1.0,CLIENT,7,2,100000,12,46,0,1616,1616,990,0,242,709,47951.872000000025,19,False,False
122,11,464.8998811449893,450.85265479571177,1.0,CLIENT,7,2,100000,16,116,0,1569,1572,917,0,238,558,120922.11200000007,19,False,False
122,12,-490.96089364730204,352.44577479579874,1.0,CLIENT,7,2,100000,16,60,0,1627,1628,975,0,238,701,62545.920000000035,19,False,False
122,13,-277.0863521758362,-71.90606520458857,1.0,CLIENT,7,2,100000,18,56,0,1586,1586,980,0,239,730,58376.19200000003,19,False,False
122,14,-168.72325116300405,-310.3535052044995,1.0,CLIENT,7,2,100000,14,52,0,1631,1631,984,0,240,710,54206.46400000003,19,False,False
122,15,196.05166123576092,-294.10078520440294,1.0,CLIENT,7,2,100000,9,41,0,1639,1639,995,0,245,675,42739.71200000002,19,False,False
122,16,-409.5301423019432,417.2340147959562,1.0,CLIENT,7,2,100000,16,58,0,1614,1615,977,0,239,687,60461.05600000003,19,False,False
122,17,-407.39139688699777,211.84861479562414,1.0,CLIENT,7,2,100000,14,39,0,1599,1599,997,0,243,721,40654.84800000002,19,False,False
122,18,123.9680194806862,55.666654795248576,1.0,CLIENT,7,2,100000,15,53,0,1594,1594,983,0,240,724,55248.89600000003,19,False,False
122,19,-210.78524431928224,-103.18698520470946,1.0,CLIENT,7,2,100000,14,32,0,1579,1579,1004,0,246,733,33357.824000000015,19,False,False

123,0,413.01550163967545,-72.01738520430752,1.0,CLIENT,7,2,100000,13,47,0,1365,1365,967,0,258,686,48994.304000000026,19,False,False
123,1,-234.46986946730584,235.67109479559235,1.0,CLIENT,7,2,100000,15,55,0,1381,1381,959,0,254,689,57333.76000000003,19,False,False
123,2,100.99630947022727,-310.9101052046762,1.0,CLIENT,7,2,100000,12,40,0,1378,1378,974,0,259,704,41697.28000000002,19,False,False
123,3,-242.549574367773,477.7920947957202,1.0,CLIENT,7,2,100000,14,48,0,1389,1398,958,0,255,642,50036.736000000026,19,False,False
123,4,-346.08069499846215,-265.04626520419777,1.0,CLIENT,7,2,100000,17,69,0,1375,1375,945,0,252,598,71927.80800000003,19,False,False
123,5,294.19631193318054,-468.3165852043331,1.0,CLIENT,7,2,100000,10,47,0,1382,1390,960,0,260,606,48994.304000000026,19,False,False
123,6,359.86371744454465,-419.8923852039911,1.0,CLIENT,7,2,100000,14,68,0,1362,1371,937,0,255,611,70885.37600000003,19,False,False
123,7,338.15941212446546,352.44577479579874,1.0,CLIENT,7,2,100000,20,60,0,1372,1374,952,0,250,642,62545.920000000035,19,False,False
123,8,-57.58770239116226,280.08777479576963,1.0,CLIENT,7,2,100000,10,25,0,1366,1366,989,0,262,721,26060.80000000001,19,False,False
123,9,384.89496007588565,-226.30690520471518,1.0,CLIENT,7,2,100000,18,60,0,1376,1376,954,0,252,662,62545.920000000035,19,False,False
123,10,12.990896294719743,-85.04182520464497,1.0,CLIENT,7,2,100000,12,40,0,1392,1392,974,0,257,691,41697.28000000002,19,False,False
123,11,-171.41648613020166,463.98841479576816,1.0,CLIENT,7,2,100000,16,55,0,1378,1379,958,0,255,669,57333.76000000003,19,False,False
123,12,-203.10160338519194,-479.4485852047026,1.0,CLIENT,7,2,100000,17,66,0,1377,1378,947,0,252,581,68800.51200000003,19,False,False
123,13,290.7901618284182,294.0027747954406,1.0,CLIENT,7,2,100000,19,65,0,1370,1370,949,0,252,666,67758.08000000003,19,False,False
123,14,438.91808499558215,350.88729479577864,1.0,CLIENT,7,2,100000,14,47,0,1388,1395,961,0,255,657,48994.304000000026,19,False,False
123,15,-121.19557528051864,-108.86430520461317,1.0,CLIENT,7,2,100000,9,26,0,1392,1392,988,0,261,697,27103.23200000001,19,False,False
123,16,134.50332096784945,387.9568547955222,1.0,CLIENT,7,2,100000,17,50,0,1377,1377,964,0,253,674,52121.60000000003,19,False,False
123,17,248.4905302927642,115.55681479590788,1.0,CLIENT,7,2,100000,14,37,0,1353,1353,977,0,259,704,38569.98400000002,19,False,False
123,18,-332.69373295822595,457.30921479523005,1.0,CLIENT,7,2,100000,15,61,0,1366,1377,943,0,254,576,63588.352000000035,19,False,False
123,19,206.27011155061066,-66.3400652044038,1.0,CLIENT,7,2,100000,15,49,0,1382,1382,965,0,256,703,51079.16800000003,19,False,False

124,0,168.80246039653682,-296.66114520426646,1.0,CLIENT,7,2,100000,13,48,0,1779,1779,993,4,244,730,50036.736000000026,19,False,False
124,1,359.46765347873065,235.67109479559235,1.0,CLIENT,7,2,100000,15,56,0,1769,1778,979,2,241,646,58376.19200000003,19,False,False
124,2,-3.5645774714657605,-311.5780252045718,1.0,CLIENT,7,2,100000,12,33,0,1747,1748,1008,3,248,750,34400.256000000016,19,False,False
124,3,-239.0642114695102,-247.90298520476767,1.0,CLIENT,7,2,100000,13,42,0,1766,1766,1000,3,245,746,43782.14400000002,19,False,False
124,4,-124.52251259234328,-17.02530520472834,1.0,CLIENT,7,2,100000,16,50,0,1730,1730,990,5,242,735,52121.60000000003,19,False,False
124,5,-317.56408946885836,-242.11434520435404,1.0,CLIENT,7,2,100000,9,32,0,1785,1785,1010,3,248,744,33357.824000000015,19,False,False
124,6,-47.290039283374846,-68.67778520403846,1.0,CLIENT,7,2,100000,14,41,0,1735,1735,999,5,245,747,42739.71200000002,19,False,False
124,7,-131.57245118180657,18.819734795733893,1.0,CLIENT,7,2,100000,18,62,0,1711,1711,978,5,240,728,64630.784000000036,19,False,False
124,8,295.93899338231193,422.91133479585994,1.0,CLIENT,7,2,100000,11,52,0,1780,1789,984,5,246,604,54206.46400000003,19,False,False
124,9,-374.28044935575247,465.21293479584045,1.0,CLIENT,7,2,100000,19,86,0,1748,1756,947,4,237,547,89649.15200000005,19,False,False
124,10,142.74145145419195,74.47973479599966,1.0,CLIENT,7,2,100000,12,46,0,1775,1775,995,4,244,738,47951.872000000025,19,False,False
124,11,325.2477268429809,-94.50402520448449,1.0,CLIENT,7,2,100000,15,52,0,1770,1770,990,3,243,702,54206.46400000003,19,False,False
124,12,-417.9266983741611,-284.74990520428236,1.0,CLIENT,7,2,100000,17,58,0,1774,1775,984,2,241,673,60461.05600000003,19,False,False
124,13,48.319802033848156,102.30973479534157,1.0,CLIENT,7,2,100000,18,53,0,1731,1731,988,4,242,735,55248.89600000003,19,False,False
124,14,-418.87725189222726,-441.26582520460573,1.0,CLIENT,7,2,100000,14,55,0,1768,1785,975,2,242,653,57333.76000000003,19,False,False
124,15,-114.30406227749353,-340.4099052045481,1.0,CLIENT,7,2,100000,9,31,0,1776,1776,1010,4,248,747,32315.392000000014,19,False,False
124,16,333.56507012282395,-404.97550520447675,1.0,CLIENT,7,2,100000,17,102,0,1733,1750,925,3,239,578,106328.06400000006,19,False,False
124,17,-340.0605227200028,-145.2659452044611,1.0,CLIENT,7,2,100000,14,39,0,1747,1747,1002,4,246,738,40654.84800000002,19,False,False
124,18,-427.27380796444504,235.7824147953113,1.0,CLIENT,7,2,100000,15,53,0,1774,1775,988,3,241,677,55248.89600000003,19,False,False
124,19,-491.0401064402397,-170.75822520416835,1.0,CLIENT,7,2,100000,15,54,0,1783,1783,988,3,242,700,56291.32800000003,19,False,False

125,0,204.36900451504107,484.1373347955195,1.0,CLIENT,7,2,100000,13,51,0,1539,1539,965,3,245,689,53164.03200000003,19,False,False
125,1,-2.9308751262759007,42.196934795244374,1.0,CLIENT,7,2,100000,15,41,0,1499,1499,975,3,247,706,42739.71200000002,19,False,False
125,2,149.8706028365929,-447.61106520440507,1.0,CLIENT,7,2,100000,12,56,0,1547,1548,959,3,246,624,58376.19200000003,19,False,False
125,3,177.9911444003827,396.63981479574716,1.0,CLIENT,7,2,100000,13,46,0,1548,1548,970,3,246,693,47951.872000000025,19,False,False
125,4,-480.98008171182806,218.75045479560015,1.0,CLIENT,7,2,100000,16,55,0,1546,1547,961,2,242,653,57333.76000000003,19,False,False
125,5,-39.606398348721704,-216.28810520469898,1.0,CLIENT,7,2,100000,9,30,0,1547,1547,987,2,250,708,31272.960000000014,19,False,False
125,6,404.6981583603953,-240.88982520428175,1.0,CLIENT,7,2,100000,14,72,0,1526,1527,943,3,244,610,75055.10400000004,19,False,False
125,7,357.4873336502234,219.1957347952669,1.0,CLIENT,7,2,100000,19,62,0,1532,1532,955,2,240,668,64630.784000000036,19,False,False
125,8,423.4715903339011,491.5957747956722,1.0,CLIENT,7,2,100000,10,41,0,1549,1550,975,2,249,634,42739.71200000002,19,False,False
125,9,-172.60467802708087,-300.5573452047122,1.0,CLIENT,7,2,100000,18,58,0,1533,1534,957,3,242,669,60461.05600000003,19,False,False
125,10,-157.07897057189925,-126.34154520399107,1.0,CLIENT,7,2,100000,12,42,0,1521,1521,975,2,247,709,43782.14400000002,19,False,False
125,11,-311.0686404316473,2.5670147956373057,1.0,CLIENT,7,2,100000,15,51,0,1513,1514,966,1,245,706,53164.03200000003,19,False,False
125,12,-186.3877040331311,239.2333347952993,1.0,CLIENT,7,2,100000,16,52,0,1499,1500,965,1,245,699,54206.46400000003,19,False,False
125,13,281.68069061751004,452.5224547954508,1.0,CLIENT,7,2,100000,19,81,0,1517,1518,935,3,240,592,84436.99200000004,19,False,False
125,14,-471.31612094923054,225.31833479562835,1.0,CLIENT,7,2,100000,14,57,0,1544,1545,959,2,244,663,59418.62400000003,19,False,False
125,15,-322.31685705693803,12.474494795934561,1.0,CLIENT,7,2,100000,9,32,0,1538,1538,985,2,250,707,33357.824000000015,19,False,False
125,16,-286.98795131780963,191.365734795925,1.0,CLIENT,7,2,100000,16,56,0,1525,1525,961,2,243,698,58376.19200000003,19,False,False
125,17,-3.168513505651743,349.32881479575855,1.0,CLIENT,7,2,100000,14,38,0,1516,1516,978,3,248,715,39612.41600000002,19,False,False
125,18,100.12496874622441,-257.14254520437834,1.0,CLIENT,7,2,100000,15,54,0,1548,1549,963,1,243,676,56291.32800000003,19,False,False
125,19,-135.6915164246964,24.49705479563761,1.0,CLIENT,7,2,100000,15,44,0,1531,1531,973,2,246,716,45867.00800000002,19,False,False

126,0,282.94809530788973,345.6552547955417,1.0,CLIENT,7,2,100000,14,69,0,1590,1592,949,0,249,560,71927.80800000003,19,False,False
126,1,-341.644778582696,-137.80750520430843,1.0,CLIENT,7,2,100000,15,50,0,1593,1593,970,0,248,683,52121.60000000003,19,False,False
126,2,474.95990587340094,-344.19478520448394,1.0,CLIENT,7,2,100000,13,55,0,1581,1607,939,0,250,603,57333.76000000003,19,False,False
126,3,-217.59754452936969,298.56689479578193,1.0,CLIENT,7,2,100000,13,43,0,1611,1611,977,0,250,653,44824.57600000002,19,False,False
126,4,-473.5340791571136,-351.8758652040745,1.0,CLIENT,7,2,100000,17,52,0,1600,1601,967,0,247,653,54206.46400000003,19,False,False
126,5,406.83690377477785,-422.6753852040835,1.0,CLIENT,7,2,100000,9,41,0,1590,1615,955,0,253,619,42739.71200000002,19,False,False
126,6,-398.5195640554654,466.8827347955795,1.0,CLIENT,7,2,100000,15,90,0,1530,1568,894,0,248,502,93818.88000000005,19,False,False
126,7,15.288067295540499,-445.4959852042083,1.0,CLIENT,7,2,100000,19,62,0,1554,1555,957,0,246,694,64630.784000000036,19,False,False
126,8,-331.1886898884704,155.2980547952339,1.0,CLIENT,7,2,100000,10,32,0,1603,1604,987,0,254,674,33357.824000000015,19,False,False
126,9,15.60491846785401,-450.72802520444526,1.0,CLIENT,7,2,100000,18,42,0,1550,1551,977,0,250,690,43782.14400000002,19,False,False
126,10,209.28019768955895,-1.7744652044751774,1.0,CLIENT,7,2,100000,12,42,0,1568,1568,978,0,252,700,43782.14400000002,19,False,False
126,11,-89.03518126677669,-223.30126520439393,1.0,CLIENT,7,2,100000,15,44,0,1557,1557,976,0,250,706,45867.00800000002,19,False,False
126,12,-345.8430566190863,57.893054795955265,1.0,CLIENT,7,2,100000,17,53,0,1582,1582,967,0,248,690,55248.89600000003,19,False,False
126,13,-225.36039825639764,-487.5749452047509,1.0,CLIENT,7,2,100000,18,56,0,1556,1559,963,0,248,674,58376.19200000003,19,False,False
126,14,-14.337517338004856,372.14941479588333,1.0,CLIENT,7,2,100000,14,55,0,1599,1599,965,0,249,615,57333.76000000003,19,False,False
126,15,92.91660457032295,-364.788985204693,1.0,CLIENT,7,2,100000,9,30,0,1567,1567,991,0,256,726,31272.960000000014,19,False,False
126,16,160.3266915308185,-126.23022520427213,1.0,CLIENT,7,2,100000,16,54,0,1572,1572,966,0,248,696,56291.32800000003,19,False,False
126,17,-170.06986864632142,-141.4810652045253,1.0,CLIENT,7,2,100000,14,42,0,1584,1584,978,0,251,705,43782.14400000002,19,False,False
126,18,446.36408755085944,-267.16134520439454,1.0,CLIENT,7,2,100000,15,63,0,1582,1595,944,0,248,652,65673.21600000003,19,False,False
126,19,-93.55031047548053,-493.92018520455025,1.0,CLIENT,7,2,100000,15,46,0,1585,1586,973,0,251,690,47951.872000000025,19,False,False

127,0,-68.67749343057771,-147.60366520409576,1.0,CLIENT,7,2,100000,13,40,0,1465,1465,991,3,246,731,41697.28000000002,19,False,False
127,1,168.24797084428462,-117.21330520409936,1.0,CLIENT,7,2,100000,15,46,0,1489,1489,983,5,244,718,47951.872000000025,19,False,False
127,2,-90.85707550884575,166.09609479565563,1.0,CLIENT,7,2,100000,12,40,0,1519,1519,989,5,246,723,41697.28000000002,19,False,False
127,3,-369.923745732924,255.15209479544808,1.0,CLIENT,7,2,100000,13,46,0,1518,1518,983,5,244,664,47951.872000000025,19,False,False
127,4,-188.44723665457602,-360.4475052045805,1.0,CLIENT,7,2,100000,16,57,0,1498,1503,968,4,240,701,59418.62400000003,19,False,False
127,5,205.6364092054208,-85.37578520459277,1.0,CLIENT,7,2,100000,9,30,0,1517,1518,999,4,248,726,31272.960000000014,19,False,False
127,6,202.78474865234784,325.6176547955093,1.0,CLIENT,7,2,100000,14,52,0,1522,1522,979,3,242,685,54206.46400000003,19,False,False
127,7,48.399014827348665,-486.2391052041687,1.0,CLIENT,7,2,100000,19,68,0,1494,1497,959,4,238,655,70885.37600000003,19,False,False
127,8,48.399014827348665,28.059294795344556,1.0,CLIENT,7,2,100000,10,30,0,1507,1508,999,4,248,735,31272.960000000014,19,False,False
127,9,-210.0723291811547,250.03137479572104,1.0,CLIENT,7,2,100000,18,58,0,1513,1513,971,5,239,667,60461.05600000003,19,False,False
127,10,-198.66568696942576,-276.62354520423406,1.0,CLIENT,7,2,100000,12,41,0,1489,1490,988,4,245,738,42739.71200000002,19,False,False
127,11,114.7793354762775,-487.7975852041888,1.0,CLIENT,7,2,100000,15,53,0,1507,1508,977,3,242,699,55248.89600000003,19,False,False
127,12,-477.6531444000035,37.07621479551733,1.0,CLIENT,7,2,100000,17,66,0,1506,1509,962,3,239,634,68800.51200000003,19,False,False
127,13,18.6942174003028,-437.36962520416,1.0,CLIENT,7,2,100000,19,63,0,1504,1506,965,4,239,683,65673.21600000003,19,False,False
127,14,-482.72276316095946,-366.12482520448424,1.0,CLIENT,7,2,100000,14,69,0,1448,1500,906,2,241,581,71927.80800000003,19,False,False
127,15,16.87232315823373,-140.70182520411976,1.0,CLIENT,7,2,100000,9,28,0,1504,1504,1002,4,249,738,29188.096000000012,19,False,False
127,16,497.06027515873126,155.74333479569162,1.0,CLIENT,7,2,100000,16,66,0,1504,1512,955,4,240,629,68800.51200000003,19,False,False
127,17,-400.18303271165917,-148.7168652044491,1.0,CLIENT,7,2,100000,14,39,0,1485,1490,987,3,246,702,40654.84800000002,19,False,False
127,18,455.7111971411435,470.22233479584855,1.0,CLIENT,7,2,100000,15,108,0,1419,1464,880,2,241,472,112582.65600000006,19,False,False
127,19,81.11389839277997,-34.05726520443949,1.0,CLIENT,7,2,100000,15,34,0,1490,1490,995,5,246,727,35442.68800000002,19,False,False

128,0,-155.89077867502004,-493.58622520460244,1.0,CLIENT,7,2,100000,13,48,0,1567,1568,987,8,249,685,50036.736000000026,19,False,False
128,1,-459.1965635988112,9.691494795842175,1.0,CLIENT,7,2,100000,15,51,0,1533,1536,983,7,249,695,53164.03200000003,19,False,False
128,2,-284.13629076473666,337.6402147960033,1.0,CLIENT,7,2,100000,12,49,0,1558,1565,977,9,251,691,51079.16800000003,19,False,False
128,3,-476.5441652960619,485.6958147955396,1.0,CLIENT,7,2,100000,14,74,0,1453,1527,882,3,249,496,77139.96800000004,19,False,False
128,4,-214.27060721754503,183.7959747952624,1.0,CLIENT,7,2,100000,16,43,0,1537,1537,992,9,247,719,44824.57600000002,19,False,False
128,5,6.891511222759826,-469.20714520445756,1.0,CLIENT,7,2,100000,9,34,0,1574,1578,999,8,253,717,35442.68800000002,19,False,False
128,6,-59.805660599045346,-224.97106520413297,1.0,CLIENT,7,2,100000,14,43,0,1536,1536,989,12,250,712,44824.57600000002,19,False,False
128,7,271.06617633684624,357.232534795578,1.0,CLIENT,7,2,100000,20,81,0,1533,1539,946,12,242,573,84436.99200000004,19,False,False
128,8,-128.08708828354375,-109.97750520417554,1.0,CLIENT,7,2,100000,10,30,0,1551,1552,1001,12,254,723,31272.960000000014,19,False,False
128,9,36.12103189049117,-482.8995052046906,1.0,CLIENT,7,2,100000,18,60,0,1540,1546,971,7,246,671,62545.920000000035,19,False,False
128,10,444.06691654947593,-458.9657052042125,1.0,CLIENT,7,2,100000,12,123,0,1441,1497,864,3,249,478,128219.13600000007,19,False,False
128,11,-417.8474855812234,-37.06290520476074,1.0,CLIENT,7,2,100000,15,51,0,1553,1553,985,8,248,705,53164.03200000003,19,False,False
128,12,-32.95252372507243,339.5326547959712,1.0,CLIENT,7,2,100000,17,44,0,1540,1540,992,8,247,700,45867.00800000002,19,False,False
128,13,-457.61230773611794,-468.53922520456194,1.0,CLIENT,7,2,100000,19,62,0,1547,1551,965,14,244,639,64630.784000000036,19,False,False
128,14,-337.44650054630563,-304.0082652047002,1.0,CLIENT,7,2,100000,14,37,0,1553,1553,993,14,249,708,38569.98400000002,19,False,False
128,15,-37.705291313714966,362.5758947955339,1.0,CLIENT,7,2,100000,9,32,0,1564,1564,1004,8,254,721,33357.824000000015,19,False,False
128,16,-208.40886052496097,-202.37310520423705,1.0,CLIENT,7,2,100000,16,54,0,1529,1529,976,14,247,712,56291.32800000003,19,False,False
128,17,112.64059006189491,328.40065479560167,1.0,CLIENT,7,2,100000,14,38,0,1562,1563,995,10,249,681,39612.41600000002,19,False,False
128,18,-275.34367072670483,81.27025479546575,1.0,CLIENT,7,2,100000,15,53,0,1521,1521,983,8,248,717,55248.89600000003,19,False,False
128,19,95.29298836464422,118.33981479600027,1.0,CLIENT,7,2,100000,15,37,0,1534,1534,994,13,252,721,38569.98400000002,19,False,False

129,0,-367.468149145665,-274.6197852045472,1.0,CLIENT,7,2,100000,14,46,0,1360,1374,970,4,260,687,47951.872000000025,19,False,False
129,1,-182.9023411348683,-322.59870520443144,1.0,CLIENT,7,2,100000,15,40,0,1350,1352,985,6,261,706,41697.28000000002,19,False,False
129,2,-348.0610148269694,206.3939347959493,1.0,CLIENT,7,2,100000,12,48,0,1392,1393,977,7,262,670,50036.736000000026,19,False,False
129,3,-461.41452180669427,-417.22070520440866,1.0,CLIENT,7,2,100000,14,65,0,1319,1367,913,4,260,586,67758.08000000003,19,False,False
129,4,18.45657902092696,451.1866147956596,1.0,CLIENT,7,2,100000,17,53,0,1389,1391,974,4,257,659,55248.89600000003,19,False,False
129,5,416.10480057212425,-397.9623452039908,1.0,CLIENT,7,2,100000,10,41,0,1399,1403,983,6,264,627,42739.71200000002,19,False,False
129,6,-260.45166561671306,306.2479747953725,1.0,CLIENT,7,2,100000,14,49,0,1398,1398,978,6,259,669,51079.16800000003,19,False,False
129,7,464.5830299721131,458.19977479535453,1.0,CLIENT,7,2,100000,20,100,0,1271,1347,868,2,252,501,104243.20000000006,19,False,False
129,8,421.57048329833145,-29.93842520455587,1.0,CLIENT,7,2,100000,11,37,0,1392,1394,992,4,263,677,38569.98400000002,19,False,False
129,9,459.03813445296817,169.4356947959247,1.0,CLIENT,7,2,100000,18,60,0,1382,1389,963,4,255,655,62545.920000000035,19,False,False
129,10,274.3931136486709,5.572654795958556,1.0,CLIENT,7,2,100000,12,39,0,1402,1402,990,4,261,703,40654.84800000002,19,False,False
129,11,-386.7168578779225,-179.66382520462219,1.0,CLIENT,7,2,100000,14,54,0,1366,1373,968,4,260,698,56291.32800000003,19,False,False
129,12,-199.3786021075533,106.31725479550624,1.0,CLIENT,7,2,100000,16,57,0,1373,1373,970,6,258,693,59418.62400000003,19,False,False
129,13,392.97466497579,-189.79394520435733,1.0,CLIENT,7,2,100000,19,59,0,1376,1376,968,6,256,678,61503.488000000034,19,False,False
129,14,-372.30012952724525,-436.92434520449325,1.0,CLIENT,7,2,100000,14,59,0,1342,1386,927,5,259,621,61503.488000000034,19,False,False
129,15,375.94391445141565,136.9302547957315,1.0,CLIENT,7,2,100000,9,30,0,1403,1405,998,3,264,696,31272.960000000014,19,False,False
129,16,-333.56507368279165,415.00761479524954,1.0,CLIENT,7,2,100000,17,61,0,1376,1384,965,5,256,638,63588.352000000035,19,False,False
129,17,278.2745405127477,-321.1515452041303,1.0,CLIENT,7,2,100000,14,49,0,1387,1387,977,7,260,659,51079.16800000003,19,False,False
129,18,-248.56974664623243,105.09273479543396,1.0,CLIENT,7,2,100000,15,45,0,1388,1388,982,6,258,685,46909.440000000024,19,False,False
129,19,25.823368782703753,-244.34074520426975,1.0,CLIENT,7,2,100000,15,42,0,1370,1370,987,4,261,705,43782.14400000002,19,False,False

130,0,177.4366548481305,461.5393747956236,1.0,CLIENT,7,2,100000,13,56,0,1616,1616,979,1,246,712,58376.19200000003,19,False,False
130,1,-184.0905330317475,-294.8800252040175,1.0,CLIENT,7,2,100000,15,51,0,1607,1607,984,1,245,685,53164.03200000003,19,False,False
130,2,337.6049225727761,-332.5061852047287,1.0,CLIENT,7,2,100000,12,50,0,1623,1623,985,1,247,656,52121.60000000003,19,False,False
130,3,445.33432123985557,331.18365479569405,1.0,CLIENT,7,2,100000,13,43,0,1622,1623,992,0,247,687,44824.57600000002,19,False,False
130,4,-288.0177176288135,280.6443747959463,1.0,CLIENT,7,2,100000,16,50,0,1561,1561,984,2,244,699,52121.60000000003,19,False,False
130,5,284.6115639635206,279.9764547952597,1.0,CLIENT,7,2,100000,9,31,0,1613,1613,1004,1,251,732,32315.392000000014,19,False,False
130,6,491.59459243252405,-0.4386252046839445,1.0,CLIENT,7,2,100000,14,52,0,1609,1609,982,2,246,690,54206.46400000003,19,False,False
130,7,427.74908116322905,-157.51114520439302,1.0,CLIENT,7,2,100000,20,92,0,1571,1571,943,1,240,636,95903.74400000005,19,False,False
130,8,-400.2622455045968,326.9534947953005,1.0,CLIENT,7,2,100000,10,37,0,1618,1623,992,2,250,656,38569.98400000002,19,False,False
130,9,361.7648244795514,302.9083747958944,1.0,CLIENT,7,2,100000,18,52,0,1581,1581,983,1,245,726,54206.46400000003,19,False,False
130,10,68.67748987004714,347.8816547954574,1.0,CLIENT,7,2,100000,12,46,0,1601,1601,989,1,247,729,47951.872000000025,19,False,False
130,11,-341.1695018239443,-70.90418520474515,1.0,CLIENT,7,2,100000,15,53,0,1610,1610,981,2,245,705,55248.89600000003,19,False,False
130,12,-66.53874801563228,-104.41150520399077,1.0,CLIENT,7,2,100000,16,55,0,1577,1577,979,2,245,717,57333.76000000003,19,False,False
130,13,-344.892503101583,104.75877479548615,1.0,CLIENT,7,2,100000,18,59,0,1591,1591,975,2,244,716,61503.488000000034,19,False,False
130,14,44.91365192908585,364.9136147959595,1.0,CLIENT,7,2,100000,14,40,0,1574,1574,995,1,248,734,41697.28000000002,19,False,False
130,15,-360.4974233497023,-157.06586520472626,1.0,CLIENT,7,2,100000,9,35,0,1634,1634,999,2,250,703,36485.12000000002,19,False,False
130,16,-120.0865961765771,132.03217479544236,1.0,CLIENT,7,2,100000,16,60,0,1582,1582,974,2,244,719,62545.920000000035,19,False,False
130,17,412.7778632602996,-355.8833852042392,1.0,CLIENT,7,2,100000,14,76,0,1598,1600,959,0,245,618,79224.83200000004,19,False,False
130,18,48.24058924091049,136.70761479550265,1.0,CLIENT,7,2,100000,15,48,0,1554,1554,986,2,246,725,50036.736000000026,19,False,False
130,19,-303.70185066987045,155.85465479541057,1.0,CLIENT,7,2,100000,15,50,0,1608,1608,984,2,246,694,52121.60000000003,19,False,False

131,0,-9.109472990610643,3.5688947954807304,1.0,CLIENT,7,2,100000,13,40,0,1407,1407,979,1,251,714,41697.28000000002,19,False,False
131,1,-101.392376996009,259.0482947958938,1.0,CLIENT,7,2,100000,15,42,0,1410,1410,976,2,249,696,43782.14400000002,19,False,False
131,2,-244.92595816153144,338.97605479579454,1.0,CLIENT,7,2,100000,12,37,0,1434,1434,982,1,252,709,38569.98400000002,19,False,False
131,3,-95.45141751105011,-306.34598520433485,1.0,CLIENT,7,2,100000,13,42,0,1457,1457,977,1,249,677,43782.14400000002,19,False,False
131,4,324.77245008422926,147.8396147958722,1.0,CLIENT,7,2,100000,17,52,0,1451,1451,967,1,245,683,54206.46400000003,19,False,False
131,5,74.38081097619303,-385.3831852041111,1.0,CLIENT,7,2,100000,10,39,0,1465,1469,978,0,252,647,40654.84800000002,19,False,False
131,6,-239.61870102119957,388.06817479524113,1.0,CLIENT,7,2,100000,14,48,0,1432,1432,970,2,249,690,50036.736000000026,19,False,False
131,7,-447.86913418058276,-111.4246652044767,1.0,CLIENT,7,2,100000,19,64,0,1431,1431,954,1,243,653,66715.64800000003,19,False,False
131,8,-435.6703640372258,92.62489479527318,1.0,CLIENT,7,2,100000,10,31,0,1444,1444,988,1,253,716,32315.392000000014,19,False,False
131,9,-385.92472994685727,349.66277479570635,1.0,CLIENT,7,2,100000,18,58,0,1432,1432,960,2,245,658,60461.05600000003,19,False,False
131,10,-494.84232051081597,423.0226547955789,1.0,CLIENT,7,2,100000,12,41,0,1453,1462,970,0,249,654,42739.71200000002,19,False,False
131,11,484.38622825662264,-61.99858520429132,1.0,CLIENT,7,2,100000,16,63,0,1432,1438,953,0,247,602,65673.21600000003,19,False,False
131,12,-414.28290989002295,-264.8236252047599,1.0,CLIENT,7,2,100000,17,74,0,1430,1434,942,1,245,644,77139.96800000004,19,False,False
131,13,384.02361935131995,426.69621479579575,1.0,CLIENT,7,2,100000,19,93,0,1418,1420,924,1,242,610,96946.17600000005,19,False,False
131,14,344.17958440292483,321.2761747953968,1.0,CLIENT,7,2,100000,14,50,0,1452,1453,968,1,247,635,52121.60000000003,19,False,False
131,15,-462.84035208351213,55.88929479547744,1.0,CLIENT,7,2,100000,9,33,0,1452,1452,985,2,253,713,34400.256000000016,19,False,False
131,16,-204.68585924788516,-6.561225204254413,1.0,CLIENT,7,2,100000,17,56,0,1410,1410,963,1,246,700,58376.19200000003,19,False,False
131,17,216.80541303777392,225.7636147952951,1.0,CLIENT,7,2,100000,14,50,0,1449,1449,968,2,248,700,52121.60000000003,19,False,False
131,18,216.33013627902224,-297.1064252047242,1.0,CLIENT,7,2,100000,15,60,0,1453,1454,958,1,246,629,62545.920000000035,19,False,False
131,19,-106.69963413634089,392.85493479581135,1.0,CLIENT,7,2,100000,15,48,0,1445,1445,970,2,248,687,50036.736000000026,19,False,False

132,0,-31.289055069441538,-322.93266520437925,1.0,CLIENT,7,2,100000,14,44,0,1656,1656,968,4,242,660,45867.00800000002,19,False,False
132,1,267.1055366803946,201.60717479537908,1.0,CLIENT,7,2,100000,15,49,0,1641,1641,963,4,241,695,51079.16800000003,19,False,False
132,2,349.48684154325673,131.69821479549455,1.0,CLIENT,7,2,100000,12,39,0,1639,1639,972,5,246,695,40654.84800000002,19,False,False
132,3,98.6991384694065,86.83625479565052,1.0,CLIENT,7,2,100000,13,38,0,1618,1618,973,5,245,700,39612.41600000002,19,False,False
132,4,-264.6499436531034,225.31833479562835,1.0,CLIENT,7,2,100000,16,51,0,1614,1614,961,4,241,700,53164.03200000003,19,False,False
132,5,440.66076644471354,375.37769479564247,1.0,CLIENT,7,2,100000,10,32,0,1657,1657,980,4,247,657,33357.824000000015,19,False,False
132,6,-254.43149333825366,-115.54350520436032,1.0,CLIENT,7,2,100000,14,44,0,1629,1629,966,6,244,698,45867.00800000002,19,False,False
132,7,225.5188202828681,82.38345479581909,1.0,CLIENT,7,2,100000,18,59,0,1623,1623,954,3,239,684,61503.488000000034,19,False,False
132,8,347.0312449559978,-477.110865204277,1.0,CLIENT,7,2,100000,12,129,0,1543,1567,862,1,244,481,134473.72800000006,19,False,False
132,9,-457.69152052961846,123.57185479544626,1.0,CLIENT,7,2,100000,18,53,0,1602,1603,958,4,242,701,55248.89600000003,19,False,False
132,10,-166.58450574862147,412.3359347956671,1.0,CLIENT,7,2,100000,12,45,0,1637,1641,963,4,244,695,46909.440000000024,19,False,False
132,11,-134.97860128656887,7.242454795697597,1.0,CLIENT,7,2,100000,15,47,0,1618,1618,964,5,243,707,48994.304000000026,19,False,False
132,12,12.198768363091707,107.98705479524529,1.0,CLIENT,7,2,100000,16,57,0,1617,1617,954,5,241,698,59418.62400000003,19,False,False
132,13,228.0536296630647,424.69245479531793,1.0,CLIENT,7,2,100000,19,60,0,1620,1621,952,3,240,661,62545.920000000035,19,False,False
132,14,122.2253380315548,-43.853425204226824,1.0,CLIENT,7,2,100000,14,43,0,1623,1624,969,3,244,700,44824.57600000002,19,False,False
132,15,-496.9018531328237,386.509694796012,1.0,CLIENT,7,2,100000,9,63,0,1592,1637,904,4,246,548,65673.21600000003,19,False,False
132,16,-331.0302643020322,-47.08170520398596,1.0,CLIENT,7,2,100000,17,49,0,1632,1632,962,5,241,687,51079.16800000003,19,False,False
132,17,-6.970727576228062,216.63537479540338,1.0,CLIENT,7,2,100000,14,35,0,1612,1612,978,3,246,720,36485.12000000002,19,False,False
132,18,-369.2108305947964,-53.76090520452408,1.0,CLIENT,7,2,100000,15,43,0,1630,1630,969,4,241,679,44824.57600000002,19,False,False
132,19,169.35694994822617,144.50001479560314,1.0,CLIENT,7,2,100000,15,36,0,1603,1604,976,3,246,702,37527.55200000002,19,False,False

133,0,-206.34932790351607,-348.98154520426317,1.0,CLIENT,7,2,100000,14,50,0,1425,1425,971,0,252,652,52121.60000000003,19,False,False
133,1,154.6233704246726,174.11113479598498,1.0,CLIENT,7,2,100000,15,46,0,1397,1397,975,0,253,697,47951.872000000025,19,False,False
133,2,-328.6538805082738,146.16981479534218,1.0,CLIENT,7,2,100000,12,45,0,1427,1428,977,0,255,683,46909.440000000024,19,False,False
133,3,-95.60984309692545,104.42481479553834,1.0,CLIENT,7,2,100000,13,38,0,1396,1396,983,0,255,708,39612.41600000002,19,False,False
133,4,370.63665731108375,-61.441985204114644,1.0,CLIENT,7,2,100000,17,51,0,1418,1418,970,0,250,671,53164.03200000003,19,False,False
133,5,-386.400006705609,107.09649479591178,1.0,CLIENT,7,2,100000,9,34,0,1424,1426,985,0,258,670,35442.68800000002,19,False,False
133,6,139.65215252174315,352.77973479574655,1.0,CLIENT,7,2,100000,14,53,0,1420,1420,968,0,253,659,55248.89600000003,19,False,False
133,7,-378.874791357394,-118.77178520411945,1.0,CLIENT,7,2,100000,19,61,0,1394,1394,960,0,248,669,63588.352000000035,19,False,False
133,8,-391.23198708718917,-67.34194520424722,1.0,CLIENT,7,2,100000,10,37,0,1428,1429,983,0,257,688,38569.98400000002,19,False,False
133,9,437.9675314780788,-69.56834520416294,1.0,CLIENT,7,2,100000,18,60,0,1408,1408,961,0,250,693,62545.920000000035,19,False,False
133,10,427.1945916115397,-488.57682520459434,1.0,CLIENT,7,2,100000,12,67,0,1411,1414,951,0,254,562,69842.94400000003,19,False,False
133,11,464.0285404204236,267.7312547953278,1.0,CLIENT,7,2,100000,16,61,0,1403,1404,959,0,251,624,63588.352000000035,19,False,False
133,12,-242.6287871607107,-462.1939852047626,1.0,CLIENT,7,2,100000,17,54,0,1416,1417,966,0,251,666,56291.32800000003,19,False,False
133,13,-273.9178404498869,274.6330947953038,1.0,CLIENT,7,2,100000,19,73,0,1397,1400,946,0,248,651,76097.53600000004,19,False,False
133,14,-53.547849941210096,219.41837479549577,1.0,CLIENT,7,2,100000,14,40,0,1382,1382,981,0,255,700,41697.28000000002,19,False,False
133,15,271.4622403026603,-365.0116252041309,1.0,CLIENT,7,2,100000,9,36,0,1426,1426,985,0,258,696,37527.55200000002,19,False,False
133,16,317.2472347365771,-410.31886520443265,1.0,CLIENT,7,2,100000,17,61,0,1410,1410,960,0,250,656,63588.352000000035,19,False,False
133,17,-124.04723583359159,-366.6814252046609,1.0,CLIENT,7,2,100000,14,51,0,1426,1426,970,0,252,685,53164.03200000003,19,False,False
133,18,54.89446386455976,-497.03714520459044,1.0,CLIENT,7,2,100000,15,56,0,1412,1412,965,0,251,676,58376.19200000003,19,False,False
133,19,163.49520325620495,325.2836947955615,1.0,CLIENT,7,2,100000,15,48,0,1402,1402,973,0,253,670,50036.736000000026,19,False,False

134,0,-406.2032049901186,437.04897479575976,1.0,CLIENT,7,2,100000,14,50,0,1431,1434,980,2,249,666,52121.60000000003,19,False,False
134,1,-398.12350008965143,350.7759747952687,1.0,CLIENT,7,2,100000,15,53,0,1403,1403,981,1,249,694,55248.89600000003,19,False,False
134,2,95.53062674402005,-285.97442520435465,1.0,CLIENT,7,2,100000,12,36,0,1387,1387,997,1,254,721,37527.55200000002,19,False,False
134,3,347.34809612887415,-294.9913452045274,1.0,CLIENT,7,2,100000,13,47,0,1417,1439,965,1,249,643,48994.304000000026,19,False,False
134,4,-460.0679043233769,491.15049479600543,1.0,CLIENT,7,2,100000,16,60,0,1415,1431,962,0,246,642,62545.920000000035,19,False,False
134,5,435.59114768375747,76.70613479591537,1.0,CLIENT,7,2,100000,9,38,0,1444,1444,995,1,253,700,39612.41600000002,19,False,False
134,6,322.55449187634616,173.2205747958605,1.0,CLIENT,7,2,100000,14,47,0,1421,1421,986,1,250,709,48994.304000000026,19,False,False
134,7,226.94465055912315,-296.2158652045997,1.0,CLIENT,7,2,100000,19,65,0,1411,1415,965,1,244,690,67758.08000000003,19,False,False
134,8,290.86937462135586,405.54541479541,1.0,CLIENT,7,2,100000,11,47,0,1433,1433,985,2,252,632,48994.304000000026,19,False,False
134,9,-401.05437343622486,386.17573479527323,1.0,CLIENT,7,2,100000,17,55,0,1407,1411,974,1,247,685,57333.76000000003,19,False,False
134,10,61.70676407408436,-83.81730520457268,1.0,CLIENT,7,2,100000,12,41,0,1413,1413,992,1,250,725,42739.71200000002,19,False,False
134,11,-366.04231886941,436.71501479581195,1.0,CLIENT,7,2,100000,15,58,0,1423,1423,975,1,248,674,60461.05600000003,19,False,False
134,12,246.43099767131926,265.72749479564095,1.0,CLIENT,7,2,100000,15,61,0,1410,1410,971,2,247,691,63588.352000000035,19,False,False
134,13,-183.06076672130646,466.99405479529844,1.0,CLIENT,7,2,100000,18,57,0,1392,1392,975,2,247,703,59418.62400000003,19,False,False
134,14,344.1003716099872,-202.70706520418486,1.0,CLIENT,7,2,100000,14,53,0,1432,1439,976,0,248,686,55248.89600000003,19,False,False
134,15,-396.6184570204587,-29.715785204327005,1.0,CLIENT,7,2,100000,9,43,0,1448,1448,990,1,253,679,44824.57600000002,19,False,False
134,16,-21.78351989271932,-178.66194520398778,1.0,CLIENT,7,2,100000,16,57,0,1421,1422,976,0,247,686,59418.62400000003,19,False,False
134,17,-199.2201765211151,-365.6795452040265,1.0,CLIENT,7,2,100000,14,67,0,1428,1428,966,1,248,605,69842.94400000003,19,False,False
134,18,162.94071370395275,-61.441985204114644,1.0,CLIENT,7,2,100000,15,52,0,1411,1411,980,2,248,717,54206.46400000003,19,False,False
134,19,-135.92915480407223,427.36413479569137,1.0,CLIENT,7,2,100000,15,48,0,1420,1420,985,1,249,712,50036.736000000026,19,False,False

135,0,470.2071382853212,-405.1981452047056,1.0,CLIENT,7,2,100000,14,58,0,1510,1526,956,5,246,625,60461.05600000003,19,False,False
135,1,311.38548804399306,440.49989479574776,1.0,CLIENT,7,2,100000,15,60,0,1518,1523,964,6,245,628,62545.920000000035,19,False,False
135,2,364.06199548093497,-347.08910520429527,1.0,CLIENT,7,2,100000,12,40,0,1523,1523,987,7,250,685,41697.28000000002,19,False,False
135,3,422.04576005764596,140.49249479543846,1.0,CLIENT,7,2,100000,13,42,0,1526,1526,986,6,248,696,43782.14400000002,19,False,False
135,4,132.28536275996635,-13.351745204511474,1.0,CLIENT,7,2,100000,16,51,0,1475,1475,975,8,245,712,53164.03200000003,19,False,False
135,5,-161.5940997806031,-135.69242520411166,1.0,CLIENT,7,2,100000,9,31,0,1513,1513,997,6,252,726,32315.392000000014,19,False,False
135,6,327.2280466714882,-57.54578520445989,1.0,CLIENT,7,2,100000,14,43,0,1491,1492,985,5,248,705,44824.57600000002,19,False,False
135,7,-141.07798635796593,129.9170947952456,1.0,CLIENT,7,2,100000,19,63,0,1474,1474,965,6,243,694,65673.21600000003,19,False,False
135,8,-246.19336285191116,-91.94366520462097,1.0,CLIENT,7,2,100000,10,29,0,1521,1522,999,5,252,723,30230.528000000013,19,False,False
135,9,206.34932434354832,-162.40922520468217,1.0,CLIENT,7,2,100000,17,57,0,1506,1506,971,6,245,718,59418.62400000003,19,False,False
135,10,-388.0634753612398,293.223534795826,1.0,CLIENT,7,2,100000,12,52,0,1522,1526,974,4,248,633,54206.46400000003,19,False,False
135,11,126.42361606794513,-104.07754520404296,1.0,CLIENT,7,2,100000,14,44,0,1472,1472,982,8,249,728,45867.00800000002,19,False,False
135,12,270.27404840578106,-55.319385204544176,1.0,CLIENT,7,2,100000,16,56,0,1488,1488,971,7,245,711,58376.19200000003,19,False,False
135,13,-490.01034012979864,91.51169479571081,1.0,CLIENT,7,2,100000,19,91,0,1489,1495,933,4,241,577,94861.31200000005,19,False,False
135,14,-393.13309412219587,-346.3098652046807,1.0,CLIENT,7,2,100000,14,80,0,1499,1502,947,4,246,571,83394.56000000004,19,False,False
135,15,262.4319818852526,249.5860947952633,1.0,CLIENT,7,2,100000,9,32,0,1527,1527,995,7,252,730,33357.824000000015,19,False,False
135,16,343.941946023549,340.9798147954814,1.0,CLIENT,7,2,100000,17,54,0,1511,1513,971,7,245,660,56291.32800000003,19,False,False
135,17,215.37958276151886,-123.00194520451299,1.0,CLIENT,7,2,100000,14,41,0,1489,1490,987,6,249,729,42739.71200000002,19,False,False
135,18,2.059530841742471,-464.0864252047305,1.0,CLIENT,7,2,100000,15,58,0,1518,1520,968,7,245,655,60461.05600000003,19,False,False
135,19,-129.43370576686115,486.69769479538303,1.0,CLIENT,7,2,100000,15,53,0,1518,1520,972,7,246,638,55248.89600000003,19,False,False

136,0,-479.6334642285107,-359.89090520440385,1.0,CLIENT,7,2,100000,13,55,0,1534,1543,971,0,251,665,57333.76000000003,19,False,False
136,1,96.79803143439977,-486.9070252040643,1.0,CLIENT,7,2,100000,17,67,0,1537,1537,966,0,248,601,69842.94400000003,19,False,False
136,2,-381.0135367723394,-383.37942520442425,1.0,CLIENT,7,2,100000,12,49,0,1539,1543,981,0,253,673,51079.16800000003,19,False,False
136,3,-388.38032653411625,188.02613479565593,1.0,CLIENT,7,2,100000,13,40,0,1550,1550,993,0,252,679,41697.28000000002,19,False,False
136,4,295.46371662356023,35.7403747957261,1.0,CLIENT,7,2,100000,16,55,0,1534,1534,978,0,248,706,57333.76000000003,19,False,False
136,5,357.24969527084755,438.16217479532213,1.0,CLIENT,7,2,100000,10,39,0,1513,1560,952,0,254,647,40654.84800000002,19,False,False
136,6,-341.1695018239443,-344.3061052042029,1.0,CLIENT,7,2,100000,14,56,0,1543,1545,976,0,250,665,58376.19200000003,19,False,False
136,7,78.34145063320753,446.2885347953704,1.0,CLIENT,7,2,100000,19,55,0,1510,1512,976,0,247,680,57333.76000000003,19,False,False
136,8,187.33825399066674,-145.71122520412786,1.0,CLIENT,7,2,100000,10,33,0,1551,1551,1000,0,255,712,34400.256000000016,19,False,False
136,9,38.49741568481243,325.0610547953326,1.0,CLIENT,7,2,100000,18,50,0,1507,1507,983,0,250,702,52121.60000000003,19,False,False
136,10,-55.36974418327917,197.59965479600538,1.0,CLIENT,7,2,100000,12,44,0,1483,1483,989,0,253,724,45867.00800000002,19,False,False
136,11,-461.09767063438073,-472.21278520398783,1.0,CLIENT,7,2,100000,16,76,0,1509,1527,941,0,248,588,79224.83200000004,19,False,False
136,12,-106.93727251571674,214.8542547959454,1.0,CLIENT,7,2,100000,16,58,0,1515,1515,975,0,249,702,60461.05600000003,19,False,False
136,13,-247.06470357647686,-88.93802520429972,1.0,CLIENT,7,2,100000,18,53,0,1491,1491,980,0,250,714,55248.89600000003,19,False,False
136,14,438.6012338232687,-235.54646520432584,1.0,CLIENT,7,2,100000,14,69,0,1536,1536,964,0,250,566,71927.80800000003,19,False,False
136,15,29.07109330159072,475.78833479524235,1.0,CLIENT,7,2,100000,9,36,0,1563,1564,996,0,255,698,37527.55200000002,19,False,False
136,16,85.31217642917031,295.11597479579393,1.0,CLIENT,7,2,100000,17,54,0,1528,1528,979,0,249,700,56291.32800000003,19,False,False
136,17,-246.431001231287,-40.06854520429101,1.0,CLIENT,7,2,100000,14,35,0,1512,1512,998,0,254,719,36485.12000000002,19,False,False
136,18,-301.48389246198735,329.1798947960072,1.0,CLIENT,7,2,100000,15,57,0,1537,1538,975,0,249,686,59418.62400000003,19,False,False
136,19,331.0302607420645,-11.570625204262512,1.0,CLIENT,7,2,100000,15,53,0,1545,1545,980,0,250,652,55248.89600000003,19,False,False

137,0,94.34243484714084,42.53089479598316,1.0,CLIENT,7,2,100000,13,52,0,1671,1671,968,0,239,713,54206.46400000003,19,False,False
137,1,-150.26667036237464,-483.4561052040763,1.0,CLIENT,7,2,100000,15,46,0,1642,1644,972,0,240,707,47951.872000000025,19,False,False
137,2,-146.06839232598432,-388.05486520448454,1.0,CLIENT,7,2,100000,12,36,0,1651,1651,984,0,243,727,37527.55200000002,19,False,False
137,3,313.6826590453766,-233.98798520430574,1.0,CLIENT,7,2,100000,13,37,0,1644,1644,983,0,241,712,38569.98400000002,19,False,False
137,4,243.18327315243232,-248.01430520448662,1.0,CLIENT,7,2,100000,16,50,0,1626,1626,970,0,237,708,52121.60000000003,19,False,False
137,5,497.2979135381072,-33.38934520454387,1.0,CLIENT,7,2,100000,9,33,0,1697,1699,985,0,243,673,34400.256000000016,19,False,False
137,6,-69.4696213616429,-470.209025204301,1.0,CLIENT,7,2,100000,14,45,0,1646,1646,975,0,240,707,46909.440000000024,19,False,False
137,7,220.6868399012879,-461.8600252040238,1.0,CLIENT,7,2,100000,18,65,0,1653,1653,955,0,234,703,67758.08000000003,19,False,False
137,8,45.864205446589224,-184.56190520412036,1.0,CLIENT,7,2,100000,10,22,0,1631,1631,998,0,246,742,22933.504000000008,19,False,False
137,9,-2.1387471946478653,-63.66838520403036,1.0,CLIENT,7,2,100000,18,49,0,1628,1628,971,0,239,709,51079.16800000003,19,False,False
137,10,-283.5818012130473,-336.8476652040502,1.0,CLIENT,7,2,100000,12,45,0,1664,1664,975,0,240,700,46909.440000000024,19,False,False
137,11,467.43469052518594,-83.03806520416714,1.0,CLIENT,7,2,100000,15,56,0,1666,1667,964,0,238,676,58376.19200000003,19,False,False
137,12,307.97933793923073,-392.17370520436816,1.0,CLIENT,7,2,100000,16,62,0,1640,1640,958,0,237,691,64630.784000000036,19,False,False
137,13,288.88905479284864,390.07193479571896,1.0,CLIENT,7,2,100000,19,143,0,1588,1590,875,0,233,504,149067.77600000007,19,False,False
137,14,191.61574481999475,-456.62798520457784,1.0,CLIENT,7,2,100000,14,38,0,1643,1643,982,0,241,703,39612.41600000002,19,False,False
137,15,-178.54563751203978,49.098774796011355,1.0,CLIENT,7,2,100000,9,28,0,1690,1690,993,0,244,715,29188.096000000012,19,False,False
137,16,-481.85142243639376,-227.08614520432974,1.0,CLIENT,7,2,100000,17,66,0,1657,1658,953,0,236,614,68800.51200000003,19,False,False
137,17,302.9097191782747,-458.85438520449355,1.0,CLIENT,7,2,100000,14,40,0,1634,1634,980,0,242,721,41697.28000000002,19,False,False
137,18,-221.3205458064455,-420.5603052046777,1.0,CLIENT,7,2,100000,15,54,0,1644,1646,964,0,238,698,56291.32800000003,19,False,False
137,19,-485.89127488634597,-175.09970520428084,1.0,CLIENT,7,2,100000,15,54,0,1677,1678,966,0,237,635,56291.32800000003,19,False,False

138,0,301.80074007433313,-187.67886520416056,1.0,CLIENT,7,2,100000,13,49,0,1525,1525,955,0,248,673,51079.16800000003,19,False,False
138,1,-465.53358705014693,43.86673479577439,1.0,CLIENT,7,2,100000,15,66,0,1523,1523,937,0,246,624,68800.51200000003,19,False,False
138,2,172.2878232942368,269.2897347953479,1.0,CLIENT,7,2,100000,12,41,0,1525,1525,962,0,251,679,42739.71200000002,19,False,False
138,3,-23.60541413478839,308.02909479562146,1.0,CLIENT,7,2,100000,13,38,0,1534,1534,965,0,249,684,39612.41600000002,19,False,False
138,4,-166.03001619636927,91.40037479599187,1.0,CLIENT,7,2,100000,17,46,0,1511,1511,957,0,245,688,47951.872000000025,19,False,False
138,5,123.57195551487217,27.50269479595886,1.0,CLIENT,7,2,100000,9,25,0,1500,1500,978,0,254,713,26060.80000000001,19,False,False
138,6,-131.41402559536837,-395.958585204304,1.0,CLIENT,7,2,100000,14,51,0,1530,1530,952,0,248,687,53164.03200000003,19,False,False
138,7,46.41869499884142,-92.72290520423553,1.0,CLIENT,7,2,100000,19,59,0,1454,1454,944,0,245,692,61503.488000000034,19,False,False
138,8,-403.0346932641693,-408.5377452041837,1.0,CLIENT,7,2,100000,11,58,0,1528,1529,944,0,251,619,60461.05600000003,19,False,False
138,9,297.84010041731864,-215.95414520475117,1.0,CLIENT,7,2,100000,18,68,0,1520,1520,935,0,243,641,70885.37600000003,19,False,False
138,10,334.75326201970313,52.21573479526057,1.0,CLIENT,7,2,100000,12,39,0,1539,1539,964,0,249,684,40654.84800000002,19,False,False
138,11,347.82337288762585,226.9881347953674,1.0,CLIENT,7,2,100000,14,56,0,1521,1521,947,0,247,644,58376.19200000003,19,False,False
138,12,256.80787357204434,-378.70398520436396,1.0,CLIENT,7,2,100000,17,55,0,1526,1526,948,0,246,617,57333.76000000003,19,False,False
138,13,-462.5235009106359,-203.4863052045904,1.0,CLIENT,7,2,100000,19,74,0,1507,1507,929,0,244,621,77139.96800000004,19,False,False
138,14,-25.664946756796144,348.43825479563407,1.0,CLIENT,7,2,100000,14,54,0,1531,1531,949,0,247,662,56291.32800000003,19,False,False
138,15,-291.18622935419995,-249.79542520473558,1.0,CLIENT,7,2,100000,9,35,0,1538,1538,968,0,253,683,36485.12000000002,19,False,False
138,16,116.20516575309539,261.7199747954763,1.0,CLIENT,7,2,100000,17,54,0,1504,1504,949,0,246,671,56291.32800000003,19,False,False
138,17,-237.08389164100296,-44.410025204403496,1.0,CLIENT,7,2,100000,14,51,0,1529,1529,952,0,248,687,53164.03200000003,19,False,False
138,18,-63.21181070380765,370.03433479568656,1.0,CLIENT,7,2,100000,15,53,0,1531,1531,950,0,246,627,55248.89600000003,19,False,False
138,19,31.368264302411475,-187.79018520467048,1.0,CLIENT,7,2,100000,14,32,0,1485,1485,971,0,253,707,33357.824000000015,19,False,False

139,0,158.34637170231125,-157.84510520434083,1.0,CLIENT,7,2,100000,13,49,0,1679,1679,962,0,239,686,51079.16800000003,19,False,False
139,1,-447.7899213870822,101.53049479572701,1.0,CLIENT,7,2,100000,15,55,0,1658,1658,956,0,238,669,57333.76000000003,19,False,False
139,2,-383.152282186722,-111.7586252044245,1.0,CLIENT,7,2,100000,12,36,0,1662,1662,975,0,243,710,37527.55200000002,19,False,False
139,3,88.48068815455677,-360.22486520435166,1.0,CLIENT,7,2,100000,13,46,0,1664,1664,965,0,240,689,47951.872000000025,19,False,False
139,4,298.15695159019504,170.3262547952582,1.0,CLIENT,7,2,100000,16,62,0,1668,1668,949,0,236,656,64630.784000000036,19,False,False
139,5,-256.8078771325749,-68.12118520465276,1.0,CLIENT,7,2,100000,9,30,0,1653,1653,982,0,244,731,31272.960000000014,19,False,False
139,6,-365.1709781448443,-370.6889452040346,1.0,CLIENT,7,2,100000,14,51,0,1652,1655,957,0,240,695,53164.03200000003,19,False,False
139,7,-377.21132270176304,177.45073479546306,1.0,CLIENT,7,2,100000,19,64,0,1655,1655,947,0,234,693,66715.64800000003,19,False,False
139,8,93.47109412257514,295.5612547954607,1.0,CLIENT,7,2,100000,10,32,0,1675,1675,979,0,244,703,33357.824000000015,19,False,False
139,9,7.208362395636176,370.2569747959154,1.0,CLIENT,7,2,100000,18,63,0,1665,1665,948,0,235,665,65673.21600000003,19,False,False
139,10,-125.47306610984664,-156.06398520409186,1.0,CLIENT,7,2,100000,12,44,0,1637,1637,967,0,241,714,45867.00800000002,19,False,False
139,11,-114.70012624330755,-50.53262520476494,1.0,CLIENT,7,2,100000,14,47,0,1640,1640,964,0,240,714,48994.304000000026,19,False,False
139,12,12.990896294719743,49.54405479567811,1.0,CLIENT,7,2,100000,16,46,0,1622,1622,965,0,240,708,47951.872000000025,19,False,False
139,13,-92.441331371539,-194.69202520464648,1.0,CLIENT,7,2,100000,18,56,0,1620,1620,955,0,238,705,58376.19200000003,19,False,False
139,14,-335.8622446836124,-206.38062520440172,1.0,CLIENT,7,2,100000,14,41,0,1638,1638,970,0,241,718,42739.71200000002,19,False,False
139,15,-392.1825406046925,-407.8698252042881,1.0,CLIENT,7,2,100000,9,32,0,1674,1678,975,0,244,692,33357.824000000015,19,False,False
139,16,-182.50627716905427,211.29201479544747,1.0,CLIENT,7,2,100000,17,56,0,1645,1645,955,0,237,687,58376.19200000003,19,False,False
139,17,-58.22140473635212,-451.3959452043409,1.0,CLIENT,7,2,100000,14,49,0,1672,1672,962,0,239,686,51079.16800000003,19,False,False
139,18,201.91340792778215,499.4994947954916,1.0,CLIENT,7,2,100000,15,92,0,1632,1647,908,0,237,554,95903.74400000005,19,False,False
139,19,-433.7692570016562,-414.66034520454514,1.0,CLIENT,7,2,100000,15,61,0,1651,1664,937,0,238,653,63588.352000000035,19,False,False

140,0,-70.81623884496028,469.55441479595294,1.0,CLIENT,7,2,100000,13,36,0,3821,3821,1121,3,288,823,37527.55200000002,29,False,False
140,1,-482.4059119886459,-256.4746252044827,1.0,CLIENT,7,2,100000,15,54,0,3837,3849,1097,1,285,787,56291.32800000003,29,False,False
140,2,210.072325621187,-159.29226520464198,1.0,CLIENT,7,2,100000,11,27,0,3848,3848,1130,3,290,830,28145.66400000001,29,False,False
140,3,449.69102486268406,365.6928547955741,1.0,CLIENT,7,2,100000,12,49,0,3855,3894,1090,0,285,786,51079.16800000003,29,False,False
140,4,25.34809202395207,-344.6400652041507,1.0,CLIENT,7,2,100000,16,46,0,3835,3835,1111,3,284,806,47951.872000000025,29,False,False
140,5,-154.2273100188263,125.68693479564303,1.0,CLIENT,7,2,100000,9,19,0,3821,3821,1139,2,292,839,19806.208000000006,29,False,False
140,6,-433.0563418635287,-18.13850520429071,1.0,CLIENT,7,2,100000,13,38,0,3841,3842,1120,2,287,825,39612.41600000002,29,False,False
140,7,210.62681517287632,258.82565479566495,1.0,CLIENT,7,2,100000,18,53,0,3807,3807,1105,2,282,810,55248.89600000003,29,False,False
140,8,66.85559562797806,-259.70290520424186,1.0,CLIENT,7,2,100000,10,24,0,3867,3867,1132,4,291,830,25018.36800000001,29,False,False
140,9,411.43124577698217,-38.06478520460416,1.0,CLIENT,7,2,100000,16,48,0,3851,3852,1110,2,285,809,50036.736000000026,29,False,False
140,10,-141.94932708253165,-390.0586252041714,1.0,CLIENT,7,2,100000,12,44,0,3846,3847,1113,2,286,818,45867.00800000002,29,False,False
140,11,-64.71685377356322,458.86769479525015,1.0,CLIENT,7,2,100000,14,44,0,3856,3856,1112,4,286,799,45867.00800000002,29,False,False
140,12,224.88511793767825,473.00533479594094,1.0,CLIENT,7,2,100000,15,45,0,3827,3836,1110,2,286,808,46909.440000000024,29,False,False
140,13,-493.4164902345609,-315.69686520445543,1.0,CLIENT,7,2,100000,17,60,0,3858,3879,1089,2,282,784,62545.920000000035,29,False,False
140,14,-235.49963577830974,-30.495025204732542,1.0,CLIENT,7,2,100000,14,28,0,3804,3804,1130,2,289,829,29188.096000000012,29,False,False
140,15,-113.51193434642833,113.44173479571111,1.0,CLIENT,7,2,100000,9,16,0,3816,3816,1140,4,293,840,16678.912000000004,29,False,False
140,16,388.85559973290015,-269.4990652040292,1.0,CLIENT,7,2,100000,15,64,0,3872,3875,1093,3,282,772,66715.64800000003,29,False,False
140,17,211.33973031100385,201.3845347959412,1.0,CLIENT,7,2,100000,13,29,0,3836,3836,1129,2,289,834,30230.528000000013,29,False,False
140,18,-427.0361695850693,286.2103747953401,1.0,CLIENT,7,2,100000,15,51,0,3841,3842,1107,1,284,800,53164.03200000003,29,False,False
140,19,-477.5739316070658,309.92153479558937,1.0,CLIENT,7,2,100000,14,39,0,3877,3879,1117,2,287,795,40654.84800000002,29,False,False
140,20,9.426320603519265,307.69513479567365,1.0,CLIENT,7,2,100000,10,24,0,3824,3824,1133,3,291,838,25018.36800000001,29,False,False
140,21,333.88192129513743,196.82041479559985,1.0,CLIENT,7,2,100000,18,44,0,3827,3827,1114,2,285,808,45867.00800000002,29,False,False
140,22,-225.36039825639764,-401.85854520443655,1.0,CLIENT,7,2,100000,10,31,0,3880,3884,1125,2,289,807,32315.392000000014,29,False,False
140,23,155.96998790798997,-232.76346520423346,1.0,CLIENT,7,2,100000,14,33,0,3847,3847,1123,4,289,822,34400.256000000016,29,False,False
140,24,-307.0287879816951,389.62665479526123,1.0,CLIENT,7,2,100000,10,22,0,3857,3857,1135,3,291,833,22933.504000000008,29,False,False
140,25,93.94637088132683,-206.49194520412067,1.0,CLIENT,7,2,100000,12,25,0,3841,3841,1131,4,290,835,26060.80000000001,29,False,False
140,26,-224.4098447388943,310.14417479581823,1.0,CLIENT,7,2,100000,12,40,0,3831,3831,1117,3,287,816,41697.28000000002,29,False,False
140,27,-262.511198238158,-295.10266520424636,1.0,CLIENT,7,2,100000,12,36,0,3853,3855,1121,2,288,823,37527.55200000002,29,False,False
140,28,-211.8150106302861,493.4882147956401,1.0,CLIENT,7,2,100000,17,57,0,3824,3826,1099,3,282,801,59418.62400000003,29,False,False
140,29,-44.99286828199125,408.6623747954502,1.0,CLIENT,7,2,100000,12,34,0,3832,3832,1122,4,288,826,35442.68800000002,29,False,False

141,0,441.8489583415927,32.06681479550923,1.0,CLIENT,7,2,100000,13,40,0,4048,4048,1112,0,285,812,41697.28000000002,29,False,False
141,1,-350.595824207166,-238.77474520408498,1.0,CLIENT,7,2,100000,15,39,0,4019,4019,1113,0,284,812,40654.84800000002,29,False,False
141,2,295.46371662356023,-188.01282520410837,1.0,CLIENT,7,2,100000,11,34,0,4050,4050,1118,0,287,807,35442.68800000002,29,False,False
141,3,25.664943196828418,170.1036147958203,1.0,CLIENT,7,2,100000,12,40,0,3971,3971,1112,0,285,825,41697.28000000002,29,False,False
141,4,-187.65510872294797,-146.15650520458559,1.0,CLIENT,7,2,100000,16,40,0,3990,3990,1112,0,284,820,41697.28000000002,29,False,False
141,5,308.1377635256689,482.35621479527055,1.0,CLIENT,7,2,100000,9,37,0,4077,4098,1106,0,286,759,38569.98400000002,29,False,False
141,6,-328.09939095602164,163.64705479551105,1.0,CLIENT,7,2,100000,13,32,0,3979,3979,1120,0,287,829,33357.824000000015,29,False,False
141,7,-196.60615434798083,-232.09554520433784,1.0,CLIENT,7,2,100000,18,50,0,3984,3984,1102,0,281,812,52121.60000000003,29,False,False
141,8,81.11389839277997,220.5315747958491,1.0,CLIENT,7,2,100000,10,22,0,4019,4019,1130,0,289,832,22933.504000000008,29,False,False
141,9,354.8733114765263,-224.52578520446622,1.0,CLIENT,7,2,100000,16,51,0,4028,4035,1096,0,282,786,53164.03200000003,29,False,False
141,10,187.17982840422857,-184.00530520473467,1.0,CLIENT,7,2,100000,12,33,0,3986,3986,1119,0,287,826,34400.256000000016,29,False,False
141,11,-308.8506822237642,387.6228947955744,1.0,CLIENT,7,2,100000,14,37,0,4016,4016,1115,0,285,809,38569.98400000002,29,False,False
141,12,156.52447746024217,148.3962147952579,1.0,CLIENT,7,2,100000,15,39,0,3986,3986,1113,0,285,807,40654.84800000002,29,False,False
141,13,-400.1038199181587,81.71553479592347,1.0,CLIENT,7,2,100000,17,41,0,3981,3981,1111,0,284,823,42739.71200000002,29,False,False
141,14,399.0740500477499,-203.37498520408047,1.0,CLIENT,7,2,100000,14,49,0,4049,4054,1102,0,283,798,51079.16800000003,29,False,False
141,15,298.2361643831327,241.68237479544388,1.0,CLIENT,7,2,100000,9,26,0,4046,4047,1125,0,288,816,27103.23200000001,29,False,False
141,16,-272.4127973806942,281.8688947952276,1.0,CLIENT,7,2,100000,15,48,0,3996,3996,1104,0,282,811,50036.736000000026,29,False,False
141,17,-382.122515876281,-408.8717052041315,1.0,CLIENT,7,2,100000,13,40,0,4044,4059,1100,0,285,788,41697.28000000002,29,False,False
141,18,-403.5891828164215,450.18473479581615,1.0,CLIENT,7,2,100000,15,53,0,4047,4054,1095,0,281,783,55248.89600000003,29,False,False
141,19,275.6605183390506,432.4848547954184,1.0,CLIENT,7,2,100000,14,51,0,4075,4081,1099,0,282,774,53164.03200000003,29,False,False
141,20,-157.3166089512751,-5.781985204639852,1.0,CLIENT,7,2,100000,10,24,0,3998,3998,1128,0,289,828,25018.36800000001,29,False,False
141,21,-453.57245528616585,34.96113479532056,1.0,CLIENT,7,2,100000,17,45,0,4005,4005,1107,0,283,815,46909.440000000024,29,False,False
141,22,60.67699776364332,-19.251705204644054,1.0,CLIENT,7,2,100000,10,14,0,4001,4001,1138,0,291,838,14594.048000000004,29,False,False
141,23,-247.06470357647686,-322.04210520425477,1.0,CLIENT,7,2,100000,14,24,0,3997,3998,1127,0,289,832,25018.36800000001,29,False,False
141,24,-452.5426889757248,363.68909479588723,1.0,CLIENT,7,2,100000,10,24,0,4021,4029,1124,0,289,809,25018.36800000001,29,False,False
141,25,14.099875398661288,-9.678185204294607,1.0,CLIENT,7,2,100000,12,26,0,3987,3987,1126,0,288,833,27103.23200000001,29,False,False
141,26,-211.65658504384794,-473.88258520451785,1.0,CLIENT,7,2,100000,12,64,0,4040,4048,1082,0,283,774,66715.64800000003,29,False,False
141,27,-248.64895943917008,392.4096547953536,1.0,CLIENT,7,2,100000,12,35,0,4024,4024,1117,0,286,810,36485.12000000002,29,False,False
141,28,-180.12989337529584,99.6380547957591,1.0,CLIENT,7,2,100000,17,55,0,3987,3987,1097,0,280,801,57333.76000000003,29,False,False
141,29,-263.8578157214754,404.43221479584764,1.0,CLIENT,7,2,100000,12,39,0,4023,4023,1113,0,285,809,40654.84800000002,29,False,False

142,0,454.4437924507638,-496.3692252046948,1.0,CLIENT,7,2,100000,13,45,0,3699,3723,1094,0,280,794,46909.440000000024,29,False,False
142,1,-2.6140239533995504,185.3544547952825,1.0,CLIENT,7,2,100000,15,29,0,3644,3644,1124,1,283,832,30230.528000000013,29,False,False
142,2,346.6351809901838,93.18149479544985,1.0,CLIENT,7,2,100000,11,31,0,3715,3715,1122,1,283,831,32315.392000000014,29,False,False
142,3,199.69544971989907,-462.1939852047626,1.0,CLIENT,7,2,100000,12,38,0,3703,3703,1115,1,281,820,39612.41600000002,29,False,False
142,4,236.13333456353186,339.7552947954091,1.0,CLIENT,7,2,100000,16,55,0,3708,3708,1097,2,276,792,57333.76000000003,29,False,False
142,5,-246.51021402422467,183.4620147953146,1.0,CLIENT,7,2,100000,9,28,0,3710,3711,1125,1,284,820,29188.096000000012,29,False,False
142,6,271.93751706141194,80.15705479590338,1.0,CLIENT,7,2,100000,13,37,0,3666,3666,1116,1,282,823,38569.98400000002,29,False,False
142,7,432.3434231654334,-70.68154520451628,1.0,CLIENT,7,2,100000,18,63,0,3673,3673,1090,1,275,794,65673.21600000003,29,False,False
142,8,-482.4059119886459,-111.20202520424783,1.0,CLIENT,7,2,100000,10,35,0,3736,3737,1118,1,283,808,36485.12000000002,29,False,False
142,9,-251.65904557811837,246.91441479568084,1.0,CLIENT,7,2,100000,16,45,0,3701,3702,1107,1,279,813,46909.440000000024,29,False,False
142,10,-429.4917661723282,-220.4069452045826,1.0,CLIENT,7,2,100000,12,44,0,3731,3732,1108,1,280,813,45867.00800000002,29,False,False
142,11,-285.95818500680576,-120.88686520431622,1.0,CLIENT,7,2,100000,14,31,0,3657,3657,1122,1,283,827,32315.392000000014,29,False,False
142,12,291.18622579423226,476.344934795419,1.0,CLIENT,7,2,100000,15,67,0,3734,3738,1086,1,276,768,69842.94400000003,29,False,False
142,13,392.4993882170383,-84.37390520474935,1.0,CLIENT,7,2,100000,17,47,0,3672,3672,1106,1,279,819,48994.304000000026,29,False,False
142,14,-55.76580814909319,153.73957479600477,1.0,CLIENT,7,2,100000,14,33,0,3674,3674,1120,1,282,830,34400.256000000016,29,False,False
142,15,-140.3650712198384,-226.52954520415307,1.0,CLIENT,7,2,100000,9,24,0,3699,3699,1128,2,285,834,25018.36800000001,29,False,False
142,16,262.6696202646284,-465.42226520452175,1.0,CLIENT,7,2,100000,16,54,0,3686,3688,1097,1,277,802,56291.32800000003,29,False,False
142,17,429.7294009917363,-305.2327852047725,1.0,CLIENT,7,2,100000,13,36,0,3692,3696,1114,1,282,815,37527.55200000002,29,False,False
142,18,-491.75302157836717,182.2374947952423,1.0,CLIENT,7,2,100000,15,61,0,3692,3726,1076,0,277,759,63588.352000000035,29,False,False
142,19,-417.6098472018475,-110.08882520468546,1.0,CLIENT,7,2,100000,14,22,0,3669,3670,1131,1,286,839,22933.504000000008,29,False,False
142,20,342.6745413337321,-367.5719852039944,1.0,CLIENT,7,2,100000,10,28,0,3708,3711,1124,1,284,828,29188.096000000012,29,False,False
142,21,-133.39434542387562,271.2934947958257,1.0,CLIENT,7,2,100000,17,45,0,3691,3691,1108,1,279,826,46909.440000000024,29,False,False
142,22,-80.87626357337186,219.64101479572463,1.0,CLIENT,7,2,100000,10,12,0,3668,3668,1141,1,288,839,12509.184000000003,29,False,False
142,23,202.30947189359617,168.87909479574802,1.0,CLIENT,7,2,100000,14,24,0,3667,3667,1128,2,285,838,25018.36800000001,29,False,False
142,24,-101.31316420307135,-331.2816652046564,1.0,CLIENT,7,2,100000,10,24,0,3709,3709,1128,2,285,833,25018.36800000001,29,False,False
142,25,-51.092253353951165,-86.711625204384,1.0,CLIENT,7,2,100000,12,28,0,3669,3669,1125,1,284,837,29188.096000000012,29,False,False
142,26,369.9237421729563,-489.80134520466663,1.0,CLIENT,7,2,100000,12,44,0,3703,3715,1104,1,280,811,45867.00800000002,29,False,False
142,27,77.23247152926598,-476.7769052043292,1.0,CLIENT,7,2,100000,12,36,0,3700,3702,1116,1,282,814,37527.55200000002,29,False,False
142,28,212.68634779432125,167.65457479567573,1.0,CLIENT,7,2,100000,17,57,0,3666,3666,1095,2,276,808,59418.62400000003,29,False,False
142,29,-186.3877040331311,-98.62286520436811,1.0,CLIENT,7,2,100000,12,32,0,3673,3673,1121,1,283,833,33357.824000000015,29,False,False

143,0,434.56138137331646,-331.2816652046564,1.0,CLIENT,7,2,100000,13,54,0,3726,3757,1115,4,285,796,56291.32800000003,29,False,False
143,1,-318.2770046069859,276.5255347952717,1.0,CLIENT,7,2,100000,15,39,0,3718,3719,1141,5,286,839,40654.84800000002,29,False,False
143,2,-111.05633775916941,212.6278547952387,1.0,CLIENT,7,2,100000,11,22,0,3700,3700,1160,5,291,863,22933.504000000008,29,False,False
143,3,-10.297664888052696,376.8248547959436,1.0,CLIENT,7,2,100000,12,38,0,3717,3717,1144,4,287,839,39612.41600000002,29,False,False
143,4,-293.32497476858254,-445.4959852042083,1.0,CLIENT,7,2,100000,16,57,0,3723,3740,1121,4,282,803,59418.62400000003,29,False,False
143,5,-404.7773747133007,60.676054795256675,1.0,CLIENT,7,2,100000,9,28,0,3745,3745,1154,4,290,849,29188.096000000012,29,False,False
143,6,226.70701217974732,37.52149479597506,1.0,CLIENT,7,2,100000,13,36,0,3693,3693,1145,5,288,849,37527.55200000002,29,False,False
143,7,225.04354352411642,-202.92970520441372,1.0,CLIENT,7,2,100000,18,62,0,3698,3698,1118,6,281,830,64630.784000000036,29,False,False
143,8,-436.7793431411673,-400.7453452040832,1.0,CLIENT,7,2,100000,10,38,0,3706,3765,1118,4,289,794,39612.41600000002,29,False,False
143,9,418.48118436644546,384.1719747955864,1.0,CLIENT,7,2,100000,16,44,0,3668,3722,1113,3,285,794,45867.00800000002,29,False,False
143,10,8.396554292515388,422.57737479591214,1.0,CLIENT,7,2,100000,12,35,0,3697,3698,1146,4,288,842,36485.12000000002,29,False,False
143,11,278.1953277192472,38.078094795360755,1.0,CLIENT,7,2,100000,14,28,0,3661,3661,1153,5,290,857,29188.096000000012,29,False,False
143,12,462.1274333848541,274.18781479563705,1.0,CLIENT,7,2,100000,15,49,0,3697,3721,1120,4,285,811,51079.16800000003,29,False,False
143,13,-170.06986864632142,488.70145479586085,1.0,CLIENT,7,2,100000,17,49,0,3684,3701,1122,4,284,828,51079.16800000003,29,False,False
143,14,203.26002541109955,447.2904147960048,1.0,CLIENT,7,2,100000,14,42,0,3722,3736,1132,5,286,837,43782.14400000002,29,False,False
143,15,-44.200740350926054,153.07165479531818,1.0,CLIENT,7,2,100000,9,18,0,3697,3697,1162,6,292,857,18763.776000000005,29,False,False
143,16,-408.6588015773775,376.60221479571476,1.0,CLIENT,7,2,100000,15,60,0,3701,3730,1094,4,282,796,62545.920000000035,29,False,False
143,17,14.495939363912465,-466.98074520454185,1.0,CLIENT,7,2,100000,13,37,0,3724,3727,1142,5,288,841,38569.98400000002,29,False,False
143,18,-274.3931172086386,216.4127347959655,1.0,CLIENT,7,2,100000,15,46,0,3695,3696,1135,4,285,841,47951.872000000025,29,False,False
143,19,-362.8738071434607,-404.530225204019,1.0,CLIENT,7,2,100000,14,36,0,3721,3744,1137,6,288,831,37527.55200000002,29,False,False
143,20,-180.44674454760934,-345.3079852040463,1.0,CLIENT,7,2,100000,10,24,0,3725,3725,1157,5,291,853,25018.36800000001,29,False,False
143,21,-155.33628912276785,-279.9631452045031,1.0,CLIENT,7,2,100000,17,34,0,3671,3671,1146,6,288,856,35442.68800000002,29,False,False
143,22,-423.7092322732446,-414.99430520449295,1.0,CLIENT,7,2,100000,10,33,0,3728,3773,1128,6,289,819,34400.256000000016,29,False,False
143,23,-149.6329680171848,-261.9293052041576,1.0,CLIENT,7,2,100000,14,28,0,3711,3711,1152,6,290,853,29188.096000000012,29,False,False
143,24,173.07995122586482,128.02465479527768,1.0,CLIENT,7,2,100000,10,20,0,3719,3719,1160,6,292,861,20848.640000000007,29,False,False
143,25,141.31562117737406,426.36225479584795,1.0,CLIENT,7,2,100000,12,27,0,3709,3714,1153,4,290,851,28145.66400000001,29,False,False
143,26,397.64821977093203,252.1464547959178,1.0,CLIENT,7,2,100000,12,44,0,3754,3760,1134,5,286,824,45867.00800000002,29,False,False
143,27,-478.92054909038313,404.5435347955666,1.0,CLIENT,7,2,100000,13,46,0,3671,3726,1083,3,284,769,47951.872000000025,29,False,False
143,28,448.18598179292854,-465.1996252042929,1.0,CLIENT,7,2,100000,17,78,0,3639,3749,1054,4,280,730,81309.69600000004,29,False,False
143,29,20.27847326299603,-178.32798520403998,1.0,CLIENT,7,2,100000,12,35,0,3704,3704,1146,5,288,850,36485.12000000002,29,False,False

144,0,151.13800752640978,24.1630947956898,1.0,CLIENT,7,2,100000,13,28,0,3717,3717,1115,2,283,825,29188.096000000012,29,False,False
144,1,-198.58647417592525,-419.5584252040433,1.0,CLIENT,7,2,100000,15,40,0,3761,3764,1102,1,279,812,41697.28000000002,29,False,False
144,2,-356.2991453133119,-98.84550520459698,1.0,CLIENT,7,2,100000,11,24,0,3757,3757,1120,1,284,831,25018.36800000001,29,False,False
144,3,159.61377639212813,333.63269479583863,1.0,CLIENT,7,2,100000,12,38,0,3783,3784,1105,1,280,804,39612.41600000002,29,False,False
144,4,-392.499391777006,225.98625479552396,1.0,CLIENT,7,2,100000,16,43,0,3751,3751,1100,2,278,802,44824.57600000002,29,False,False
144,5,234.94514266608982,-40.06854520429101,1.0,CLIENT,7,2,100000,9,24,0,3778,3778,1119,2,284,834,25018.36800000001,29,False,False
144,6,143.45436659231947,-47.52698520444369,1.0,CLIENT,7,2,100000,13,32,0,3730,3730,1111,2,282,827,33357.824000000015,29,False,False
144,7,-421.8873380311755,-0.10466520473613627,1.0,CLIENT,7,2,100000,18,57,0,3734,3735,1086,2,275,806,59418.62400000003,29,False,False
144,8,-129.59213135329932,-288.9800652046759,1.0,CLIENT,7,2,100000,10,24,0,3788,3788,1120,1,284,831,25018.36800000001,29,False,False
144,9,217.2806897965256,-421.56218520452114,1.0,CLIENT,7,2,100000,16,61,0,3807,3815,1083,0,275,765,63588.352000000035,29,False,False
144,10,-140.60270959921425,-268.49718520418577,1.0,CLIENT,7,2,100000,12,44,0,3767,3767,1100,1,279,810,45867.00800000002,29,False,False
144,11,415.3126726404962,409.3302947953458,1.0,CLIENT,7,2,100000,14,63,0,3767,3798,1059,1,277,744,65673.21600000003,29,False,False
144,12,-325.8022199552008,430.8150547956794,1.0,CLIENT,7,2,100000,15,45,0,3769,3769,1098,2,278,795,46909.440000000024,29,False,False
144,13,-80.48019960812069,179.12053479599308,1.0,CLIENT,7,2,100000,17,39,0,3719,3719,1104,2,280,814,40654.84800000002,29,False,False
144,14,-305.04846815318786,-268.9424652046435,1.0,CLIENT,7,2,100000,14,37,0,3771,3772,1107,1,280,804,38569.98400000002,29,False,False
144,15,-277.32399055521205,-441.1545052040958,1.0,CLIENT,7,2,100000,9,28,0,3805,3811,1113,1,283,813,29188.096000000012,29,False,False
144,16,-458.3252228748083,-454.2902652041522,1.0,CLIENT,7,2,100000,15,61,0,3766,3815,1059,1,275,754,63588.352000000035,29,False,False
144,17,-34.85363076064201,294.0027747954406,1.0,CLIENT,7,2,100000,13,26,0,3750,3750,1118,1,283,832,27103.23200000001,29,False,False
144,18,410.55990505241647,87.50417479554613,1.0,CLIENT,7,2,100000,15,61,0,3779,3780,1083,0,276,794,63588.352000000035,29,False,False
144,19,-247.46076754229088,486.9203347956119,1.0,CLIENT,7,2,100000,14,37,0,3800,3803,1105,2,280,802,38569.98400000002,29,False,False
144,20,186.46691326610105,389.40401479582334,1.0,CLIENT,7,2,100000,10,28,0,3797,3798,1116,1,283,822,29188.096000000012,29,False,False
144,21,-202.38868824650157,206.28261479543937,1.0,CLIENT,7,2,100000,17,35,0,3728,3728,1108,2,280,820,36485.12000000002,29,False,False
144,22,61.627551281146694,251.70117479546008,1.0,CLIENT,7,2,100000,10,22,0,3767,3767,1122,1,284,823,22933.504000000008,29,False,False
144,23,-183.37761789361997,-189.79394520435733,1.0,CLIENT,7,2,100000,14,22,0,3737,3737,1122,1,284,832,22933.504000000008,29,False,False
144,24,329.60443046580946,278.9745747954163,1.0,CLIENT,7,2,100000,10,28,0,3793,3799,1111,1,283,811,29188.096000000012,29,False,False
144,25,-21.941945479157496,355.34009479561007,1.0,CLIENT,7,2,100000,12,28,0,3770,3770,1116,1,283,829,29188.096000000012,29,False,False
144,26,-201.9926242812504,-59.54954520414674,1.0,CLIENT,7,2,100000,12,36,0,3736,3736,1107,2,281,822,37527.55200000002,29,False,False
144,27,-438.2051734174224,355.56273479583894,1.0,CLIENT,7,2,100000,12,46,0,3811,3812,1096,2,280,793,47951.872000000025,29,False,False
144,28,-194.5466217259731,16.48201479530826,1.0,CLIENT,7,2,100000,17,48,0,3712,3712,1095,2,277,809,50036.736000000026,29,False,False
144,29,224.3306283859889,-185.3411452045259,1.0,CLIENT,7,2,100000,12,41,0,3775,3775,1103,1,280,814,42739.71200000002,29,False,False

145,0,-51.96359407851687,-151.05458520408376,1.0,CLIENT,7,2,100000,13,28,0,3632,3632,1132,0,289,843,29188.096000000012,29,False,False
145,1,-292.6912724239555,-489.9126652043856,1.0,CLIENT,7,2,100000,15,47,0,3702,3714,1106,0,284,796,48994.304000000026,29,False,False
145,2,322.4752790834085,-249.127505204049,1.0,CLIENT,7,2,100000,11,24,0,3685,3686,1136,0,290,834,25018.36800000001,29,False,False
145,3,-132.36457911287175,426.02829479590014,1.0,CLIENT,7,2,100000,12,45,0,3760,3761,1115,0,284,806,46909.440000000024,29,False,False
145,4,401.5296466350088,56.111934795706304,1.0,CLIENT,7,2,100000,16,51,0,3703,3703,1109,0,281,799,53164.03200000003,29,False,False
145,5,121.19557172055092,57.44777479549754,1.0,CLIENT,7,2,100000,9,20,0,3687,3687,1140,0,291,846,20848.640000000007,29,False,False
145,6,322.23764070403263,-276.95750520418187,1.0,CLIENT,7,2,100000,13,36,0,3672,3672,1124,0,287,834,37527.55200000002,29,False,False
145,7,-32.160395794007236,474.7864547953989,1.0,CLIENT,7,2,100000,18,69,0,3739,3740,1091,0,278,785,71927.80800000003,29,False,False
145,8,-105.19459106658533,-178.55062520426884,1.0,CLIENT,7,2,100000,10,22,0,3673,3673,1138,0,290,843,22933.504000000008,29,False,False
145,9,23.36777219544482,-390.3925852041192,1.0,CLIENT,7,2,100000,16,38,0,3655,3655,1122,0,286,820,39612.41600000002,29,False,False
145,10,252.92644670853036,-171.09218520411616,1.0,CLIENT,7,2,100000,12,33,0,3658,3658,1127,0,287,833,34400.256000000016,29,False,False
145,11,-469.65265229303685,-242.11434520435404,1.0,CLIENT,7,2,100000,14,50,0,3673,3678,1108,0,286,802,52121.60000000003,29,False,False
145,12,-144.16728529041472,73.25521479592737,1.0,CLIENT,7,2,100000,15,40,0,3649,3649,1120,0,286,829,41697.28000000002,29,False,False
145,13,-158.34637526227897,-51.97978520427512,1.0,CLIENT,7,2,100000,17,40,0,3646,3646,1120,0,285,828,41697.28000000002,29,False,False
145,14,279.3835196166893,-452.84310520464203,1.0,CLIENT,7,2,100000,14,38,0,3688,3701,1114,0,285,810,39612.41600000002,29,False,False
145,15,-286.82952573137146,209.1769347952507,1.0,CLIENT,7,2,100000,9,24,0,3710,3710,1136,0,290,829,25018.36800000001,29,False,False
145,16,98.06543612421665,-485.3485452040442,1.0,CLIENT,7,2,100000,15,55,0,3695,3699,1102,0,282,805,57333.76000000003,29,False,False
145,17,-351.7048033111076,-265.8255052046033,1.0,CLIENT,7,2,100000,13,30,0,3683,3683,1130,0,288,827,31272.960000000014,29,False,False
145,18,-476.4649525031242,-253.13502520421366,1.0,CLIENT,7,2,100000,15,53,0,3724,3733,1105,0,282,798,55248.89600000003,29,False,False
145,19,-189.55621575851757,-61.441985204114644,1.0,CLIENT,7,2,100000,14,20,0,3657,3657,1140,0,291,845,20848.640000000007,29,False,False
145,20,-241.20295688445563,51.881774795312765,1.0,CLIENT,7,2,100000,10,24,0,3703,3703,1136,0,290,846,25018.36800000001,29,False,False
145,21,302.11759124720953,-32.38746520470045,1.0,CLIENT,7,2,100000,17,45,0,3678,3678,1115,0,284,815,46909.440000000024,29,False,False
145,22,-448.97811328452434,-107.41714520431202,1.0,CLIENT,7,2,100000,10,25,0,3706,3706,1135,0,290,829,26060.80000000001,29,False,False
145,23,496.1097216412279,-78.80790520456458,1.0,CLIENT,7,2,100000,14,41,0,3716,3722,1115,0,285,811,42739.71200000002,29,False,False
145,24,451.43370631125265,388.6247747954178,1.0,CLIENT,7,2,100000,10,39,0,3671,3751,1090,0,287,744,40654.84800000002,29,False,False
145,25,-33.58622607026229,-447.722385204124,1.0,CLIENT,7,2,100000,12,27,0,3699,3699,1133,0,289,829,28145.66400000001,29,False,False
145,26,271.4622403026603,-37.730825204656355,1.0,CLIENT,7,2,100000,12,40,0,3671,3671,1120,0,286,823,41697.28000000002,29,False,False
145,27,-425.1350625500625,-389.1680652040469,1.0,CLIENT,7,2,100000,13,40,0,3691,3706,1108,0,286,809,41697.28000000002,29,False,False
145,28,302.5928680059612,103.86821479536167,1.0,CLIENT,7,2,100000,17,56,0,3682,3682,1104,0,281,811,58376.19200000003,29,False,False
145,29,-453.88930645904213,453.52433479529424,1.0,CLIENT,7,2,100000,12,61,0,3703,3745,1087,0,283,746,63588.352000000035,29,False,False

146,0,145.5931120072649,-36.95158520425082,1.0,CLIENT,7,2,100000,13,32,0,3746,3746,1093,1,279,809,33357.824000000015,29,False,False
146,1,-157.3166089512751,461.2054147956758,1.0,CLIENT,7,2,100000,15,45,0,3811,3814,1078,1,275,790,46909.440000000024,29,False,False
146,2,-371.03272483686544,84.83249479596367,1.0,CLIENT,7,2,100000,11,28,0,3796,3796,1097,1,280,807,29188.096000000012,29,False,False
146,3,339.8228807806592,209.06561479553176,1.0,CLIENT,7,2,100000,13,48,0,3807,3807,1076,2,276,772,50036.736000000026,29,False,False
146,4,-373.8843853899385,171.43945479561154,1.0,CLIENT,7,2,100000,16,53,0,3790,3790,1072,1,273,781,55248.89600000003,29,False,False
146,5,205.31955803254445,482.5788547954994,1.0,CLIENT,7,2,100000,9,32,0,3849,3854,1092,1,279,796,33357.824000000015,29,False,False
146,6,122.14612523805428,-438.2601852042845,1.0,CLIENT,7,2,100000,13,37,0,3784,3784,1089,1,278,802,38569.98400000002,29,False,False
146,7,-180.28831896117117,-405.0868252041957,1.0,CLIENT,7,2,100000,18,64,0,3769,3770,1060,1,271,769,66715.64800000003,29,False,False
146,8,-111.8484656902346,-471.7675052043211,1.0,CLIENT,7,2,100000,10,25,0,3816,3816,1100,1,281,810,26060.80000000001,29,False,False
146,9,-378.47872739158,166.3187347958845,1.0,CLIENT,7,2,100000,16,53,0,3810,3810,1072,1,273,787,55248.89600000003,29,False,False
146,10,395.90553832180063,-421.6735052042401,1.0,CLIENT,7,2,100000,12,47,0,3831,3843,1073,0,275,752,48994.304000000026,29,False,False
146,11,333.01058057057173,289.21601479566135,1.0,CLIENT,7,2,100000,14,51,0,3815,3815,1073,2,274,784,53164.03200000003,29,False,False
146,12,-115.41304138143508,-247.6803452045388,1.0,CLIENT,7,2,100000,15,39,0,3752,3752,1085,2,277,805,40654.84800000002,29,False,False
146,13,-144.08807249747707,-6.338585204025549,1.0,CLIENT,7,2,100000,17,36,0,3729,3729,1089,1,278,808,37527.55200000002,29,False,False
146,14,282.6312441350134,166.6526947958323,1.0,CLIENT,7,2,100000,14,37,0,3790,3790,1087,2,277,793,38569.98400000002,29,False,False
146,15,-319.0691325386139,-342.7476252041828,1.0,CLIENT,7,2,100000,9,27,0,3792,3792,1097,2,281,806,28145.66400000001,29,False,False
146,16,114.22484592458814,-238.99738520431384,1.0,CLIENT,7,2,100000,15,48,0,3756,3756,1077,1,275,795,50036.736000000026,29,False,False
146,17,-88.0054149557728,-328.9439452042308,1.0,CLIENT,7,2,100000,13,24,0,3758,3758,1101,1,281,806,25018.36800000001,29,False,False
146,18,286.9879477578419,142.16229479596848,1.0,CLIENT,7,2,100000,15,54,0,3802,3802,1070,2,273,782,56291.32800000003,29,False,False
146,19,286.5918837920279,31.17625479538475,1.0,CLIENT,7,2,100000,14,22,0,3772,3772,1103,1,281,814,22933.504000000008,29,False,False
146,20,143.2959410058813,256.2652947958014,1.0,CLIENT,7,2,100000,10,25,0,3802,3802,1099,2,280,813,26060.80000000001,29,False,False
146,21,-390.91513591431277,356.7872547959112,1.0,CLIENT,7,2,100000,18,54,0,3806,3809,1070,0,273,774,56291.32800000003,29,False,False
146,22,-198.3488357965494,196.3751347959331,1.0,CLIENT,7,2,100000,10,24,0,3793,3793,1101,1,281,820,25018.36800000001,29,False,False
146,23,-17.189177891077808,-310.7987852041663,1.0,CLIENT,7,2,100000,14,20,0,3756,3756,1105,1,282,814,20848.640000000007,29,False,False
146,24,123.33431713549633,-415.4395852041597,1.0,CLIENT,7,2,100000,10,20,0,3777,3777,1105,1,282,815,20848.640000000007,29,False,False
146,25,-35.72497148520772,226.54285479570063,1.0,CLIENT,7,2,100000,12,27,0,3759,3759,1097,2,280,816,28145.66400000001,29,False,False
146,26,-116.6804460718148,-318.4798652045478,1.0,CLIENT,7,2,100000,12,44,0,3791,3791,1080,2,276,793,45867.00800000002,29,False,False
146,27,8.317341499577722,-296.99510520421427,1.0,CLIENT,7,2,100000,12,32,0,3782,3782,1093,1,279,810,33357.824000000015,29,False,False
146,28,-242.0742976084585,-66.00610520445599,1.0,CLIENT,7,2,100000,17,51,0,3743,3743,1074,1,273,794,53164.03200000003,29,False,False
146,29,-237.3215300203788,-223.8578652045706,1.0,CLIENT,7,2,100000,12,28,0,3755,3755,1096,2,280,815,29188.096000000012,29,False,False

147,0,-270.35326475868646,-218.73714520405258,1.0,CLIENT,7,2,100000,13,36,0,3827,3827,1137,7,289,842,37527.55200000002,29,False,False
147,1,391.94489866534894,-423.78858520443686,1.0,CLIENT,7,2,100000,15,63,0,3792,3874,1065,2,284,754,65673.21600000003,29,False,False
147,2,499.2782333666145,-293.4328652045073,1.0,CLIENT,7,2,100000,11,41,0,3806,3888,1094,1,288,770,42739.71200000002,29,False,False
147,3,65.66740373109886,96.07581479526118,1.0,CLIENT,7,2,100000,12,37,0,3830,3830,1135,8,288,837,38569.98400000002,29,False,False
147,4,-452.3050505963489,-140.47918520468187,1.0,CLIENT,7,2,100000,16,49,0,3853,3861,1122,4,284,804,51079.16800000003,29,False,False
147,5,59.013529107449585,377.6040947955582,1.0,CLIENT,7,2,100000,9,20,0,3846,3846,1154,6,293,850,20848.640000000007,29,False,False
147,6,-458.56286125418416,110.88137479584759,1.0,CLIENT,7,2,100000,13,33,0,3833,3836,1142,4,289,836,34400.256000000016,29,False,False
147,7,-400.9751606427244,480.79773479525045,1.0,CLIENT,7,2,100000,18,68,0,3794,3855,1081,3,280,780,70885.37600000003,29,False,False
147,8,-494.44625654556484,476.0109747954712,1.0,CLIENT,7,2,100000,10,44,0,3749,3874,1071,0,287,727,45867.00800000002,29,False,False
147,9,92.36211501863359,-448.83558520447735,1.0,CLIENT,7,2,100000,16,46,0,3854,3861,1126,4,286,827,47951.872000000025,29,False,False
147,10,206.9038138958005,211.62597479539528,1.0,CLIENT,7,2,100000,12,40,0,3847,3847,1132,8,287,831,41697.28000000002,29,False,False
147,11,-370.6366608710515,88.61737479589948,1.0,CLIENT,7,2,100000,14,36,0,3830,3830,1140,4,289,843,37527.55200000002,29,False,False
147,12,356.932844098534,101.53049479572701,1.0,CLIENT,7,2,100000,15,40,0,3835,3835,1136,4,287,840,41697.28000000002,29,False,False
147,13,-100.60024906494382,73.25521479592737,1.0,CLIENT,7,2,100000,17,38,0,3794,3794,1135,7,288,841,39612.41600000002,29,False,False
147,14,402.48020015251217,345.4326147953128,1.0,CLIENT,7,2,100000,14,45,0,3891,3897,1128,6,286,809,46909.440000000024,29,False,False
147,15,-131.49323838830605,488.1448547956842,1.0,CLIENT,7,2,100000,9,27,0,3860,3869,1144,4,292,839,28145.66400000001,29,False,False
147,16,137.43419431386008,-285.417825204178,1.0,CLIENT,7,2,100000,15,44,0,3812,3813,1131,4,286,830,45867.00800000002,29,False,False
147,17,444.4629805152898,448.62625479579606,1.0,CLIENT,7,2,100000,14,60,0,3861,3884,1104,8,286,734,62545.920000000035,29,False,False
147,18,-190.6651948624591,-66.67402520435161,1.0,CLIENT,7,2,100000,15,44,0,3819,3819,1128,8,286,828,45867.00800000002,29,False,False
147,19,-408.1835248186258,-148.3829052045013,1.0,CLIENT,7,2,100000,14,26,0,3842,3845,1145,6,291,835,27103.23200000001,29,False,False
147,20,-48.7158695596299,355.34009479561007,1.0,CLIENT,7,2,100000,10,24,0,3859,3859,1152,4,292,851,25018.36800000001,29,False,False
147,21,-134.42411173487952,152.8490147958803,1.0,CLIENT,7,2,100000,17,32,0,3804,3804,1144,4,289,849,33357.824000000015,29,False,False
147,22,492.0698691912758,-202.92970520441372,1.0,CLIENT,7,2,100000,10,29,0,3828,3874,1125,4,291,814,30230.528000000013,29,False,False
147,23,-35.09126914001786,-416.3301452042842,1.0,CLIENT,7,2,100000,14,38,0,3864,3868,1136,4,289,825,39612.41600000002,29,False,False
147,24,350.83345902657413,-184.67322520463028,1.0,CLIENT,7,2,100000,10,24,0,3861,3866,1150,4,292,850,25018.36800000001,29,False,False
147,25,-497.45634268451306,-131.57358520422804,1.0,CLIENT,7,2,100000,12,26,0,3847,3855,1144,5,291,822,27103.23200000001,29,False,False
147,26,-11.40664399199424,408.3284147955024,1.0,CLIENT,7,2,100000,12,44,0,3851,3851,1132,4,287,832,45867.00800000002,29,False,False
147,27,84.20319732522876,96.74373479594777,1.0,CLIENT,7,2,100000,13,30,0,3828,3828,1142,8,290,835,31272.960000000014,29,False,False
147,28,181.71414567802134,-330.9477052047086,1.0,CLIENT,7,2,100000,17,52,0,3821,3824,1122,4,283,820,54206.46400000003,29,False,False
147,29,-452.2258378028484,-31.830865204523775,1.0,CLIENT,7,2,100000,12,44,0,3878,3880,1131,4,287,834,45867.00800000002,29,False,False

148,0,221.7166062122918,-176.99214520424874,1.0,CLIENT,7,2,100000,13,41,0,3804,3804,1121,0,289,825,42739.71200000002,29,False,False
148,1,305.9990181107235,-408.3151052047458,1.0,CLIENT,7,2,100000,15,37,0,3753,3780,1115,0,289,807,38569.98400000002,29,False,False
148,2,-386.95449625729833,261.94261479570514,1.0,CLIENT,7,2,100000,11,29,0,3821,3823,1133,0,291,820,30230.528000000013,29,False,False
148,3,207.14145227517636,28.727214795240172,1.0,CLIENT,7,2,100000,12,39,0,3771,3771,1123,0,289,830,40654.84800000002,29,False,False
148,4,-183.773681859434,-414.5490252040352,1.0,CLIENT,7,2,100000,16,62,0,3842,3843,1100,0,284,771,64630.784000000036,29,False,False
148,5,207.37909065455221,165.76213479570782,1.0,CLIENT,7,2,100000,9,20,0,3787,3787,1142,0,294,840,20848.640000000007,29,False,False
148,6,130.93874527664897,289.21601479566135,1.0,CLIENT,7,2,100000,13,36,0,3790,3790,1126,0,290,828,37527.55200000002,29,False,False
148,7,-384.41968687710164,433.93201479571957,1.0,CLIENT,7,2,100000,18,66,0,3801,3827,1088,0,282,780,68800.51200000003,29,False,False
148,8,-410.0054190606949,494.8240547954313,1.0,CLIENT,7,2,100000,10,26,0,3778,3844,1113,0,292,798,27103.23200000001,29,False,False
148,9,47.60688689572063,-314.80630520433095,1.0,CLIENT,7,2,100000,16,47,0,3790,3790,1115,0,287,826,48994.304000000026,29,False,False
148,10,459.51341121171976,-201.81650520406038,1.0,CLIENT,7,2,100000,12,44,0,3817,3831,1111,0,288,801,45867.00800000002,29,False,False
148,11,-42.53727169473232,389.2926947953134,1.0,CLIENT,7,2,100000,14,36,0,3787,3787,1126,0,290,832,37527.55200000002,29,False,False
148,12,395.66789994242475,341.7590547958869,1.0,CLIENT,7,2,100000,15,61,0,3845,3848,1099,0,284,788,63588.352000000035,29,False,False
148,13,-280.41328948709804,-496.8145052043616,1.0,CLIENT,7,2,100000,17,61,0,3840,3848,1096,0,284,789,63588.352000000035,29,False,False
148,14,-64.40000260068686,425.47169479572347,1.0,CLIENT,7,2,100000,14,35,0,3802,3802,1127,0,289,820,36485.12000000002,29,False,False
148,15,-418.9564646851649,221.19949479574473,1.0,CLIENT,7,2,100000,9,27,0,3831,3833,1134,0,292,819,28145.66400000001,29,False,False
148,16,410.40147946597835,-166.5280652045658,1.0,CLIENT,7,2,100000,15,55,0,3807,3810,1107,0,285,799,57333.76000000003,29,False,False
148,17,-29.784011999685976,121.2341347958116,1.0,CLIENT,7,2,100000,13,21,0,3765,3765,1141,0,293,842,21891.072000000007,29,False,False
148,18,171.4956953631716,350.4420147953209,1.0,CLIENT,7,2,100000,15,45,0,3780,3780,1117,0,287,822,46909.440000000024,29,False,False
148,19,-268.9274344824314,-329.3892252046885,1.0,CLIENT,7,2,100000,14,35,0,3825,3825,1127,0,290,824,36485.12000000002,29,False,False
148,20,-157.55424733065092,-393.1755852042116,1.0,CLIENT,7,2,100000,10,31,0,3847,3847,1131,0,292,829,32315.392000000014,29,False,False
148,21,-191.9325995528388,133.59065479546246,1.0,CLIENT,7,2,100000,17,38,0,3769,3769,1124,0,288,825,39612.41600000002,29,False,False
148,22,9.5847461893946,-286.8649852044791,1.0,CLIENT,7,2,100000,10,21,0,3801,3801,1141,0,293,844,21891.072000000007,29,False,False
148,23,-10.297664888052696,86.39097479598377,1.0,CLIENT,7,2,100000,14,20,0,3761,3761,1142,0,294,843,20848.640000000007,29,False,False
148,24,-365.4878293171578,-89.38330520475745,1.0,CLIENT,7,2,100000,10,28,0,3830,3830,1134,0,292,833,29188.096000000012,29,False,False
148,25,391.54883469953495,204.5014947959814,1.0,CLIENT,7,2,100000,12,27,0,3786,3786,1135,0,292,833,28145.66400000001,29,False,False
148,26,367.0720816198833,28.059294795344556,1.0,CLIENT,7,2,100000,12,43,0,3804,3804,1120,0,288,828,44824.57600000002,29,False,False
148,27,425.4519101624083,-322.1534252047647,1.0,CLIENT,7,2,100000,13,39,0,3817,3835,1117,0,289,801,40654.84800000002,29,False,False
148,28,-376.5776203565732,39.97053479532866,1.0,CLIENT,7,2,100000,17,57,0,3814,3815,1105,0,284,816,59418.62400000003,29,False,False
148,29,-185.9124272743794,410.44349479569917,1.0,CLIENT,7,2,100000,12,36,0,3785,3787,1124,0,290,813,37527.55200000002,29,False,False

149,0,263.38253540275593,-73.57586520432761,1.0,CLIENT,7,2,100000,13,32,0,3794,3794,1119,3,282,824,33357.824000000015,29,False,False
149,1,431.23444406149184,399.3114947953296,1.0,CLIENT,7,2,100000,15,49,0,3832,3858,1084,2,278,782,51079.16800000003,29,False,False
149,2,358.51709996122725,277.750054795344,1.0,CLIENT,7,2,100000,11,31,0,3844,3853,1112,3,282,817,32315.392000000014,29,False,False
149,3,281.20541385875833,-270.7235852041015,1.0,CLIENT,7,2,100000,12,40,0,3836,3836,1108,6,280,823,41697.28000000002,29,False,False
149,4,219.1817968320952,100.19465479593578,1.0,CLIENT,7,2,100000,16,35,0,3777,3777,1116,3,281,826,36485.12000000002,29,False,False
149,5,54.33997431230757,-417.6659852040754,1.0,CLIENT,7,2,100000,9,28,0,3849,3849,1123,3,283,832,29188.096000000012,29,False,False
149,6,425.4519101624083,-270.27830520443473,1.0,CLIENT,7,2,100000,13,41,0,3841,3841,1108,5,279,823,42739.71200000002,29,False,False
149,7,-377.76581225345245,-497.03714520459044,1.0,CLIENT,7,2,100000,18,71,0,3784,3860,1041,0,273,714,74012.67200000004,29,False,False
149,8,240.33161259935935,-153.3923052045094,1.0,CLIENT,7,2,100000,10,21,0,3820,3820,1127,6,284,831,21891.072000000007,29,False,False
149,9,100.36260712560025,-17.24794520416623,1.0,CLIENT,7,2,100000,16,36,0,3785,3785,1112,6,281,823,37527.55200000002,29,False,False
149,10,-307.26642636107096,-297.3290652041621,1.0,CLIENT,7,2,100000,12,44,0,3850,3856,1103,3,279,808,45867.00800000002,29,False,False
149,11,409.68856432785077,-162.63186520412006,1.0,CLIENT,7,2,100000,14,35,0,3803,3803,1116,3,281,828,36485.12000000002,29,False,False
149,12,365.883889723004,-37.730825204656355,1.0,CLIENT,7,2,100000,15,40,0,3794,3794,1111,3,280,816,41697.28000000002,29,False,False
149,13,444.4629805152898,-305.67806520443924,1.0,CLIENT,7,2,100000,17,54,0,3831,3833,1093,6,276,813,56291.32800000003,29,False,False
149,14,248.64895587920236,-42.40626520471665,1.0,CLIENT,7,2,100000,14,35,0,3811,3811,1116,3,281,828,36485.12000000002,29,False,False
149,15,-339.66445875418873,-319.3704252046723,1.0,CLIENT,7,2,100000,9,28,0,3862,3871,1121,1,283,819,29188.096000000012,29,False,False
149,16,458.16679372840247,96.63241479543785,1.0,CLIENT,7,2,100000,15,52,0,3819,3819,1099,3,276,812,54206.46400000003,29,False,False
149,17,-87.21328702470761,446.62249479531823,1.0,CLIENT,7,2,100000,13,45,0,3862,3862,1106,3,280,792,46909.440000000024,29,False,False
149,18,-120.6410857288293,360.01553479567036,1.0,CLIENT,7,2,100000,15,52,0,3874,3875,1099,3,276,802,54206.46400000003,29,False,False
149,19,-234.3906566743682,229.8824547959697,1.0,CLIENT,7,2,100000,14,27,0,3831,3831,1121,6,283,832,28145.66400000001,29,False,False
149,20,-135.7707292181969,61.45529479566221,1.0,CLIENT,7,2,100000,10,20,0,3794,3794,1130,4,285,840,20848.640000000007,29,False,False
149,21,-26.77392586073769,-124.44910520402317,1.0,CLIENT,7,2,100000,17,39,0,3795,3795,1111,4,280,826,40654.84800000002,29,False,False
149,22,-256.8870899255126,333.2987347958908,1.0,CLIENT,7,2,100000,10,28,0,3868,3869,1120,6,283,813,29188.096000000012,29,False,False
149,23,483.8317387049333,435.15653479579186,1.0,CLIENT,7,2,100000,14,55,0,3788,3861,1049,0,279,734,57333.76000000003,29,False,False
149,24,254.5107025712236,194.03741479550746,1.0,CLIENT,7,2,100000,10,12,0,3805,3806,1138,3,287,846,12509.184000000003,29,False,False
149,25,-474.3262070881788,31.064934795665806,1.0,CLIENT,7,2,100000,12,39,0,3866,3873,1110,3,281,798,40654.84800000002,29,False,False
149,26,-4.83198216128264,-37.28554520419863,1.0,CLIENT,7,2,100000,12,32,0,3772,3772,1116,6,282,830,33357.824000000015,29,False,False
149,27,153.5936041136687,-249.79542520473558,1.0,CLIENT,7,2,100000,12,32,0,3817,3817,1117,5,282,830,33357.824000000015,29,False,False
149,28,-158.02952408940263,280.3104147959985,1.0,CLIENT,7,2,100000,17,55,0,3830,3830,1094,5,275,809,57333.76000000003,29,False,False
149,29,-440.66077000468124,-141.59238520424424,1.0,CLIENT,7,2,100000,12,47,0,3858,3866,1101,3,278,809,48994.304000000026,29,False,False

150,0,-366.20074445528536,-392.8416252042638,1.0,CLIENT,7,2,100000,13,46,0,3703,3721,1103,1,284,782,47951.872000000025,29,False,False
150,1,-416.3424425114678,414.5623347955828,1.0,CLIENT,7,2,100000,15,42,0,3597,3652,1082,1,284,779,43782.14400000002,29,False,False
150,2,-46.73554973112265,-6.1159452045876606,1.0,CLIENT,7,2,100000,11,19,0,3629,3629,1139,1,290,846,19806.208000000006,29,False,False
150,3,-347.1896741024037,222.3126947953071,1.0,CLIENT,7,2,100000,12,38,0,3687,3691,1116,1,285,820,39612.41600000002,29,False,False
150,4,-183.06076672130646,126.91145479571531,1.0,CLIENT,7,2,100000,16,38,0,3650,3650,1120,1,284,831,39612.41600000002,29,False,False
150,5,432.18499757899525,439.83197479585215,1.0,CLIENT,7,2,100000,9,37,0,3726,3747,1109,2,287,750,38569.98400000002,29,False,False
150,6,28.675029335776703,-125.00570520419984,1.0,CLIENT,7,2,100000,13,35,0,3644,3644,1123,1,286,831,36485.12000000002,29,False,False
150,7,-291.8199316993898,231.66357479542768,1.0,CLIENT,7,2,100000,18,52,0,3622,3623,1106,1,282,813,54206.46400000003,29,False,False
150,8,-78.73751815898927,165.65081479598888,1.0,CLIENT,7,2,100000,10,21,0,3648,3648,1137,1,289,837,21891.072000000007,29,False,False
150,9,16.159408020106202,-463.4185052040439,1.0,CLIENT,7,2,100000,17,46,0,3673,3678,1109,1,283,805,47951.872000000025,29,False,False
150,10,-172.05018847482867,483.91469479529064,1.0,CLIENT,7,2,100000,12,44,0,3672,3685,1104,0,283,818,45867.00800000002,29,False,False
150,11,-300.0580621857323,269.7350147958056,1.0,CLIENT,7,2,100000,14,36,0,3670,3673,1119,1,285,812,37527.55200000002,29,False,False
150,12,281.284626651696,-360.4475052045805,1.0,CLIENT,7,2,100000,15,48,0,3677,3684,1109,1,283,822,50036.736000000026,29,False,False
150,13,42.22041696245108,-381.2643452042275,1.0,CLIENT,7,2,100000,17,43,0,3640,3641,1115,0,284,825,44824.57600000002,29,False,False
150,14,179.33776188370007,-72.01738520430752,1.0,CLIENT,7,2,100000,14,33,0,3653,3653,1125,1,286,821,34400.256000000016,29,False,False
150,15,386.40000314564116,421.4641747955588,1.0,CLIENT,7,2,100000,9,33,0,3737,3743,1122,1,287,809,34400.256000000016,29,False,False
150,16,159.69298918562862,86.50229479570271,1.0,CLIENT,7,2,100000,15,46,0,3640,3640,1111,2,283,810,47951.872000000025,29,False,False
150,17,414.6789702958692,-467.9826252043853,1.0,CLIENT,7,2,100000,13,56,0,3641,3721,1073,1,281,739,58376.19200000003,29,False,False
150,18,-471.632972121544,16.370694795589316,1.0,CLIENT,7,2,100000,15,55,0,3695,3696,1103,1,281,805,57333.76000000003,29,False,False
150,19,-169.99065585338377,461.98465479529034,1.0,CLIENT,7,2,100000,14,28,0,3672,3679,1125,1,287,823,29188.096000000012,29,False,False
150,20,-7.842068300793764,382.9474547955141,1.0,CLIENT,7,2,100000,10,25,0,3671,3671,1133,1,289,831,26060.80000000001,29,False,False
150,21,216.25092348552172,459.9808947956035,1.0,CLIENT,7,2,100000,17,48,0,3678,3680,1108,1,282,805,50036.736000000026,29,False,False
150,22,317.88093708120414,104.42481479553834,1.0,CLIENT,7,2,100000,10,23,0,3674,3674,1134,2,289,822,23975.93600000001,29,False,False
150,23,102.97662929873451,-366.2361452042032,1.0,CLIENT,7,2,100000,14,25,0,3652,3652,1133,1,289,831,26060.80000000001,29,False,False
150,24,337.0504330205239,-460.9694652046903,1.0,CLIENT,7,2,100000,10,33,0,3668,3719,1110,0,287,789,34400.256000000016,29,False,False
150,25,335.30775157195535,-259.9255452044707,1.0,CLIENT,7,2,100000,12,34,0,3714,3715,1124,1,286,803,35442.68800000002,29,False,False
150,26,142.18696190193975,370.36829479563437,1.0,CLIENT,7,2,100000,12,44,0,3692,3692,1114,1,284,813,45867.00800000002,29,False,False
150,27,481.29692932417385,-122.89062520400307,1.0,CLIENT,7,2,100000,12,41,0,3694,3697,1116,1,285,812,42739.71200000002,29,False,False
150,28,-305.3653193255014,-310.5761452047284,1.0,CLIENT,7,2,100000,17,55,0,3698,3700,1103,1,280,791,57333.76000000003,29,False,False
150,29,-280.88856624641255,248.6955347959298,1.0,CLIENT,7,2,100000,12,36,0,3664,3665,1121,1,285,821,37527.55200000002,29,False,False

151,0,197.63591709845414,441.2791347953623,1.0,CLIENT,7,2,100000,13,41,0,3780,3786,1128,2,285,822,42739.71200000002,29,False,False
151,1,415.3918854339968,229.2145347952831,1.0,CLIENT,7,2,100000,15,36,0,3719,3720,1137,1,285,838,37527.55200000002,29,False,False
151,2,-442.56187704025086,311.3686947958905,1.0,CLIENT,7,2,100000,11,39,0,3790,3817,1129,1,285,786,40654.84800000002,29,False,False
151,3,-399.31169198709347,-384.26998520454873,1.0,CLIENT,7,2,100000,13,48,0,3750,3806,1104,1,283,779,50036.736000000026,29,False,False
151,4,320.8910232207153,354.5608547959955,1.0,CLIENT,7,2,100000,16,41,0,3738,3744,1130,2,283,823,42739.71200000002,29,False,False
151,5,404.3020943945812,-320.70626520446353,1.0,CLIENT,7,2,100000,9,28,0,3774,3783,1137,1,288,839,29188.096000000012,29,False,False
151,6,71.0538736643684,119.11905479561483,1.0,CLIENT,7,2,100000,13,36,0,3736,3736,1136,2,286,843,37527.55200000002,29,False,False
151,7,113.11586682064659,438.94141479572767,1.0,CLIENT,7,2,100000,18,55,0,3733,3734,1117,2,279,815,57333.76000000003,29,False,False
151,8,486.9210376373821,-215.50886520429344,1.0,CLIENT,7,2,100000,10,27,0,3777,3791,1137,0,288,839,28145.66400000001,29,False,False
151,9,423.4715903339011,452.5224547954508,1.0,CLIENT,7,2,100000,17,48,0,3708,3749,1112,1,283,798,50036.736000000026,29,False,False
151,10,-459.5926275646252,-53.538265204295215,1.0,CLIENT,7,2,100000,12,44,0,3785,3793,1124,1,284,806,45867.00800000002,29,False,False
151,11,370.00295496589393,-197.69766520417676,1.0,CLIENT,7,2,100000,14,36,0,3737,3739,1136,1,286,842,37527.55200000002,29,False,False
151,12,-155.57392750214368,-501.71258520465074,1.0,CLIENT,7,2,100000,15,51,0,3742,3768,1111,1,282,817,53164.03200000003,29,False,False
151,13,67.25165959379208,-486.7957052043454,1.0,CLIENT,7,2,100000,17,49,0,3748,3749,1123,1,282,821,51079.16800000003,29,False,False
151,14,-366.4383828346611,173.10925479535058,1.0,CLIENT,7,2,100000,14,42,0,3780,3780,1131,1,284,814,43782.14400000002,29,False,False
151,15,9.663958982895108,32.51209479596696,1.0,CLIENT,7,2,100000,9,21,0,3738,3738,1152,2,290,859,21891.072000000007,29,False,False
151,16,137.3549815209224,-300.11206520425446,1.0,CLIENT,7,2,100000,15,48,0,3728,3728,1125,1,283,834,50036.736000000026,29,False,False
151,17,180.2091026082658,-404.08494520435227,1.0,CLIENT,7,2,100000,13,27,0,3740,3741,1145,2,288,852,28145.66400000001,29,False,False
151,18,-13.862240579253172,-196.36182520438553,1.0,CLIENT,7,2,100000,15,45,0,3721,3721,1128,1,283,840,46909.440000000024,29,False,False
151,19,-233.99459270855417,-304.45354520436695,1.0,CLIENT,7,2,100000,14,34,0,3757,3761,1138,0,287,834,35442.68800000002,29,False,False
151,20,-5.14883333415899,-170.86954520467827,1.0,CLIENT,7,2,100000,10,20,0,3726,3726,1153,1,290,861,20848.640000000007,29,False,False
151,21,389.1724509052136,-449.16954520442516,1.0,CLIENT,7,2,100000,17,54,0,3720,3755,1091,1,282,791,56291.32800000003,29,False,False
151,22,483.67331311849506,447.06777479577596,1.0,CLIENT,7,2,100000,10,39,0,3738,3804,1104,1,287,767,40654.84800000002,29,False,False
151,23,-154.7025867781408,-474.8844652043613,1.0,CLIENT,7,2,100000,14,32,0,3742,3759,1132,1,287,841,33357.824000000015,29,False,False
151,24,182.74391198846237,-318.7025052039857,1.0,CLIENT,7,2,100000,10,19,0,3761,3761,1154,1,290,846,19806.208000000006,29,False,False
151,25,-245.24280933440778,61.34397479594327,1.0,CLIENT,7,2,100000,12,28,0,3757,3757,1145,1,288,844,29188.096000000012,29,False,False
151,26,-409.60935509488087,452.5224547954508,1.0,CLIENT,7,2,100000,12,69,0,3717,3801,1067,1,283,675,71927.80800000003,29,False,False
151,27,440.73997923765126,-198.4769052045823,1.0,CLIENT,7,2,100000,13,35,0,3750,3760,1130,1,286,819,36485.12000000002,29,False,False
151,28,287.38401172365593,-83.48334520462487,1.0,CLIENT,7,2,100000,17,55,0,3728,3728,1118,1,280,826,57333.76000000003,29,False,False
151,29,201.59655675546864,108.54365479542196,1.0,CLIENT,7,2,100000,12,28,0,3724,3724,1145,1,288,854,29188.096000000012,29,False,False

152,0,311.30627525105535,171.77341479555935,1.0,CLIENT,7,2,100000,13,32,0,3765,3765,1124,3,284,829,33357.824000000015,29,False,False
152,1,389.56851487102773,68.80241479530497,1.0,CLIENT,7,2,100000,15,40,0,3774,3774,1116,3,282,832,41697.28000000002,29,False,False
152,2,355.1901626494026,-213.17114520465879,1.0,CLIENT,7,2,100000,11,28,0,3809,3811,1126,3,285,825,29188.096000000012,29,False,False
152,3,267.5016006456458,420.3509747959964,1.0,CLIENT,7,2,100000,12,38,0,3790,3790,1117,4,282,828,39612.41600000002,29,False,False
152,4,324.5348117048534,146.05849479562323,1.0,CLIENT,7,2,100000,16,37,0,3759,3759,1119,3,282,828,38569.98400000002,29,False,False
152,5,-26.061010722047325,444.84137479586025,1.0,CLIENT,7,2,100000,9,24,0,3816,3817,1132,3,285,828,25018.36800000001,29,False,False
152,6,-170.78278378501182,185.57709479551136,1.0,CLIENT,7,2,100000,13,33,0,3761,3762,1124,1,284,833,34400.256000000016,29,False,False
152,7,294.3547375196187,52.883654795947166,1.0,CLIENT,7,2,100000,18,52,0,3751,3751,1104,3,279,821,54206.46400000003,29,False,False
152,8,-134.8993884936312,225.4296547953473,1.0,CLIENT,7,2,100000,10,23,0,3783,3784,1134,1,286,841,23975.93600000001,29,False,False
152,9,29.150306094528386,132.92273479556684,1.0,CLIENT,7,2,100000,16,32,0,3740,3740,1123,4,283,834,33357.824000000015,29,False,False
152,10,281.9975417898235,-245.67658520406098,1.0,CLIENT,7,2,100000,12,41,0,3798,3798,1115,3,281,824,42739.71200000002,29,False,False
152,11,-56.87478725303473,185.02049479533468,1.0,CLIENT,7,2,100000,14,36,0,3785,3785,1120,3,283,831,37527.55200000002,29,False,False
152,12,-335.78303189067475,-251.68786520470348,1.0,CLIENT,7,2,100000,15,83,0,3831,3834,1072,3,277,732,86521.85600000004,29,False,False
152,13,-454.60222159716966,348.2156147954052,1.0,CLIENT,7,2,100000,17,62,0,3791,3831,1080,3,277,773,64630.784000000036,29,False,False
152,14,-378.39951459864227,367.47397479582304,1.0,CLIENT,7,2,100000,14,41,0,3803,3823,1105,3,281,801,42739.71200000002,29,False,False
152,15,203.8937277562894,-454.17894520443326,1.0,CLIENT,7,2,100000,9,28,0,3828,3832,1126,3,285,812,29188.096000000012,29,False,False
152,16,150.82115635409627,-92.83422520474545,1.0,CLIENT,7,2,100000,16,45,0,3754,3754,1111,3,280,819,46909.440000000024,29,False,False
152,17,-383.23149498022246,295.11597479579393,1.0,CLIENT,7,2,100000,13,39,0,3831,3834,1114,3,282,798,40654.84800000002,29,False,False
152,18,326.67355711979883,428.92261479571147,1.0,CLIENT,7,2,100000,15,52,0,3804,3804,1104,3,279,795,54206.46400000003,29,False,False
152,19,377.290531934733,-167.08466520474246,1.0,CLIENT,7,2,100000,14,23,0,3786,3786,1133,3,286,841,23975.93600000001,29,False,False
152,20,80.08413208233894,387.51157479585544,1.0,CLIENT,7,2,100000,10,24,0,3797,3797,1132,3,286,839,25018.36800000001,29,False,False
152,21,351.863225337578,-423.2319852042602,1.0,CLIENT,7,2,100000,17,55,0,3785,3824,1077,3,278,759,57333.76000000003,29,False,False
152,22,-106.85805972277907,323.5025747953125,1.0,CLIENT,7,2,100000,10,24,0,3816,3816,1132,3,286,835,25018.36800000001,29,False,False
152,23,500.46642526349365,-251.68786520470348,1.0,CLIENT,7,2,100000,14,41,0,3791,3817,1100,2,282,792,42739.71200000002,29,False,False
152,24,482.16827004873954,180.1224147958365,1.0,CLIENT,7,2,100000,10,20,0,3792,3792,1136,3,287,845,20848.640000000007,29,False,False
152,25,263.69938657506947,-456.405345204349,1.0,CLIENT,7,2,100000,12,28,0,3811,3822,1127,3,284,826,29188.096000000012,29,False,False
152,26,337.5257097792756,436.1584147956353,1.0,CLIENT,7,2,100000,12,44,0,3837,3837,1111,4,281,829,45867.00800000002,29,False,False
152,27,-58.538255908665626,-394.8453852047416,1.0,CLIENT,7,2,100000,13,41,0,3823,3823,1114,4,282,814,42739.71200000002,29,False,False
152,28,-463.7116928080778,304.24421479568565,1.0,CLIENT,7,2,100000,17,58,0,3801,3833,1088,2,276,785,60461.05600000003,29,False,False
152,29,486.5249736715681,313.4837747952963,1.0,CLIENT,7,2,100000,12,36,0,3800,3800,1120,3,283,830,37527.55200000002,29,False,False

153,0,368.26027351676254,192.81289479543517,1.0,CLIENT,7,2,100000,13,52,0,3779,3779,1100,2,283,798,54206.46400000003,29,False,False
153,1,486.68339925800626,-17.581905204114037,1.0,CLIENT,7,2,100000,15,49,0,3768,3772,1101,1,282,785,51079.16800000003,29,False,False
153,2,325.80221639523313,-37.730825204656355,1.0,CLIENT,7,2,100000,11,25,0,3752,3752,1127,2,287,831,26060.80000000001,29,False,False
153,3,-90.77786271590809,426.250934795338,1.0,CLIENT,7,2,100000,12,38,0,3729,3729,1114,2,284,816,39612.41600000002,29,False,False
153,4,-357.4081244172535,-41.07042520413444,1.0,CLIENT,7,2,100000,16,45,0,3741,3741,1108,1,281,814,46909.440000000024,29,False,False
153,5,-310.67257646583323,72.14201479557403,1.0,CLIENT,7,2,100000,9,20,0,3735,3735,1133,1,289,834,20848.640000000007,29,False,False
153,6,-174.1889338897741,335.7477747952444,1.0,CLIENT,7,2,100000,13,33,0,3716,3716,1119,2,285,831,34400.256000000016,29,False,False
153,7,-103.68954799739261,-304.2309052041381,1.0,CLIENT,7,2,100000,18,64,0,3751,3751,1088,2,277,792,66715.64800000003,29,False,False
153,8,-465.21673587727065,328.2893347958827,1.0,CLIENT,7,2,100000,10,23,0,3765,3771,1129,0,288,820,23975.93600000001,29,False,False
153,9,-363.586722282151,307.4724947954448,1.0,CLIENT,7,2,100000,16,48,0,3755,3755,1105,1,282,815,50036.736000000026,29,False,False
153,10,209.91390003474882,-463.86378520450165,1.0,CLIENT,7,2,100000,12,49,0,3780,3802,1098,2,282,772,51079.16800000003,29,False,False
153,11,-129.03764180104713,-143.3735052044932,1.0,CLIENT,7,2,100000,14,36,0,3744,3744,1116,2,285,827,37527.55200000002,29,False,False
153,12,256.0949584339168,208.2863747959172,1.0,CLIENT,7,2,100000,15,42,0,3727,3727,1110,2,283,823,43782.14400000002,29,False,False
153,13,-47.76531604212653,460.6488147954991,1.0,CLIENT,7,2,100000,17,56,0,3750,3750,1096,2,280,811,58376.19200000003,29,False,False
153,14,-181.08044689279922,-484.9032652043775,1.0,CLIENT,7,2,100000,14,52,0,3806,3809,1100,2,280,773,54206.46400000003,29,False,False
153,15,194.22976699369184,-352.09850520430336,1.0,CLIENT,7,2,100000,9,25,0,3771,3774,1126,2,287,821,26060.80000000001,29,False,False
153,16,-192.80394027684167,-0.8839052043506967,1.0,CLIENT,7,2,100000,15,43,0,3697,3697,1109,2,282,820,44824.57600000002,29,False,False
153,17,58.06297558994621,-212.50322520476317,1.0,CLIENT,7,2,100000,13,23,0,3726,3726,1129,2,288,834,23975.93600000001,29,False,False
153,18,-256.3326003732604,474.3411747957322,1.0,CLIENT,7,2,100000,15,53,0,3772,3775,1098,2,280,800,55248.89600000003,29,False,False
153,19,-473.61329195005123,-151.8338252044893,1.0,CLIENT,7,2,100000,14,19,0,3727,3727,1134,1,289,827,19806.208000000006,29,False,False
153,20,-376.33998197719734,480.6864147955315,1.0,CLIENT,7,2,100000,10,24,0,3736,3750,1119,1,288,813,25018.36800000001,29,False,False
153,21,224.80590514474056,257.8237747958215,1.0,CLIENT,7,2,100000,18,50,0,3704,3705,1102,2,283,801,52121.60000000003,29,False,False
153,22,408.7380108103474,-98.73418520408705,1.0,CLIENT,7,2,100000,10,28,0,3783,3784,1124,2,287,828,29188.096000000012,29,False,False
153,23,-54.65682904515164,48.87613479578249,1.0,CLIENT,7,2,100000,14,16,0,3688,3688,1136,2,290,839,16678.912000000004,29,False,False
153,24,-496.7434275463855,-352.8777452047089,1.0,CLIENT,7,2,100000,10,40,0,3795,3807,1107,2,285,788,41697.28000000002,29,False,False
153,25,-230.4300170173537,458.0884547956356,1.0,CLIENT,7,2,100000,13,29,0,3773,3775,1124,1,286,820,30230.528000000013,29,False,False
153,26,-451.7505610440968,118.78509479566702,1.0,CLIENT,7,2,100000,12,45,0,3754,3754,1108,1,283,809,46909.440000000024,29,False,False
153,27,-468.14760922384403,209.5108947959895,1.0,CLIENT,7,2,100000,12,34,0,3740,3741,1119,0,286,820,35442.68800000002,29,False,False
153,28,480.8216525654222,80.49101479585119,1.0,CLIENT,7,2,100000,17,58,0,3763,3773,1094,2,279,799,60461.05600000003,29,False,False
153,29,-239.22263705594838,-77.36074520426342,1.0,CLIENT,7,2,100000,12,36,0,3740,3740,1116,2,285,821,37527.55200000002,29,False,False

154,0,125.31463696400358,62.45717479550564,1.0,CLIENT,7,2,100000,13,32,0,3805,3805,1135,25,283,843,33357.824000000015,29,False,False
154,1,-343.94194958351676,-475.2184252043091,1.0,CLIENT,7,2,100000,15,51,0,3725,3817,1067,15,280,753,53164.03200000003,29,False,False
154,2,-474.16778150230346,-496.2579052041849,1.0,CLIENT,7,2,100000,12,60,0,3667,3846,1017,4,277,682,62545.920000000035,29,False,False
154,3,-85.31217998913803,95.85317479582329,1.0,CLIENT,7,2,100000,12,37,0,3830,3830,1115,40,281,817,38569.98400000002,29,False,False
154,4,407.3121805340924,-387.3869452045889,1.0,CLIENT,7,2,100000,16,71,0,3855,3876,1070,38,275,717,74012.67200000004,29,False,False
154,5,-372.3793423201829,34.070574795987056,1.0,CLIENT,7,2,100000,9,17,0,3842,3842,1153,22,286,856,17721.344000000005,29,False,False
154,6,-439.3933653148644,384.1719747955864,1.0,CLIENT,7,2,100000,13,49,0,3868,3885,1096,38,279,774,51079.16800000003,29,False,False
154,7,95.29298836464422,-247.45770520430995,1.0,CLIENT,7,2,100000,18,53,0,3816,3816,1111,28,277,824,55248.89600000003,29,False,False
154,8,421.80812167827014,478.01473479594904,1.0,CLIENT,7,2,100000,10,31,0,3736,3866,1064,10,282,759,32315.392000000014,29,False,False
154,9,167.93111967197112,345.3212947955939,1.0,CLIENT,7,2,100000,16,37,0,3808,3810,1132,23,281,840,38569.98400000002,29,False,False
154,10,-363.2698711092747,114.44361479555454,1.0,CLIENT,7,2,100000,12,38,0,3830,3830,1123,31,281,831,39612.41600000002,29,False,False
154,11,45.1512903084617,414.8962947955306,1.0,CLIENT,7,2,100000,14,36,0,3834,3840,1132,22,282,844,37527.55200000002,29,False,False
154,12,-189.16015179270354,-8.676305204451182,1.0,CLIENT,7,2,100000,15,39,0,3822,3822,1126,27,280,835,40654.84800000002,29,False,False
154,13,396.06396390823875,482.8014947957283,1.0,CLIENT,7,2,100000,17,66,0,3727,3855,1031,9,274,733,68800.51200000003,29,False,False
154,14,-461.41452180669427,-161.5186652045577,1.0,CLIENT,7,2,100000,14,31,0,3815,3841,1127,20,282,828,32315.392000000014,29,False,False
154,15,-200.01230445274314,287.99149479558906,1.0,CLIENT,7,2,100000,9,25,0,3851,3851,1132,35,285,833,26060.80000000001,29,False,False
154,16,-63.29102349674532,414.5623347955828,1.0,CLIENT,7,2,100000,15,52,0,3829,3830,1119,20,278,828,54206.46400000003,29,False,False
154,17,-77.62853905504772,441.2791347953623,1.0,CLIENT,7,2,100000,14,23,0,3827,3830,1145,22,284,835,23975.93600000001,29,False,False
154,18,-6.178599644600027,-131.23962520428023,1.0,CLIENT,7,2,100000,15,47,0,3804,3804,1115,30,279,832,48994.304000000026,29,False,False
154,19,31.2098387159733,-387.8322252042557,1.0,CLIENT,7,2,100000,14,34,0,3870,3871,1137,21,282,827,35442.68800000002,29,False,False
154,20,-252.84723747556043,-32.27614520419053,1.0,CLIENT,7,2,100000,10,24,0,3829,3829,1146,22,285,845,25018.36800000001,29,False,False
154,21,426.40246367991165,68.69109479558603,1.0,CLIENT,7,2,100000,17,47,0,3838,3843,1121,21,278,821,48994.304000000026,29,False,False
154,22,347.34809612887415,-148.82818520416805,1.0,CLIENT,7,2,100000,10,30,0,3886,3886,1127,35,283,828,31272.960000000014,29,False,False
154,23,260.6893004361212,-32.610105204138335,1.0,CLIENT,7,2,100000,14,16,0,3796,3796,1153,23,287,864,16678.912000000004,29,False,False
154,24,156.92054142549335,-6.00462520407774,1.0,CLIENT,7,2,100000,10,20,0,3847,3847,1146,26,286,853,20848.640000000007,29,False,False
154,25,-4.752769368344972,-27.04410520474454,1.0,CLIENT,7,2,100000,12,25,0,3811,3811,1129,38,284,844,26060.80000000001,29,False,False
154,26,-460.3055427027527,-446.83182520399953,1.0,CLIENT,7,2,100000,12,63,0,3718,3867,1019,9,278,703,65673.21600000003,29,False,False
154,27,32.001966647601336,360.01553479567036,1.0,CLIENT,7,2,100000,12,32,0,3833,3833,1139,21,283,854,33357.824000000015,29,False,False
154,28,477.33628966772216,458.53373479530234,1.0,CLIENT,7,2,100000,17,74,0,3656,3834,1002,3,270,687,77139.96800000004,29,False,False
154,29,-303.6226378769328,52.43837479548944,1.0,CLIENT,7,2,100000,12,32,0,3840,3840,1138,22,282,841,33357.824000000015,29,False,False

155,0,-374.9141517003795,195.81853479575642,1.0,CLIENT,7,2,100000,13,40,0,3942,3942,1110,1,282,810,41697.28000000002,29,False,False
155,1,-251.34219440580486,-44.96662520458017,1.0,CLIENT,7,2,100000,15,32,0,3888,3888,1118,1,283,826,33357.824000000015,29,False,False
155,2,151.5340714922238,-285.5291452046879,1.0,CLIENT,7,2,100000,11,20,0,3903,3903,1130,1,287,823,20848.640000000007,29,False,False
155,3,126.97810561963448,88.84001479533737,1.0,CLIENT,7,2,100000,12,40,0,3883,3883,1110,1,282,820,41697.28000000002,29,False,False
155,4,190.74440409542905,-238.8860652045949,1.0,CLIENT,7,2,100000,16,43,0,3910,3910,1107,1,280,823,44824.57600000002,29,False,False
155,5,382.0432995228127,458.86769479525015,1.0,CLIENT,7,2,100000,9,49,0,3983,3990,1097,2,284,774,51079.16800000003,29,False,False
155,6,-263.06568779041015,194.59401479568413,1.0,CLIENT,7,2,100000,13,36,0,3912,3912,1114,1,283,820,37527.55200000002,29,False,False
155,7,-57.8253407705381,-358.33242520438375,1.0,CLIENT,7,2,100000,18,55,0,3885,3885,1094,2,278,804,57333.76000000003,29,False,False
155,8,16.713897571795552,268.84445479568114,1.0,CLIENT,7,2,100000,10,24,0,3937,3937,1126,1,286,833,25018.36800000001,29,False,False
155,9,-246.034937265473,-26.93278520423462,1.0,CLIENT,7,2,100000,16,42,0,3902,3902,1108,1,281,818,43782.14400000002,29,False,False
155,10,121.6708484793026,199.04681479551556,1.0,CLIENT,7,2,100000,12,42,0,3925,3925,1108,1,281,821,43782.14400000002,29,False,False
155,11,469.3357975607555,-118.66046520440051,1.0,CLIENT,7,2,100000,14,40,0,3925,3931,1108,1,282,816,41697.28000000002,29,False,False
155,12,179.57540026307592,97.52297479556233,1.0,CLIENT,7,2,100000,15,40,0,3895,3895,1110,1,282,823,41697.28000000002,29,False,False
155,13,-408.73801437031517,-229.98046520414107,1.0,CLIENT,7,2,100000,17,54,0,3939,3942,1094,1,278,801,56291.32800000003,29,False,False
155,14,126.5028288608828,444.50741479591244,1.0,CLIENT,7,2,100000,14,43,0,3968,3968,1106,2,281,816,44824.57600000002,29,False,False
155,15,-201.75498590187453,-153.7262652044572,1.0,CLIENT,7,2,100000,9,24,0,3921,3921,1125,2,286,832,25018.36800000001,29,False,False
155,16,92.04526384575725,-247.12374520436214,1.0,CLIENT,7,2,100000,15,48,0,3901,3901,1102,1,280,810,50036.736000000026,29,False,False
155,17,-287.6216536629995,-87.60218520450849,1.0,CLIENT,7,2,100000,13,34,0,3931,3931,1117,1,283,825,35442.68800000002,29,False,False
155,18,-424.8182113771862,386.17573479527323,1.0,CLIENT,7,2,100000,15,54,0,3938,3971,1089,1,278,771,56291.32800000003,29,False,False
155,19,-175.218700200778,-336.6250252046123,1.0,CLIENT,7,2,100000,14,28,0,3931,3931,1121,2,285,818,29188.096000000012,29,False,False
155,20,262.4319818852526,68.80241479530497,1.0,CLIENT,7,2,100000,10,20,0,3899,3899,1130,1,287,835,20848.640000000007,29,False,False
155,21,-463.3948416352016,333.7440147955576,1.0,CLIENT,7,2,100000,18,56,0,3928,3959,1080,0,277,751,58376.19200000003,29,False,False
155,22,-140.9195607720906,204.72413479541927,1.0,CLIENT,7,2,100000,10,12,0,3902,3902,1138,1,289,836,12509.184000000003,29,False,False
155,23,412.9362888467378,-367.3493452045565,1.0,CLIENT,7,2,100000,14,36,0,3919,3941,1103,1,283,802,37527.55200000002,29,False,False
155,24,-354.71488945061867,308.1404147953404,1.0,CLIENT,7,2,100000,10,27,0,3941,3948,1122,1,285,814,28145.66400000001,29,False,False
155,25,171.73333374254744,-184.45058520440142,1.0,CLIENT,7,2,100000,12,27,0,3914,3914,1123,1,285,827,28145.66400000001,29,False,False
155,26,24.71438967876221,-116.54538520420374,1.0,CLIENT,7,2,100000,12,38,0,3904,3904,1112,1,282,829,39612.41600000002,29,False,False
155,27,192.88314951037447,-495.14470520462254,1.0,CLIENT,7,2,100000,12,41,0,3939,3948,1105,1,282,800,42739.71200000002,29,False,False
155,28,479.15818390979126,-279.40654520432645,1.0,CLIENT,7,2,100000,17,59,0,3927,3955,1078,0,276,779,61503.488000000034,29,False,False
155,29,323.42583260091186,268.9557747954001,1.0,CLIENT,7,2,100000,12,48,0,3959,3959,1102,1,280,816,50036.736000000026,29,False,False

156,0,255.22361770935112,100.75125479532147,1.0,CLIENT,7,2,100000,13,36,0,3744,3744,1123,3,282,829,37527.55200000002,29,False,False
156,1,354.2396091313364,134.369894795868,1.0,CLIENT,7,2,100000,15,47,0,3785,3785,1112,3,279,811,48994.304000000026,29,False,False
156,2,-389.4893056380577,-427.23950520442486,1.0,CLIENT,7,2,100000,11,40,0,3760,3796,1086,1,282,785,41697.28000000002,29,False,False
156,3,-320.7326011942448,-123.89250520463747,1.0,CLIENT,7,2,100000,12,39,0,3742,3744,1119,3,281,828,40654.84800000002,29,False,False
156,4,419.90701464270063,-209.60890520416086,1.0,CLIENT,7,2,100000,16,43,0,3744,3752,1106,6,279,815,44824.57600000002,29,False,False
156,5,384.815747282948,69.35901479548164,1.0,CLIENT,7,2,100000,9,32,0,3804,3804,1127,3,283,827,33357.824000000015,29,False,False
156,6,452.2258342428807,84.94381479568261,1.0,CLIENT,7,2,100000,13,46,0,3802,3806,1109,3,279,806,47951.872000000025,29,False,False
156,7,-143.21673177291137,4.236814795376347,1.0,CLIENT,7,2,100000,18,46,0,3720,3720,1113,3,278,827,47951.872000000025,29,False,False
156,8,340.2189447464732,113.55305479543006,1.0,CLIENT,7,2,100000,10,23,0,3795,3795,1136,3,285,846,23975.93600000001,29,False,False
156,9,86.26272994667367,-192.46562520473077,1.0,CLIENT,7,2,100000,16,32,0,3704,3704,1126,4,283,838,33357.824000000015,29,False,False
156,10,476.6233745290318,489.4806947954754,1.0,CLIENT,7,2,100000,12,69,0,3627,3795,1016,0,276,635,71927.80800000003,29,False,False
156,11,121.51242289286442,-494.4767852047269,1.0,CLIENT,7,2,100000,14,38,0,3761,3772,1112,3,280,823,39612.41600000002,29,False,False
156,12,-108.1254644131588,-261.0387452040331,1.0,CLIENT,7,2,100000,15,41,0,3732,3732,1118,3,281,833,42739.71200000002,29,False,False
156,13,128.16629751651368,-211.83530520407658,1.0,CLIENT,7,2,100000,17,40,0,3720,3720,1117,5,281,829,41697.28000000002,29,False,False
156,14,-444.93826083400927,120.78885479535387,1.0,CLIENT,7,2,100000,14,39,0,3774,3774,1120,3,280,822,40654.84800000002,29,False,False
156,15,-414.2036970970853,-207.04854520429734,1.0,CLIENT,7,2,100000,9,24,0,3750,3759,1127,3,285,837,25018.36800000001,29,False,False
156,16,-435.4327256578499,453.7469747955231,1.0,CLIENT,7,2,100000,16,69,0,3777,3802,1076,6,276,729,71927.80800000003,29,False,False
156,17,-431.9473627595871,193.8147747952786,1.0,CLIENT,7,2,100000,13,40,0,3792,3793,1117,5,281,825,41697.28000000002,29,False,False
156,18,-280.01722552184685,164.20365479568773,1.0,CLIENT,7,2,100000,15,49,0,3748,3748,1110,3,278,817,51079.16800000003,29,False,False
156,19,-399.94539433228334,47.09501479553353,1.0,CLIENT,7,2,100000,14,26,0,3762,3762,1134,3,284,841,27103.23200000001,29,False,False
156,20,-475.9104629508721,-257.2538652040973,1.0,CLIENT,7,2,100000,10,28,0,3764,3793,1107,2,284,813,29188.096000000012,29,False,False
156,21,291.34465138010756,-375.80966520455263,1.0,CLIENT,7,2,100000,17,54,0,3768,3776,1097,5,277,786,56291.32800000003,29,False,False
156,22,-134.74096290719302,162.8678147958965,1.0,CLIENT,7,2,100000,10,15,0,3749,3749,1141,6,287,845,15636.480000000005,29,False,False
156,23,-218.15203408105904,-266.60474520421786,1.0,CLIENT,7,2,100000,14,20,0,3722,3725,1136,3,286,841,20848.640000000007,29,False,False
156,24,296.4934829340013,180.23373479555545,1.0,CLIENT,7,2,100000,10,22,0,3775,3775,1137,3,285,835,22933.504000000008,29,False,False
156,25,31.84354106116316,-111.09070520452889,1.0,CLIENT,7,2,100000,12,20,0,3718,3718,1138,4,286,851,20848.640000000007,29,False,False
156,26,78.65830180552103,-430.5791052046939,1.0,CLIENT,7,2,100000,12,44,0,3783,3784,1114,3,280,819,45867.00800000002,29,False,False
156,27,-405.3318642655529,-44.85530520407025,1.0,CLIENT,7,2,100000,12,31,0,3735,3738,1125,3,283,840,32315.392000000014,29,False,False
156,28,-152.16777739738137,-471.09958520442547,1.0,CLIENT,7,2,100000,17,54,0,3723,3743,1088,2,276,784,56291.32800000003,29,False,False
156,29,-455.31513673529724,-389.61334520450464,1.0,CLIENT,7,2,100000,12,56,0,3742,3787,1064,0,278,765,58376.19200000003,29,False,False

157,0,404.22288160164356,464.9902947956116,1.0,CLIENT,7,2,100000,13,56,0,3953,3992,1076,0,280,766,58376.19200000003,29,False,False
157,1,200.4875776515271,342.8722547954493,1.0,CLIENT,7,2,100000,15,38,0,3920,3920,1108,0,282,816,39612.41600000002,29,False,False
157,2,390.43985559559343,125.13033479546635,1.0,CLIENT,7,2,100000,11,24,0,3935,3935,1122,0,286,834,25018.36800000001,29,False,False
157,3,20.991388401686397,163.98101479545886,1.0,CLIENT,7,2,100000,12,40,0,3918,3918,1106,0,282,821,41697.28000000002,29,False,False
157,4,485.5744201540647,-258.8123452041174,1.0,CLIENT,7,2,100000,16,55,0,3968,3979,1086,0,277,773,57333.76000000003,29,False,False
157,5,-70.97466443139847,-213.95038520427335,1.0,CLIENT,7,2,100000,9,20,0,3943,3943,1126,0,287,831,20848.640000000007,29,False,False
157,6,161.03960666894602,-241.22378520422956,1.0,CLIENT,7,2,100000,13,34,0,3913,3913,1112,0,283,825,35442.68800000002,29,False,False
157,7,208.96334651724544,260.9407347958617,1.0,CLIENT,7,2,100000,18,63,0,3927,3927,1083,0,276,802,65673.21600000003,29,False,False
157,8,-375.86470521844575,447.2904147960048,1.0,CLIENT,7,2,100000,10,47,0,3993,4005,1095,0,283,754,48994.304000000026,29,False,False
157,9,-127.05732197310272,-436.25642520459763,1.0,CLIENT,7,2,100000,16,45,0,3931,3932,1100,0,280,793,46909.440000000024,29,False,False
157,10,114.06642033814997,205.28073479559595,1.0,CLIENT,7,2,100000,12,39,0,3939,3939,1107,0,282,819,40654.84800000002,29,False,False
157,11,165.31709749827402,-133.13206520424814,1.0,CLIENT,7,2,100000,14,32,0,3905,3905,1114,0,284,822,33357.824000000015,29,False,False
157,12,-207.0622430416436,52.99497479566611,1.0,CLIENT,7,2,100000,15,36,0,3898,3898,1110,0,283,824,37527.55200000002,29,False,False
157,13,-30.33850155193817,414.78497479581165,1.0,CLIENT,7,2,100000,17,50,0,3933,3933,1096,0,279,808,52121.60000000003,29,False,False
157,14,357.64575923666155,349.5514547959874,1.0,CLIENT,7,2,100000,14,38,0,3952,3955,1106,0,282,799,39612.41600000002,29,False,False
157,15,-369.5276817671099,-45.07794520429911,1.0,CLIENT,7,2,100000,9,28,0,3982,3982,1118,0,285,827,29188.096000000012,29,False,False
157,16,-206.11168952414022,392.9662547955303,1.0,CLIENT,7,2,100000,16,53,0,3939,3939,1093,0,278,789,55248.89600000003,29,False,False
157,17,-488.90136102585706,-230.53706520431774,1.0,CLIENT,7,2,100000,13,45,0,3984,3999,1092,0,280,773,46909.440000000024,29,False,False
157,18,104.00639560973839,-130.46038520466567,1.0,CLIENT,7,2,100000,15,37,0,3882,3882,1109,0,282,817,38569.98400000002,29,False,False
157,19,125.78991372275527,-180.10910520428894,1.0,CLIENT,7,2,100000,14,20,0,3915,3915,1126,0,287,836,20848.640000000007,29,False,False
157,20,430.600741716302,-7.117825204431085,1.0,CLIENT,7,2,100000,10,25,0,3923,3923,1121,0,286,825,26060.80000000001,29,False,False
157,21,-164.2081219543002,24.49705479563761,1.0,CLIENT,7,2,100000,17,33,0,3899,3899,1113,0,283,825,34400.256000000016,29,False,False
157,22,-113.67035993230367,408.6623747954502,1.0,CLIENT,7,2,100000,10,23,0,3947,3947,1123,0,286,816,23975.93600000001,29,False,False
157,23,-402.24256533310404,-383.71338520437206,1.0,CLIENT,7,2,100000,14,41,0,3951,3966,1095,0,282,804,42739.71200000002,29,False,False
157,24,342.99139250604566,-21.92338520422652,1.0,CLIENT,7,2,100000,10,20,0,3943,3943,1126,0,287,829,20848.640000000007,29,False,False
157,25,120.40344378948572,-189.57130520412846,1.0,CLIENT,7,2,100000,13,25,0,3918,3918,1121,0,285,830,26060.80000000001,29,False,False
157,26,-1.1089808842068287,-151.27722520431263,1.0,CLIENT,7,2,100000,12,40,0,3936,3936,1106,0,282,821,41697.28000000002,29,False,False
157,27,-447.9483469735204,0.7858947953883444,1.0,CLIENT,7,2,100000,13,39,0,3973,3975,1106,0,282,802,40654.84800000002,29,False,False
157,28,48.953504379038016,-423.565945204208,1.0,CLIENT,7,2,100000,17,57,0,3959,3960,1089,0,277,793,59418.62400000003,29,False,False
157,29,134.66174655372478,-452.0638652042365,1.0,CLIENT,7,2,100000,12,44,0,3980,3980,1102,0,280,795,45867.00800000002,29,False,False

158,0,-93.3918848896052,-13.351745204511474,1.0,CLIENT,7,2,100000,13,32,0,3857,3857,1130,4,283,839,33357.824000000015,29,False,False
158,1,372.14170038083927,8.133014795822078,1.0,CLIENT,7,2,100000,15,37,0,3867,3867,1127,2,281,834,38569.98400000002,29,False,False
158,2,396.618453460491,-244.67470520421756,1.0,CLIENT,7,2,100000,11,25,0,3899,3901,1137,3,285,843,26060.80000000001,29,False,False
158,3,-202.3094754535639,-188.56942520428504,1.0,CLIENT,7,2,100000,12,38,0,3888,3888,1126,2,281,838,39612.41600000002,29,False,False
158,4,-3.6437902644034277,74.92501479566641,1.0,CLIENT,7,2,100000,16,32,0,3853,3853,1131,3,282,844,33357.824000000015,29,False,False
158,5,61.15227452239501,-205.3787452045583,1.0,CLIENT,7,2,100000,9,16,0,3858,3858,1146,4,287,858,16678.912000000004,29,False,False
158,6,215.14194438158017,-168.7544652044815,1.0,CLIENT,7,2,100000,13,32,0,3857,3857,1131,3,283,847,33357.824000000015,29,False,False
158,7,430.600741716302,290.5518547954526,1.0,CLIENT,7,2,100000,18,70,0,3887,3904,1087,1,274,784,72970.24000000003,29,False,False
158,8,-115.72989255431142,353.44765479564217,1.0,CLIENT,7,2,100000,10,22,0,3912,3913,1140,3,285,838,22933.504000000008,29,False,False
158,9,-465.85043822246047,-452.3978252041843,1.0,CLIENT,7,2,100000,16,48,0,3865,3943,1084,1,277,758,50036.736000000026,29,False,False
158,10,-393.44994529450935,-225.6389852040286,1.0,CLIENT,7,2,100000,12,41,0,3926,3926,1123,2,280,823,42739.71200000002,29,False,False
158,11,-325.7230071622632,301.6838547958221,1.0,CLIENT,7,2,100000,14,49,0,3925,3928,1111,3,278,810,51079.16800000003,29,False,False
158,12,28.041326990586843,-478.1127452041204,1.0,CLIENT,7,2,100000,15,44,0,3897,3897,1119,3,280,823,45867.00800000002,29,False,False
158,13,-13.62460219987733,65.46281479582689,1.0,CLIENT,7,2,100000,17,38,0,3855,3855,1125,3,281,828,39612.41600000002,29,False,False
158,14,-400.5790966769103,-315.9195052046843,1.0,CLIENT,7,2,100000,14,46,0,3935,3946,1115,2,279,789,47951.872000000025,29,False,False
158,15,403.35154087707787,-223.96918520428954,1.0,CLIENT,7,2,100000,9,24,0,3909,3913,1135,3,285,843,25018.36800000001,29,False,False
158,16,414.75818308880685,-201.70518520434143,1.0,CLIENT,7,2,100000,15,50,0,3877,3878,1113,3,278,827,52121.60000000003,29,False,False
158,17,376.498404003105,-482.5655452047428,1.0,CLIENT,7,2,100000,13,55,0,3916,3947,1086,2,279,773,57333.76000000003,29,False,False
158,18,-224.88512149764597,-260.7047852040853,1.0,CLIENT,7,2,100000,15,49,0,3884,3884,1115,2,278,822,51079.16800000003,29,False,False
158,19,-463.7116928080778,326.50821479563376,1.0,CLIENT,7,2,100000,15,93,0,3885,3914,1053,1,278,694,96946.17600000005,29,False,False
158,20,381.64723555699874,193.03553479566403,1.0,CLIENT,7,2,100000,10,24,0,3893,3895,1139,2,285,839,25018.36800000001,29,False,False
158,21,192.09102157874642,73.92313479582299,1.0,CLIENT,7,2,100000,17,30,0,3843,3843,1134,2,283,840,31272.960000000014,29,False,False
158,22,-277.2447777617116,-168.86578520420045,1.0,CLIENT,7,2,100000,10,24,0,3910,3910,1140,2,285,842,25018.36800000001,29,False,False
158,23,313.9202974247525,369.8116947954577,1.0,CLIENT,7,2,100000,14,32,0,3886,3898,1124,2,283,828,33357.824000000015,29,False,False
158,24,-192.4078763115905,-366.9040652040988,1.0,CLIENT,7,2,100000,10,20,0,3905,3905,1143,3,286,845,20848.640000000007,29,False,False
158,25,193.51685185500148,-255.91802520430605,1.0,CLIENT,7,2,100000,12,21,0,3864,3864,1142,3,285,852,21891.072000000007,29,False,False
158,26,273.99704968341973,487.03165479533084,1.0,CLIENT,7,2,100000,12,48,0,3928,3955,1104,1,279,792,50036.736000000026,29,False,False
158,27,349.4076287503191,-365.6795452040265,1.0,CLIENT,7,2,100000,13,36,0,3899,3907,1120,3,281,813,37527.55200000002,29,False,False
158,28,389.0140253187755,221.9787347953593,1.0,CLIENT,7,2,100000,17,55,0,3891,3896,1107,2,276,807,57333.76000000003,29,False,False
158,29,209.91390003474882,94.51733479524108,1.0,CLIENT,7,2,100000,12,36,0,3890,3890,1128,2,282,839,37527.55200000002,29,False,False

159,0,310.2765089400515,-163.7450652044734,1.0,CLIENT,7,2,100000,13,40,0,3893,3894,1087,0,279,791,41697.28000000002,29,False,False
159,1,242.15350684199126,-239.88794520443832,1.0,CLIENT,7,2,100000,15,45,0,3910,3910,1083,0,277,782,46909.440000000024,29,False,False
159,2,-413.4907819583949,265.2822147959742,1.0,CLIENT,7,2,100000,11,40,0,3938,3939,1087,0,280,795,41697.28000000002,29,False,False
159,3,-289.20590952569273,307.9177747959025,1.0,CLIENT,7,2,100000,12,38,0,3886,3886,1090,0,279,800,39612.41600000002,29,False,False
159,4,337.9217737450896,-319.3704252046723,1.0,CLIENT,7,2,100000,16,57,0,3935,3935,1071,0,274,766,59418.62400000003,29,False,False
159,5,-193.04157865678036,-16.357385204041748,1.0,CLIENT,7,2,100000,9,20,0,3876,3876,1108,0,284,820,20848.640000000007,29,False,False
159,6,187.8927435423561,104.75877479548615,1.0,CLIENT,7,2,100000,13,31,0,3858,3858,1097,0,281,813,32315.392000000014,29,False,False
159,7,-206.2701151105784,88.50605479538956,1.0,CLIENT,7,2,100000,18,59,0,3870,3870,1069,0,274,794,61503.488000000034,29,False,False
159,8,-387.27134743017467,100.75125479532147,1.0,CLIENT,7,2,100000,10,25,0,3915,3915,1103,0,283,799,26060.80000000001,29,False,False
159,9,-209.28020124952667,28.61589479552123,1.0,CLIENT,7,2,100000,16,32,0,3851,3851,1096,0,280,811,33357.824000000015,29,False,False
159,10,150.97958194053444,255.04077479572913,1.0,CLIENT,7,2,100000,12,41,0,3884,3884,1087,0,279,796,42739.71200000002,29,False,False
159,11,300.77097376389213,-131.7962252044569,1.0,CLIENT,7,2,100000,14,41,0,3907,3907,1087,0,278,802,42739.71200000002,29,False,False
159,12,-27.803692171178728,59.006254795517634,1.0,CLIENT,7,2,100000,15,36,0,3847,3847,1092,0,280,809,37527.55200000002,29,False,False
159,13,495.0007425372864,412.2246147959481,1.0,CLIENT,7,2,100000,17,61,0,3924,3930,1064,0,274,758,63588.352000000035,29,False,False
159,14,85.47060201560848,290.9971347959103,1.0,CLIENT,7,2,100000,14,34,0,3878,3878,1094,0,280,807,35442.68800000002,29,False,False
159,15,267.5016006456458,329.0685747954973,1.0,CLIENT,7,2,100000,9,26,0,3903,3903,1102,0,283,810,27103.23200000001,29,False,False
159,16,214.58745482989082,138.1547747958038,1.0,CLIENT,7,2,100000,15,48,0,3858,3858,1080,0,277,795,50036.736000000026,29,False,False
159,17,334.35719805388914,304.6894947953524,1.0,CLIENT,7,2,100000,13,35,0,3905,3906,1092,0,280,794,36485.12000000002,29,False,False
159,18,-266.63026348161065,-290.2045852047482,1.0,CLIENT,7,2,100000,15,53,0,3916,3920,1073,0,275,776,55248.89600000003,29,False,False
159,19,-266.94711465392413,166.09609479565563,1.0,CLIENT,7,2,100000,14,20,0,3867,3867,1108,0,284,820,20848.640000000007,29,False,False
159,20,-274.78918117445266,-156.06398520409186,1.0,CLIENT,7,2,100000,10,26,0,3909,3909,1102,0,283,804,27103.23200000001,29,False,False
159,21,-207.37909421451994,499.4994947954916,1.0,CLIENT,7,2,100000,17,58,0,3934,3934,1070,0,274,762,60461.05600000003,29,False,False
159,22,-158.82165202103064,-142.37162520464977,1.0,CLIENT,7,2,100000,10,14,0,3876,3876,1114,0,285,815,14594.048000000004,29,False,False
159,23,-433.45240582934264,-88.60406520435191,1.0,CLIENT,7,2,100000,14,32,0,3900,3902,1094,0,281,810,33357.824000000015,29,False,False
159,24,479.2373967027289,77.7080147957588,1.0,CLIENT,7,2,100000,10,20,0,3908,3908,1108,0,283,813,20848.640000000007,29,False,False
159,25,348.9323519915674,-221.18618520419716,1.0,CLIENT,7,2,100000,12,32,0,3932,3932,1096,0,280,800,33357.824000000015,29,False,False
159,26,413.17392722611356,340.6458547955336,1.0,CLIENT,7,2,100000,12,46,0,3919,3920,1082,0,278,788,47951.872000000025,29,False,False
159,27,196.76457637388845,211.84861479562414,1.0,CLIENT,7,2,100000,12,32,0,3881,3881,1096,0,281,813,33357.824000000015,29,False,False
159,28,-258.23370740882996,41.30637479591087,1.0,CLIENT,7,2,100000,17,49,0,3842,3842,1079,0,276,799,51079.16800000003,29,False,False
159,29,108.44231202550458,-237.3275852045748,1.0,CLIENT,7,2,100000,12,37,0,3903,3903,1091,0,279,792,38569.98400000002,29,False,False

160,0,467.90996728393765,-238.21814520469928,1.0,CLIENT,7,2,100000,13,30,0,11021,11119,1243,1,324,894,31272.960000000014,49,False,False
160,1,323.90110935966356,-150.72062520413596,1.0,CLIENT,7,2,100000,15,21,0,11096,11103,1270,1,325,933,21891.072000000007,49,False,False
160,2,-491.1985320266778,496.9391347956281,1.0,CLIENT,7,2,100000,11,28,0,10900,11167,1224,1,324,882,29188.096000000012,49,False,False
160,3,-379.1916425302703,55.33269479530077,1.0,CLIENT,7,2,100000,12,28,0,11105,11105,1265,1,324,931,29188.096000000012,49,False,False
160,4,-372.85461907893455,392.7436147953014,1.0,CLIENT,7,2,100000,16,32,0,11105,11127,1259,1,323,922,33357.824000000015,49,False,False
160,5,400.10381635819095,-369.3531052042434,1.0,CLIENT,7,2,100000,9,18,0,10979,11116,1258,1,327,903,18763.776000000005,49,False,False
160,6,-229.79631467216382,224.42777479550386,1.0,CLIENT,7,2,100000,13,20,0,11076,11076,1273,1,326,931,20848.640000000007,49,False,False
160,7,-138.06790021901764,-29.60446520460806,1.0,CLIENT,7,2,100000,18,32,0,11063,11063,1261,1,323,928,33357.824000000015,49,False,False
160,8,-89.66888361196655,-149.27346520462578,1.0,CLIENT,7,2,100000,10,24,0,11107,11107,1268,2,325,925,25018.36800000001,49,False,False
160,9,-79.05436933130278,278.9745747954163,1.0,CLIENT,7,2,100000,16,24,0,11081,11081,1269,1,325,934,25018.36800000001,49,False,False
160,10,-178.9417014778538,-358.8890252045604,1.0,CLIENT,7,2,100000,12,26,0,11127,11132,1265,2,324,925,27103.23200000001,49,False,False
160,11,316.0590428391351,-23.036585204579865,1.0,CLIENT,7,2,100000,14,22,0,11108,11109,1271,1,325,927,22933.504000000008,49,False,False
160,12,-161.19803581535191,428.25469479581585,1.0,CLIENT,7,2,100000,15,40,0,11107,11109,1253,0,323,912,41697.28000000002,49,False,False
160,13,-224.17220635951844,-334.0646652047488,1.0,CLIENT,7,2,100000,17,33,0,11095,11102,1259,2,323,928,34400.256000000016,49,False,False
160,14,-92.20369299216314,-422.3414252041357,1.0,CLIENT,7,2,100000,14,22,0,11117,11126,1269,2,324,916,22933.504000000008,49,False,False
160,15,332.2976654324442,-154.50550520407177,1.0,CLIENT,7,2,100000,9,16,0,11113,11122,1276,1,327,927,16678.912000000004,49,False,False
160,16,-169.75301747400792,438.16217479532213,1.0,CLIENT,7,2,100000,15,36,0,11111,11114,1257,1,322,926,37527.55200000002,49,False,False
160,17,-457.69152052961846,-158.17906520428863,1.0,CLIENT,7,2,100000,13,16,0,11088,11105,1270,2,327,933,16678.912000000004,49,False,False
160,18,-479.31661305619724,109.21157479531757,1.0,CLIENT,7,2,100000,15,26,0,11073,11080,1266,1,324,933,27103.23200000001,49,False,False
160,19,-125.7107044892225,-218.62582520433364,1.0,CLIENT,7,2,100000,14,20,0,11092,11092,1272,2,326,935,20848.640000000007,49,False,False
160,20,443.8292781701,488.59013479535093,1.0,CLIENT,7,2,100000,10,27,0,11000,11160,1240,2,325,875,28145.66400000001,49,False,False
160,21,141.79089793612573,406.54729479525344,1.0,CLIENT,7,2,100000,17,30,0,11126,11132,1261,1,323,915,31272.960000000014,49,False,False
160,22,6.178596084632299,-420.11502520422,1.0,CLIENT,7,2,100000,10,12,0,11122,11126,1280,2,328,934,12509.184000000003,49,False,False
160,23,-484.78229578240445,131.14161479531788,1.0,CLIENT,7,2,100000,14,16,0,11116,11126,1274,1,327,940,16678.912000000004,49,False,False
160,24,-500.54564161696186,422.4660547954022,1.0,CLIENT,7,2,100000,10,17,0,11011,11161,1253,1,327,907,17721.344000000005,49,False,False
160,25,4.27748904962556,-55.319385204544176,1.0,CLIENT,7,2,100000,12,16,0,11093,11093,1277,1,327,947,16678.912000000004,49,False,False
160,26,416.6592901238136,-10.680065204138032,1.0,CLIENT,7,2,100000,12,32,0,11109,11123,1257,0,323,919,33357.824000000015,49,False,False
160,27,-349.0907811379733,-244.78602520472748,1.0,CLIENT,7,2,100000,12,25,0,11126,11139,1265,2,325,924,26060.80000000001,49,False,False
160,28,472.10824532032797,53.32893479561392,1.0,CLIENT,7,2,100000,17,46,0,11104,11126,1239,1,319,885,47951.872000000025,49,False,False
160,29,177.59508043456867,223.6485347958893,1.0,CLIENT,7,2,100000,12,26,0,11102,11102,1266,2,324,936,27103.23200000001,49,False,False
160,30,-139.01845373652102,274.52177479558486,1.0,CLIENT,7,2,100000,10,32,0,11120,11120,1261,1,323,927,33357.824000000015,49,False,False
160,31,315.9798300461974,-217.84658520471908,1.0,CLIENT,7,2,100000,15,34,0,11090,11107,1259,1,321,916,35442.68800000002,49,False,False
160,32,-173.3175931652084,-1.217865204298505,1.0,CLIENT,7,2,100000,12,22,0,11093,11093,1270,2,324,938,22933.504000000008,49,False,False
160,33,-424.10529623905865,-459.9675852040559,1.0,CLIENT,7,2,100000,11,25,0,11017,11140,1254,2,325,907,26060.80000000001,49,False,False
160,34,-44.4383787303019,126.91145479571531,1.0,CLIENT,7,2,100000,12,16,0,11096,11096,1277,1,327,944,16678.912000000004,49,False,False
160,35,-265.8381355499826,-119.8849852044728,1.0,CLIENT,7,2,100000,9,19,0,11114,11114,1274,2,326,937,19806.208000000006,49,False,False
160,36,-256.7286643390744,88.0607747957228,1.0,CLIENT,7,2,100000,8,8,0,11094,11094,1285,1,329,949,8339.456,49,False,False
160,37,269.9571972329047,-281.1876652045754,1.0,CLIENT,7,2,100000,14,20,0,11086,11101,1270,1,326,930,20848.640000000007,49,False,False
160,38,47.21082292990661,-359.22298520450823,1.0,CLIENT,7,2,100000,14,29,0,11107,11109,1264,1,323,935,30230.528000000013,49,False,False
160,39,-328.1786037495221,83.27401479594357,1.0,CLIENT,7,2,100000,17,32,0,11073,11073,1261,1,323,937,33357.824000000015,49,False,False
160,40,-17.189177891077808,170.66021479599698,1.0,CLIENT,7,2,100000,13,17,0,11103,11103,1276,1,326,941,17721.344000000005,49,False,False
160,41,-451.11685869890687,330.7383747952363,1.0,CLIENT,7,2,100000,12,30,0,11102,11134,1258,1,323,918,31272.960000000014,49,False,False
160,42,237.2423136674734,-91.94366520462097,1.0,CLIENT,7,2,100000,18,24,0,11056,11056,1269,1,325,934,25018.36800000001,49,False,False
160,43,163.89126722201897,-463.307185204325,1.0,CLIENT,7,2,100000,16,27,0,11031,11094,1259,1,324,909,28145.66400000001,49,False,False
160,44,-152.32620298381957,466.10349479596493,1.0,CLIENT,7,2,100000,14,40,0,11115,11118,1253,1,321,920,41697.28000000002,49,False,False
160,45,18.218940641551114,143.3868147952498,1.0,CLIENT,7,2,100000,18,36,0,11066,11066,1256,2,322,920,37527.55200000002,49,False,False
160,46,440.02706409952367,290.9971347959103,1.0,CLIENT,7,2,100000,12,24,0,11103,11135,1264,1,325,915,25018.36800000001,49,False,False
160,47,44.35916237683366,-325.3817052045238,1.0,CLIENT,7,2,100000,15,39,0,11101,11102,1253,1,320,916,40654.84800000002,49,False,False
160,48,-232.72718801873728,-321.9307852045358,1.0,CLIENT,7,2,100000,11,26,0,11130,11136,1266,2,324,930,27103.23200000001,49,False,False
160,49,49.666419517165544,-360.55882520429947,1.0,CLIENT,7,2,100000,16,34,0,11105,11106,1259,1,322,930,35442.68800000002,49,False,False

161,0,-445.96802714501314,-184.67322520463028,1.0,CLIENT,7,2,100000,13,28,0,10780,10803,1261,7,322,926,29188.096000000012,49,False,False
161,1,327.3072594649887,291.553734795296,1.0,CLIENT,7,2,100000,15,21,0,10753,10755,1271,8,323,941,21891.072000000007,49,False,False
161,2,161.59409622063538,225.2070147959094,1.0,CLIENT,7,2,100000,11,5,0,10744,10744,1286,10,328,951,5212.16,49,False,False
161,3,-159.29692877978235,281.7575747955087,1.0,CLIENT,7,2,100000,12,32,0,10782,10782,1260,8,321,926,33357.824000000015,49,False,False
161,4,379.746128521992,388.29081479547,1.0,CLIENT,7,2,100000,16,32,0,10755,10781,1259,9,321,918,33357.824000000015,49,False,False
161,5,-347.110461309466,-70.45890520428742,1.0,CLIENT,7,2,100000,9,15,0,10774,10781,1278,4,326,941,15636.480000000005,49,False,False
161,6,107.72939688737705,433.93201479571957,1.0,CLIENT,7,2,100000,13,24,0,10763,10764,1269,7,323,934,25018.36800000001,49,False,False
161,7,9.505533396456933,-144.37538520433662,1.0,CLIENT,7,2,100000,18,27,0,10725,10725,1266,7,321,941,28145.66400000001,49,False,False
161,8,21.704303539813925,-128.3453052044689,1.0,CLIENT,7,2,100000,10,20,0,10763,10764,1272,7,323,940,20848.640000000007,49,False,False
161,9,-474.24699429524117,302.5744147959466,1.0,CLIENT,7,2,100000,16,32,0,10698,10783,1239,6,321,902,33357.824000000015,49,False,False
161,10,-405.49028985199107,161.19801479536648,1.0,CLIENT,7,2,100000,12,27,0,10788,10799,1261,7,322,930,28145.66400000001,49,False,False
161,11,-156.20762984733355,477.68077479600123,1.0,CLIENT,7,2,100000,14,28,0,10757,10786,1255,6,322,923,29188.096000000012,49,False,False
161,12,-59.33038384029366,186.24501479540697,1.0,CLIENT,7,2,100000,15,28,0,10746,10746,1264,8,322,933,29188.096000000012,49,False,False
161,13,-258.86740975401983,-406.311345204268,1.0,CLIENT,7,2,100000,17,37,0,10757,10783,1245,7,320,896,38569.98400000002,49,False,False
161,14,-124.60172538584378,57.44777479549754,1.0,CLIENT,7,2,100000,14,14,0,10734,10734,1277,9,325,951,14594.048000000004,49,False,False
161,15,88.16383698224325,-228.19934520468308,1.0,CLIENT,7,2,100000,9,16,0,10783,10783,1277,7,325,939,16678.912000000004,49,False,False
161,16,-135.53309083882107,-64.11366520448809,1.0,CLIENT,7,2,100000,15,24,0,10726,10726,1267,9,323,935,25018.36800000001,49,False,False
161,17,-87.76777657639697,191.365734795925,1.0,CLIENT,7,2,100000,13,16,0,10764,10764,1277,7,325,944,16678.912000000004,49,False,False
161,18,439.8686385136483,86.1683347957549,1.0,CLIENT,7,2,100000,15,39,0,10780,10786,1253,8,319,923,40654.84800000002,49,False,False
161,19,-280.41328948709804,159.4168947959085,1.0,CLIENT,7,2,100000,14,20,0,10774,10775,1273,7,324,937,20848.640000000007,49,False,False
161,20,129.9089789656451,372.5946947955501,1.0,CLIENT,7,2,100000,10,15,0,10795,10795,1278,7,325,940,15636.480000000005,49,False,False
161,21,153.67281690716922,-213.72774520404448,1.0,CLIENT,7,2,100000,17,22,0,10767,10767,1270,8,323,932,22933.504000000008,49,False,False
161,22,-256.25338758032274,5.795294795396444,1.0,CLIENT,7,2,100000,10,12,0,10782,10782,1281,7,326,945,12509.184000000003,49,False,False
161,23,-185.8332144808789,356.11933479522463,1.0,CLIENT,7,2,100000,14,11,0,10774,10778,1281,7,326,940,11466.752000000002,49,False,False
161,24,-477.17786764125174,-339.51934520442364,1.0,CLIENT,7,2,100000,10,17,0,10720,10824,1253,8,324,908,17721.344000000005,49,False,False
161,25,-21.46666872040581,-291.2064652045916,1.0,CLIENT,7,2,100000,12,18,0,10785,10785,1275,7,325,930,18763.776000000005,49,False,False
161,26,40.240097133943834,-499.0409052042773,1.0,CLIENT,7,2,100000,12,34,0,10787,10812,1257,7,320,922,35442.68800000002,49,False,False
161,27,78.18302504676936,250.92193479584552,1.0,CLIENT,7,2,100000,12,20,0,10768,10768,1271,9,324,937,20848.640000000007,49,False,False
161,28,468.0683928703759,-86.93426520461287,1.0,CLIENT,7,2,100000,17,38,0,10762,10773,1253,8,319,920,39612.41600000002,49,False,False
161,29,168.3271836372223,155.9659747959205,1.0,CLIENT,7,2,100000,12,20,0,10743,10743,1272,8,324,941,20848.640000000007,49,False,False
161,30,198.7448962023957,-172.31670520418845,1.0,CLIENT,7,2,100000,10,28,0,10755,10755,1264,8,322,939,29188.096000000012,49,False,False
161,31,290.5525234490424,381.16633479526513,1.0,CLIENT,7,2,100000,15,30,0,10760,10767,1258,10,320,922,31272.960000000014,49,False,False
161,32,-394.71734998488915,371.59281479570666,1.0,CLIENT,7,2,100000,12,36,0,10730,10799,1233,7,321,882,37527.55200000002,49,False,False
161,33,-482.5643375745213,493.8221747955879,1.0,CLIENT,7,2,100000,11,32,0,10576,10809,1194,6,319,850,33357.824000000015,49,False,False
161,34,-131.33481280243072,-35.72706520417853,1.0,CLIENT,7,2,100000,12,17,0,10761,10762,1274,8,325,942,17721.344000000005,49,False,False
161,35,-246.35178843834933,-414.10374520436847,1.0,CLIENT,7,2,100000,9,22,0,10772,10823,1256,8,324,910,22933.504000000008,49,False,False
161,36,83.49028218710123,-212.6145452044821,1.0,CLIENT,7,2,100000,8,8,0,10785,10785,1285,7,327,948,8339.456,49,False,False
161,37,-320.97023957362063,-278.73862520443083,1.0,CLIENT,7,2,100000,14,22,0,10762,10777,1266,8,323,925,22933.504000000008,49,False,False
161,38,3.4853611179975252,-231.9842252046189,1.0,CLIENT,7,2,100000,14,26,0,10767,10767,1266,8,322,935,27103.23200000001,49,False,False
161,39,-135.84994201113457,207.2844947952828,1.0,CLIENT,7,2,100000,17,35,0,10748,10748,1257,8,320,927,36485.12000000002,49,False,False
161,40,-406.1239921966181,-63.89102520425922,1.0,CLIENT,7,2,100000,13,20,0,10775,10777,1271,7,324,936,20848.640000000007,49,False,False
161,41,-258.1544946158923,-330.279785204022,1.0,CLIENT,7,2,100000,12,32,0,10798,10814,1257,7,321,909,33357.824000000015,49,False,False
161,42,445.6511724121691,-460.1902252042848,1.0,CLIENT,7,2,100000,18,55,0,10609,10798,1205,8,317,856,57333.76000000003,49,False,False
161,43,421.0952065395798,235.33713479564454,1.0,CLIENT,7,2,100000,16,29,0,10763,10771,1263,7,321,932,30230.528000000013,49,False,False
161,44,351.30873578532584,85.50041479585929,1.0,CLIENT,7,2,100000,14,38,0,10775,10776,1254,8,319,927,39612.41600000002,49,False,False
161,45,320.17810808258776,165.20553479553115,1.0,CLIENT,7,2,100000,18,40,0,10746,10746,1253,7,319,924,41697.28000000002,49,False,False
161,46,265.04600405838687,297.5650147959385,1.0,CLIENT,7,2,100000,12,20,0,10779,10781,1270,10,324,924,20848.640000000007,49,False,False
161,47,131.17638365602483,440.49989479574776,1.0,CLIENT,7,2,100000,15,43,0,10769,10770,1247,10,318,917,44824.57600000002,49,False,False
161,48,459.275772832344,-379.03794520431177,1.0,CLIENT,7,2,100000,11,33,0,10668,10823,1237,8,321,885,34400.256000000016,49,False,False
161,49,437.01697796057545,502.9504147954796,1.0,CLIENT,7,2,100000,16,43,0,10591,10792,1218,10,318,884,44824.57600000002,49,False,False

162,0,-392.499391777006,40.41581479578639,1.0,CLIENT,7,2,100000,13,24,0,10999,11001,1288,3,331,952,25018.36800000001,49,False,False
162,1,-111.37318893148291,423.91321479570337,1.0,CLIENT,7,2,100000,15,25,0,10981,10990,1284,3,330,935,26060.80000000001,49,False,False
162,2,-60.59778853011054,106.31725479550624,1.0,CLIENT,7,2,100000,11,10,0,10977,10977,1300,5,334,959,10424.320000000002,49,False,False
162,3,-407.54982247343594,-55.319385204544176,1.0,CLIENT,7,2,100000,12,29,0,10993,11002,1282,3,329,934,30230.528000000013,49,False,False
162,4,421.9665472641455,-66.00610520445599,1.0,CLIENT,7,2,100000,16,31,0,10984,10991,1280,3,329,942,32315.392000000014,49,False,False
162,5,376.7360423824808,489.4806947954754,1.0,CLIENT,7,2,100000,9,16,0,10881,11019,1273,4,332,929,16678.912000000004,49,False,False
162,6,372.85461551896685,-42.96286520410234,1.0,CLIENT,7,2,100000,13,25,0,10997,10997,1287,3,330,950,26060.80000000001,49,False,False
162,7,463.94932762748596,-233.32006520441013,1.0,CLIENT,7,2,100000,18,49,0,10930,10987,1249,2,325,917,51079.16800000003,49,False,False
162,8,253.08487229496853,-249.35014520427785,1.0,CLIENT,7,2,100000,10,23,0,11009,11010,1288,4,331,947,23975.93600000001,49,False,False
162,9,-16.476262752387438,-27.934665204078044,1.0,CLIENT,7,2,100000,16,24,0,10958,10958,1285,6,331,950,25018.36800000001,49,False,False
162,10,-171.81255009545285,-169.645025204606,1.0,CLIENT,7,2,100000,12,22,0,10992,10992,1289,4,331,942,22933.504000000008,49,False,False
162,11,-95.45141751105011,-255.36142520412938,1.0,CLIENT,7,2,100000,14,20,0,10987,10987,1290,5,332,952,20848.640000000007,49,False,False
162,12,-388.53875211999156,-294.10078520440294,1.0,CLIENT,7,2,100000,15,37,0,10947,11008,1269,4,328,914,38569.98400000002,49,False,False
162,13,253.87700022603374,246.58045479573303,1.0,CLIENT,7,2,100000,17,24,0,10960,10960,1287,4,331,952,25018.36800000001,49,False,False
162,14,199.9330880992749,-441.4884652040436,1.0,CLIENT,7,2,100000,14,23,0,10990,11009,1283,3,330,937,23975.93600000001,49,False,False
162,15,74.4600237691307,225.98625479552396,1.0,CLIENT,7,2,100000,9,16,0,10993,10993,1295,4,333,962,16678.912000000004,49,False,False
162,16,-492.46593671705756,230.99565479553206,1.0,CLIENT,7,2,100000,15,41,0,10963,11014,1260,2,326,908,42739.71200000002,49,False,False
162,17,363.82435710099634,-98.84550520459698,1.0,CLIENT,7,2,100000,13,16,0,10984,10986,1295,3,333,950,16678.912000000004,49,False,False
162,18,374.99336093391224,275.74629479565715,1.0,CLIENT,7,2,100000,15,32,0,10965,10976,1276,5,329,946,33357.824000000015,49,False,False
162,19,426.00639971409765,186.13369479568803,1.0,CLIENT,7,2,100000,14,20,0,10982,10987,1291,4,332,942,20848.640000000007,49,False,False
162,20,-454.04773204491744,-327.27414520449173,1.0,CLIENT,7,2,100000,10,22,0,10844,11019,1272,4,332,919,22933.504000000008,49,False,False
162,21,-415.15425061458865,-173.98650520471847,1.0,CLIENT,7,2,100000,17,24,0,10958,10982,1284,3,331,940,25018.36800000001,49,False,False
162,22,187.1006156112909,-117.76990520427603,1.0,CLIENT,7,2,100000,10,12,0,10979,10979,1299,4,334,959,12509.184000000003,49,False,False
162,23,-46.26027297237097,318.7158147955333,1.0,CLIENT,7,2,100000,14,8,0,10980,10982,1304,3,335,959,8339.456,49,False,False
162,24,477.6531408400357,497.8296947957526,1.0,CLIENT,7,2,100000,10,21,0,10731,11046,1249,5,331,896,21891.072000000007,49,False,False
162,25,32.081179440539,-70.79286520423523,1.0,CLIENT,7,2,100000,12,16,0,10971,10971,1293,6,333,955,16678.912000000004,49,False,False
162,26,394.0044312867939,361.4626947959715,1.0,CLIENT,7,2,100000,12,32,0,10959,11005,1269,5,329,928,33357.824000000015,49,False,False
162,27,-423.86765785968277,317.37997479574204,1.0,CLIENT,7,2,100000,12,24,0,10984,11025,1280,2,331,941,25018.36800000001,49,False,False
162,28,-462.91956487644984,422.91133479585994,1.0,CLIENT,7,2,100000,17,54,0,10905,11015,1238,1,323,900,56291.32800000003,49,False,False
162,29,-275.5020963125802,333.2987347958908,1.0,CLIENT,7,2,100000,12,28,0,10990,10996,1281,3,330,942,29188.096000000012,49,False,False
162,30,-68.20221667182602,-192.91090520439752,1.0,CLIENT,7,2,100000,10,32,0,10996,10996,1279,4,329,943,33357.824000000015,49,False,False
162,31,-366.7552340075375,316.15545479566975,1.0,CLIENT,7,2,100000,15,36,0,10986,11009,1269,3,327,925,37527.55200000002,49,False,False
162,32,15.684131261354517,-297.3290652041621,1.0,CLIENT,7,2,100000,12,29,0,11013,11013,1283,3,329,946,30230.528000000013,49,False,False
162,33,387.27134387020686,289.9952547952759,1.0,CLIENT,7,2,100000,11,22,0,11002,11018,1287,5,331,947,22933.504000000008,49,False,False
162,34,88.4014753616191,252.81437479581342,1.0,CLIENT,7,2,100000,12,16,0,10988,10988,1295,4,333,957,16678.912000000004,49,False,False
162,35,-330.47577475034285,477.68077479600123,1.0,CLIENT,7,2,100000,9,24,0,10978,11058,1273,3,331,922,25018.36800000001,49,False,False
162,36,488.4260807065748,355.6740547955579,1.0,CLIENT,7,2,100000,8,15,0,10906,11041,1274,4,334,920,15636.480000000005,49,False,False
162,37,-40.00246231453572,12.80845479588237,1.0,CLIENT,7,2,100000,14,17,0,10947,10947,1293,5,333,952,17721.344000000005,49,False,False
162,38,-454.5230088036692,48.987454795501435,1.0,CLIENT,7,2,100000,14,36,0,11006,11021,1271,3,328,921,37527.55200000002,49,False,False
162,39,315.029276528694,171.6620947958404,1.0,CLIENT,7,2,100000,17,27,0,10941,10941,1283,5,330,937,28145.66400000001,49,False,False
162,40,432.8979127171227,110.21345479595198,1.0,CLIENT,7,2,100000,13,19,0,10988,10990,1292,3,332,948,19806.208000000006,49,False,False
162,41,62.182040832836044,300.9046147954166,1.0,CLIENT,7,2,100000,12,24,0,10989,10989,1288,3,331,946,25018.36800000001,49,False,False
162,42,359.2300150993548,24.49705479563761,1.0,CLIENT,7,2,100000,18,24,0,10966,10966,1288,3,331,953,25018.36800000001,49,False,False
162,43,-357.32891162375296,-469.3184652041765,1.0,CLIENT,7,2,100000,16,38,0,10769,11002,1247,4,326,901,39612.41600000002,49,False,False
162,44,172.12939770836147,-310.13086520427066,1.0,CLIENT,7,2,100000,14,33,0,10975,10975,1278,4,328,937,34400.256000000016,49,False,False
162,45,352.1008637169538,391.0738147955624,1.0,CLIENT,7,2,100000,18,39,0,10904,10965,1259,4,327,923,40654.84800000002,49,False,False
162,46,443.2747886184107,-479.1146252047548,1.0,CLIENT,7,2,100000,12,32,0,10718,11028,1223,2,330,867,33357.824000000015,49,False,False
162,47,-45.78499621361929,-412.6565852040673,1.0,CLIENT,7,2,100000,15,44,0,11002,11013,1266,3,326,926,45867.00800000002,49,False,False
162,48,-258.1544946158923,-475.32974520402803,1.0,CLIENT,7,2,100000,11,26,0,10885,11015,1265,4,330,922,27103.23200000001,49,False,False
162,49,75.80664125244809,168.87909479574802,1.0,CLIENT,7,2,100000,17,34,0,10987,10987,1277,4,328,937,35442.68800000002,49,False,False

163,0,-78.65830536548877,77.15141479558213,1.0,CLIENT,7,2,100000,13,24,0,10862,10862,1253,13,320,929,25018.36800000001,49,False,False
163,1,-52.755722009582065,-456.07138520440117,1.0,CLIENT,7,2,100000,15,27,0,10877,10887,1254,6,319,917,28145.66400000001,49,False,False
163,2,167.5350557061571,70.58353479555393,1.0,CLIENT,7,2,100000,11,11,0,10861,10861,1272,7,323,949,11466.752000000002,49,False,False
163,3,345.0509251274906,412.6698947956149,1.0,CLIENT,7,2,100000,12,34,0,10835,10892,1229,4,317,903,35442.68800000002,49,False,False
163,4,145.0386224550127,-154.28286520463388,1.0,CLIENT,7,2,100000,16,26,0,10833,10833,1252,12,319,932,27103.23200000001,49,False,False
163,5,456.42411227927107,-245.23130520439423,1.0,CLIENT,7,2,100000,9,17,0,10906,10912,1261,12,322,932,17721.344000000005,49,False,False
163,6,-289.7603990773821,-67.56458520447609,1.0,CLIENT,7,2,100000,13,28,0,10893,10893,1254,8,319,923,29188.096000000012,49,False,False
163,7,108.04624805969056,35.07245479583048,1.0,CLIENT,7,2,100000,18,33,0,10827,10828,1248,8,318,924,34400.256000000016,49,False,False
163,8,-353.36827196730127,87.83813479549394,1.0,CLIENT,7,2,100000,10,24,0,10921,10922,1255,11,320,905,25018.36800000001,49,False,False
163,9,409.6093515349131,-234.98986520414917,1.0,CLIENT,7,2,100000,16,24,0,10831,10832,1253,13,320,925,25018.36800000001,49,False,False
163,10,41.98277858307524,491.15049479600543,1.0,CLIENT,7,2,100000,12,29,0,10873,10897,1250,7,319,915,30230.528000000013,49,False,False
163,11,5.7033193258806145,-414.882985204774,1.0,CLIENT,7,2,100000,14,26,0,10882,10885,1256,7,319,923,27103.23200000001,49,False,False
163,12,17.10996153760957,89.50793479523298,1.0,CLIENT,7,2,100000,15,28,0,10842,10842,1253,9,319,926,29188.096000000012,49,False,False
163,13,-452.14662500991074,-499.7088252041729,1.0,CLIENT,7,2,100000,17,56,0,10544,10914,1170,1,310,820,58376.19200000003,49,False,False
163,14,448.2651945858662,-462.7505852041483,1.0,CLIENT,7,2,100000,14,26,0,10853,10885,1240,14,320,900,27103.23200000001,49,False,False
163,15,391.6280474924726,100.19465479593578,1.0,CLIENT,7,2,100000,9,16,0,10881,10884,1265,7,322,929,16678.912000000004,49,False,False
163,16,88.4014753616191,-216.73338520436573,1.0,CLIENT,7,2,100000,15,34,0,10869,10869,1243,13,317,918,35442.68800000002,49,False,False
163,17,468.9397335949416,56.557214795373056,1.0,CLIENT,7,2,100000,13,16,0,10856,10867,1265,6,322,932,16678.912000000004,49,False,False
163,18,435.67036047725804,-494.14282520398814,1.0,CLIENT,7,2,100000,15,48,0,10865,10901,1218,13,315,872,50036.736000000026,49,False,False
163,19,306.71193324885104,-469.6524252041243,1.0,CLIENT,7,2,100000,14,20,0,10859,10867,1255,12,321,923,20848.640000000007,49,False,False
163,20,262.7488330575661,17.261254795713796,1.0,CLIENT,7,2,100000,10,12,0,10869,10869,1270,8,323,945,12509.184000000003,49,False,False
163,21,-238.7473602971967,-214.39566520473107,1.0,CLIENT,7,2,100000,17,26,0,10876,10876,1257,7,319,927,27103.23200000001,49,False,False
163,22,477.57392804709804,223.9824947958371,1.0,CLIENT,7,2,100000,10,12,0,10870,10900,1260,4,323,926,12509.184000000003,49,False,False
163,23,211.8150070703184,72.36465479580289,1.0,CLIENT,7,2,100000,14,8,0,10837,10837,1275,7,324,943,8339.456,49,False,False
163,24,378.0034470728606,396.4171747955183,1.0,CLIENT,7,2,100000,10,14,0,10874,10928,1251,4,322,914,14594.048000000004,49,False,False
163,25,244.68831622218786,235.4484547953635,1.0,CLIENT,7,2,100000,12,16,0,10854,10855,1266,7,322,939,16678.912000000004,49,False,False
163,26,420.06544022913874,-107.08318520436421,1.0,CLIENT,7,2,100000,12,27,0,10876,10876,1255,8,319,931,28145.66400000001,49,False,False
163,27,248.33210470632602,-210.6107852040043,1.0,CLIENT,7,2,100000,12,14,0,10852,10852,1263,13,322,926,14594.048000000004,49,False,False
163,28,312.65289273437276,-147.49234520437682,1.0,CLIENT,7,2,100000,17,35,0,10836,10836,1245,10,317,925,36485.12000000002,49,False,False
163,29,353.2098428208954,428.47733479525374,1.0,CLIENT,7,2,100000,12,30,0,10855,10903,1233,3,318,898,31272.960000000014,49,False,False
163,30,-20.357689616464267,-244.56338520449862,1.0,CLIENT,7,2,100000,10,32,0,10875,10875,1251,7,318,926,33357.824000000015,49,False,False
163,31,-351.1503137594182,42.6422147957021,1.0,CLIENT,7,2,100000,15,43,0,10905,10905,1239,8,315,895,44824.57600000002,49,False,False
163,32,36.9131598221192,-357.5531852047692,1.0,CLIENT,7,2,100000,12,29,0,10892,10892,1254,7,318,918,30230.528000000013,49,False,False
163,33,357.3289080637852,-186.45434520408827,1.0,CLIENT,7,2,100000,11,20,0,10871,10871,1259,11,321,931,20848.640000000007,49,False,False
163,34,-318.5146429863617,391.0738147955624,1.0,CLIENT,7,2,100000,12,25,0,10854,10948,1235,12,320,899,26060.80000000001,49,False,False
163,35,-80.55941240105835,-32.05350520475264,1.0,CLIENT,7,2,100000,9,12,0,10859,10859,1267,11,323,934,12509.184000000003,49,False,False
163,36,27.962114197649175,200.60529479553566,1.0,CLIENT,7,2,100000,8,8,0,10893,10893,1275,7,324,950,8339.456,49,False,False
163,37,-209.75547800827837,94.85129479597987,1.0,CLIENT,7,2,100000,14,21,0,10865,10865,1257,12,321,921,21891.072000000007,49,False,False
163,38,427.4322299909155,-442.3790252041681,1.0,CLIENT,7,2,100000,14,28,0,10843,10869,1245,12,319,907,29188.096000000012,49,False,False
163,39,438.9972977890826,141.8283347952297,1.0,CLIENT,7,2,100000,17,35,0,10851,10859,1246,7,317,921,36485.12000000002,49,False,False
163,40,320.8118104277776,-82.9267452044482,1.0,CLIENT,7,2,100000,13,17,0,10865,10865,1266,8,322,941,17721.344000000005,49,False,False
163,41,496.26814722766613,120.45489479540606,1.0,CLIENT,7,2,100000,12,24,0,10844,10872,1247,6,320,916,25018.36800000001,49,False,False
163,42,-5.861748472286517,-371.80214520438795,1.0,CLIENT,7,2,100000,18,29,0,10872,10872,1254,7,318,917,30230.528000000013,49,False,False
163,43,32.001966647601336,-428.3527052039872,1.0,CLIENT,7,2,100000,16,27,0,10868,10870,1255,8,318,926,28145.66400000001,49,False,False
163,44,-152.40541577675722,116.33605479552244,1.0,CLIENT,7,2,100000,14,37,0,10874,10874,1242,11,316,922,38569.98400000002,49,False,False
163,45,364.6164850326244,81.38157479597567,1.0,CLIENT,7,2,100000,18,45,0,10857,10859,1237,7,315,916,46909.440000000024,49,False,False
163,46,-121.8292776257085,-62.22122520452018,1.0,CLIENT,7,2,100000,12,17,0,10861,10861,1264,9,321,933,17721.344000000005,49,False,False
163,47,226.94465055912315,-43.18550520433121,1.0,CLIENT,7,2,100000,15,27,0,10835,10835,1252,11,319,920,28145.66400000001,49,False,False
163,48,422.5210368163977,493.04293479597334,1.0,CLIENT,7,2,100000,11,38,0,10857,10940,1208,2,314,871,39612.41600000002,49,False,False
163,49,97.27330819315145,259.49357479556056,1.0,CLIENT,7,2,100000,16,36,0,10861,10861,1247,7,317,927,37527.55200000002,49,False,False

164,0,-231.14293215548122,202.38641479578462,1.0,CLIENT,7,2,100000,13,18,0,10869,10870,1290,8,327,952,18763.776000000005,49,False,False
164,1,-118.58155310738438,-170.42426520422055,1.0,CLIENT,7,2,100000,15,19,0,10862,10862,1293,4,327,959,19806.208000000006,49,False,False
164,2,188.05116912879427,-46.525105204600266,1.0,CLIENT,7,2,100000,11,12,0,10891,10891,1297,7,329,964,12509.184000000003,49,False,False
164,3,367.4681455856973,-426.57158520452924,1.0,CLIENT,7,2,100000,12,36,0,10892,10928,1265,8,322,930,37527.55200000002,49,False,False
164,4,-448.97811328452434,285.9877347959022,1.0,CLIENT,7,2,100000,16,39,0,10847,10938,1255,7,322,914,40654.84800000002,49,False,False
164,5,40.3193099268815,168.2111747958524,1.0,CLIENT,7,2,100000,9,15,0,10914,10914,1296,6,328,956,15636.480000000005,49,False,False
164,6,177.04059088287931,87.50417479554613,1.0,CLIENT,7,2,100000,13,20,0,10867,10867,1292,4,327,957,20848.640000000007,49,False,False
164,7,-263.8578157214754,474.7864547953989,1.0,CLIENT,7,2,100000,18,52,0,10816,10918,1241,6,319,905,54206.46400000003,49,False,False
164,8,178.70405953851022,-312.3572652041864,1.0,CLIENT,7,2,100000,10,21,0,10891,10891,1288,7,327,957,21891.072000000007,49,False,False
164,9,-494.6838949249406,-13.908345204688146,1.0,CLIENT,7,2,100000,16,32,0,10887,10922,1275,4,324,939,33357.824000000015,49,False,False
164,10,450.72079117312506,337.41757479577444,1.0,CLIENT,7,2,100000,12,32,0,10712,10919,1239,3,323,906,33357.824000000015,49,False,False
164,11,477.7323536329734,447.62437479595263,1.0,CLIENT,7,2,100000,14,54,0,10476,10891,1161,0,317,814,56291.32800000003,49,False,False
164,12,82.06445191084619,233.44469479567664,1.0,CLIENT,7,2,100000,15,28,0,10870,10870,1284,4,325,951,29188.096000000012,49,False,False
164,13,-310.8310020522714,306.5819347953203,1.0,CLIENT,7,2,100000,17,34,0,10889,10918,1270,7,323,934,35442.68800000002,49,False,False
164,14,-482.8811887473977,-345.3079852040463,1.0,CLIENT,7,2,100000,14,26,0,10790,10917,1252,2,325,912,27103.23200000001,49,False,False
164,15,233.91537635564876,-357.4418652042593,1.0,CLIENT,7,2,100000,9,17,0,10913,10914,1292,7,328,955,17721.344000000005,49,False,False
164,16,-138.86002815008285,-110.42278520463327,1.0,CLIENT,7,2,100000,15,28,0,10867,10867,1284,4,325,959,29188.096000000012,49,False,False
164,17,498.8029566078627,72.92125479597956,1.0,CLIENT,7,2,100000,13,16,0,10837,10901,1288,4,328,951,16678.912000000004,49,False,False
164,18,477.17786408128404,226.20889479575283,1.0,CLIENT,7,2,100000,15,40,0,10763,10904,1246,3,322,920,41697.28000000002,49,False,False
164,19,153.91045528654507,-77.24942520454448,1.0,CLIENT,7,2,100000,14,20,0,10873,10873,1289,7,327,955,20848.640000000007,49,False,False
164,20,502.2883195061255,-469.6524252041243,1.0,CLIENT,7,2,100000,10,26,0,10801,10974,1244,8,325,907,27103.23200000001,49,False,False
164,21,-492.7827878893711,-371.46818520444015,1.0,CLIENT,7,2,100000,17,33,0,10706,10904,1235,2,323,892,34400.256000000016,49,False,False
164,22,66.06346769691287,-3.3329452044952745,1.0,CLIENT,7,2,100000,10,12,0,10901,10901,1297,7,329,958,12509.184000000003,49,False,False
164,23,-397.80664891733784,-140.81314520462968,1.0,CLIENT,7,2,100000,14,10,0,10892,10904,1300,3,329,967,10424.320000000002,49,False,False
164,24,-137.98868742608,-419.8923852039911,1.0,CLIENT,7,2,100000,10,12,0,10933,10939,1298,4,329,959,12509.184000000003,49,False,False
164,25,-15.288070855508227,463.7657747955393,1.0,CLIENT,7,2,100000,12,20,0,10913,10929,1288,4,327,945,20848.640000000007,49,False,False
164,26,95.60983953695772,108.98893479587969,1.0,CLIENT,7,2,100000,12,24,0,10876,10876,1286,6,326,952,25018.36800000001,49,False,False
164,27,-384.9741764287911,59.56285479569431,1.0,CLIENT,7,2,100000,12,21,0,10923,10927,1289,5,326,951,21891.072000000007,49,False,False
164,28,37.071585408557375,0.6745747956694004,1.0,CLIENT,7,2,100000,17,33,0,10871,10871,1276,7,323,943,34400.256000000016,49,False,False
164,29,449.84945044855937,161.08669479564753,1.0,CLIENT,7,2,100000,12,28,0,10858,10920,1276,4,325,940,29188.096000000012,49,False,False
164,30,-113.591147139366,-410.4301852041516,1.0,CLIENT,7,2,100000,10,32,0,10901,10905,1280,4,324,953,33357.824000000015,49,False,False
164,31,-363.1114455228365,-361.78334520437176,1.0,CLIENT,7,2,100000,15,37,0,10859,10912,1265,3,321,934,38569.98400000002,49,False,False
164,32,498.32767984911106,-337.96086520440355,1.0,CLIENT,7,2,100000,12,29,0,10842,10917,1261,6,324,925,30230.528000000013,49,False,False
164,33,9.109469430642916,-184.00530520473467,1.0,CLIENT,7,2,100000,11,20,0,10883,10883,1290,6,327,957,20848.640000000007,49,False,False
164,34,218.627307279843,327.06481479581043,1.0,CLIENT,7,2,100000,12,16,0,10885,10902,1293,3,328,954,16678.912000000004,49,False,False
164,35,416.73850291731407,-247.45770520430995,1.0,CLIENT,7,2,100000,9,29,0,10920,10925,1279,4,327,939,30230.528000000013,49,False,False
164,36,-87.60935099052163,-103.07566520419954,1.0,CLIENT,7,2,100000,8,5,0,10911,10911,1307,4,330,971,5212.16,49,False,False
164,37,-73.58868660509557,213.07313479569643,1.0,CLIENT,7,2,100000,14,22,0,10902,10902,1287,7,326,948,22933.504000000008,49,False,False
164,38,-44.27995314386372,-273.0613052045271,1.0,CLIENT,7,2,100000,14,21,0,10866,10866,1291,4,326,961,21891.072000000007,49,False,False
164,39,-100.83788744431966,202.2750947952747,1.0,CLIENT,7,2,100000,17,35,0,10873,10873,1274,7,323,945,36485.12000000002,49,False,False
164,40,417.0553540896276,273.85385479568924,1.0,CLIENT,7,2,100000,13,22,0,10830,10918,1274,4,326,934,22933.504000000008,49,False,False
164,41,451.9089830705672,-337.7382252041747,1.0,CLIENT,7,2,100000,12,28,0,10899,10925,1278,7,325,939,29188.096000000012,49,False,False
164,42,225.2019691105546,-76.02490520447219,1.0,CLIENT,7,2,100000,18,24,0,10857,10857,1287,5,326,956,25018.36800000001,49,False,False
164,43,-365.25019093778195,-146.26782520430453,1.0,CLIENT,7,2,100000,16,25,0,10881,10884,1286,4,325,953,26060.80000000001,49,False,False
164,44,-290.6317398019478,-140.70182520411976,1.0,CLIENT,7,2,100000,14,34,0,10885,10885,1278,4,323,954,35442.68800000002,49,False,False
164,45,101.31316064310361,37.41017479546514,1.0,CLIENT,7,2,100000,18,36,0,10861,10861,1274,6,323,949,37527.55200000002,49,False,False
164,46,-486.6041900244735,-498.26166520466273,1.0,CLIENT,7,2,100000,12,35,0,10576,10916,1214,0,323,864,36485.12000000002,49,False,False
164,47,89.2728160861848,-291.4291052040295,1.0,CLIENT,7,2,100000,15,30,0,10865,10865,1281,5,324,950,31272.960000000014,49,False,False
164,48,289.28511875866263,-118.77178520411945,1.0,CLIENT,7,2,100000,11,16,0,10878,10878,1295,5,328,961,16678.912000000004,49,False,False
164,49,-391.9449022253167,-480.561785204265,1.0,CLIENT,7,2,100000,17,43,0,10747,10924,1229,3,318,888,44824.57600000002,49,False,False

165,0,-315.9006208132275,-471.4335452043733,1.0,CLIENT,7,2,100000,13,22,0,11029,11037,1270,2,326,937,22933.504000000008,49,False,False
165,1,-468.78131156847115,106.65121479545405,1.0,CLIENT,7,2,100000,15,32,0,11078,11086,1262,2,323,917,33357.824000000015,49,False,False
165,2,388.22189738771027,-394.62274520451274,1.0,CLIENT,7,2,100000,11,20,0,11079,11097,1268,3,326,929,20848.640000000007,49,False,False
165,3,-455.31513673529724,-407.53586520434027,1.0,CLIENT,7,2,100000,12,43,0,11065,11085,1248,2,322,912,44824.57600000002,49,False,False
165,4,370.3990189317079,-36.06102520412634,1.0,CLIENT,7,2,100000,16,31,0,11044,11044,1264,2,324,932,32315.392000000014,49,False,False
165,5,368.26027351676254,-349.315505204211,1.0,CLIENT,7,2,100000,9,16,0,11067,11079,1274,3,328,928,16678.912000000004,49,False,False
165,6,-335.2285423384226,-374.1398652040226,1.0,CLIENT,7,2,100000,13,28,0,11059,11059,1266,2,325,941,29188.096000000012,49,False,False
165,7,361.8440372730519,-48.75150520451598,1.0,CLIENT,7,2,100000,18,48,0,11045,11046,1246,2,320,916,50036.736000000026,49,False,False
165,8,-281.8391197639159,-346.6438252046285,1.0,CLIENT,7,2,100000,10,24,0,11044,11045,1270,2,326,937,25018.36800000001,49,False,False
165,9,-203.81451852331946,-161.8526252045055,1.0,CLIENT,7,2,100000,16,24,0,11003,11003,1269,3,326,943,25018.36800000001,49,False,False
165,10,-336.4167342358646,-168.7544652044815,1.0,CLIENT,7,2,100000,12,20,0,11030,11030,1274,2,327,943,20848.640000000007,49,False,False
165,11,-200.40836841855716,288.9933747954325,1.0,CLIENT,7,2,100000,14,26,0,11056,11058,1266,4,325,938,27103.23200000001,49,False,False
165,12,-3.802215850841603,427.6980947956392,1.0,CLIENT,7,2,100000,15,40,0,11099,11101,1254,2,322,922,41697.28000000002,49,False,False
165,13,-317.56408946885836,457.1978947955111,1.0,CLIENT,7,2,100000,17,51,0,11035,11112,1237,3,319,890,53164.03200000003,49,False,False
165,14,-48.478231180254056,37.85545479592287,1.0,CLIENT,7,2,100000,14,18,0,11032,11032,1275,3,327,945,18763.776000000005,49,False,False
165,15,187.4174667836044,-177.32610520419655,1.0,CLIENT,7,2,100000,9,16,0,11035,11035,1278,2,328,942,16678.912000000004,49,False,False
165,16,-404.698161920363,-322.3760652042026,1.0,CLIENT,7,2,100000,15,40,0,11061,11065,1253,2,322,914,41697.28000000002,49,False,False
165,17,-341.4071402033201,-107.52846520403097,1.0,CLIENT,7,2,100000,13,14,0,11030,11031,1280,1,328,952,14594.048000000004,49,False,False
165,18,-78.10381581379941,-455.1808252042767,1.0,CLIENT,7,2,100000,15,32,0,11026,11028,1260,3,324,932,33357.824000000015,49,False,False
165,19,189.16014823273582,267.7312547953278,1.0,CLIENT,7,2,100000,14,20,0,11039,11039,1274,2,327,934,20848.640000000007,49,False,False
165,20,470.7616278370106,149.3980947958923,1.0,CLIENT,7,2,100000,10,25,0,11093,11124,1263,1,326,915,26060.80000000001,49,False,False
165,21,-26.2194363084855,-39.17798520416653,1.0,CLIENT,7,2,100000,17,19,0,10996,10996,1274,3,327,937,19806.208000000006,49,False,False
165,22,395.66789994242475,-484.23534520448186,1.0,CLIENT,7,2,100000,10,16,0,11052,11113,1262,3,328,917,16678.912000000004,49,False,False
165,23,210.78524075931452,-262.0406252046675,1.0,CLIENT,7,2,100000,14,8,0,11031,11031,1286,2,330,949,8339.456,49,False,False
165,24,202.30947189359617,159.19425479567963,1.0,CLIENT,7,2,100000,10,12,0,11050,11051,1282,1,329,942,12509.184000000003,49,False,False
165,25,-195.25953686410062,-277.7367452045874,1.0,CLIENT,7,2,100000,12,16,0,11053,11053,1278,2,328,939,16678.912000000004,49,False,False
165,26,215.85485952027054,234.66921479574893,1.0,CLIENT,7,2,100000,12,30,0,11063,11063,1264,2,324,938,31272.960000000014,49,False,False
165,27,-492.386723923557,-283.4140652044911,1.0,CLIENT,7,2,100000,12,20,0,11031,11047,1273,1,327,934,20848.640000000007,49,False,False
165,28,24.555964092886875,-206.26930520468278,1.0,CLIENT,7,2,100000,17,34,0,11002,11002,1259,3,323,935,35442.68800000002,49,False,False
165,29,-38.576632038280664,-429.9111852040073,1.0,CLIENT,7,2,100000,12,23,0,11023,11023,1270,3,326,938,23975.93600000001,49,False,False
165,30,-376.4984075630727,-409.98490520448485,1.0,CLIENT,7,2,100000,10,32,0,11068,11076,1261,2,324,920,33357.824000000015,49,False,False
165,31,331.50553750081616,346.9910947953329,1.0,CLIENT,7,2,100000,15,38,0,11020,11059,1246,2,322,904,39612.41600000002,49,False,False
165,32,-230.98450656960588,366.13813479524083,1.0,CLIENT,7,2,100000,12,30,0,11070,11081,1262,4,324,918,31272.960000000014,49,False,False
165,33,19.803196504244344,-375.58702520432377,1.0,CLIENT,7,2,100000,11,20,0,11031,11031,1273,3,327,935,20848.640000000007,49,False,False
165,34,286.4334582055897,-488.79946520403223,1.0,CLIENT,7,2,100000,12,16,0,11031,11056,1272,3,328,927,16678.912000000004,49,False,False
165,35,-22.73407341078553,-31.94218520424272,1.0,CLIENT,7,2,100000,9,16,0,11041,11041,1277,3,328,941,16678.912000000004,49,False,False
165,36,-185.9124272743794,-174.54310520410417,1.0,CLIENT,7,2,100000,8,8,0,11058,11058,1286,2,330,945,8339.456,49,False,False
165,37,-483.435678299087,70.47221479583499,1.0,CLIENT,7,2,100000,14,24,0,11053,11058,1270,2,326,928,25018.36800000001,49,False,False
165,38,438.2843826503923,-15.132865204760435,1.0,CLIENT,7,2,100000,14,32,0,11047,11048,1262,2,324,918,33357.824000000015,49,False,False
165,39,-137.51341066676545,-431.58098520453734,1.0,CLIENT,7,2,100000,17,36,0,11032,11032,1256,4,323,927,37527.55200000002,49,False,False
165,40,263.1448970233801,30.953614795946862,1.0,CLIENT,7,2,100000,13,20,0,11048,11048,1274,2,327,928,20848.640000000007,49,False,False
165,41,-323.1089849885661,-36.840265204531875,1.0,CLIENT,7,2,100000,12,24,0,11054,11054,1270,2,326,938,25018.36800000001,49,False,False
165,42,48.6366532067245,-2.442385204370794,1.0,CLIENT,7,2,100000,18,24,0,10997,10997,1270,2,326,940,25018.36800000001,49,False,False
165,43,223.30086207498502,-434.4753052043487,1.0,CLIENT,7,2,100000,16,28,0,11042,11049,1264,3,324,927,29188.096000000012,49,False,False
165,44,-11.961133543683593,-441.7111052042725,1.0,CLIENT,7,2,100000,14,32,0,11021,11023,1260,4,324,927,33357.824000000015,49,False,False
165,45,-190.42755648308326,-468.53922520456194,1.0,CLIENT,7,2,100000,18,44,0,11042,11043,1248,4,321,923,45867.00800000002,49,False,False
165,46,-368.97319221542057,-215.17490520434563,1.0,CLIENT,7,2,100000,12,20,0,11050,11050,1274,2,327,938,20848.640000000007,49,False,False
165,47,268.21451578433613,-203.26366520436153,1.0,CLIENT,7,2,100000,15,37,0,11035,11036,1256,2,322,919,38569.98400000002,49,False,False
165,48,-249.1242361979218,-225.6389852040286,1.0,CLIENT,7,2,100000,11,20,0,11043,11043,1274,2,327,947,20848.640000000007,49,False,False
165,49,-270.82854151743817,3.9028547954285386,1.0,CLIENT,7,2,100000,16,28,0,11016,11016,1266,2,324,936,29188.096000000012,49,False,False

166,0,265.20442964482504,140.26985479600057,1.0,CLIENT,7,2,100000,13,24,0,10850,10850,1252,0,319,923,25018.36800000001,49,False,False
166,1,16.159408020106202,103.75689479564272,1.0,CLIENT,7,2,100000,15,22,0,10823,10823,1254,0,319,928,22933.504000000008,49,False,False
166,2,-13.94145337219084,181.012974795961,1.0,CLIENT,7,2,100000,11,11,0,10839,10839,1265,0,322,937,11466.752000000002,49,False,False
166,3,-89.98573478428006,-360.78146520452833,1.0,CLIENT,7,2,100000,12,34,0,10867,10867,1242,0,316,920,35442.68800000002,49,False,False
166,4,104.56088516142775,257.26717479564485,1.0,CLIENT,7,2,100000,16,28,0,10830,10830,1248,0,318,924,29188.096000000012,49,False,False
166,5,113.51193078646061,-219.96166520412487,1.0,CLIENT,7,2,100000,9,19,0,10875,10875,1257,0,321,919,19806.208000000006,49,False,False
166,6,-271.85830782844204,-149.05082520439692,1.0,CLIENT,7,2,100000,13,25,0,10856,10856,1251,0,318,919,26060.80000000001,49,False,False
166,7,-401.1335862291625,298.90085479572974,1.0,CLIENT,7,2,100000,18,39,0,10827,10827,1237,0,315,912,40654.84800000002,49,False,False
166,8,-114.46248786393171,-63.11178520464466,1.0,CLIENT,7,2,100000,10,21,0,10844,10844,1255,0,319,933,21891.072000000007,49,False,False
166,9,294.3547375196187,-131.23962520428023,1.0,CLIENT,7,2,100000,16,24,0,10832,10832,1252,0,319,920,25018.36800000001,49,False,False
166,10,149.47453887077887,-0.3273052041740243,1.0,CLIENT,7,2,100000,12,20,0,10843,10843,1256,0,320,930,20848.640000000007,49,False,False
166,11,74.1431725968172,130.47369479542226,1.0,CLIENT,7,2,100000,14,16,0,10816,10816,1260,0,321,937,16678.912000000004,49,False,False
166,12,-306.5535112229434,460.53749479578016,1.0,CLIENT,7,2,100000,15,33,0,10850,10858,1242,0,317,915,34400.256000000016,49,False,False
166,13,198.98253458177155,-38.17610520432311,1.0,CLIENT,7,2,100000,17,28,0,10830,10830,1248,0,318,927,29188.096000000012,49,False,False
166,14,-162.1485893328553,433.93201479571957,1.0,CLIENT,7,2,100000,14,24,0,10858,10858,1252,0,319,930,25018.36800000001,49,False,False
166,15,58.5382523486979,192.9242147959451,1.0,CLIENT,7,2,100000,9,16,0,10860,10860,1260,0,321,933,16678.912000000004,49,False,False
166,16,490.802464500896,195.4845747958086,1.0,CLIENT,7,2,100000,15,42,0,10814,10861,1225,0,315,891,43782.14400000002,49,False,False
166,17,252.92644670853036,-96.84174520411915,1.0,CLIENT,7,2,100000,13,16,0,10857,10857,1260,0,321,925,16678.912000000004,49,False,False
166,18,-237.08389164100296,386.0644147955543,1.0,CLIENT,7,2,100000,15,38,0,10853,10855,1238,0,315,909,39612.41600000002,49,False,False
166,19,-239.0642114695102,-140.14522520473406,1.0,CLIENT,7,2,100000,14,20,0,10825,10825,1256,0,320,927,20848.640000000007,49,False,False
166,20,-325.48536878288735,-123.22458520474186,1.0,CLIENT,7,2,100000,10,12,0,10863,10863,1264,0,322,932,12509.184000000003,49,False,False
166,21,232.8856100446449,-187.56754520444161,1.0,CLIENT,7,2,100000,17,22,0,10830,10830,1254,0,319,931,22933.504000000008,49,False,False
166,22,-387.0337090507988,213.51841479536319,1.0,CLIENT,7,2,100000,10,12,0,10867,10867,1264,0,322,931,12509.184000000003,49,False,False
166,23,411.5896713634204,107.31913479534967,1.0,CLIENT,7,2,100000,14,16,0,10873,10880,1258,0,321,928,16678.912000000004,49,False,False
166,24,-325.88143274813854,77.04009479586318,1.0,CLIENT,7,2,100000,10,12,0,10840,10840,1264,0,322,937,12509.184000000003,49,False,False
166,25,79.76728090946258,49.43273479595916,1.0,CLIENT,7,2,100000,12,16,0,10845,10845,1260,0,321,929,16678.912000000004,49,False,False
166,26,368.02263513738666,95.85317479582329,1.0,CLIENT,7,2,100000,12,28,0,10858,10861,1247,0,318,918,29188.096000000012,49,False,False
166,27,-434.48217214034656,-430.35646520446505,1.0,CLIENT,7,2,100000,12,35,0,10900,10922,1237,0,317,896,36485.12000000002,49,False,False
166,28,-37.626078520214456,301.46121479559326,1.0,CLIENT,7,2,100000,17,36,0,10844,10844,1240,0,315,910,37527.55200000002,49,False,False
166,29,-491.75302157836717,202.83169479545137,1.0,CLIENT,7,2,100000,12,28,0,10871,10876,1247,0,318,907,29188.096000000012,49,False,False
166,30,-355.82386855456025,-432.3602252041519,1.0,CLIENT,7,2,100000,10,32,0,10902,10908,1243,0,317,904,33357.824000000015,49,False,False
166,31,-146.30603070536014,-435.8111452041399,1.0,CLIENT,7,2,100000,15,40,0,10855,10855,1236,0,315,899,41697.28000000002,49,False,False
166,32,-96.87724778730517,19.376334795910566,1.0,CLIENT,7,2,100000,12,17,0,10819,10819,1259,0,320,934,17721.344000000005,49,False,False
166,33,169.7530139140402,46.42709479563791,1.0,CLIENT,7,2,100000,11,20,0,10837,10837,1256,0,320,917,20848.640000000007,49,False,False
166,34,-45.230506661367095,343.8741347952927,1.0,CLIENT,7,2,100000,12,16,0,10849,10849,1260,0,321,926,16678.912000000004,49,False,False
166,35,-19.803200064212074,-307.01390520423047,1.0,CLIENT,7,2,100000,9,20,0,10863,10863,1256,0,320,926,20848.640000000007,49,False,False
166,36,331.9808142601307,-97.50966520401477,1.0,CLIENT,7,2,100000,8,12,0,10889,10889,1264,0,322,927,12509.184000000003,49,False,False
166,37,-27.40762820592755,-180.3317452045178,1.0,CLIENT,7,2,100000,14,16,0,10827,10827,1260,0,321,921,16678.912000000004,49,False,False
166,38,16.397046399482043,183.5733347958245,1.0,CLIENT,7,2,100000,14,24,0,10834,10834,1252,0,319,929,25018.36800000001,49,False,False
166,39,-242.86642554008654,196.15249479570423,1.0,CLIENT,7,2,100000,17,35,0,10831,10831,1241,0,316,913,36485.12000000002,49,False,False
166,40,-431.63051158727353,-446.83182520399953,1.0,CLIENT,7,2,100000,13,32,0,10889,10914,1240,0,317,904,33357.824000000015,49,False,False
166,41,-265.75892275704496,486.69769479538303,1.0,CLIENT,7,2,100000,12,32,0,10878,10880,1244,0,317,918,33357.824000000015,49,False,False
166,42,354.9525242700268,-46.413785204090345,1.0,CLIENT,7,2,100000,18,30,0,10848,10848,1246,0,317,926,31272.960000000014,49,False,False
166,43,-285.5621210415546,-229.2012252045265,1.0,CLIENT,7,2,100000,16,30,0,10852,10852,1247,0,317,917,31272.960000000014,49,False,False
166,44,-421.570486858862,141.8283347952297,1.0,CLIENT,7,2,100000,14,40,0,10862,10862,1236,0,315,904,41697.28000000002,49,False,False
166,45,130.7803196902108,-485.68250520399204,1.0,CLIENT,7,2,100000,18,52,0,10873,10890,1221,0,312,898,54206.46400000003,49,False,False
166,46,380.6966820394954,-234.32194520425355,1.0,CLIENT,7,2,100000,12,24,0,10870,10872,1251,0,319,919,25018.36800000001,49,False,False
166,47,-287.542440869499,147.8396147958722,1.0,CLIENT,7,2,100000,15,35,0,10825,10825,1241,0,316,922,36485.12000000002,49,False,False
166,48,-125.2354277304708,475.12041479534673,1.0,CLIENT,7,2,100000,11,28,0,10881,10882,1247,0,318,915,29188.096000000012,49,False,False
166,49,170.30750346572955,-17.693225204623957,1.0,CLIENT,7,2,100000,17,25,0,10803,10803,1251,0,318,921,26060.80000000001,49,False,False

167,0,167.61426849909478,254.0388947958857,1.0,CLIENT,7,2,100000,13,20,0,10803,10803,1265,2,322,935,20848.640000000007,49,False,False
167,1,-469.2565883277856,-236.6596652046792,1.0,CLIENT,7,2,100000,15,37,0,10861,10896,1246,2,317,898,38569.98400000002,49,False,False
167,2,-203.4976673504431,79.82309479595557,1.0,CLIENT,7,2,100000,11,14,0,10819,10819,1272,2,323,940,14594.048000000004,49,False,False
167,3,411.74809694929576,488.2561747954031,1.0,CLIENT,7,2,100000,12,38,0,10755,10862,1213,2,316,890,39612.41600000002,49,False,False
167,4,284.53235117058296,-292.20834520443503,1.0,CLIENT,7,2,100000,16,30,0,10832,10832,1255,2,319,923,31272.960000000014,49,False,False
167,5,-27.72447937824106,32.51209479596696,1.0,CLIENT,7,2,100000,9,12,0,10825,10825,1274,1,324,942,12509.184000000003,49,False,False
167,6,20.51611164237187,200.27133479558785,1.0,CLIENT,7,2,100000,13,20,0,10793,10793,1266,1,322,934,20848.640000000007,49,False,False
167,7,-412.54022844089155,386.3983747955021,1.0,CLIENT,7,2,100000,18,59,0,10858,10882,1223,2,312,880,61503.488000000034,49,False,False
167,8,-316.1382591926033,-368.9078252045766,1.0,CLIENT,7,2,100000,10,25,0,10876,10902,1256,2,321,919,26060.80000000001,49,False,False
167,9,-5.228046127096658,429.0339347954304,1.0,CLIENT,7,2,100000,16,27,0,10816,10817,1258,1,321,927,28145.66400000001,49,False,False
167,10,-427.5906591373215,302.5744147959466,1.0,CLIENT,7,2,100000,12,37,0,10871,10887,1242,1,318,906,38569.98400000002,49,False,False
167,11,-422.5210403763654,-463.86378520450165,1.0,CLIENT,7,2,100000,14,48,0,10754,10921,1217,2,315,866,50036.736000000026,49,False,False
167,12,171.4956953631716,-84.59654520418724,1.0,CLIENT,7,2,100000,15,32,0,10821,10821,1253,2,319,929,33357.824000000015,49,False,False
167,13,485.73284573994005,-112.9831452044968,1.0,CLIENT,7,2,100000,17,29,0,10810,10815,1253,2,319,920,30230.528000000013,49,False,False
167,14,244.5298906357497,310.0328547953083,1.0,CLIENT,7,2,100000,14,17,0,10802,10806,1267,2,321,934,17721.344000000005,49,False,False
167,15,448.4236201723044,-136.4716652045172,1.0,CLIENT,7,2,100000,9,18,0,10851,10857,1265,2,323,930,18763.776000000005,49,False,False
167,16,246.35178487781877,371.14753479524893,1.0,CLIENT,7,2,100000,15,31,0,10808,10812,1252,2,319,924,32315.392000000014,49,False,False
167,17,217.12226421008742,496.9391347956281,1.0,CLIENT,7,2,100000,13,20,0,10832,10857,1255,1,322,918,20848.640000000007,49,False,False
167,18,15.208854502602831,298.34425479555307,1.0,CLIENT,7,2,100000,15,27,0,10794,10794,1259,1,320,934,28145.66400000001,49,False,False
167,19,172.76310005298848,-355.9947052047491,1.0,CLIENT,7,2,100000,14,20,0,10823,10823,1265,2,322,925,20848.640000000007,49,False,False
167,20,-303.6226378769328,471.66949479535873,1.0,CLIENT,7,2,100000,10,20,0,10840,10865,1257,2,322,914,20848.640000000007,49,False,False
167,21,-30.33850155193817,-81.81354520409485,1.0,CLIENT,7,2,100000,17,24,0,10800,10800,1261,2,321,939,25018.36800000001,49,False,False
167,22,496.3473600206038,137.37553479539827,1.0,CLIENT,7,2,100000,10,22,0,10837,10853,1256,2,324,914,22933.504000000008,49,False,False
167,23,-155.098650743392,193.2581747958929,1.0,CLIENT,7,2,100000,14,8,0,10798,10798,1277,2,325,940,8339.456,49,False,False
167,24,-60.91463970298689,15.925414795922563,1.0,CLIENT,7,2,100000,10,12,0,10812,10812,1273,2,324,937,12509.184000000003,49,False,False
167,25,-56.557936080158385,144.83397479555094,1.0,CLIENT,7,2,100000,12,16,0,10803,10803,1269,2,323,939,16678.912000000004,49,False,False
167,26,59.17195469388776,296.0065347959184,1.0,CLIENT,7,2,100000,12,25,0,10806,10807,1261,0,321,926,26060.80000000001,49,False,False
167,27,-258.47134578820584,103.42293479569491,1.0,CLIENT,7,2,100000,12,20,0,10825,10825,1265,2,322,929,20848.640000000007,49,False,False
167,28,145.98917597251608,-111.53598520419564,1.0,CLIENT,7,2,100000,17,36,0,10784,10784,1249,2,318,928,37527.55200000002,49,False,False
167,29,273.75941130348104,256.8218947959781,1.0,CLIENT,7,2,100000,12,27,0,10819,10820,1257,2,320,921,28145.66400000001,49,False,False
167,30,48.71586599966217,191.365734795925,1.0,CLIENT,7,2,100000,10,28,0,10811,10811,1258,1,320,926,29188.096000000012,49,False,False
167,31,342.8329669196075,-351.43058520440775,1.0,CLIENT,7,2,100000,15,35,0,10821,10838,1248,2,317,910,36485.12000000002,49,False,False
167,32,135.45387448535283,232.3314947953233,1.0,CLIENT,7,2,100000,12,27,0,10833,10833,1258,2,319,924,28145.66400000001,49,False,False
167,33,404.3813071875189,207.39581479579272,1.0,CLIENT,7,2,100000,11,20,0,10809,10818,1261,2,322,930,20848.640000000007,49,False,False
167,34,-60.20172456485937,289.88393479555697,1.0,CLIENT,7,2,100000,12,16,0,10840,10840,1269,2,323,937,16678.912000000004,49,False,False
167,35,-74.3016017432231,322.38937479575014,1.0,CLIENT,7,2,100000,9,16,0,10823,10823,1269,2,323,935,16678.912000000004,49,False,False
167,36,-233.59852874274014,-289.42534520434265,1.0,CLIENT,7,2,100000,8,11,0,10844,10846,1274,2,324,935,11466.752000000002,49,False,False
167,37,81.8268135309075,-447.4997452046861,1.0,CLIENT,7,2,100000,14,26,0,10834,10840,1259,2,321,927,27103.23200000001,49,False,False
167,38,182.5854864020242,-359.4456252047371,1.0,CLIENT,7,2,100000,14,26,0,10815,10815,1259,2,320,938,27103.23200000001,49,False,False
167,39,268.3729413702115,-36.06102520412634,1.0,CLIENT,7,2,100000,17,31,0,10785,10785,1254,2,319,933,32315.392000000014,49,False,False
167,40,461.73136941960297,144.61133479532208,1.0,CLIENT,7,2,100000,13,20,0,10839,10844,1262,2,322,921,20848.640000000007,49,False,False
167,41,318.75227780576984,-485.2372252043253,1.0,CLIENT,7,2,100000,12,40,0,10832,10913,1232,2,317,886,41697.28000000002,49,False,False
167,42,-238.43050912432034,422.02077479573546,1.0,CLIENT,7,2,100000,18,33,0,10815,10825,1251,2,319,919,34400.256000000016,49,False,False
167,43,177.119803675817,-311.4667052040619,1.0,CLIENT,7,2,100000,16,25,0,10808,10808,1260,2,320,925,26060.80000000001,49,False,False
167,44,136.00836403760502,-194.1354252044698,1.0,CLIENT,7,2,100000,14,24,0,10786,10786,1261,2,321,934,25018.36800000001,49,False,False
167,45,-49.74563587063378,-56.432585204106545,1.0,CLIENT,7,2,100000,18,36,0,10774,10774,1249,2,318,925,37527.55200000002,49,False,False
167,46,-74.69766570903711,-9.232905204627855,1.0,CLIENT,7,2,100000,12,20,0,10820,10820,1266,1,322,937,20848.640000000007,49,False,False
167,47,260.926938815497,-83.37202520411495,1.0,CLIENT,7,2,100000,15,29,0,10788,10788,1256,2,319,931,30230.528000000013,49,False,False
167,48,-33.19016210444828,116.00209479557464,1.0,CLIENT,7,2,100000,11,24,0,10830,10830,1262,1,321,934,25018.36800000001,49,False,False
167,49,88.87675212037078,378.16069479573486,1.0,CLIENT,7,2,100000,17,30,0,10795,10797,1256,0,319,930,31272.960000000014,49,False,False

168,0,-177.6742967880369,97.7456147957912,1.0,CLIENT,7,2,100000,13,23,0,10855,10855,1276,1,327,940,23975.93600000001,49,False,False
168,1,-10.931367233242556,-494.58810520444587,1.0,CLIENT,7,2,100000,15,27,0,10854,10864,1272,1,326,935,28145.66400000001,49,False,False
168,2,-171.33727333670114,-347.97966520441975,1.0,CLIENT,7,2,100000,11,16,0,10873,10875,1283,1,329,950,16678.912000000004,49,False,False
168,3,-32.7940981391971,184.463894795949,1.0,CLIENT,7,2,100000,12,26,0,10859,10859,1272,2,326,938,27103.23200000001,49,False,False
168,4,-139.41451770233505,186.9129347953026,1.0,CLIENT,7,2,100000,16,32,0,10860,10860,1267,1,325,936,33357.824000000015,49,False,False
168,5,-112.24452965604861,-81.92486520460477,1.0,CLIENT,7,2,100000,9,12,0,10860,10860,1286,2,330,948,12509.184000000003,49,False,False
168,6,459.03813445296817,-320.0383452045679,1.0,CLIENT,7,2,100000,13,33,0,10874,10904,1262,1,325,921,34400.256000000016,49,False,False
168,7,-270.1948391728111,-348.0909852041387,1.0,CLIENT,7,2,100000,18,48,0,10872,10874,1251,1,321,921,50036.736000000026,49,False,False
168,8,-226.70701574027788,-176.21290520463418,1.0,CLIENT,7,2,100000,10,25,0,10864,10864,1273,2,327,940,26060.80000000001,49,False,False
168,9,264.8875784725115,-492.8069852041969,1.0,CLIENT,7,2,100000,16,31,0,10843,10868,1265,0,325,934,32315.392000000014,49,False,False
168,10,443.35400141134835,-35.28178520451178,1.0,CLIENT,7,2,100000,12,24,0,10873,10874,1275,1,327,937,25018.36800000001,49,False,False
168,11,253.87700022603374,232.88809479549997,1.0,CLIENT,7,2,100000,14,20,0,10845,10845,1278,2,328,945,20848.640000000007,49,False,False
168,12,-464.2661823597673,-58.547665204303314,1.0,CLIENT,7,2,100000,15,33,0,10877,10881,1266,1,325,932,34400.256000000016,49,False,False
168,13,490.1687621557062,-31.16294520462816,1.0,CLIENT,7,2,100000,17,25,0,10838,10839,1274,1,326,935,26060.80000000001,49,False,False
168,14,252.7680211220922,478.126054795668,1.0,CLIENT,7,2,100000,14,24,0,10865,10881,1274,1,326,933,25018.36800000001,49,False,False
168,15,-323.18819778150373,-355.3267852040625,1.0,CLIENT,7,2,100000,9,21,0,10919,10929,1274,2,327,936,21891.072000000007,49,False,False
168,16,-76.28192157173034,-455.73742520445336,1.0,CLIENT,7,2,100000,15,40,0,10872,10879,1258,1,323,928,41697.28000000002,49,False,False
168,17,463.3948380752338,-152.72438520461378,1.0,CLIENT,7,2,100000,13,20,0,10886,10889,1279,1,328,937,20848.640000000007,49,False,False
168,18,170.9412058109194,382.16821479589953,1.0,CLIENT,7,2,100000,15,33,0,10858,10858,1266,1,324,932,34400.256000000016,49,False,False
168,19,-325.48536878288735,265.8388147953599,1.0,CLIENT,7,2,100000,14,20,0,10866,10870,1279,1,328,936,20848.640000000007,49,False,False
168,20,369.13161424132824,-424.5678252040514,1.0,CLIENT,7,2,100000,10,12,0,10836,10870,1282,1,330,944,12509.184000000003,49,False,False
168,21,74.4600237691307,-228.08802520417316,1.0,CLIENT,7,2,100000,17,25,0,10836,10836,1274,1,327,943,26060.80000000001,49,False,False
168,22,218.07281772815364,-401.7472252047176,1.0,CLIENT,7,2,100000,10,12,0,10879,10883,1286,1,330,950,12509.184000000003,49,False,False
168,23,278.11611492630954,264.3916547958497,1.0,CLIENT,7,2,100000,14,9,0,10857,10857,1289,2,331,946,9381.888,49,False,False
168,24,12.832470708281567,306.47061479560136,1.0,CLIENT,7,2,100000,10,12,0,10856,10856,1287,1,330,950,12509.184000000003,49,False,False
168,25,-80.16334843524433,-265.4915452046555,1.0,CLIENT,7,2,100000,12,20,0,10886,10886,1279,1,328,947,20848.640000000007,49,False,False
168,26,369.76531658651805,-405.4207852041435,1.0,CLIENT,7,2,100000,12,30,0,10842,10875,1262,1,325,925,31272.960000000014,49,False,False
168,27,309.32595542254813,-238.5521052046471,1.0,CLIENT,7,2,100000,12,20,0,10874,10874,1279,1,328,948,20848.640000000007,49,False,False
168,28,244.6091034292502,155.18673479551495,1.0,CLIENT,7,2,100000,17,35,0,10839,10839,1263,2,324,936,36485.12000000002,49,False,False
168,29,350.7542462336365,444.9526947955792,1.0,CLIENT,7,2,100000,12,28,0,10881,10901,1264,2,326,928,29188.096000000012,49,False,False
168,30,-64.71685377356322,455.9733747954388,1.0,CLIENT,7,2,100000,10,32,0,10878,10882,1267,1,325,935,33357.824000000015,49,False,False
168,31,106.85805616281134,455.639414795491,1.0,CLIENT,7,2,100000,15,40,0,10894,10896,1257,1,321,921,41697.28000000002,49,False,False
168,32,-157.3958217447756,186.80161479558365,1.0,CLIENT,7,2,100000,12,26,0,10863,10863,1273,1,326,942,27103.23200000001,49,False,False
168,33,444.70061889466575,-336.40238520438345,1.0,CLIENT,7,2,100000,11,24,0,10882,10910,1272,1,327,928,25018.36800000001,49,False,False
168,34,-422.204189203489,404.3208947953377,1.0,CLIENT,7,2,100000,12,23,0,10772,10927,1254,0,327,910,23975.93600000001,49,False,False
168,35,117.86863440872628,383.05877479523303,1.0,CLIENT,7,2,100000,9,20,0,10884,10884,1279,1,328,938,20848.640000000007,49,False,False
168,36,261.24378998781054,83.05137479571471,1.0,CLIENT,7,2,100000,8,8,0,10869,10869,1290,2,331,956,8339.456,49,False,False
168,37,382.0432995228127,-277.51410520435854,1.0,CLIENT,7,2,100000,14,23,0,10856,10866,1276,1,327,930,23975.93600000001,49,False,False
168,38,105.43222588599345,-297.7743452046198,1.0,CLIENT,7,2,100000,14,33,0,10834,10834,1266,1,327,931,34400.256000000016,49,False,False
168,39,-157.79188571002678,440.38857479523784,1.0,CLIENT,7,2,100000,17,35,0,10842,10855,1261,1,324,929,36485.12000000002,49,False,False
168,40,402.1633489796359,309.8102147958704,1.0,CLIENT,7,2,100000,13,28,0,10901,10902,1269,2,326,924,29188.096000000012,49,False,False
168,41,216.17171069258407,55.22137479558182,1.0,CLIENT,7,2,100000,12,20,0,10847,10847,1279,1,328,940,20848.640000000007,49,False,False
168,42,-72.00443074240233,-219.29374520422925,1.0,CLIENT,7,2,100000,18,24,0,10832,10832,1275,1,327,943,25018.36800000001,49,False,False
168,43,-383.94441011835005,-293.0989052045595,1.0,CLIENT,7,2,100000,16,42,0,10903,10911,1255,2,322,918,43782.14400000002,49,False,False
168,44,258.23370384886226,-35.50442520474064,1.0,CLIENT,7,2,100000,14,29,0,10830,10830,1270,1,325,941,30230.528000000013,49,False,False
168,45,33.74464809673274,122.01337479542616,1.0,CLIENT,7,2,100000,18,36,0,10807,10807,1262,2,324,932,37527.55200000002,49,False,False
168,46,-218.38967246043487,403.54165479572316,1.0,CLIENT,7,2,100000,12,27,0,10890,10899,1270,1,326,938,28145.66400000001,49,False,False
168,47,-284.9284186963647,142.60757479563523,1.0,CLIENT,7,2,100000,15,37,0,10845,10845,1262,1,323,930,38569.98400000002,49,False,False
168,48,-261.95670868646863,213.18445479541538,1.0,CLIENT,7,2,100000,11,24,0,10868,10869,1275,1,327,939,25018.36800000001,49,False,False
168,49,109.31365275007028,-378.9266252045928,1.0,CLIENT,7,2,100000,16,34,0,10864,10864,1265,1,324,931,35442.68800000002,49,False,False

169,0,159.05928684043877,-16.246065204322804,1.0,CLIENT,7,2,100000,13,16,0,10711,10711,1288,3,328,959,16678.912000000004,49,False,False
169,1,449.69102486268406,457.8658147954067,1.0,CLIENT,7,2,100000,15,41,0,10447,10773,1212,2,322,872,42739.71200000002,49,False,False
169,2,-427.27380796444504,-365.56822520430757,1.0,CLIENT,7,2,100000,11,23,0,10674,10784,1254,3,327,912,23975.93600000001,49,False,False
169,3,-131.96851514762056,240.5691747958815,1.0,CLIENT,7,2,100000,12,25,0,10719,10719,1279,3,325,946,26060.80000000001,49,False,False
169,4,46.97318455053077,474.89777479590884,1.0,CLIENT,7,2,100000,16,30,0,10741,10749,1274,2,324,939,31272.960000000014,49,False,False
169,5,-227.49914367134306,-310.5761452047284,1.0,CLIENT,7,2,100000,9,15,0,10759,10760,1290,2,328,949,15636.480000000005,49,False,False
169,6,-315.34613126097526,-207.71646520419296,1.0,CLIENT,7,2,100000,13,24,0,10743,10747,1281,2,326,955,25018.36800000001,49,False,False
169,7,-222.90480166913872,88.61737479589948,1.0,CLIENT,7,2,100000,18,36,0,10709,10709,1269,2,323,945,37527.55200000002,49,False,False
169,8,-385.29102760166734,-421.4508652040112,1.0,CLIENT,7,2,100000,10,27,0,10699,10808,1253,2,326,912,28145.66400000001,49,False,False
169,9,-412.0649516821398,-52.98166520411854,1.0,CLIENT,7,2,100000,16,27,0,10743,10745,1277,3,325,951,28145.66400000001,49,False,False
169,10,-184.9618737563132,394.9700147960081,1.0,CLIENT,7,2,100000,12,24,0,10759,10760,1281,2,326,938,25018.36800000001,49,False,False
169,11,-215.61722470086244,-150.16402520475026,1.0,CLIENT,7,2,100000,14,21,0,10743,10743,1284,2,326,957,21891.072000000007,49,False,False
169,12,406.7576909818402,-329.7231852046363,1.0,CLIENT,7,2,100000,15,36,0,10766,10785,1266,3,323,925,37527.55200000002,49,False,False
169,13,432.81869992418507,234.11261479557226,1.0,CLIENT,7,2,100000,17,32,0,10685,10734,1263,3,324,932,33357.824000000015,49,False,False
169,14,-383.152282186722,-500.15410520463064,1.0,CLIENT,7,2,100000,14,36,0,10588,10792,1229,1,323,901,37527.55200000002,49,False,False
169,15,-192.09102513871414,342.42697479578254,1.0,CLIENT,7,2,100000,9,16,0,10763,10763,1289,2,328,957,16678.912000000004,49,False,False
169,16,-13.62460219987733,-393.39822520444045,1.0,CLIENT,7,2,100000,15,40,0,10766,10768,1264,2,322,941,41697.28000000002,49,False,False
169,17,-226.78622853321554,-292.9875852040496,1.0,CLIENT,7,2,100000,13,16,0,10745,10746,1289,2,328,955,16678.912000000004,49,False,False
169,18,247.302338395885,360.01553479567036,1.0,CLIENT,7,2,100000,15,38,0,10748,10762,1263,2,322,933,39612.41600000002,49,False,False
169,19,234.94514266608982,434.5999347956152,1.0,CLIENT,7,2,100000,14,20,0,10735,10780,1276,1,327,932,20848.640000000007,49,False,False
169,20,-384.73653804941523,-98.2889052044203,1.0,CLIENT,7,2,100000,10,12,0,10746,10748,1290,3,329,958,12509.184000000003,49,False,False
169,21,0.5544877719869086,-211.50134520412877,1.0,CLIENT,7,2,100000,17,23,0,10715,10715,1281,3,326,949,23975.93600000001,49,False,False
169,22,-145.9891795324838,358.67969479587913,1.0,CLIENT,7,2,100000,10,12,0,10795,10795,1293,2,329,951,12509.184000000003,49,False,False
169,23,211.18130472512854,228.8805747953353,1.0,CLIENT,7,2,100000,14,8,0,10713,10714,1295,3,330,956,8339.456,49,False,False
169,24,-204.923497627261,-76.80414520408675,1.0,CLIENT,7,2,100000,10,12,0,10748,10748,1292,3,329,958,12509.184000000003,49,False,False
169,25,-408.10431202512535,355.7853747952768,1.0,CLIENT,7,2,100000,12,20,0,10743,10766,1279,3,327,934,20848.640000000007,49,False,False
169,26,327.7033234302399,432.93013479587614,1.0,CLIENT,7,2,100000,12,34,0,10681,10781,1252,2,323,920,35442.68800000002,49,False,False
169,27,495.31759370959986,10.359414795737791,1.0,CLIENT,7,2,100000,12,20,0,10738,10756,1282,2,327,944,20848.640000000007,49,False,False
169,28,-13.466176613439155,316.48941479561756,1.0,CLIENT,7,2,100000,17,36,0,10714,10714,1269,2,323,937,37527.55200000002,49,False,False
169,29,-111.29397613854525,-227.6427452045064,1.0,CLIENT,7,2,100000,12,28,0,10747,10747,1277,2,325,950,29188.096000000012,49,False,False
169,30,97.98622333127898,-21.255465204330903,1.0,CLIENT,7,2,100000,10,32,0,10742,10742,1272,3,324,940,33357.824000000015,49,False,False
169,31,-245.87651167959766,120.67753479563493,1.0,CLIENT,7,2,100000,15,31,0,10714,10714,1273,3,323,943,32315.392000000014,49,False,False
169,32,-351.4671649317317,-384.7152652042155,1.0,CLIENT,7,2,100000,12,32,0,10711,10775,1260,2,324,915,33357.824000000015,49,False,False
169,33,379.19163896973976,-263.48778520417767,1.0,CLIENT,7,2,100000,11,24,0,10778,10779,1280,3,326,946,25018.36800000001,49,False,False
169,34,-281.6014813845401,451.5205747956074,1.0,CLIENT,7,2,100000,12,17,0,10745,10758,1284,2,328,944,17721.344000000005,49,False,False
169,35,-278.987459210843,209.06561479553176,1.0,CLIENT,7,2,100000,9,20,0,10774,10774,1284,3,327,945,20848.640000000007,49,False,False
169,36,247.77761515463666,-101.96246520463717,1.0,CLIENT,7,2,100000,8,8,0,10749,10749,1296,3,330,964,8339.456,49,False,False
169,37,-80.55941240105835,-176.32422520435313,1.0,CLIENT,7,2,100000,14,16,0,10716,10716,1289,2,328,949,16678.912000000004,49,False,False
169,38,495.9512960547898,187.80349479542707,1.0,CLIENT,7,2,100000,14,39,0,10719,10779,1254,2,322,921,40654.84800000002,49,False,False
169,39,485.4159945676265,105.64933479561063,1.0,CLIENT,7,2,100000,17,40,0,10703,10733,1259,3,323,914,41697.28000000002,49,False,False
169,40,177.67429322750635,-416.21882520456523,1.0,CLIENT,7,2,100000,13,23,0,10766,10769,1282,1,326,941,23975.93600000001,49,False,False
169,41,-155.9699914679577,9.580174795332255,1.0,CLIENT,7,2,100000,12,20,0,10731,10731,1283,4,327,954,20848.640000000007,49,False,False
169,42,-487.2378923696633,-322.04210520425477,1.0,CLIENT,7,2,100000,18,32,0,10606,10742,1248,2,323,917,33357.824000000015,49,False,False
169,43,360.81427096204806,-107.19450520408316,1.0,CLIENT,7,2,100000,16,25,0,10729,10729,1280,2,325,944,26060.80000000001,49,False,False
169,44,-358.121039555381,-21.812065204507576,1.0,CLIENT,7,2,100000,14,37,0,10746,10746,1268,2,322,946,38569.98400000002,49,False,False
169,45,130.38425572439678,-70.01362520462067,1.0,CLIENT,7,2,100000,18,36,0,10694,10694,1268,3,323,939,37527.55200000002,49,False,False
169,46,-290.79016538838596,373.8192147956224,1.0,CLIENT,7,2,100000,12,24,0,10763,10763,1280,3,326,946,25018.36800000001,49,False,False
169,47,388.6179613535244,-229.86914520442213,1.0,CLIENT,7,2,100000,15,45,0,10760,10762,1260,2,321,934,46909.440000000024,49,False,False
169,48,208.09200579267974,-444.71674520459374,1.0,CLIENT,7,2,100000,11,31,0,10777,10784,1273,2,324,938,32315.392000000014,49,False,False
169,49,70.97466087143073,182.57145479598108,1.0,CLIENT,7,2,100000,17,28,0,10711,10711,1277,2,324,947,29188.096000000012,49,False,False

170,0,448.1067689999909,112.66249479530558,1.0,CLIENT,7,2,100000,13,24,0,10671,10683,1258,1,320,923,25018.36800000001,49,False,False
170,1,-472.6627384325479,429.47921479588814,1.0,CLIENT,7,2,100000,15,35,0,10701,10721,1246,2,317,906,36485.12000000002,49,False,False
170,2,62.57810479865006,-481.4523452043895,1.0,CLIENT,7,2,100000,11,22,0,10712,10726,1261,1,321,923,22933.504000000008,49,False,False
170,3,-392.42017898406834,243.12953479574503,1.0,CLIENT,7,2,100000,12,38,0,10712,10712,1247,1,316,922,39612.41600000002,49,False,False
170,4,357.0912696844094,241.01445479554826,1.0,CLIENT,7,2,100000,16,32,0,10670,10677,1252,1,318,933,33357.824000000015,49,False,False
170,5,15.446492881978674,-83.37202520411495,1.0,CLIENT,7,2,100000,9,12,0,10669,10669,1273,1,323,945,12509.184000000003,49,False,False
170,6,326.7527699127365,30.619654795999054,1.0,CLIENT,7,2,100000,13,23,0,10668,10668,1261,2,320,932,23975.93600000001,49,False,False
170,7,-104.9569526872095,203.499614795347,1.0,CLIENT,7,2,100000,18,36,0,10645,10645,1248,2,317,923,37527.55200000002,49,False,False
170,8,-444.22534569588174,446.95645479526604,1.0,CLIENT,7,2,100000,10,27,0,10719,10737,1255,2,320,906,28145.66400000001,49,False,False
170,9,-100.44182347850564,-363.119185204163,1.0,CLIENT,7,2,100000,16,25,0,10671,10672,1259,1,319,938,26060.80000000001,49,False,False
170,10,158.26715890881073,457.1978947955111,1.0,CLIENT,7,2,100000,12,24,0,10685,10698,1258,1,320,924,25018.36800000001,49,False,False
170,11,-42.854122867608666,-60.99670520444789,1.0,CLIENT,7,2,100000,14,20,0,10653,10653,1265,1,321,935,20848.640000000007,49,False,False
170,12,-78.26224140023758,187.58085479598918,1.0,CLIENT,7,2,100000,15,28,0,10653,10653,1256,2,319,933,29188.096000000012,49,False,False
170,13,-496.664214752885,-148.60554520473016,1.0,CLIENT,7,2,100000,17,40,0,10666,10707,1239,1,316,914,41697.28000000002,49,False,False
170,14,73.98474701037902,-269.833025204768,1.0,CLIENT,7,2,100000,14,21,0,10674,10674,1264,1,320,931,21891.072000000007,49,False,False
170,15,404.46051998101944,17.929174795609413,1.0,CLIENT,7,2,100000,9,16,0,10701,10705,1269,1,322,932,16678.912000000004,49,False,False
170,16,38.41820289187476,461.42805479590464,1.0,CLIENT,7,2,100000,15,28,0,10661,10662,1257,1,319,923,29188.096000000012,49,False,False
170,17,479.2373967027289,254.37285479583352,1.0,CLIENT,7,2,100000,13,21,0,10646,10693,1250,1,321,910,21891.072000000007,49,False,False
170,18,-462.681926497074,-390.5039052046291,1.0,CLIENT,7,2,100000,15,50,0,10541,10723,1207,1,314,869,52121.60000000003,49,False,False
170,19,-483.1188271267735,-323.4892652045559,1.0,CLIENT,7,2,100000,14,22,0,10604,10736,1234,1,321,890,22933.504000000008,49,False,False
170,20,253.56014905372024,-311.1327452041141,1.0,CLIENT,7,2,100000,10,20,0,10710,10722,1263,1,321,925,20848.640000000007,49,False,False
170,21,-186.78376799838227,190.25253479557165,1.0,CLIENT,7,2,100000,17,24,0,10660,10660,1260,2,320,933,25018.36800000001,49,False,False
170,22,142.89987704006728,299.23481479567755,1.0,CLIENT,7,2,100000,10,12,0,10674,10674,1273,1,323,940,12509.184000000003,49,False,False
170,23,344.8132867481147,79.15517479526898,1.0,CLIENT,7,2,100000,14,10,0,10680,10680,1275,1,323,943,10424.320000000002,49,False,False
170,24,118.34391116747797,-189.68262520463838,1.0,CLIENT,7,2,100000,10,12,0,10691,10691,1273,1,323,943,12509.184000000003,49,False,False
170,25,34.615988821298444,328.95725479577834,1.0,CLIENT,7,2,100000,12,16,0,10667,10667,1269,1,322,939,16678.912000000004,49,False,False
170,26,74.4600237691307,-155.84134520465398,1.0,CLIENT,7,2,100000,12,24,0,10662,10662,1261,1,320,931,25018.36800000001,49,False,False
170,27,-65.11291773937722,487.47693479578857,1.0,CLIENT,7,2,100000,12,20,0,10685,10687,1265,1,321,934,20848.640000000007,49,False,False
170,28,-134.18647335550367,455.52809479577206,1.0,CLIENT,7,2,100000,17,41,0,10681,10683,1244,1,315,924,42739.71200000002,49,False,False
170,29,-64.87527936000139,383.17009479574295,1.0,CLIENT,7,2,100000,12,24,0,10663,10663,1261,1,320,932,25018.36800000001,49,False,False
170,30,-163.17835564385916,221.53345479569253,1.0,CLIENT,7,2,100000,10,28,0,10667,10667,1256,2,319,924,29188.096000000012,49,False,False
170,31,227.18228893906183,-132.24150520412365,1.0,CLIENT,7,2,100000,15,32,0,10663,10663,1252,2,317,923,33357.824000000015,49,False,False
170,32,-250.2332153018633,-336.40238520438345,1.0,CLIENT,7,2,100000,12,29,0,10704,10713,1255,0,318,927,30230.528000000013,49,False,False
170,33,350.83345902657413,-32.944065204086144,1.0,CLIENT,7,2,100000,11,20,0,10689,10690,1264,2,321,938,20848.640000000007,49,False,False
170,34,-202.23026266062624,244.68801479576513,1.0,CLIENT,7,2,100000,12,16,0,10680,10680,1268,2,322,941,16678.912000000004,49,False,False
170,35,-260.2932400302749,-119.21706520457718,1.0,CLIENT,7,2,100000,9,19,0,10685,10685,1266,1,321,944,19806.208000000006,49,False,False
170,36,-437.0961943134808,-86.15502520420733,1.0,CLIENT,7,2,100000,8,13,0,10734,10737,1272,1,323,943,13551.616000000004,49,False,False
170,37,-56.9540000459724,-69.34570520472505,1.0,CLIENT,7,2,100000,14,20,0,10665,10665,1265,1,321,939,20848.640000000007,49,False,False
170,38,228.37048083594104,4.682094795834075,1.0,CLIENT,7,2,100000,14,22,0,10645,10645,1263,1,320,933,22933.504000000008,49,False,False
170,39,-61.94440601342793,-122.89062520400307,1.0,CLIENT,7,2,100000,17,36,0,10677,10677,1249,1,317,923,37527.55200000002,49,False,False
170,40,419.5109506768865,205.7260147952627,1.0,CLIENT,7,2,100000,13,28,0,10694,10709,1255,1,319,928,29188.096000000012,49,False,False
170,41,355.1109498559021,146.39245479557104,1.0,CLIENT,7,2,100000,12,23,0,10670,10671,1261,1,320,930,23975.93600000001,49,False,False
170,42,421.80812167827014,454.9714947955954,1.0,CLIENT,7,2,100000,18,33,0,10573,10685,1233,1,318,899,34400.256000000016,49,False,False
170,43,-23.843052514727074,-226.08426520448631,1.0,CLIENT,7,2,100000,16,27,0,10658,10658,1259,1,319,924,28145.66400000001,49,False,False
170,44,-178.22878633972627,30.28569479526027,1.0,CLIENT,7,2,100000,14,29,0,10647,10647,1256,1,318,937,30230.528000000013,49,False,False
170,45,-9.347111370549326,-214.0617052039923,1.0,CLIENT,7,2,100000,18,44,0,10665,10665,1241,1,315,909,45867.00800000002,49,False,False
170,46,313.44502066543794,-245.1199852046753,1.0,CLIENT,7,2,100000,12,24,0,10698,10707,1258,2,320,928,25018.36800000001,49,False,False
170,47,7.366787981511511,414.11705479591603,1.0,CLIENT,7,2,100000,15,38,0,10662,10663,1247,1,316,920,39612.41600000002,49,False,False
170,48,291.8991409323598,203.05433479568023,1.0,CLIENT,7,2,100000,11,16,0,10659,10659,1269,1,322,945,16678.912000000004,49,False,False
170,49,372.6961899325287,461.3167347953947,1.0,CLIENT,7,2,100000,17,43,0,10595,10692,1224,0,316,893,44824.57600000002,49,False,False

171,0,-24.87281882516811,-15.466825204708243,1.0,CLIENT,7,2,100000,13,20,0,10764,10764,1271,8,326,943,20848.640000000007,49,False,False
171,1,-240.49004174576527,-346.5325052041186,1.0,CLIENT,7,2,100000,15,25,0,10789,10792,1267,5,324,934,26060.80000000001,49,False,False
171,2,-213.39926649297934,452.07717479578406,1.0,CLIENT,7,2,100000,11,18,0,10801,10821,1274,6,326,938,18763.776000000005,49,False,False
171,3,-249.52030016373578,-445.6073052047182,1.0,CLIENT,7,2,100000,12,38,0,10794,10816,1251,7,321,926,39612.41600000002,49,False,False
171,4,-235.6580613647479,129.58313479529778,1.0,CLIENT,7,2,100000,16,26,0,10774,10774,1266,7,324,938,27103.23200000001,49,False,False
171,5,-277.56162893458793,-355.8833852042392,1.0,CLIENT,7,2,100000,9,18,0,10824,10831,1274,6,326,936,18763.776000000005,49,False,False
171,6,-441.21525955693346,166.20741479537458,1.0,CLIENT,7,2,100000,13,31,0,10813,10829,1260,7,323,919,32315.392000000014,49,False,False
171,7,-103.29348403157859,-263.9330652046354,1.0,CLIENT,7,2,100000,18,36,0,10758,10758,1256,7,322,929,37527.55200000002,49,False,False
171,8,-229.558676292788,251.92381479568894,1.0,CLIENT,7,2,100000,10,24,0,10827,10828,1267,7,325,933,25018.36800000001,49,False,False
171,9,277.72005096049554,-209.05230520477517,1.0,CLIENT,7,2,100000,16,24,0,10767,10768,1268,7,325,934,25018.36800000001,49,False,False
171,10,329.2875792934959,458.53373479530234,1.0,CLIENT,7,2,100000,12,36,0,10753,10834,1238,5,323,899,37527.55200000002,49,False,False
171,11,192.01180878580877,498.60893479536713,1.0,CLIENT,7,2,100000,14,33,0,10769,10818,1238,6,323,910,34400.256000000016,49,False,False
171,12,414.12448074361697,-99.17946520454478,1.0,CLIENT,7,2,100000,15,29,0,10751,10756,1264,5,324,929,30230.528000000013,49,False,False
171,13,-64.16236422131102,488.59013479535093,1.0,CLIENT,7,2,100000,17,33,0,10790,10803,1259,6,322,926,34400.256000000016,49,False,False
171,14,-229.95474025860202,176.6714947958485,1.0,CLIENT,7,2,100000,14,21,0,10788,10789,1270,8,325,935,21891.072000000007,49,False,False
171,15,465.8504346624927,-155.95266520437292,1.0,CLIENT,7,2,100000,9,16,0,10793,10815,1267,6,327,933,16678.912000000004,49,False,False
171,16,-129.51291856036164,468.1072547956518,1.0,CLIENT,7,2,100000,15,38,0,10792,10798,1255,5,321,924,39612.41600000002,49,False,False
171,17,103.05584209223503,-316.8100652040178,1.0,CLIENT,7,2,100000,13,16,0,10775,10776,1276,7,327,948,16678.912000000004,49,False,False
171,18,-386.7168578779225,-469.0958252047386,1.0,CLIENT,7,2,100000,15,46,0,10702,10840,1226,5,319,889,47951.872000000025,49,False,False
171,19,412.4610120879861,-405.64342520437236,1.0,CLIENT,7,2,100000,14,20,0,10713,10804,1246,7,326,920,20848.640000000007,49,False,False
171,20,296.4934829340013,-264.600985204531,1.0,CLIENT,7,2,100000,10,12,0,10767,10778,1278,6,328,943,12509.184000000003,49,False,False
171,21,-501.1001311686512,440.8338547956956,1.0,CLIENT,7,2,100000,17,54,0,10433,10828,1202,6,319,865,56291.32800000003,49,False,False
171,22,341.4863494362901,200.4939747958167,1.0,CLIENT,7,2,100000,10,12,0,10807,10810,1282,5,328,948,12509.184000000003,49,False,False
171,23,463.1571996958579,328.1780147953728,1.0,CLIENT,7,2,100000,14,10,0,10692,10776,1263,5,328,918,10424.320000000002,49,False,False
171,24,369.0524014483906,-427.9074252043205,1.0,CLIENT,7,2,100000,10,13,0,10747,10821,1254,6,327,914,13551.616000000004,49,False,False
171,25,91.96605105281958,-198.1429452046345,1.0,CLIENT,7,2,100000,12,17,0,10764,10764,1273,9,327,939,17721.344000000005,49,False,False
171,26,221.5581806258536,-173.65254520477066,1.0,CLIENT,7,2,100000,12,24,0,10765,10765,1269,6,325,942,25018.36800000001,49,False,False
171,27,497.77319029685884,-85.48710520431172,1.0,CLIENT,7,2,100000,12,33,0,10805,10827,1251,4,324,910,34400.256000000016,49,False,False
171,28,234.7867170802145,115.66813479562683,1.0,CLIENT,7,2,100000,17,33,0,10759,10760,1259,6,322,930,34400.256000000016,49,False,False
171,29,342.7537541266698,-149.27346520462578,1.0,CLIENT,7,2,100000,12,28,0,10782,10788,1261,6,324,931,29188.096000000012,49,False,False
171,30,329.4460048793713,-31.60822520429491,1.0,CLIENT,7,2,100000,10,31,0,10777,10778,1262,7,323,933,32315.392000000014,49,False,False
171,31,-62.02361880692844,-59.438225204427795,1.0,CLIENT,7,2,100000,15,25,0,10744,10744,1266,8,323,930,26060.80000000001,49,False,False
171,32,-409.45092950844264,-463.52982520455384,1.0,CLIENT,7,2,100000,12,34,0,10718,10843,1243,5,322,897,35442.68800000002,49,False,False
171,33,-137.90947463257947,-69.457025204444,1.0,CLIENT,7,2,100000,11,20,0,10771,10771,1272,7,326,944,20848.640000000007,49,False,False
171,34,481.6137804970502,-317.4779852047044,1.0,CLIENT,7,2,100000,12,16,0,10726,10792,1256,6,327,919,16678.912000000004,49,False,False
171,35,491.1985284667101,122.68129479532178,1.0,CLIENT,7,2,100000,9,21,0,10800,10827,1268,5,326,931,21891.072000000007,49,False,False
171,36,460.46396472922316,-251.24258520424576,1.0,CLIENT,7,2,100000,8,11,0,10769,10814,1263,6,328,924,11466.752000000002,49,False,False
171,37,249.59950939670574,373.0399747960078,1.0,CLIENT,7,2,100000,14,27,0,10802,10815,1260,6,324,921,28145.66400000001,49,False,False
171,38,15.208854502602831,-449.72614520460183,1.0,CLIENT,7,2,100000,14,29,0,10777,10785,1260,7,324,926,30230.528000000013,49,False,False
171,39,13.070109087657409,157.41313479543066,1.0,CLIENT,7,2,100000,17,27,0,10738,10738,1265,7,324,931,28145.66400000001,49,False,False
171,40,75.25215170075874,97.63429479528128,1.0,CLIENT,7,2,100000,13,16,0,10774,10774,1276,7,327,948,16678.912000000004,49,False,False
171,41,-58.06297914991394,-57.21182520451208,1.0,CLIENT,7,2,100000,12,20,0,10765,10765,1270,9,326,942,20848.640000000007,49,False,False
171,42,262.7488330575661,193.36949479561184,1.0,CLIENT,7,2,100000,18,24,0,10754,10754,1269,6,325,940,25018.36800000001,49,False,False
171,43,110.81869581982583,121.01149479558273,1.0,CLIENT,7,2,100000,16,20,0,10729,10729,1271,8,326,942,20848.640000000007,49,False,False
171,44,202.23025910065851,-278.73862520443083,1.0,CLIENT,7,2,100000,14,38,0,10775,10776,1254,6,322,924,39612.41600000002,49,False,False
171,45,-81.90602988437574,-183.89398520422475,1.0,CLIENT,7,2,100000,18,37,0,10753,10753,1254,8,321,922,38569.98400000002,49,False,False
171,46,-116.20516931306311,-239.88794520443832,1.0,CLIENT,7,2,100000,12,18,0,10777,10777,1274,7,326,947,18763.776000000005,49,False,False
171,47,274.9476032009231,-412.0999852046816,1.0,CLIENT,7,2,100000,15,44,0,10780,10801,1244,8,320,916,45867.00800000002,49,False,False
171,48,-160.48512067666155,87.39285479582719,1.0,CLIENT,7,2,100000,11,21,0,10779,10779,1271,7,325,937,21891.072000000007,49,False,False
171,49,-216.1717142525518,428.92261479571147,1.0,CLIENT,7,2,100000,17,37,0,10785,10808,1252,6,321,917,38569.98400000002,49,False,False

172,0,403.58917925645375,-173.87518520420855,1.0,CLIENT,7,2,100000,13,28,0,10670,10671,1265,4,320,934,29188.096000000012,49,False,False
172,1,-322.2376442640004,-268.2745452047479,1.0,CLIENT,7,2,100000,15,26,0,10664,10669,1267,3,320,938,27103.23200000001,49,False,False
172,2,322.31685349697034,342.3156547952726,1.0,CLIENT,7,2,100000,11,16,0,10668,10668,1277,4,323,949,16678.912000000004,49,False,False
172,3,327.5448978443645,-391.7284252047014,1.0,CLIENT,7,2,100000,12,38,0,10662,10674,1252,4,317,919,39612.41600000002,49,False,False
172,4,195.3387460976334,-196.69578520433333,1.0,CLIENT,7,2,100000,16,28,0,10627,10627,1265,4,320,941,29188.096000000012,49,False,False
172,5,-55.448956976216834,-251.0199452040169,1.0,CLIENT,7,2,100000,9,12,0,10649,10649,1283,2,324,958,12509.184000000003,49,False,False
172,6,-185.19951213568905,386.8436547959598,1.0,CLIENT,7,2,100000,13,28,0,10657,10667,1264,3,320,933,29188.096000000012,49,False,False
172,7,459.59262400465747,-444.49410520436487,1.0,CLIENT,7,2,100000,18,60,0,10554,10651,1215,2,314,877,62545.920000000035,49,False,False
172,8,-279.46273596959463,40.97241479596306,1.0,CLIENT,7,2,100000,10,20,0,10635,10636,1275,1,322,942,20848.640000000007,49,False,False
172,9,183.53603992009042,-251.1312652045268,1.0,CLIENT,7,2,100000,16,24,0,10624,10624,1270,3,321,941,25018.36800000001,49,False,False
172,10,446.9185771025488,364.02305479583504,1.0,CLIENT,7,2,100000,12,32,0,10677,10682,1260,3,319,930,33357.824000000015,49,False,False
172,11,135.37466169241515,275.74629479565715,1.0,CLIENT,7,2,100000,14,17,0,10613,10613,1278,3,323,944,17721.344000000005,49,False,False
172,12,-254.90677009700534,-133.13206520424814,1.0,CLIENT,7,2,100000,15,28,0,10633,10633,1267,2,320,939,29188.096000000012,49,False,False
172,13,-204.923497627261,-75.35698520457657,1.0,CLIENT,7,2,100000,17,28,0,10621,10621,1267,2,320,941,29188.096000000012,49,False,False
172,14,185.674785334473,311.48001479560946,1.0,CLIENT,7,2,100000,14,21,0,10642,10642,1272,4,321,946,21891.072000000007,49,False,False
172,15,-270.5909031380623,55.88929479547744,1.0,CLIENT,7,2,100000,9,16,0,10643,10643,1279,2,323,954,16678.912000000004,49,False,False
172,16,52.43886727730082,189.8072547959049,1.0,CLIENT,7,2,100000,15,28,0,10620,10620,1266,3,320,939,29188.096000000012,49,False,False
172,17,18.139727848613447,-186.00906520442152,1.0,CLIENT,7,2,100000,13,16,0,10631,10631,1278,3,323,953,16678.912000000004,49,False,False
172,18,-298.7906574953526,-79.03054520400246,1.0,CLIENT,7,2,100000,15,38,0,10644,10645,1257,1,317,934,39612.41600000002,49,False,False
172,19,398.9948372542494,-220.6295852040205,1.0,CLIENT,7,2,100000,14,20,0,10663,10666,1272,4,322,939,20848.640000000007,49,False,False
172,20,-235.81648695062324,-146.8244252044812,1.0,CLIENT,7,2,100000,10,13,0,10653,10653,1282,2,324,951,13551.616000000004,49,False,False
172,21,122.38376361743012,108.87761479536977,1.0,CLIENT,7,2,100000,17,23,0,10608,10608,1271,3,321,944,23975.93600000001,49,False,False
172,22,352.6553532686432,430.8150547956794,1.0,CLIENT,7,2,100000,10,14,0,10692,10694,1278,4,324,938,14594.048000000004,49,False,False
172,23,70.81623528499256,211.84861479562414,1.0,CLIENT,7,2,100000,14,8,0,10611,10611,1285,4,325,956,8339.456,49,False,False
172,24,-53.86470111352361,182.12617479552335,1.0,CLIENT,7,2,100000,10,12,0,10620,10620,1283,2,324,958,12509.184000000003,49,False,False
172,25,-97.03567337374334,374.487134795518,1.0,CLIENT,7,2,100000,12,16,0,10638,10639,1277,4,323,942,16678.912000000004,49,False,False
172,26,-424.2637218254968,-84.93050520413505,1.0,CLIENT,7,2,100000,12,34,0,10664,10670,1260,1,319,927,35442.68800000002,49,False,False
172,27,-383.62755894547365,457.7544947956878,1.0,CLIENT,7,2,100000,12,35,0,10569,10699,1227,2,319,891,36485.12000000002,49,False,False
172,28,-307.4248519475091,220.08629479539138,1.0,CLIENT,7,2,100000,17,38,0,10643,10645,1255,4,317,928,39612.41600000002,49,False,False
172,29,160.40590432375615,-324.0458652047326,1.0,CLIENT,7,2,100000,12,28,0,10648,10648,1266,3,320,935,29188.096000000012,49,False,False
172,30,-426.7193184127558,169.4356947959247,1.0,CLIENT,7,2,100000,10,32,0,10655,10667,1260,4,319,929,33357.824000000015,49,False,False
172,31,-230.90529377610537,-225.97294520476737,1.0,CLIENT,7,2,100000,15,37,0,10651,10651,1257,3,317,930,38569.98400000002,49,False,False
172,32,153.2767529413552,-121.33214520477395,1.0,CLIENT,7,2,100000,12,26,0,10645,10645,1269,2,320,946,27103.23200000001,49,False,False
172,33,-202.94317779875377,114.10965479560673,1.0,CLIENT,7,2,100000,11,20,0,10635,10635,1274,3,322,951,20848.640000000007,49,False,False
172,34,141.39483397087457,480.46377479530264,1.0,CLIENT,7,2,100000,12,16,0,10655,10657,1277,4,323,948,16678.912000000004,49,False,False
172,35,464.5830299721131,-237.3275852045748,1.0,CLIENT,7,2,100000,9,20,0,10651,10669,1269,4,322,931,20848.640000000007,49,False,False
172,36,-223.30086563495274,-368.35122520439995,1.0,CLIENT,7,2,100000,8,12,0,10683,10690,1282,2,324,950,12509.184000000003,49,False,False
172,37,424.4221438514044,-6.449905204535469,1.0,CLIENT,7,2,100000,14,20,0,10641,10641,1273,4,322,948,20848.640000000007,49,False,False
172,38,161.11881946188367,-36.61762520430301,1.0,CLIENT,7,2,100000,14,24,0,10616,10616,1270,3,321,942,25018.36800000001,49,False,False
172,39,115.57146340790553,372.2607347956023,1.0,CLIENT,7,2,100000,17,34,0,10646,10646,1259,4,318,929,35442.68800000002,49,False,False
172,40,23.446984988945328,110.88137479584759,1.0,CLIENT,7,2,100000,13,16,0,10619,10619,1279,2,323,955,16678.912000000004,49,False,False
172,41,-307.8209159127603,142.27361479568742,1.0,CLIENT,7,2,100000,12,24,0,10645,10646,1270,3,321,940,25018.36800000001,49,False,False
172,42,-317.009599917169,284.0952947959343,1.0,CLIENT,7,2,100000,18,28,0,10623,10637,1259,3,320,930,29188.096000000012,49,False,False
172,43,448.58204575874254,261.05205479558066,1.0,CLIENT,7,2,100000,16,34,0,10659,10659,1259,4,318,926,35442.68800000002,49,False,False
172,44,23.288559402507154,70.8061747957828,1.0,CLIENT,7,2,100000,14,30,0,10616,10616,1264,3,319,944,31272.960000000014,49,False,False
172,45,371.50799803564945,453.52433479529424,1.0,CLIENT,7,2,100000,18,51,0,10664,10673,1242,4,314,909,53164.03200000003,49,False,False
172,46,417.2137796760658,53.88553479579059,1.0,CLIENT,7,2,100000,12,24,0,10659,10659,1270,3,321,936,25018.36800000001,49,False,False
172,47,-276.92792658939806,-331.949585204552,1.0,CLIENT,7,2,100000,15,45,0,10668,10675,1247,3,316,919,46909.440000000024,49,False,False
172,48,20.59532443587238,289.9952547952759,1.0,CLIENT,7,2,100000,11,21,0,10640,10640,1272,4,321,945,21891.072000000007,49,False,False
172,49,430.83838009567785,-296.32718520431865,1.0,CLIENT,7,2,100000,17,39,0,10637,10649,1250,4,317,921,40654.84800000002,49,False,False

173,0,454.6814308301397,-427.57346520437267,1.0,CLIENT,7,2,100000,13,42,0,10740,10882,1237,1,324,896,43782.14400000002,49,False,False
173,1,-385.05338922229157,-230.98234520477547,1.0,CLIENT,7,2,100000,15,34,0,10813,10820,1264,3,325,924,35442.68800000002,49,False,False
173,2,87.68856022349158,22.715934795388648,1.0,CLIENT,7,2,100000,11,9,0,10764,10764,1291,3,331,951,9381.888,49,False,False
173,3,311.6231264233689,-215.0635852046267,1.0,CLIENT,7,2,100000,12,32,0,10785,10787,1267,3,326,931,33357.824000000015,49,False,False
173,4,400.2622419446291,464.54501479594484,1.0,CLIENT,7,2,100000,16,30,0,10732,10793,1260,4,326,920,31272.960000000014,49,False,False
173,5,-394.71734998488915,216.9693347953512,1.0,CLIENT,7,2,100000,9,12,0,10773,10783,1286,3,331,942,12509.184000000003,49,False,False
173,6,391.4696219060345,-97.84362520475355,1.0,CLIENT,7,2,100000,13,24,0,10771,10771,1276,3,328,941,25018.36800000001,49,False,False
173,7,-21.70430709978165,182.68277479570003,1.0,CLIENT,7,2,100000,18,36,0,10742,10742,1264,3,325,931,37527.55200000002,49,False,False
173,8,120.48265658242339,419.46041479587194,1.0,CLIENT,7,2,100000,10,25,0,10783,10783,1275,3,328,936,26060.80000000001,49,False,False
173,9,419.1148867110726,72.6986147957507,1.0,CLIENT,7,2,100000,16,24,0,10762,10762,1276,3,328,935,25018.36800000001,49,False,False
173,10,321.6039383588428,21.825374795264167,1.0,CLIENT,7,2,100000,12,24,0,10787,10787,1276,3,328,942,25018.36800000001,49,False,False
173,11,-191.61574837996247,-157.95642520405977,1.0,CLIENT,7,2,100000,14,24,0,10777,10777,1276,3,328,940,25018.36800000001,49,False,False
173,12,-254.35228054531598,478.68265479584466,1.0,CLIENT,7,2,100000,15,37,0,10785,10819,1259,3,324,919,38569.98400000002,49,False,False
173,13,-322.39606985043855,-73.90982520427542,1.0,CLIENT,7,2,100000,17,26,0,10753,10753,1274,3,327,938,27103.23200000001,49,False,False
173,14,-297.0479760462212,388.17949479575105,1.0,CLIENT,7,2,100000,14,26,0,10771,10801,1267,2,327,930,27103.23200000001,49,False,False
173,15,-423.23395551449295,-244.67470520421756,1.0,CLIENT,7,2,100000,9,21,0,10813,10841,1277,4,329,933,21891.072000000007,49,False,False
173,16,-389.72694401743354,98.52485479540576,1.0,CLIENT,7,2,100000,15,28,0,10742,10748,1271,2,327,940,29188.096000000012,49,False,False
173,17,-188.28881106813785,497.38441479529484,1.0,CLIENT,7,2,100000,13,19,0,10767,10795,1275,2,329,936,19806.208000000006,49,False,False
173,18,316.8511707707631,81.38157479597567,1.0,CLIENT,7,2,100000,15,34,0,10763,10763,1266,3,325,929,35442.68800000002,49,False,False
173,19,424.2637182655291,256.59925479574923,1.0,CLIENT,7,2,100000,14,20,0,10767,10771,1279,3,329,941,20848.640000000007,49,False,False
173,20,377.7658086934847,436.2697347953542,1.0,CLIENT,7,2,100000,10,17,0,10755,10799,1270,4,330,936,17721.344000000005,49,False,False
173,21,209.91390003474882,215.4108547953311,1.0,CLIENT,7,2,100000,17,24,0,10758,10758,1276,3,328,944,25018.36800000001,49,False,False
173,22,-333.16900971697765,449.85077479586835,1.0,CLIENT,7,2,100000,10,17,0,10785,10846,1265,2,330,923,17721.344000000005,49,False,False
173,23,-1.6634704358961807,428.92261479571147,1.0,CLIENT,7,2,100000,14,8,0,10771,10771,1292,2,332,953,8339.456,49,False,False
173,24,158.1087333229354,147.72829479536227,1.0,CLIENT,7,2,100000,10,12,0,10764,10764,1288,3,331,950,12509.184000000003,49,False,False
173,25,-457.3746693567421,40.08185479583858,1.0,CLIENT,7,2,100000,12,20,0,10794,10798,1280,3,329,939,20848.640000000007,49,False,False
173,26,213.3992629330116,-76.91546520459667,1.0,CLIENT,7,2,100000,12,24,0,10762,10762,1276,3,328,938,25018.36800000001,49,False,False
173,27,-242.6287871607107,68.69109479558603,1.0,CLIENT,7,2,100000,12,17,0,10765,10765,1284,2,329,941,17721.344000000005,49,False,False
173,28,202.62632306590967,403.4303347960042,1.0,CLIENT,7,2,100000,17,33,0,10749,10749,1267,3,325,930,34400.256000000016,49,False,False
173,29,267.97687740439744,287.4348947954124,1.0,CLIENT,7,2,100000,12,28,0,10779,10779,1271,4,327,944,29188.096000000012,49,False,False
173,30,462.60271014416867,45.64785479523238,1.0,CLIENT,7,2,100000,10,32,0,10784,10784,1268,3,326,936,33357.824000000015,49,False,False
173,31,100.52103271147558,-381.9322652041231,1.0,CLIENT,7,2,100000,15,38,0,10806,10807,1263,1,323,920,39612.41600000002,49,False,False
173,32,-413.72842033777073,-227.5314252039965,1.0,CLIENT,7,2,100000,12,31,0,10808,10825,1265,3,325,929,32315.392000000014,49,False,False
173,33,64.08314786840562,155.2980547952339,1.0,CLIENT,7,2,100000,11,19,0,10758,10758,1280,4,329,950,19806.208000000006,49,False,False
173,34,-313.12817305309215,-396.4038652047617,1.0,CLIENT,7,2,100000,12,31,0,10804,10837,1266,2,328,925,32315.392000000014,49,False,False
173,35,426.87774043866335,-119.66234520424393,1.0,CLIENT,7,2,100000,9,20,0,10793,10795,1280,2,329,943,20848.640000000007,49,False,False
173,36,-79.21279491774096,196.9317347953188,1.0,CLIENT,7,2,100000,8,8,0,10792,10792,1293,2,332,957,8339.456,49,False,False
173,37,-460.8600322550049,-188.23546520433723,1.0,CLIENT,7,2,100000,14,28,0,10781,10811,1268,2,327,923,29188.096000000012,49,False,False
173,38,-444.77983524813396,-130.46038520466567,1.0,CLIENT,7,2,100000,14,34,0,10787,10795,1265,3,325,933,35442.68800000002,49,False,False
173,39,437.8091058916407,207.72977479574052,1.0,CLIENT,7,2,100000,17,36,0,10754,10760,1263,3,325,931,37527.55200000002,49,False,False
173,40,225.2019691105546,-138.0301452045373,1.0,CLIENT,7,2,100000,13,16,0,10768,10768,1284,3,330,948,16678.912000000004,49,False,False
173,41,-432.185001138963,255.37473479567694,1.0,CLIENT,7,2,100000,13,34,0,10807,10827,1265,3,325,920,35442.68800000002,49,False,False
173,42,75.33136449369641,3.346254795251866,1.0,CLIENT,7,2,100000,18,22,0,10723,10723,1279,2,328,945,22933.504000000008,49,False,False
173,43,240.72767656517337,351.4438947959553,1.0,CLIENT,7,2,100000,16,26,0,10769,10769,1273,4,326,940,27103.23200000001,49,False,False
173,44,468.62288242262804,-369.1304652040145,1.0,CLIENT,7,2,100000,14,42,0,10720,10815,1251,2,324,902,43782.14400000002,49,False,False
173,45,298.55301555600903,376.8248547959436,1.0,CLIENT,7,2,100000,18,42,0,10750,10753,1256,4,323,924,43782.14400000002,49,False,False
173,46,163.65362884264312,339.1986947952324,1.0,CLIENT,7,2,100000,12,17,0,10761,10761,1283,3,330,945,17721.344000000005,49,False,False
173,47,271.3038147162221,51.993094795822685,1.0,CLIENT,7,2,100000,15,29,0,10730,10730,1272,2,327,940,30230.528000000013,49,False,False
173,48,-35.01205634708019,-332.5061852047287,1.0,CLIENT,7,2,100000,11,24,0,10788,10789,1277,2,328,940,25018.36800000001,49,False,False
173,49,-432.73949069121517,-254.248225204567,1.0,CLIENT,7,2,100000,17,47,0,10811,10848,1250,4,322,911,48994.304000000026,49,False,False

174,0,303.3057831440887,-382.8228252042476,1.0,CLIENT,7,2,100000,13,21,0,11041,11087,1290,8,328,942,21891.072000000007,49,False,False
174,1,245.4804441538159,-77.80602520472115,1.0,CLIENT,7,2,100000,15,20,0,11087,11087,1301,9,327,957,20848.640000000007,49,False,False
174,2,273.9178368899192,16.815974795256068,1.0,CLIENT,7,2,100000,11,13,0,11111,11112,1308,9,329,968,13551.616000000004,49,False,False
174,3,490.96089008733423,-374.8077852047092,1.0,CLIENT,7,2,100000,12,42,0,10838,11103,1208,6,321,858,43782.14400000002,49,False,False
174,4,16.47625919241971,-287.6442252040937,1.0,CLIENT,7,2,100000,16,28,0,11102,11102,1294,8,326,960,29188.096000000012,49,False,False
174,5,409.6093515349131,-359.00034520427937,1.0,CLIENT,7,2,100000,9,13,0,10993,11105,1285,6,330,946,13551.616000000004,49,False,False
174,6,109.07601437069444,-383.6020652046531,1.0,CLIENT,7,2,100000,13,24,0,11103,11111,1295,8,327,957,25018.36800000001,49,False,False
174,7,-133.23591983743745,109.6568547957753,1.0,CLIENT,7,2,100000,18,43,0,11110,11110,1276,11,321,937,44824.57600000002,49,False,False
174,8,447.07700268898697,78.70989479560222,1.0,CLIENT,7,2,100000,10,23,0,11108,11130,1296,7,327,938,23975.93600000001,49,False,False
174,9,-268.9274344824314,-148.82818520416805,1.0,CLIENT,7,2,100000,16,24,0,11110,11110,1294,12,327,958,25018.36800000001,49,False,False
174,10,-323.9803257131318,-393.06426520449264,1.0,CLIENT,7,2,100000,12,27,0,11133,11142,1288,13,326,938,28145.66400000001,49,False,False
174,11,-455.79041349404883,-499.3748652042251,1.0,CLIENT,7,2,100000,14,36,0,11024,11163,1258,13,324,908,37527.55200000002,49,False,False
174,12,238.27207997791444,-438.9281052041801,1.0,CLIENT,7,2,100000,15,28,0,11022,11087,1279,9,326,946,29188.096000000012,49,False,False
174,13,205.39877082604497,-360.78146520452833,1.0,CLIENT,7,2,100000,17,28,0,11082,11097,1292,9,326,955,29188.096000000012,49,False,False
174,14,472.02903252739026,-449.2808652041441,1.0,CLIENT,7,2,100000,14,28,0,10773,11078,1211,4,321,871,29188.096000000012,49,False,False
174,15,225.28118190349227,-262.5972252040532,1.0,CLIENT,7,2,100000,9,16,0,11111,11117,1303,9,329,963,16678.912000000004,49,False,False
174,16,-473.2172279842373,199.8260547959211,1.0,CLIENT,7,2,100000,15,39,0,11007,11123,1262,10,322,923,40654.84800000002,49,False,False
174,17,36.75473423568103,-138.6980652044329,1.0,CLIENT,7,2,100000,13,10,0,11083,11083,1308,12,330,975,10424.320000000002,49,False,False
174,18,-196.84379272735669,-148.82818520416805,1.0,CLIENT,7,2,100000,15,29,0,11100,11100,1288,14,325,948,30230.528000000013,49,False,False
174,19,347.6649473011877,279.19721479564515,1.0,CLIENT,7,2,100000,14,20,0,11094,11123,1296,11,328,951,20848.640000000007,49,False,False
174,20,152.088561044476,-265.93682520432225,1.0,CLIENT,7,2,100000,10,12,0,11105,11106,1308,9,330,973,12509.184000000003,49,False,False
174,21,270.5116867851569,-248.23694520471548,1.0,CLIENT,7,2,100000,17,24,0,11074,11083,1296,9,327,965,25018.36800000001,49,False,False
174,22,-428.69963824126296,-365.6795452040265,1.0,CLIENT,7,2,100000,10,12,0,11151,11169,1299,15,330,934,12509.184000000003,49,False,False
174,23,219.4986480044087,-56.432585204106545,1.0,CLIENT,7,2,100000,14,8,0,11098,11098,1314,8,331,973,8339.456,49,False,False
174,24,122.06691244511661,33.73661479524827,1.0,CLIENT,7,2,100000,10,12,0,11119,11119,1307,11,330,967,12509.184000000003,49,False,False
174,25,57.98376279700855,-235.1011852046591,1.0,CLIENT,7,2,100000,12,15,0,11092,11092,1305,10,329,968,15636.480000000005,49,False,False
174,26,124.52250903237555,-421.6735052042401,1.0,CLIENT,7,2,100000,12,25,0,11106,11122,1292,8,326,950,26060.80000000001,49,False,False
174,27,-206.2701151105784,-381.48698520445635,1.0,CLIENT,7,2,100000,12,21,0,11116,11118,1296,13,328,946,21891.072000000007,49,False,False
174,28,493.0204227087792,-394.62274520451274,1.0,CLIENT,7,2,100000,17,35,0,10799,11072,1223,8,322,893,36485.12000000002,49,False,False
174,29,-411.27282375051175,-237.10494520434594,1.0,CLIENT,7,2,100000,12,29,0,11121,11124,1287,13,326,939,30230.528000000013,49,False,False
174,30,332.5353038118201,459.20165479598893,1.0,CLIENT,7,2,100000,10,35,0,10988,11166,1251,13,324,888,36485.12000000002,49,False,False
174,31,-483.1188271267735,428.6999747954826,1.0,CLIENT,7,2,100000,15,42,0,10491,11088,1183,4,319,839,43782.14400000002,49,False,False
174,32,93.47109412257514,274.7444147958137,1.0,CLIENT,7,2,100000,12,27,0,11127,11128,1291,11,325,939,28145.66400000001,49,False,False
174,33,-437.8091094516083,-430.1338252042362,1.0,CLIENT,7,2,100000,11,25,0,11086,11137,1281,14,327,928,26060.80000000001,49,False,False
174,34,36.27945747692934,444.9526947955792,1.0,CLIENT,7,2,100000,12,21,0,11134,11152,1297,8,328,949,21891.072000000007,49,False,False
174,35,-318.03936622761006,470.3336547955675,1.0,CLIENT,7,2,100000,9,20,0,10851,11144,1254,8,326,914,20848.640000000007,49,False,False
174,36,-21.70430709978165,149.3980947958923,1.0,CLIENT,7,2,100000,8,8,0,11133,11133,1310,12,331,968,8339.456,49,False,False
174,37,-456.89939259799047,497.05045479534704,1.0,CLIENT,7,2,100000,14,51,0,10324,11087,1152,2,318,808,53164.03200000003,49,False,False
174,38,-308.05855429213614,391.63041479573906,1.0,CLIENT,7,2,100000,14,38,0,11016,11141,1263,8,323,914,39612.41600000002,49,False,False
174,39,309.4843810089863,-188.90338520423285,1.0,CLIENT,7,2,100000,17,28,0,11066,11073,1292,9,326,957,29188.096000000012,49,False,False
174,40,-8.396557852483117,-53.204305204347406,1.0,CLIENT,7,2,100000,13,16,0,11107,11107,1300,14,329,966,16678.912000000004,49,False,False
174,41,229.4794599398826,356.3419747954535,1.0,CLIENT,7,2,100000,12,28,0,11120,11139,1287,12,326,924,29188.096000000012,49,False,False
174,42,267.7392390250216,-491.2485052041768,1.0,CLIENT,7,2,100000,18,25,0,10946,11090,1262,8,327,923,26060.80000000001,49,False,False
174,43,381.2511715917475,-188.1241452046183,1.0,CLIENT,7,2,100000,16,25,0,11081,11103,1295,8,326,947,26060.80000000001,49,False,False
174,44,368.8147630690147,-455.8487452041723,1.0,CLIENT,7,2,100000,14,42,0,10947,11094,1242,7,323,903,43782.14400000002,49,False,False
174,45,138.7015990042398,426.4735747955669,1.0,CLIENT,7,2,100000,18,47,0,11102,11125,1266,11,320,916,48994.304000000026,49,False,False
174,46,-163.41599402323502,331.0723347959751,1.0,CLIENT,7,2,100000,12,20,0,11111,11116,1300,9,328,956,20848.640000000007,49,False,False
174,47,-325.8022199552008,-482.67686520446176,1.0,CLIENT,7,2,100000,15,66,0,11082,11126,1246,11,322,885,68800.51200000003,49,False,False
174,48,143.8504305581335,218.52781479537128,1.0,CLIENT,7,2,100000,11,24,0,11134,11135,1294,12,327,944,25018.36800000001,49,False,False
174,49,-461.3353090137566,156.856534795254,1.0,CLIENT,7,2,100000,17,38,0,11061,11123,1271,9,323,917,39612.41600000002,49,False,False

175,0,-185.67478889444072,-244.34074520426975,1.0,CLIENT,7,2,100000,13,20,0,10626,10626,1282,4,327,953,20848.640000000007,49,False,False
175,1,-232.4895496387986,-427.016865204196,1.0,CLIENT,7,2,100000,15,24,0,10622,10642,1274,3,326,935,25018.36800000001,49,False,False
175,2,394.16285687323204,-390.5039052046291,1.0,CLIENT,7,2,100000,11,27,0,10544,10709,1256,6,326,902,28145.66400000001,49,False,False
175,3,-417.8474855812234,218.08253479570453,1.0,CLIENT,7,2,100000,12,31,0,10649,10653,1271,4,324,931,32315.392000000014,49,False,False
175,4,-135.7707292181969,385.5078147953776,1.0,CLIENT,7,2,100000,16,25,0,10630,10631,1275,6,325,939,26060.80000000001,49,False,False
175,5,-488.50529706004306,446.1772147956515,1.0,CLIENT,7,2,100000,9,18,0,10511,10675,1254,6,328,905,18763.776000000005,49,False,False
175,6,-471.31612094923054,358.67969479587913,1.0,CLIENT,7,2,100000,13,29,0,10610,10677,1259,6,325,907,30230.528000000013,49,False,False
175,7,-137.4341978738278,-271.28018520427815,1.0,CLIENT,7,2,100000,18,36,0,10608,10608,1266,4,323,938,37527.55200000002,49,False,False
175,8,-79.76728446943031,275.8576147953761,1.0,CLIENT,7,2,100000,10,19,0,10641,10641,1283,4,326,943,19806.208000000006,49,False,False
175,9,-115.33382858849741,487.8108947957364,1.0,CLIENT,7,2,100000,16,29,0,10647,10652,1273,4,325,929,30230.528000000013,49,False,False
175,10,-8.238132266607781,-387.9435452047656,1.0,CLIENT,7,2,100000,12,24,0,10658,10659,1277,4,326,940,25018.36800000001,49,False,False
175,11,-303.70185066987045,246.24649479578522,1.0,CLIENT,7,2,100000,14,23,0,10644,10645,1279,5,326,949,23975.93600000001,49,False,False
175,12,-262.27355985878216,-67.23062520452828,1.0,CLIENT,7,2,100000,15,28,0,10624,10624,1274,4,325,939,29188.096000000012,49,False,False
175,13,333.96113408807514,-26.04222520411014,1.0,CLIENT,7,2,100000,17,27,0,10622,10622,1275,4,325,944,28145.66400000001,49,False,False
175,14,-169.3569535081939,47.42897479548134,1.0,CLIENT,7,2,100000,14,16,0,10620,10620,1286,4,327,956,16678.912000000004,49,False,False
175,15,-270.432477552187,-400.0774252041876,1.0,CLIENT,7,2,100000,9,17,0,10651,10690,1276,4,328,941,17721.344000000005,49,False,False
175,16,-227.18229249902956,-232.6521452045145,1.0,CLIENT,7,2,100000,15,30,0,10634,10635,1272,4,324,938,31272.960000000014,49,False,False
175,17,459.909475176971,467.2166947955273,1.0,CLIENT,7,2,100000,13,39,0,10475,10694,1227,2,324,865,40654.84800000002,49,False,False
175,18,-194.46740893303541,36.964894795798386,1.0,CLIENT,7,2,100000,15,27,0,10609,10609,1275,4,325,948,28145.66400000001,49,False,False
175,19,155.09864718342428,228.43529479566854,1.0,CLIENT,7,2,100000,14,20,0,10649,10649,1282,4,327,940,20848.640000000007,49,False,False
175,20,242.62878360074296,-229.98046520414107,1.0,CLIENT,7,2,100000,10,16,0,10672,10672,1284,6,328,942,16678.912000000004,49,False,False
175,21,-450.24551797434117,430.14713479578376,1.0,CLIENT,7,2,100000,17,30,0,10552,10659,1246,6,324,897,31272.960000000014,49,False,False
175,22,201.2797055825923,66.46469479567031,1.0,CLIENT,7,2,100000,10,12,0,10635,10635,1289,5,329,954,12509.184000000003,49,False,False
175,23,319.46519294389736,73.92313479582299,1.0,CLIENT,7,2,100000,14,12,0,10660,10660,1290,4,329,950,12509.184000000003,49,False,False
175,24,-284.61156752348836,396.97377479569496,1.0,CLIENT,7,2,100000,10,12,0,10686,10702,1285,6,329,936,12509.184000000003,49,False,False
175,25,445.49274682629374,3.9028547954285386,1.0,CLIENT,7,2,100000,12,20,0,10660,10669,1281,4,327,934,20848.640000000007,49,False,False
175,26,422.20418564352127,-128.12266520424004,1.0,CLIENT,7,2,100000,12,34,0,10670,10689,1265,5,323,935,35442.68800000002,49,False,False
175,27,16.317833606544376,-55.76466520421093,1.0,CLIENT,7,2,100000,12,14,0,10624,10624,1288,4,328,957,14594.048000000004,49,False,False
175,28,132.04772438059052,243.24085479546397,1.0,CLIENT,7,2,100000,17,34,0,10635,10635,1268,4,323,933,35442.68800000002,49,False,False
175,29,338.9515400560935,400.09073479573516,1.0,CLIENT,7,2,100000,12,28,0,10656,10684,1272,4,325,934,29188.096000000012,49,False,False
175,30,275.02681599386074,-270.61226520438254,1.0,CLIENT,7,2,100000,10,32,0,10661,10669,1266,6,324,929,33357.824000000015,49,False,False
175,31,28.75424212871437,-189.1260252044617,1.0,CLIENT,7,2,100000,15,33,0,10623,10623,1269,4,323,940,34400.256000000016,49,False,False
175,32,407.39139332703013,-250.35202520412128,1.0,CLIENT,7,2,100000,12,29,0,10636,10691,1265,5,324,915,30230.528000000013,49,False,False
175,33,-406.5992689553698,361.12873479523273,1.0,CLIENT,7,2,100000,11,24,0,10668,10689,1268,5,326,930,25018.36800000001,49,False,False
175,34,376.0231272443533,5.0160547957818835,1.0,CLIENT,7,2,100000,12,16,0,10660,10660,1286,4,328,946,16678.912000000004,49,False,False
175,35,135.69151286472865,197.59965479600538,1.0,CLIENT,7,2,100000,9,20,0,10654,10654,1282,4,327,942,20848.640000000007,49,False,False
175,36,-198.4280485900499,82.27213479530917,1.0,CLIENT,7,2,100000,8,8,0,10650,10650,1293,5,330,956,8339.456,49,False,False
175,37,-414.44133547646106,-387.275625204079,1.0,CLIENT,7,2,100000,14,23,0,10563,10642,1257,2,326,914,23975.93600000001,49,False,False
175,38,253.56014905372024,-466.5354652040841,1.0,CLIENT,7,2,100000,14,41,0,10564,10683,1238,5,322,893,42739.71200000002,49,False,False
175,39,-354.39803827774233,-281.5216252045232,1.0,CLIENT,7,2,100000,17,36,0,10610,10627,1261,4,323,932,37527.55200000002,49,False,False
175,40,-277.40320334814976,473.2279747953788,1.0,CLIENT,7,2,100000,13,21,0,10643,10670,1274,5,326,928,21891.072000000007,49,False,False
175,41,-302.7512971523671,298.6782147955009,1.0,CLIENT,7,2,100000,12,24,0,10649,10650,1276,6,326,948,25018.36800000001,49,False,False
175,42,206.82460110230002,-455.5147852042245,1.0,CLIENT,7,2,100000,18,40,0,10610,10674,1259,4,322,924,41697.28000000002,49,False,False
175,43,-88.63911730096267,480.12981479535483,1.0,CLIENT,7,2,100000,16,29,0,10638,10647,1272,4,324,932,30230.528000000013,49,False,False
175,44,212.29028382907006,411.1114147955948,1.0,CLIENT,7,2,100000,14,40,0,10670,10675,1262,4,322,926,41697.28000000002,49,False,False
175,45,-332.29766899241196,-201.48254520411257,1.0,CLIENT,7,2,100000,18,44,0,10641,10647,1259,2,321,927,45867.00800000002,49,False,False
175,46,402.4009873590117,-41.404385204082246,1.0,CLIENT,7,2,100000,12,23,0,10659,10661,1279,3,326,942,23975.93600000001,49,False,False
175,47,-449.5326028362136,-299.22150520413,1.0,CLIENT,7,2,100000,15,46,0,10623,10673,1249,3,321,912,47951.872000000025,49,False,False
175,48,-40.398526280349735,428.58865479576366,1.0,CLIENT,7,2,100000,11,24,0,10659,10659,1278,4,326,938,25018.36800000001,49,False,False
175,49,-338.47626685730955,-202.92970520441372,1.0,CLIENT,7,2,100000,17,33,0,10630,10636,1268,2,323,938,34400.256000000016,49,False,False

176,0,-64.71685377356322,272.1840547959502,1.0,CLIENT,7,2,100000,13,24,0,10691,10691,1271,5,320,939,25018.36800000001,49,False,False
176,1,344.73407395517705,414.11705479591603,1.0,CLIENT,7,2,100000,15,34,0,10726,10742,1259,5,316,934,35442.68800000002,49,False,False
176,2,24.397538506448697,18.819734795733893,1.0,CLIENT,7,2,100000,11,8,0,10674,10674,1286,6,324,958,8339.456,49,False,False
176,3,118.10627278810212,-176.546865204582,1.0,CLIENT,7,2,100000,12,28,0,10688,10688,1265,7,319,935,29188.096000000012,49,False,False
176,4,-42.695697281170496,-151.05458520408376,1.0,CLIENT,7,2,100000,16,24,0,10645,10645,1270,6,320,944,25018.36800000001,49,False,False
176,5,-160.72275905660024,354.4495347954856,1.0,CLIENT,7,2,100000,9,13,0,10694,10701,1281,4,323,955,13551.616000000004,49,False,False
176,6,176.2484629512513,-238.10682520418936,1.0,CLIENT,7,2,100000,13,23,0,10683,10683,1270,7,320,943,23975.93600000001,49,False,False
176,7,-493.73334140687444,177.8960147959208,1.0,CLIENT,7,2,100000,18,48,0,10649,10688,1242,4,314,913,50036.736000000026,49,False,False
176,8,494.6046785714724,306.13665479565356,1.0,CLIENT,7,2,100000,10,23,0,10716,10770,1267,3,320,935,23975.93600000001,49,False,False
176,9,-221.55818418582135,-5.559345204410988,1.0,CLIENT,7,2,100000,16,24,0,10666,10666,1272,4,320,945,25018.36800000001,49,False,False
176,10,-462.84035208351213,89.17397479528518,1.0,CLIENT,7,2,100000,12,28,0,10714,10724,1268,4,319,933,29188.096000000012,49,False,False
176,11,-142.50381663478385,3.234934795532922,1.0,CLIENT,7,2,100000,14,16,0,10661,10661,1279,5,322,951,16678.912000000004,49,False,False
176,12,427.11537881803923,-28.268625204025852,1.0,CLIENT,7,2,100000,15,32,0,10693,10695,1262,5,318,928,33357.824000000015,49,False,False
176,13,468.78130800850334,-339.6306652041426,1.0,CLIENT,7,2,100000,17,31,0,10623,10692,1252,5,317,922,32315.392000000014,49,False,False
176,14,-270.9077543109386,380.2757747959316,1.0,CLIENT,7,2,100000,14,26,0,10701,10714,1266,5,319,929,27103.23200000001,49,False,False
176,15,1.980318048241963,-341.3004652046726,1.0,CLIENT,7,2,100000,9,16,0,10712,10712,1278,6,322,954,16678.912000000004,49,False,False
176,16,-461.0184578414431,-152.1677852044371,1.0,CLIENT,7,2,100000,15,29,0,10652,10682,1262,3,318,940,30230.528000000013,49,False,False
176,17,278.1953277192472,241.459734796006,1.0,CLIENT,7,2,100000,13,16,0,10700,10701,1279,5,322,952,16678.912000000004,49,False,False
176,18,154.06888087298324,-49.08546520446379,1.0,CLIENT,7,2,100000,15,30,0,10675,10675,1263,7,318,938,31272.960000000014,49,False,False
176,19,-450.5623691472175,-365.79086520453643,1.0,CLIENT,7,2,100000,14,22,0,10615,10753,1247,3,321,909,22933.504000000008,49,False,False
176,20,465.4543706966788,466.8827347955795,1.0,CLIENT,7,2,100000,10,26,0,10630,10778,1252,4,320,896,27103.23200000001,49,False,False
176,21,-459.8302659440011,-109.08694520405106,1.0,CLIENT,7,2,100000,17,27,0,10669,10691,1264,4,319,926,28145.66400000001,49,False,False
176,22,-132.99828145806163,359.01365479582694,1.0,CLIENT,7,2,100000,10,12,0,10723,10723,1283,5,323,953,12509.184000000003,49,False,False
176,23,397.7274325644325,-198.58822520430124,1.0,CLIENT,7,2,100000,14,16,0,10714,10714,1279,5,322,943,16678.912000000004,49,False,False
176,24,59.647231452639446,-280.8537052046276,1.0,CLIENT,7,2,100000,10,14,0,10686,10687,1280,5,323,947,14594.048000000004,49,False,False
176,25,323.3466198079742,150.0660147957879,1.0,CLIENT,7,2,100000,12,19,0,10709,10709,1276,5,321,952,19806.208000000006,49,False,False
176,26,417.2929924690035,-419.5584252040433,1.0,CLIENT,7,2,100000,12,37,0,10671,10740,1248,5,317,914,38569.98400000002,49,False,False
176,27,363.0322291699311,-106.08130520452079,1.0,CLIENT,7,2,100000,12,21,0,10717,10717,1276,4,321,943,21891.072000000007,49,False,False
176,28,-419.9862309961688,25.38761479576209,1.0,CLIENT,7,2,100000,17,33,0,10646,10651,1261,4,317,929,34400.256000000016,49,False,False
176,29,-116.20516931306311,-262.7085452045631,1.0,CLIENT,7,2,100000,12,22,0,10669,10669,1271,7,320,947,22933.504000000008,49,False,False
176,30,-126.89889638666455,-190.0165852045862,1.0,CLIENT,7,2,100000,10,28,0,10667,10667,1267,5,319,930,29188.096000000012,49,False,False
176,31,178.22878277975855,-306.34598520433485,1.0,CLIENT,7,2,100000,15,33,0,10669,10669,1260,7,317,939,34400.256000000016,49,False,False
176,32,-458.87971242649775,286.32169479585,1.0,CLIENT,7,2,100000,12,34,0,10700,10752,1252,4,317,914,35442.68800000002,49,False,False
176,33,-301.72153084136323,-4.112185204109835,1.0,CLIENT,7,2,100000,11,20,0,10698,10698,1276,4,321,951,20848.640000000007,49,False,False
176,34,-217.9143957016832,-34.61386520461616,1.0,CLIENT,7,2,100000,12,17,0,10679,10680,1279,3,322,942,17721.344000000005,49,False,False
176,35,-283.661014005985,-387.6095852040268,1.0,CLIENT,7,2,100000,9,22,0,10696,10729,1263,6,321,929,22933.504000000008,49,False,False
176,36,143.61279217875764,-109.19826520456098,1.0,CLIENT,7,2,100000,8,9,0,10698,10698,1284,7,324,957,9381.888,49,False,False
176,37,-64.47921539418736,-233.542705204639,1.0,CLIENT,7,2,100000,14,19,0,10680,10680,1276,5,321,949,19806.208000000006,49,False,False
176,38,464.7414555585512,375.04373479569466,1.0,CLIENT,7,2,100000,14,65,0,10659,10725,1223,5,315,888,67758.08000000003,49,False,False
176,39,-110.50184820691722,-118.88310520462937,1.0,CLIENT,7,2,100000,17,29,0,10655,10655,1267,4,318,946,30230.528000000013,49,False,False
176,40,-96.718822200867,208.9542947958128,1.0,CLIENT,7,2,100000,13,16,0,10667,10667,1279,5,322,953,16678.912000000004,49,False,False
176,41,341.9616261950418,-278.0707052045352,1.0,CLIENT,7,2,100000,13,32,0,10724,10725,1261,7,318,929,33357.824000000015,49,False,False
176,42,280.4132859271303,-355.9947052047491,1.0,CLIENT,7,2,100000,18,24,0,10673,10676,1269,6,320,938,25018.36800000001,49,False,False
176,43,-59.40959663323133,-141.36974520401537,1.0,CLIENT,7,2,100000,16,21,0,10660,10660,1274,5,320,947,21891.072000000007,49,False,False
176,44,69.3904050087375,421.01889479589204,1.0,CLIENT,7,2,100000,14,40,0,10717,10719,1256,4,316,935,41697.28000000002,49,False,False
176,45,-288.17614321468886,408.3284147955024,1.0,CLIENT,7,2,100000,18,50,0,10672,10701,1243,4,313,907,52121.60000000003,49,False,False
176,46,3.32693553155935,349.2174947952486,1.0,CLIENT,7,2,100000,12,25,0,10713,10714,1271,3,320,941,26060.80000000001,49,False,False
176,47,304.2563366615921,-374.02854520430367,1.0,CLIENT,7,2,100000,15,44,0,10691,10696,1248,7,315,926,45867.00800000002,49,False,False
176,48,200.64600323740243,-246.0105452040088,1.0,CLIENT,7,2,100000,11,24,0,10700,10700,1269,7,320,943,25018.36800000001,49,False,False
176,49,264.808365679011,-137.91882520402737,1.0,CLIENT,7,2,100000,16,27,0,10657,10657,1266,7,319,945,28145.66400000001,49,False,False

177,0,11.881917190778198,-224.41446520474727,1.0,CLIENT,7,2,100000,13,24,0,10651,10651,1274,3,326,942,25018.36800000001,49,False,False
177,1,-138.93924094358334,-182.89210520438132,1.0,CLIENT,7,2,100000,15,22,0,10626,10626,1275,4,326,932,22933.504000000008,49,False,False
177,2,301.24625052264383,14.812214795569218,1.0,CLIENT,7,2,100000,11,16,0,10665,10665,1282,3,328,946,16678.912000000004,49,False,False
177,3,-154.86101236401615,-116.54538520420374,1.0,CLIENT,7,2,100000,12,28,0,10651,10651,1270,3,324,939,29188.096000000012,49,False,False
177,4,-318.7522813657376,228.21265479543968,1.0,CLIENT,7,2,100000,16,32,0,10644,10659,1266,2,324,940,33357.824000000015,49,False,False
177,5,-45.388932247805265,258.2690547954883,1.0,CLIENT,7,2,100000,9,12,0,10650,10650,1287,2,329,942,12509.184000000003,49,False,False
177,6,445.0174700675421,-295.99322520437084,1.0,CLIENT,7,2,100000,13,28,0,10647,10674,1268,2,325,931,29188.096000000012,49,False,False
177,7,-201.59656031543636,352.2231347955699,1.0,CLIENT,7,2,100000,18,45,0,10632,10642,1253,1,320,928,46909.440000000024,49,False,False
177,8,425.37269736947064,-436.59038520454544,1.0,CLIENT,7,2,100000,10,25,0,10615,10717,1257,2,325,918,26060.80000000001,49,False,False
177,9,-347.110461309466,-217.73526520420916,1.0,CLIENT,7,2,100000,16,24,0,10633,10635,1274,2,326,936,25018.36800000001,49,False,False
177,10,-162.0693765399176,477.9034147954391,1.0,CLIENT,7,2,100000,12,28,0,10623,10675,1258,2,325,924,29188.096000000012,49,False,False
177,11,-412.8570796137678,207.72977479574052,1.0,CLIENT,7,2,100000,14,23,0,10614,10647,1264,1,326,937,23975.93600000001,49,False,False
177,12,184.0113166788421,321.83277479557347,1.0,CLIENT,7,2,100000,15,28,0,10626,10627,1269,4,325,937,29188.096000000012,49,False,False
177,13,300.6917609703916,-64.11366520448809,1.0,CLIENT,7,2,100000,17,32,0,10648,10648,1267,2,324,937,33357.824000000015,49,False,False
177,14,-450.6415819401552,-395.5133052046372,1.0,CLIENT,7,2,100000,14,29,0,10590,10674,1249,3,325,903,30230.528000000013,49,False,False
177,15,228.9249703876304,381.0550147955462,1.0,CLIENT,7,2,100000,9,16,0,10684,10693,1280,4,328,933,16678.912000000004,49,False,False
177,16,224.48905397186422,-28.379945204535773,1.0,CLIENT,7,2,100000,15,31,0,10642,10642,1267,3,324,928,32315.392000000014,49,False,False
177,17,-268.29373213724153,224.205134795275,1.0,CLIENT,7,2,100000,13,16,0,10633,10638,1280,2,328,940,16678.912000000004,49,False,False
177,18,-195.02189848472477,-153.83758520417615,1.0,CLIENT,7,2,100000,15,33,0,10647,10647,1264,4,323,937,34400.256000000016,49,False,False
177,19,431.9473591996193,280.3104147959985,1.0,CLIENT,7,2,100000,14,20,0,10594,10653,1274,2,327,937,20848.640000000007,49,False,False
177,20,141.5532595567499,-418.11126520453314,1.0,CLIENT,7,2,100000,10,12,0,10662,10663,1287,2,329,952,12509.184000000003,49,False,False
177,21,489.85191098339266,-381.9322652041231,1.0,CLIENT,7,2,100000,17,39,0,10571,10701,1244,1,321,899,40654.84800000002,49,False,False
177,22,-91.56999064697328,-248.68222520438223,1.0,CLIENT,7,2,100000,10,12,0,10659,10659,1285,4,329,948,12509.184000000003,49,False,False
177,23,-329.36679564640133,127.13409479594418,1.0,CLIENT,7,2,100000,14,8,0,10629,10631,1290,2,330,953,8339.456,49,False,False
177,24,-64.63764098062555,-469.3184652041765,1.0,CLIENT,7,2,100000,10,12,0,10685,10688,1286,2,329,937,12509.184000000003,49,False,False
177,25,-71.92521794890183,-25.81958520467225,1.0,CLIENT,7,2,100000,12,16,0,10627,10627,1281,4,328,945,16678.912000000004,49,False,False
177,26,-433.0563418635287,267.95389479555666,1.0,CLIENT,7,2,100000,12,31,0,10594,10663,1253,2,324,915,32315.392000000014,49,False,False
177,27,-170.94120937088712,-355.21546520434356,1.0,CLIENT,7,2,100000,12,20,0,10663,10664,1277,4,327,941,20848.640000000007,49,False,False
177,28,217.67675376233962,-9.678185204294607,1.0,CLIENT,7,2,100000,17,31,0,10627,10627,1268,2,323,936,32315.392000000014,49,False,False
177,29,334.1987724680138,31.51021479533256,1.0,CLIENT,7,2,100000,12,28,0,10659,10659,1271,2,325,939,29188.096000000012,49,False,False
177,30,-169.11931512881807,-20.69886520415423,1.0,CLIENT,7,2,100000,10,28,0,10632,10632,1271,2,325,945,29188.096000000012,49,False,False
177,31,141.5532595567499,431.482974795575,1.0,CLIENT,7,2,100000,15,37,0,10660,10667,1261,2,322,929,38569.98400000002,49,False,False
177,32,39.68560758169164,192.2562947952585,1.0,CLIENT,7,2,100000,12,18,0,10622,10622,1280,3,327,940,18763.776000000005,49,False,False
177,33,470.0487126988831,140.0472147957717,1.0,CLIENT,7,2,100000,11,24,0,10666,10688,1271,2,326,944,25018.36800000001,49,False,False
177,34,162.22779856582522,210.62409479555185,1.0,CLIENT,7,2,100000,12,16,0,10636,10636,1282,3,328,947,16678.912000000004,49,False,False
177,35,46.97318455053077,-173.7638652044896,1.0,CLIENT,7,2,100000,9,20,0,10664,10664,1279,2,327,948,20848.640000000007,49,False,False
177,36,-424.18450903199636,289.1046947959424,1.0,CLIENT,7,2,100000,8,16,0,10645,10736,1267,1,328,935,16678.912000000004,49,False,False
177,37,-49.191146318381584,-387.9435452047656,1.0,CLIENT,7,2,100000,14,24,0,10656,10656,1275,2,326,943,25018.36800000001,49,False,False
177,38,-418.1643367535369,-254.4708652040049,1.0,CLIENT,7,2,100000,14,32,0,10646,10661,1266,2,324,936,33357.824000000015,49,False,False
177,39,-185.43715051506487,-192.68826520416866,1.0,CLIENT,7,2,100000,17,36,0,10648,10648,1261,4,323,928,37527.55200000002,49,False,False
177,40,-467.6723324645295,-364.3437052042353,1.0,CLIENT,7,2,100000,13,24,0,10588,10665,1255,3,326,920,25018.36800000001,49,False,False
177,41,-121.8292776257085,379.38521479580714,1.0,CLIENT,7,2,100000,12,28,0,10661,10666,1271,2,325,944,29188.096000000012,49,False,False
177,42,-242.78721274714886,-238.21814520469928,1.0,CLIENT,7,2,100000,18,24,0,10624,10625,1273,4,326,930,25018.36800000001,49,False,False
177,43,-153.67282046713694,399.42281479583954,1.0,CLIENT,7,2,100000,16,30,0,10630,10648,1268,2,324,929,31272.960000000014,49,False,False
177,44,396.8560918398668,469.6657347956719,1.0,CLIENT,7,2,100000,14,42,0,10541,10681,1230,4,322,891,43782.14400000002,49,False,False
177,45,478.6829071510396,-87.26822520456068,1.0,CLIENT,7,2,100000,18,51,0,10655,10664,1244,2,319,905,53164.03200000003,49,False,False
177,46,-439.5517909007398,327.06481479581043,1.0,CLIENT,7,2,100000,12,28,0,10559,10679,1247,0,324,911,29188.096000000012,49,False,False
177,47,-352.3385056562974,-15.021545204250515,1.0,CLIENT,7,2,100000,15,28,0,10608,10608,1271,2,325,944,29188.096000000012,49,False,False
177,48,483.35646194618164,-448.50162520452955,1.0,CLIENT,7,2,100000,11,38,0,10501,10699,1233,1,324,884,39612.41600000002,49,False,False
177,49,387.11291828376875,52.99497479566611,1.0,CLIENT,7,2,100000,17,37,0,10660,10663,1262,2,322,930,38569.98400000002,49,False,False

178,0,-195.25953686410062,288.9933747954325,1.0,CLIENT,7,2,100000,13,24,0,10736,10737,1265,5,322,933,25018.36800000001,49,False,False
178,1,124.12644506656153,248.0276147952432,1.0,CLIENT,7,2,100000,15,24,0,10728,10728,1263,7,321,931,25018.36800000001,49,False,False
178,2,416.73850291731407,-313.24782520431086,1.0,CLIENT,7,2,100000,11,20,0,10771,10785,1267,5,324,929,20848.640000000007,49,False,False
178,3,266.94711109395644,40.97241479596306,1.0,CLIENT,7,2,100000,12,28,0,10706,10706,1259,7,321,935,29188.096000000012,49,False,False
178,4,339.66445519422103,103.86821479536167,1.0,CLIENT,7,2,100000,16,30,0,10731,10731,1258,6,320,931,31272.960000000014,49,False,False
178,5,-185.8332144808789,-327.05150520426287,1.0,CLIENT,7,2,100000,9,16,0,10749,10751,1269,8,324,936,16678.912000000004,49,False,False
178,6,-212.60713856135132,227.656054795263,1.0,CLIENT,7,2,100000,13,24,0,10733,10733,1265,5,322,934,25018.36800000001,49,False,False
178,7,-12.99089985468747,-315.9195052046843,1.0,CLIENT,7,2,100000,18,40,0,10710,10710,1248,6,319,924,41697.28000000002,49,False,False
178,8,-285.00763148930236,-323.0439852040982,1.0,CLIENT,7,2,100000,10,30,0,10758,10768,1255,7,322,913,31272.960000000014,49,False,False
178,9,108.28388643906639,188.91669479578042,1.0,CLIENT,7,2,100000,16,24,0,10708,10708,1262,8,322,935,25018.36800000001,49,False,False
178,10,-310.98942763870957,496.3825347954514,1.0,CLIENT,7,2,100000,12,39,0,10648,10789,1222,2,318,877,40654.84800000002,49,False,False
178,11,457.13702741739854,458.53373479530234,1.0,CLIENT,7,2,100000,14,35,0,10676,10787,1231,7,319,905,36485.12000000002,49,False,False
178,12,424.8974206101561,119.3416947958437,1.0,CLIENT,7,2,100000,15,28,0,10718,10719,1260,5,322,927,29188.096000000012,49,False,False
178,13,-138.06790021901764,328.7346147955495,1.0,CLIENT,7,2,100000,17,26,0,10702,10705,1262,5,321,933,27103.23200000001,49,False,False
178,14,449.21574810336955,13.142414795830177,1.0,CLIENT,7,2,100000,14,17,0,10711,10713,1271,5,324,937,17721.344000000005,49,False,False
178,15,283.1065208937651,309.58757479564156,1.0,CLIENT,7,2,100000,9,16,0,10734,10734,1270,8,324,941,16678.912000000004,49,False,False
178,16,487.5547399820091,-183.1147452046102,1.0,CLIENT,7,2,100000,15,36,0,10721,10738,1249,6,320,922,37527.55200000002,49,False,False
178,17,392.1033242512243,-491.13718520445786,1.0,CLIENT,7,2,100000,13,23,0,10679,10770,1242,4,322,898,23975.93600000001,49,False,False
178,18,-122.62140555733653,378.6059747954016,1.0,CLIENT,7,2,100000,15,38,0,10737,10743,1250,5,318,918,39612.41600000002,49,False,False
178,19,147.41500624933397,426.250934795338,1.0,CLIENT,7,2,100000,14,20,0,10727,10729,1268,5,323,935,20848.640000000007,49,False,False
178,20,255.857320054541,-382.48886520429977,1.0,CLIENT,7,2,100000,10,14,0,10742,10749,1274,5,325,944,14594.048000000004,49,False,False
178,21,497.13948795166897,-16.468705204551668,1.0,CLIENT,7,2,100000,17,23,0,10720,10728,1265,6,322,933,23975.93600000001,49,False,False
178,22,-27.40762820592755,379.38521479580714,1.0,CLIENT,7,2,100000,10,12,0,10755,10757,1277,5,325,937,12509.184000000003,49,False,False
178,23,-344.81329030808246,-413.8811052041396,1.0,CLIENT,7,2,100000,14,20,0,10723,10781,1258,8,323,922,20848.640000000007,49,False,False
178,24,25.902581576204263,-147.04706520471007,1.0,CLIENT,7,2,100000,10,12,0,10731,10731,1276,6,326,937,12509.184000000003,49,False,False
178,25,206.34932434354832,378.16069479573486,1.0,CLIENT,7,2,100000,12,17,0,10746,10746,1269,8,324,930,17721.344000000005,49,False,False
178,26,83.33185660066306,-342.07970520428717,1.0,CLIENT,7,2,100000,12,25,0,10735,10735,1264,5,322,931,26060.80000000001,49,False,False
178,27,429.49176261236045,-437.4809452046699,1.0,CLIENT,7,2,100000,12,39,0,10724,10794,1235,4,321,893,40654.84800000002,49,False,False
178,28,123.49274272137167,206.17129479572043,1.0,CLIENT,7,2,100000,17,36,0,10704,10704,1251,7,319,927,37527.55200000002,49,False,False
178,29,130.62189410377263,-62.443865204749045,1.0,CLIENT,7,2,100000,12,17,0,10687,10687,1270,7,324,938,17721.344000000005,49,False,False
178,30,34.536776027797934,5.906614795906364,1.0,CLIENT,7,2,100000,10,28,0,10706,10706,1258,8,321,937,29188.096000000012,49,False,False
178,31,-350.99188817298005,-340.52122520426707,1.0,CLIENT,7,2,100000,15,39,0,10723,10751,1239,8,317,913,40654.84800000002,49,False,False
178,32,206.34932434354832,285.8764147953923,1.0,CLIENT,7,2,100000,12,25,0,10734,10734,1261,8,321,929,26060.80000000001,49,False,False
178,33,-68.5982806370772,45.42521479579449,1.0,CLIENT,7,2,100000,11,20,0,10718,10718,1268,6,323,944,20848.640000000007,49,False,False
178,34,223.06322369560917,-394.28878520456493,1.0,CLIENT,7,2,100000,12,16,0,10744,10747,1272,5,325,940,16678.912000000004,49,False,False
178,35,344.9717123345529,160.41877479575192,1.0,CLIENT,7,2,100000,9,20,0,10744,10744,1268,6,323,936,20848.640000000007,49,False,False
178,36,262.59040747112795,103.31161479597597,1.0,CLIENT,7,2,100000,8,8,0,10752,10752,1280,6,326,952,8339.456,49,False,False
178,37,-113.2742959670525,-304.5648652040859,1.0,CLIENT,7,2,100000,14,24,0,10756,10757,1263,6,323,923,25018.36800000001,49,False,False
178,38,-79.60885888355497,-191.9090252045541,1.0,CLIENT,7,2,100000,14,24,0,10712,10712,1261,9,322,934,25018.36800000001,49,False,False
178,39,73.90553421744136,-168.64314520476256,1.0,CLIENT,7,2,100000,17,36,0,10707,10707,1253,5,320,930,37527.55200000002,49,False,False
178,40,119.0568263056055,310.589454795485,1.0,CLIENT,7,2,100000,13,16,0,10722,10722,1273,5,324,943,16678.912000000004,49,False,False
178,41,-202.86396500581608,-133.0207452045292,1.0,CLIENT,7,2,100000,12,26,0,10746,10746,1261,7,321,934,27103.23200000001,49,False,False
178,42,-27.72447937824106,-234.54458520448242,1.0,CLIENT,7,2,100000,18,24,0,10694,10694,1264,6,323,936,25018.36800000001,49,False,False
178,43,246.2725720848811,498.60893479536713,1.0,CLIENT,7,2,100000,16,34,0,10732,10749,1251,6,319,918,35442.68800000002,49,False,False
178,44,-494.6838949249406,257.3784947953638,1.0,CLIENT,7,2,100000,14,40,0,10701,10802,1231,5,318,885,41697.28000000002,49,False,False
178,45,-243.42091509233873,-306.9025852045115,1.0,CLIENT,7,2,100000,18,38,0,10693,10699,1248,8,318,922,39612.41600000002,49,False,False
178,46,331.74317588075485,-55.76466520421093,1.0,CLIENT,7,2,100000,12,17,0,10718,10718,1272,5,324,941,17721.344000000005,49,False,False
178,47,335.6246027442688,-35.83838520468845,1.0,CLIENT,7,2,100000,15,37,0,10705,10706,1252,4,320,917,38569.98400000002,49,False,False
178,48,329.12915370705775,-415.8848652046174,1.0,CLIENT,7,2,100000,11,28,0,10746,10763,1256,4,322,918,29188.096000000012,49,False,False
178,49,-484.6238701959662,99.41541479553024,1.0,CLIENT,7,2,100000,17,42,0,10760,10783,1244,6,317,908,43782.14400000002,49,False,False

179,0,464.66224276561354,-300.0007452045355,1.0,CLIENT,7,2,100000,13,26,0,10443,10514,1246,1,323,920,27103.23200000001,49,False,False
179,1,-162.30701491929347,242.6842547952873,1.0,CLIENT,7,2,100000,15,22,0,10492,10492,1267,3,324,941,22933.504000000008,49,False,False
179,2,-368.0226386973544,50.54593479552153,1.0,CLIENT,7,2,100000,11,16,0,10507,10507,1273,3,326,934,16678.912000000004,49,False,False
179,3,-351.7048033111076,-417.55466520435647,1.0,CLIENT,7,2,100000,12,44,0,10518,10546,1237,6,320,897,45867.00800000002,49,False,False
179,4,386.24157755920305,228.21265479543968,1.0,CLIENT,7,2,100000,16,32,0,10510,10511,1254,6,322,919,33357.824000000015,49,False,False
179,5,64.55842462715731,56.557214795373056,1.0,CLIENT,7,2,100000,9,12,0,10497,10497,1274,6,327,947,12509.184000000003,49,False,False
179,6,414.75818308880685,123.57185479544626,1.0,CLIENT,7,2,100000,13,28,0,10521,10527,1261,3,323,921,29188.096000000012,49,False,False
179,7,-225.91488780864984,-177.10346520475866,1.0,CLIENT,7,2,100000,18,36,0,10465,10465,1250,6,321,928,37527.55200000002,49,False,False
179,8,473.61328839008354,-126.23022520427213,1.0,CLIENT,7,2,100000,10,23,0,10516,10523,1264,3,324,924,23975.93600000001,49,False,False
179,9,-465.53358705014693,-28.268625204025852,1.0,CLIENT,7,2,100000,16,34,0,10526,10527,1255,3,321,924,35442.68800000002,49,False,False
179,10,-185.27872492918954,-268.49718520418577,1.0,CLIENT,7,2,100000,12,20,0,10484,10484,1266,6,325,930,20848.640000000007,49,False,False
179,11,-335.30775513192305,57.893054795955265,1.0,CLIENT,7,2,100000,14,20,0,10493,10493,1269,3,325,931,20848.640000000007,49,False,False
179,12,19.011068573179152,-107.08318520436421,1.0,CLIENT,7,2,100000,15,28,0,10460,10460,1260,4,323,934,29188.096000000012,49,False,False
179,13,467.43469052518594,118.1171747957714,1.0,CLIENT,7,2,100000,17,35,0,10512,10520,1254,3,321,917,36485.12000000002,49,False,False
179,14,-171.02042216438764,420.9075747953821,1.0,CLIENT,7,2,100000,14,24,0,10506,10516,1263,3,324,935,25018.36800000001,49,False,False
179,15,354.8733114765263,-290.4272252041861,1.0,CLIENT,7,2,100000,9,16,0,10499,10526,1267,3,326,936,16678.912000000004,49,False,False
179,16,396.4600278740528,118.89641479538597,1.0,CLIENT,7,2,100000,15,37,0,10509,10509,1253,3,320,911,38569.98400000002,49,False,False
179,17,-407.54982247343594,7.353774795416541,1.0,CLIENT,7,2,100000,13,20,0,10522,10524,1269,3,325,934,20848.640000000007,49,False,False
179,18,-350.51661141422835,-174.43178520438522,1.0,CLIENT,7,2,100000,15,35,0,10500,10500,1252,5,320,914,36485.12000000002,49,False,False
179,19,217.51832817590144,-193.1335452046264,1.0,CLIENT,7,2,100000,14,20,0,10482,10482,1269,3,325,939,20848.640000000007,49,False,False
179,20,-116.75965886475247,237.6748547952792,1.0,CLIENT,7,2,100000,10,12,0,10500,10500,1277,3,327,943,12509.184000000003,49,False,False
179,21,-239.38106264182372,204.1675347952426,1.0,CLIENT,7,2,100000,17,24,0,10486,10487,1265,3,324,934,25018.36800000001,49,False,False
179,22,-469.2565883277856,-170.53558520473047,1.0,CLIENT,7,2,100000,10,12,0,10521,10526,1275,4,327,939,12509.184000000003,49,False,False
179,23,-152.80147974257125,-199.03350520475897,1.0,CLIENT,7,2,100000,14,8,0,10464,10464,1279,5,328,949,8339.456,49,False,False
179,24,253.48093626021972,-207.93910520442182,1.0,CLIENT,7,2,100000,10,12,0,10511,10513,1277,3,327,945,12509.184000000003,49,False,False
179,25,-413.01550519964314,482.2448947955516,1.0,CLIENT,7,2,100000,12,28,0,10382,10584,1226,1,322,890,29188.096000000012,49,False,False
179,26,-89.98573478428006,53.44025479533286,1.0,CLIENT,7,2,100000,12,24,0,10484,10484,1262,6,324,932,25018.36800000001,49,False,False
179,27,-348.6947171721593,-463.4185052040439,1.0,CLIENT,7,2,100000,12,24,0,10490,10534,1252,5,324,907,25018.36800000001,49,False,False
179,28,66.2218932827882,-456.7393052042968,1.0,CLIENT,7,2,100000,17,32,0,10475,10486,1256,3,321,926,33357.824000000015,49,False,False
179,29,374.7557225539736,-17.02530520472834,1.0,CLIENT,7,2,100000,12,28,0,10531,10531,1261,3,323,927,29188.096000000012,49,False,False
179,30,101.4715862295418,-420.00370520450105,1.0,CLIENT,7,2,100000,10,32,0,10517,10523,1255,3,322,922,33357.824000000015,49,False,False
179,31,-278.8290336244048,8.021694795312158,1.0,CLIENT,7,2,100000,15,31,0,10488,10488,1257,4,321,924,32315.392000000014,49,False,False
179,32,386.4792159385789,-405.5321052046534,1.0,CLIENT,7,2,100000,12,29,0,10452,10530,1242,2,322,897,30230.528000000013,49,False,False
179,33,-36.35867383039758,-469.76374520463423,1.0,CLIENT,7,2,100000,11,22,0,10508,10517,1266,3,325,925,22933.504000000008,49,False,False
179,34,-426.3232544469417,473.1166547956599,1.0,CLIENT,7,2,100000,12,25,0,10338,10565,1231,0,324,890,26060.80000000001,49,False,False
179,35,-33.82386444963814,187.914814795937,1.0,CLIENT,7,2,100000,9,19,0,10508,10508,1270,3,325,945,19806.208000000006,49,False,False
179,36,21.62509074631342,183.68465479554345,1.0,CLIENT,7,2,100000,8,8,0,10486,10486,1279,5,328,948,8339.456,49,False,False
179,37,123.413529928434,68.13449479540935,1.0,CLIENT,7,2,100000,14,16,0,10470,10470,1270,6,326,937,16678.912000000004,49,False,False
179,38,-117.39336120994233,-129.12454520408346,1.0,CLIENT,7,2,100000,14,24,0,10477,10477,1262,6,324,928,25018.36800000001,49,False,False
179,39,447.5522794477387,-409.4283052043082,1.0,CLIENT,7,2,100000,17,44,0,10391,10521,1218,0,319,871,45867.00800000002,49,False,False
179,40,-57.11242563241058,262.0539347954241,1.0,CLIENT,7,2,100000,13,20,0,10507,10507,1269,3,325,943,20848.640000000007,49,False,False
179,41,209.67626165537297,109.76817479549425,1.0,CLIENT,7,2,100000,12,21,0,10480,10480,1266,5,325,936,21891.072000000007,49,False,False
179,42,148.52398535327552,-436.92434520449325,1.0,CLIENT,7,2,100000,18,28,0,10473,10492,1258,3,323,918,29188.096000000012,49,False,False
179,43,409.6093515349131,170.54889479548706,1.0,CLIENT,7,2,100000,16,41,0,10525,10527,1247,3,320,911,42739.71200000002,49,False,False
179,44,-350.91267538004234,412.1132947954382,1.0,CLIENT,7,2,100000,14,39,0,10438,10503,1240,2,320,900,40654.84800000002,49,False,False
179,45,-194.30898334659724,-420.7829452041156,1.0,CLIENT,7,2,100000,18,40,0,10472,10475,1249,3,320,922,41697.28000000002,49,False,False
179,46,-214.42903280342037,-279.5178652040454,1.0,CLIENT,7,2,100000,12,18,0,10491,10491,1268,6,325,940,18763.776000000005,49,False,False
179,47,314.63321256288003,490.81653479526665,1.0,CLIENT,7,2,100000,15,46,0,10487,10551,1231,6,319,901,47951.872000000025,49,False,False
179,48,-114.70012624330755,158.97161479545076,1.0,CLIENT,7,2,100000,11,24,0,10508,10508,1265,3,324,936,25018.36800000001,49,False,False
179,49,122.93825316968231,246.8030947959619,1.0,CLIENT,7,2,100000,17,34,0,10506,10506,1253,5,320,927,35442.68800000002,49,False,False

180,0,26.377858334955945,-160.6281052044332,1.0,CLIENT,7,2,100000,13,12,0,20292,20292,1360,3,347,1003,12509.184000000003,74,False,False
180,1,384.49889611007166,-140.256545204453,1.0,CLIENT,7,2,100000,15,24,0,20308,20310,1348,3,345,980,25018.36800000001,74,False,False
180,2,244.37146504987436,148.73017479599667,1.0,CLIENT,7,2,100000,11,8,0,20330,20330,1365,2,348,1002,8339.456,74,False,False
180,3,-310.1180869141439,359.7928947954415,1.0,CLIENT,7,2,100000,12,28,0,20317,20319,1343,4,343,986,29188.096000000012,74,False,False
180,4,245.79729532612942,-246.1218652045187,1.0,CLIENT,7,2,100000,16,28,0,20325,20325,1344,3,343,998,29188.096000000012,74,False,False
180,5,55.76580458912546,-227.5314252039965,1.0,CLIENT,7,2,100000,9,12,0,20330,20330,1361,2,347,999,12509.184000000003,74,False,False
180,6,-38.41820645184249,-142.81690520431653,1.0,CLIENT,7,2,100000,13,12,0,20295,20295,1361,2,347,1000,12509.184000000003,74,False,False
180,7,-256.64945154613673,-73.46454520460867,1.0,CLIENT,7,2,100000,18,27,0,20281,20281,1346,2,343,993,28145.66400000001,74,False,False
180,8,26.21943274851777,-33.500665204262816,1.0,CLIENT,7,2,100000,10,13,0,20309,20310,1359,2,347,1010,13551.616000000004,74,False,False
180,9,-226.31095177446386,188.8053747952705,1.0,CLIENT,7,2,100000,16,20,0,20293,20293,1352,3,345,1001,20848.640000000007,74,False,False
180,10,-419.74859261623016,170.66021479599698,1.0,CLIENT,7,2,100000,12,27,0,20312,20316,1344,4,345,976,28145.66400000001,74,False,False
180,11,66.38031886922639,-319.2591052041624,1.0,CLIENT,7,2,100000,14,16,0,20307,20307,1357,2,346,1010,16678.912000000004,74,False,False
180,12,-234.07380550205468,92.7362147957831,1.0,CLIENT,7,2,100000,15,23,0,20294,20294,1349,3,344,995,23975.93600000001,74,False,False
180,13,-380.8551111859012,-311.02142520439514,1.0,CLIENT,7,2,100000,17,24,0,20266,20318,1346,2,343,985,25018.36800000001,74,False,False
180,14,-59.884873391983014,-34.3912252043873,1.0,CLIENT,7,2,100000,14,12,0,20289,20289,1361,2,347,1008,12509.184000000003,74,False,False
180,15,478.20763039228785,113.33041479599217,1.0,CLIENT,7,2,100000,9,16,0,20330,20345,1356,2,346,1000,16678.912000000004,74,False,False
180,16,-4.83198216128264,-29.82710520404595,1.0,CLIENT,7,2,100000,15,20,0,20285,20285,1352,3,345,997,20848.640000000007,74,False,False
180,17,259.8179597115555,479.795854795407,1.0,CLIENT,7,2,100000,13,13,0,20263,20317,1351,2,347,987,13551.616000000004,74,False,False
180,18,-430.91759644914606,210.5127747958329,1.0,CLIENT,7,2,100000,15,24,0,20305,20306,1348,3,344,993,25018.36800000001,74,False,False
180,19,-262.511198238158,-360.8927852042473,1.0,CLIENT,7,2,100000,14,16,0,20270,20301,1354,2,346,1000,16678.912000000004,74,False,False
180,20,453.17638776038405,466.43745479591274,1.0,CLIENT,7,2,100000,10,20,0,20082,20371,1326,2,344,955,20848.640000000007,74,False,False
180,21,404.777371153333,193.2581747958929,1.0,CLIENT,7,2,100000,17,24,0,20310,20317,1348,2,344,996,25018.36800000001,74,False,False
180,22,171.4164825696711,-100.84926520428382,1.0,CLIENT,7,2,100000,10,12,0,20317,20317,1360,3,347,1004,12509.184000000003,74,False,False
180,23,-401.450437401476,442.5036547954346,1.0,CLIENT,7,2,100000,14,12,0,20297,20355,1355,3,347,993,12509.184000000003,74,False,False
180,24,-203.5768801439436,5.238694796010748,1.0,CLIENT,7,2,100000,10,12,0,20308,20308,1361,2,347,1013,12509.184000000003,74,False,False
180,25,208.09200579267974,-8.898945204680047,1.0,CLIENT,7,2,100000,12,8,0,20299,20299,1365,2,348,1014,8339.456,74,False,False
180,26,-491.83223437186774,61.01001479599546,1.0,CLIENT,7,2,100000,12,22,0,20307,20320,1350,3,344,989,22933.504000000008,74,False,False
180,27,178.78327233144788,-332.3948652042188,1.0,CLIENT,7,2,100000,12,18,0,20339,20340,1354,3,345,994,18763.776000000005,74,False,False
180,28,-292.7704852168932,89.50793479523298,1.0,CLIENT,7,2,100000,17,34,0,20306,20306,1338,3,341,987,35442.68800000002,74,False,False
180,29,284.76998954995884,-481.7863052043373,1.0,CLIENT,7,2,100000,12,28,0,20281,20372,1338,4,343,972,29188.096000000012,74,False,False
180,30,-127.5325987318544,-44.85530520407025,1.0,CLIENT,7,2,100000,10,24,0,20312,20312,1349,2,344,1005,25018.36800000001,74,False,False
180,31,-168.56482557712872,-487.68626520446986,1.0,CLIENT,7,2,100000,15,33,0,20272,20340,1337,2,341,980,34400.256000000016,74,False,False
180,32,-150.90037270700165,-62.22122520452018,1.0,CLIENT,7,2,100000,12,15,0,20294,20294,1357,3,345,1002,15636.480000000005,74,False,False
180,33,-165.9508034034316,238.45409479568474,1.0,CLIENT,7,2,100000,11,12,0,20290,20290,1359,4,347,1006,12509.184000000003,74,False,False
180,34,-0.47527853901696887,256.93321479569704,1.0,CLIENT,7,2,100000,12,8,0,20276,20276,1364,3,348,1005,8339.456,74,False,False
180,35,122.2253380315548,457.08657479579216,1.0,CLIENT,7,2,100000,9,14,0,20322,20337,1358,2,346,993,14594.048000000004,74,False,False
180,36,-47.60689045568836,-462.8619052046582,1.0,CLIENT,7,2,100000,8,8,0,20336,20350,1362,2,347,1006,8339.456,74,False,False
180,37,55.845017382063126,370.1456547954055,1.0,CLIENT,7,2,100000,14,16,0,20298,20298,1357,2,346,992,16678.912000000004,74,False,False
180,38,146.86051669708178,442.39233479571567,1.0,CLIENT,7,2,100000,14,20,0,20299,20309,1353,2,345,996,20848.640000000007,74,False,False
180,39,51.17146258692111,480.24113479586475,1.0,CLIENT,7,2,100000,17,28,0,20298,20303,1344,2,343,980,29188.096000000012,74,False,False
180,40,206.58696272292417,-82.37014520427152,1.0,CLIENT,7,2,100000,13,16,0,20300,20300,1356,3,346,1007,16678.912000000004,74,False,False
180,41,273.4425601311675,198.4902147953389,1.0,CLIENT,7,2,100000,12,21,0,20316,20317,1352,1,345,1003,21891.072000000007,74,False,False
180,42,-74.46002732966127,365.4702147953452,1.0,CLIENT,7,2,100000,18,20,0,20284,20284,1352,3,345,996,20848.640000000007,74,False,False
180,43,-137.67183625320365,-281.63294520424216,1.0,CLIENT,7,2,100000,16,23,0,20314,20314,1350,2,344,995,23975.93600000001,74,False,False
180,44,60.36014659076697,198.15625479539108,1.0,CLIENT,7,2,100000,14,17,0,20289,20289,1355,3,346,995,17721.344000000005,74,False,False
180,45,-95.53063030398778,-410.2075452047137,1.0,CLIENT,7,2,100000,18,36,0,20293,20296,1337,2,341,983,37527.55200000002,74,False,False
180,46,107.72939688737705,294.22541479566945,1.0,CLIENT,7,2,100000,12,12,0,20295,20295,1361,2,347,1011,12509.184000000003,74,False,False
180,47,161.11881946188367,263.946374795392,1.0,CLIENT,7,2,100000,15,23,0,20290,20290,1350,2,344,998,23975.93600000001,74,False,False
180,48,-115.65067976081092,101.30785479549814,1.0,CLIENT,7,2,100000,11,16,0,20285,20285,1356,3,346,999,16678.912000000004,74,False,False
180,49,-13.228538234063313,-331.1703452041465,1.0,CLIENT,7,2,100000,16,26,0,20301,20302,1347,2,343,999,27103.23200000001,74,False,False
180,50,221.7166062122918,354.7834947954334,1.0,CLIENT,7,2,100000,12,20,0,20323,20329,1353,2,345,994,20848.640000000007,74,False,False
180,51,316.9303835637008,408.88501479567907,1.0,CLIENT,7,2,100000,12,24,0,20306,20341,1343,1,344,982,25018.36800000001,74,False,False
180,52,14.258300984536621,77.04009479586318,1.0,CLIENT,7,2,100000,8,9,0,20324,20324,1364,2,347,1007,9381.888,74,False,False
180,53,-143.7712213246007,-274.1745052040895,1.0,CLIENT,7,2,100000,11,16,0,20327,20328,1357,2,346,999,16678.912000000004,74,False,False
180,54,-328.73309330121145,192.2562947952585,1.0,CLIENT,7,2,100000,10,16,0,20327,20327,1356,3,346,1004,16678.912000000004,74,False,False
180,55,32.16039223403951,-276.1782652045673,1.0,CLIENT,7,2,100000,10,14,0,20326,20326,1359,2,346,1005,14594.048000000004,74,False,False
180,56,49.03271717197568,-421.1169052040634,1.0,CLIENT,7,2,100000,11,16,0,20345,20347,1356,3,346,992,16678.912000000004,74,False,False
180,57,-358.4378907276945,-114.54162520451689,1.0,CLIENT,7,2,100000,11,14,0,20306,20307,1359,2,346,1000,14594.048000000004,74,False,False
180,58,-491.5153831989913,312.4818947954529,1.0,CLIENT,7,2,100000,11,24,0,20308,20357,1341,4,344,979,25018.36800000001,74,False,False
180,59,119.21525189204367,145.72453479567542,1.0,CLIENT,7,2,100000,10,8,0,20309,20309,1365,2,348,1008,8339.456,74,False,False
180,60,480.5048013931087,390.2945747959478,1.0,CLIENT,7,2,100000,13,26,0,20197,20352,1337,2,344,975,27103.23200000001,74,False,False
180,61,-240.17319057345176,-439.70734520458564,1.0,CLIENT,7,2,100000,14,20,0,20233,20299,1347,2,345,992,20848.640000000007,74,False,False
180,62,-78.02460302086175,-89.71726520470526,1.0,CLIENT,7,2,100000,10,8,0,20304,20304,1364,3,348,1009,8339.456,74,False,False
180,63,86.6587939124877,449.2941747956917,1.0,CLIENT,7,2,100000,14,20,0,20327,20330,1353,2,345,992,20848.640000000007,74,False,False
180,64,65.033701385909,131.4755747952657,1.0,CLIENT,7,2,100000,10,15,0,20319,20319,1357,3,346,1003,15636.480000000005,74,False,False
180,65,305.68216693841,156.6338947958161,1.0,CLIENT,7,2,100000,16,16,0,20285,20285,1357,2,346,1002,16678.912000000004,74,False,False
180,66,-69.4696213616429,229.43717479551196,1.0,CLIENT,7,2,100000,15,19,0,20290,20290,1353,3,345,998,19806.208000000006,74,False,False
180,67,-154.38573560526447,108.0983747957552,1.0,CLIENT,7,2,100000,12,10,0,20308,20308,1362,3,347,1009,10424.320000000002,74,False,False
180,68,-241.51980805676914,401.53789479524534,1.0,CLIENT,7,2,100000,10,11,0,20325,20329,1360,3,347,1004,11466.752000000002,74,False,False
180,69,63.05338155740175,399.8680947955063,1.0,CLIENT,7,2,100000,11,20,0,20322,20322,1353,2,345,996,20848.640000000007,74,False,False
180,70,-342.43690651432405,327.9553747959349,1.0,CLIENT,7,2,100000,11,16,0,20335,20342,1353,4,346,991,16678.912000000004,74,False,False
180,71,-364.45806300615396,-61.108025204166836,1.0,CLIENT,7,2,100000,9,15,0,20338,20339,1358,2,346,1009,15636.480000000005,74,False,False
180,72,319.22755456452154,-410.2075452047137,1.0,CLIENT,7,2,100000,10,17,0,20319,20371,1351,3,345,982,17721.344000000005,74,False,False
180,73,-438.8388757626122,-395.958585204304,1.0,CLIENT,7,2,100000,17,28,0,20054,20302,1321,1,342,965,29188.096000000012,74,False,False
180,74,386.71685431795476,-145.15462520474216,1.0,CLIENT,7,2,100000,12,20,0,20330,20332,1352,3,345,993,20848.640000000007,74,False,False

181,0,36.75473423568103,309.8102147958704,1.0,CLIENT,7,2,100000,13,20,0,20259,20259,1349,7,347,992,20848.640000000007,74,False,False
181,1,323.5050453944124,473.33929479588875,1.0,CLIENT,7,2,100000,15,28,0,20192,20307,1328,7,344,958,29188.096000000012,74,False,False
181,2,-254.74834451056716,-331.39298520437535,1.0,CLIENT,7,2,100000,11,4,0,20235,20236,1365,7,351,1000,4169.728,74,False,False
181,3,-237.55916839975464,-411.87734520445275,1.0,CLIENT,7,2,100000,12,28,0,20255,20261,1342,6,345,984,29188.096000000012,74,False,False
181,4,-143.1375189799737,389.960614796,1.0,CLIENT,7,2,100000,16,24,0,20213,20217,1347,5,346,992,25018.36800000001,74,False,False
181,5,123.25510434199583,-104.30018520427183,1.0,CLIENT,7,2,100000,9,12,0,20249,20249,1360,4,349,1000,12509.184000000003,74,False,False
181,6,-263.8578157214754,151.73581479552695,1.0,CLIENT,7,2,100000,13,16,0,20232,20232,1356,4,348,1005,16678.912000000004,74,False,False
181,7,496.8226367793555,-119.66234520424393,1.0,CLIENT,7,2,100000,18,33,0,20143,20235,1330,3,343,978,34400.256000000016,74,False,False
181,8,-415.62952737334024,266.95201479571324,1.0,CLIENT,7,2,100000,10,20,0,20228,20268,1347,5,347,998,20848.640000000007,74,False,False
181,9,379.2708517632402,-197.5863452044578,1.0,CLIENT,7,2,100000,16,24,0,20203,20233,1343,4,346,987,25018.36800000001,74,False,False
181,10,317.2472347365771,84.83249479596367,1.0,CLIENT,7,2,100000,12,20,0,20254,20254,1352,4,347,990,20848.640000000007,74,False,False
181,11,-227.97442043009477,-63.557065204311414,1.0,CLIENT,7,2,100000,14,12,0,20223,20223,1358,6,349,1003,12509.184000000003,74,False,False
181,12,-207.69594538683344,-416.9980652041798,1.0,CLIENT,7,2,100000,15,24,0,20221,20226,1347,5,346,990,25018.36800000001,74,False,False
181,13,416.2632261585625,-107.19450520408316,1.0,CLIENT,7,2,100000,17,20,0,20208,20228,1350,4,347,993,20848.640000000007,74,False,False
181,14,-330.47577475034285,382.16821479589953,1.0,CLIENT,7,2,100000,14,17,0,20213,20254,1352,3,347,992,17721.344000000005,74,False,False
181,15,-113.98721110518002,-12.01590520472024,1.0,CLIENT,7,2,100000,9,8,0,20215,20215,1362,6,350,1010,8339.456,74,False,False
181,16,432.73948713124736,-233.09742520418126,1.0,CLIENT,7,2,100000,15,40,0,20134,20230,1319,2,345,962,41697.28000000002,74,False,False
181,17,-446.601729490203,-172.31670520418845,1.0,CLIENT,7,2,100000,13,11,0,20238,20245,1360,5,349,1001,11466.752000000002,74,False,False
181,18,335.5453899513312,-406.86794520444465,1.0,CLIENT,7,2,100000,15,28,0,20117,20252,1328,4,344,974,29188.096000000012,74,False,False
181,19,-22.33800944497151,47.6516147957102,1.0,CLIENT,7,2,100000,14,13,0,20216,20216,1355,8,349,993,13551.616000000004,74,False,False
181,20,400.5790931169426,1.3424947955650168,1.0,CLIENT,7,2,100000,10,12,0,20255,20259,1360,4,349,1001,12509.184000000003,74,False,False
181,21,9.980810155208617,-452.0638652042365,1.0,CLIENT,7,2,100000,17,20,0,20215,20226,1351,4,347,995,20848.640000000007,74,False,False
181,22,402.5594129454498,-286.7536652047602,1.0,CLIENT,7,2,100000,10,12,0,20182,20273,1349,4,349,994,12509.184000000003,74,False,False
181,23,32.95252016510471,-251.35390520475568,1.0,CLIENT,7,2,100000,14,4,0,20216,20216,1367,5,351,1001,4169.728,74,False,False
181,24,34.299137648422096,-323.1553052046081,1.0,CLIENT,7,2,100000,10,12,0,20233,20234,1359,4,349,992,12509.184000000003,74,False,False
181,25,-203.10160338519194,-271.0575452040493,1.0,CLIENT,7,2,100000,12,8,0,20218,20218,1361,7,350,1001,8339.456,74,False,False
181,26,425.2142717830325,-260.4821452046474,1.0,CLIENT,7,2,100000,12,24,0,20152,20246,1343,3,346,985,25018.36800000001,74,False,False
181,27,-461.0184578414431,-394.28878520456493,1.0,CLIENT,7,2,100000,12,14,0,20192,20248,1351,6,349,981,14594.048000000004,74,False,False
181,28,-377.5281738740766,245.2446147959418,1.0,CLIENT,7,2,100000,17,33,0,20216,20229,1338,5,343,986,34400.256000000016,74,False,False
181,29,-76.67798553754436,87.83813479549394,1.0,CLIENT,7,2,100000,12,16,0,20223,20223,1354,7,348,1003,16678.912000000004,74,False,False
181,30,-135.37466525238287,181.12429479567993,1.0,CLIENT,7,2,100000,10,25,0,20243,20243,1346,5,345,992,26060.80000000001,74,False,False
181,31,-307.3456391540086,356.6759347954013,1.0,CLIENT,7,2,100000,15,29,0,20229,20245,1341,4,343,991,30230.528000000013,74,False,False
181,32,271.6998786820361,-19.474345204081942,1.0,CLIENT,7,2,100000,12,20,0,20253,20253,1352,4,347,999,20848.640000000007,74,False,False
181,33,304.89003900678193,-180.3317452045178,1.0,CLIENT,7,2,100000,11,16,0,20236,20243,1354,4,348,996,16678.912000000004,74,False,False
181,34,99.57047919397222,363.0211747959916,1.0,CLIENT,7,2,100000,12,16,0,20267,20267,1355,5,348,995,16678.912000000004,74,False,False
181,35,-169.67380468107027,421.35285479583985,1.0,CLIENT,7,2,100000,9,12,0,20247,20256,1357,5,349,998,12509.184000000003,74,False,False
181,36,-53.78548832058594,197.15437479554765,1.0,CLIENT,7,2,100000,8,8,0,20246,20246,1363,5,350,1006,8339.456,74,False,False
181,37,110.73948302632533,-94.39270520476555,1.0,CLIENT,7,2,100000,14,12,0,20208,20208,1359,5,349,1001,12509.184000000003,74,False,False
181,38,273.83862409698156,227.0994547958773,1.0,CLIENT,7,2,100000,14,20,0,20235,20235,1350,6,347,989,20848.640000000007,74,False,False
181,39,307.2664228011032,-175.87894520468637,1.0,CLIENT,7,2,100000,17,25,0,20219,20220,1347,4,345,989,26060.80000000001,74,False,False
181,40,244.29225225637384,-325.047745204576,1.0,CLIENT,7,2,100000,13,17,0,20206,20223,1354,4,348,996,17721.344000000005,74,False,False
181,41,-294.9884434247763,0.34061479572159215,1.0,CLIENT,7,2,100000,12,16,0,20227,20227,1356,4,348,1005,16678.912000000004,74,False,False
181,42,-210.8644571122199,-442.1563852047302,1.0,CLIENT,7,2,100000,18,24,0,20224,20230,1346,6,346,984,25018.36800000001,74,False,False
181,43,-201.91341148774987,-412.54526520434837,1.0,CLIENT,7,2,100000,16,22,0,20231,20242,1348,5,346,986,22933.504000000008,74,False,False
181,44,-188.051172688762,173.88849479575612,1.0,CLIENT,7,2,100000,14,21,0,20230,20230,1350,5,346,1004,21891.072000000007,74,False,False
181,45,61.9444024534602,-274.06318520437054,1.0,CLIENT,7,2,100000,18,32,0,20206,20208,1338,5,344,989,33357.824000000015,74,False,False
181,46,-191.29889720764896,-239.66530520420946,1.0,CLIENT,7,2,100000,12,12,0,20234,20234,1358,6,349,1000,12509.184000000003,74,False,False
181,47,-116.28438210600078,-40.29118520451988,1.0,CLIENT,7,2,100000,15,16,0,20195,20195,1354,6,348,995,16678.912000000004,74,False,False
181,48,-318.5146429863617,-125.2283452044287,1.0,CLIENT,7,2,100000,11,16,0,20231,20231,1355,5,348,989,16678.912000000004,74,False,False
181,49,-346.31833337783803,318.7158147955333,1.0,CLIENT,7,2,100000,16,26,0,20222,20247,1345,4,344,993,27103.23200000001,74,False,False
181,50,-488.26765868066724,16.704654795537124,1.0,CLIENT,7,2,100000,12,20,0,20223,20235,1352,4,347,992,20848.640000000007,74,False,False
181,51,-383.07306939378435,-277.7367452045874,1.0,CLIENT,7,2,100000,12,24,0,20259,20262,1344,7,346,981,25018.36800000001,74,False,False
181,52,469.25658476725505,-400.30006520441646,1.0,CLIENT,7,2,100000,8,17,0,19804,20258,1321,2,347,962,17721.344000000005,74,False,False
181,53,77.5493227015795,317.8252547954088,1.0,CLIENT,7,2,100000,11,16,0,20256,20256,1355,5,348,1000,16678.912000000004,74,False,False
181,54,264.0162377479458,318.1592147953566,1.0,CLIENT,7,2,100000,10,16,0,20272,20276,1353,7,348,990,16678.912000000004,74,False,False
181,55,-296.41427370103133,-112.87182520398687,1.0,CLIENT,7,2,100000,10,11,0,20233,20233,1358,7,349,1003,11466.752000000002,74,False,False
181,56,-461.41452180669427,204.94677479564814,1.0,CLIENT,7,2,100000,11,8,0,20198,20236,1360,4,350,1002,8339.456,74,False,False
181,57,-447.7899213870822,-161.74130520399558,1.0,CLIENT,7,2,100000,11,13,0,20220,20227,1358,4,348,995,13551.616000000004,74,False,False
181,58,32.16039223403951,-300.5573452047122,1.0,CLIENT,7,2,100000,11,12,0,20242,20242,1359,5,349,1001,12509.184000000003,74,False,False
181,59,472.5835220790797,-163.7450652044734,1.0,CLIENT,7,2,100000,10,17,0,20192,20270,1351,4,348,987,17721.344000000005,74,False,False
181,60,169.83222670697788,88.95133479584729,1.0,CLIENT,7,2,100000,13,20,0,20237,20237,1350,6,347,995,20848.640000000007,74,False,False
181,61,-465.4543742566465,336.52701479564996,1.0,CLIENT,7,2,100000,14,23,0,20104,20255,1331,4,346,974,23975.93600000001,74,False,False
181,62,201.51734396196812,-75.80226520424333,1.0,CLIENT,7,2,100000,10,8,0,20248,20248,1364,4,350,1006,8339.456,74,False,False
181,63,-157.3958217447756,-457.1845852047545,1.0,CLIENT,7,2,100000,14,20,0,20239,20251,1351,4,347,992,20848.640000000007,74,False,False
181,64,-487.0794667832251,466.8827347955795,1.0,CLIENT,7,2,100000,10,26,0,19740,20243,1298,4,346,937,27103.23200000001,74,False,False
181,65,-475.1975478127445,409.44161479585574,1.0,CLIENT,7,2,100000,16,33,0,20003,20277,1320,3,344,958,34400.256000000016,74,False,False
181,66,-155.25707632983017,89.84189479597177,1.0,CLIENT,7,2,100000,16,17,0,20200,20200,1355,4,347,997,17721.344000000005,74,False,False
181,67,-283.661014005985,437.7168947956554,1.0,CLIENT,7,2,100000,12,14,0,20218,20268,1355,5,348,988,14594.048000000004,74,False,False
181,68,-165.6339522311181,-1.6631452047562334,1.0,CLIENT,7,2,100000,10,8,0,20243,20243,1363,5,350,1005,8339.456,74,False,False
181,69,74.61844935556888,-365.4569052045886,1.0,CLIENT,7,2,100000,11,19,0,20217,20221,1352,4,347,990,19806.208000000006,74,False,False
181,70,30.65534916428395,320.83089479573005,1.0,CLIENT,7,2,100000,11,16,0,20250,20250,1354,6,348,994,16678.912000000004,74,False,False
181,71,-163.3367812297345,-489.9126652043856,1.0,CLIENT,7,2,100000,9,15,0,20248,20267,1355,4,348,988,15636.480000000005,74,False,False
181,72,-445.8888143520755,-104.07754520404296,1.0,CLIENT,7,2,100000,10,15,0,20273,20275,1357,4,348,1001,15636.480000000005,74,False,False
181,73,-350.99188817298005,-162.1865852044533,1.0,CLIENT,7,2,100000,17,27,0,20246,20247,1343,6,345,987,28145.66400000001,74,False,False
181,74,462.84034852354444,0.8972147958982646,1.0,CLIENT,7,2,100000,12,20,0,20240,20260,1349,4,347,991,20848.640000000007,74,False,False

182,0,-426.0064032746282,99.41541479553024,1.0,CLIENT,7,2,100000,13,18,0,20251,20260,1362,6,352,1006,18763.776000000005,74,False,False
182,1,31.368264302411475,486.14109479599733,1.0,CLIENT,7,2,100000,15,23,0,20234,20270,1352,7,351,997,23975.93600000001,74,False,False
182,2,190.66519130249137,-59.54954520414674,1.0,CLIENT,7,2,100000,11,4,0,20255,20255,1377,6,356,1017,4169.728,74,False,False
182,3,-187.02140637832096,-137.1395852044128,1.0,CLIENT,7,2,100000,12,24,0,20248,20248,1357,6,351,1004,25018.36800000001,74,False,False
182,4,114.54169709690164,-31.60822520429491,1.0,CLIENT,7,2,100000,16,24,0,20225,20225,1355,8,351,1000,25018.36800000001,74,False,False
182,5,-312.336045122027,274.4104547958659,1.0,CLIENT,7,2,100000,9,12,0,20252,20262,1365,7,354,1001,12509.184000000003,74,False,False
182,6,-495.3968100630682,-471.65618520460214,1.0,CLIENT,7,2,100000,13,31,0,19953,20274,1317,6,349,940,32315.392000000014,74,False,False
182,7,-294.9884434247763,373.7078947959034,1.0,CLIENT,7,2,100000,18,31,0,20206,20245,1343,8,349,979,32315.392000000014,74,False,False
182,8,-253.08487585493626,215.7448147952789,1.0,CLIENT,7,2,100000,10,12,0,20257,20258,1367,8,354,1006,12509.184000000003,74,False,False
182,9,439.0765105820203,-381.9322652041231,1.0,CLIENT,7,2,100000,16,24,0,20206,20280,1352,7,351,981,25018.36800000001,74,False,False
182,10,-216.88462939067932,-335.73446520448783,1.0,CLIENT,7,2,100000,12,21,0,20251,20257,1360,5,352,995,21891.072000000007,74,False,False
182,11,-308.05855429213614,-128.0113452045211,1.0,CLIENT,7,2,100000,14,20,0,20268,20268,1362,5,352,1005,20848.640000000007,74,False,False
182,12,262.59040747112795,152.18109479598468,1.0,CLIENT,7,2,100000,15,24,0,20237,20239,1356,7,351,995,25018.36800000001,74,False,False
182,13,286.4334582055897,118.89641479538597,1.0,CLIENT,7,2,100000,16,19,0,20245,20246,1362,6,352,1005,19806.208000000006,74,False,False
182,14,-80.16334843524433,-215.28622520406458,1.0,CLIENT,7,2,100000,14,11,0,20239,20239,1369,7,354,1005,11466.752000000002,74,False,False
182,15,-306.4742984294429,-400.0774252041876,1.0,CLIENT,7,2,100000,9,16,0,20266,20292,1363,5,353,1002,16678.912000000004,74,False,False
182,16,-348.6155043786588,-327.05150520426287,1.0,CLIENT,7,2,100000,15,25,0,20236,20250,1353,6,350,992,26060.80000000001,74,False,False
182,17,150.3458795953446,-320.5949452047446,1.0,CLIENT,7,2,100000,13,12,0,20260,20261,1369,6,354,995,12509.184000000003,74,False,False
182,18,469.1773719743174,-252.24446520408918,1.0,CLIENT,7,2,100000,15,28,0,20232,20263,1345,7,350,992,29188.096000000012,74,False,False
182,19,43.64624723870614,192.0336547958206,1.0,CLIENT,7,2,100000,13,13,0,20227,20227,1366,8,354,998,13551.616000000004,74,False,False
182,20,91.41156150056739,-470.5429852042488,1.0,CLIENT,7,2,100000,10,10,0,20253,20261,1370,7,354,1009,10424.320000000002,74,False,False
182,21,-391.7072638459408,53.996854795509535,1.0,CLIENT,7,2,100000,16,20,0,20244,20245,1361,6,352,1002,20848.640000000007,74,False,False
182,22,-71.84600515596416,-158.29038520400758,1.0,CLIENT,7,2,100000,9,12,0,20244,20244,1369,6,354,1005,12509.184000000003,74,False,False
182,23,-12.753261475311628,130.91897479588,1.0,CLIENT,7,2,100000,14,4,0,20230,20230,1375,8,356,1016,4169.728,74,False,False
182,24,260.61008764262067,145.39057479572762,1.0,CLIENT,7,2,100000,10,12,0,20264,20265,1368,7,354,1010,12509.184000000003,74,False,False
182,25,-182.11021320324025,-243.22754520470738,1.0,CLIENT,7,2,100000,12,7,0,20239,20239,1374,6,355,1007,7297.023999999999,74,False,False
182,26,-347.7441636540931,316.15545479566975,1.0,CLIENT,7,2,100000,12,25,0,20262,20290,1349,7,350,989,26060.80000000001,74,False,False
182,27,-4.911194954783148,279.53117479559296,1.0,CLIENT,7,2,100000,12,9,0,20257,20257,1371,7,354,1009,9381.888,74,False,False
182,28,-204.527433661447,211.62597479539528,1.0,CLIENT,7,2,100000,17,29,0,20241,20241,1350,8,349,995,30230.528000000013,74,False,False
182,29,-68.51906784413953,238.45409479568474,1.0,CLIENT,7,2,100000,12,16,0,20238,20238,1364,7,353,1008,16678.912000000004,74,False,False
182,30,-53.23099876833375,-469.4297852046864,1.0,CLIENT,7,2,100000,10,24,0,20235,20249,1353,7,351,986,25018.36800000001,74,False,False
182,31,-50.1416998364478,65.24017479559802,1.0,CLIENT,7,2,100000,15,23,0,20214,20214,1356,8,350,1000,23975.93600000001,74,False,False
182,32,446.20566196442127,171.6620947958404,1.0,CLIENT,7,2,100000,12,25,0,20228,20285,1349,6,350,976,26060.80000000001,74,False,False
182,33,9.822384568770444,53.44025479533286,1.0,CLIENT,7,2,100000,11,12,0,20227,20227,1367,8,354,1004,12509.184000000003,74,False,False
182,34,10.297661328084969,419.5717347955909,1.0,CLIENT,7,2,100000,12,13,0,20264,20270,1367,6,353,1002,13551.616000000004,74,False,False
182,35,380.3798308671818,470.55629479579636,1.0,CLIENT,7,2,100000,9,25,0,19903,20272,1315,6,352,937,26060.80000000001,74,False,False
182,36,-459.90947873750156,-54.87410520408645,1.0,CLIENT,7,2,100000,8,8,0,20288,20293,1371,5,355,1007,8339.456,74,False,False
182,37,263.22410981631776,222.3126947953071,1.0,CLIENT,7,2,100000,14,16,0,20228,20231,1363,7,353,1001,16678.912000000004,74,False,False
182,38,45.46814148077521,403.6529747954421,1.0,CLIENT,7,2,100000,14,22,0,20253,20258,1357,7,351,993,22933.504000000008,74,False,False
182,39,-429.96704293107985,318.1592147953566,1.0,CLIENT,7,2,100000,17,29,0,20144,20258,1335,8,349,968,30230.528000000013,74,False,False
182,40,-401.6880757808519,-377.2568252040628,1.0,CLIENT,7,2,100000,13,16,0,20229,20274,1359,7,353,999,16678.912000000004,74,False,False
182,41,193.0415750962498,444.50741479591244,1.0,CLIENT,7,2,100000,12,21,0,20235,20275,1356,8,351,997,21891.072000000007,74,False,False
182,42,136.87970476160788,-464.4203852046783,1.0,CLIENT,7,2,100000,17,22,0,20228,20237,1358,7,351,999,22933.504000000008,74,False,False
182,43,339.9813063665345,-444.3827852046459,1.0,CLIENT,7,2,100000,16,24,0,20208,20255,1347,7,351,974,25018.36800000001,74,False,False
182,44,137.43419431386008,-333.0627852041144,1.0,CLIENT,7,2,100000,14,20,0,20236,20236,1361,6,352,1003,20848.640000000007,74,False,False
182,45,425.05584619659425,-455.8487452041723,1.0,CLIENT,7,2,100000,18,46,0,20095,20262,1317,5,346,968,47951.872000000025,74,False,False
182,46,-276.05658586483236,150.73393479568352,1.0,CLIENT,7,2,100000,12,12,0,20257,20257,1367,8,354,1007,12509.184000000003,74,False,False
182,47,-11.089792819117891,217.6372547952468,1.0,CLIENT,7,2,100000,15,20,0,20214,20214,1359,8,352,998,20848.640000000007,74,False,False
182,48,-71.687579569526,-411.54338520450494,1.0,CLIENT,7,2,100000,11,17,0,20269,20272,1363,7,352,1009,17721.344000000005,74,False,False
182,49,34.299137648422096,-167.1959852044614,1.0,CLIENT,7,2,100000,16,25,0,20231,20231,1354,8,350,1001,26060.80000000001,74,False,False
182,50,6.574660050446317,495.82593479527475,1.0,CLIENT,7,2,100000,12,20,0,20205,20254,1351,6,352,997,20848.640000000007,74,False,False
182,51,-261.08536796190293,-51.3118652043795,1.0,CLIENT,7,2,100000,11,20,0,20245,20245,1362,5,352,1008,20848.640000000007,74,False,False
182,52,-410.48069581944657,-226.86350520410087,1.0,CLIENT,7,2,100000,8,12,0,20271,20282,1368,6,354,1007,12509.184000000003,74,False,False
182,53,-381.80566470340455,-328.0533852041063,1.0,CLIENT,7,2,100000,11,16,0,20256,20283,1362,6,353,991,16678.912000000004,74,False,False
182,54,-218.62731083981072,-450.06010520454964,1.0,CLIENT,7,2,100000,10,17,0,20259,20281,1360,5,353,992,17721.344000000005,74,False,False
182,55,-409.84699347425675,-113.09446520421574,1.0,CLIENT,7,2,100000,10,13,0,20285,20288,1366,6,353,1006,13551.616000000004,74,False,False
182,56,-95.0553535452361,244.2427347953074,1.0,CLIENT,7,2,100000,10,10,0,20252,20252,1369,8,354,1013,10424.320000000002,74,False,False
182,57,-446.205665524389,333.07609479566196,1.0,CLIENT,7,2,100000,11,25,0,20130,20277,1333,6,351,967,26060.80000000001,74,False,False
182,58,106.14514102468381,-310.46482520421847,1.0,CLIENT,7,2,100000,11,14,0,20245,20245,1366,7,354,993,14594.048000000004,74,False,False
182,59,107.80860968031472,439.9432947955711,1.0,CLIENT,7,2,100000,10,8,0,20239,20266,1365,8,355,986,8339.456,74,False,False
182,60,-20.357689616464267,-72.01738520430752,1.0,CLIENT,7,2,100000,13,18,0,20233,20233,1363,7,352,1005,18763.776000000005,74,False,False
182,61,261.32300278131106,17.261254795713796,1.0,CLIENT,7,2,100000,14,20,0,20246,20246,1361,6,352,1003,20848.640000000007,74,False,False
182,62,22.892495436693135,10.025454795789983,1.0,CLIENT,7,2,100000,10,8,0,20246,20246,1372,7,355,1012,8339.456,74,False,False
182,63,251.10455246646129,174.22245479570392,1.0,CLIENT,7,2,100000,14,18,0,20235,20237,1362,6,352,1000,18763.776000000005,74,False,False
182,64,292.5328432775496,233.44469479567664,1.0,CLIENT,7,2,100000,10,20,0,20276,20288,1358,7,352,999,20848.640000000007,74,False,False
182,65,-226.073313395088,349.1061747955297,1.0,CLIENT,7,2,100000,15,20,0,20229,20239,1359,8,352,992,20848.640000000007,74,False,False
182,66,418.8772483316967,-285.1951852047401,1.0,CLIENT,7,2,100000,15,34,0,20246,20275,1342,7,350,973,35442.68800000002,74,False,False
182,67,217.12226421008742,338.64209479584673,1.0,CLIENT,7,2,100000,12,9,0,20246,20261,1370,6,354,1002,9381.888,74,False,False
182,68,-16.238624373011596,12.029214795476832,1.0,CLIENT,7,2,100000,10,8,0,20243,20243,1371,8,355,1014,8339.456,74,False,False
182,69,490.1687621557062,82.60609479525698,1.0,CLIENT,7,2,100000,11,26,0,20217,20284,1349,5,351,981,27103.23200000001,74,False,False
182,70,-226.94465411965373,-474.9957852040802,1.0,CLIENT,7,2,100000,11,17,0,20230,20276,1359,6,353,989,17721.344000000005,74,False,False
182,71,233.99458914858644,-326.6062252045961,1.0,CLIENT,7,2,100000,8,12,0,20268,20268,1368,7,354,1013,12509.184000000003,74,False,False
182,72,-495.1591716836923,-292.54230520438284,1.0,CLIENT,7,2,100000,10,17,0,20227,20307,1357,6,352,996,17721.344000000005,74,False,False
182,73,-377.21132270176304,-381.15302520450854,1.0,CLIENT,7,2,100000,17,29,0,20224,20266,1346,6,349,983,30230.528000000013,74,False,False
182,74,390.123004422717,-129.903785204489,1.0,CLIENT,7,2,100000,12,21,0,20244,20247,1360,5,352,1001,21891.072000000007,74,False,False

183,0,-415.62952737334024,-58.213705204355506,1.0,CLIENT,7,2,100000,13,16,0,20408,20410,1364,6,350,1008,16678.912000000004,74,False,False
183,1,395.1134103907354,-112.31522520460118,1.0,CLIENT,7,2,100000,15,18,0,20396,20404,1365,5,349,1005,18763.776000000005,74,False,False
183,2,-170.22829423275962,255.37473479567694,1.0,CLIENT,7,2,100000,11,4,0,20401,20401,1379,5,353,1025,4169.728,74,False,False
183,3,47.765312482158805,437.38293479570757,1.0,CLIENT,7,2,100000,12,21,0,20388,20397,1361,5,348,1001,21891.072000000007,74,False,False
183,4,-118.18548914157036,149.17545479566343,1.0,CLIENT,7,2,100000,16,24,0,20384,20384,1358,6,348,1008,25018.36800000001,74,False,False
183,5,356.77441851209585,307.5838147959547,1.0,CLIENT,7,2,100000,9,12,0,20388,20429,1365,6,351,1001,12509.184000000003,74,False,False
183,6,198.7448962023957,-384.04734520431987,1.0,CLIENT,7,2,100000,13,27,0,20415,20439,1353,6,348,984,28145.66400000001,74,False,False
183,7,322.158427911095,-491.5824652041246,1.0,CLIENT,7,2,100000,18,56,0,20136,20434,1298,5,342,936,58376.19200000003,74,False,False
183,8,171.65412094904693,74.5910547957186,1.0,CLIENT,7,2,100000,10,12,0,20403,20403,1371,5,351,1017,12509.184000000003,74,False,False
183,9,125.55227534337942,-130.68302520410356,1.0,CLIENT,7,2,100000,15,20,0,20390,20390,1363,5,349,1004,20848.640000000007,74,False,False
183,10,116.20516575309539,-56.76654520405435,1.0,CLIENT,7,2,100000,12,16,0,20392,20392,1367,5,350,1007,16678.912000000004,74,False,False
183,11,-251.02534323349136,142.16229479596848,1.0,CLIENT,7,2,100000,14,14,0,20395,20395,1368,6,350,1008,14594.048000000004,74,False,False
183,12,108.44231202550458,-136.02638520405947,1.0,CLIENT,7,2,100000,15,24,0,20398,20398,1359,5,348,1009,25018.36800000001,74,False,False
183,13,-437.4130454863572,-246.23318520423766,1.0,CLIENT,7,2,100000,17,24,0,20384,20418,1354,4,348,1001,25018.36800000001,74,False,False
183,14,498.01082867623467,35.85169479544504,1.0,CLIENT,7,2,100000,14,19,0,20383,20431,1360,5,349,997,19806.208000000006,74,False,False
183,15,-414.04527151064707,442.1696947954868,1.0,CLIENT,7,2,100000,9,19,0,20367,20442,1347,7,350,985,19806.208000000006,74,False,False
183,16,211.41894310450436,375.4890147953614,1.0,CLIENT,7,2,100000,15,26,0,20385,20411,1358,4,347,1004,27103.23200000001,74,False,False
183,17,-359.7845082110119,-256.25198520425386,1.0,CLIENT,7,2,100000,13,12,0,20413,20420,1372,4,351,1006,12509.184000000003,74,False,False
183,18,-394.954988364265,390.5172147953857,1.0,CLIENT,7,2,100000,15,32,0,20391,20427,1343,6,346,990,33357.824000000015,74,False,False
183,19,297.99852600375687,-151.38854520403157,1.0,CLIENT,7,2,100000,13,16,0,20393,20397,1367,5,350,997,16678.912000000004,74,False,False
183,20,-432.10578834602535,-248.23694520471548,1.0,CLIENT,7,2,100000,10,12,0,20397,20430,1369,5,351,1010,12509.184000000003,74,False,False
183,21,-449.37417724977547,-468.87318520450975,1.0,CLIENT,7,2,100000,17,29,0,19893,20428,1312,5,347,954,30230.528000000013,74,False,False
183,22,41.7451402036994,222.9806147959937,1.0,CLIENT,7,2,100000,10,15,0,20402,20403,1369,3,351,1009,15636.480000000005,74,False,False
183,23,-25.110457204543952,238.12013479573693,1.0,CLIENT,7,2,100000,14,4,0,20385,20385,1380,4,353,1021,4169.728,74,False,False
183,24,290.5525234490424,426.02829479590014,1.0,CLIENT,7,2,100000,10,12,0,20344,20420,1361,5,351,1008,12509.184000000003,74,False,False
183,25,-38.18056807246665,173.4432147952984,1.0,CLIENT,7,2,100000,11,8,0,20390,20390,1376,4,352,1021,8339.456,74,False,False
183,26,17.030748744671904,143.72077479598858,1.0,CLIENT,7,2,100000,12,19,0,20387,20387,1366,4,349,1011,19806.208000000006,74,False,False
183,27,311.38548804399306,149.3980947958923,1.0,CLIENT,7,2,100000,12,8,0,20404,20406,1375,5,352,1004,8339.456,74,False,False
183,28,-482.96040154033534,243.24085479546397,1.0,CLIENT,7,2,100000,17,33,0,20383,20404,1349,5,345,1002,34400.256000000016,74,False,False
183,29,-21.941945479157496,263.0558147952675,1.0,CLIENT,7,2,100000,12,20,0,20409,20409,1364,4,349,1013,20848.640000000007,74,False,False
183,30,262.98647143694194,-8.008385204555566,1.0,CLIENT,7,2,100000,10,28,0,20419,20419,1356,4,347,1006,29188.096000000012,74,False,False
183,31,-160.88118464247557,-0.5499452044028885,1.0,CLIENT,7,2,100000,15,25,0,20398,20398,1358,5,347,1006,26060.80000000001,74,False,False
183,32,120.56186937536106,492.70897479523455,1.0,CLIENT,7,2,100000,12,20,0,20374,20422,1360,4,349,1002,20848.640000000007,74,False,False
183,33,-351.1503137594182,-194.24674520418876,1.0,CLIENT,7,2,100000,11,19,0,20400,20401,1364,5,350,1004,19806.208000000006,74,False,False
183,34,-312.25683232852646,29.95173479531246,1.0,CLIENT,7,2,100000,12,12,0,20387,20387,1372,4,351,1018,12509.184000000003,74,False,False
183,35,-392.8162429498824,193.70345479555965,1.0,CLIENT,7,2,100000,9,12,0,20424,20427,1371,5,351,1017,12509.184000000003,74,False,False
183,36,171.89175932842278,173.2205747958605,1.0,CLIENT,7,2,100000,8,4,0,20396,20396,1379,5,353,1024,4169.728,74,False,False
183,37,-177.99114796035042,287.1009347954646,1.0,CLIENT,7,2,100000,14,16,0,20396,20396,1365,7,350,1014,16678.912000000004,74,False,False
183,38,298.15695159019504,346.4344947959472,1.0,CLIENT,7,2,100000,14,20,0,20366,20400,1360,5,349,1008,20848.640000000007,74,False,False
183,39,367.6265711715726,260.6067747959139,1.0,CLIENT,7,2,100000,17,25,0,20360,20390,1357,6,347,1000,26060.80000000001,74,False,False
183,40,-81.19311474624821,-237.99550520447042,1.0,CLIENT,7,2,100000,12,16,0,20404,20404,1368,4,350,1002,16678.912000000004,74,False,False
183,41,370.0821677593944,210.29013479560405,1.0,CLIENT,7,2,100000,12,16,0,20376,20395,1363,6,350,1005,16678.912000000004,74,False,False
183,42,-109.23444351710033,-323.60058520427486,1.0,CLIENT,7,2,100000,17,20,0,20380,20382,1363,5,349,1011,20848.640000000007,74,False,False
183,43,217.2806897965256,-171.8714252045217,1.0,CLIENT,7,2,100000,16,19,0,20391,20391,1364,5,349,1005,19806.208000000006,74,False,False
183,44,459.9886879704716,282.870774795862,1.0,CLIENT,7,2,100000,14,25,0,20267,20398,1343,6,348,981,26060.80000000001,74,False,False
183,45,-438.2051734174224,224.53909479601379,1.0,CLIENT,7,2,100000,18,37,0,20384,20397,1343,5,345,984,38569.98400000002,74,False,False
183,46,-224.48905753239478,-34.05726520443949,1.0,CLIENT,7,2,100000,12,11,0,20386,20386,1372,5,351,1016,11466.752000000002,74,False,False
183,47,343.38745647185965,156.07729479563943,1.0,CLIENT,7,2,100000,15,28,0,20388,20396,1353,4,347,996,29188.096000000012,74,False,False
183,48,-140.8403479785901,-226.52954520415307,1.0,CLIENT,7,2,100000,11,16,0,20412,20412,1368,4,350,1011,16678.912000000004,74,False,False
183,49,127.77023355126252,329.1798947960072,1.0,CLIENT,7,2,100000,16,13,0,20355,20355,1370,5,350,1004,13551.616000000004,74,False,False
183,50,456.74096345158455,114.10965479560673,1.0,CLIENT,7,2,100000,12,20,0,20391,20423,1359,5,349,990,20848.640000000007,74,False,False
183,51,213.55768851888695,495.60329479583686,1.0,CLIENT,7,2,100000,12,25,0,20330,20412,1348,3,348,986,26060.80000000001,74,False,False
183,52,-130.78032325017853,389.40401479582334,1.0,CLIENT,7,2,100000,8,8,0,20416,20417,1375,4,352,1012,8339.456,74,False,False
183,53,63.84550948902978,-363.4531452041108,1.0,CLIENT,7,2,100000,11,16,0,20425,20428,1366,6,350,1001,16678.912000000004,74,False,False
183,54,-131.01796162955438,-399.29818520457303,1.0,CLIENT,7,2,100000,10,16,0,20457,20463,1367,4,350,996,16678.912000000004,74,False,False
183,55,150.10824121596875,-180.6657052044656,1.0,CLIENT,7,2,100000,10,12,0,20409,20409,1371,5,350,1019,12509.184000000003,74,False,False
183,56,366.1215281023799,471.66949479535873,1.0,CLIENT,7,2,100000,11,16,0,20232,20437,1341,4,349,979,16678.912000000004,74,False,False
183,57,363.19065475636927,-258.0331052045028,1.0,CLIENT,7,2,100000,11,19,0,20406,20441,1361,6,348,1002,19806.208000000006,74,False,False
183,58,-456.74096701155224,432.4848547954184,1.0,CLIENT,7,2,100000,11,22,0,20326,20442,1340,6,348,977,22933.504000000008,74,False,False
183,59,-409.45092950844264,459.53561479593674,1.0,CLIENT,7,2,100000,10,14,0,20345,20433,1349,6,349,996,14594.048000000004,74,False,False
183,60,435.1158709250059,45.53653479551343,1.0,CLIENT,7,2,100000,13,24,0,20405,20417,1359,4,348,1006,25018.36800000001,74,False,False
183,61,-479.95031540138706,237.0069347953836,1.0,CLIENT,7,2,100000,14,26,0,20421,20440,1357,3,347,997,27103.23200000001,74,False,False
183,62,192.32865995812227,466.99405479529844,1.0,CLIENT,7,2,100000,10,8,0,20362,20417,1369,4,352,1011,8339.456,74,False,False
183,63,254.9859793299753,492.15237479584886,1.0,CLIENT,7,2,100000,14,22,0,20290,20426,1342,4,348,984,22933.504000000008,74,False,False
183,64,-437.8091094516083,-438.48282520451335,1.0,CLIENT,7,2,100000,10,22,0,20070,20433,1340,5,349,962,22933.504000000008,74,False,False
183,65,-156.8413321925234,388.06817479524113,1.0,CLIENT,7,2,100000,15,17,0,20382,20386,1365,5,349,1009,17721.344000000005,74,False,False
183,66,-431.0760220350214,-214.72962520467888,1.0,CLIENT,7,2,100000,15,24,0,20398,20416,1357,4,347,1005,25018.36800000001,74,False,False
183,67,-432.02657555308764,204.27885479575252,1.0,CLIENT,7,2,100000,12,16,0,20434,20441,1364,6,350,1010,16678.912000000004,74,False,False
183,68,176.2484629512513,-18.249825204009653,1.0,CLIENT,7,2,100000,10,8,0,20423,20423,1376,4,352,1013,8339.456,74,False,False
183,69,35.09126558005013,189.8072547959049,1.0,CLIENT,7,2,100000,11,16,0,20384,20384,1368,4,350,1017,16678.912000000004,74,False,False
183,70,-103.84797358326794,360.34949479561817,1.0,CLIENT,7,2,100000,11,15,0,20396,20396,1369,4,350,1016,15636.480000000005,74,False,False
183,71,-499.9911520647097,119.6756547957915,1.0,CLIENT,7,2,100000,8,16,0,20438,20445,1366,5,350,1007,16678.912000000004,74,False,False
183,72,126.8196800331963,-370.80026520454453,1.0,CLIENT,7,2,100000,10,13,0,20449,20455,1369,5,350,1011,13551.616000000004,74,False,False
183,73,-167.6142720590625,-106.63790520469746,1.0,CLIENT,7,2,100000,17,20,0,20385,20385,1363,5,349,1002,20848.640000000007,74,False,False
183,74,-340.13973551294043,121.2341347958116,1.0,CLIENT,7,2,100000,12,20,0,20404,20405,1363,4,349,1004,20848.640000000007,74,False,False

184,0,-173.07995478583257,398.7548947959439,1.0,CLIENT,7,2,100000,13,20,0,20396,20415,1350,2,350,992,20848.640000000007,74,False,False
184,1,-7.208365955603904,473.1166547956599,1.0,CLIENT,7,2,100000,15,26,0,20414,20431,1343,2,348,984,27103.23200000001,74,False,False
184,2,-153.4351820877611,-222.85598520472718,1.0,CLIENT,7,2,100000,11,4,0,20389,20390,1368,2,354,1012,4169.728,74,False,False
184,3,387.3505566631446,-359.668265204175,1.0,CLIENT,7,2,100000,12,28,0,20372,20409,1339,4,348,983,29188.096000000012,74,False,False
184,4,150.10824121596875,170.4375747957681,1.0,CLIENT,7,2,100000,16,24,0,20370,20370,1348,2,349,992,25018.36800000001,74,False,False
184,5,-120.6410857288293,53.77421479528067,1.0,CLIENT,7,2,100000,9,12,0,20387,20387,1358,4,352,1003,12509.184000000003,74,False,False
184,6,86.89643229186353,-421.6735052042401,1.0,CLIENT,7,2,100000,13,13,0,20371,20374,1358,2,352,989,13551.616000000004,74,False,False
184,7,-129.7505569397375,-405.30946520442455,1.0,CLIENT,7,2,100000,18,28,0,20376,20379,1344,2,348,981,29188.096000000012,74,False,False
184,8,-89.27281964615253,-363.8984252045685,1.0,CLIENT,7,2,100000,10,12,0,20400,20400,1360,2,352,999,12509.184000000003,74,False,False
184,9,43.883885618081976,-125.56230520437651,1.0,CLIENT,7,2,100000,16,20,0,20372,20372,1351,3,350,998,20848.640000000007,74,False,False
184,10,301.95916566077136,-323.0439852040982,1.0,CLIENT,7,2,100000,12,19,0,20394,20399,1350,4,350,988,19806.208000000006,74,False,False
184,11,-249.9163641295498,201.16189479571233,1.0,CLIENT,7,2,100000,14,12,0,20374,20379,1358,4,352,1005,12509.184000000003,74,False,False
184,12,-181.79336203092674,-178.4393052045499,1.0,CLIENT,7,2,100000,15,20,0,20368,20368,1352,2,350,1001,20848.640000000007,74,False,False
184,13,470.99926621638645,-459.52230520438917,1.0,CLIENT,7,2,100000,17,34,0,20172,20408,1317,3,347,948,35442.68800000002,74,False,False
184,14,102.97662929873451,5.1273747955008275,1.0,CLIENT,7,2,100000,14,11,0,20371,20371,1360,3,352,999,11466.752000000002,74,False,False
184,15,-285.00763148930236,-408.09246520451694,1.0,CLIENT,7,2,100000,9,17,0,20432,20457,1351,2,351,976,17721.344000000005,74,False,False
184,16,216.8846258307116,-417.8886252043043,1.0,CLIENT,7,2,100000,15,26,0,20389,20399,1345,2,348,987,27103.23200000001,74,False,False
184,17,-311.939981156213,309.3649347954127,1.0,CLIENT,7,2,100000,13,16,0,20405,20431,1352,4,351,999,16678.912000000004,74,False,False
184,18,-362.9530199369612,-93.05686520418334,1.0,CLIENT,7,2,100000,15,26,0,20394,20394,1346,2,348,990,27103.23200000001,74,False,False
184,19,255.22361770935112,189.36197479544717,1.0,CLIENT,7,2,100000,14,20,0,20409,20409,1352,2,350,988,20848.640000000007,74,False,False
184,20,-375.9439180113834,71.36277479595947,1.0,CLIENT,7,2,100000,10,12,0,20416,20416,1360,2,352,1002,12509.184000000003,74,False,False
184,21,-197.95277183129824,-158.62434520474636,1.0,CLIENT,7,2,100000,17,20,0,20370,20370,1352,2,350,999,20848.640000000007,74,False,False
184,22,-210.46839314696874,138.82269479569942,1.0,CLIENT,7,2,100000,10,12,0,20399,20399,1358,4,352,999,12509.184000000003,74,False,False
184,23,-229.2418251204745,349.4401347954775,1.0,CLIENT,7,2,100000,14,8,0,20385,20401,1361,4,353,995,8339.456,74,False,False
184,24,239.46027187535648,-184.89586520406817,1.0,CLIENT,7,2,100000,10,12,0,20388,20388,1358,4,352,992,12509.184000000003,74,False,False
184,25,314.47478697644186,189.8072547959049,1.0,CLIENT,7,2,100000,12,16,0,20418,20418,1356,2,351,992,16678.912000000004,74,False,False
184,26,385.2910240416997,345.3212947955939,1.0,CLIENT,7,2,100000,12,25,0,20391,20436,1346,1,348,992,26060.80000000001,74,False,False
184,27,257.8376398830482,-221.07486520447821,1.0,CLIENT,7,2,100000,12,8,0,20392,20392,1362,4,353,992,8339.456,74,False,False
184,28,-289.7603990773821,-109.19826520456098,1.0,CLIENT,7,2,100000,17,31,0,20379,20379,1341,2,347,991,32315.392000000014,74,False,False
184,29,-346.08069499846215,-219.40506520473917,1.0,CLIENT,7,2,100000,12,19,0,20391,20396,1352,1,350,995,19806.208000000006,74,False,False
184,30,117.07650647766108,-305.3441052044914,1.0,CLIENT,7,2,100000,10,24,0,20391,20391,1347,3,349,984,25018.36800000001,74,False,False
184,31,-253.3225142343121,198.71285479556775,1.0,CLIENT,7,2,100000,15,37,0,20387,20391,1333,4,346,966,38569.98400000002,74,False,False
184,32,-254.82755730406768,-168.7544652044815,1.0,CLIENT,7,2,100000,12,19,0,20386,20386,1353,2,350,989,19806.208000000006,74,False,False
184,33,-442.40345145381264,-167.08466520474246,1.0,CLIENT,7,2,100000,11,16,0,20391,20403,1354,2,351,990,16678.912000000004,74,False,False
184,34,-415.78795295977847,422.91133479585994,1.0,CLIENT,7,2,100000,12,16,0,20144,20425,1313,3,351,954,16678.912000000004,74,False,False
184,35,-95.68905589042595,104.3134947958194,1.0,CLIENT,7,2,100000,9,12,0,20394,20394,1359,3,352,1006,12509.184000000003,74,False,False
184,36,-349.8829090690385,240.7918147953194,1.0,CLIENT,7,2,100000,8,11,0,20434,20454,1357,4,352,989,11466.752000000002,74,False,False
184,37,206.74538830936234,-230.64838520403669,1.0,CLIENT,7,2,100000,14,12,0,20372,20372,1358,4,352,996,12509.184000000003,74,False,False
184,38,334.1987724680138,-480.11650520459824,1.0,CLIENT,7,2,100000,14,24,0,20327,20411,1338,4,349,971,25018.36800000001,74,False,False
184,39,227.34071452493717,163.86969479573992,1.0,CLIENT,7,2,100000,17,28,0,20390,20390,1344,2,348,990,29188.096000000012,74,False,False
184,40,227.6575656978135,361.57401479569046,1.0,CLIENT,7,2,100000,13,16,0,20415,20418,1356,2,351,997,16678.912000000004,74,False,False
184,41,-313.36581143246804,-437.25830520444106,1.0,CLIENT,7,2,100000,12,20,0,20344,20404,1345,2,350,975,20848.640000000007,74,False,False
184,42,-298.7906574953526,-119.10574520406726,1.0,CLIENT,7,2,100000,18,22,0,20380,20380,1350,2,349,997,22933.504000000008,74,False,False
184,43,216.4885618654604,-80.03242520463687,1.0,CLIENT,7,2,100000,16,14,0,20353,20353,1356,4,350,990,14594.048000000004,74,False,False
184,44,469.1773719743174,167.65457479567573,1.0,CLIENT,7,2,100000,14,30,0,20390,20405,1341,2,347,978,31272.960000000014,74,False,False
184,45,433.05633830356095,330.2930947955696,1.0,CLIENT,7,2,100000,18,44,0,20364,20428,1319,2,344,959,45867.00800000002,74,False,False
184,46,-212.36950018197547,-372.13610520433576,1.0,CLIENT,7,2,100000,12,13,0,20397,20401,1358,2,352,1001,13551.616000000004,74,False,False
184,47,-113.591147139366,-59.66086520465666,1.0,CLIENT,7,2,100000,15,20,0,20361,20361,1352,2,350,995,20848.640000000007,74,False,False
184,48,419.9862274356383,446.62249479531823,1.0,CLIENT,7,2,100000,11,36,0,20228,20454,1322,1,348,960,37527.55200000002,74,False,False
184,49,-166.26765457574513,-274.39714520431835,1.0,CLIENT,7,2,100000,16,27,0,20373,20374,1344,2,348,995,28145.66400000001,74,False,False
184,50,130.4634685178973,-155.73002520414406,1.0,CLIENT,7,2,100000,12,20,0,20377,20377,1350,4,350,990,20848.640000000007,74,False,False
184,51,-338.87233082312355,-448.83558520447735,1.0,CLIENT,7,2,100000,12,20,0,20299,20401,1335,0,349,973,20848.640000000007,74,False,False
184,52,-181.5557236515509,-481.7863052043373,1.0,CLIENT,7,2,100000,8,16,0,20409,20440,1352,2,351,982,16678.912000000004,74,False,False
184,53,258.3129166417999,320.0516547953245,1.0,CLIENT,7,2,100000,11,16,0,20412,20415,1356,2,351,1000,16678.912000000004,74,False,False
184,54,495.6344448824763,-90.05122520465306,1.0,CLIENT,7,2,100000,10,16,0,20414,20424,1354,2,351,986,16678.912000000004,74,False,False
184,55,179.81303864245177,-75.13434520434771,1.0,CLIENT,7,2,100000,10,15,0,20400,20400,1356,3,351,989,15636.480000000005,74,False,False
184,56,207.69594182686572,-221.52014520414497,1.0,CLIENT,7,2,100000,11,9,0,20397,20397,1361,4,352,1000,9381.888,74,False,False
184,57,-159.6137799526587,461.09409479595683,1.0,CLIENT,7,2,100000,11,17,0,20371,20419,1347,3,350,980,17721.344000000005,74,False,False
184,58,-282.55203490204343,80.824974795799,1.0,CLIENT,7,2,100000,11,12,0,20382,20383,1359,3,352,1003,12509.184000000003,74,False,False
184,59,32.87330737216704,39.97053479532866,1.0,CLIENT,7,2,100000,10,8,0,20397,20397,1362,4,353,1006,8339.456,74,False,False
184,60,-385.60787877398093,162.75649479538657,1.0,CLIENT,7,2,100000,13,15,0,20367,20388,1354,3,350,988,15636.480000000005,74,False,False
184,61,149.07847490496488,-417.55466520435647,1.0,CLIENT,7,2,100000,14,19,0,20377,20385,1353,2,350,986,19806.208000000006,74,False,False
184,62,-288.33456880112703,19.376334795910566,1.0,CLIENT,7,2,100000,10,8,0,20413,20413,1364,2,353,1003,8339.456,74,False,False
184,63,250.78770129358495,-203.26366520436153,1.0,CLIENT,7,2,100000,14,15,0,20376,20376,1355,4,351,990,15636.480000000005,74,False,False
184,64,-423.9468706526205,231.66357479542768,1.0,CLIENT,7,2,100000,10,20,0,20372,20427,1341,3,350,976,20848.640000000007,74,False,False
184,65,-160.8019718495379,-77.9173452044401,1.0,CLIENT,7,2,100000,16,16,0,20357,20357,1356,2,351,1001,16678.912000000004,74,False,False
184,66,-409.0548655426287,-330.72506520447973,1.0,CLIENT,7,2,100000,16,23,0,20351,20400,1340,2,348,975,23975.93600000001,74,False,False
184,67,125.31463696400358,80.49101479585119,1.0,CLIENT,7,2,100000,12,6,0,20385,20385,1365,3,353,1007,6254.592,74,False,False
184,68,15.84255684722985,-47.19302520449588,1.0,CLIENT,7,2,100000,10,6,0,20377,20377,1364,4,353,1010,6254.592,74,False,False
184,69,-242.47036157427252,274.299134795356,1.0,CLIENT,7,2,100000,11,20,0,20411,20414,1349,4,350,993,20848.640000000007,74,False,False
184,70,28.041326990586843,20.7121747957018,1.0,CLIENT,7,2,100000,11,14,0,20377,20377,1356,4,351,1000,14594.048000000004,74,False,False
184,71,264.96679126544916,-231.87290520410897,1.0,CLIENT,7,2,100000,9,11,0,20417,20417,1359,4,351,992,11466.752000000002,74,False,False
184,72,-465.2959486707711,-246.45582520446652,1.0,CLIENT,7,2,100000,10,13,0,20390,20436,1352,2,351,987,13551.616000000004,74,False,False
184,73,279.1458812373134,-371.3568652047212,1.0,CLIENT,7,2,100000,17,20,0,20362,20375,1349,4,350,983,20848.640000000007,74,False,False
184,74,487.3171016026332,-354.3249052042191,1.0,CLIENT,7,2,100000,12,27,0,20332,20436,1336,4,349,965,28145.66400000001,74,False,False

185,0,271.8583042684743,-399.5208252040109,1.0,CLIENT,7,2,100000,13,20,0,20395,20435,1361,2,352,1000,20848.640000000007,74,False,False
185,1,-228.52890998234696,-375.0304252041471,1.0,CLIENT,7,2,100000,15,16,0,20403,20403,1367,2,353,1013,16678.912000000004,74,False,False
185,2,221.47896783291594,-431.3583452043085,1.0,CLIENT,7,2,100000,11,14,0,20411,20453,1364,2,353,1002,14594.048000000004,74,False,False
185,3,-123.01746952258772,-10.012145204242415,1.0,CLIENT,7,2,100000,12,21,0,20413,20413,1362,2,351,1002,21891.072000000007,74,False,False
185,4,9.267895017081091,121.90205479570722,1.0,CLIENT,7,2,100000,16,24,0,20380,20380,1359,2,351,1007,25018.36800000001,74,False,False
185,5,447.07700268898697,291.66505479580593,1.0,CLIENT,7,2,100000,9,15,0,20369,20472,1362,2,352,1001,15636.480000000005,74,False,False
185,6,60.43935938426748,278.7519347959784,1.0,CLIENT,7,2,100000,13,17,0,20414,20415,1366,2,352,1014,17721.344000000005,74,False,False
185,7,-361.9232536259573,469.7770547953908,1.0,CLIENT,7,2,100000,18,52,0,20090,20430,1293,2,346,920,54206.46400000003,74,False,False
185,8,-58.45904311572796,399.08885479589173,1.0,CLIENT,7,2,100000,10,15,0,20433,20436,1369,1,353,1007,15636.480000000005,74,False,False
185,9,333.72349570869926,-167.52994520440922,1.0,CLIENT,7,2,100000,16,24,0,20438,20438,1359,2,351,1002,25018.36800000001,74,False,False
185,10,-379.5084937025839,10.136774795508927,1.0,CLIENT,7,2,100000,12,20,0,20423,20423,1363,2,352,1008,20848.640000000007,74,False,False
185,11,-320.7326011942448,37.07621479551733,1.0,CLIENT,7,2,100000,14,12,0,20409,20409,1372,1,354,1012,12509.184000000003,74,False,False
185,12,43.48782165226796,147.72829479536227,1.0,CLIENT,7,2,100000,15,17,0,20387,20387,1366,2,352,1014,17721.344000000005,74,False,False
185,13,278.6706044779989,-167.30730520418035,1.0,CLIENT,7,2,100000,17,19,0,20414,20414,1364,2,352,1003,19806.208000000006,74,False,False
185,14,402.321774566074,236.4503347959979,1.0,CLIENT,7,2,100000,14,15,0,20404,20428,1366,2,353,998,15636.480000000005,74,False,False
185,15,439.78942572014785,-42.8515452043834,1.0,CLIENT,7,2,100000,9,14,0,20437,20439,1369,2,353,1004,14594.048000000004,74,False,False
185,16,342.4369029543563,-399.1868652040631,1.0,CLIENT,7,2,100000,15,30,0,20372,20440,1346,2,349,985,31272.960000000014,74,False,False
185,17,-47.290039283374846,445.7319347959847,1.0,CLIENT,7,2,100000,13,14,0,20427,20438,1366,2,353,1007,14594.048000000004,74,False,False
185,18,-334.43641440735735,237.45221479584131,1.0,CLIENT,7,2,100000,15,20,0,20384,20393,1364,1,352,1009,20848.640000000007,74,False,False
185,19,-357.72497558956695,-364.6776652041831,1.0,CLIENT,7,2,100000,14,21,0,20419,20424,1362,1,352,1006,21891.072000000007,74,False,False
185,20,55.845017382063126,387.9568547955222,1.0,CLIENT,7,2,100000,10,12,0,20448,20449,1371,2,354,1014,12509.184000000003,74,False,False
185,21,431.23444406149184,231.21829479576093,1.0,CLIENT,7,2,100000,17,18,0,20369,20410,1364,2,352,1002,18763.776000000005,74,False,False
185,22,-393.3707325015717,-137.25090520413175,1.0,CLIENT,7,2,100000,10,12,0,20434,20434,1372,1,354,1003,12509.184000000003,74,False,False
185,23,-120.9579369011428,301.0159347959265,1.0,CLIENT,7,2,100000,14,4,0,20393,20393,1379,2,356,1022,4169.728,74,False,False
185,24,173.47601519167884,447.95833479590044,1.0,CLIENT,7,2,100000,10,12,0,20437,20465,1370,2,354,1011,12509.184000000003,74,False,False
185,25,-129.82976973267515,-165.74882520416025,1.0,CLIENT,7,2,100000,12,8,0,20395,20395,1375,2,355,1019,8339.456,74,False,False
185,26,263.9370249544453,309.0309747954649,1.0,CLIENT,7,2,100000,12,21,0,20418,20429,1362,2,351,1004,21891.072000000007,74,False,False
185,27,-320.17811164255545,364.35701479578285,1.0,CLIENT,7,2,100000,12,20,0,20387,20446,1354,2,352,982,20848.640000000007,74,False,False
185,28,371.5872108285871,-315.47422520422657,1.0,CLIENT,7,2,100000,17,32,0,20375,20415,1343,2,348,986,33357.824000000015,74,False,False
185,29,-85.62903116201439,195.4845747958086,1.0,CLIENT,7,2,100000,12,19,0,20420,20420,1364,2,352,1012,19806.208000000006,74,False,False
185,30,-369.29004338773404,-71.68342520435971,1.0,CLIENT,7,2,100000,10,27,0,20428,20429,1357,1,350,1001,28145.66400000001,74,False,False
185,31,7.208362395636176,231.21829479576093,1.0,CLIENT,7,2,100000,15,26,0,20421,20421,1357,2,349,1001,27103.23200000001,74,False,False
185,32,53.943910346493546,372.81733479577895,1.0,CLIENT,7,2,100000,12,20,0,20428,20428,1363,2,352,1009,20848.640000000007,74,False,False
185,33,-387.27134743017467,-479.55990520442157,1.0,CLIENT,7,2,100000,11,22,0,20350,20461,1350,1,352,989,22933.504000000008,74,False,False
185,34,-102.02607934119887,162.75649479538657,1.0,CLIENT,7,2,100000,12,12,0,20409,20409,1371,2,354,1015,12509.184000000003,74,False,False
185,35,274.3139008557332,86.94757479536946,1.0,CLIENT,7,2,100000,9,12,0,20424,20424,1371,2,354,1010,12509.184000000003,74,False,False
185,36,421.57048329833145,-155.17342520475836,1.0,CLIENT,7,2,100000,8,8,0,20458,20466,1374,2,355,1006,8339.456,74,False,False
185,37,84.12398453229109,-337.4042652042269,1.0,CLIENT,7,2,100000,14,16,0,20426,20427,1367,2,353,1002,16678.912000000004,74,False,False
185,38,-274.2346916227633,-250.797305204579,1.0,CLIENT,7,2,100000,14,16,0,20403,20403,1367,2,353,1007,16678.912000000004,74,False,False
185,39,176.88216529644114,168.5451347958002,1.0,CLIENT,7,2,100000,17,22,0,20406,20406,1361,2,350,1001,22933.504000000008,74,False,False
185,40,-182.4270643761166,54.33081479545734,1.0,CLIENT,7,2,100000,13,16,0,20411,20411,1367,2,353,1009,16678.912000000004,74,False,False
185,41,147.81107021458516,218.41649479565234,1.0,CLIENT,7,2,100000,12,20,0,20439,20439,1363,2,352,1008,20848.640000000007,74,False,False
185,42,-426.7193184127558,-135.69242520411166,1.0,CLIENT,7,2,100000,18,20,0,20391,20393,1364,1,352,1008,20848.640000000007,74,False,False
185,43,-313.9203009847202,-390.1699452046813,1.0,CLIENT,7,2,100000,16,20,0,20408,20418,1364,1,352,1004,20848.640000000007,74,False,False
185,44,-38.65584483121833,-450.28274520398753,1.0,CLIENT,7,2,100000,14,24,0,20415,20418,1360,1,351,1008,25018.36800000001,74,False,False
185,45,-171.574911716077,-280.29710520445093,1.0,CLIENT,7,2,100000,18,36,0,20410,20410,1347,2,348,997,37527.55200000002,74,False,False
185,46,477.0986512883464,-299.77810520430666,1.0,CLIENT,7,2,100000,12,31,0,20287,20431,1336,2,352,962,32315.392000000014,74,False,False
185,47,287.8592884824076,12.474494795934561,1.0,CLIENT,7,2,100000,15,27,0,20410,20410,1356,2,350,998,28145.66400000001,74,False,False
185,48,273.28413454472934,32.84605479591477,1.0,CLIENT,7,2,100000,11,16,0,20396,20396,1367,2,353,1009,16678.912000000004,74,False,False
185,49,315.50455328744573,-419.2244652040955,1.0,CLIENT,7,2,100000,17,33,0,20319,20434,1333,2,348,965,34400.256000000016,74,False,False
185,50,264.4915145066975,210.84673479578072,1.0,CLIENT,7,2,100000,12,20,0,20418,20419,1363,2,352,1009,20848.640000000007,74,False,False
185,51,-51.092253353951165,-127.00946520467767,1.0,CLIENT,7,2,100000,12,15,0,20392,20392,1368,2,353,1014,15636.480000000005,74,False,False
185,52,338.9515400560935,-432.137585204714,1.0,CLIENT,7,2,100000,8,12,0,20335,20443,1360,2,354,992,12509.184000000003,74,False,False
185,53,153.51439132073105,-111.98126520465337,1.0,CLIENT,7,2,100000,11,12,0,20413,20413,1371,2,354,1011,12509.184000000003,74,False,False
185,54,453.65166451913575,-413.5471452041918,1.0,CLIENT,7,2,100000,10,16,0,20177,20438,1339,2,353,967,16678.912000000004,74,False,False
185,55,-338.15941568443316,-407.53586520434027,1.0,CLIENT,7,2,100000,10,15,0,20440,20454,1366,0,353,1002,15636.480000000005,74,False,False
185,56,-185.5163633085654,334.1892947952243,1.0,CLIENT,7,2,100000,11,12,0,20426,20430,1372,1,354,1015,12509.184000000003,74,False,False
185,57,-456.0280518734247,-133.46602520419594,1.0,CLIENT,7,2,100000,11,15,0,20413,20418,1369,1,353,1008,15636.480000000005,74,False,False
185,58,-447.9483469735204,300.6819747959787,1.0,CLIENT,7,2,100000,11,18,0,20281,20438,1352,2,352,993,18763.776000000005,74,False,False
185,59,-83.01500898831728,24.608374795356553,1.0,CLIENT,7,2,100000,10,8,0,20426,20426,1375,2,355,1016,8339.456,74,False,False
185,60,-483.67331667846287,-159.18094520413206,1.0,CLIENT,7,2,100000,13,24,0,20419,20434,1360,1,351,993,25018.36800000001,74,False,False
185,61,-227.3407180849049,-226.75218520438193,1.0,CLIENT,7,2,100000,14,14,0,20393,20393,1369,2,353,1016,14594.048000000004,74,False,False
185,62,296.33505734812593,169.54701479564363,1.0,CLIENT,7,2,100000,10,8,0,20426,20426,1375,2,355,1018,8339.456,74,False,False
185,63,418.6396099523208,-237.6615452045226,1.0,CLIENT,7,2,100000,14,24,0,20409,20444,1352,2,351,993,25018.36800000001,74,False,False
185,64,-313.60344981184386,376.26825479576695,1.0,CLIENT,7,2,100000,10,19,0,20384,20439,1361,2,352,1008,19806.208000000006,74,False,False
185,65,-77.23247508923372,-308.57238520425057,1.0,CLIENT,7,2,100000,15,16,0,20402,20402,1368,1,353,1008,16678.912000000004,74,False,False
185,66,382.9146402473784,-468.6505452042809,1.0,CLIENT,7,2,100000,16,26,0,20182,20433,1334,2,350,972,27103.23200000001,74,False,False
185,67,-377.21132270176304,490.81653479526665,1.0,CLIENT,7,2,100000,12,14,0,19964,20427,1332,2,353,973,14594.048000000004,74,False,False
185,68,-11.961133543683593,103.31161479597597,1.0,CLIENT,7,2,100000,10,8,0,20428,20428,1375,2,355,1019,8339.456,74,False,False
185,69,32.081179440539,-250.24070520440233,1.0,CLIENT,7,2,100000,11,20,0,20412,20412,1363,2,352,1009,20848.640000000007,74,False,False
185,70,-256.5702387526362,-170.98086520439722,1.0,CLIENT,7,2,100000,11,16,0,20428,20428,1368,1,353,1003,16678.912000000004,74,False,False
185,71,-431.70972438021124,-432.9168252043286,1.0,CLIENT,7,2,100000,9,16,0,20368,20460,1360,2,353,985,16678.912000000004,74,False,False
185,72,-73.50947381159506,415.2302547954784,1.0,CLIENT,7,2,100000,10,14,0,20443,20453,1367,2,353,1008,14594.048000000004,74,False,False
185,73,143.13751542000597,75.14765479589528,1.0,CLIENT,7,2,100000,17,20,0,20386,20386,1363,2,352,1007,20848.640000000007,74,False,False
185,74,-409.1340783361292,-306.01202520438704,1.0,CLIENT,7,2,100000,12,22,0,20429,20445,1361,0,351,1001,22933.504000000008,74,False,False

186,0,374.9141481404117,204.8354547959292,1.0,CLIENT,7,2,100000,13,26,0,19988,20000,1344,1,341,980,27103.23200000001,74,False,False
186,1,82.61894146253553,-384.04734520431987,1.0,CLIENT,7,2,100000,15,20,0,19970,19971,1352,2,342,1001,20848.640000000007,74,False,False
186,2,-2.6140239533995504,-244.4520652039887,1.0,CLIENT,7,2,100000,11,4,0,19966,19966,1368,2,346,1013,4169.728,74,False,False
186,3,-209.99311638821703,-323.1553052046081,1.0,CLIENT,7,2,100000,12,25,0,19964,19964,1347,2,340,993,26060.80000000001,74,False,False
186,4,-318.3562174004864,-13.12910520428261,1.0,CLIENT,7,2,100000,16,24,0,19935,19935,1348,2,341,988,25018.36800000001,74,False,False
186,5,372.85461551896685,-470.8769452041966,1.0,CLIENT,7,2,100000,9,23,0,19721,20049,1322,4,342,954,23975.93600000001,74,False,False
186,6,464.8998811449893,-17.24794520416623,1.0,CLIENT,7,2,100000,13,24,0,19995,19999,1347,2,341,993,25018.36800000001,74,False,False
186,7,-482.16827360870735,-300.11206520425446,1.0,CLIENT,7,2,100000,18,36,0,19961,19971,1335,2,338,979,37527.55200000002,74,False,False
186,8,93.47109412257514,-48.08358520462036,1.0,CLIENT,7,2,100000,10,12,0,19962,19962,1359,3,344,1007,12509.184000000003,74,False,False
186,9,-132.83985587162343,11.806574795247968,1.0,CLIENT,7,2,100000,16,15,0,19922,19922,1356,3,343,1002,15636.480000000005,74,False,False
186,10,-82.46051943606508,45.31389479528457,1.0,CLIENT,7,2,100000,12,16,0,19955,19955,1354,4,343,1006,16678.912000000004,74,False,False
186,11,-420.5407205478582,245.8012147953275,1.0,CLIENT,7,2,100000,14,12,0,19934,19948,1357,3,344,999,12509.184000000003,74,False,False
186,12,-42.37884610885698,496.0485747955036,1.0,CLIENT,7,2,100000,15,24,0,19936,19953,1345,2,341,985,25018.36800000001,74,False,False
186,13,60.201721004328796,-348.8702252045442,1.0,CLIENT,7,2,100000,17,19,0,19953,19953,1353,2,342,1004,19806.208000000006,74,False,False
186,14,-53.46863714770959,-101.51718520417944,1.0,CLIENT,7,2,100000,14,11,0,19938,19938,1359,4,344,997,11466.752000000002,74,False,False
186,15,-246.74785240360052,445.6206147954748,1.0,CLIENT,7,2,100000,9,16,0,19959,19992,1353,2,343,989,16678.912000000004,74,False,False
186,16,264.4915145066975,120.00961479573931,1.0,CLIENT,7,2,100000,15,23,0,19954,19954,1349,2,341,997,23975.93600000001,74,False,False
186,17,292.37441769111143,-433.5847452042242,1.0,CLIENT,7,2,100000,13,18,0,19901,19996,1347,4,343,985,18763.776000000005,74,False,False
186,18,-365.4086165242201,-403.75098520440446,1.0,CLIENT,7,2,100000,15,28,0,19965,19971,1344,1,340,984,29188.096000000012,74,False,False
186,19,-300.0580621857323,-392.9529452047737,1.0,CLIENT,7,2,100000,14,20,0,19978,19979,1352,2,342,985,20848.640000000007,74,False,False
186,20,-310.75178925933375,329.1798947960072,1.0,CLIENT,7,2,100000,10,8,0,19960,19968,1361,4,345,997,8339.456,74,False,False
186,21,-145.83075394660847,228.21265479543968,1.0,CLIENT,7,2,100000,17,16,0,19920,19920,1354,4,343,1006,16678.912000000004,74,False,False
186,22,-274.70996838151495,440.49989479574776,1.0,CLIENT,7,2,100000,10,12,0,19961,19999,1347,4,344,983,12509.184000000003,74,False,False
186,23,-340.13973551294043,-462.7505852041483,1.0,CLIENT,7,2,100000,14,8,0,19974,19983,1364,2,345,1003,8339.456,74,False,False
186,24,-169.19852792231856,-217.95790520443802,1.0,CLIENT,7,2,100000,10,13,0,19970,19970,1359,2,344,998,13551.616000000004,74,False,False
186,25,1.2674029101144357,-108.41902520415545,1.0,CLIENT,7,2,100000,12,8,0,19952,19952,1363,3,345,1014,8339.456,74,False,False
186,26,-217.43911894293151,-402.4151452046132,1.0,CLIENT,7,2,100000,12,24,0,19982,19983,1348,2,341,986,25018.36800000001,74,False,False
186,27,-371.2703632162413,280.6443747959463,1.0,CLIENT,7,2,100000,12,16,0,19973,19986,1353,4,343,996,16678.912000000004,74,False,False
186,28,142.74145145419195,168.87909479574802,1.0,CLIENT,7,2,100000,17,32,0,19950,19950,1340,2,339,985,33357.824000000015,74,False,False
186,29,-282.55203490204343,19.042374795962758,1.0,CLIENT,7,2,100000,12,16,0,19950,19950,1355,3,343,1004,16678.912000000004,74,False,False
186,30,328.65387694830605,248.47289479570094,1.0,CLIENT,7,2,100000,10,33,0,20007,20013,1339,1,339,986,34400.256000000016,74,False,False
186,31,310.91021128524136,-136.36034520400727,1.0,CLIENT,7,2,100000,15,29,0,19964,19964,1342,3,339,992,30230.528000000013,74,False,False
186,32,-76.12349598529217,356.7872547959112,1.0,CLIENT,7,2,100000,12,17,0,19951,19951,1355,2,342,1001,17721.344000000005,74,False,False
186,33,-365.6462549035959,-157.84510520434083,1.0,CLIENT,7,2,100000,11,11,0,19940,19940,1361,2,344,998,11466.752000000002,74,False,False
186,34,-266.4718378951725,490.14861479537103,1.0,CLIENT,7,2,100000,12,14,0,19880,19982,1344,3,343,986,14594.048000000004,74,False,False
186,35,-246.74785240360052,-237.6615452045226,1.0,CLIENT,7,2,100000,9,12,0,19989,19989,1360,2,344,1005,12509.184000000003,74,False,False
186,36,401.21279546213253,183.35069479559564,1.0,CLIENT,7,2,100000,8,12,0,20024,20037,1358,2,344,998,12509.184000000003,74,False,False
186,37,165.7923742570257,129.3604947958599,1.0,CLIENT,7,2,100000,14,16,0,19966,19966,1356,2,343,1001,16678.912000000004,74,False,False
186,38,-147.81107377511572,492.48633479579667,1.0,CLIENT,7,2,100000,14,21,0,19916,19960,1345,2,342,985,21891.072000000007,74,False,False
186,39,-62.419682772742455,414.11705479591603,1.0,CLIENT,7,2,100000,17,26,0,19943,19947,1346,2,340,996,27103.23200000001,74,False,False
186,40,-347.6649508611554,-318.25722520431896,1.0,CLIENT,7,2,100000,13,16,0,19976,19976,1356,2,343,988,16678.912000000004,74,False,False
186,41,-362.7153815575853,249.14081479559655,1.0,CLIENT,7,2,100000,12,16,0,19937,19944,1353,3,343,994,16678.912000000004,74,False,False
186,42,-428.2243614819484,325.6176547955093,1.0,CLIENT,7,2,100000,18,23,0,19902,19944,1339,4,341,980,23975.93600000001,74,False,False
186,43,-262.511198238158,-251.35390520475568,1.0,CLIENT,7,2,100000,16,18,0,19958,19958,1354,2,341,997,18763.776000000005,74,False,False
186,44,-86.02509512726556,-136.1377052045694,1.0,CLIENT,7,2,100000,14,16,0,19942,19942,1356,2,343,997,16678.912000000004,74,False,False
186,45,-122.54219276383603,-154.28286520463388,1.0,CLIENT,7,2,100000,18,32,0,19932,19932,1340,2,339,991,33357.824000000015,74,False,False
186,46,-315.2669184680376,235.7824147953113,1.0,CLIENT,7,2,100000,12,12,0,19954,19956,1358,4,344,994,12509.184000000003,74,False,False
186,47,-408.26273761156347,-457.7411852041402,1.0,CLIENT,7,2,100000,15,35,0,19945,19979,1335,2,338,983,36485.12000000002,74,False,False
186,48,19.486345331930835,204.94677479564814,1.0,CLIENT,7,2,100000,11,16,0,19954,19954,1356,2,343,1003,16678.912000000004,74,False,False
186,49,323.26740701503655,-480.6731052047749,1.0,CLIENT,7,2,100000,16,38,0,19774,20020,1308,4,337,951,39612.41600000002,74,False,False
186,50,-326.51513509332835,215.7448147952789,1.0,CLIENT,7,2,100000,12,21,0,19949,19951,1348,4,342,991,21891.072000000007,74,False,False
186,51,298.7114411418844,146.50377479528998,1.0,CLIENT,7,2,100000,12,24,0,19993,19993,1348,2,341,996,25018.36800000001,74,False,False
186,52,72.40049114768578,-499.7088252041729,1.0,CLIENT,7,2,100000,8,16,0,19990,20024,1353,2,343,998,16678.912000000004,74,False,False
186,53,-376.9736843223872,91.51169479571081,1.0,CLIENT,7,2,100000,11,11,0,19947,19947,1361,2,344,1002,11466.752000000002,74,False,False
186,54,197.7943426848923,357.3438547952969,1.0,CLIENT,7,2,100000,10,16,0,19984,19994,1355,2,343,993,16678.912000000004,74,False,False
186,55,30.417710784908106,256.1539747952915,1.0,CLIENT,7,2,100000,10,15,0,19972,19972,1357,2,343,1001,15636.480000000005,74,False,False
186,56,-80.48019960812069,-319.0364652047245,1.0,CLIENT,7,2,100000,11,8,0,19959,19959,1364,2,345,1012,8339.456,74,False,False
186,57,-369.7653201464858,438.8300947960087,1.0,CLIENT,7,2,100000,11,33,0,19854,19970,1320,4,342,957,34400.256000000016,74,False,False
186,58,-7.049940369165729,342.9835747959592,1.0,CLIENT,7,2,100000,11,12,0,19961,19962,1359,2,344,1010,12509.184000000003,74,False,False
186,59,-115.80910534724909,242.6842547952873,1.0,CLIENT,7,2,100000,10,8,0,19945,19945,1364,2,345,1011,8339.456,74,False,False
186,60,258.39212943530043,-235.21250520437803,1.0,CLIENT,7,2,100000,13,20,0,19962,19962,1351,3,342,999,20848.640000000007,74,False,False
186,61,-11.010580026180223,-497.25978520402833,1.0,CLIENT,7,2,100000,14,21,0,19967,19977,1352,2,342,991,21891.072000000007,74,False,False
186,62,153.98966807948273,242.90689479551617,1.0,CLIENT,7,2,100000,10,8,0,19972,19972,1364,2,345,1004,8339.456,74,False,False
186,63,-364.9333397654684,390.7398547956146,1.0,CLIENT,7,2,100000,14,20,0,19901,19959,1342,4,342,983,20848.640000000007,74,False,False
186,64,-57.50848959822459,422.80001479535,1.0,CLIENT,7,2,100000,10,12,0,19961,19967,1360,2,344,998,12509.184000000003,74,False,False
186,65,144.167281730447,152.8490147958803,1.0,CLIENT,7,2,100000,16,20,0,19959,19959,1352,2,342,994,20848.640000000007,74,False,False
186,66,-413.01550519964314,-112.20390520409126,1.0,CLIENT,7,2,100000,15,20,0,19934,19934,1352,2,342,994,20848.640000000007,74,False,False
186,67,-351.78401610460804,-140.47918520468187,1.0,CLIENT,7,2,100000,12,6,0,19957,19957,1366,2,345,1008,6254.592,74,False,False
186,68,-262.43198544522033,287.32357479569345,1.0,CLIENT,7,2,100000,10,8,0,19962,19965,1361,4,345,1002,8339.456,74,False,False
186,69,-376.02313080432106,223.75985479560825,1.0,CLIENT,7,2,100000,11,20,0,19972,19978,1349,4,342,994,20848.640000000007,74,False,False
186,70,209.99311282768647,91.40037479599187,1.0,CLIENT,7,2,100000,11,16,0,19955,19955,1356,2,343,998,16678.912000000004,74,False,False
186,71,-443.5916433506919,349.99673479565416,1.0,CLIENT,7,2,100000,9,16,0,19911,20004,1345,4,343,979,16678.912000000004,74,False,False
186,72,372.4585515531528,-324.15718520445154,1.0,CLIENT,7,2,100000,10,21,0,19986,20034,1344,3,341,998,21891.072000000007,74,False,False
186,73,-303.0681483246806,-340.18726520431926,1.0,CLIENT,7,2,100000,17,24,0,19960,19962,1348,1,341,997,25018.36800000001,74,False,False
186,74,-149.31611684430843,142.8302147958641,1.0,CLIENT,7,2,100000,12,17,0,19946,19946,1353,4,342,1002,17721.344000000005,74,False,False

187,0,-120.00738338363944,-258.14442520422176,1.0,CLIENT,7,2,100000,13,18,0,20171,20171,1356,4,350,990,18763.776000000005,74,False,False
187,1,150.97958194053444,-154.9507852045295,1.0,CLIENT,7,2,100000,15,16,0,20162,20162,1357,5,350,1002,16678.912000000004,74,False,False
187,2,463.07798690292026,400.09073479573516,1.0,CLIENT,7,2,100000,11,17,0,19942,20209,1340,2,351,982,17721.344000000005,74,False,False
187,3,-320.8118139877453,-3.2216252039853543,1.0,CLIENT,7,2,100000,12,26,0,20164,20165,1349,2,348,994,27103.23200000001,74,False,False
187,4,227.81599128368885,48.43085479532476,1.0,CLIENT,7,2,100000,16,24,0,20145,20145,1351,3,349,996,25018.36800000001,74,False,False
187,5,-350.3581858277902,-259.2576252045751,1.0,CLIENT,7,2,100000,9,12,0,20181,20194,1362,3,352,997,12509.184000000003,74,False,False
187,6,-102.26371772057472,-128.3453052044689,1.0,CLIENT,7,2,100000,13,12,0,20149,20149,1363,3,352,1006,12509.184000000003,74,False,False
187,7,258.7089806076139,234.8918547959778,1.0,CLIENT,7,2,100000,18,28,0,20150,20152,1347,3,348,998,29188.096000000012,74,False,False
187,8,322.31685349697034,-120.44158520464947,1.0,CLIENT,7,2,100000,10,16,0,20181,20182,1358,4,351,999,16678.912000000004,74,False,False
187,9,-306.0782344641917,191.58837479536288,1.0,CLIENT,7,2,100000,16,22,0,20149,20151,1353,2,349,997,22933.504000000008,74,False,False
187,10,-471.4745465351059,-338.7401052040181,1.0,CLIENT,7,2,100000,12,25,0,19992,20215,1337,2,349,966,26060.80000000001,74,False,False
187,11,297.1271852791911,478.7939747955636,1.0,CLIENT,7,2,100000,14,16,0,20035,20161,1348,3,351,977,16678.912000000004,74,False,False
187,12,-479.47503864207255,420.7962547956632,1.0,CLIENT,7,2,100000,15,33,0,19875,20176,1303,3,346,942,34400.256000000016,74,False,False
187,13,136.08757683054267,-430.69042520441286,1.0,CLIENT,7,2,100000,17,22,0,20150,20173,1351,4,349,982,22933.504000000008,74,False,False
187,14,82.3813030831597,361.90797479563827,1.0,CLIENT,7,2,100000,14,11,0,20153,20154,1364,3,352,1005,11466.752000000002,74,False,False
187,15,-169.99065585338377,268.9557747954001,1.0,CLIENT,7,2,100000,9,14,0,20182,20182,1360,4,351,1005,14594.048000000004,74,False,False
187,16,-33.269374897948786,54.99873479535296,1.0,CLIENT,7,2,100000,15,23,0,20152,20152,1350,5,349,987,23975.93600000001,74,False,False
187,17,-408.3419504045012,242.01633479539169,1.0,CLIENT,7,2,100000,13,13,0,20167,20184,1360,3,351,996,13551.616000000004,74,False,False
187,18,-338.00099009855785,114.6662547957834,1.0,CLIENT,7,2,100000,15,20,0,20138,20139,1354,3,350,989,20848.640000000007,74,False,False
187,19,-57.50848959822459,197.59965479600538,1.0,CLIENT,7,2,100000,14,13,0,20149,20149,1361,4,351,1000,13551.616000000004,74,False,False
187,20,231.77663094070334,-450.72802520444526,1.0,CLIENT,7,2,100000,10,15,0,20121,20180,1350,4,352,974,15636.480000000005,74,False,False
187,21,335.386964364893,155.63201479597268,1.0,CLIENT,7,2,100000,17,20,0,20151,20154,1355,3,350,1003,20848.640000000007,74,False,False
187,22,-459.434201978187,-342.7476252041828,1.0,CLIENT,7,2,100000,10,16,0,19998,20198,1342,3,352,969,16678.912000000004,74,False,False
187,23,49.11192996547619,-67.8985452044239,1.0,CLIENT,7,2,100000,14,4,0,20136,20136,1369,5,354,1005,4169.728,74,False,False
187,24,348.61550081869103,244.5766947952552,1.0,CLIENT,7,2,100000,10,12,0,20169,20175,1362,3,352,998,12509.184000000003,74,False,False
187,25,-203.1808161781296,308.6970147955171,1.0,CLIENT,7,2,100000,12,12,0,20166,20169,1362,4,352,1003,12509.184000000003,74,False,False
187,26,-57.8253407705381,182.57145479598108,1.0,CLIENT,7,2,100000,12,20,0,20158,20158,1353,5,350,1000,20848.640000000007,74,False,False
187,27,129.35448941395575,-186.67698520431713,1.0,CLIENT,7,2,100000,12,8,0,20158,20158,1365,5,353,1002,8339.456,74,False,False
187,28,-449.5326028362136,213.51841479536319,1.0,CLIENT,7,2,100000,17,34,0,20131,20159,1335,3,346,971,35442.68800000002,74,False,False
187,29,49.34956834485203,300.3480147952399,1.0,CLIENT,7,2,100000,12,13,0,20141,20141,1362,3,351,1009,13551.616000000004,74,False,False
187,30,438.6012338232687,-431.3583452043085,1.0,CLIENT,7,2,100000,10,36,0,19852,20201,1302,4,346,925,37527.55200000002,74,False,False
187,31,388.3803229741485,301.2385747953644,1.0,CLIENT,7,2,100000,15,33,0,20151,20189,1339,3,346,984,34400.256000000016,74,False,False
187,32,-232.1726984664851,-318.0345852040901,1.0,CLIENT,7,2,100000,12,21,0,20186,20191,1354,3,349,990,21891.072000000007,74,False,False
187,33,-116.83887165825297,-376.7002252046771,1.0,CLIENT,7,2,100000,11,20,0,20186,20187,1355,3,350,992,20848.640000000007,74,False,False
187,34,-421.0159973066098,186.80161479558365,1.0,CLIENT,7,2,100000,12,13,0,20169,20187,1358,3,351,994,13551.616000000004,74,False,False
187,35,-344.9717158945206,244.35405479581732,1.0,CLIENT,7,2,100000,9,16,0,20197,20206,1357,4,351,991,16678.912000000004,74,False,False
187,36,191.6949576129324,228.43529479566854,1.0,CLIENT,7,2,100000,8,8,0,20178,20179,1367,3,353,1006,8339.456,74,False,False
187,37,-339.03075640899885,-271.28018520427815,1.0,CLIENT,7,2,100000,14,16,0,20158,20175,1357,3,351,992,16678.912000000004,74,False,False
187,38,-214.5082455969209,-192.57694520444971,1.0,CLIENT,7,2,100000,14,16,0,20141,20141,1359,3,351,999,16678.912000000004,74,False,False
187,39,-196.60615434798083,275.41233479570934,1.0,CLIENT,7,2,100000,17,28,0,20156,20157,1346,4,348,987,29188.096000000012,74,False,False
187,40,-348.4570787927834,-303.6743052047524,1.0,CLIENT,7,2,100000,13,20,0,20185,20214,1353,3,350,987,20848.640000000007,74,False,False
187,41,-91.49077785403561,470.6676147955153,1.0,CLIENT,7,2,100000,12,20,0,20157,20173,1353,4,350,987,20848.640000000007,74,False,False
187,42,89.51045446556064,-99.17946520454478,1.0,CLIENT,7,2,100000,18,20,0,20135,20135,1353,5,350,994,20848.640000000007,74,False,False
187,43,234.6282914937763,128.3586147952255,1.0,CLIENT,7,2,100000,16,20,0,20145,20145,1355,3,350,1003,20848.640000000007,74,False,False
187,44,-293.40418756208305,49.65537479539705,1.0,CLIENT,7,2,100000,14,23,0,20157,20157,1352,3,349,993,23975.93600000001,74,False,False
187,45,-151.85092622506787,-420.33766520444885,1.0,CLIENT,7,2,100000,18,36,0,20143,20162,1336,4,346,973,37527.55200000002,74,False,False
187,46,99.80811757334806,-122.89062520400307,1.0,CLIENT,7,2,100000,12,12,0,20161,20161,1361,5,352,998,12509.184000000003,74,False,False
187,47,340.9318598846007,378.49465479568266,1.0,CLIENT,7,2,100000,15,30,0,20094,20170,1339,3,347,981,31272.960000000014,74,False,False
187,48,317.2472347365771,-351.6532252046366,1.0,CLIENT,7,2,100000,11,20,0,20126,20200,1344,5,350,973,20848.640000000007,74,False,False
187,49,379.35006455617787,292.66693479564935,1.0,CLIENT,7,2,100000,16,27,0,20126,20160,1347,3,348,983,28145.66400000001,74,False,False
187,50,-34.061502829013975,-444.9393852040316,1.0,CLIENT,7,2,100000,12,20,0,20175,20183,1353,4,350,987,20848.640000000007,74,False,False
187,51,-270.5909031380623,206.83921479561604,1.0,CLIENT,7,2,100000,12,22,0,20166,20167,1353,3,349,992,22933.504000000008,74,False,False
187,52,427.4322299909155,-53.31562520406635,1.0,CLIENT,7,2,100000,8,8,0,20169,20175,1367,3,353,1014,8339.456,74,False,False
187,53,-12.594835888873453,-258.0331052045028,1.0,CLIENT,7,2,100000,11,14,0,20176,20176,1360,4,351,1004,14594.048000000004,74,False,False
187,54,292.7704816569255,478.68265479584466,1.0,CLIENT,7,2,100000,10,16,0,20063,20184,1351,3,351,993,16678.912000000004,74,False,False
187,55,338.55547609027946,386.3983747955021,1.0,CLIENT,7,2,100000,10,16,0,20104,20173,1354,3,351,996,16678.912000000004,74,False,False
187,56,77.9453866673935,217.0806547958611,1.0,CLIENT,7,2,100000,11,4,0,20138,20138,1371,3,354,1011,4169.728,74,False,False
187,57,68.36063869773363,202.16377479555575,1.0,CLIENT,7,2,100000,11,13,0,20158,20158,1362,3,351,1006,13551.616000000004,74,False,False
187,58,269.481920474153,484.58261479597724,1.0,CLIENT,7,2,100000,11,17,0,20073,20177,1351,2,350,994,17721.344000000005,74,False,False
187,59,-110.81869937979356,78.48725479537336,1.0,CLIENT,7,2,100000,10,8,0,20163,20163,1365,5,353,1006,8339.456,74,False,False
187,60,437.2546163399512,-78.36262520410685,1.0,CLIENT,7,2,100000,13,20,0,20136,20159,1353,3,350,994,20848.640000000007,74,False,False
187,61,70.57859690561672,-195.91654520471877,1.0,CLIENT,7,2,100000,14,19,0,20153,20153,1354,5,350,1001,19806.208000000006,74,False,False
187,62,-490.3271913021121,310.81209479571385,1.0,CLIENT,7,2,100000,10,8,0,20057,20194,1356,3,353,986,8339.456,74,False,False
187,63,210.23075120706233,402.094494795422,1.0,CLIENT,7,2,100000,14,20,0,20166,20186,1354,3,350,998,20848.640000000007,74,False,False
187,64,-77.47011346860955,259.6048947952795,1.0,CLIENT,7,2,100000,10,17,0,20180,20180,1356,5,350,990,17721.344000000005,74,False,False
187,65,226.46937380037147,207.39581479579272,1.0,CLIENT,7,2,100000,16,17,0,20128,20129,1358,3,351,995,17721.344000000005,74,False,False
187,66,355.348588235278,-472.21278520398783,1.0,CLIENT,7,2,100000,16,30,0,19910,20193,1310,5,347,935,31272.960000000014,74,False,False
187,67,321.5247255659051,-140.70182520411976,1.0,CLIENT,7,2,100000,12,10,0,20171,20172,1363,5,352,999,10424.320000000002,74,False,False
187,68,-376.8152587359491,-500.0427852041207,1.0,CLIENT,7,2,100000,10,15,0,19739,20187,1327,2,352,948,15636.480000000005,74,False,False
187,69,399.5493268065016,251.1445747952834,1.0,CLIENT,7,2,100000,11,20,0,20144,20181,1351,3,350,993,20848.640000000007,74,False,False
187,70,-410.71833419882245,449.0715347954628,1.0,CLIENT,7,2,100000,11,18,0,19978,20199,1327,4,351,955,18763.776000000005,74,False,False
187,71,486.4457608780675,-249.79542520473558,1.0,CLIENT,7,2,100000,9,16,0,20060,20221,1338,4,351,982,16678.912000000004,74,False,False
187,72,-350.2789730348525,479.57321479596914,1.0,CLIENT,7,2,100000,10,11,0,20023,20191,1340,4,351,966,11466.752000000002,74,False,False
187,73,-400.2622455045968,-285.8631052046357,1.0,CLIENT,7,2,100000,17,29,0,20137,20186,1339,3,347,973,30230.528000000013,74,False,False
187,74,384.26125773069583,-216.84470520408468,1.0,CLIENT,7,2,100000,12,21,0,20140,20163,1349,4,350,987,21891.072000000007,74,False,False

188,0,-311.22706601808545,-418.77918520442876,1.0,CLIENT,7,2,100000,13,23,0,20459,20505,1357,1,351,991,23975.93600000001,74,False,False
188,1,394.5589208384832,443.7281747955069,1.0,CLIENT,7,2,100000,15,34,0,20311,20530,1328,2,349,969,35442.68800000002,74,False,False
188,2,-170.62435819857362,400.8699747953497,1.0,CLIENT,7,2,100000,11,7,0,20487,20490,1378,1,356,1010,7297.023999999999,74,False,False
188,3,188.92250985335997,-197.47502520473887,1.0,CLIENT,7,2,100000,12,24,0,20470,20470,1360,2,352,1007,25018.36800000001,74,False,False
188,4,97.5109465725273,279.419854795874,1.0,CLIENT,7,2,100000,16,24,0,20453,20453,1360,2,352,1003,25018.36800000001,74,False,False
188,5,87.76777301642925,6.240574795854172,1.0,CLIENT,7,2,100000,9,11,0,20467,20467,1373,2,355,1010,11466.752000000002,74,False,False
188,6,-491.43617040605363,-18.917745204696246,1.0,CLIENT,7,2,100000,13,20,0,20476,20484,1365,1,353,1004,20848.640000000007,74,False,False
188,7,-267.97688096492806,-34.83650520405405,1.0,CLIENT,7,2,100000,18,28,0,20446,20446,1356,2,351,1003,29188.096000000012,74,False,False
188,8,-133.86962218262732,-317.25534520447553,1.0,CLIENT,7,2,100000,10,11,0,20459,20460,1373,2,355,1016,11466.752000000002,74,False,False
188,9,74.77687494200705,-474.55050520441347,1.0,CLIENT,7,2,100000,16,24,0,20452,20465,1360,2,352,1006,25018.36800000001,74,False,False
188,10,-68.20221667182602,-384.8265852047254,1.0,CLIENT,7,2,100000,12,16,0,20459,20460,1368,2,354,1013,16678.912000000004,74,False,False
188,11,39.527181995816306,87.39285479582719,1.0,CLIENT,7,2,100000,14,10,0,20446,20446,1375,1,355,1014,10424.320000000002,74,False,False
188,12,-420.5407205478582,28.504574795802284,1.0,CLIENT,7,2,100000,15,28,0,20478,20480,1357,1,351,991,29188.096000000012,74,False,False
188,13,75.17293890782108,461.5393747956236,1.0,CLIENT,7,2,100000,17,21,0,20464,20472,1363,2,352,1000,21891.072000000007,74,False,False
188,14,-442.56187704025086,-149.9413852045214,1.0,CLIENT,7,2,100000,14,19,0,20497,20503,1364,1,351,1001,19806.208000000006,74,False,False
188,15,-257.99606902945413,-58.88162520425112,1.0,CLIENT,7,2,100000,9,9,0,20477,20477,1375,2,355,1017,9381.888,74,False,False
188,16,369.13161424132824,-260.7047852040853,1.0,CLIENT,7,2,100000,15,22,0,20456,20464,1361,2,352,998,22933.504000000008,74,False,False
188,17,-319.1483453315516,-495.5899852042893,1.0,CLIENT,7,2,100000,13,16,0,20335,20501,1354,2,354,996,16678.912000000004,74,False,False
188,18,249.12423263795404,-387.72090520453673,1.0,CLIENT,7,2,100000,15,28,0,20468,20481,1355,2,351,992,29188.096000000012,74,False,False
188,19,-231.22214494898174,-302.22714520445123,1.0,CLIENT,7,2,100000,14,14,0,20457,20457,1371,1,354,1013,14594.048000000004,74,False,False
188,20,199.85387530633724,2.1217347959705535,1.0,CLIENT,7,2,100000,10,12,0,20487,20487,1372,2,355,1009,12509.184000000003,74,False,False
188,21,302.1968040401472,-390.61522520434806,1.0,CLIENT,7,2,100000,17,25,0,20475,20493,1356,1,352,990,26060.80000000001,74,False,False
188,22,-194.5466217259731,249.5860947952633,1.0,CLIENT,7,2,100000,10,12,0,20473,20473,1373,1,355,1012,12509.184000000003,74,False,False
188,23,188.4472330946083,428.8112947959925,1.0,CLIENT,7,2,100000,14,8,0,20464,20491,1373,2,356,1005,8339.456,74,False,False
188,24,407.9458828787194,46.20445479540905,1.0,CLIENT,7,2,100000,10,12,0,20505,20506,1372,2,355,1003,12509.184000000003,74,False,False
188,25,266.31340874876656,126.68881479548645,1.0,CLIENT,7,2,100000,12,10,0,20472,20472,1374,2,355,1008,10424.320000000002,74,False,False
188,26,-228.3704843959088,-197.69766520417676,1.0,CLIENT,7,2,100000,12,20,0,20478,20478,1364,2,353,1010,20848.640000000007,74,False,False
188,27,263.77859936857,472.11477479581646,1.0,CLIENT,7,2,100000,12,20,0,20394,20501,1353,1,353,985,20848.640000000007,74,False,False
188,28,-421.49127406536155,-255.25010520441043,1.0,CLIENT,7,2,100000,17,34,0,20457,20476,1347,1,349,982,35442.68800000002,74,False,False
188,29,329.5252176728718,-441.7111052042725,1.0,CLIENT,7,2,100000,12,24,0,20448,20497,1357,2,351,991,25018.36800000001,74,False,False
188,30,-233.36089036336432,427.92073479586804,1.0,CLIENT,7,2,100000,10,35,0,20493,20513,1348,1,350,988,36485.12000000002,74,False,False
188,31,-249.20344899085944,-326.04962520441944,1.0,CLIENT,7,2,100000,15,25,0,20464,20466,1359,1,351,1004,26060.80000000001,74,False,False
188,32,68.59827707710947,-290.31590520446713,1.0,CLIENT,7,2,100000,12,16,0,20449,20449,1368,2,354,1008,16678.912000000004,74,False,False
188,33,-78.73751815898927,494.04481479581676,1.0,CLIENT,7,2,100000,11,20,0,20493,20510,1364,2,353,1002,20848.640000000007,74,False,False
188,34,74.22238538975486,372.5946947955501,1.0,CLIENT,7,2,100000,12,12,0,20479,20480,1372,2,355,1010,12509.184000000003,74,False,False
188,35,273.6801985105434,197.71097479572433,1.0,CLIENT,7,2,100000,9,12,0,20472,20472,1372,2,355,1003,12509.184000000003,74,False,False
188,36,-76.51955995110619,179.89977479560764,1.0,CLIENT,7,2,100000,8,8,0,20473,20473,1377,1,356,1018,8339.456,74,False,False
188,37,224.17220279955072,-172.87330520436512,1.0,CLIENT,7,2,100000,14,12,0,20446,20446,1372,2,355,1005,12509.184000000003,74,False,False
188,38,-60.75621411654872,159.86217479557524,1.0,CLIENT,7,2,100000,14,16,0,20449,20449,1369,1,354,1008,16678.912000000004,74,False,False
188,39,154.06888087298324,-400.1887452046975,1.0,CLIENT,7,2,100000,17,27,0,20453,20458,1357,2,351,1000,28145.66400000001,74,False,False
188,40,-327.3864758178941,293.55749479577383,1.0,CLIENT,7,2,100000,13,16,0,20482,20485,1369,1,354,1005,16678.912000000004,74,False,False
188,41,-496.9018531328237,75.37029479533317,1.0,CLIENT,7,2,100000,12,24,0,20491,20510,1360,1,352,997,25018.36800000001,74,False,False
188,42,-302.7512971523671,-280.29710520445093,1.0,CLIENT,7,2,100000,18,24,0,20475,20476,1360,2,352,1003,25018.36800000001,74,False,False
188,43,-243.34170229883821,-5.22538520446318,1.0,CLIENT,7,2,100000,16,18,0,20441,20441,1366,2,353,1004,18763.776000000005,74,False,False
188,44,-271.69988224200387,79.6004547957267,1.0,CLIENT,7,2,100000,14,22,0,20464,20465,1363,0,352,1007,22933.504000000008,74,False,False
188,45,-63.92472584193518,64.46093479598346,1.0,CLIENT,7,2,100000,18,27,0,20431,20431,1358,1,351,1005,28145.66400000001,74,False,False
188,46,-344.5756519287066,465.43557479527834,1.0,CLIENT,7,2,100000,12,27,0,20390,20512,1345,1,352,979,28145.66400000001,74,False,False
188,47,-349.566057896725,-331.8382652040421,1.0,CLIENT,7,2,100000,15,26,0,20439,20459,1358,2,351,996,27103.23200000001,74,False,False
188,48,499.99114850474194,-159.40358520436092,1.0,CLIENT,7,2,100000,11,18,0,20474,20497,1366,1,353,1011,18763.776000000005,74,False,False
188,49,19.96162209068252,36.853574795288466,1.0,CLIENT,7,2,100000,16,25,0,20457,20457,1360,1,351,1005,26060.80000000001,74,False,False
188,50,126.74046724025864,-211.72398520435763,1.0,CLIENT,7,2,100000,12,20,0,20466,20466,1364,2,353,1010,20848.640000000007,74,False,False
188,51,117.55178323641277,492.2636947955678,1.0,CLIENT,7,2,100000,12,24,0,20484,20522,1356,2,352,993,25018.36800000001,74,False,False
188,52,276.0565823048646,24.49705479563761,1.0,CLIENT,7,2,100000,8,10,0,20491,20491,1375,2,355,1019,10424.320000000002,74,False,False
188,53,18.852642986740975,-82.81542520472925,1.0,CLIENT,7,2,100000,11,8,0,20454,20454,1376,2,356,1019,8339.456,74,False,False
188,54,51.96359051854914,-196.47314520410447,1.0,CLIENT,7,2,100000,10,10,0,20455,20455,1374,2,355,1017,10424.320000000002,74,False,False
188,55,-408.0250992321877,-386.3850652047455,1.0,CLIENT,7,2,100000,10,15,0,20419,20497,1359,1,353,993,15636.480000000005,74,False,False
188,56,350.5958206471983,-69.67966520467286,1.0,CLIENT,7,2,100000,11,4,0,20449,20449,1380,2,357,1021,4169.728,74,False,False
188,57,-131.01796162955438,-8.11970520427451,1.0,CLIENT,7,2,100000,11,13,0,20451,20451,1371,2,354,1010,13551.616000000004,74,False,False
188,58,113.35350520002244,499.38817479577267,1.0,CLIENT,7,2,100000,11,20,0,20462,20498,1360,2,353,999,20848.640000000007,74,False,False
188,59,472.8211604584555,-315.69686520445543,1.0,CLIENT,7,2,100000,10,16,0,20463,20528,1365,2,354,1003,16678.912000000004,74,False,False
188,60,-269.2442856547449,440.05461479529004,1.0,CLIENT,7,2,100000,13,24,0,20476,20502,1357,1,352,996,25018.36800000001,74,False,False
188,61,302.6720807988989,-216.28810520469898,1.0,CLIENT,7,2,100000,14,21,0,20481,20481,1363,2,353,997,21891.072000000007,74,False,False
188,62,-497.61476827095123,-92.16630520405886,1.0,CLIENT,7,2,100000,10,15,0,20509,20522,1367,1,354,1008,15636.480000000005,74,False,False
188,63,-367.54736193860265,-27.04410520474454,1.0,CLIENT,7,2,100000,14,17,0,20460,20461,1368,0,353,1006,17721.344000000005,74,False,False
188,64,80.00491928883842,-64.33630520471695,1.0,CLIENT,7,2,100000,10,12,0,20478,20478,1372,2,355,1014,12509.184000000003,74,False,False
188,65,218.78573286628117,-29.93842520455587,1.0,CLIENT,7,2,100000,15,16,0,20450,20450,1368,2,354,1009,16678.912000000004,74,False,False
188,66,-11.565069577869576,239.9012547959859,1.0,CLIENT,7,2,100000,15,23,0,20463,20463,1362,1,352,1003,23975.93600000001,74,False,False
188,67,-345.20935427389645,9.357534795894367,1.0,CLIENT,7,2,100000,12,11,0,20474,20474,1374,1,355,1007,11466.752000000002,74,False,False
188,68,179.02091071082373,-253.13502520421366,1.0,CLIENT,7,2,100000,10,12,0,20496,20496,1372,2,355,1012,12509.184000000003,74,False,False
188,69,-382.83543101440847,-435.03190520452534,1.0,CLIENT,7,2,100000,11,28,0,20379,20502,1344,2,352,977,29188.096000000012,74,False,False
188,70,305.9198053177858,-117.32462520460928,1.0,CLIENT,7,2,100000,11,16,0,20480,20480,1368,2,354,1013,16678.912000000004,74,False,False
188,71,237.32152646041106,30.06305479582238,1.0,CLIENT,7,2,100000,9,12,0,20473,20473,1372,2,355,1016,12509.184000000003,74,False,False
188,72,368.6563374825765,402.9850547955465,1.0,CLIENT,7,2,100000,10,19,0,20402,20529,1356,2,353,994,19806.208000000006,74,False,False
188,73,-440.4231316253055,-205.0447852046105,1.0,CLIENT,7,2,100000,17,24,0,20448,20464,1356,1,352,996,25018.36800000001,74,False,False
188,74,113.19507961358426,259.3822547958416,1.0,CLIENT,7,2,100000,12,21,0,20474,20474,1363,2,353,1008,21891.072000000007,74,False,False

189,0,329.92128163812293,128.58125479545436,1.0,CLIENT,7,2,100000,13,12,0,20266,20266,1365,3,349,1006,12509.184000000003,74,False,False
189,1,453.17638776038405,-113.65106520439241,1.0,CLIENT,7,2,100000,15,16,0,20265,20268,1360,4,348,1005,16678.912000000004,74,False,False
189,2,298.7114411418844,253.7049347959379,1.0,CLIENT,7,2,100000,11,4,0,20284,20292,1372,4,351,1003,4169.728,74,False,False
189,3,147.73185742164748,-424.0112252046657,1.0,CLIENT,7,2,100000,12,28,0,20304,20306,1348,4,345,987,29188.096000000012,74,False,False
189,4,166.74292777452908,297.34237479570965,1.0,CLIENT,7,2,100000,16,29,0,20234,20235,1347,4,346,989,30230.528000000013,74,False,False
189,5,43.01254489351628,210.5127747958329,1.0,CLIENT,7,2,100000,9,12,0,20304,20304,1364,4,349,999,12509.184000000003,74,False,False
189,6,-206.90381745576826,-350.8739852042311,1.0,CLIENT,7,2,100000,13,20,0,20299,20300,1355,4,347,999,20848.640000000007,74,False,False
189,7,-206.11168952414022,-279.40654520432645,1.0,CLIENT,7,2,100000,18,28,0,20273,20275,1348,4,345,986,29188.096000000012,74,False,False
189,8,295.5429294164979,-361.78334520437176,1.0,CLIENT,7,2,100000,10,17,0,20299,20307,1358,5,348,1003,17721.344000000005,74,False,False
189,9,-175.06027461433982,355.56273479583894,1.0,CLIENT,7,2,100000,16,24,0,20285,20287,1352,3,346,988,25018.36800000001,74,False,False
189,10,393.2123033551659,471.8921347955876,1.0,CLIENT,7,2,100000,12,21,0,19951,20281,1333,5,347,968,21891.072000000007,74,False,False
189,11,-122.146128798022,-306.9025852045115,1.0,CLIENT,7,2,100000,14,16,0,20290,20290,1360,4,348,1006,16678.912000000004,74,False,False
189,12,-253.56015261368796,40.7497747957342,1.0,CLIENT,7,2,100000,15,24,0,20276,20276,1352,4,346,990,25018.36800000001,74,False,False
189,13,19.40713253843033,-294.8800252040175,1.0,CLIENT,7,2,100000,17,17,0,20279,20279,1358,5,347,998,17721.344000000005,74,False,False
189,14,-72.71734588052986,-437.36962520416,1.0,CLIENT,7,2,100000,14,15,0,20289,20294,1359,5,348,990,15636.480000000005,74,False,False
189,15,-381.64723911752924,242.1276547959016,1.0,CLIENT,7,2,100000,9,16,0,20318,20328,1361,3,348,995,16678.912000000004,74,False,False
189,16,467.51390331868646,200.3826547953068,1.0,CLIENT,7,2,100000,15,28,0,20263,20304,1347,5,345,1000,29188.096000000012,74,False,False
189,17,-410.3222702330084,-375.58702520432377,1.0,CLIENT,7,2,100000,13,17,0,20214,20321,1354,4,348,992,17721.344000000005,74,False,False
189,18,309.32595542254813,-400.0774252041876,1.0,CLIENT,7,2,100000,15,27,0,20274,20292,1348,4,345,982,28145.66400000001,74,False,False
189,19,425.37269736947064,75.92689479550984,1.0,CLIENT,7,2,100000,14,18,0,20282,20289,1358,3,347,1003,18763.776000000005,74,False,False
189,20,-287.30480249012317,202.60905479601348,1.0,CLIENT,7,2,100000,10,12,0,20307,20307,1364,4,349,1005,12509.184000000003,74,False,False
189,21,-122.54219276383603,-488.3541852043655,1.0,CLIENT,7,2,100000,17,24,0,20304,20321,1351,4,346,996,25018.36800000001,74,False,False
189,22,-418.6396135122886,184.35257479543907,1.0,CLIENT,7,2,100000,10,12,0,20319,20330,1365,3,349,999,12509.184000000003,74,False,False
189,23,-447.0770062489547,-390.83786520457693,1.0,CLIENT,7,2,100000,14,8,0,20166,20320,1348,4,350,972,8339.456,74,False,False
189,24,229.24182156050676,24.94233479530436,1.0,CLIENT,7,2,100000,10,12,0,20286,20286,1363,5,349,1011,12509.184000000003,74,False,False
189,25,-137.59262346026597,411.00009479587584,1.0,CLIENT,7,2,100000,12,14,0,20302,20305,1363,3,348,1000,14594.048000000004,74,False,False
189,26,9.426320603519265,436.1584147956353,1.0,CLIENT,7,2,100000,12,24,0,20311,20311,1352,4,346,991,25018.36800000001,74,False,False
189,27,276.76949744299213,280.9783347958941,1.0,CLIENT,7,2,100000,12,8,0,20282,20286,1367,5,350,1004,8339.456,74,False,False
189,28,251.26297805289946,-439.8186652043046,1.0,CLIENT,7,2,100000,17,31,0,20267,20283,1341,3,343,994,32315.392000000014,74,False,False
189,29,196.60615078745028,-37.50818520442749,1.0,CLIENT,7,2,100000,12,16,0,20271,20271,1360,4,348,1004,16678.912000000004,74,False,False
189,30,-101.86765375532354,-22.702625204632056,1.0,CLIENT,7,2,100000,10,24,0,20286,20286,1351,5,346,997,25018.36800000001,74,False,False
189,31,-255.46125964925753,63.34773479563012,1.0,CLIENT,7,2,100000,15,27,0,20289,20289,1349,4,344,990,28145.66400000001,74,False,False
189,32,-83.56949854000663,-194.46938520441762,1.0,CLIENT,7,2,100000,12,20,0,20290,20290,1355,5,347,999,20848.640000000007,74,False,False
189,33,287.0671605507796,-226.19558520420526,1.0,CLIENT,7,2,100000,11,18,0,20309,20309,1357,5,347,998,18763.776000000005,74,False,False
189,34,20.27847326299603,417.7906147953419,1.0,CLIENT,7,2,100000,12,12,0,20296,20298,1364,4,349,1003,12509.184000000003,74,False,False
189,35,339.18917843546933,-241.44642520445842,1.0,CLIENT,7,2,100000,9,12,0,20291,20292,1364,4,349,1001,12509.184000000003,74,False,False
189,36,-429.57097896582866,-431.6923052042563,1.0,CLIENT,7,2,100000,8,12,0,20165,20346,1352,4,348,986,12509.184000000003,74,False,False
189,37,-86.8172230588936,-53.31562520406635,1.0,CLIENT,7,2,100000,14,16,0,20283,20283,1359,5,348,1001,16678.912000000004,74,False,False
189,38,-358.3586779347568,356.3419747954535,1.0,CLIENT,7,2,100000,14,23,0,20269,20302,1353,4,346,989,23975.93600000001,74,False,False
189,39,284.8492023428965,120.12093479545825,1.0,CLIENT,7,2,100000,17,28,0,20277,20278,1348,4,345,986,29188.096000000012,74,False,False
189,40,485.81205853344056,200.82793479576452,1.0,CLIENT,7,2,100000,13,16,0,20212,20292,1352,5,348,986,16678.912000000004,74,False,False
189,41,-350.199760241352,-360.22486520435166,1.0,CLIENT,7,2,100000,12,21,0,20265,20303,1351,3,347,986,21891.072000000007,74,False,False
189,42,388.85559973290015,280.1990947954886,1.0,CLIENT,7,2,100000,18,21,0,20234,20270,1352,5,346,991,21891.072000000007,74,False,False
189,43,-241.6782336432073,285.9877347959022,1.0,CLIENT,7,2,100000,16,17,0,20269,20271,1358,5,347,990,17721.344000000005,74,False,False
189,44,454.99828200245315,-33.16670520431501,1.0,CLIENT,7,2,100000,14,21,0,20277,20279,1354,5,346,992,21891.072000000007,74,False,False
189,45,359.9429302374823,130.47369479542226,1.0,CLIENT,7,2,100000,18,34,0,20260,20263,1342,4,343,982,35442.68800000002,74,False,False
189,46,-396.5392442269582,396.862454795976,1.0,CLIENT,7,2,100000,12,24,0,20233,20347,1349,3,346,987,25018.36800000001,74,False,False
189,47,-311.14785322458494,-235.7691052045547,1.0,CLIENT,7,2,100000,15,23,0,20265,20267,1353,4,346,997,23975.93600000001,74,False,False
189,48,-483.59410388552516,-273.9518652046516,1.0,CLIENT,7,2,100000,11,24,0,20232,20326,1342,4,346,972,25018.36800000001,74,False,False
189,49,306.63272045591333,206.3939347959493,1.0,CLIENT,7,2,100000,16,28,0,20284,20286,1348,4,345,996,29188.096000000012,74,False,False
189,50,-57.58770239116226,-57.323145204231025,1.0,CLIENT,7,2,100000,12,16,0,20259,20259,1359,5,348,1000,16678.912000000004,74,False,False
189,51,50.69618582816942,-124.33778520430423,1.0,CLIENT,7,2,100000,12,20,0,20279,20279,1357,3,347,1003,20848.640000000007,74,False,False
189,52,484.4654410501231,-318.0345852040901,1.0,CLIENT,7,2,100000,8,16,0,20252,20335,1349,4,348,987,16678.912000000004,74,False,False
189,53,274.86839040742257,327.1761347955294,1.0,CLIENT,7,2,100000,11,12,0,20272,20291,1361,4,349,997,12509.184000000003,74,False,False
189,54,423.78844150621455,-337.7382252041747,1.0,CLIENT,7,2,100000,10,17,0,20272,20313,1359,3,348,990,17721.344000000005,74,False,False
189,55,188.60565868048363,374.04185479585124,1.0,CLIENT,7,2,100000,10,15,0,20290,20299,1359,5,348,1005,15636.480000000005,74,False,False
189,56,88.48068815455677,53.32893479561392,1.0,CLIENT,7,2,100000,11,7,0,20274,20274,1369,4,350,1013,7297.023999999999,74,False,False
189,57,428.778847474233,249.5860947952633,1.0,CLIENT,7,2,100000,11,14,0,20251,20308,1359,4,348,988,14594.048000000004,74,False,False
189,58,459.1173472459058,-292.7649452046117,1.0,CLIENT,7,2,100000,11,24,0,20291,20336,1348,4,346,985,25018.36800000001,74,False,False
189,59,-81.27232753918588,-7.897065204045646,1.0,CLIENT,7,2,100000,10,8,0,20269,20269,1368,4,350,1008,8339.456,74,False,False
189,60,-30.18007596549999,-446.1639052041039,1.0,CLIENT,7,2,100000,13,22,0,20291,20294,1353,5,346,992,22933.504000000008,74,False,False
189,61,-188.84330062039004,-30.272385204503678,1.0,CLIENT,7,2,100000,14,16,0,20269,20269,1360,4,348,996,16678.912000000004,74,False,False
189,62,308.85067866379643,116.55869479575131,1.0,CLIENT,7,2,100000,10,8,0,20294,20295,1366,5,350,1005,8339.456,74,False,False
189,63,-55.76580814909319,419.9056947955387,1.0,CLIENT,7,2,100000,14,28,0,20296,20297,1348,4,347,985,29188.096000000012,74,False,False
189,64,-197.39828227904604,-8.342345204503374,1.0,CLIENT,7,2,100000,10,12,0,20286,20286,1364,4,349,1006,12509.184000000003,74,False,False
189,65,365.56703855012773,-16.691345203989556,1.0,CLIENT,7,2,100000,16,16,0,20266,20266,1359,5,348,1004,16678.912000000004,74,False,False
189,66,436.7793395811996,-9.121585204117935,1.0,CLIENT,7,2,100000,15,19,0,20255,20260,1358,3,347,1002,19806.208000000006,74,False,False
189,67,-234.23223108793002,-452.84310520464203,1.0,CLIENT,7,2,100000,12,14,0,20286,20325,1358,4,348,996,14594.048000000004,74,False,False
189,68,-178.86248868491612,-208.71834520403638,1.0,CLIENT,7,2,100000,10,8,0,20281,20281,1368,4,350,1012,8339.456,74,False,False
189,69,-372.22091673374473,329.4025347954451,1.0,CLIENT,7,2,100000,11,25,0,20293,20330,1348,1,346,982,26060.80000000001,74,False,False
189,70,-399.70775595290746,-146.8244252044812,1.0,CLIENT,7,2,100000,11,16,0,20301,20308,1360,4,348,998,16678.912000000004,74,False,False
189,71,-234.7075078466817,422.02077479573546,1.0,CLIENT,7,2,100000,9,18,0,20339,20357,1352,4,347,986,18763.776000000005,74,False,False
189,72,285.32447910164814,-135.13582520472596,1.0,CLIENT,7,2,100000,10,8,0,20302,20302,1367,5,350,1007,8339.456,74,False,False
189,73,393.5291545280421,-319.3704252046723,1.0,CLIENT,7,2,100000,17,30,0,20298,20307,1345,4,344,989,31272.960000000014,74,False,False
189,74,-215.8548630802383,276.5255347952717,1.0,CLIENT,7,2,100000,12,20,0,20277,20279,1356,4,347,993,20848.640000000007,74,False,False

190,0,367.8642095515113,460.6488147954991,1.0,CLIENT,7,2,100000,13,23,0,20371,20567,1327,6,350,961,23975.93600000001,74,False,False
190,1,104.00639560973839,242.4616147958494,1.0,CLIENT,7,2,100000,15,16,0,20540,20540,1366,5,353,1010,16678.912000000004,74,False,False
190,2,294.19631193318054,-308.9063452041984,1.0,CLIENT,7,2,100000,11,6,0,20551,20569,1374,6,355,1009,6254.592,74,False,False
190,3,417.45141805544165,-301.2252652046078,1.0,CLIENT,7,2,100000,12,28,0,20471,20574,1346,5,350,979,29188.096000000012,74,False,False
190,4,11.248214845588338,-315.8081852041744,1.0,CLIENT,7,2,100000,16,24,0,20535,20535,1358,5,351,996,25018.36800000001,74,False,False
190,5,-75.56900643360282,-480.8957452042128,1.0,CLIENT,7,2,100000,9,12,0,20560,20579,1366,6,354,998,12509.184000000003,74,False,False
190,6,263.6201737821318,399.2001747956107,1.0,CLIENT,7,2,100000,13,21,0,20538,20579,1356,5,351,989,21891.072000000007,74,False,False
190,7,274.15547526929504,393.7454947959358,1.0,CLIENT,7,2,100000,18,33,0,20498,20551,1344,6,348,979,34400.256000000016,74,False,False
190,8,293.8002479673665,-488.02022520441767,1.0,CLIENT,7,2,100000,10,17,0,20376,20563,1340,4,353,980,17721.344000000005,74,False,False
190,9,-483.59410388552516,-158.95830520469417,1.0,CLIENT,7,2,100000,16,24,0,20556,20578,1353,5,351,994,25018.36800000001,74,False,False
190,10,-483.91095505783875,-38.510065204270916,1.0,CLIENT,7,2,100000,12,25,0,20561,20569,1356,4,352,985,26060.80000000001,74,False,False
190,11,45.54735427427571,58.44965479534096,1.0,CLIENT,7,2,100000,14,8,0,20528,20528,1373,6,355,1012,8339.456,74,False,False
190,12,408.5003724309716,261.1633747952996,1.0,CLIENT,7,2,100000,15,28,0,20521,20561,1345,6,350,978,29188.096000000012,74,False,False
190,13,-411.58967492338815,-9.121585204117935,1.0,CLIENT,7,2,100000,17,18,0,20546,20547,1364,5,352,1006,18763.776000000005,74,False,False
190,14,66.2218932827882,-68.34382520409065,1.0,CLIENT,7,2,100000,14,12,0,20535,20535,1369,6,354,1014,12509.184000000003,74,False,False
190,15,-234.3114438814305,-184.00530520473467,1.0,CLIENT,7,2,100000,9,13,0,20573,20573,1369,5,353,1009,13551.616000000004,74,False,False
190,16,-258.23370740882996,436.2697347953542,1.0,CLIENT,7,2,100000,15,28,0,20537,20558,1353,3,350,977,29188.096000000012,74,False,False
190,17,-244.7675325756561,159.63953479534638,1.0,CLIENT,7,2,100000,13,9,0,20539,20539,1371,7,355,1005,9381.888,74,False,False
190,18,-433.2939802429045,142.05097479545856,1.0,CLIENT,7,2,100000,15,28,0,20570,20571,1354,5,349,998,29188.096000000012,74,False,False
190,19,59.25116748682543,367.6966147952609,1.0,CLIENT,7,2,100000,14,16,0,20548,20550,1365,6,353,1011,16678.912000000004,74,False,False
190,20,-190.03149251726924,260.2728147959661,1.0,CLIENT,7,2,100000,10,10,0,20568,20568,1373,4,354,1018,10424.320000000002,74,False,False
190,21,192.5662983374981,74.47973479599966,1.0,CLIENT,7,2,100000,16,16,0,20519,20519,1366,5,353,1003,16678.912000000004,74,False,False
190,22,-165.0794626788659,368.2532147954376,1.0,CLIENT,7,2,100000,10,13,0,20568,20570,1369,4,354,999,13551.616000000004,74,False,False
190,23,245.00516739450137,-140.81314520462968,1.0,CLIENT,7,2,100000,14,9,0,20550,20551,1373,4,355,1016,9381.888,74,False,False
190,24,5.22804256712893,169.10173479597688,1.0,CLIENT,7,2,100000,10,12,0,20546,20546,1369,6,354,1009,12509.184000000003,74,False,False
190,25,417.6890564348174,326.062934795967,1.0,CLIENT,7,2,100000,12,16,0,20505,20591,1357,5,353,989,16678.912000000004,74,False,False
190,26,-345.5262054467728,476.12229479598113,1.0,CLIENT,7,2,100000,12,32,0,20522,20608,1338,4,349,980,33357.824000000015,74,False,False
190,27,400.895944289819,302.01781479576994,1.0,CLIENT,7,2,100000,12,20,0,20541,20601,1355,6,352,998,20848.640000000007,74,False,False
190,28,105.90750264474514,457.30921479523005,1.0,CLIENT,7,2,100000,17,35,0,20539,20565,1345,5,348,984,36485.12000000002,74,False,False
190,29,-107.49176206796893,-126.23022520427213,1.0,CLIENT,7,2,100000,12,12,0,20529,20529,1369,6,354,1012,12509.184000000003,74,False,False
190,30,235.18278104546565,-345.9759052047329,1.0,CLIENT,7,2,100000,10,28,0,20562,20583,1351,6,350,1000,29188.096000000012,74,False,False
190,31,12.43640674246755,428.47733479525374,1.0,CLIENT,7,2,100000,15,28,0,20552,20560,1352,6,348,989,29188.096000000012,74,False,False
190,32,359.86371744454465,-226.86350520410087,1.0,CLIENT,7,2,100000,12,19,0,20526,20551,1359,6,352,1003,19806.208000000006,74,False,False
190,33,22.575644264379626,436.93765479524984,1.0,CLIENT,7,2,100000,11,18,0,20569,20572,1361,6,352,1006,18763.776000000005,74,False,False
190,34,-287.70086645593716,-5.22538520446318,1.0,CLIENT,7,2,100000,12,13,0,20554,20555,1368,5,354,1001,13551.616000000004,74,False,False
190,35,380.06297969430545,35.96301479595496,1.0,CLIENT,7,2,100000,9,12,0,20556,20559,1370,5,354,1011,12509.184000000003,74,False,False
190,36,-22.575647824347353,188.91669479578042,1.0,CLIENT,7,2,100000,8,8,0,20566,20566,1373,6,355,1014,8339.456,74,False,False
190,37,-346.714397343652,132.36613479539017,1.0,CLIENT,7,2,100000,14,16,0,20571,20571,1366,5,353,1008,16678.912000000004,74,False,False
190,38,-307.58327753338443,-107.86242520476975,1.0,CLIENT,7,2,100000,14,16,0,20540,20540,1366,5,353,1007,16678.912000000004,74,False,False
190,39,62.815743178025905,-325.15906520429496,1.0,CLIENT,7,2,100000,17,24,0,20533,20533,1357,6,351,1001,25018.36800000001,74,False,False
190,40,85.07453804979447,456.75261479584435,1.0,CLIENT,7,2,100000,13,16,0,20535,20555,1364,5,353,1009,16678.912000000004,74,False,False
190,41,-311.4647043974613,460.9827747954469,1.0,CLIENT,7,2,100000,12,23,0,20539,20591,1354,5,351,997,23975.93600000001,74,False,False
190,42,153.2767529413552,-127.12078520439661,1.0,CLIENT,7,2,100000,18,20,0,20520,20520,1361,6,352,1003,20848.640000000007,74,False,False
190,43,128.48314868939005,412.7812147953338,1.0,CLIENT,7,2,100000,16,18,0,20535,20549,1359,5,351,996,18763.776000000005,74,False,False
190,44,235.57884501127967,-160.18282520476646,1.0,CLIENT,7,2,100000,14,16,0,20538,20538,1366,5,353,1007,16678.912000000004,74,False,False
190,45,182.66469919552472,-272.0594252046837,1.0,CLIENT,7,2,100000,18,36,0,20542,20543,1345,6,348,989,37527.55200000002,74,False,False
190,46,108.20467364612873,-304.11958520441914,1.0,CLIENT,7,2,100000,12,17,0,20583,20583,1363,7,352,996,17721.344000000005,74,False,False
190,47,198.26961944364402,126.5774947957675,1.0,CLIENT,7,2,100000,15,26,0,20545,20545,1355,6,350,997,27103.23200000001,74,False,False
190,48,88.48068815455677,150.73393479568352,1.0,CLIENT,7,2,100000,11,16,0,20550,20550,1365,6,353,1008,16678.912000000004,74,False,False
190,49,-388.85560329286784,-493.58622520460244,1.0,CLIENT,7,2,100000,16,39,0,20294,20605,1309,5,347,939,40654.84800000002,74,False,False
190,50,-213.87454325173104,132.8114147958479,1.0,CLIENT,7,2,100000,12,20,0,20542,20542,1360,7,352,999,20848.640000000007,74,False,False
190,51,108.04624805969056,36.63093479585058,1.0,CLIENT,7,2,100000,11,17,0,20544,20544,1364,6,352,1010,17721.344000000005,74,False,False
190,52,-306.39508563650526,-332.06090520427097,1.0,CLIENT,7,2,100000,8,12,0,20574,20587,1368,6,354,1010,12509.184000000003,74,False,False
190,53,325.4061524294191,-184.22794520417256,1.0,CLIENT,7,2,100000,11,19,0,20564,20566,1363,5,353,999,19806.208000000006,74,False,False
190,54,305.60295414490946,362.9098547954817,1.0,CLIENT,7,2,100000,10,16,0,20540,20582,1359,6,353,994,16678.912000000004,74,False,False
190,55,-199.2201765211151,125.13033479546635,1.0,CLIENT,7,2,100000,10,12,0,20547,20547,1369,6,354,1013,12509.184000000003,74,False,False
190,56,202.7055358594102,230.10509479540758,1.0,CLIENT,7,2,100000,11,11,0,20565,20565,1370,6,354,1007,11466.752000000002,74,False,False
190,57,-108.28388999903412,-465.5335852042407,1.0,CLIENT,7,2,100000,11,23,0,20545,20558,1356,4,353,990,23975.93600000001,74,False,False
190,58,332.7729421911959,-147.04706520471007,1.0,CLIENT,7,2,100000,11,20,0,20576,20578,1362,5,352,998,20848.640000000007,74,False,False
190,59,393.6083673209798,231.32961479547987,1.0,CLIENT,7,2,100000,10,16,0,20573,20598,1362,5,353,1005,16678.912000000004,74,False,False
190,60,467.03862655937195,72.92125479597956,1.0,CLIENT,7,2,100000,13,20,0,20534,20556,1357,6,352,989,20848.640000000007,74,False,False
190,61,-488.9805738187947,-52.8703452043996,1.0,CLIENT,7,2,100000,14,20,0,20557,20564,1363,4,352,998,20848.640000000007,74,False,False
190,62,360.5766325826722,-179.77514520434113,1.0,CLIENT,7,2,100000,10,8,0,20538,20553,1372,5,355,1011,8339.456,74,False,False
190,63,-12.594835888873453,313.8177347952441,1.0,CLIENT,7,2,100000,14,20,0,20559,20559,1361,6,352,995,20848.640000000007,74,False,False
190,64,1.0297645307385934,-242.3369852045829,1.0,CLIENT,7,2,100000,10,12,0,20542,20542,1369,6,354,1013,12509.184000000003,74,False,False
190,65,-486.6041900244735,-94.72666520471336,1.0,CLIENT,7,2,100000,15,26,0,20571,20583,1355,5,350,997,27103.23200000001,74,False,False
190,66,-487.63395633547736,410.8887747953659,1.0,CLIENT,7,2,100000,15,26,0,20404,20563,1339,6,350,969,27103.23200000001,74,False,False
190,67,-358.4378907276945,200.1600147958689,1.0,CLIENT,7,2,100000,12,9,0,20559,20562,1372,6,354,1000,9381.888,74,False,False
190,68,-438.44281179679825,402.87373479582754,1.0,CLIENT,7,2,100000,10,12,0,20520,20602,1363,4,354,993,12509.184000000003,74,False,False
190,69,-479.07897467682136,-431.91494520448515,1.0,CLIENT,7,2,100000,11,27,0,20213,20606,1325,5,350,958,28145.66400000001,74,False,False
190,70,-55.84502094203086,-31.830865204523775,1.0,CLIENT,7,2,100000,11,11,0,20538,20538,1370,6,354,1015,11466.752000000002,74,False,False
190,71,66.06346769691287,-199.81274520437353,1.0,CLIENT,7,2,100000,8,12,0,20562,20562,1369,6,354,1005,12509.184000000003,74,False,False
190,72,41.1906506514472,130.25105479598437,1.0,CLIENT,7,2,100000,10,10,0,20574,20574,1370,7,354,1007,10424.320000000002,74,False,False
190,73,-25.427308377420303,-171.76010520401178,1.0,CLIENT,7,2,100000,17,20,0,20533,20533,1362,5,352,1008,20848.640000000007,74,False,False
190,74,52.122016104424475,189.36197479544717,1.0,CLIENT,7,2,100000,12,16,0,20535,20535,1365,6,353,1002,16678.912000000004,74,False,False

191,0,207.69594182686572,-415.2169452047218,1.0,CLIENT,7,2,100000,13,16,0,20104,20113,1350,3,345,1003,16678.912000000004,74,False,False
191,1,-113.591147139366,-455.73742520445336,1.0,CLIENT,7,2,100000,15,16,0,20080,20094,1349,2,345,1002,16678.912000000004,74,False,False
191,2,-427.0361695850693,297.8989747958863,1.0,CLIENT,7,2,100000,11,11,0,20119,20137,1357,2,346,990,11466.752000000002,74,False,False
191,3,-442.2450258673745,-182.55814520443352,1.0,CLIENT,7,2,100000,12,28,0,20092,20122,1337,1,342,985,29188.096000000012,74,False,False
191,4,319.0691289786462,-203.70894520402828,1.0,CLIENT,7,2,100000,16,24,0,20092,20094,1342,4,343,986,25018.36800000001,74,False,False
191,5,-289.1266967327551,-224.63710520418516,1.0,CLIENT,7,2,100000,9,8,0,20097,20098,1360,2,347,999,8339.456,74,False,False
191,6,33.74464809673274,-384.3813052042677,1.0,CLIENT,7,2,100000,13,12,0,20090,20090,1355,3,346,996,12509.184000000003,74,False,False
191,7,94.50086043301617,-49.64206520464046,1.0,CLIENT,7,2,100000,18,26,0,20081,20081,1341,3,342,991,27103.23200000001,74,False,False
191,8,-173.23838037227074,93.84941479534547,1.0,CLIENT,7,2,100000,10,11,0,20098,20098,1357,2,346,1007,11466.752000000002,74,False,False
191,9,-286.7503129384338,-240.7785052045628,1.0,CLIENT,7,2,100000,16,21,0,20092,20097,1347,2,343,994,21891.072000000007,74,False,False
191,10,-452.46347618222427,162.53385479594868,1.0,CLIENT,7,2,100000,12,20,0,20113,20119,1347,3,344,995,20848.640000000007,74,False,False
191,11,38.10135171899841,-87.15690520405076,1.0,CLIENT,7,2,100000,14,12,0,20093,20093,1355,3,346,1009,12509.184000000003,74,False,False
191,12,466.3257114212445,361.90797479563827,1.0,CLIENT,7,2,100000,15,36,0,19923,20156,1307,2,340,946,37527.55200000002,74,False,False
191,13,-114.46248786393171,311.5913347953284,1.0,CLIENT,7,2,100000,17,20,0,20103,20103,1348,2,344,990,20848.640000000007,74,False,False
191,14,-476.38573971018656,-400.63402520436426,1.0,CLIENT,7,2,100000,14,16,0,19808,20088,1318,3,345,972,16678.912000000004,74,False,False
191,15,-339.5852459612511,-368.1285852041711,1.0,CLIENT,7,2,100000,9,9,0,20065,20116,1353,2,346,991,9381.888,74,False,False
191,16,382.9146402473784,-182.2241852044857,1.0,CLIENT,7,2,100000,15,28,0,20130,20130,1338,4,342,976,29188.096000000012,74,False,False
191,17,-109.15523072359983,-428.3527052039872,1.0,CLIENT,7,2,100000,13,8,0,20102,20108,1358,3,347,1003,8339.456,74,False,False
191,18,-476.38573971018656,296.3404947958662,1.0,CLIENT,7,2,100000,15,36,0,20080,20141,1324,2,340,971,37527.55200000002,74,False,False
191,19,-35.01205634708019,-340.74386520449593,1.0,CLIENT,7,2,100000,14,14,0,20093,20094,1353,3,345,1005,14594.048000000004,74,False,False
191,20,-125.2354277304708,-405.1981452047056,1.0,CLIENT,7,2,100000,10,8,0,20111,20114,1359,3,347,998,8339.456,74,False,False
191,21,469.81107431950727,-36.06102520412634,1.0,CLIENT,7,2,100000,17,24,0,20100,20116,1341,2,343,977,25018.36800000001,74,False,False
191,22,-352.1008672769216,273.1859347957936,1.0,CLIENT,7,2,100000,10,12,0,20129,20133,1356,2,346,999,12509.184000000003,74,False,False
191,23,-30.417714344875833,-139.69994520427633,1.0,CLIENT,7,2,100000,14,4,0,20074,20074,1362,4,348,1005,4169.728,74,False,False
191,24,-182.66470275549244,-49.97602520458827,1.0,CLIENT,7,2,100000,10,11,0,20087,20087,1355,4,346,1000,11466.752000000002,74,False,False
191,25,327.86174901667806,325.0610547953326,1.0,CLIENT,7,2,100000,12,16,0,20097,20129,1349,2,345,977,16678.912000000004,74,False,False
191,26,160.00984035794212,-65.78346520422713,1.0,CLIENT,7,2,100000,12,20,0,20115,20115,1347,3,344,1000,20848.640000000007,74,False,False
191,27,247.85682794757432,-205.15610520432944,1.0,CLIENT,7,2,100000,12,14,0,20126,20126,1352,4,345,991,14594.048000000004,74,False,False
191,28,-346.31833337783803,44.97993479533676,1.0,CLIENT,7,2,100000,17,27,0,20084,20084,1340,3,342,987,28145.66400000001,74,False,False
191,29,-147.65264818867755,-423.6772652047179,1.0,CLIENT,7,2,100000,12,37,0,20112,20124,1329,3,343,968,38569.98400000002,74,False,False
191,30,438.20516985745456,38.523374795818484,1.0,CLIENT,7,2,100000,10,22,0,20097,20104,1346,2,343,987,22933.504000000008,74,False,False
191,31,-357.0120604514394,19.042374795962758,1.0,CLIENT,7,2,100000,15,25,0,20106,20106,1342,3,342,985,26060.80000000001,74,False,False
191,32,-177.75350958097457,416.00949479588394,1.0,CLIENT,7,2,100000,12,19,0,20112,20115,1348,1,344,991,19806.208000000006,74,False,False
191,33,-279.77958714247103,487.9222147954553,1.0,CLIENT,7,2,100000,11,20,0,20119,20158,1348,2,344,984,20848.640000000007,74,False,False
191,34,144.40492010982285,-235.88042520427365,1.0,CLIENT,7,2,100000,12,12,0,20102,20102,1354,4,346,999,12509.184000000003,74,False,False
191,35,73.35104466518916,169.4356947959247,1.0,CLIENT,7,2,100000,9,12,0,20111,20111,1355,3,346,999,12509.184000000003,74,False,False
191,36,-34.061502829013975,287.99149479558906,1.0,CLIENT,7,2,100000,8,8,0,20123,20123,1360,2,347,1001,8339.456,74,False,False
191,37,299.18671790063604,-174.54310520410417,1.0,CLIENT,7,2,100000,14,16,0,20117,20117,1350,4,345,992,16678.912000000004,74,False,False
191,38,436.3832756153855,270.848214795368,1.0,CLIENT,7,2,100000,14,24,0,20051,20132,1341,2,343,975,25018.36800000001,74,False,False
191,39,-285.24526986867824,425.2490547954946,1.0,CLIENT,7,2,100000,17,31,0,20096,20119,1336,2,341,977,32315.392000000014,74,False,False
191,40,-308.13776708563665,-88.93802520429972,1.0,CLIENT,7,2,100000,13,16,0,20089,20089,1352,2,345,1001,16678.912000000004,74,False,False
191,41,201.8341951348445,-189.23734520418066,1.0,CLIENT,7,2,100000,12,16,0,20101,20101,1350,4,345,989,16678.912000000004,74,False,False
191,42,-35.72497148520772,392.52097479586354,1.0,CLIENT,7,2,100000,18,24,0,20097,20098,1344,2,343,984,25018.36800000001,74,False,False
191,43,-345.1301414809588,36.51961479534066,1.0,CLIENT,7,2,100000,16,19,0,20088,20088,1348,3,344,995,19806.208000000006,74,False,False
191,44,20.04083488362019,-238.99738520431384,1.0,CLIENT,7,2,100000,14,16,0,20090,20090,1350,4,345,1001,16678.912000000004,74,False,False
191,45,259.10504457342796,230.66169479558425,1.0,CLIENT,7,2,100000,18,35,0,20104,20108,1333,2,340,974,36485.12000000002,74,False,False
191,46,-270.98696710387634,37.85545479592287,1.0,CLIENT,7,2,100000,12,12,0,20091,20091,1355,3,346,1008,12509.184000000003,74,False,False
191,47,-369.7653201464858,205.05809479536708,1.0,CLIENT,7,2,100000,15,31,0,20112,20115,1335,2,341,980,32315.392000000014,74,False,False
191,48,343.0706052989833,-446.4978652040517,1.0,CLIENT,7,2,100000,11,21,0,20053,20140,1337,4,344,972,21891.072000000007,74,False,False
191,49,-66.22189684331877,-454.8468652043289,1.0,CLIENT,7,2,100000,16,27,0,20083,20089,1339,3,342,986,28145.66400000001,74,False,False
191,50,-267.1847530333,83.05137479571471,1.0,CLIENT,7,2,100000,12,20,0,20106,20106,1348,2,344,995,20848.640000000007,74,False,False
191,51,201.67576954840632,-177.43742520470647,1.0,CLIENT,7,2,100000,12,21,0,20112,20112,1347,3,344,998,21891.072000000007,74,False,False
191,52,-358.4378907276945,320.2742947955534,1.0,CLIENT,7,2,100000,8,12,0,20128,20139,1353,3,346,989,12509.184000000003,74,False,False
191,53,476.0688849773425,325.0610547953326,1.0,CLIENT,7,2,100000,11,17,0,19969,20156,1341,2,345,972,17721.344000000005,74,False,False
191,54,-123.41353348840173,211.4033347959574,1.0,CLIENT,7,2,100000,10,16,0,20122,20122,1352,2,345,990,16678.912000000004,74,False,False
191,55,388.6179613535244,476.0109747954712,1.0,CLIENT,7,2,100000,10,24,0,19853,20160,1323,1,343,948,25018.36800000001,74,False,False
191,56,226.15252262805797,-139.36598520432852,1.0,CLIENT,7,2,100000,11,12,0,20127,20127,1355,3,346,999,12509.184000000003,74,False,False
191,57,-420.5407205478582,-8.11970520427451,1.0,CLIENT,7,2,100000,11,17,0,20138,20143,1350,3,344,991,17721.344000000005,74,False,False
191,58,-342.2784809278858,-476.10898520443357,1.0,CLIENT,7,2,100000,11,28,0,20010,20167,1316,3,342,963,29188.096000000012,74,False,False
191,59,2.138743634680138,-464.75434520462613,1.0,CLIENT,7,2,100000,10,8,0,20109,20115,1359,3,347,997,8339.456,74,False,False
191,60,107.65018409387653,164.09233479596878,1.0,CLIENT,7,2,100000,13,16,0,20092,20093,1351,2,345,994,16678.912000000004,74,False,False
191,61,-91.72841623341147,5.1273747955008275,1.0,CLIENT,7,2,100000,14,12,0,20081,20081,1356,2,346,1000,12509.184000000003,74,False,False
191,62,214.6666676228285,-274.73110520426616,1.0,CLIENT,7,2,100000,10,8,0,20121,20122,1358,4,347,994,8339.456,74,False,False
191,63,-365.25019093778195,186.13369479568803,1.0,CLIENT,7,2,100000,14,20,0,20124,20124,1347,3,344,997,20848.640000000007,74,False,False
191,64,-456.5033286321764,-394.95670520446055,1.0,CLIENT,7,2,100000,10,22,0,19908,20134,1319,2,344,958,22933.504000000008,74,False,False
191,65,-333.64428647572936,-233.8766652045868,1.0,CLIENT,7,2,100000,16,21,0,20106,20113,1347,2,343,988,21891.072000000007,74,False,False
191,66,270.03641002640524,162.8678147958965,1.0,CLIENT,7,2,100000,16,22,0,20101,20103,1344,3,343,986,22933.504000000008,74,False,False
191,67,-472.8211640189861,141.49437479528189,1.0,CLIENT,7,2,100000,12,12,0,20115,20123,1355,3,345,991,12509.184000000003,74,False,False
191,68,437.729893098703,196.9317347953188,1.0,CLIENT,7,2,100000,10,12,0,20132,20158,1354,2,346,980,12509.184000000003,74,False,False
191,69,-96.95646058024283,-279.74050520427426,1.0,CLIENT,7,2,100000,11,20,0,20115,20115,1347,3,344,1003,20848.640000000007,74,False,False
191,70,56.003442968501304,-61.441985204114644,1.0,CLIENT,7,2,100000,11,16,0,20116,20116,1351,3,345,1001,16678.912000000004,74,False,False
191,71,-146.93973305055002,91.177734795763,1.0,CLIENT,7,2,100000,9,12,0,20111,20111,1356,2,346,999,12509.184000000003,74,False,False
191,72,48.24058924091049,-165.3035452044935,1.0,CLIENT,7,2,100000,10,5,0,20103,20103,1361,4,347,1001,5212.16,74,False,False
191,73,426.87774043866335,-343.1929052046405,1.0,CLIENT,7,2,100000,17,27,0,20026,20118,1332,4,342,971,28145.66400000001,74,False,False
191,74,-44.99286828199125,-111.4246652044767,1.0,CLIENT,7,2,100000,12,20,0,20104,20104,1346,4,344,990,20848.640000000007,74,False,False

192,0,-182.8231283419306,336.415694795931,1.0,CLIENT,7,2,100000,13,13,0,20107,20114,1367,9,348,1009,13551.616000000004,74,False,False
192,1,-233.28167757042664,99.19277479530137,1.0,CLIENT,7,2,100000,15,11,0,20085,20085,1371,8,349,1013,11466.752000000002,74,False,False
192,2,-47.60689045568836,-185.56378520475477,1.0,CLIENT,7,2,100000,11,4,0,20118,20118,1378,8,351,1019,4169.728,74,False,False
192,3,-65.35055611875308,-453.9563052042044,1.0,CLIENT,7,2,100000,12,28,0,20122,20127,1353,8,345,996,29188.096000000012,74,False,False
192,4,-52.51808363020622,90.39849479535746,1.0,CLIENT,7,2,100000,16,24,0,20099,20099,1356,10,346,1004,25018.36800000001,74,False,False
192,5,-182.8231283419306,347.2137347955618,1.0,CLIENT,7,2,100000,9,12,0,20133,20138,1371,7,349,1005,12509.184000000003,74,False,False
192,6,-316.613535951355,176.0035747959529,1.0,CLIENT,7,2,100000,13,20,0,20126,20129,1360,9,347,1005,20848.640000000007,74,False,False
192,7,-158.90086481396833,-438.3715052040034,1.0,CLIENT,7,2,100000,18,24,0,20089,20096,1360,6,346,999,25018.36800000001,74,False,False
192,8,-84.282413678697,116.78133479598017,1.0,CLIENT,7,2,100000,10,12,0,20128,20128,1368,10,349,1014,12509.184000000003,74,False,False
192,9,-183.6944690664963,-430.1338252042362,1.0,CLIENT,7,2,100000,16,21,0,20100,20109,1357,8,347,996,21891.072000000007,74,False,False
192,10,-433.45240582934264,-102.74170520425173,1.0,CLIENT,7,2,100000,12,20,0,20119,20125,1364,6,347,1007,20848.640000000007,74,False,False
192,11,-394.71734998488915,4.236814795376347,1.0,CLIENT,7,2,100000,14,12,0,20111,20113,1371,6,349,1018,12509.184000000003,74,False,False
192,12,452.4634726222565,1.0085347956172086,1.0,CLIENT,7,2,100000,15,24,0,20082,20109,1358,6,346,1004,25018.36800000001,74,False,False
192,13,68.4398514906713,282.5368147959142,1.0,CLIENT,7,2,100000,16,17,0,20111,20111,1364,9,347,1013,17721.344000000005,74,False,False
192,14,-10.45609047392803,-21.14414520461196,1.0,CLIENT,7,2,100000,14,11,0,20102,20102,1368,11,349,1006,11466.752000000002,74,False,False
192,15,79.92570649590076,41.75165479557762,1.0,CLIENT,7,2,100000,9,12,0,20133,20133,1367,11,349,1013,12509.184000000003,74,False,False
192,16,-342.35769372082353,-333.8420252045199,1.0,CLIENT,7,2,100000,15,20,0,20080,20098,1361,8,347,996,20848.640000000007,74,False,False
192,17,-50.61697659519948,17.37257479543274,1.0,CLIENT,7,2,100000,13,8,0,20083,20083,1371,11,350,1018,8339.456,74,False,False
192,18,-488.3468714736049,423.57925479575556,1.0,CLIENT,7,2,100000,15,38,0,19485,20105,1288,8,343,932,39612.41600000002,74,False,False
192,19,-483.59410388552516,-425.4583852041759,1.0,CLIENT,7,2,100000,14,20,0,20009,20144,1341,6,347,968,20848.640000000007,74,False,False
192,20,91.72841267344373,-415.1056252042119,1.0,CLIENT,7,2,100000,10,8,0,20111,20121,1374,7,350,1020,8339.456,74,False,False
192,21,-314.5540033299101,346.3231747954373,1.0,CLIENT,7,2,100000,16,21,0,20073,20121,1355,9,346,1002,21891.072000000007,74,False,False
192,22,48.6366532067245,17.929174795609413,1.0,CLIENT,7,2,100000,9,12,0,20113,20113,1366,12,349,1012,12509.184000000003,74,False,False
192,23,-211.97343621616145,375.93429479581914,1.0,CLIENT,7,2,100000,14,8,0,20101,20121,1372,9,350,1007,8339.456,74,False,False
192,24,280.9677754793825,177.45073479546306,1.0,CLIENT,7,2,100000,10,13,0,20158,20159,1369,8,349,1002,13551.616000000004,74,False,False
192,25,-189.95227972433156,-365.4569052045886,1.0,CLIENT,7,2,100000,11,8,0,20108,20111,1376,6,350,1021,8339.456,74,False,False
192,26,-347.5065252747172,-124.67174520425203,1.0,CLIENT,7,2,100000,12,18,0,20099,20099,1366,6,347,1015,18763.776000000005,74,False,False
192,27,410.243053880103,-42.07230520476884,1.0,CLIENT,7,2,100000,12,14,0,20132,20140,1370,6,348,997,14594.048000000004,74,False,False
192,28,436.30406282244786,-187.79018520467048,1.0,CLIENT,7,2,100000,17,34,0,20063,20128,1338,7,343,985,35442.68800000002,74,False,False
192,29,-167.53505926612485,-343.4155452040784,1.0,CLIENT,7,2,100000,12,20,0,20130,20130,1363,7,347,1009,20848.640000000007,74,False,False
192,30,251.65904201815064,367.47397479582304,1.0,CLIENT,7,2,100000,10,32,0,20141,20171,1349,8,344,985,33357.824000000015,74,False,False
192,31,-165.31710105824175,-104.07754520404296,1.0,CLIENT,7,2,100000,15,25,0,20096,20096,1356,9,345,1005,26060.80000000001,74,False,False
192,32,174.98105826087158,146.05849479562323,1.0,CLIENT,7,2,100000,12,17,0,20136,20136,1364,9,347,1012,17721.344000000005,74,False,False
192,33,-247.69840592166673,191.365734795925,1.0,CLIENT,7,2,100000,11,13,0,20114,20114,1368,9,348,1012,13551.616000000004,74,False,False
192,34,49.4287811377897,481.2430147957082,1.0,CLIENT,7,2,100000,12,16,0,20152,20176,1368,6,348,993,16678.912000000004,74,False,False
192,35,-18.37736978795702,-166.75070520400368,1.0,CLIENT,7,2,100000,9,12,0,20117,20117,1369,9,349,1011,12509.184000000003,74,False,False
192,36,499.19902057367676,-217.06734520431354,1.0,CLIENT,7,2,100000,8,10,0,19961,20169,1345,7,350,975,10424.320000000002,74,False,False
192,37,-475.35597339918263,186.13369479568803,1.0,CLIENT,7,2,100000,14,20,0,20072,20152,1355,6,347,998,20848.640000000007,74,False,False
192,38,41.90356578957473,493.37689479592115,1.0,CLIENT,7,2,100000,14,22,0,20095,20130,1355,8,346,1003,22933.504000000008,74,False,False
192,39,-170.7035709915113,271.7387747954925,1.0,CLIENT,7,2,100000,17,24,0,20110,20111,1358,8,345,1004,25018.36800000001,74,False,False
192,40,-197.63592065842187,141.8283347952297,1.0,CLIENT,7,2,100000,12,16,0,20134,20134,1365,9,348,1004,16678.912000000004,74,False,False
192,41,473.5340755971459,-390.3925852041192,1.0,CLIENT,7,2,100000,12,27,0,19711,20125,1305,6,343,950,28145.66400000001,74,False,False
192,42,428.9372730606711,-368.4625452041189,1.0,CLIENT,7,2,100000,18,25,0,19822,20105,1313,6,346,946,26060.80000000001,74,False,False
192,43,126.42361606794513,136.37365479555484,1.0,CLIENT,7,2,100000,16,17,0,20118,20118,1365,8,347,1008,17721.344000000005,74,False,False
192,44,-343.3874600318274,-277.9593852040253,1.0,CLIENT,7,2,100000,14,29,0,20121,20130,1352,8,344,1002,30230.528000000013,74,False,False
192,45,261.0853644019352,-285.97442520435465,1.0,CLIENT,7,2,100000,17,36,0,20098,20113,1344,8,343,992,37527.55200000002,74,False,False
192,46,413.49077839842715,-468.87318520450975,1.0,CLIENT,7,2,100000,12,28,0,19637,20106,1304,6,346,931,29188.096000000012,74,False,False
192,47,97.74858495190314,-427.016865204196,1.0,CLIENT,7,2,100000,15,23,0,20087,20105,1357,6,346,1004,23975.93600000001,74,False,False
192,48,301.6423144884578,-425.68102520440476,1.0,CLIENT,7,2,100000,11,23,0,19993,20151,1338,8,346,976,23975.93600000001,74,False,False
192,49,-211.02288269865807,-353.7683052040424,1.0,CLIENT,7,2,100000,16,31,0,20130,20132,1351,8,344,992,32315.392000000014,74,False,False
192,50,-474.4054198816793,459.3129747957079,1.0,CLIENT,7,2,100000,12,24,0,19438,20120,1294,7,345,935,25018.36800000001,74,False,False
192,51,-64.16236422131102,-491.2485052041768,1.0,CLIENT,7,2,100000,11,24,0,20121,20141,1353,7,346,1001,25018.36800000001,74,False,False
192,52,-379.7461320819597,-366.6814252046609,1.0,CLIENT,7,2,100000,8,8,0,20099,20134,1371,8,350,1006,8339.456,74,False,False
192,53,-313.76187539828203,181.12429479567993,1.0,CLIENT,7,2,100000,11,16,0,20150,20152,1365,9,348,1010,16678.912000000004,74,False,False
192,54,-213.9537560446687,-48.08358520462036,1.0,CLIENT,7,2,100000,10,12,0,20114,20114,1371,7,349,1004,12509.184000000003,74,False,False
192,55,-395.5094779165172,-104.07754520404296,1.0,CLIENT,7,2,100000,10,14,0,20131,20132,1369,7,348,1014,14594.048000000004,74,False,False
192,56,-478.8413362974455,356.56461479568236,1.0,CLIENT,7,2,100000,11,22,0,19825,20168,1320,9,347,945,22933.504000000008,74,False,False
192,57,-305.84059608425304,-199.70142520465458,1.0,CLIENT,7,2,100000,11,13,0,20140,20142,1370,7,348,998,13551.616000000004,74,False,False
192,58,-354.87331503649403,-266.4934252044989,1.0,CLIENT,7,2,100000,11,16,0,20134,20138,1365,8,348,1012,16678.912000000004,74,False,False
192,59,-38.18056807246665,-351.3192652046888,1.0,CLIENT,7,2,100000,10,8,0,20119,20119,1374,8,350,1013,8339.456,74,False,False
192,60,431.70972082024355,431.37165479585605,1.0,CLIENT,7,2,100000,13,30,0,19865,20154,1327,7,345,952,31272.960000000014,74,False,False
192,61,-410.95597257819827,-447.9450252043529,1.0,CLIENT,7,2,100000,14,31,0,20071,20158,1339,7,345,970,32315.392000000014,74,False,False
192,62,322.07921511759446,125.35297479569522,1.0,CLIENT,7,2,100000,10,8,0,20132,20133,1375,7,350,1017,8339.456,74,False,False
192,63,-117.23493562350414,-182.11286520476676,1.0,CLIENT,7,2,100000,14,16,0,20110,20110,1365,9,348,1014,16678.912000000004,74,False,False
192,64,-398.9156280212795,132.4774547959001,1.0,CLIENT,7,2,100000,10,12,0,20118,20129,1369,7,349,1013,12509.184000000003,74,False,False
192,65,-302.9097227382424,137.4868547959082,1.0,CLIENT,7,2,100000,15,16,0,20094,20095,1368,6,348,1002,16678.912000000004,74,False,False
192,66,370.0821677593944,-349.9834252041066,1.0,CLIENT,7,2,100000,15,28,0,19988,20132,1341,8,345,982,29188.096000000012,74,False,False
192,67,-5.861748472286517,-58.10238520463656,1.0,CLIENT,7,2,100000,12,6,0,20109,20109,1373,11,350,1018,6254.592,74,False,False
192,68,-138.46396418483167,76.59481479540545,1.0,CLIENT,7,2,100000,10,8,0,20115,20115,1373,9,350,1013,8339.456,74,False,False
192,69,301.3254633155815,56.557214795373056,1.0,CLIENT,7,2,100000,11,20,0,20130,20130,1363,7,347,1010,20848.640000000007,74,False,False
192,70,-349.16999393091095,-292.4309852046639,1.0,CLIENT,7,2,100000,11,16,0,20121,20129,1366,8,348,1001,16678.912000000004,74,False,False
192,71,-486.28733885215996,389.1813747955945,1.0,CLIENT,7,2,100000,9,23,0,19646,20123,1317,7,348,948,23975.93600000001,74,False,False
192,72,465.2167323173029,-371.5795052041591,1.0,CLIENT,7,2,100000,10,18,0,19750,20140,1317,8,345,960,18763.776000000005,74,False,False
192,73,143.2959410058813,295.004654795284,1.0,CLIENT,7,2,100000,17,24,0,20114,20115,1358,8,346,1007,25018.36800000001,74,False,False
192,74,285.79975586039984,-367.5719852039944,1.0,CLIENT,7,2,100000,12,24,0,20081,20147,1348,8,346,994,25018.36800000001,74,False,False

193,0,-176.01082813184317,-154.83946520401958,1.0,CLIENT,7,2,100000,13,16,0,20333,20333,1364,9,348,997,16678.912000000004,74,False,False
193,1,-287.70086645593716,-279.9631452045031,1.0,CLIENT,7,2,100000,15,21,0,20319,20349,1355,9,346,982,21891.072000000007,74,False,False
193,2,-264.33309248022704,-323.377945204046,1.0,CLIENT,7,2,100000,11,6,0,20310,20346,1373,9,351,1001,6254.592,74,False,False
193,3,384.9741728688233,-28.71390520448358,1.0,CLIENT,7,2,100000,12,28,0,20337,20343,1354,6,345,987,29188.096000000012,74,False,False
193,4,342.8329669196075,398.3096147954862,1.0,CLIENT,7,2,100000,16,28,0,20324,20351,1351,9,345,999,29188.096000000012,74,False,False
193,5,-138.22632580545584,-259.1463052040652,1.0,CLIENT,7,2,100000,9,12,0,20357,20358,1368,8,349,1000,12509.184000000003,74,False,False
193,6,-239.30184984888604,165.42817479576001,1.0,CLIENT,7,2,100000,13,20,0,20337,20337,1363,6,347,1006,20848.640000000007,74,False,False
193,7,-67.96457829188734,101.41917479600806,1.0,CLIENT,7,2,100000,18,20,0,20292,20292,1361,8,347,1012,20848.640000000007,74,False,False
193,8,323.980322153164,-361.5607052041429,1.0,CLIENT,7,2,100000,10,21,0,20283,20358,1351,4,347,995,21891.072000000007,74,False,False
193,9,-23.92226530766474,-122.55666520405526,1.0,CLIENT,7,2,100000,15,15,0,20305,20305,1368,6,348,1013,15636.480000000005,74,False,False
193,10,324.6140244983539,349.99673479565416,1.0,CLIENT,7,2,100000,12,20,0,20345,20358,1361,7,347,1004,20848.640000000007,74,False,False
193,11,408.89643639678565,-430.35646520446505,1.0,CLIENT,7,2,100000,14,25,0,20003,20355,1326,3,346,962,26060.80000000001,74,False,False
193,12,63.3702327302781,-440.5979052047101,1.0,CLIENT,7,2,100000,15,28,0,20312,20340,1352,5,345,995,29188.096000000012,74,False,False
193,13,-90.46101154303174,-116.99066520466147,1.0,CLIENT,7,2,100000,16,18,0,20329,20329,1364,7,347,1012,18763.776000000005,74,False,False
193,14,-446.7601550766412,391.741734795458,1.0,CLIENT,7,2,100000,14,21,0,20164,20348,1334,5,346,968,21891.072000000007,74,False,False
193,15,209.12177210312078,-424.4565052043325,1.0,CLIENT,7,2,100000,9,17,0,20295,20376,1361,4,348,996,17721.344000000005,74,False,False
193,16,-488.74293543941883,416.56609479526963,1.0,CLIENT,7,2,100000,15,38,0,20008,20354,1297,5,343,926,39612.41600000002,74,False,False
193,17,120.40344378948572,26.946094795782187,1.0,CLIENT,7,2,100000,13,8,0,20319,20319,1375,6,350,1018,8339.456,74,False,False
193,18,-183.29840510068232,-404.1962652040712,1.0,CLIENT,7,2,100000,15,26,0,20283,20332,1349,7,345,993,27103.23200000001,74,False,False
193,19,286.75030937846606,378.2720147954538,1.0,CLIENT,7,2,100000,13,16,0,20321,20334,1365,8,348,1005,16678.912000000004,74,False,False
193,20,317.8017242882665,24.385734795918665,1.0,CLIENT,7,2,100000,10,9,0,20344,20345,1374,6,349,1017,9381.888,74,False,False
193,21,98.6991384694065,-270.8349052046114,1.0,CLIENT,7,2,100000,16,20,0,20313,20313,1363,6,347,1010,20848.640000000007,74,False,False
193,22,221.1621166600396,262.94449479554856,1.0,CLIENT,7,2,100000,10,12,0,20340,20340,1368,9,349,1016,12509.184000000003,74,False,False
193,23,243.42091153180814,-17.35926520467615,1.0,CLIENT,7,2,100000,14,4,0,20321,20321,1380,5,351,1028,4169.728,74,False,False
193,24,447.1562154819246,376.15693479525703,1.0,CLIENT,7,2,100000,10,12,0,20314,20364,1364,7,349,994,12509.184000000003,74,False,False
193,25,-382.9938566008467,283.2047347958098,1.0,CLIENT,7,2,100000,12,12,0,20311,20344,1366,6,349,1009,12509.184000000003,74,False,False
193,26,-197.71513345135955,273.0746147952837,1.0,CLIENT,7,2,100000,12,20,0,20334,20334,1363,6,347,1012,20848.640000000007,74,False,False
193,27,489.5350598105164,443.17157479533023,1.0,CLIENT,7,2,100000,12,23,0,20238,20372,1342,7,347,978,23975.93600000001,74,False,False
193,28,422.1249728505836,493.4882147956401,1.0,CLIENT,7,2,100000,17,36,0,20235,20357,1334,8,343,981,37527.55200000002,74,False,False
193,29,263.1448970233801,-304.78750520431475,1.0,CLIENT,7,2,100000,12,20,0,20316,20341,1361,6,347,1001,20848.640000000007,74,False,False
193,30,-351.86322889754575,379.60785479524503,1.0,CLIENT,7,2,100000,10,28,0,20286,20363,1344,5,345,984,29188.096000000012,74,False,False
193,31,473.3756500107078,397.9756547955384,1.0,CLIENT,7,2,100000,15,35,0,20254,20348,1338,6,343,977,36485.12000000002,74,False,False
193,32,476.30652335671834,-142.81690520431653,1.0,CLIENT,7,2,100000,12,28,0,20291,20371,1346,4,345,982,29188.096000000012,74,False,False
193,33,-161.6733125741036,-366.570105204151,1.0,CLIENT,7,2,100000,11,19,0,20334,20353,1359,7,347,1002,19806.208000000006,74,False,False
193,34,190.5067657160532,255.263414795958,1.0,CLIENT,7,2,100000,12,12,0,20339,20339,1369,8,349,1010,12509.184000000003,74,False,False
193,35,-188.051172688762,-303.1177052045757,1.0,CLIENT,7,2,100000,9,12,0,20350,20357,1368,9,349,1005,12509.184000000003,74,False,False
193,36,377.68659590054705,335.19117479585873,1.0,CLIENT,7,2,100000,8,8,0,20367,20378,1373,7,350,1008,8339.456,74,False,False
193,37,-496.58500195994736,480.0184947956359,1.0,CLIENT,7,2,100000,14,24,0,19762,20300,1298,2,345,936,25018.36800000001,74,False,False
193,38,-162.70307888454465,60.45341479581879,1.0,CLIENT,7,2,100000,14,16,0,20305,20305,1367,6,348,1007,16678.912000000004,74,False,False
193,39,86.57958111955003,-325.8269852041906,1.0,CLIENT,7,2,100000,17,26,0,20319,20322,1356,6,345,1005,27103.23200000001,74,False,False
193,40,-349.4076323102868,-112.87182520398687,1.0,CLIENT,7,2,100000,13,16,0,20334,20338,1364,7,348,1003,16678.912000000004,74,False,False
193,41,-97.90701409830905,-356.10602520446804,1.0,CLIENT,7,2,100000,12,20,0,20339,20346,1362,6,347,1003,20848.640000000007,74,False,False
193,42,279.7795835819404,32.289454795738095,1.0,CLIENT,7,2,100000,17,20,0,20301,20301,1363,6,347,1010,20848.640000000007,74,False,False
193,43,-19.64477447833674,25.832894795428842,1.0,CLIENT,7,2,100000,16,14,0,20300,20300,1366,9,347,1008,14594.048000000004,74,False,False
193,44,-236.0541253299991,368.69849479589533,1.0,CLIENT,7,2,100000,14,21,0,20317,20326,1361,6,346,1007,21891.072000000007,74,False,False
193,45,-312.5736835014028,365.35889479562627,1.0,CLIENT,7,2,100000,18,38,0,20292,20333,1340,4,343,982,39612.41600000002,74,False,False
193,46,-258.3921329952681,273.7425347959703,1.0,CLIENT,7,2,100000,12,12,0,20330,20332,1372,5,349,1008,12509.184000000003,74,False,False
193,47,89.58966725849831,181.12429479567993,1.0,CLIENT,7,2,100000,15,20,0,20308,20308,1361,8,347,1013,20848.640000000007,74,False,False
193,48,-69.54883415514341,496.0485747955036,1.0,CLIENT,7,2,100000,11,16,0,20333,20351,1363,6,348,1008,16678.912000000004,74,False,False
193,49,491.91144360483764,-313.24782520431086,1.0,CLIENT,7,2,100000,16,36,0,20026,20334,1304,3,341,950,37527.55200000002,74,False,False
193,50,-76.12349598529217,-278.2933452047641,1.0,CLIENT,7,2,100000,12,20,0,20336,20336,1362,7,347,994,20848.640000000007,74,False,False
193,51,30.02164681909409,156.18861479535838,1.0,CLIENT,7,2,100000,11,20,0,20334,20334,1361,8,347,1002,20848.640000000007,74,False,False
193,52,-339.5060331683134,63.79301479529687,1.0,CLIENT,7,2,100000,8,12,0,20370,20370,1371,6,349,1010,12509.184000000003,74,False,False
193,53,-331.0302643020322,46.64973479586678,1.0,CLIENT,7,2,100000,11,12,0,20329,20329,1372,5,349,1020,12509.184000000003,74,False,False
193,54,-124.52251259234328,73.81181479531307,1.0,CLIENT,7,2,100000,10,16,0,20339,20339,1366,7,348,1015,16678.912000000004,74,False,False
193,55,-52.43887083726855,396.0832147955705,1.0,CLIENT,7,2,100000,10,16,0,20350,20350,1367,6,348,1005,16678.912000000004,74,False,False
193,56,-60.67700132361105,383.50405479569076,1.0,CLIENT,7,2,100000,10,10,0,20340,20341,1374,5,349,1011,10424.320000000002,74,False,False
193,57,13.149321880595076,-143.48482520421214,1.0,CLIENT,7,2,100000,11,13,0,20347,20347,1371,5,348,1019,13551.616000000004,74,False,False
193,58,395.826325528863,-458.6317452042647,1.0,CLIENT,7,2,100000,11,33,0,19956,20366,1312,4,344,948,34400.256000000016,74,False,False
193,59,-179.17933985722962,365.6928547955741,1.0,CLIENT,7,2,100000,10,8,0,20346,20349,1376,5,350,1016,8339.456,74,False,False
193,60,-244.05461743696574,354.7834947954334,1.0,CLIENT,7,2,100000,13,20,0,20317,20336,1361,6,347,995,20848.640000000007,74,False,False
193,61,-14.020666165128507,55.11005479586288,1.0,CLIENT,7,2,100000,14,12,0,20308,20308,1368,9,349,1014,12509.184000000003,74,False,False
193,62,22.575644264379626,1.0085347956172086,1.0,CLIENT,7,2,100000,10,8,0,20329,20329,1375,6,350,1022,8339.456,74,False,False
193,63,346.3183298178703,231.21829479576093,1.0,CLIENT,7,2,100000,14,20,0,20335,20339,1362,6,347,1002,20848.640000000007,74,False,False
193,64,167.2182045338436,156.74521479553505,1.0,CLIENT,7,2,100000,10,12,0,20319,20320,1370,6,349,1010,12509.184000000003,74,False,False
193,65,-466.08807660183635,116.67001479547025,1.0,CLIENT,7,2,100000,15,23,0,20321,20345,1355,6,346,995,23975.93600000001,74,False,False
193,66,240.80688935867389,307.4724947954448,1.0,CLIENT,7,2,100000,15,18,0,20313,20314,1363,8,347,1004,18763.776000000005,74,False,False
193,67,400.895944289819,472.44873479576427,1.0,CLIENT,7,2,100000,12,14,0,20285,20389,1355,8,348,982,14594.048000000004,74,False,False
193,68,-236.76704046868946,-213.39378520409667,1.0,CLIENT,7,2,100000,10,14,0,20337,20340,1366,9,350,994,14594.048000000004,74,False,False
193,69,53.07256962192785,-172.42802520469837,1.0,CLIENT,7,2,100000,11,18,0,20319,20319,1366,5,347,1012,18763.776000000005,74,False,False
193,70,-256.8078771325749,249.5860947952633,1.0,CLIENT,7,2,100000,11,16,0,20348,20349,1367,6,348,1011,16678.912000000004,74,False,False
193,71,-241.1237440909551,-17.02530520472834,1.0,CLIENT,7,2,100000,8,12,0,20344,20344,1371,6,349,1015,12509.184000000003,74,False,False
193,72,-127.92866269710558,121.12281479530168,1.0,CLIENT,7,2,100000,10,6,0,20337,20337,1375,8,350,1019,6254.592,74,False,False
193,73,158.7424356675624,27.50269479595886,1.0,CLIENT,7,2,100000,17,19,0,20303,20303,1365,5,347,1011,19806.208000000006,74,False,False
193,74,-388.85560329286784,-433.80738520445306,1.0,CLIENT,7,2,100000,12,25,0,19923,20361,1306,10,344,931,26060.80000000001,74,False,False

194,0,218.3104561075295,-293.6555052047362,1.0,CLIENT,7,2,100000,13,13,0,20429,20430,1363,4,351,1002,13551.616000000004,74,False,False
194,1,-374.5180877351283,17.37257479543274,1.0,CLIENT,7,2,100000,15,16,0,20425,20431,1360,4,351,1001,16678.912000000004,74,False,False
194,2,482.2474828422401,274.52177479558486,1.0,CLIENT,7,2,100000,11,16,0,20440,20496,1355,7,351,983,16678.912000000004,74,False,False
194,3,-318.19779181404823,273.9651747954082,1.0,CLIENT,7,2,100000,12,28,0,20419,20454,1345,4,348,988,29188.096000000012,74,False,False
194,4,37.94292613312308,-91.7210252043921,1.0,CLIENT,7,2,100000,16,24,0,20414,20414,1350,6,349,990,25018.36800000001,74,False,False
194,5,434.4029557868783,-10.680065204138032,1.0,CLIENT,7,2,100000,9,12,0,20467,20472,1362,4,352,1005,12509.184000000003,74,False,False
194,6,-465.85043822246047,249.5860947952633,1.0,CLIENT,7,2,100000,13,21,0,20268,20443,1333,4,350,979,21891.072000000007,74,False,False
194,7,-8.475770645983625,304.8008147958623,1.0,CLIENT,7,2,100000,18,21,0,20407,20407,1355,4,349,1001,21891.072000000007,74,False,False
194,8,83.41106939416356,457.30921479523005,1.0,CLIENT,7,2,100000,10,16,0,20447,20456,1359,5,351,996,16678.912000000004,74,False,False
194,9,-146.38524349829783,-152.94702520405167,1.0,CLIENT,7,2,100000,16,13,0,20404,20404,1360,7,351,1002,13551.616000000004,74,False,False
194,10,-229.40025070691266,-11.236665204314704,1.0,CLIENT,7,2,100000,12,17,0,20440,20440,1359,4,350,996,17721.344000000005,74,False,False
194,11,-401.450437401476,113.55305479543006,1.0,CLIENT,7,2,100000,14,12,0,20411,20430,1362,4,352,1007,12509.184000000003,74,False,False
194,12,-490.01034012979864,311.8139747955573,1.0,CLIENT,7,2,100000,15,31,0,20101,20422,1316,1,348,958,32315.392000000014,74,False,False
194,13,3.1685099456840153,-68.78910520454838,1.0,CLIENT,7,2,100000,17,12,0,20386,20386,1360,8,352,999,12509.184000000003,74,False,False
194,14,441.76974554865507,294.22541479566945,1.0,CLIENT,7,2,100000,14,19,0,20435,20464,1354,5,350,993,19806.208000000006,74,False,False
194,15,462.44428455773044,347.10241479584283,1.0,CLIENT,7,2,100000,9,22,0,20410,20498,1344,8,351,967,22933.504000000008,74,False,False
194,16,236.60861132228354,-480.561785204265,1.0,CLIENT,7,2,100000,15,28,0,20379,20459,1344,4,348,988,29188.096000000012,74,False,False
194,17,252.29274436334052,417.7906147953419,1.0,CLIENT,7,2,100000,13,12,0,20448,20459,1357,8,352,982,12509.184000000003,74,False,False
194,18,274.7891776144849,52.54969479599936,1.0,CLIENT,7,2,100000,15,23,0,20429,20429,1353,4,349,998,23975.93600000001,74,False,False
194,19,-319.4651965044279,411.1114147955948,1.0,CLIENT,7,2,100000,14,27,0,20289,20451,1328,3,350,965,28145.66400000001,74,False,False
194,20,-178.4664247191021,485.25053479587285,1.0,CLIENT,7,2,100000,10,12,0,20314,20451,1342,4,352,978,12509.184000000003,74,False,False
194,21,316.7719579772626,-418.44522520448095,1.0,CLIENT,7,2,100000,17,22,0,20350,20438,1347,4,349,975,22933.504000000008,74,False,False
194,22,-364.8541269719679,110.77005479533767,1.0,CLIENT,7,2,100000,10,12,0,20436,20450,1363,4,352,1009,12509.184000000003,74,False,False
194,23,343.30824367835913,186.80161479558365,1.0,CLIENT,7,2,100000,14,8,0,20453,20455,1365,7,353,996,8339.456,74,False,False
194,24,-238.43050912432034,-333.28542520434326,1.0,CLIENT,7,2,100000,10,12,0,20448,20450,1361,7,352,997,12509.184000000003,74,False,False
194,25,-219.57786435787693,-148.0489452045535,1.0,CLIENT,7,2,100000,12,8,0,20430,20430,1366,6,353,1002,8339.456,74,False,False
194,26,30.576136371346283,217.19197479558005,1.0,CLIENT,7,2,100000,12,20,0,20446,20446,1356,4,350,991,20848.640000000007,74,False,False
194,27,107.4125457145007,329.7364947953929,1.0,CLIENT,7,2,100000,12,11,0,20455,20456,1363,5,352,999,11466.752000000002,74,False,False
194,28,34.536776027797934,-264.04438520435434,1.0,CLIENT,7,2,100000,17,31,0,20427,20427,1345,4,347,992,32315.392000000014,74,False,False
194,29,-84.04477529932116,177.67337479569193,1.0,CLIENT,7,2,100000,12,20,0,20448,20448,1356,4,350,1000,20848.640000000007,74,False,False
194,30,163.01992649745327,-220.29562520407268,1.0,CLIENT,7,2,100000,10,27,0,20454,20454,1349,4,348,986,28145.66400000001,74,False,False
194,31,-268.29373213724153,163.5357347957921,1.0,CLIENT,7,2,100000,15,26,0,20442,20444,1350,4,347,1001,27103.23200000001,74,False,False
194,32,54.73603827812158,180.67901479601318,1.0,CLIENT,7,2,100000,12,17,0,20453,20453,1358,5,350,998,17721.344000000005,74,False,False
194,33,454.2061540713879,-73.46454520460867,1.0,CLIENT,7,2,100000,11,20,0,20467,20471,1356,4,350,987,20848.640000000007,74,False,False
194,34,-285.5621210415546,-22.146025204455384,1.0,CLIENT,7,2,100000,12,12,0,20448,20448,1364,4,352,1008,12509.184000000003,74,False,False
194,35,-54.33997787227529,-496.14658520446596,1.0,CLIENT,7,2,100000,9,21,0,20484,20494,1355,4,350,993,21891.072000000007,74,False,False
194,36,474.8806930804633,-9.344225204346799,1.0,CLIENT,7,2,100000,8,8,0,20474,20485,1366,4,353,998,8339.456,74,False,False
194,37,-466.08807660183635,83.94193479583919,1.0,CLIENT,7,2,100000,14,16,0,20405,20451,1354,4,351,993,16678.912000000004,74,False,False
194,38,164.28733118727015,40.30449479527647,1.0,CLIENT,7,2,100000,14,16,0,20422,20422,1356,8,351,998,16678.912000000004,74,False,False
194,39,433.05633830356095,-223.8578652045706,1.0,CLIENT,7,2,100000,17,30,0,20426,20456,1343,4,346,980,31272.960000000014,74,False,False
194,40,299.74120745288826,191.58837479536288,1.0,CLIENT,7,2,100000,13,16,0,20458,20459,1356,8,351,991,16678.912000000004,74,False,False
194,41,-467.355481292216,-199.47878520442572,1.0,CLIENT,7,2,100000,12,23,0,20431,20472,1350,5,349,992,23975.93600000001,74,False,False
194,42,117.23493206353642,-272.17074520440264,1.0,CLIENT,7,2,100000,18,22,0,20429,20429,1354,4,349,989,22933.504000000008,74,False,False
194,43,-275.4228835196425,285.6537747959544,1.0,CLIENT,7,2,100000,16,20,0,20393,20419,1353,4,350,1001,20848.640000000007,74,False,False
194,44,-110.26420982754136,495.82593479527475,1.0,CLIENT,7,2,100000,14,37,0,20388,20479,1333,4,345,978,38569.98400000002,74,False,False
194,45,-363.42829669571285,-0.5499452044028885,1.0,CLIENT,7,2,100000,18,30,0,20405,20409,1347,4,347,995,31272.960000000014,74,False,False
194,46,263.6201737821318,-370.1323452046489,1.0,CLIENT,7,2,100000,12,16,0,20453,20466,1360,3,351,990,16678.912000000004,74,False,False
194,47,-428.3827870683866,123.90581479539406,1.0,CLIENT,7,2,100000,15,32,0,20416,20453,1341,4,347,981,33357.824000000015,74,False,False
194,48,460.70160310859904,-427.4621452046537,1.0,CLIENT,7,2,100000,11,24,0,20091,20475,1317,2,348,950,25018.36800000001,74,False,False
194,49,-255.30283406281936,-262.5972252040532,1.0,CLIENT,7,2,100000,16,21,0,20412,20412,1351,8,349,989,21891.072000000007,74,False,False
194,50,437.6506803057653,155.85465479541057,1.0,CLIENT,7,2,100000,12,20,0,20463,20472,1353,6,350,984,20848.640000000007,74,False,False
194,51,-315.34613126097526,-316.2534652046321,1.0,CLIENT,7,2,100000,12,23,0,20449,20457,1349,8,349,987,23975.93600000001,74,False,False
194,52,288.1761396547211,-112.76050520426793,1.0,CLIENT,7,2,100000,8,8,0,20454,20454,1368,4,353,1004,8339.456,74,False,False
194,53,-335.70381909717423,492.8202947957445,1.0,CLIENT,7,2,100000,11,17,0,20082,20439,1321,2,350,968,17721.344000000005,74,False,False
194,54,65.19212697234717,362.46457479581494,1.0,CLIENT,7,2,100000,10,16,0,20453,20456,1360,4,351,1007,16678.912000000004,74,False,False
194,55,500.9417020228082,-492.8069852041969,1.0,CLIENT,7,2,100000,10,25,0,19607,20435,1287,2,349,905,26060.80000000001,74,False,False
194,56,480.5048013931087,-142.03766520470197,1.0,CLIENT,7,2,100000,11,13,0,20427,20463,1361,4,352,996,13551.616000000004,74,False,False
194,57,-480.18795378076294,-364.3437052042353,1.0,CLIENT,7,2,100000,11,22,0,20333,20489,1342,5,349,976,22933.504000000008,74,False,False
194,58,-311.7815555697748,13.921654795444738,1.0,CLIENT,7,2,100000,11,12,0,20445,20445,1364,4,352,1005,12509.184000000003,74,False,False
194,59,-309.16753339607766,432.8188147953662,1.0,CLIENT,7,2,100000,10,12,0,20277,20459,1338,2,351,971,12509.184000000003,74,False,False
194,60,7.683639154387861,81.38157479597567,1.0,CLIENT,7,2,100000,13,12,0,20406,20406,1361,7,352,1008,12509.184000000003,74,False,False
194,61,-246.35178843834933,-24.261105204652154,1.0,CLIENT,7,2,100000,14,12,0,20408,20408,1364,4,352,999,12509.184000000003,74,False,False
194,62,-229.4794634998503,-34.725185204335105,1.0,CLIENT,7,2,100000,10,8,0,20439,20439,1368,4,353,1006,8339.456,74,False,False
194,63,-83.80713691994531,-296.99510520421427,1.0,CLIENT,7,2,100000,14,20,0,20445,20445,1353,7,350,999,20848.640000000007,74,False,False
194,64,-190.34834368958275,421.7981347955066,1.0,CLIENT,7,2,100000,10,18,0,20409,20459,1352,4,350,1000,18763.776000000005,74,False,False
194,65,180.76359215995512,188.91669479578042,1.0,CLIENT,7,2,100000,16,20,0,20447,20447,1352,8,350,991,20848.640000000007,74,False,False
194,66,-76.9156239169202,-312.3572652041864,1.0,CLIENT,7,2,100000,16,22,0,20434,20434,1352,6,349,1000,22933.504000000008,74,False,False
194,67,-122.22534159152252,-232.42950520428565,1.0,CLIENT,7,2,100000,12,7,0,20437,20437,1365,8,353,1006,7297.023999999999,74,False,False
194,68,265.2836424377627,-43.74210520450788,1.0,CLIENT,7,2,100000,10,8,0,20442,20442,1368,4,353,1008,8339.456,74,False,False
194,69,149.15768769846537,425.02641479526574,1.0,CLIENT,7,2,100000,11,24,0,20479,20484,1350,6,349,987,25018.36800000001,74,False,False
194,70,-132.6814302857481,-37.8421452043753,1.0,CLIENT,7,2,100000,11,13,0,20430,20430,1362,5,351,1005,13551.616000000004,74,False,False
194,71,436.30406282244786,-481.34102520467053,1.0,CLIENT,7,2,100000,9,20,0,20012,20494,1334,2,350,963,20848.640000000007,74,False,False
194,72,70.02410735392736,-359.89090520440385,1.0,CLIENT,7,2,100000,10,10,0,20470,20470,1366,4,352,998,10424.320000000002,74,False,False
194,73,240.33161259935935,-389.61334520450464,1.0,CLIENT,7,2,100000,17,26,0,20432,20451,1349,4,348,993,27103.23200000001,74,False,False
194,74,-329.36679564640133,-141.8150252044731,1.0,CLIENT,7,2,100000,12,20,0,20439,20440,1355,5,350,995,20848.640000000007,74,False,False

195,0,-28.516607309306256,-295.10266520424636,1.0,CLIENT,7,2,100000,13,15,0,20005,20005,1363,5,350,1001,15636.480000000005,74,False,False
195,1,-191.61574837996247,184.12993479600118,1.0,CLIENT,7,2,100000,15,16,0,20003,20004,1360,7,350,1000,16678.912000000004,74,False,False
195,2,283.66101044601726,-41.849665204539974,1.0,CLIENT,7,2,100000,11,10,0,20040,20040,1367,6,351,1014,10424.320000000002,74,False,False
195,3,-239.77712660763774,37.632814795694,1.0,CLIENT,7,2,100000,12,23,0,20010,20010,1352,8,348,991,23975.93600000001,74,False,False
195,4,405.80713746433685,-446.05258520438497,1.0,CLIENT,7,2,100000,16,28,0,19899,20034,1332,8,346,954,29188.096000000012,74,False,False
195,5,-333.56507368279165,-200.3693452045502,1.0,CLIENT,7,2,100000,9,12,0,20024,20029,1363,7,351,996,12509.184000000003,74,False,False
195,6,-100.12497230619213,-271.1688652045592,1.0,CLIENT,7,2,100000,13,16,0,20010,20010,1362,5,350,1011,16678.912000000004,74,False,False
195,7,474.48462911464924,41.19505479540095,1.0,CLIENT,7,2,100000,18,31,0,19986,20009,1346,5,346,984,32315.392000000014,74,False,False
195,8,178.94169791788607,-240.33322520410508,1.0,CLIENT,7,2,100000,10,12,0,20007,20007,1364,7,351,1004,12509.184000000003,74,False,False
195,9,456.3448994857705,-213.05982520414886,1.0,CLIENT,7,2,100000,16,24,0,19983,20018,1352,7,348,982,25018.36800000001,74,False,False
195,10,-496.42657637350925,421.7981347955066,1.0,CLIENT,7,2,100000,12,25,0,19532,20028,1303,7,347,932,26060.80000000001,74,False,False
195,11,230.8260774232,-450.5053852042164,1.0,CLIENT,7,2,100000,14,16,0,19985,20019,1357,7,350,992,16678.912000000004,74,False,False
195,12,-296.88955045978304,-471.32222520465433,1.0,CLIENT,7,2,100000,15,29,0,19897,20029,1337,5,347,975,30230.528000000013,74,False,False
195,13,-75.965070398854,218.41649479565234,1.0,CLIENT,7,2,100000,17,12,0,19988,19988,1366,5,351,1000,12509.184000000003,74,False,False
195,14,234.70750428671397,195.03929479535088,1.0,CLIENT,7,2,100000,14,15,0,20021,20022,1363,5,350,1007,15636.480000000005,74,False,False
195,15,-327.5449014043323,340.6458547955336,1.0,CLIENT,7,2,100000,9,16,0,20022,20052,1353,7,350,990,16678.912000000004,74,False,False
195,16,-495.55523564950636,-139.03202520438072,1.0,CLIENT,7,2,100000,15,29,0,20000,20040,1347,6,346,978,30230.528000000013,74,False,False
195,17,464.7414555585512,368.5871747953854,1.0,CLIENT,7,2,100000,13,24,0,19794,20054,1320,3,349,963,25018.36800000001,74,False,False
195,18,-88.71833009446318,44.423334795951064,1.0,CLIENT,7,2,100000,15,20,0,19984,19984,1354,9,349,998,20848.640000000007,74,False,False
195,19,-263.3825389627237,45.64785479523238,1.0,CLIENT,7,2,100000,13,16,0,20018,20018,1360,7,350,1001,16678.912000000004,74,False,False
195,20,158.26715890881073,499.05421479582486,1.0,CLIENT,7,2,100000,10,13,0,19977,20057,1353,4,351,978,13551.616000000004,74,False,False
195,21,-193.2000042426557,376.60221479571476,1.0,CLIENT,7,2,100000,16,20,0,19999,20006,1357,5,349,994,20848.640000000007,74,False,False
195,22,-120.72029852176696,-223.96918520428954,1.0,CLIENT,7,2,100000,10,12,0,20054,20054,1365,6,351,1004,12509.184000000003,74,False,False
195,23,202.07183351422032,175.78093479572402,1.0,CLIENT,7,2,100000,14,4,0,20005,20005,1373,6,353,1013,4169.728,74,False,False
195,24,249.04501984501638,-419.7810652042722,1.0,CLIENT,7,2,100000,10,12,0,20019,20040,1359,7,351,1003,12509.184000000003,74,False,False
195,25,302.6720807988989,440.2772547955189,1.0,CLIENT,7,2,100000,12,16,0,19906,20033,1340,5,349,982,16678.912000000004,74,False,False
195,26,-150.34588315531232,353.0023747959754,1.0,CLIENT,7,2,100000,12,24,0,20027,20030,1354,5,348,990,25018.36800000001,74,False,False
195,27,238.27207997791444,-169.19974520414826,1.0,CLIENT,7,2,100000,12,11,0,20025,20026,1365,7,351,993,11466.752000000002,74,False,False
195,28,304.09791107571675,294.1140947959505,1.0,CLIENT,7,2,100000,17,29,0,19974,19992,1345,6,346,991,30230.528000000013,74,False,False
195,29,387.11291828376875,327.1761347955294,1.0,CLIENT,7,2,100000,12,27,0,19959,20044,1335,5,347,982,28145.66400000001,74,False,False
195,30,-199.85387886630497,379.05125479585934,1.0,CLIENT,7,2,100000,10,28,0,20025,20037,1347,5,347,986,29188.096000000012,74,False,False
195,31,-472.1874616737963,-459.9675852040559,1.0,CLIENT,7,2,100000,15,38,0,19455,20017,1291,3,342,915,39612.41600000002,74,False,False
195,32,148.52398535327552,412.00197479571926,1.0,CLIENT,7,2,100000,12,22,0,20022,20036,1353,6,348,989,22933.504000000008,74,False,False
195,33,-176.32767930471954,-91.7210252043921,1.0,CLIENT,7,2,100000,11,12,0,19996,19996,1364,7,351,1012,12509.184000000003,74,False,False
195,34,369.29003982776635,-201.81650520406038,1.0,CLIENT,7,2,100000,12,13,0,20029,20034,1363,6,350,999,13551.616000000004,74,False,False
195,35,217.2806897965256,108.20969479547415,1.0,CLIENT,7,2,100000,9,12,0,20021,20021,1365,6,351,997,12509.184000000003,74,False,False
195,36,-220.36999228894211,-317.58930520442334,1.0,CLIENT,7,2,100000,8,8,0,20044,20046,1368,6,352,1008,8339.456,74,False,False
195,37,-111.61082731085875,461.2054147956758,1.0,CLIENT,7,2,100000,14,20,0,20002,20023,1356,5,350,991,20848.640000000007,74,False,False
195,38,-183.13997951424412,408.3284147955024,1.0,CLIENT,7,2,100000,14,24,0,20005,20026,1349,5,348,984,25018.36800000001,74,False,False
195,39,-405.094225886177,-453.51102520453765,1.0,CLIENT,7,2,100000,17,37,0,19719,20022,1301,4,344,936,38569.98400000002,74,False,False
195,40,-399.70775595290746,-36.840265204531875,1.0,CLIENT,7,2,100000,13,16,0,20017,20017,1361,6,350,1001,16678.912000000004,74,False,False
195,41,41.34907623788538,-249.68410520422566,1.0,CLIENT,7,2,100000,12,16,0,20006,20006,1360,7,350,1004,16678.912000000004,74,False,False
195,42,290.7901618284182,-495.9239452042371,1.0,CLIENT,7,2,100000,18,24,0,19913,20027,1342,7,348,970,25018.36800000001,74,False,False
195,43,-55.84502094203086,192.2562947952585,1.0,CLIENT,7,2,100000,16,17,0,20001,20001,1361,5,349,999,17721.344000000005,74,False,False
195,44,406.9161165682783,390.40589479566677,1.0,CLIENT,7,2,100000,14,25,0,19832,20011,1329,3,347,979,26060.80000000001,74,False,False
195,45,-99.96654671975396,-430.1338252042362,1.0,CLIENT,7,2,100000,17,39,0,19998,20007,1338,5,345,975,40654.84800000002,74,False,False
195,46,-147.09815863642535,-211.72398520435763,1.0,CLIENT,7,2,100000,12,12,0,20017,20017,1365,6,351,1004,12509.184000000003,74,False,False
195,47,-265.8381355499826,-272.3933852046315,1.0,CLIENT,7,2,100000,15,29,0,20016,20021,1347,7,346,993,30230.528000000013,74,False,False
195,48,-337.12964937399215,-253.5803052046714,1.0,CLIENT,7,2,100000,11,16,0,20020,20032,1360,6,350,999,16678.912000000004,74,False,False
195,49,167.5350557061571,31.064934795665806,1.0,CLIENT,7,2,100000,16,20,0,19978,19978,1357,6,348,999,20848.640000000007,74,False,False
195,50,427.74908116322905,258.0464147952594,1.0,CLIENT,7,2,100000,12,20,0,19985,20033,1353,6,349,997,20848.640000000007,74,False,False
195,51,-313.0489602601545,160.75273479569972,1.0,CLIENT,7,2,100000,11,20,0,20000,20003,1354,9,349,994,20848.640000000007,74,False,False
195,52,-358.67552910763317,-100.18134520438821,1.0,CLIENT,7,2,100000,8,12,0,20047,20047,1364,7,351,1003,12509.184000000003,74,False,False
195,53,465.53358349017924,-130.90566520433242,1.0,CLIENT,7,2,100000,11,16,0,20031,20055,1358,6,350,983,16678.912000000004,74,False,False
195,54,-10.13923930161452,260.2728147959661,1.0,CLIENT,7,2,100000,10,16,0,20027,20027,1362,5,350,1006,16678.912000000004,74,False,False
195,55,-78.18302860673708,160.86405479541867,1.0,CLIENT,7,2,100000,10,13,0,20020,20020,1364,6,350,1012,13551.616000000004,74,False,False
195,56,276.61107185655396,-135.13582520472596,1.0,CLIENT,7,2,100000,10,8,0,20015,20015,1369,6,352,1016,8339.456,74,False,False
195,57,-87.05486143826944,-243.78414520409308,1.0,CLIENT,7,2,100000,11,13,0,20033,20033,1365,5,350,1005,13551.616000000004,74,False,False
195,58,156.6829030461175,188.13745479537488,1.0,CLIENT,7,2,100000,11,13,0,20003,20003,1364,6,351,1004,13551.616000000004,74,False,False
195,59,-62.10283159986611,-420.67162520439666,1.0,CLIENT,7,2,100000,10,7,0,20028,20030,1371,5,352,1006,7297.023999999999,74,False,False
195,60,-327.5449014043323,-96.61910520468126,1.0,CLIENT,7,2,100000,13,21,0,20021,20021,1356,6,348,1002,21891.072000000007,74,False,False
195,61,80.79704722046647,-91.49838520416324,1.0,CLIENT,7,2,100000,14,18,0,20001,20001,1357,8,349,1007,18763.776000000005,74,False,False
195,62,472.1874581138285,36.63093479585058,1.0,CLIENT,7,2,100000,10,8,0,20015,20038,1367,5,352,1002,8339.456,74,False,False
195,63,299.1075051076984,497.16177479585696,1.0,CLIENT,7,2,100000,14,26,0,19823,20025,1326,4,348,963,27103.23200000001,74,False,False
195,64,287.38401172365593,-299.8894252040256,1.0,CLIENT,7,2,100000,10,20,0,20025,20040,1354,6,349,984,20848.640000000007,74,False,False
195,65,-35.170481932955525,230.5503747958653,1.0,CLIENT,7,2,100000,15,17,0,19996,19996,1362,5,350,1007,17721.344000000005,74,False,False
195,66,-295.7013585629038,192.59025479599728,1.0,CLIENT,7,2,100000,15,18,0,19981,19982,1356,9,349,994,18763.776000000005,74,False,False
195,67,-168.9608895423799,-467.9826252043853,1.0,CLIENT,7,2,100000,12,15,0,20017,20052,1361,5,350,1002,15636.480000000005,74,False,False
195,68,141.87011072962625,367.3626547953131,1.0,CLIENT,7,2,100000,10,12,0,20041,20049,1365,6,351,1008,12509.184000000003,74,False,False
195,69,446.9185771025488,-424.2338652041036,1.0,CLIENT,7,2,100000,11,27,0,19908,20056,1335,7,348,956,28145.66400000001,74,False,False
195,70,151.45485869928612,141.71701479551075,1.0,CLIENT,7,2,100000,11,12,0,19995,19995,1364,7,351,1006,12509.184000000003,74,False,False
195,71,-56.63714887365889,453.4130147955753,1.0,CLIENT,7,2,100000,8,16,0,20040,20049,1362,5,350,1003,16678.912000000004,74,False,False
195,72,428.62042188779475,-259.8142252047518,1.0,CLIENT,7,2,100000,10,11,0,19999,20040,1365,7,351,1001,11466.752000000002,74,False,False
195,73,-27.882904964679234,438.7187747954988,1.0,CLIENT,7,2,100000,17,20,0,19968,19981,1357,5,349,1000,20848.640000000007,74,False,False
195,74,-288.2553560081893,-403.1943852042278,1.0,CLIENT,7,2,100000,12,20,0,19983,20033,1351,6,349,985,20848.640000000007,74,False,False

196,0,-325.01009202357284,18.040494795328357,1.0,CLIENT,7,2,100000,13,16,0,20107,20107,1351,0,347,998,16678.912000000004,74,False,False
196,1,-398.6779896419036,342.9835747959592,1.0,CLIENT,7,2,100000,15,23,0,20098,20132,1343,0,345,990,23975.93600000001,74,False,False
196,2,-124.76015097171911,448.737574795515,1.0,CLIENT,7,2,100000,11,8,0,20125,20126,1359,0,349,995,8339.456,74,False,False
196,3,103.21426767811036,147.50565479592439,1.0,CLIENT,7,2,100000,12,20,0,20098,20098,1347,0,346,997,20848.640000000007,74,False,False
196,4,-69.94489812039458,9.580174795332255,1.0,CLIENT,7,2,100000,16,24,0,20094,20094,1343,0,345,994,25018.36800000001,74,False,False
196,5,-258.3921329952681,-43.18550520433121,1.0,CLIENT,7,2,100000,9,12,0,20103,20103,1355,0,348,1003,12509.184000000003,74,False,False
196,6,476.8610129084077,493.04293479597334,1.0,CLIENT,7,2,100000,13,25,0,19946,20133,1326,0,345,970,26060.80000000001,74,False,False
196,7,150.6627307676581,-53.76090520452408,1.0,CLIENT,7,2,100000,18,25,0,20075,20075,1342,0,344,991,26060.80000000001,74,False,False
196,8,37.23001099443271,-312.1346252047485,1.0,CLIENT,7,2,100000,10,20,0,20129,20129,1347,0,346,994,20848.640000000007,74,False,False
196,9,309.2467426296105,-433.6960652047341,1.0,CLIENT,7,2,100000,16,28,0,20096,20138,1337,0,345,977,29188.096000000012,74,False,False
196,10,-231.3013577419194,374.59845479523693,1.0,CLIENT,7,2,100000,12,20,0,20137,20140,1347,0,346,986,20848.640000000007,74,False,False
196,11,-255.0651956834435,-31.385585204066047,1.0,CLIENT,7,2,100000,14,13,0,20102,20102,1354,0,347,1005,13551.616000000004,74,False,False
196,12,-6.337025231038202,56.33457479593517,1.0,CLIENT,7,2,100000,15,18,0,20071,20071,1349,0,346,1002,18763.776000000005,74,False,False
196,13,-423.23395551449295,-373.1379852041792,1.0,CLIENT,7,2,100000,17,32,0,19898,20139,1309,0,342,961,33357.824000000015,74,False,False
196,14,311.7023392168694,489.8146547954232,1.0,CLIENT,7,2,100000,14,24,0,20089,20140,1338,0,345,976,25018.36800000001,74,False,False
196,15,-76.20270877822983,406.8812547959922,1.0,CLIENT,7,2,100000,9,16,0,20138,20138,1351,0,347,1000,16678.912000000004,74,False,False
196,16,306.8703588352892,-235.4351452046069,1.0,CLIENT,7,2,100000,15,20,0,20078,20079,1347,0,346,1000,20848.640000000007,74,False,False
196,17,29.70479564678058,300.79329479569765,1.0,CLIENT,7,2,100000,13,8,0,20090,20090,1359,0,349,1003,8339.456,74,False,False
196,18,-24.87281882516811,-205.15610520432944,1.0,CLIENT,7,2,100000,15,20,0,20084,20084,1347,0,346,1000,20848.640000000007,74,False,False
196,19,464.3453915927372,-100.18134520438821,1.0,CLIENT,7,2,100000,14,20,0,20110,20117,1347,0,346,994,20848.640000000007,74,False,False
196,20,77.47010990864183,-454.51290520438107,1.0,CLIENT,7,2,100000,10,12,0,20108,20119,1354,0,348,997,12509.184000000003,74,False,False
196,21,-236.21255091643727,49.2100947957303,1.0,CLIENT,7,2,100000,17,20,0,20097,20097,1347,0,346,1000,20848.640000000007,74,False,False
196,22,-26.85313865367536,263.83505479567305,1.0,CLIENT,7,2,100000,10,12,0,20098,20098,1355,0,348,995,12509.184000000003,74,False,False
196,23,-220.84526904769382,127.8020147958398,1.0,CLIENT,7,2,100000,14,4,0,20099,20099,1363,0,350,1006,4169.728,74,False,False
196,24,-450.8000075265934,310.9234147954328,1.0,CLIENT,7,2,100000,10,12,0,20134,20182,1354,0,348,1001,12509.184000000003,74,False,False
196,25,24.95202805813805,-207.04854520429734,1.0,CLIENT,7,2,100000,12,11,0,20110,20110,1356,0,348,1005,11466.752000000002,74,False,False
196,26,495.55523208897574,277.5274147959061,1.0,CLIENT,7,2,100000,12,24,0,20104,20133,1340,0,345,990,25018.36800000001,74,False,False
196,27,-130.85953604367904,-482.00894520456615,1.0,CLIENT,7,2,100000,12,10,0,20048,20113,1350,0,348,997,10424.320000000002,74,False,False
196,28,493.9709762262826,149.954694795278,1.0,CLIENT,7,2,100000,17,36,0,20090,20106,1330,0,342,974,37527.55200000002,74,False,False
196,29,96.63960584796159,183.12805479536678,1.0,CLIENT,7,2,100000,12,16,0,20092,20092,1351,0,347,1000,16678.912000000004,74,False,False
196,30,-59.013532667417316,-21.478105204559768,1.0,CLIENT,7,2,100000,10,24,0,20099,20099,1343,0,345,996,25018.36800000001,74,False,False
196,31,-180.60517013404754,-385.494505204621,1.0,CLIENT,7,2,100000,15,25,0,20054,20085,1340,0,344,984,26060.80000000001,74,False,False
196,32,436.06642444307204,-211.16738520418096,1.0,CLIENT,7,2,100000,12,21,0,20108,20124,1344,0,345,992,21891.072000000007,74,False,False
196,33,255.30283050285163,41.417694795629814,1.0,CLIENT,7,2,100000,11,12,0,20092,20092,1355,0,348,1006,12509.184000000003,74,False,False
196,34,473.1380116313319,282.2028547959664,1.0,CLIENT,7,2,100000,12,16,0,20105,20128,1347,0,347,990,16678.912000000004,74,False,False
196,35,-64.00393863543569,253.48229479570904,1.0,CLIENT,7,2,100000,9,12,0,20122,20122,1355,0,348,1006,12509.184000000003,74,False,False
196,36,-372.3793423201829,113.55305479543006,1.0,CLIENT,7,2,100000,8,8,0,20127,20128,1359,0,349,1002,8339.456,74,False,False
196,37,278.82903006443706,-157.84510520434083,1.0,CLIENT,7,2,100000,14,16,0,20100,20100,1351,0,347,997,16678.912000000004,74,False,False
196,38,-4.51513098896913,114.77757479550235,1.0,CLIENT,7,2,100000,14,16,0,20087,20087,1351,0,347,999,16678.912000000004,74,False,False
196,39,-129.98819531911334,-311.35538520434295,1.0,CLIENT,7,2,100000,17,28,0,20092,20096,1339,0,344,990,29188.096000000012,74,False,False
196,40,472.5835220790797,-217.95790520443802,1.0,CLIENT,7,2,100000,13,19,0,20117,20145,1344,0,346,985,19806.208000000006,74,False,False
196,41,-449.37417724977547,352.77973479574655,1.0,CLIENT,7,2,100000,12,25,0,20112,20161,1339,0,344,980,26060.80000000001,74,False,False
196,42,485.0199306018126,236.7842947959457,1.0,CLIENT,7,2,100000,18,24,0,20087,20106,1342,0,345,987,25018.36800000001,74,False,False
196,43,440.8191920311517,-8.676305204451182,1.0,CLIENT,7,2,100000,16,21,0,20101,20103,1346,0,345,985,21891.072000000007,74,False,False
196,44,161.99016018644937,177.56205479597298,1.0,CLIENT,7,2,100000,14,21,0,20101,20101,1346,0,345,989,21891.072000000007,74,False,False
196,45,243.658549911184,-273.72922520442273,1.0,CLIENT,7,2,100000,18,36,0,20098,20098,1331,0,342,984,37527.55200000002,74,False,False
196,46,-282.63124769498114,392.4096547953536,1.0,CLIENT,7,2,100000,12,17,0,20122,20126,1350,0,347,986,17721.344000000005,74,False,False
196,47,111.05633419920167,-57.434465204740945,1.0,CLIENT,7,2,100000,15,20,0,20075,20075,1347,0,346,1000,20848.640000000007,74,False,False
196,48,38.5766284777501,-185.0071852045781,1.0,CLIENT,7,2,100000,11,16,0,20103,20103,1351,0,347,997,16678.912000000004,74,False,False
196,49,121.90848685867844,-346.5325052041186,1.0,CLIENT,7,2,100000,16,27,0,20097,20097,1340,0,344,984,28145.66400000001,74,False,False
196,50,-68.67749343057771,-130.79434520461348,1.0,CLIENT,7,2,100000,12,20,0,20098,20098,1347,0,346,997,20848.640000000007,74,False,False
196,51,-425.21427534300017,115.66813479562683,1.0,CLIENT,7,2,100000,12,24,0,20135,20140,1343,0,345,984,25018.36800000001,74,False,False
196,52,462.20664617835456,-265.04626520419777,1.0,CLIENT,7,2,100000,8,16,0,20112,20162,1348,0,347,989,16678.912000000004,74,False,False
196,53,-367.3097235592268,85.27777479563042,1.0,CLIENT,7,2,100000,11,12,0,20107,20108,1355,0,348,996,12509.184000000003,74,False,False
196,54,450.4831527937493,324.61577479566586,1.0,CLIENT,7,2,100000,10,16,0,20102,20147,1346,0,347,984,16678.912000000004,74,False,False
196,55,-86.57958467951775,303.7989347952279,1.0,CLIENT,7,2,100000,10,11,0,20112,20112,1356,0,347,998,11466.752000000002,74,False,False
196,56,102.42213974704516,3.234934795532922,1.0,CLIENT,7,2,100000,11,8,0,20094,20094,1359,0,349,1009,8339.456,74,False,False
196,57,35.249691166488304,-245.1199852046753,1.0,CLIENT,7,2,100000,11,15,0,20111,20111,1352,0,347,998,15636.480000000005,74,False,False
196,58,62.261253626336554,366.24945479575075,1.0,CLIENT,7,2,100000,11,12,0,20114,20114,1355,0,348,995,12509.184000000003,74,False,False
196,59,-186.62534241250694,-356.5513052041348,1.0,CLIENT,7,2,100000,10,16,0,20128,20140,1350,0,347,997,16678.912000000004,74,False,False
196,60,-323.0297721956284,-80.47770520430362,1.0,CLIENT,7,2,100000,13,20,0,20105,20107,1347,0,346,998,20848.640000000007,74,False,False
196,61,-32.47724696632075,-42.8515452043834,1.0,CLIENT,7,2,100000,14,16,0,20083,20083,1351,0,347,1001,16678.912000000004,74,False,False
196,62,-200.249942832119,193.03553479566403,1.0,CLIENT,7,2,100000,10,8,0,20113,20113,1359,0,349,1008,8339.456,74,False,False
196,63,322.4752790834085,-87.49086520399857,1.0,CLIENT,7,2,100000,14,17,0,20098,20098,1350,0,346,1000,17721.344000000005,74,False,False
196,64,113.51193078646061,-350.0947452046165,1.0,CLIENT,7,2,100000,10,20,0,20129,20129,1347,0,346,996,20848.640000000007,74,False,False
196,65,-233.7569543291783,403.54165479572316,1.0,CLIENT,7,2,100000,16,24,0,20109,20112,1343,0,345,986,25018.36800000001,74,False,False
196,66,-148.7616272926191,-90.60782520403876,1.0,CLIENT,7,2,100000,16,19,0,20087,20087,1348,0,345,994,19806.208000000006,74,False,False
196,67,-462.0482241518841,126.2435347958197,1.0,CLIENT,7,2,100000,12,15,0,20164,20175,1351,0,347,988,15636.480000000005,74,False,False
196,68,215.45879555445654,324.0591747954892,1.0,CLIENT,7,2,100000,10,12,0,20127,20127,1355,0,348,999,12509.184000000003,74,False,False
196,69,395.1134103907354,279.19721479564515,1.0,CLIENT,7,2,100000,11,28,0,20132,20138,1338,0,345,977,29188.096000000012,74,False,False
196,70,55.924230175000794,306.2479747953725,1.0,CLIENT,7,2,100000,11,17,0,20110,20110,1350,0,347,986,17721.344000000005,74,False,False
196,71,191.29889364768124,465.992174795455,1.0,CLIENT,7,2,100000,9,16,0,20135,20141,1350,0,347,996,16678.912000000004,74,False,False
196,72,-291.8991444923275,293.00089479559716,1.0,CLIENT,7,2,100000,10,13,0,20134,20134,1354,0,347,992,13551.616000000004,74,False,False
196,73,-282.3143965226676,-143.81878520415995,1.0,CLIENT,7,2,100000,17,20,0,20074,20077,1347,0,346,998,20848.640000000007,74,False,False
196,74,-153.51439488069877,-123.3359052044608,1.0,CLIENT,7,2,100000,12,20,0,20111,20111,1347,0,346,996,20848.640000000007,74,False,False

197,0,211.8150070703184,-409.8735852047659,1.0,CLIENT,7,2,100000,13,24,0,20385,20398,1350,2,347,993,25018.36800000001,74,False,False
197,1,270.74932516453276,-474.6618252041324,1.0,CLIENT,7,2,100000,15,23,0,20273,20370,1339,2,347,970,23975.93600000001,74,False,False
197,2,-356.2991453133119,-257.0312252046594,1.0,CLIENT,7,2,100000,11,7,0,20353,20367,1367,1,351,998,7297.023999999999,74,False,False
197,3,251.8966803975265,288.88205479571354,1.0,CLIENT,7,2,100000,12,24,0,20352,20355,1351,1,347,1004,25018.36800000001,74,False,False
197,4,288.73062920697333,-394.4001052042839,1.0,CLIENT,7,2,100000,16,29,0,20330,20374,1339,2,346,963,30230.528000000013,74,False,False
197,5,6.812298429822159,464.87897479589265,1.0,CLIENT,7,2,100000,9,12,0,20364,20374,1363,1,350,996,12509.184000000003,74,False,False
197,6,368.73555027551413,102.19841479562263,1.0,CLIENT,7,2,100000,13,18,0,20351,20352,1357,1,348,991,18763.776000000005,74,False,False
197,7,-107.72940044734477,-176.32422520435313,1.0,CLIENT,7,2,100000,18,21,0,20304,20304,1354,1,348,997,21891.072000000007,74,False,False
197,8,-339.4268203748129,488.36749479591305,1.0,CLIENT,7,2,100000,10,26,0,20301,20390,1335,2,347,970,27103.23200000001,74,False,False
197,9,-340.7734378581303,-398.2963052047296,1.0,CLIENT,7,2,100000,16,24,0,20312,20374,1347,1,347,978,25018.36800000001,74,False,False
197,10,-186.8629807918828,419.12645479592413,1.0,CLIENT,7,2,100000,12,18,0,20344,20352,1357,1,348,999,18763.776000000005,74,False,False
197,11,-65.98425846394294,467.10537479580836,1.0,CLIENT,7,2,100000,14,16,0,20342,20349,1359,1,349,1001,16678.912000000004,74,False,False
197,12,131.6516604147765,204.5014947959814,1.0,CLIENT,7,2,100000,15,18,0,20320,20320,1357,1,348,1001,18763.776000000005,74,False,False
197,13,-262.7488366175338,378.3833347959637,1.0,CLIENT,7,2,100000,17,19,0,20340,20344,1355,2,348,998,19806.208000000006,74,False,False
197,14,460.70160310859904,-15.800785204656052,1.0,CLIENT,7,2,100000,14,16,0,20353,20356,1359,1,349,1000,16678.912000000004,74,False,False
197,15,279.70037078900276,485.3618547955918,1.0,CLIENT,7,2,100000,9,16,0,20265,20386,1344,1,349,988,16678.912000000004,74,False,False
197,16,-56.161872114907204,-97.50966520401477,1.0,CLIENT,7,2,100000,15,24,0,20347,20347,1350,2,347,1000,25018.36800000001,74,False,False
197,17,-179.41697823660547,241.459734796006,1.0,CLIENT,7,2,100000,13,8,0,20350,20350,1366,2,351,1011,8339.456,74,False,False
197,18,-352.65535682861093,-400.7453452040832,1.0,CLIENT,7,2,100000,15,30,0,20281,20372,1339,1,345,972,31272.960000000014,74,False,False
197,19,-336.0206702700506,102.64369479528938,1.0,CLIENT,7,2,100000,14,13,0,20340,20340,1362,1,349,1009,13551.616000000004,74,False,False
197,20,-405.72792823136683,-426.6829052042482,1.0,CLIENT,7,2,100000,10,22,0,20175,20399,1335,1,349,956,22933.504000000008,74,False,False
197,21,412.698650467362,234.78053479546787,1.0,CLIENT,7,2,100000,17,23,0,20325,20352,1349,1,347,990,23975.93600000001,74,False,False
197,22,-77.07404950279553,427.92073479586804,1.0,CLIENT,7,2,100000,10,12,0,20349,20349,1363,1,350,1007,12509.184000000003,74,False,False
197,23,371.03272127689775,31.17625479538475,1.0,CLIENT,7,2,100000,14,4,0,20339,20340,1371,1,352,1009,4169.728,74,False,False
197,24,12.357193949529883,49.878014795625916,1.0,CLIENT,7,2,100000,10,12,0,20353,20353,1363,1,350,1010,12509.184000000003,74,False,False
197,25,31.764328268225494,113.33041479599217,1.0,CLIENT,7,2,100000,12,8,0,20348,20348,1367,1,351,1014,8339.456,74,False,False
197,26,494.2086146056584,145.61321479595648,1.0,CLIENT,7,2,100000,12,23,0,20326,20362,1348,0,347,986,23975.93600000001,74,False,False
197,27,-0.39606574551646095,336.19305479570215,1.0,CLIENT,7,2,100000,12,18,0,20377,20377,1358,1,348,1001,18763.776000000005,74,False,False
197,28,-466.6425661540885,194.26005479573632,1.0,CLIENT,7,2,100000,17,34,0,20344,20352,1339,1,344,984,35442.68800000002,74,False,False
197,29,202.23025910065851,81.60421479541355,1.0,CLIENT,7,2,100000,12,17,0,20352,20352,1358,1,348,1005,17721.344000000005,74,False,False
197,30,-56.87478725303473,-330.72506520447973,1.0,CLIENT,7,2,100000,10,28,0,20366,20366,1347,1,346,996,29188.096000000012,74,False,False
197,31,291.97835372529744,149.50941479561124,1.0,CLIENT,7,2,100000,15,25,0,20344,20344,1350,1,346,999,26060.80000000001,74,False,False
197,32,-214.19139442404455,-330.6137452047608,1.0,CLIENT,7,2,100000,12,19,0,20365,20367,1356,1,347,994,19806.208000000006,74,False,False
197,33,-122.54219276383603,-331.949585204552,1.0,CLIENT,7,2,100000,11,15,0,20348,20348,1360,1,349,995,15636.480000000005,74,False,False
197,34,447.71070503417684,234.44657479552006,1.0,CLIENT,7,2,100000,12,13,0,20313,20355,1358,0,350,989,13551.616000000004,74,False,False
197,35,-70.81623884496028,-455.29214520399563,1.0,CLIENT,7,2,100000,9,16,0,20373,20389,1357,1,349,1002,16678.912000000004,74,False,False
197,36,-34.140715622514485,136.03969479560703,1.0,CLIENT,7,2,100000,8,4,0,20349,20349,1371,1,352,1014,4169.728,74,False,False
197,37,300.61254817745396,19.48765479562951,1.0,CLIENT,7,2,100000,14,16,0,20352,20352,1359,1,349,1000,16678.912000000004,74,False,False
197,38,147.65264462870982,4.125494795657403,1.0,CLIENT,7,2,100000,14,16,0,20321,20321,1359,1,349,1003,16678.912000000004,74,False,False
197,39,256.3325968132927,-107.9737452044887,1.0,CLIENT,7,2,100000,17,21,0,20324,20324,1354,1,347,1002,21891.072000000007,74,False,False
197,40,16.793110365296062,99.08145479558243,1.0,CLIENT,7,2,100000,13,16,0,20338,20338,1358,2,349,1004,16678.912000000004,74,False,False
197,41,-428.77885103420067,347.3250547952807,1.0,CLIENT,7,2,100000,12,23,0,20360,20386,1350,2,347,992,23975.93600000001,74,False,False
197,42,148.52398535327552,169.88097479559144,1.0,CLIENT,7,2,100000,18,20,0,20316,20316,1355,1,348,1003,20848.640000000007,74,False,False
197,43,441.8489583415927,336.415694795931,1.0,CLIENT,7,2,100000,16,26,0,20270,20377,1336,1,346,971,27103.23200000001,74,False,False
197,44,103.5311188509867,-22.591305204122136,1.0,CLIENT,7,2,100000,14,14,0,20327,20327,1360,2,349,1004,14594.048000000004,74,False,False
197,45,-337.05043658049163,346.3231747954373,1.0,CLIENT,7,2,100000,18,36,0,20339,20346,1338,2,344,985,37527.55200000002,74,False,False
197,46,18.615004607365133,-490.80322520451006,1.0,CLIENT,7,2,100000,12,20,0,20357,20386,1353,1,348,993,20848.640000000007,74,False,False
197,47,-425.92719048112775,-434.8092652042965,1.0,CLIENT,7,2,100000,15,44,0,20062,20381,1294,0,342,930,45867.00800000002,74,False,False
197,48,389.0140253187755,287.5462147959223,1.0,CLIENT,7,2,100000,11,16,0,20331,20361,1355,1,349,995,16678.912000000004,74,False,False
197,49,-351.6255905181699,390.96249479584344,1.0,CLIENT,7,2,100000,17,28,0,20311,20332,1344,2,346,984,29188.096000000012,74,False,False
197,50,109.86814230175962,40.41581479578639,1.0,CLIENT,7,2,100000,12,20,0,20336,20336,1355,1,348,1005,20848.640000000007,74,False,False
197,51,20.832962815248223,-346.3098652046807,1.0,CLIENT,7,2,100000,12,22,0,20360,20360,1353,1,347,993,22933.504000000008,74,False,False
197,52,-366.4383828346611,42.196934795244374,1.0,CLIENT,7,2,100000,8,12,0,20379,20379,1363,1,350,1003,12509.184000000003,74,False,False
197,53,453.17638776038405,-280.07446520422207,1.0,CLIENT,7,2,100000,11,20,0,20335,20411,1350,1,349,984,20848.640000000007,74,False,False
197,54,190.42755292311554,464.0997347954871,1.0,CLIENT,7,2,100000,10,16,0,20329,20367,1357,1,349,991,16678.912000000004,74,False,False
197,55,-2.2971727810860405,489.03541479580866,1.0,CLIENT,7,2,100000,10,16,0,20360,20372,1357,1,349,996,16678.912000000004,74,False,False
197,56,-283.74022679892266,104.53613479525728,1.0,CLIENT,7,2,100000,11,7,0,20339,20339,1367,2,351,1012,7297.023999999999,74,False,False
197,57,-255.22362126931884,-163.96770520470227,1.0,CLIENT,7,2,100000,11,13,0,20361,20361,1362,1,349,1004,13551.616000000004,74,False,False
197,58,136.24600241698084,425.02641479526574,1.0,CLIENT,7,2,100000,11,15,0,20360,20365,1358,1,349,1004,15636.480000000005,74,False,False
197,59,462.60271014416867,258.2690547954883,1.0,CLIENT,7,2,100000,10,16,0,20336,20396,1353,1,349,984,16678.912000000004,74,False,False
197,60,-441.53211072924694,130.36237479570332,1.0,CLIENT,7,2,100000,13,20,0,20348,20353,1355,1,348,1002,20848.640000000007,74,False,False
197,61,-445.809601558575,198.93549479579661,1.0,CLIENT,7,2,100000,14,20,0,20343,20350,1354,2,348,998,20848.640000000007,74,False,False
197,62,-299.6619982199183,11.47261479530016,1.0,CLIENT,7,2,100000,10,8,0,20353,20353,1367,1,351,1008,8339.456,74,False,False
197,63,458.72128328009177,370.03433479568656,1.0,CLIENT,7,2,100000,14,35,0,20193,20386,1308,0,345,941,36485.12000000002,74,False,False
197,64,-136.0875803905104,-9.789505204013551,1.0,CLIENT,7,2,100000,10,12,0,20320,20320,1362,2,350,1010,12509.184000000003,74,False,False
197,65,-35.88339707164589,242.79557479579722,1.0,CLIENT,7,2,100000,16,12,0,20310,20310,1363,1,350,1012,12509.184000000003,74,False,False
197,66,-334.9909039590467,92.40225479583529,1.0,CLIENT,7,2,100000,15,24,0,20348,20348,1350,2,347,986,25018.36800000001,74,False,False
197,67,35.72496792523999,-185.22982520401598,1.0,CLIENT,7,2,100000,12,5,0,20349,20349,1370,1,351,1014,5212.16,74,False,False
197,68,-111.45240172498342,-103.2983052044284,1.0,CLIENT,7,2,100000,10,8,0,20349,20349,1367,1,351,1010,8339.456,74,False,False
197,69,-202.38868824650157,451.63189479532633,1.0,CLIENT,7,2,100000,11,20,0,20357,20373,1353,1,348,990,20848.640000000007,74,False,False
197,70,-277.56162893458793,297.00841479576184,1.0,CLIENT,7,2,100000,11,16,0,20365,20365,1358,2,349,1006,16678.912000000004,74,False,False
197,71,-78.02460302086175,213.07313479569643,1.0,CLIENT,7,2,100000,9,12,0,20342,20342,1363,1,350,1011,12509.184000000003,74,False,False
197,72,-414.1244843035847,312.4818947954529,1.0,CLIENT,7,2,100000,10,14,0,20383,20395,1359,2,349,1001,14594.048000000004,74,False,False
197,73,-154.54416119170264,372.2607347956023,1.0,CLIENT,7,2,100000,17,19,0,20321,20322,1355,2,348,992,19806.208000000006,74,False,False
197,74,43.09175768701678,-251.1312652045268,1.0,CLIENT,7,2,100000,12,20,0,20354,20354,1355,1,348,999,20848.640000000007,74,False,False

198,0,32.001966647601336,435.9357747954064,1.0,CLIENT,7,2,100000,13,16,0,20325,20327,1371,4,352,1009,16678.912000000004,74,False,False
198,1,406.83690377477785,434.3772947953863,1.0,CLIENT,7,2,100000,15,21,0,20120,20347,1345,6,350,974,21891.072000000007,74,False,False
198,2,467.5931161116241,499.8334547954394,1.0,CLIENT,7,2,100000,11,17,0,19645,20309,1316,8,352,943,17721.344000000005,74,False,False
198,3,-454.04773204491744,34.293214795424944,1.0,CLIENT,7,2,100000,12,27,0,20313,20332,1359,5,349,1002,28145.66400000001,74,False,False
198,4,-115.57146696787325,381.61161479572286,1.0,CLIENT,7,2,100000,16,28,0,20334,20341,1356,5,349,999,29188.096000000012,74,False,False
198,5,-381.64723911752924,-410.31886520443265,1.0,CLIENT,7,2,100000,9,13,0,20121,20340,1354,6,353,989,13551.616000000004,74,False,False
198,6,-295.54293297646564,-495.0333852041126,1.0,CLIENT,7,2,100000,13,23,0,20085,20339,1343,6,350,979,23975.93600000001,74,False,False
198,7,-403.6683956093592,-34.50254520410624,1.0,CLIENT,7,2,100000,18,34,0,20321,20328,1351,5,347,996,35442.68800000002,74,False,False
198,8,155.25707276986245,-359.3343052042272,1.0,CLIENT,7,2,100000,10,12,0,20320,20327,1375,4,353,1016,12509.184000000003,74,False,False
198,9,-47.290039283374846,-274.06318520437054,1.0,CLIENT,7,2,100000,15,20,0,20302,20302,1367,4,351,1007,20848.640000000007,74,False,False
198,10,-237.479955606817,50.87989479546934,1.0,CLIENT,7,2,100000,12,19,0,20328,20328,1367,5,351,1011,19806.208000000006,74,False,False
198,11,192.80393671687395,-239.44266520477157,1.0,CLIENT,7,2,100000,14,14,0,20318,20319,1373,4,352,1014,14594.048000000004,74,False,False
198,12,-174.5849978555881,195.7072147952465,1.0,CLIENT,7,2,100000,15,26,0,20325,20325,1361,4,349,1009,27103.23200000001,74,False,False
198,13,434.32374299394064,-254.248225204567,1.0,CLIENT,7,2,100000,17,22,0,20287,20334,1361,4,350,1001,22933.504000000008,74,False,False
198,14,413.88684236424115,-125.33966520414765,1.0,CLIENT,7,2,100000,14,11,0,20312,20323,1374,5,353,1007,11466.752000000002,74,False,False
198,15,404.85658394683344,-140.81314520462968,1.0,CLIENT,7,2,100000,9,15,0,20328,20343,1372,4,352,1011,15636.480000000005,74,False,False
198,16,469.5734359401314,314.040374795473,1.0,CLIENT,7,2,100000,15,24,0,20192,20310,1349,7,350,993,25018.36800000001,74,False,False
198,17,-221.63739697932184,483.4694147956239,1.0,CLIENT,7,2,100000,13,16,0,20231,20345,1363,4,352,997,16678.912000000004,74,False,False
198,18,401.6880722208841,-480.2278252043172,1.0,CLIENT,7,2,100000,15,33,0,20044,20327,1328,1,347,961,34400.256000000016,74,False,False
198,19,-69.70725974101875,-361.78334520437176,1.0,CLIENT,7,2,100000,13,16,0,20316,20320,1370,5,352,1011,16678.912000000004,74,False,False
198,20,408.3419468445335,341.0911347959913,1.0,CLIENT,7,2,100000,10,12,0,20263,20341,1362,7,353,994,12509.184000000003,74,False,False
198,21,-96.718822200867,-328.9439452042308,1.0,CLIENT,7,2,100000,16,20,0,20323,20323,1366,5,351,1011,20848.640000000007,74,False,False
198,22,-106.06593179115103,-180.55438520474667,1.0,CLIENT,7,2,100000,10,12,0,20315,20315,1373,6,353,1012,12509.184000000003,74,False,False
198,23,2.2971692211183132,-156.73190520398748,1.0,CLIENT,7,2,100000,14,4,0,20304,20304,1382,5,355,1023,4169.728,74,False,False
198,24,-212.6863513548518,-459.52230520438917,1.0,CLIENT,7,2,100000,10,12,0,20239,20336,1367,5,353,1011,12509.184000000003,74,False,False
198,25,209.99311282768647,-144.9319852045133,1.0,CLIENT,7,2,100000,11,12,0,20334,20334,1375,4,353,1020,12509.184000000003,74,False,False
198,26,226.94465055912315,-23.370545204527673,1.0,CLIENT,7,2,100000,12,20,0,20308,20308,1367,4,351,1000,20848.640000000007,74,False,False
198,27,-194.86347289884944,77.81933479547774,1.0,CLIENT,7,2,100000,12,8,0,20326,20326,1379,4,354,1022,8339.456,74,False,False
198,28,345.9222658520563,229.32585479579302,1.0,CLIENT,7,2,100000,17,32,0,20318,20320,1351,8,348,989,33357.824000000015,74,False,False
198,29,-428.54121265482485,-128.6792652044167,1.0,CLIENT,7,2,100000,12,24,0,20315,20345,1360,5,350,1002,25018.36800000001,74,False,False
198,30,-151.77171343156738,120.78885479535387,1.0,CLIENT,7,2,100000,10,28,0,20336,20336,1358,5,349,1002,29188.096000000012,74,False,False
198,31,130.54268131083495,388.29081479547,1.0,CLIENT,7,2,100000,15,25,0,20308,20308,1361,5,349,1002,26060.80000000001,74,False,False
198,32,-262.27355985878216,-254.80482520474368,1.0,CLIENT,7,2,100000,12,19,0,20330,20341,1365,7,351,1001,19806.208000000006,74,False,False
198,33,117.55178323641277,-44.63266520463236,1.0,CLIENT,7,2,100000,11,10,0,20304,20304,1375,6,353,1021,10424.320000000002,74,False,False
198,34,-415.39188899396447,-33.72330520449168,1.0,CLIENT,7,2,100000,12,13,0,20343,20351,1373,5,352,1011,13551.616000000004,74,False,False
198,35,99.1744152281582,-144.5980252045655,1.0,CLIENT,7,2,100000,9,11,0,20313,20313,1376,4,353,1016,11466.752000000002,74,False,False
198,36,-339.9020971335646,-345.4193052045562,1.0,CLIENT,7,2,100000,8,8,0,20295,20379,1371,7,354,1009,8339.456,74,False,False
198,37,146.62287831770593,-236.6596652046792,1.0,CLIENT,7,2,100000,14,16,0,20313,20313,1371,4,352,1017,16678.912000000004,74,False,False
198,38,-412.54022844089155,-223.8578652045706,1.0,CLIENT,7,2,100000,14,24,0,20285,20347,1362,4,350,1002,25018.36800000001,74,False,False
198,39,-146.06839232598432,85.27777479563042,1.0,CLIENT,7,2,100000,17,25,0,20310,20310,1362,4,349,1008,26060.80000000001,74,False,False
198,40,-459.434201978187,446.73381479582815,1.0,CLIENT,7,2,100000,13,21,0,19804,20327,1323,4,350,963,21891.072000000007,74,False,False
198,41,210.23075120706233,133.70197479597238,1.0,CLIENT,7,2,100000,12,16,0,20320,20320,1368,7,352,1015,16678.912000000004,74,False,False
198,42,394.0044312867939,177.11677479551525,1.0,CLIENT,7,2,100000,17,24,0,20346,20349,1362,5,350,999,25018.36800000001,74,False,False
198,43,198.26961944364402,-429.13194520439276,1.0,CLIENT,7,2,100000,16,18,0,20281,20317,1365,4,351,997,18763.776000000005,74,False,False
198,44,-412.3818028544533,199.1581347952345,1.0,CLIENT,7,2,100000,14,21,0,20280,20315,1364,5,351,1005,21891.072000000007,74,False,False
198,45,137.1173431409837,-462.4166252042005,1.0,CLIENT,7,2,100000,18,36,0,20294,20329,1347,4,347,994,37527.55200000002,74,False,False
198,46,483.03961077330524,15.034854795798083,1.0,CLIENT,7,2,100000,12,12,0,20327,20338,1375,4,353,1004,12509.184000000003,74,False,False
198,47,-378.3203018057046,428.92261479571147,1.0,CLIENT,7,2,100000,15,48,0,20087,20322,1312,3,346,944,50036.736000000026,74,False,False
198,48,302.35522962658536,-32.49878520441939,1.0,CLIENT,7,2,100000,11,16,0,20338,20338,1371,4,352,1008,16678.912000000004,74,False,False
198,49,-427.5114463438209,-325.2703852040139,1.0,CLIENT,7,2,100000,17,26,0,20161,20311,1338,7,349,966,27103.23200000001,74,False,False
198,50,-27.72447937824106,-359.1116652039983,1.0,CLIENT,7,2,100000,12,20,0,20326,20331,1366,4,351,1012,20848.640000000007,74,False,False
198,51,-390.5190719484988,97.30033479533347,1.0,CLIENT,7,2,100000,11,24,0,20348,20353,1361,5,350,1007,25018.36800000001,74,False,False
198,52,23.446984988945328,-127.45474520434442,1.0,CLIENT,7,2,100000,8,8,0,20316,20316,1378,5,354,1021,8339.456,74,False,False
198,53,-95.0553535452361,-267.3839852046234,1.0,CLIENT,7,2,100000,11,8,0,20302,20302,1376,7,354,1016,8339.456,74,False,False
198,54,431.39286964793007,55.777974795758496,1.0,CLIENT,7,2,100000,10,16,0,20352,20353,1371,4,352,1002,16678.912000000004,74,False,False
198,55,115.33382502852969,-439.3733852046378,1.0,CLIENT,7,2,100000,10,13,0,20342,20355,1372,4,352,1011,13551.616000000004,74,False,False
198,56,-5.386471713534832,-245.67658520406098,1.0,CLIENT,7,2,100000,10,12,0,20330,20331,1375,3,353,1013,12509.184000000003,74,False,False
198,57,444.93825727404163,-170.6469052044494,1.0,CLIENT,7,2,100000,11,14,0,20301,20332,1369,4,352,1008,14594.048000000004,74,False,False
198,58,248.56974308570184,497.05045479534704,1.0,CLIENT,7,2,100000,11,20,0,20252,20353,1358,6,351,983,20848.640000000007,74,False,False
198,59,-470.8408441904788,16.14805479536045,1.0,CLIENT,7,2,100000,10,10,0,20323,20352,1374,4,353,1006,10424.320000000002,74,False,False
198,60,-285.08684428224007,-102.85302520476165,1.0,CLIENT,7,2,100000,13,17,0,20308,20309,1368,6,352,1011,17721.344000000005,74,False,False
198,61,207.37909065455221,50.657254795240476,1.0,CLIENT,7,2,100000,14,16,0,20307,20307,1370,5,352,1014,16678.912000000004,74,False,False
198,62,-0.47527853901696887,98.85881479535357,1.0,CLIENT,7,2,100000,10,8,0,20310,20310,1378,5,354,1021,8339.456,74,False,False
198,63,-160.88118464247557,-470.5429852042488,1.0,CLIENT,7,2,100000,14,24,0,20266,20347,1354,5,350,982,25018.36800000001,74,False,False
198,64,415.946374985686,-411.9886652041717,1.0,CLIENT,7,2,100000,10,22,0,20173,20354,1343,3,350,979,22933.504000000008,74,False,False
198,65,-279.7003743489705,418.90381479569527,1.0,CLIENT,7,2,100000,16,22,0,20256,20335,1356,5,350,988,22933.504000000008,74,False,False
198,66,294.5131631060569,271.7387747954925,1.0,CLIENT,7,2,100000,15,21,0,20323,20325,1363,7,350,992,21891.072000000007,74,False,False
198,67,-375.5478540455693,-320.3723052045157,1.0,CLIENT,7,2,100000,12,12,0,20234,20338,1366,7,353,1005,12509.184000000003,74,False,False
198,68,-453.57245528616585,-238.77474520408498,1.0,CLIENT,7,2,100000,10,12,0,20262,20363,1368,5,353,1006,12509.184000000003,74,False,False
198,69,168.64403481009865,496.7164947953992,1.0,CLIENT,7,2,100000,11,25,0,20300,20359,1359,5,350,980,26060.80000000001,74,False,False
198,70,389.72694045746584,-166.41674520405587,1.0,CLIENT,7,2,100000,11,13,0,20304,20310,1373,4,352,1016,13551.616000000004,74,False,False
198,71,419.59016347038704,165.3168547952501,1.0,CLIENT,7,2,100000,8,12,0,20343,20347,1373,5,353,1009,12509.184000000003,74,False,False
198,72,448.7404713446179,-384.3813052042677,1.0,CLIENT,7,2,100000,10,18,0,20193,20373,1355,5,351,1001,18763.776000000005,74,False,False
198,73,422.91710078221166,14.032974795954658,1.0,CLIENT,7,2,100000,17,24,0,20322,20326,1361,4,350,998,25018.36800000001,74,False,False
198,74,484.86150501537435,-361.0041052047572,1.0,CLIENT,7,2,100000,12,21,0,20147,20327,1340,4,351,979,21891.072000000007,74,False,False

199,0,-461.65216018607015,-354.7701852046768,1.0,CLIENT,7,2,100000,13,26,0,20156,20282,1318,1,346,957,27103.23200000001,74,False,False
199,1,128.40393589588953,369.36641479579094,1.0,CLIENT,7,2,100000,15,16,0,20252,20252,1350,2,348,991,16678.912000000004,74,False,False
199,2,-267.3431786197382,-236.1030652045025,1.0,CLIENT,7,2,100000,11,4,0,20271,20275,1362,2,351,1009,4169.728,74,False,False
199,3,230.43001345738597,-434.9205852040154,1.0,CLIENT,7,2,100000,12,28,0,20257,20275,1336,2,345,975,29188.096000000012,74,False,False
199,4,-107.01648530921725,-295.10266520424636,1.0,CLIENT,7,2,100000,16,24,0,20232,20233,1342,2,346,984,25018.36800000001,74,False,False
199,5,99.80811757334806,-81.7022252043759,1.0,CLIENT,7,2,100000,9,12,0,20259,20259,1354,2,349,995,12509.184000000003,74,False,False
199,6,-265.04600761891743,125.68693479564303,1.0,CLIENT,7,2,100000,13,8,0,20229,20229,1358,2,350,997,8339.456,74,False,False
199,7,-11.327431198493732,231.88621479565654,1.0,CLIENT,7,2,100000,18,28,0,20235,20235,1338,2,345,981,29188.096000000012,74,False,False
199,8,58.93431631451192,62.45717479550564,1.0,CLIENT,7,2,100000,10,13,0,20254,20255,1354,0,349,991,13551.616000000004,74,False,False
199,9,-321.04945236712115,147.72829479536227,1.0,CLIENT,7,2,100000,16,19,0,20230,20230,1347,2,347,989,19806.208000000006,74,False,False
199,10,124.60172182531322,154.51881479561933,1.0,CLIENT,7,2,100000,12,16,0,20245,20245,1351,1,348,993,16678.912000000004,74,False,False
199,11,-389.4893056380577,-192.2429852045019,1.0,CLIENT,7,2,100000,14,13,0,20251,20254,1353,2,348,989,13551.616000000004,74,False,False
199,12,423.3923775409634,-389.5020252039947,1.0,CLIENT,7,2,100000,15,33,0,20205,20296,1324,2,344,964,34400.256000000016,74,False,False
199,13,233.99458914858644,-490.80322520451006,1.0,CLIENT,7,2,100000,17,28,0,20246,20282,1338,1,345,976,29188.096000000012,74,False,False
199,14,279.85879637544093,58.33833479562202,1.0,CLIENT,7,2,100000,14,12,0,20253,20253,1354,2,349,999,12509.184000000003,74,False,False
199,15,-202.86396500581608,31.955494795790287,1.0,CLIENT,7,2,100000,9,9,0,20267,20267,1358,1,349,1000,9381.888,74,False,False
199,16,-468.46446039615756,39.85921479560972,1.0,CLIENT,7,2,100000,15,20,0,20237,20247,1345,1,347,983,20848.640000000007,74,False,False
199,17,402.48020015251217,-136.91694520418395,1.0,CLIENT,7,2,100000,13,16,0,20309,20310,1350,2,348,983,16678.912000000004,74,False,False
199,18,-216.80541659774164,149.62073479533018,1.0,CLIENT,7,2,100000,15,20,0,20227,20227,1346,2,347,991,20848.640000000007,74,False,False
199,19,-242.0742976084585,457.8658147954067,1.0,CLIENT,7,2,100000,14,20,0,20242,20288,1345,2,347,980,20848.640000000007,74,False,False
199,20,485.49520736056417,230.66169479558425,1.0,CLIENT,7,2,100000,10,12,0,20258,20296,1350,2,349,993,12509.184000000003,74,False,False
199,21,175.85239898543728,30.730974795717998,1.0,CLIENT,7,2,100000,17,20,0,20238,20238,1347,1,347,988,20848.640000000007,74,False,False
199,22,76.04427963238678,500.27873479589715,1.0,CLIENT,7,2,100000,10,12,0,20282,20296,1351,2,349,991,12509.184000000003,74,False,False
199,23,-401.2920118156007,398.86621479566287,1.0,CLIENT,7,2,100000,14,8,0,20140,20273,1345,2,350,979,8339.456,74,False,False
199,24,386.1623647662654,-3.778225204162027,1.0,CLIENT,7,2,100000,10,12,0,20277,20277,1354,2,349,993,12509.184000000003,74,False,False
199,25,-155.81156588208236,-180.55438520474667,1.0,CLIENT,7,2,100000,12,8,0,20240,20240,1358,2,350,992,8339.456,74,False,False
199,26,120.40344378948572,-427.3508252041438,1.0,CLIENT,7,2,100000,12,21,0,20264,20265,1345,2,347,976,21891.072000000007,74,False,False
199,27,-413.56999475189536,263.50109479572524,1.0,CLIENT,7,2,100000,12,12,0,20251,20271,1354,2,349,991,12509.184000000003,74,False,False
199,28,-411.0351853711359,-320.70626520446353,1.0,CLIENT,7,2,100000,17,39,0,20207,20255,1318,2,343,967,40654.84800000002,74,False,False
199,29,-380.2214088407114,-120.99818520403517,1.0,CLIENT,7,2,100000,12,18,0,20258,20260,1348,1,347,985,18763.776000000005,74,False,False
199,30,81.98523911734567,-45.52322520475684,1.0,CLIENT,7,2,100000,10,24,0,20259,20259,1342,2,346,983,25018.36800000001,74,False,False
199,31,475.11833145983917,408.21709479578345,1.0,CLIENT,7,2,100000,15,40,0,20111,20324,1305,1,341,940,41697.28000000002,74,False,False
199,32,-356.85363486500125,-5.114065204744236,1.0,CLIENT,7,2,100000,12,18,0,20257,20257,1348,2,347,985,18763.776000000005,74,False,False
199,33,-97.19409896018152,59.56285479569431,1.0,CLIENT,7,2,100000,11,12,0,20239,20239,1355,1,349,992,12509.184000000003,74,False,False
199,34,461.09766707441304,-284.08198520438674,1.0,CLIENT,7,2,100000,12,16,0,20275,20302,1350,1,348,980,16678.912000000004,74,False,False
199,35,388.85559973290015,-120.88686520431622,1.0,CLIENT,7,2,100000,9,19,0,20301,20302,1348,1,347,988,19806.208000000006,74,False,False
199,36,-330.07971078452886,354.5608547959955,1.0,CLIENT,7,2,100000,8,8,0,20271,20302,1355,2,350,987,8339.456,74,False,False
199,37,-104.71931430783364,-214.95226520411677,1.0,CLIENT,7,2,100000,14,16,0,20253,20253,1351,1,348,996,16678.912000000004,74,False,False
199,38,-351.86322889754575,-133.79998520414375,1.0,CLIENT,7,2,100000,14,20,0,20260,20263,1346,1,347,982,20848.640000000007,74,False,False
199,39,0.6337005649245758,399.08885479589173,1.0,CLIENT,7,2,100000,17,27,0,20250,20250,1339,2,345,984,28145.66400000001,74,False,False
199,40,205.39877082604497,-82.48146520399047,1.0,CLIENT,7,2,100000,13,16,0,20258,20258,1350,2,348,995,16678.912000000004,74,False,False
199,41,205.95326037773432,-347.534385204753,1.0,CLIENT,7,2,100000,12,20,0,20276,20277,1346,2,347,984,20848.640000000007,74,False,False
199,42,98.14464891771716,-42.8515452043834,1.0,CLIENT,7,2,100000,18,22,0,20247,20247,1344,2,346,993,22933.504000000008,74,False,False
199,43,-331.58475385428443,126.5774947957675,1.0,CLIENT,7,2,100000,16,17,0,20251,20251,1349,2,347,982,17721.344000000005,74,False,False
199,44,40.95301227207136,432.37353479569947,1.0,CLIENT,7,2,100000,14,36,0,20282,20282,1330,2,343,981,37527.55200000002,74,False,False
199,45,-447.86913418058276,27.725334795396748,1.0,CLIENT,7,2,100000,18,32,0,20223,20226,1334,2,344,984,33357.824000000015,74,False,False
199,46,104.16482119617656,174.89037479559954,1.0,CLIENT,7,2,100000,12,12,0,20262,20262,1355,1,349,993,12509.184000000003,74,False,False
199,47,384.02361935131995,-253.80294520410928,1.0,CLIENT,7,2,100000,15,32,0,20263,20269,1334,2,344,982,33357.824000000015,74,False,False
199,48,187.25904119716623,-139.69994520427633,1.0,CLIENT,7,2,100000,11,16,0,20236,20236,1350,2,348,998,16678.912000000004,74,False,False
199,49,-274.70996838151495,-312.1346252047485,1.0,CLIENT,7,2,100000,17,25,0,20235,20244,1341,2,345,983,26060.80000000001,74,False,False
199,50,244.1338266704985,483.91469479529064,1.0,CLIENT,7,2,100000,12,35,0,20262,20309,1325,2,345,953,36485.12000000002,74,False,False
199,51,-390.5190719484988,-152.50174520438492,1.0,CLIENT,7,2,100000,12,21,0,20260,20266,1345,2,346,982,21891.072000000007,74,False,False
199,52,51.17146258692111,-442.3790252041681,1.0,CLIENT,7,2,100000,8,14,0,20295,20300,1352,2,348,989,14594.048000000004,74,False,False
199,53,-428.9372766206388,176.8941347952864,1.0,CLIENT,7,2,100000,11,16,0,20267,20280,1348,2,348,984,16678.912000000004,74,False,False
199,54,-206.98303024870592,-41.404385204082246,1.0,CLIENT,7,2,100000,10,12,0,20247,20247,1354,2,349,991,12509.184000000003,74,False,False
199,55,-392.1825406046925,106.31725479550624,1.0,CLIENT,7,2,100000,10,13,0,20267,20270,1353,2,348,989,13551.616000000004,74,False,False
199,56,257.4415759172342,-273.9518652046516,1.0,CLIENT,7,2,100000,11,9,0,20264,20264,1357,2,349,991,9381.888,74,False,False
199,57,-99.09520599518825,-123.89250520463747,1.0,CLIENT,7,2,100000,11,13,0,20261,20261,1354,1,348,1002,13551.616000000004,74,False,False
199,58,-21.86273268621983,10.248094795227871,1.0,CLIENT,7,2,100000,11,13,0,20241,20242,1354,0,349,998,13551.616000000004,74,False,False
199,59,430.9175928886155,-348.2023052046486,1.0,CLIENT,7,2,100000,10,16,0,20262,20323,1347,2,348,985,16678.912000000004,74,False,False
199,60,-105.11537827364766,153.29429479554705,1.0,CLIENT,7,2,100000,13,17,0,20249,20249,1349,2,347,1000,17721.344000000005,74,False,False
199,61,-278.0369056933396,-412.0999852046816,1.0,CLIENT,7,2,100000,14,20,0,20228,20252,1343,2,347,984,20848.640000000007,74,False,False
199,62,83.01500542834955,11.47261479530016,1.0,CLIENT,7,2,100000,10,8,0,20252,20252,1359,1,350,1004,8339.456,74,False,False
199,63,285.48290468808636,441.1678147956434,1.0,CLIENT,7,2,100000,14,36,0,20289,20317,1328,2,343,975,37527.55200000002,74,False,False
199,64,-285.00763148930236,-214.1730252045022,1.0,CLIENT,7,2,100000,10,13,0,20268,20271,1353,2,348,990,13551.616000000004,74,False,False
199,65,-290.9485909748241,-219.73902520468698,1.0,CLIENT,7,2,100000,16,20,0,20253,20255,1346,2,347,981,20848.640000000007,74,False,False
199,66,-301.8799564278014,-327.94206520438735,1.0,CLIENT,7,2,100000,16,21,0,20250,20262,1343,2,346,982,21891.072000000007,74,False,False
199,67,312.17761597562105,-389.05674520432797,1.0,CLIENT,7,2,100000,12,14,0,20262,20281,1352,2,348,983,14594.048000000004,74,False,False
199,68,162.3862241522634,270.1802947954724,1.0,CLIENT,7,2,100000,10,8,0,20277,20277,1358,2,350,989,8339.456,74,False,False
199,69,-371.8248527679307,174.55641479565173,1.0,CLIENT,7,2,100000,11,21,0,20248,20254,1344,2,347,984,21891.072000000007,74,False,False
199,70,293.72103517442883,-275.8443052046195,1.0,CLIENT,7,2,100000,11,16,0,20271,20271,1350,2,348,990,16678.912000000004,74,False,False
199,71,-189.31857737914171,326.9534947953005,1.0,CLIENT,7,2,100000,9,13,0,20288,20289,1353,2,348,987,13551.616000000004,74,False,False
199,72,-127.92866269710558,-37.619505204146435,1.0,CLIENT,7,2,100000,10,5,0,20254,20254,1362,1,350,1006,5212.16,74,False,False
199,73,-273.44256369113526,275.3010147959904,1.0,CLIENT,7,2,100000,17,20,0,20238,20240,1347,1,347,985,20848.640000000007,74,False,False
199,74,473.5340755971459,-87.15690520405076,1.0,CLIENT,7,2,100000,12,20,0,20267,20275,1346,2,347,983,20848.640000000007,74,False,False

200,0,-493.97097978625027,-351.9871852045844,1.0,CLIENT,7,2,100000,13,18,0,30265,30674,1381,9,364,1002,18763.776000000005,99,False,False
200,1,-465.137523084333,-161.07338520409996,1.0,CLIENT,7,2,100000,14,16,0,30624,30677,1401,10,364,1027,16678.912000000004,99,False,False
200,2,-132.76064307868577,-267.16134520439454,1.0,CLIENT,7,2,100000,10,4,0,30680,30680,1415,12,367,1043,4169.728,99,False,False
200,3,305.1276773861578,10.804694795404544,1.0,CLIENT,7,2,100000,12,17,0,30664,30665,1405,9,364,1035,17721.344000000005,99,False,False
200,4,-499.8327264788344,388.06817479524113,1.0,CLIENT,7,2,100000,15,31,0,30322,30659,1364,6,361,977,32315.392000000014,99,False,False
200,5,-82.22288105668925,251.81249479597,1.0,CLIENT,7,2,100000,9,8,0,30677,30678,1413,10,366,1029,8339.456,99,False,False
200,6,-215.8548630802383,16.927294795765988,1.0,CLIENT,7,2,100000,13,11,0,30674,30674,1410,10,365,1024,11466.752000000002,99,False,False
200,7,-229.95474025860202,349.1061747955297,1.0,CLIENT,7,2,100000,17,23,0,30647,30660,1398,9,362,1023,23975.93600000001,99,False,False
200,8,-138.06790021901764,-266.0481452040412,1.0,CLIENT,7,2,100000,9,13,0,30689,30690,1406,11,365,1034,13551.616000000004,99,False,False
200,9,415.1542470546209,379.9418147959838,1.0,CLIENT,7,2,100000,15,21,0,30338,30658,1373,14,363,988,21891.072000000007,99,False,False
200,10,-248.49053385273191,-181.22230520464228,1.0,CLIENT,7,2,100000,12,16,0,30683,30683,1402,13,364,1032,16678.912000000004,99,False,False
200,11,392.8162393893518,157.63577479565953,1.0,CLIENT,7,2,100000,14,9,0,30648,30663,1412,9,365,1040,9381.888,99,False,False
200,12,-309.80123574126753,257.26717479564485,1.0,CLIENT,7,2,100000,15,14,0,30639,30649,1406,9,364,1030,14594.048000000004,99,False,False
200,13,-59.805660599045346,-415.7735452041075,1.0,CLIENT,7,2,100000,15,14,0,30677,30681,1408,9,364,1038,14594.048000000004,99,False,False
200,14,-227.26150529196724,-239.2200252045427,1.0,CLIENT,7,2,100000,14,12,0,30653,30653,1408,11,365,1031,12509.184000000003,99,False,False
200,15,469.1773719743174,-56.543905204616465,1.0,CLIENT,7,2,100000,9,8,0,30628,30694,1407,8,366,1026,8339.456,99,False,False
200,16,-475.9104629508721,-101.96246520463717,1.0,CLIENT,7,2,100000,15,21,0,30615,30666,1401,9,363,1016,21891.072000000007,99,False,False
200,17,-235.49963577830974,-331.05902520442754,1.0,CLIENT,7,2,100000,12,8,0,30675,30678,1411,12,366,1040,8339.456,99,False,False
200,18,-17.506029063391317,-459.74494520461803,1.0,CLIENT,7,2,100000,15,20,0,30646,30664,1398,11,363,1024,20848.640000000007,99,False,False
200,19,-461.73137297957066,-349.9834252041066,1.0,CLIENT,7,2,100000,13,16,0,30394,30672,1395,11,364,1010,16678.912000000004,99,False,False
200,20,128.5623614823277,-394.4001052042839,1.0,CLIENT,7,2,100000,9,8,0,30676,30693,1411,10,366,1028,8339.456,99,False,False
200,21,68.36063869773363,-413.10186520452504,1.0,CLIENT,7,2,100000,15,16,0,30643,30655,1404,10,364,1020,16678.912000000004,99,False,False
200,22,-464.8206719120194,79.37781479549784,1.0,CLIENT,7,2,100000,9,12,0,30677,30703,1407,9,365,1030,12509.184000000003,99,False,False
200,23,-403.8268211957973,-62.10990520401026,1.0,CLIENT,7,2,100000,14,4,0,30658,30663,1418,9,367,1037,4169.728,99,False,False
200,24,-355.4278045887462,-390.0586252041714,1.0,CLIENT,7,2,100000,10,12,0,30584,30699,1394,13,365,1009,12509.184000000003,99,False,False
200,25,-75.965070398854,-433.918705204172,1.0,CLIENT,7,2,100000,11,8,0,30671,30683,1412,10,366,1030,8339.456,99,False,False
200,26,-311.14785322458494,483.69205479585275,1.0,CLIENT,7,2,100000,12,21,0,30481,30669,1387,8,363,1001,21891.072000000007,99,False,False
200,27,-31.605906241755047,444.50741479591244,1.0,CLIENT,7,2,100000,11,8,0,30683,30693,1414,9,366,1023,8339.456,99,False,False
200,28,-97.27331175311919,-309.6855852046039,1.0,CLIENT,7,2,100000,17,24,0,30655,30655,1396,11,362,1025,25018.36800000001,99,False,False
200,29,101.70922460891764,49.878014795625916,1.0,CLIENT,7,2,100000,12,8,0,30636,30636,1410,13,366,1032,8339.456,99,False,False
200,30,-263.6201773420995,466.5487747956317,1.0,CLIENT,7,2,100000,10,27,0,30593,30703,1390,9,361,1018,28145.66400000001,99,False,False
200,31,-499.3574497200826,462.2072947955192,1.0,CLIENT,7,2,100000,15,31,0,30098,30639,1344,7,359,963,32315.392000000014,99,False,False
200,32,120.64108216886156,474.7864547953989,1.0,CLIENT,7,2,100000,12,19,0,30661,30698,1398,12,363,1019,19806.208000000006,99,False,False
200,33,101.4715862295418,-117.88122520399497,1.0,CLIENT,7,2,100000,11,8,0,30656,30656,1414,9,366,1046,8339.456,99,False,False
200,34,286.9087349643414,93.40413479567871,1.0,CLIENT,7,2,100000,11,12,0,30686,30686,1408,11,365,1040,12509.184000000003,99,False,False
200,35,497.61476471098354,-371.80214520438795,1.0,CLIENT,7,2,100000,9,20,0,30204,30675,1353,6,362,974,20848.640000000007,99,False,False
200,36,201.99262072128266,497.16177479585696,1.0,CLIENT,7,2,100000,8,5,0,30516,30690,1401,13,366,1012,5212.16,99,False,False
200,37,-5.703322885848342,-274.953745204495,1.0,CLIENT,7,2,100000,14,12,0,30658,30658,1409,10,365,1040,12509.184000000003,99,False,False
200,38,-167.93112323193884,-373.1379852041792,1.0,CLIENT,7,2,100000,14,16,0,30657,30661,1403,12,364,1029,16678.912000000004,99,False,False
200,39,392.4993882170383,336.86097479559777,1.0,CLIENT,7,2,100000,17,26,0,30505,30678,1381,13,361,1001,27103.23200000001,99,False,False
200,40,374.99336093391224,148.28489479553895,1.0,CLIENT,7,2,100000,12,15,0,30651,30667,1406,9,364,1031,15636.480000000005,99,False,False
200,41,-202.38868824650157,247.24837479562865,1.0,CLIENT,7,2,100000,12,12,0,30656,30656,1411,8,365,1029,12509.184000000003,99,False,False
200,42,42.14120416895057,-186.12038520414046,1.0,CLIENT,7,2,100000,17,16,0,30636,30636,1406,9,364,1031,16678.912000000004,99,False,False
200,43,-283.8194395924232,221.64477479541148,1.0,CLIENT,7,2,100000,15,18,0,30667,30672,1404,7,363,1020,18763.776000000005,99,False,False
200,44,-359.54686983163606,-452.3978252041843,1.0,CLIENT,7,2,100000,14,17,0,30475,30671,1392,12,363,1017,17721.344000000005,99,False,False
200,45,147.2565806628958,-375.80966520455263,1.0,CLIENT,7,2,100000,17,24,0,30620,30639,1397,10,362,1031,25018.36800000001,99,False,False
200,46,-319.0691325386139,-73.35322520409875,1.0,CLIENT,7,2,100000,12,12,0,30685,30685,1410,9,365,1022,12509.184000000003,99,False,False
200,47,-192.0118123457765,-457.9638252043691,1.0,CLIENT,7,2,100000,15,20,0,30637,30668,1398,10,363,1012,20848.640000000007,99,False,False
200,48,475.6728210115284,153.07165479531818,1.0,CLIENT,7,2,100000,11,16,0,30574,30672,1400,9,364,1024,16678.912000000004,99,False,False
200,49,16.793110365296062,-475.9976652047146,1.0,CLIENT,7,2,100000,15,18,0,30634,30660,1402,10,362,1027,18763.776000000005,99,False,False
200,50,-493.09963906168457,-206.26930520468278,1.0,CLIENT,7,2,100000,12,20,0,30556,30690,1396,9,363,1012,20848.640000000007,99,False,False
200,51,263.69938657506947,-198.36558520407237,1.0,CLIENT,7,2,100000,11,18,0,30670,30673,1404,9,363,1035,18763.776000000005,99,False,False
200,52,-81.50996591856172,77.04009479586318,1.0,CLIENT,7,2,100000,8,4,0,30675,30675,1415,12,367,1045,4169.728,99,False,False
200,53,39.36875640937813,336.52701479564996,1.0,CLIENT,7,2,100000,11,11,0,30673,30673,1411,9,365,1030,11466.752000000002,99,False,False
200,54,-475.9104629508721,-411.20942520455714,1.0,CLIENT,7,2,100000,10,15,0,30180,30673,1375,12,364,993,15636.480000000005,99,False,False
200,55,305.2068901796583,-240.7785052045628,1.0,CLIENT,7,2,100000,10,12,0,30669,30688,1410,8,365,1041,12509.184000000003,99,False,False
200,56,-1.9011088152720232,247.58233479557646,1.0,CLIENT,7,2,100000,10,4,0,30661,30661,1417,10,367,1044,4169.728,99,False,False
200,57,62.49889200571239,87.05889479587938,1.0,CLIENT,7,2,100000,10,13,0,30669,30669,1405,13,364,1029,13551.616000000004,99,False,False
200,58,-0.3168529525787937,52.10441479554163,1.0,CLIENT,7,2,100000,10,12,0,30671,30671,1406,13,365,1026,12509.184000000003,99,False,False
200,59,-202.46790104000206,125.46429479541416,1.0,CLIENT,7,2,100000,10,5,0,30683,30683,1417,9,366,1044,5212.16,99,False,False
200,60,169.35694994822617,-126.89814520416775,1.0,CLIENT,7,2,100000,13,12,0,30649,30649,1410,9,365,1037,12509.184000000003,99,False,False
200,61,434.71980695919177,54.77609479591507,1.0,CLIENT,7,2,100000,14,10,0,30623,30645,1410,9,365,1030,10424.320000000002,99,False,False
200,62,432.8979127171227,254.81813479550027,1.0,CLIENT,7,2,100000,9,8,0,30573,30693,1405,11,366,1021,8339.456,99,False,False
200,63,70.81623528499256,93.0701747957309,1.0,CLIENT,7,2,100000,14,11,0,30654,30654,1407,13,365,1038,11466.752000000002,99,False,False
200,64,-317.2472382965448,-74.8003852043999,1.0,CLIENT,7,2,100000,10,12,0,30682,30682,1411,8,365,1040,12509.184000000003,99,False,False
200,65,-387.42977301605,-192.57694520444971,1.0,CLIENT,7,2,100000,14,16,0,30660,30676,1403,11,364,1023,16678.912000000004,99,False,False
200,66,204.28979172210342,-62.77782520469685,1.0,CLIENT,7,2,100000,15,18,0,30659,30659,1404,9,363,1027,18763.776000000005,99,False,False
200,67,301.48388890201966,-127.00946520467767,1.0,CLIENT,7,2,100000,11,8,0,30664,30669,1415,8,366,1036,8339.456,99,False,False
200,68,466.9594137664343,333.07609479566196,1.0,CLIENT,7,2,100000,10,12,0,30316,30700,1383,12,365,997,12509.184000000003,99,False,False
200,69,21.387452366937573,63.12509479540125,1.0,CLIENT,7,2,100000,11,14,0,30656,30656,1406,11,364,1030,14594.048000000004,99,False,False
200,70,201.99262072128266,421.90945479522554,1.0,CLIENT,7,2,100000,11,12,0,30622,30669,1404,13,365,1018,12509.184000000003,99,False,False
200,71,283.8194360324554,8.021694795312158,1.0,CLIENT,7,2,100000,8,12,0,30676,30677,1411,8,365,1031,12509.184000000003,99,False,False
200,72,342.7537541266698,185.3544547952825,1.0,CLIENT,7,2,100000,9,8,0,30676,30684,1411,12,366,1028,8339.456,99,False,False
200,73,281.6014778245723,-336.73634520433126,1.0,CLIENT,7,2,100000,16,16,0,30606,30648,1403,9,364,1025,16678.912000000004,99,False,False
200,74,395.90553832180063,-407.53586520434027,1.0,CLIENT,7,2,100000,12,21,0,30403,30688,1372,8,362,992,21891.072000000007,99,False,False
200,75,308.7714658702959,107.98705479524529,1.0,CLIENT,7,2,100000,12,16,0,30662,30662,1406,9,364,1033,16678.912000000004,99,False,False
200,76,-370.00295852586163,-449.72614520460183,1.0,CLIENT,7,2,100000,14,15,0,30431,30658,1386,11,365,1003,15636.480000000005,99,False,False
200,77,-176.32767930471954,442.2810147959967,1.0,CLIENT,7,2,100000,13,12,0,30641,30675,1408,9,365,1028,12509.184000000003,99,False,False
200,78,-482.009848022832,-85.48710520431172,1.0,CLIENT,7,2,100000,14,8,0,30622,30669,1409,9,366,1026,8339.456,99,False,False
200,79,-267.580816999114,-291.5404252045394,1.0,CLIENT,7,2,100000,14,24,0,30664,30669,1395,12,362,1028,25018.36800000001,99,False,False
200,80,147.33579345583345,281.3122947958419,1.0,CLIENT,7,2,100000,9,12,0,30658,30658,1409,10,365,1026,12509.184000000003,99,False,False
200,81,-467.43469408515364,19.710294795858374,1.0,CLIENT,7,2,100000,15,16,0,30651,30670,1406,8,364,1018,16678.912000000004,99,False,False
200,82,95.13456277820603,128.91521479540216,1.0,CLIENT,7,2,100000,11,12,0,30668,30668,1407,12,365,1036,12509.184000000003,99,False,False
200,83,209.67626165537297,223.09193479571263,1.0,CLIENT,7,2,100000,15,15,0,30654,30654,1405,11,364,1026,15636.480000000005,99,False,False
200,84,-9.743175335800503,352.11181479585093,1.0,CLIENT,7,2,100000,11,11,0,30676,30677,1412,8,365,1042,11466.752000000002,99,False,False
200,85,-324.8516664376975,-117.32462520460928,1.0,CLIENT,7,2,100000,12,12,0,30659,30664,1408,11,365,1037,12509.184000000003,99,False,False
200,86,-102.65978168638873,351.7778547959031,1.0,CLIENT,7,2,100000,13,8,0,30651,30653,1415,8,366,1033,8339.456,99,False,False
200,87,-267.26396582623767,43.75541479526447,1.0,CLIENT,7,2,100000,15,17,0,30661,30661,1404,10,363,1029,17721.344000000005,99,False,False
200,88,281.91832899688586,-346.9777852045763,1.0,CLIENT,7,2,100000,10,13,0,30639,30690,1407,8,364,1038,13551.616000000004,99,False,False
200,89,-373.3298958376863,-211.83530520407658,1.0,CLIENT,7,2,100000,10,8,0,30703,30714,1412,11,366,1033,8339.456,99,False,False
200,90,471.3161173892628,333.5213747953287,1.0,CLIENT,7,2,100000,15,21,0,30235,30651,1373,13,363,993,21891.072000000007,99,False,False
200,91,-471.87061050091984,5.461334795448636,1.0,CLIENT,7,2,100000,13,13,0,30662,30686,1409,8,364,1028,13551.616000000004,99,False,False
200,92,94.81771160589253,174.7790547958806,1.0,CLIENT,7,2,100000,10,13,0,30668,30668,1406,12,364,1035,13551.616000000004,99,False,False
200,93,493.57491226046847,262.8331747958296,1.0,CLIENT,7,2,100000,16,17,0,30350,30669,1389,10,364,1004,17721.344000000005,99,False,False
200,94,138.38474783136343,101.1965347957792,1.0,CLIENT,7,2,100000,13,24,0,30677,30677,1394,13,362,1029,25018.36800000001,99,False,False
200,95,-447.4730702147687,208.17505479540728,1.0,CLIENT,7,2,100000,11,8,0,30636,30688,1409,10,366,1037,8339.456,99,False,False
200,96,137.59261990029825,64.2382947957546,1.0,CLIENT,7,2,100000,15,8,0,30642,30642,1413,10,366,1027,8339.456,99,False,False
200,97,478.841332736915,-419.0018252046576,1.0,CLIENT,7,2,100000,13,28,0,30112,30682,1336,6,358,954,29188.096000000012,99,False,False
200,98,-249.9163641295498,431.70561479580385,1.0,CLIENT,7,2,100000,13,16,0,30607,30666,1400,8,364,1014,16678.912000000004,99,False,False
200,99,28.278965369962684,228.8805747953353,1.0,CLIENT,7,2,100000,14,16,0,30649,30649,1402,13,364,1021,16678.912000000004,99,False,False

201,0,300.13727141870226,310.47813479576604,1.0,CLIENT,7,2,100000,13,8,0,31705,31738,1419,5,372,1031,8339.456,99,False,False
201,1,464.7414555585512,41.862974795296566,1.0,CLIENT,7,2,100000,14,16,0,31725,31756,1415,4,370,1035,16678.912000000004,99,False,False
201,2,-393.5291580880099,276.8594947960105,1.0,CLIENT,7,2,100000,11,4,0,31767,31780,1423,5,373,1032,4169.728,99,False,False
201,3,-288.8890583528164,274.18781479563705,1.0,CLIENT,7,2,100000,12,21,0,31765,31769,1408,6,368,1028,21891.072000000007,99,False,False
201,4,-299.6619982199183,-276.62354520423406,1.0,CLIENT,7,2,100000,15,24,0,31728,31733,1404,7,368,1031,25018.36800000001,99,False,False
201,5,-489.77270175042275,239.0106947958614,1.0,CLIENT,7,2,100000,9,12,0,31724,31786,1414,6,370,1027,12509.184000000003,99,False,False
201,6,-406.67848174887024,483.1354547956761,1.0,CLIENT,7,2,100000,13,18,0,31371,31748,1390,5,369,1010,18763.776000000005,99,False,False
201,7,-326.99041185208006,-372.9153452047413,1.0,CLIENT,7,2,100000,17,21,0,31709,31736,1406,6,368,1022,21891.072000000007,99,False,False
201,8,-13.703814992814998,-402.6377852040511,1.0,CLIENT,7,2,100000,10,11,0,31757,31760,1420,3,371,1041,11466.752000000002,99,False,False
201,9,-442.48266424675035,-252.91238520477577,1.0,CLIENT,7,2,100000,15,22,0,31718,31769,1405,8,368,1018,22933.504000000008,99,False,False
201,10,194.30897978662952,125.90957479587189,1.0,CLIENT,7,2,100000,12,15,0,31740,31740,1415,5,370,1037,15636.480000000005,99,False,False
201,11,124.60172182531322,-438.7054652047422,1.0,CLIENT,7,2,100000,14,11,0,31726,31747,1418,4,371,1034,11466.752000000002,99,False,False
201,12,-1.6634704358961807,-354.1022652039902,1.0,CLIENT,7,2,100000,15,17,0,31737,31738,1413,5,369,1029,17721.344000000005,99,False,False
201,13,165.23788470533634,32.84605479591477,1.0,CLIENT,7,2,100000,15,12,0,31723,31723,1419,4,371,1044,12509.184000000003,99,False,False
201,14,164.92103353246,-130.2377452044368,1.0,CLIENT,7,2,100000,14,12,0,31742,31742,1418,5,371,1039,12509.184000000003,99,False,False
201,15,455.39434596826715,260.1614947954562,1.0,CLIENT,7,2,100000,9,11,0,31637,31782,1407,5,370,1026,11466.752000000002,99,False,False
201,16,-59.647235012607176,-215.28622520406458,1.0,CLIENT,7,2,100000,15,18,0,31735,31735,1411,6,369,1039,18763.776000000005,99,False,False
201,17,-199.93309165924262,152.96033479559924,1.0,CLIENT,7,2,100000,12,8,0,31738,31738,1421,6,372,1041,8339.456,99,False,False
201,18,-340.61501227169214,-102.29642520458498,1.0,CLIENT,7,2,100000,15,19,0,31731,31733,1410,7,369,1023,19806.208000000006,99,False,False
201,19,-60.75621411654872,-45.07794520429911,1.0,CLIENT,7,2,100000,13,8,0,31730,31730,1420,7,372,1039,8339.456,99,False,False
201,20,-442.9579410060649,456.41865479589654,1.0,CLIENT,7,2,100000,10,12,0,31385,31773,1392,3,369,992,12509.184000000003,99,False,False
201,21,87.68856022349158,442.7262947956635,1.0,CLIENT,7,2,100000,15,20,0,31722,31754,1411,4,369,1034,20848.640000000007,99,False,False
201,22,-181.79336203092674,-206.15798520417286,1.0,CLIENT,7,2,100000,9,12,0,31773,31773,1416,7,371,1035,12509.184000000003,99,False,False
201,23,-105.03616548071,-231.9842252046189,1.0,CLIENT,7,2,100000,14,4,0,31752,31752,1427,4,373,1041,4169.728,99,False,False
201,24,407.9458828787194,33.29133479558152,1.0,CLIENT,7,2,100000,10,12,0,31748,31756,1418,5,371,1043,12509.184000000003,99,False,False
201,25,-487.39631795610154,-245.23130520439423,1.0,CLIENT,7,2,100000,11,10,0,31702,31777,1411,8,371,1028,10424.320000000002,99,False,False
201,26,-137.1173467015143,11.917894795757888,1.0,CLIENT,7,2,100000,12,12,0,31726,31726,1416,7,371,1032,12509.184000000003,99,False,False
201,27,-413.3323563725196,169.21305479569583,1.0,CLIENT,7,2,100000,11,8,0,31753,31760,1421,5,372,1037,8339.456,99,False,False
201,28,372.5377643466534,224.98437479568054,1.0,CLIENT,7,2,100000,17,27,0,31716,31744,1398,6,367,1012,28145.66400000001,99,False,False
201,29,38.33899009837425,386.0644147955543,1.0,CLIENT,7,2,100000,12,14,0,31747,31751,1417,4,370,1036,14594.048000000004,99,False,False
201,30,37.7845005466849,312.8158547954007,1.0,CLIENT,7,2,100000,10,16,0,31746,31747,1415,4,370,1035,16678.912000000004,99,False,False
201,31,-140.68192239271477,288.54809479576573,1.0,CLIENT,7,2,100000,15,24,0,31742,31742,1406,5,367,1028,25018.36800000001,99,False,False
201,32,-188.52644944751367,-376.3662652047293,1.0,CLIENT,7,2,100000,12,17,0,31763,31764,1413,5,369,1023,17721.344000000005,99,False,False
201,33,62.815743178025905,309.25361479569375,1.0,CLIENT,7,2,100000,11,12,0,31755,31757,1419,4,371,1031,12509.184000000003,99,False,False
201,34,190.1899145437397,-451.5072652040598,1.0,CLIENT,7,2,100000,11,12,0,31673,31754,1413,5,371,1023,12509.184000000003,99,False,False
201,35,-263.14490058334786,-472.99202520439337,1.0,CLIENT,7,2,100000,9,12,0,31720,31785,1412,5,371,1019,12509.184000000003,99,False,False
201,36,-52.9933603889579,353.0023747959754,1.0,CLIENT,7,2,100000,8,4,0,31764,31764,1426,5,373,1046,4169.728,99,False,False
201,37,-230.4300170173537,-16.357385204041748,1.0,CLIENT,7,2,100000,14,12,0,31743,31743,1417,6,371,1037,12509.184000000003,99,False,False
201,38,184.8034446099073,489.1467347955276,1.0,CLIENT,7,2,100000,14,16,0,31649,31757,1409,4,370,1016,16678.912000000004,99,False,False
201,39,-191.21968441414845,-194.80334520436543,1.0,CLIENT,7,2,100000,17,16,0,31706,31706,1412,7,370,1031,16678.912000000004,99,False,False
201,40,-192.4078763115905,-221.29750520470708,1.0,CLIENT,7,2,100000,12,15,0,31745,31745,1413,7,370,1026,15636.480000000005,99,False,False
201,41,-105.03616548071,-201.70518520434143,1.0,CLIENT,7,2,100000,12,12,0,31721,31721,1416,7,371,1032,12509.184000000003,99,False,False
201,42,-486.2081260592223,-85.48710520431172,1.0,CLIENT,7,2,100000,17,20,0,31726,31741,1408,7,369,1031,20848.640000000007,99,False,False
201,43,64.47921183421964,293.6688147954928,1.0,CLIENT,7,2,100000,15,15,0,31729,31729,1415,5,370,1031,15636.480000000005,99,False,False
201,44,307.66248676691725,-69.23438520421513,1.0,CLIENT,7,2,100000,14,16,0,31749,31749,1415,4,370,1033,16678.912000000004,99,False,False
201,45,385.449449627575,222.9806147959937,1.0,CLIENT,7,2,100000,17,28,0,31680,31733,1402,4,366,1027,29188.096000000012,99,False,False
201,46,178.07035719332035,267.5086147958899,1.0,CLIENT,7,2,100000,12,8,0,31732,31734,1422,5,372,1042,8339.456,99,False,False
201,47,439.39336175433385,273.2972547955126,1.0,CLIENT,7,2,100000,15,26,0,31639,31759,1400,5,367,1021,27103.23200000001,99,False,False
201,48,-207.9335837662093,196.82041479559985,1.0,CLIENT,7,2,100000,11,14,0,31740,31741,1416,5,370,1037,14594.048000000004,99,False,False
201,49,-384.340474084164,-275.28770520444283,1.0,CLIENT,7,2,100000,15,26,0,31739,31756,1402,6,367,1020,27103.23200000001,99,False,False
201,50,-255.0651956834435,255.93133479585362,1.0,CLIENT,7,2,100000,12,20,0,31756,31757,1409,6,369,1030,20848.640000000007,99,False,False
201,51,-110.26420982754136,-368.4625452041189,1.0,CLIENT,7,2,100000,11,20,0,31760,31761,1410,5,369,1035,20848.640000000007,99,False,False
201,52,-79.84649726293082,-453.7336652047665,1.0,CLIENT,7,2,100000,8,5,0,31746,31760,1425,5,372,1039,5212.16,99,False,False
201,53,-474.088568708803,-470.76562520447766,1.0,CLIENT,7,2,100000,11,13,0,31255,31770,1374,6,370,986,13551.616000000004,99,False,False
201,54,-77.07404950279553,-260.3708252041375,1.0,CLIENT,7,2,100000,10,12,0,31756,31756,1417,6,371,1037,12509.184000000003,99,False,False
201,55,301.40467610851914,-463.19586520460604,1.0,CLIENT,7,2,100000,10,15,0,31544,31772,1406,5,370,1024,15636.480000000005,99,False,False
201,56,245.63886973969124,268.6218147954523,1.0,CLIENT,7,2,100000,10,8,0,31752,31762,1422,5,372,1041,8339.456,99,False,False
201,57,-203.73530572981895,307.9177747959025,1.0,CLIENT,7,2,100000,10,16,0,31770,31770,1414,5,370,1030,16678.912000000004,99,False,False
201,58,-6.099386851662359,165.76213479570782,1.0,CLIENT,7,2,100000,11,12,0,31750,31750,1418,5,371,1037,12509.184000000003,99,False,False
201,59,111.6900365438287,-471.32222520465433,1.0,CLIENT,7,2,100000,10,8,0,31736,31785,1421,5,372,1040,8339.456,99,False,False
201,60,218.46888169340482,-214.84094520439783,1.0,CLIENT,7,2,100000,13,16,0,31750,31752,1415,3,370,1035,16678.912000000004,99,False,False
201,61,-18.37736978795702,-453.51102520453765,1.0,CLIENT,7,2,100000,14,14,0,31734,31746,1416,5,370,1032,14594.048000000004,99,False,False
201,62,241.28216611742556,179.7884547958887,1.0,CLIENT,7,2,100000,9,8,0,31761,31761,1421,6,372,1043,8339.456,99,False,False
201,63,444.8590444811039,-314.47234520438315,1.0,CLIENT,7,2,100000,14,18,0,31524,31754,1402,3,369,1013,18763.776000000005,99,False,False
201,64,-497.29791709807495,265.9501347958698,1.0,CLIENT,7,2,100000,10,12,0,31667,31768,1412,7,371,1029,12509.184000000003,99,False,False
201,65,-38.497419244780154,-460.1902252042848,1.0,CLIENT,7,2,100000,15,11,0,31721,31725,1420,4,371,1029,11466.752000000002,99,False,False
201,66,258.3129166417999,-28.71390520448358,1.0,CLIENT,7,2,100000,14,19,0,31743,31743,1412,4,369,1034,19806.208000000006,99,False,False
201,67,-324.37638967894577,324.8384147958947,1.0,CLIENT,7,2,100000,12,6,0,31759,31771,1424,5,371,1042,6254.592,99,False,False
201,68,-14.971219683194716,31.732854795561423,1.0,CLIENT,7,2,100000,10,4,0,31731,31731,1425,6,373,1052,4169.728,99,False,False
201,69,-118.66076590032205,93.51545479539766,1.0,CLIENT,7,2,100000,11,14,0,31739,31739,1415,6,370,1040,14594.048000000004,99,False,False
201,70,356.77441851209585,-130.46038520466567,1.0,CLIENT,7,2,100000,11,13,0,31750,31756,1416,5,370,1039,13551.616000000004,99,False,False
201,71,144.167281730447,-194.35806520469868,1.0,CLIENT,7,2,100000,8,12,0,31770,31770,1418,5,371,1032,12509.184000000003,99,False,False
201,72,-108.4423155854723,312.03661479578614,1.0,CLIENT,7,2,100000,9,5,0,31748,31748,1426,4,372,1042,5212.16,99,False,False
201,73,240.88610215161154,-465.42226520452175,1.0,CLIENT,7,2,100000,16,21,0,31600,31759,1397,5,368,1019,21891.072000000007,99,False,False
201,74,64.08314786840562,-429.7998652042884,1.0,CLIENT,7,2,100000,12,20,0,31744,31762,1407,5,369,1021,20848.640000000007,99,False,False
201,75,127.92865913713786,-189.68262520463838,1.0,CLIENT,7,2,100000,12,17,0,31743,31745,1412,4,370,1041,17721.344000000005,99,False,False
201,76,-365.01255255840607,-503.3823852043898,1.0,CLIENT,7,2,100000,14,18,0,31524,31763,1398,6,369,1015,18763.776000000005,99,False,False
201,77,385.9247263868896,-266.27078520427006,1.0,CLIENT,7,2,100000,13,12,0,31676,31750,1415,4,371,1041,12509.184000000003,99,False,False
201,78,388.69717414646203,-168.53182520425264,1.0,CLIENT,7,2,100000,14,19,0,31722,31738,1412,4,372,1020,19806.208000000006,99,False,False
201,79,481.93063166936366,-78.47394520461677,1.0,CLIENT,7,2,100000,14,24,0,31687,31749,1403,5,368,1029,25018.36800000001,99,False,False
201,80,-373.0130446653728,151.8471347952459,1.0,CLIENT,7,2,100000,9,13,0,31769,31769,1415,7,371,1042,13551.616000000004,99,False,False
201,81,-279.93801272834634,-43.07418520461226,1.0,CLIENT,7,2,100000,15,16,0,31734,31734,1411,8,370,1027,16678.912000000004,99,False,False
201,82,-265.6004971706068,423.3566147955267,1.0,CLIENT,7,2,100000,11,12,0,31738,31772,1416,5,371,1023,12509.184000000003,99,False,False
201,83,299.02829231476073,82.82873479548584,1.0,CLIENT,7,2,100000,15,13,0,31727,31729,1417,4,371,1040,13551.616000000004,99,False,False
201,84,-456.9786053909281,74.81369479594747,1.0,CLIENT,7,2,100000,11,7,0,31741,31748,1419,7,372,1034,7297.023999999999,99,False,False
201,85,99.88733036628572,215.63349479555995,1.0,CLIENT,7,2,100000,12,12,0,31729,31729,1418,5,371,1038,12509.184000000003,99,False,False
201,86,288.73062920697333,-443.15826520457364,1.0,CLIENT,7,2,100000,13,21,0,31620,31769,1398,5,368,1022,21891.072000000007,99,False,False
201,87,349.48684154325673,-273.8405452041417,1.0,CLIENT,7,2,100000,15,16,0,31711,31741,1412,4,370,1034,16678.912000000004,99,False,False
201,88,493.65412505396904,324.8384147958947,1.0,CLIENT,7,2,100000,10,15,0,31403,31741,1394,6,369,1012,15636.480000000005,99,False,False
201,89,-272.57122296656956,-202.81838520469478,1.0,CLIENT,7,2,100000,10,6,0,31772,31773,1422,7,372,1033,6254.592,99,False,False
201,90,-327.70332699077045,491.3731347954433,1.0,CLIENT,7,2,100000,15,27,0,31524,31737,1393,4,368,1007,28145.66400000001,99,False,False
201,91,357.9626104089751,141.6056947957918,1.0,CLIENT,7,2,100000,13,14,0,31742,31752,1415,6,370,1032,14594.048000000004,99,False,False
201,92,377.9242342799229,-48.30622520405825,1.0,CLIENT,7,2,100000,10,16,0,31762,31766,1415,4,370,1036,16678.912000000004,99,False,False
201,93,23.684623368321173,387.51157479585544,1.0,CLIENT,7,2,100000,16,10,0,31737,31738,1420,5,371,1038,10424.320000000002,99,False,False
201,94,44.279949583896,66.46469479567031,1.0,CLIENT,7,2,100000,13,20,0,31733,31733,1409,6,369,1033,20848.640000000007,99,False,False
201,95,73.11340628581331,43.86673479577439,1.0,CLIENT,7,2,100000,11,8,0,31748,31748,1422,5,372,1044,8339.456,99,False,False
201,96,-215.8548630802383,101.53049479572701,1.0,CLIENT,7,2,100000,15,7,0,31711,31711,1421,7,372,1038,7297.023999999999,99,False,False
201,97,83.5694949800389,77.48537479552994,1.0,CLIENT,7,2,100000,13,12,0,31723,31723,1417,6,371,1033,12509.184000000003,99,False,False
201,98,54.89446386455976,-154.06022520440501,1.0,CLIENT,7,2,100000,14,16,0,31744,31744,1414,5,370,1042,16678.912000000004,99,False,False
201,99,52.51808007023849,410.777454795647,1.0,CLIENT,7,2,100000,14,23,0,31744,31752,1407,3,368,1027,23975.93600000001,99,False,False

202,0,-343.3874600318274,-75.13434520434771,1.0,CLIENT,7,2,100000,13,13,0,30921,30925,1399,5,366,1023,13551.616000000004,99,False,False
202,1,-135.6915164246964,362.5758947955339,1.0,CLIENT,7,2,100000,14,11,0,30900,30903,1400,6,367,1025,11466.752000000002,99,False,False
202,2,433.6108278552503,401.2039347952975,1.0,CLIENT,7,2,100000,11,6,0,30795,30956,1396,5,368,1010,6254.592,99,False,False
202,3,-350.595824207166,474.4524947954511,1.0,CLIENT,7,2,100000,12,24,0,30754,30934,1376,6,364,994,25018.36800000001,99,False,False
202,4,286.03739424033853,123.23789479549845,1.0,CLIENT,7,2,100000,15,24,0,30895,30895,1388,5,364,1014,25018.36800000001,99,False,False
202,5,472.74194766551784,-352.4324652042512,1.0,CLIENT,7,2,100000,9,13,0,30581,30950,1372,4,366,988,13551.616000000004,99,False,False
202,6,258.55055502117574,223.9824947958371,1.0,CLIENT,7,2,100000,13,12,0,30913,30915,1399,5,367,1016,12509.184000000003,99,False,False
202,7,-40.240100693911565,-347.7570252041909,1.0,CLIENT,7,2,100000,17,22,0,30901,30901,1391,4,364,1010,22933.504000000008,99,False,False
202,8,-195.3387496576011,267.1746547959421,1.0,CLIENT,7,2,100000,9,9,0,30924,30924,1401,7,367,1028,9381.888,99,False,False
202,9,-55.2905313903415,-192.35430520422085,1.0,CLIENT,7,2,100000,15,12,0,30889,30889,1401,4,367,1020,12509.184000000003,99,False,False
202,10,57.27084765831818,-407.0905852046735,1.0,CLIENT,7,2,100000,12,16,0,30921,30928,1397,4,366,1013,16678.912000000004,99,False,False
202,11,-93.55031047548053,-401.9698652041555,1.0,CLIENT,7,2,100000,14,12,0,30914,30919,1400,5,367,1013,12509.184000000003,99,False,False
202,12,108.12546085262822,150.39997479573572,1.0,CLIENT,7,2,100000,15,13,0,30894,30894,1398,6,366,1021,13551.616000000004,99,False,False
202,13,-483.19803991971116,425.13773479577566,1.0,CLIENT,7,2,100000,16,23,0,30548,30924,1365,5,365,984,23975.93600000001,99,False,False
202,14,-214.5082455969209,-357.5531852047692,1.0,CLIENT,7,2,100000,14,12,0,30907,30923,1400,5,367,1013,12509.184000000003,99,False,False
202,15,-48.08216721444004,16.370694795589316,1.0,CLIENT,7,2,100000,9,7,0,30914,30914,1404,6,368,1029,7297.023999999999,99,False,False
202,16,99.49126640103455,67.6892147957426,1.0,CLIENT,7,2,100000,15,16,0,30890,30890,1394,7,366,1019,16678.912000000004,99,False,False
202,17,123.65116830780984,-260.92742520431415,1.0,CLIENT,7,2,100000,12,8,0,30932,30932,1404,5,368,1025,8339.456,99,False,False
202,18,-123.49274628190224,246.69177479545198,1.0,CLIENT,7,2,100000,15,17,0,30895,30895,1395,5,365,1024,17721.344000000005,99,False,False
202,19,-327.3864758178941,435.8244547956875,1.0,CLIENT,7,2,100000,13,17,0,30863,30942,1387,5,365,1005,17721.344000000005,99,False,False
202,20,10.060022948709126,330.18177479585063,1.0,CLIENT,7,2,100000,9,8,0,30921,30921,1403,6,368,1027,8339.456,99,False,False
202,21,-238.1928707449445,414.0057347954061,1.0,CLIENT,7,2,100000,15,19,0,30900,30912,1392,6,365,1017,19806.208000000006,99,False,False
202,22,-482.4851247815836,250.03137479572104,1.0,CLIENT,7,2,100000,9,13,0,30859,30939,1390,7,367,1012,13551.616000000004,99,False,False
202,23,139.96900369405665,286.09905479562116,1.0,CLIENT,7,2,100000,14,4,0,30910,30910,1407,6,369,1029,4169.728,99,False,False
202,24,332.61451660475774,444.6187347956314,1.0,CLIENT,7,2,100000,10,13,0,30852,30948,1394,5,367,1007,13551.616000000004,99,False,False
202,25,-204.28979528207114,-125.2283452044287,1.0,CLIENT,7,2,100000,11,8,0,30912,30912,1403,6,368,1026,8339.456,99,False,False
202,26,-439.63100369424023,-159.29226520464198,1.0,CLIENT,7,2,100000,12,15,0,30864,30905,1394,6,366,1014,15636.480000000005,99,False,False
202,27,394.2420696661697,-113.98502520434022,1.0,CLIENT,7,2,100000,11,8,0,30938,30945,1405,4,368,1023,8339.456,99,False,False
202,28,476.8610129084077,-242.22566520407298,1.0,CLIENT,7,2,100000,17,31,0,30757,30921,1370,5,362,983,32315.392000000014,99,False,False
202,29,7.525213567949686,-30.049745204274814,1.0,CLIENT,7,2,100000,12,8,0,30887,30887,1405,4,368,1025,8339.456,99,False,False
202,30,182.98155036783822,484.6939347956962,1.0,CLIENT,7,2,100000,10,24,0,30903,30936,1384,6,364,1009,25018.36800000001,99,False,False
202,31,-390.9943487072505,71.69673479590728,1.0,CLIENT,7,2,100000,15,25,0,30911,30914,1386,6,363,1011,26060.80000000001,99,False,False
202,32,-26.53628748136185,293.55749479577383,1.0,CLIENT,7,2,100000,12,14,0,30913,30913,1398,5,366,1017,14594.048000000004,99,False,False
202,33,-220.36999228894211,94.73997479546995,1.0,CLIENT,7,2,100000,11,8,0,30905,30905,1403,6,368,1021,8339.456,99,False,False
202,34,-340.37737389231626,14.032974795954658,1.0,CLIENT,7,2,100000,11,12,0,30923,30924,1399,6,367,1017,12509.184000000003,99,False,False
202,35,-64.00393863543569,417.34533479567517,1.0,CLIENT,7,2,100000,9,12,0,30926,30927,1399,6,367,1023,12509.184000000003,99,False,False
202,36,60.280933797829306,-115.87746520430812,1.0,CLIENT,7,2,100000,8,7,0,30940,30940,1405,5,368,1026,7297.023999999999,99,False,False
202,37,45.1512903084617,352.11181479585093,1.0,CLIENT,7,2,100000,14,12,0,30915,30915,1400,5,367,1019,12509.184000000003,99,False,False
202,38,-392.8162429498824,-180.3317452045178,1.0,CLIENT,7,2,100000,14,15,0,30881,30902,1393,7,366,1009,15636.480000000005,99,False,False
202,39,46.0226310330274,-80.81166520425143,1.0,CLIENT,7,2,100000,17,20,0,30891,30891,1392,5,365,1023,20848.640000000007,99,False,False
202,40,-70.18253649977042,218.973094795829,1.0,CLIENT,7,2,100000,12,12,0,30908,30908,1401,4,367,1028,12509.184000000003,99,False,False
202,41,409.450925948475,253.14833479576123,1.0,CLIENT,7,2,100000,12,16,0,30894,30918,1393,6,366,1012,16678.912000000004,99,False,False
202,42,-339.98130992706507,-212.2805852045343,1.0,CLIENT,7,2,100000,17,16,0,30874,30890,1395,5,366,1008,16678.912000000004,99,False,False
202,43,-305.9990216706912,496.9391347956281,1.0,CLIENT,7,2,100000,15,19,0,30784,30928,1386,6,365,1006,19806.208000000006,99,False,False
202,44,-158.10873688290312,-441.59978520455354,1.0,CLIENT,7,2,100000,14,16,0,30883,30914,1395,5,366,1016,16678.912000000004,99,False,False
202,45,200.32915206508892,231.4409347959898,1.0,CLIENT,7,2,100000,17,26,0,30895,30895,1385,6,363,1018,27103.23200000001,99,False,False
202,46,-27.011564240113533,-435.1432252042443,1.0,CLIENT,7,2,100000,12,12,0,30915,30931,1400,5,367,1011,12509.184000000003,99,False,False
202,47,92.99581736382345,-399.8547852047497,1.0,CLIENT,7,2,100000,15,17,0,30873,30887,1394,3,366,1015,17721.344000000005,99,False,False
202,48,-167.13899530031082,427.92073479586804,1.0,CLIENT,7,2,100000,11,16,0,30916,30926,1395,6,366,1019,16678.912000000004,99,False,False
202,49,378.08265986579823,-262.0406252046675,1.0,CLIENT,7,2,100000,15,28,0,30864,30926,1383,4,363,1014,29188.096000000012,99,False,False
202,50,-338.5554796502472,-115.32086520413145,1.0,CLIENT,7,2,100000,12,20,0,30925,30926,1390,7,365,1010,20848.640000000007,99,False,False
202,51,-329.2875828534637,131.92085479572341,1.0,CLIENT,7,2,100000,11,13,0,30907,30907,1398,6,366,1015,13551.616000000004,99,False,False
202,52,-482.72276316095946,357.9004547954736,1.0,CLIENT,7,2,100000,8,10,0,30748,30954,1396,4,367,1012,10424.320000000002,99,False,False
202,53,368.1810607238249,-372.13610520433576,1.0,CLIENT,7,2,100000,11,14,0,30767,30943,1387,3,366,999,14594.048000000004,99,False,False
202,54,107.4917585080012,-198.25426520435343,1.0,CLIENT,7,2,100000,10,9,0,30916,30916,1403,5,367,1029,9381.888,99,False,False
202,55,195.73481006288458,411.2227347953137,1.0,CLIENT,7,2,100000,10,12,0,30925,30937,1399,6,367,1019,12509.184000000003,99,False,False
202,56,42.77490651414043,-296.7724652039854,1.0,CLIENT,7,2,100000,10,8,0,30926,30926,1405,4,368,1015,8339.456,99,False,False
202,57,-286.908738524872,-43.519465204279015,1.0,CLIENT,7,2,100000,11,13,0,30925,30925,1397,7,366,1015,13551.616000000004,99,False,False
202,58,-323.4258361608796,103.97953479587159,1.0,CLIENT,7,2,100000,11,12,0,30915,30915,1399,6,367,1016,12509.184000000003,99,False,False
202,59,5.940957705256457,-237.10494520434594,1.0,CLIENT,7,2,100000,10,8,0,30915,30915,1405,4,368,1028,8339.456,99,False,False
202,60,-166.90135692093497,126.35485479553864,1.0,CLIENT,7,2,100000,13,17,0,30897,30897,1395,5,367,1017,17721.344000000005,99,False,False
202,61,-442.40345145381264,159.30557479539857,1.0,CLIENT,7,2,100000,14,13,0,30887,30903,1397,6,366,1013,13551.616000000004,99,False,False
202,62,-22.971711790161372,-458.075145204088,1.0,CLIENT,7,2,100000,9,8,0,30921,30942,1403,4,368,1013,8339.456,99,False,False
202,63,103.76875723036255,408.21709479578345,1.0,CLIENT,7,2,100000,14,16,0,30920,30923,1395,6,366,1011,16678.912000000004,99,False,False
202,64,-480.18795378076294,44.423334795951064,1.0,CLIENT,7,2,100000,10,12,0,30919,30938,1396,6,367,1016,12509.184000000003,99,False,False
202,65,-265.3628587912309,-491.4711452044057,1.0,CLIENT,7,2,100000,15,21,0,30716,30926,1378,5,365,987,21891.072000000007,99,False,False
202,66,-15.367283649008735,151.2905347958602,1.0,CLIENT,7,2,100000,14,20,0,30900,30900,1391,6,365,1025,20848.640000000007,99,False,False
202,67,297.1271852791911,14.47825479562141,1.0,CLIENT,7,2,100000,12,5,0,30921,30921,1407,5,368,1025,5212.16,99,False,False
202,68,304.8108262138443,-178.4393052045499,1.0,CLIENT,7,2,100000,10,8,0,30936,30939,1403,6,368,1022,8339.456,99,False,False
202,69,-299.34514704704196,-145.15462520474216,1.0,CLIENT,7,2,100000,11,20,0,30914,30918,1390,7,365,1008,20848.640000000007,99,False,False
202,70,-156.04920426145821,-8.787625204170126,1.0,CLIENT,7,2,100000,11,9,0,30912,30912,1401,7,367,1028,9381.888,99,False,False
202,71,-479.95031540138706,-224.52578520446622,1.0,CLIENT,7,2,100000,8,12,0,30837,30947,1397,7,367,1019,12509.184000000003,99,False,False
202,72,146.2268143518919,-131.23962520428023,1.0,CLIENT,7,2,100000,9,6,0,30939,30939,1406,5,368,1020,6254.592,99,False,False
202,73,-317.7225150552965,-409.5396252040271,1.0,CLIENT,7,2,100000,16,21,0,30786,30917,1387,5,364,1001,21891.072000000007,99,False,False
202,74,189.79385057792567,-283.4140652044911,1.0,CLIENT,7,2,100000,12,16,0,30908,30911,1397,3,366,1008,16678.912000000004,99,False,False
202,75,409.3717131555373,-106.97186520464527,1.0,CLIENT,7,2,100000,12,18,0,30901,30918,1394,4,366,1013,18763.776000000005,99,False,False
202,76,130.70110689727312,-127.00946520467767,1.0,CLIENT,7,2,100000,14,4,0,30883,30883,1408,5,369,1030,4169.728,99,False,False
202,77,195.81402285638507,-306.5686252045637,1.0,CLIENT,7,2,100000,13,13,0,30918,30922,1399,5,366,1024,13551.616000000004,99,False,False
202,78,-153.11833091488475,429.47921479588814,1.0,CLIENT,7,2,100000,14,8,0,30892,30897,1404,5,368,1026,8339.456,99,False,False
202,79,174.5849942956204,350.6646547955498,1.0,CLIENT,7,2,100000,14,29,0,30917,30919,1381,6,363,1002,30230.528000000013,99,False,False
202,80,74.61844935556888,-258.5897052046795,1.0,CLIENT,7,2,100000,9,12,0,30928,30929,1401,4,367,1022,12509.184000000003,99,False,False
202,81,-237.3215300203788,56.891174795320865,1.0,CLIENT,7,2,100000,15,15,0,30889,30889,1397,5,366,1020,15636.480000000005,99,False,False
202,82,341.0110726775384,-422.23010520441676,1.0,CLIENT,7,2,100000,11,14,0,30740,30946,1384,5,366,1001,14594.048000000004,99,False,False
202,83,107.65018409387653,-71.01550520446409,1.0,CLIENT,7,2,100000,15,10,0,30881,30881,1402,5,367,1025,10424.320000000002,99,False,False
202,84,-46.26027297237097,224.09381479555606,1.0,CLIENT,7,2,100000,11,4,0,30898,30898,1406,7,369,1027,4169.728,99,False,False
202,85,477.0986512883464,166.9866547957801,1.0,CLIENT,7,2,100000,12,15,0,30894,30920,1396,5,366,1020,15636.480000000005,99,False,False
202,86,-359.3092314522602,-349.20418520449203,1.0,CLIENT,7,2,100000,13,15,0,30809,30918,1390,6,366,1006,15636.480000000005,99,False,False
202,87,437.0961907535131,254.0388947958857,1.0,CLIENT,7,2,100000,15,14,0,30867,30895,1395,6,366,1018,14594.048000000004,99,False,False
202,88,381.5680227640611,424.0245347954223,1.0,CLIENT,7,2,100000,10,16,0,30842,30959,1389,6,365,1008,16678.912000000004,99,False,False
202,89,245.4804441538159,72.25333479529297,1.0,CLIENT,7,2,100000,10,8,0,30927,30927,1404,5,368,1032,8339.456,99,False,False
202,90,357.0912696844094,-272.3933852046315,1.0,CLIENT,7,2,100000,15,21,0,30884,30926,1387,4,364,1010,21891.072000000007,99,False,False
202,91,475.43518263215265,459.4242947954268,1.0,CLIENT,7,2,100000,13,18,0,30445,30956,1362,5,363,983,18763.776000000005,99,False,False
202,92,-126.74047080022636,0.006654795773783917,1.0,CLIENT,7,2,100000,10,12,0,30906,30906,1399,6,367,1024,12509.184000000003,99,False,False
202,93,-13.466176613439155,135.37177479571142,1.0,CLIENT,7,2,100000,16,8,0,30879,30879,1404,6,368,1025,8339.456,99,False,False
202,94,148.76162373265134,22.604614795669704,1.0,CLIENT,7,2,100000,13,19,0,30890,30890,1393,5,365,1025,19806.208000000006,99,False,False
202,95,200.01230089277541,388.06817479524113,1.0,CLIENT,7,2,100000,11,8,0,30939,30945,1404,5,368,1031,8339.456,99,False,False
202,96,-419.35252865097897,-304.45354520436695,1.0,CLIENT,7,2,100000,16,16,0,30788,30920,1389,6,366,1006,16678.912000000004,99,False,False
202,97,200.8044288238406,147.95093479559114,1.0,CLIENT,7,2,100000,13,12,0,30900,30900,1399,6,367,1024,12509.184000000003,99,False,False
202,98,462.9987741094198,-143.15086520426433,1.0,CLIENT,7,2,100000,14,21,0,30895,30953,1389,3,364,1008,21891.072000000007,99,False,False
202,99,-433.84846979515675,169.88097479559144,1.0,CLIENT,7,2,100000,14,24,0,30905,30920,1386,7,364,1012,25018.36800000001,99,False,False

203,0,397.3313685986185,493.1542547956923,1.0,CLIENT,7,2,100000,13,23,0,29884,30635,1346,11,364,969,23975.93600000001,99,False,False
203,1,170.6243546386059,417.90193479585184,1.0,CLIENT,7,2,100000,14,12,0,30636,30688,1405,12,368,1032,12509.184000000003,99,False,False
203,2,-22.73407341078553,-124.00382520435642,1.0,CLIENT,7,2,100000,10,4,0,30692,30692,1416,15,370,1033,4169.728,99,False,False
203,3,-283.50258841954684,-197.69766520417676,1.0,CLIENT,7,2,100000,12,16,0,30694,30695,1406,13,367,1027,16678.912000000004,99,False,False
203,4,387.6674078354581,-403.41702520445665,1.0,CLIENT,7,2,100000,15,25,0,30501,30705,1377,15,365,991,26060.80000000001,99,False,False
203,5,410.55990505241647,-307.01390520423047,1.0,CLIENT,7,2,100000,9,12,0,30615,30716,1402,15,368,1023,12509.184000000003,99,False,False
203,6,191.53653202705706,385.39649479565867,1.0,CLIENT,7,2,100000,12,10,0,30655,30699,1410,12,368,1034,10424.320000000002,99,False,False
203,7,297.28561086562934,-302.4497852046801,1.0,CLIENT,7,2,100000,17,27,0,30677,30691,1390,16,363,1011,28145.66400000001,99,False,False
203,8,418.8772483316967,-49.753385204359404,1.0,CLIENT,7,2,100000,9,8,0,30689,30696,1413,12,369,1039,8339.456,99,False,False
203,9,52.59729286317616,112.66249479530558,1.0,CLIENT,7,2,100000,14,12,0,30675,30675,1411,12,368,1034,12509.184000000003,99,False,False
203,10,391.07355794078325,348.10429479568626,1.0,CLIENT,7,2,100000,12,16,0,30419,30680,1384,13,367,1003,16678.912000000004,99,False,False
203,11,-97.6693757189332,388.6247747954178,1.0,CLIENT,7,2,100000,14,9,0,30665,30675,1413,12,369,1029,9381.888,99,False,False
203,12,411.27282019054405,295.8952147954085,1.0,CLIENT,7,2,100000,15,22,0,30502,30691,1385,13,365,1015,22933.504000000008,99,False,False
203,13,458.87970886652994,-391.3944652047536,1.0,CLIENT,7,2,100000,15,18,0,30296,30690,1381,14,366,989,18763.776000000005,99,False,False
203,14,67.33087238672975,-190.90714520471067,1.0,CLIENT,7,2,100000,14,12,0,30679,30679,1409,14,368,1037,12509.184000000003,99,False,False
203,15,-274.94760676089084,330.0704547953407,1.0,CLIENT,7,2,100000,8,8,0,30693,30717,1412,12,369,1027,8339.456,99,False,False
203,16,-468.06839643034357,-241.44642520445842,1.0,CLIENT,7,2,100000,15,20,0,30530,30695,1386,15,366,1009,20848.640000000007,99,False,False
203,17,479.07897111629075,-43.63078520399796,1.0,CLIENT,7,2,100000,12,8,0,30620,30673,1413,12,369,1034,8339.456,99,False,False
203,18,495.7928704683516,274.6330947953038,1.0,CLIENT,7,2,100000,15,25,0,30290,30680,1377,9,364,993,26060.80000000001,99,False,False
203,19,324.29717332547756,45.64785479523238,1.0,CLIENT,7,2,100000,13,14,0,30685,30686,1409,12,368,1026,14594.048000000004,99,False,False
203,20,-380.1421960477737,-409.5396252040271,1.0,CLIENT,7,2,100000,9,8,0,30447,30716,1398,14,369,1010,8339.456,99,False,False
203,21,-59.251171046793154,265.72749479564095,1.0,CLIENT,7,2,100000,15,14,0,30674,30674,1410,11,367,1039,14594.048000000004,99,False,False
203,22,443.9877037565382,122.23601479565502,1.0,CLIENT,7,2,100000,9,12,0,30632,30702,1408,11,368,1032,12509.184000000003,99,False,False
203,23,127.13653120607266,-144.04142520438882,1.0,CLIENT,7,2,100000,14,4,0,30677,30677,1418,13,370,1044,4169.728,99,False,False
203,24,250.47085012127144,140.71513479566732,1.0,CLIENT,7,2,100000,10,6,0,30680,30683,1415,13,369,1040,6254.592,99,False,False
203,25,-493.09963906168457,-462.5279452047104,1.0,CLIENT,7,2,100000,12,17,0,29405,30632,1340,11,365,958,17721.344000000005,99,False,False
203,26,-320.17811164255545,110.65873479561873,1.0,CLIENT,7,2,100000,12,13,0,30683,30684,1409,12,367,1026,13551.616000000004,99,False,False
203,27,430.9175928886155,379.05125479585934,1.0,CLIENT,7,2,100000,11,12,0,30254,30706,1387,13,368,1011,12509.184000000003,99,False,False
203,28,-4.83198216128264,-258.47838520416957,1.0,CLIENT,7,2,100000,17,22,0,30676,30676,1401,12,365,1014,22933.504000000008,99,False,False
203,29,313.52423345893845,-305.9007052046681,1.0,CLIENT,7,2,100000,12,15,0,30683,30699,1406,14,367,1022,15636.480000000005,99,False,False
203,30,462.761135730044,-449.9487852040397,1.0,CLIENT,7,2,100000,10,30,0,30063,30692,1345,16,363,963,31272.960000000014,99,False,False
203,31,476.6233745290318,188.13745479537488,1.0,CLIENT,7,2,100000,15,26,0,30501,30692,1385,8,364,1010,27103.23200000001,99,False,False
203,32,-149.87060639656062,-278.18202520425416,1.0,CLIENT,7,2,100000,11,13,0,30687,30687,1410,12,367,1034,13551.616000000004,99,False,False
203,33,468.38524404268935,107.43045479585959,1.0,CLIENT,7,2,100000,11,8,0,30596,30686,1407,11,369,1028,8339.456,99,False,False
203,34,-470.3655674317272,3.4575747957617864,1.0,CLIENT,7,2,100000,11,12,0,30677,30712,1410,12,368,1030,12509.184000000003,99,False,False
203,35,153.43517852779337,-445.38466520448935,1.0,CLIENT,7,2,100000,9,12,0,30708,30739,1409,14,368,1032,12509.184000000003,99,False,False
203,36,-15.367283649008735,233.44469479567664,1.0,CLIENT,7,2,100000,7,4,0,30691,30691,1420,11,370,1047,4169.728,99,False,False
203,37,-54.894467424527484,455.08281479531433,1.0,CLIENT,7,2,100000,14,12,0,30655,30688,1409,12,368,1034,12509.184000000003,99,False,False
203,38,-115.72989255431142,-75.24566520406665,1.0,CLIENT,7,2,100000,14,14,0,30679,30679,1406,15,367,1028,14594.048000000004,99,False,False
203,39,-287.0671641107473,-249.2388252045589,1.0,CLIENT,7,2,100000,16,23,0,30688,30694,1400,12,365,1029,23975.93600000001,99,False,False
203,40,-333.485860889854,73.03257479569851,1.0,CLIENT,7,2,100000,12,16,0,30700,30701,1407,12,367,1024,16678.912000000004,99,False,False
203,41,-486.0497004727841,-178.88458520421665,1.0,CLIENT,7,2,100000,12,20,0,30586,30690,1396,12,367,1013,20848.640000000007,99,False,False
203,42,-228.76654836172278,-64.7815852043837,1.0,CLIENT,7,2,100000,17,16,0,30662,30663,1406,12,367,1026,16678.912000000004,99,False,False
203,43,-435.3535128643494,399.8680947955063,1.0,CLIENT,7,2,100000,16,21,0,30257,30694,1361,15,365,969,21891.072000000007,99,False,False
203,44,199.69544971989907,65.90809479549364,1.0,CLIENT,7,2,100000,14,8,0,30666,30666,1415,12,369,1043,8339.456,99,False,False
203,45,-460.0679043233769,376.3795747954859,1.0,CLIENT,7,2,100000,17,29,0,30212,30650,1362,13,363,973,30230.528000000013,99,False,False
203,46,488.74293187945113,-28.268625204025852,1.0,CLIENT,7,2,100000,12,11,0,30639,30690,1408,11,368,1031,11466.752000000002,99,False,False
203,47,349.09077757744274,209.62221479570843,1.0,CLIENT,7,2,100000,15,20,0,30646,30678,1401,12,366,1027,20848.640000000007,99,False,False
203,48,-296.7311248739077,-247.6803452045388,1.0,CLIENT,7,2,100000,11,16,0,30696,30700,1406,13,367,1030,16678.912000000004,99,False,False
203,49,69.3904050087375,254.70681479578133,1.0,CLIENT,7,2,100000,15,17,0,30674,30674,1406,12,366,1033,17721.344000000005,99,False,False
203,50,297.1271852791911,-160.51678520471427,1.0,CLIENT,7,2,100000,12,16,0,30685,30686,1406,13,367,1028,16678.912000000004,99,False,False
203,51,-236.4501892958131,120.78885479535387,1.0,CLIENT,7,2,100000,11,12,0,30686,30686,1409,14,368,1028,12509.184000000003,99,False,False
203,52,121.51242289286442,-330.50242520425087,1.0,CLIENT,7,2,100000,8,7,0,30704,30705,1415,13,369,1037,7297.023999999999,99,False,False
203,53,-202.07183707418807,321.9440947952924,1.0,CLIENT,7,2,100000,11,8,0,30687,30693,1414,12,369,1037,8339.456,99,False,False
203,54,108.20467364612873,-371.690825204669,1.0,CLIENT,7,2,100000,10,12,0,30700,30704,1408,14,368,1022,12509.184000000003,99,False,False
203,55,-228.2120588094706,-420.8942652046255,1.0,CLIENT,7,2,100000,10,11,0,30638,30710,1408,12,368,1016,11466.752000000002,99,False,False
203,56,319.3859801509597,136.03969479560703,1.0,CLIENT,7,2,100000,10,4,0,30684,30692,1420,11,370,1047,4169.728,99,False,False
203,57,-484.94072136884256,107.98705479524529,1.0,CLIENT,7,2,100000,10,15,0,30644,30715,1402,13,367,1016,15636.480000000005,99,False,False
203,58,167.6934812925953,434.48861479589624,1.0,CLIENT,7,2,100000,10,12,0,30644,30715,1407,11,368,1020,12509.184000000003,99,False,False
203,59,-55.68659535559268,-3.2216252039853543,1.0,CLIENT,7,2,100000,10,8,0,30704,30704,1409,18,369,1033,8339.456,99,False,False
203,60,457.6915169696507,227.9900147960018,1.0,CLIENT,7,2,100000,13,16,0,30492,30685,1398,12,367,1007,16678.912000000004,99,False,False
203,61,362.24010123830305,-414.2150652040874,1.0,CLIENT,7,2,100000,14,16,0,30513,30695,1390,15,366,1005,16678.912000000004,99,False,False
203,62,343.2290308854215,42.75353479542105,1.0,CLIENT,7,2,100000,9,8,0,30680,30684,1414,13,369,1041,8339.456,99,False,False
203,63,496.3473600206038,-289.8706252040094,1.0,CLIENT,7,2,100000,14,14,0,30443,30682,1393,13,367,1021,14594.048000000004,99,False,False
203,64,-476.62337808956244,-448.50162520452955,1.0,CLIENT,7,2,100000,10,21,0,29704,30660,1343,10,363,961,21891.072000000007,99,False,False
203,65,-389.25166725868195,-52.8703452043996,1.0,CLIENT,7,2,100000,14,12,0,30668,30670,1412,11,368,1034,12509.184000000003,99,False,False
203,66,-130.70111045724087,25.7215747957099,1.0,CLIENT,7,2,100000,15,17,0,30676,30676,1402,16,366,1019,17721.344000000005,99,False,False
203,67,331.5847502943167,462.31861479523815,1.0,CLIENT,7,2,100000,12,8,0,30272,30687,1389,13,368,1001,8339.456,99,False,False
203,68,-359.54686983163606,303.35365479556117,1.0,CLIENT,7,2,100000,10,8,0,30631,30703,1409,14,369,1026,8339.456,99,False,False
203,69,470.7616278370106,84.275894795787,1.0,CLIENT,7,2,100000,11,20,0,30611,30704,1398,9,366,1025,20848.640000000007,99,False,False
203,70,-403.1931188506074,-120.10762520470166,1.0,CLIENT,7,2,100000,11,14,0,30689,30704,1408,12,367,1030,14594.048000000004,99,False,False
203,71,105.82828985180747,-204.26554520420495,1.0,CLIENT,7,2,100000,8,12,0,30721,30721,1408,15,368,1035,12509.184000000003,99,False,False
203,72,390.5190683885311,274.18781479563705,1.0,CLIENT,7,2,100000,9,6,0,30559,30700,1401,13,369,1022,6254.592,99,False,False
203,73,344.49643557580123,-255.58406520435824,1.0,CLIENT,7,2,100000,16,20,0,30666,30689,1399,14,366,1021,20848.640000000007,99,False,False
203,74,99.96654315978623,-114.98690520418364,1.0,CLIENT,7,2,100000,12,15,0,30686,30687,1404,15,367,1034,15636.480000000005,99,False,False
203,75,-131.17638721599255,-458.4091052040358,1.0,CLIENT,7,2,100000,12,19,0,30669,30709,1402,11,366,1019,19806.208000000006,99,False,False
203,76,-169.59459188756975,154.7414547958482,1.0,CLIENT,7,2,100000,14,11,0,30685,30686,1409,15,368,1025,11466.752000000002,99,False,False
203,77,-467.0386301199025,-465.6449052047506,1.0,CLIENT,7,2,100000,13,20,0,29616,30631,1343,12,364,961,20848.640000000007,99,False,False
203,78,340.6150087117244,142.60757479563523,1.0,CLIENT,7,2,100000,14,12,0,30687,30700,1410,11,368,1036,12509.184000000003,99,False,False
203,79,32.001966647601336,130.13973479547445,1.0,CLIENT,7,2,100000,14,16,0,30663,30663,1406,13,367,1037,16678.912000000004,99,False,False
203,80,307.97933793923073,326.2855747954049,1.0,CLIENT,7,2,100000,9,12,0,30591,30689,1407,13,368,1037,12509.184000000003,99,False,False
203,81,-319.4651965044279,-358.1097852041549,1.0,CLIENT,7,2,100000,15,16,0,30615,30701,1397,14,367,1012,16678.912000000004,99,False,False
203,82,423.78844150621455,103.75689479564272,1.0,CLIENT,7,2,100000,11,11,0,30667,30710,1410,12,367,1026,11466.752000000002,99,False,False
203,83,-418.87725189222726,420.01701479525764,1.0,CLIENT,7,2,100000,15,16,0,30204,30658,1366,13,367,980,16678.912000000004,99,False,False
203,84,-115.80910534724909,111.77193479597207,1.0,CLIENT,7,2,100000,11,7,0,30692,30692,1413,15,369,1038,7297.023999999999,99,False,False
203,85,-304.49397860093563,414.78497479581165,1.0,CLIENT,7,2,100000,12,19,0,30596,30713,1391,14,366,1011,19806.208000000006,99,False,False
203,86,467.90996728393765,-301.7818652039935,1.0,CLIENT,7,2,100000,13,20,0,30503,30701,1386,13,366,1000,20848.640000000007,99,False,False
203,87,-494.2878309591266,-324.15718520445154,1.0,CLIENT,7,2,100000,15,21,0,30217,30678,1379,11,364,996,21891.072000000007,99,False,False
203,88,-102.7389944793264,434.0433347954385,1.0,CLIENT,7,2,100000,10,16,0,30695,30725,1404,12,367,1018,16678.912000000004,99,False,False
203,89,-81.03468915981003,-319.48174520439125,1.0,CLIENT,7,2,100000,10,8,0,30721,30721,1416,11,369,1042,8339.456,99,False,False
203,90,306.8703588352892,280.3104147959985,1.0,CLIENT,7,2,100000,15,17,0,30637,30686,1404,11,366,1033,17721.344000000005,99,False,False
203,91,341.40713664335243,-160.07150520425654,1.0,CLIENT,7,2,100000,13,13,0,30689,30691,1408,14,367,1036,13551.616000000004,99,False,False
203,92,-277.72005452046324,178.2299747958686,1.0,CLIENT,7,2,100000,10,16,0,30698,30701,1403,15,367,1022,16678.912000000004,99,False,False
203,93,-472.5043128461097,-194.46938520441762,1.0,CLIENT,7,2,100000,15,12,0,30573,30692,1403,11,368,1019,12509.184000000003,99,False,False
203,94,-428.4619998618872,172.99793479563164,1.0,CLIENT,7,2,100000,13,23,0,30648,30691,1397,13,365,1017,23975.93600000001,99,False,False
203,95,-234.46986946730584,-418.77918520442876,1.0,CLIENT,7,2,100000,11,12,0,30612,30700,1403,13,369,1014,12509.184000000003,99,False,False
203,96,-180.28831896117117,84.94381479568261,1.0,CLIENT,7,2,100000,15,10,0,30673,30673,1409,16,368,1037,10424.320000000002,99,False,False
203,97,-326.4359223003907,450.40737479525404,1.0,CLIENT,7,2,100000,13,16,0,30459,30707,1378,13,367,984,16678.912000000004,99,False,False
203,98,40.794586685633185,-226.52954520415307,1.0,CLIENT,7,2,100000,13,9,0,30663,30663,1411,15,368,1033,9381.888,99,False,False
203,99,428.14514512904304,400.09073479573516,1.0,CLIENT,7,2,100000,14,20,0,30090,30645,1365,13,364,996,20848.640000000007,99,False,False

204,0,8.475767085453056,-246.67846520469539,1.0,CLIENT,7,2,100000,13,10,0,31201,31201,1428,10,368,1053,10424.320000000002,99,False,False
204,1,248.96580705151587,-275.06506520421397,1.0,CLIENT,7,2,100000,14,13,0,31193,31200,1425,10,367,1046,13551.616000000004,99,False,False
204,2,-488.03002030129136,-498.59562520461054,1.0,CLIENT,7,2,100000,11,12,0,30413,31180,1374,11,366,980,12509.184000000003,99,False,False
204,3,238.74735673666612,5.1273747955008275,1.0,CLIENT,7,2,100000,12,16,0,31197,31197,1424,8,367,1053,16678.912000000004,99,False,False
204,4,490.802464500896,352.44577479579874,1.0,CLIENT,7,2,100000,15,28,0,30761,31188,1380,9,363,990,29188.096000000012,99,False,False
204,5,300.77097376389213,105.76065479532957,1.0,CLIENT,7,2,100000,9,12,0,31225,31226,1427,9,368,1051,12509.184000000003,99,False,False
204,6,20.04083488362019,-416.664105204232,1.0,CLIENT,7,2,100000,13,10,0,31203,31206,1428,9,368,1056,10424.320000000002,99,False,False
204,7,29.942434026156423,-59.54954520414674,1.0,CLIENT,7,2,100000,17,16,0,31168,31168,1420,12,367,1048,16678.912000000004,99,False,False
204,8,-8.158919473107273,88.50605479538956,1.0,CLIENT,7,2,100000,9,9,0,31215,31215,1427,12,368,1054,9381.888,99,False,False
204,9,173.00073843236433,-430.8017452041318,1.0,CLIENT,7,2,100000,15,24,0,31180,31224,1411,10,365,1039,25018.36800000001,99,False,False
204,10,-58.14219194285161,306.5819347953203,1.0,CLIENT,7,2,100000,12,16,0,31194,31194,1423,9,367,1049,16678.912000000004,99,False,False
204,11,-308.2961926720748,330.51573479579844,1.0,CLIENT,7,2,100000,14,10,0,31154,31198,1425,11,368,1047,10424.320000000002,99,False,False
204,12,-428.3827870683866,-22.257345204174328,1.0,CLIENT,7,2,100000,15,12,0,31176,31180,1425,11,368,1048,12509.184000000003,99,False,False
204,13,464.18696600686184,-367.7946252042233,1.0,CLIENT,7,2,100000,16,23,0,30902,31217,1387,8,365,999,23975.93600000001,99,False,False
204,14,-323.9011129201941,-47.8609452043915,1.0,CLIENT,7,2,100000,14,12,0,31202,31202,1425,11,368,1057,12509.184000000003,99,False,False
204,15,290.23567227616604,197.2656947952666,1.0,CLIENT,7,2,100000,8,8,0,31216,31219,1429,11,369,1050,8339.456,99,False,False
204,16,438.3635954438928,-76.47018520413894,1.0,CLIENT,7,2,100000,15,20,0,31185,31207,1415,9,366,1037,20848.640000000007,99,False,False
204,17,-87.21328702470761,228.8805747953353,1.0,CLIENT,7,2,100000,12,8,0,31189,31189,1429,11,369,1056,8339.456,99,False,False
204,18,242.3119324278666,-319.927025204058,1.0,CLIENT,7,2,100000,15,17,0,31184,31204,1418,10,366,1036,17721.344000000005,99,False,False
204,19,-170.3867198191978,203.6109347958569,1.0,CLIENT,7,2,100000,13,6,0,31173,31173,1430,12,369,1056,6254.592,99,False,False
204,20,-75.64821922654048,-40.84778520469655,1.0,CLIENT,7,2,100000,9,8,0,31207,31207,1427,13,369,1045,8339.456,99,False,False
204,21,36.992372615056865,-56.098625204158736,1.0,CLIENT,7,2,100000,15,12,0,31178,31178,1424,12,368,1053,12509.184000000003,99,False,False
204,22,399.5493268065016,190.02989479534278,1.0,CLIENT,7,2,100000,9,12,0,31179,31226,1422,10,368,1039,12509.184000000003,99,False,False
204,23,317.08880915013896,-34.16858520415843,1.0,CLIENT,7,2,100000,14,4,0,31200,31201,1435,9,370,1048,4169.728,99,False,False
204,24,156.99975421899384,377.82673479578705,1.0,CLIENT,7,2,100000,10,12,0,31184,31212,1425,11,368,1056,12509.184000000003,99,False,False
204,25,-192.0118123457765,458.7563747955312,1.0,CLIENT,7,2,100000,11,8,0,31122,31212,1423,10,369,1041,8339.456,99,False,False
204,26,-120.79951131470463,320.942214795449,1.0,CLIENT,7,2,100000,12,15,0,31195,31196,1423,10,367,1051,15636.480000000005,99,False,False
204,27,166.82214056802957,-244.00678520432194,1.0,CLIENT,7,2,100000,11,8,0,31200,31204,1429,10,369,1055,8339.456,99,False,False
204,28,-403.1931188506074,125.68693479564303,1.0,CLIENT,7,2,100000,17,23,0,31171,31178,1415,9,365,1045,23975.93600000001,99,False,False
204,29,-416.7385064772818,459.53561479593674,1.0,CLIENT,7,2,100000,12,25,0,30670,31202,1375,7,365,981,26060.80000000001,99,False,False
204,30,-484.1485934372145,449.9620947955873,1.0,CLIENT,7,2,100000,10,32,0,30394,31166,1339,7,361,958,33357.824000000015,99,False,False
204,31,-190.34834368958275,-418.8905052041477,1.0,CLIENT,7,2,100000,15,25,0,31179,31198,1412,10,364,1044,26060.80000000001,99,False,False
204,32,-239.77712660763774,-85.04182520464497,1.0,CLIENT,7,2,100000,11,12,0,31193,31193,1425,11,368,1056,12509.184000000003,99,False,False
204,33,405.7279246708364,-464.6430252041162,1.0,CLIENT,7,2,100000,11,20,0,30754,31195,1379,7,363,997,20848.640000000007,99,False,False
204,34,23.605410574820663,351.3325747954454,1.0,CLIENT,7,2,100000,11,12,0,31202,31207,1427,9,368,1050,12509.184000000003,99,False,False
204,35,185.99163650734934,20.600854795982855,1.0,CLIENT,7,2,100000,9,12,0,31220,31220,1426,10,368,1050,12509.184000000003,99,False,False
204,36,66.93480842147858,-420.4489852041678,1.0,CLIENT,7,2,100000,8,8,0,31232,31242,1431,8,369,1049,8339.456,99,False,False
204,37,-430.75917086270783,109.3228947958275,1.0,CLIENT,7,2,100000,14,12,0,31178,31191,1427,9,368,1050,12509.184000000003,99,False,False
204,38,314.0787230106278,-394.7340652042317,1.0,CLIENT,7,2,100000,14,19,0,31110,31212,1414,9,366,1020,19806.208000000006,99,False,False
204,39,453.49323893326044,-92.16630520405886,1.0,CLIENT,7,2,100000,16,20,0,31166,31200,1416,11,366,1031,20848.640000000007,99,False,False
204,40,85.47060201560848,464.7676547953827,1.0,CLIENT,7,2,100000,12,16,0,31156,31216,1419,9,367,1041,16678.912000000004,99,False,False
204,41,141.23640838443637,-29.159185204150333,1.0,CLIENT,7,2,100000,12,12,0,31195,31195,1426,10,368,1048,12509.184000000003,99,False,False
204,42,293.8002479673665,215.522174795841,1.0,CLIENT,7,2,100000,17,16,0,31152,31173,1420,11,367,1052,16678.912000000004,99,False,False
204,43,-72.63813308702936,105.20405479594388,1.0,CLIENT,7,2,100000,15,13,0,31178,31178,1424,11,367,1045,13551.616000000004,99,False,False
204,44,-470.7616313969783,-342.07970520428717,1.0,CLIENT,7,2,100000,14,29,0,31006,31226,1387,11,364,1014,30230.528000000013,99,False,False
204,45,368.41869910320065,-479.55990520442157,1.0,CLIENT,7,2,100000,17,32,0,30811,31172,1375,7,363,989,33357.824000000015,99,False,False
204,46,334.75326201970313,-200.14670520432134,1.0,CLIENT,7,2,100000,12,12,0,31196,31211,1424,11,368,1049,12509.184000000003,99,False,False
204,47,437.4922547193271,365.4702147953452,1.0,CLIENT,7,2,100000,15,28,0,30886,31200,1395,10,364,1012,29188.096000000012,99,False,False
204,48,-172.92152919939437,75.25897479561422,1.0,CLIENT,7,2,100000,11,15,0,31194,31194,1421,12,367,1050,15636.480000000005,99,False,False
204,49,-162.70307888454465,-322.7100252041504,1.0,CLIENT,7,2,100000,15,23,0,31207,31208,1414,11,365,1038,23975.93600000001,99,False,False
204,50,-246.58942681772518,190.4751747958005,1.0,CLIENT,7,2,100000,12,12,0,31182,31183,1425,11,368,1043,12509.184000000003,99,False,False
204,51,-119.69053221076308,-68.67778520403846,1.0,CLIENT,7,2,100000,11,13,0,31198,31198,1420,15,367,1052,13551.616000000004,99,False,False
204,52,436.54170120182374,43.978054795493335,1.0,CLIENT,7,2,100000,8,8,0,31204,31233,1428,9,369,1045,8339.456,99,False,False
204,53,-106.77884692984141,33.62529479552933,1.0,CLIENT,7,2,100000,11,4,0,31181,31181,1433,11,370,1060,4169.728,99,False,False
204,54,231.1429285955135,98.19089479545795,1.0,CLIENT,7,2,100000,10,8,0,31197,31198,1429,11,369,1053,8339.456,99,False,False
204,55,-383.23149498022246,-503.4937052041087,1.0,CLIENT,7,2,100000,10,18,0,30801,31221,1384,11,367,994,18763.776000000005,99,False,False
204,56,134.2656825884736,408.3284147955024,1.0,CLIENT,7,2,100000,10,8,0,31182,31218,1430,8,369,1054,8339.456,99,False,False
204,57,334.990900399079,-460.6355052047425,1.0,CLIENT,7,2,100000,11,13,0,30943,31211,1403,9,367,1025,13551.616000000004,99,False,False
204,58,253.24329788084387,275.968934795886,1.0,CLIENT,7,2,100000,10,12,0,31181,31207,1424,10,368,1050,12509.184000000003,99,False,False
204,59,22.73406985025496,-89.71726520470526,1.0,CLIENT,7,2,100000,10,8,0,31200,31200,1428,12,369,1052,8339.456,99,False,False
204,60,-392.2617533976302,175.22433479554735,1.0,CLIENT,7,2,100000,13,16,0,31190,31212,1419,10,367,1051,16678.912000000004,99,False,False
204,61,-483.19803991971116,172.55265479596488,1.0,CLIENT,7,2,100000,14,16,0,31131,31208,1414,13,367,1032,16678.912000000004,99,False,False
204,62,-408.42116319800164,-273.6179052047038,1.0,CLIENT,7,2,100000,9,8,0,31179,31228,1427,11,369,1045,8339.456,99,False,False
204,63,-194.30898334659724,234.33525479580112,1.0,CLIENT,7,2,100000,14,10,0,31188,31189,1427,11,368,1047,10424.320000000002,99,False,False
204,64,-53.547849941210096,403.6529747954421,1.0,CLIENT,7,2,100000,10,12,0,31206,31212,1426,9,368,1052,12509.184000000003,99,False,False
204,65,311.38548804399306,27.50269479595886,1.0,CLIENT,7,2,100000,14,16,0,31197,31197,1423,9,367,1046,16678.912000000004,99,False,False
204,66,238.58893115079078,-365.0116252041309,1.0,CLIENT,7,2,100000,14,18,0,31174,31204,1419,9,366,1043,18763.776000000005,99,False,False
204,67,-147.01894584348767,-496.5918652041327,1.0,CLIENT,7,2,100000,12,9,0,31182,31231,1426,9,368,1044,9381.888,99,False,False
204,68,-349.2492067238486,-176.43554520407207,1.0,CLIENT,7,2,100000,10,4,0,31194,31200,1431,12,370,1061,4169.728,99,False,False
204,69,19.644770918369012,-157.84510520434083,1.0,CLIENT,7,2,100000,11,17,0,31207,31207,1421,10,366,1044,17721.344000000005,99,False,False
204,70,-48.7158695596299,391.741734795458,1.0,CLIENT,7,2,100000,11,11,0,31198,31205,1428,9,368,1045,11466.752000000002,99,False,False
204,71,-315.34613126097526,366.58341479569856,1.0,CLIENT,7,2,100000,8,12,0,31103,31206,1416,11,368,1035,12509.184000000003,99,False,False
204,72,-256.3326003732604,-342.413665204235,1.0,CLIENT,7,2,100000,9,8,0,31217,31226,1429,10,369,1057,8339.456,99,False,False
204,73,-193.12079144971804,-161.74130520399558,1.0,CLIENT,7,2,100000,16,18,0,31196,31196,1417,13,366,1045,18763.776000000005,99,False,False
204,74,438.6804466162064,-391.2831452042437,1.0,CLIENT,7,2,100000,12,21,0,30879,31205,1385,9,364,1006,21891.072000000007,99,False,False
204,75,-11.644282371370084,-55.208065204034256,1.0,CLIENT,7,2,100000,12,15,0,31194,31194,1421,12,367,1047,15636.480000000005,99,False,False
204,76,-272.1751590007555,320.16297479583443,1.0,CLIENT,7,2,100000,14,9,0,31169,31187,1426,11,369,1053,9381.888,99,False,False
204,77,73.58868304512784,285.9877347959022,1.0,CLIENT,7,2,100000,13,12,0,31194,31195,1427,9,368,1052,12509.184000000003,99,False,False
204,78,135.37466169241515,423.3566147955267,1.0,CLIENT,7,2,100000,14,8,0,31145,31192,1431,8,369,1055,8339.456,99,False,False
204,79,-469.7318650865373,139.60193479531398,1.0,CLIENT,7,2,100000,14,25,0,31173,31213,1412,10,364,1032,26060.80000000001,99,False,False
204,80,-368.81476662898245,-397.628385204043,1.0,CLIENT,7,2,100000,9,13,0,31130,31239,1415,11,368,1038,13551.616000000004,99,False,False
204,81,-451.9089866305349,-218.40318520410477,1.0,CLIENT,7,2,100000,15,16,0,31155,31205,1413,13,367,1046,16678.912000000004,99,False,False
204,82,167.93111967197112,-176.32422520435313,1.0,CLIENT,7,2,100000,11,11,0,31195,31196,1427,10,368,1050,11466.752000000002,99,False,False
204,83,35.01205278654962,190.80913479574832,1.0,CLIENT,7,2,100000,15,8,0,31169,31169,1430,10,369,1058,8339.456,99,False,False
204,84,15.84255684722985,-350.6513452040022,1.0,CLIENT,7,2,100000,11,15,0,31220,31223,1424,8,367,1039,15636.480000000005,99,False,False
204,85,-142.34539104834565,-31.719545204013855,1.0,CLIENT,7,2,100000,12,12,0,31202,31202,1425,11,368,1054,12509.184000000003,99,False,False
204,86,452.4634726222565,354.7834947954334,1.0,CLIENT,7,2,100000,13,14,0,30844,31180,1403,11,367,1021,14594.048000000004,99,False,False
204,87,-208.25043493908564,-430.35646520446505,1.0,CLIENT,7,2,100000,15,18,0,31180,31207,1418,11,366,1042,18763.776000000005,99,False,False
204,88,-185.5163633085654,387.6228947955744,1.0,CLIENT,7,2,100000,10,13,0,31201,31230,1421,12,367,1044,13551.616000000004,99,False,False
204,89,350.7542462336365,197.82229479544327,1.0,CLIENT,7,2,100000,10,5,0,31186,31211,1432,10,369,1046,5212.16,99,False,False
204,90,-194.9426856917871,493.37689479592115,1.0,CLIENT,7,2,100000,15,19,0,31046,31196,1410,11,366,1029,19806.208000000006,99,False,False
204,91,231.38056697488932,485.80713479525855,1.0,CLIENT,7,2,100000,13,34,0,30978,31199,1394,9,366,1002,35442.68800000002,99,False,False
204,92,101.7884374018553,358.3457347959313,1.0,CLIENT,7,2,100000,10,16,0,31203,31214,1421,10,367,1051,16678.912000000004,99,False,False
204,93,-253.48093982075028,-360.22486520435166,1.0,CLIENT,7,2,100000,16,15,0,31204,31214,1419,11,367,1045,15636.480000000005,99,False,False
204,94,366.27995368825526,97.18901479561453,1.0,CLIENT,7,2,100000,13,25,0,31201,31207,1412,11,365,1034,26060.80000000001,99,False,False
204,95,-455.07749835592136,124.57373479528968,1.0,CLIENT,7,2,100000,11,8,0,31188,31216,1428,10,369,1050,8339.456,99,False,False
204,96,72.55891673412397,151.624494795808,1.0,CLIENT,7,2,100000,15,10,0,31182,31183,1427,10,368,1050,10424.320000000002,99,False,False
204,97,-105.27380386008583,-350.6513452040022,1.0,CLIENT,7,2,100000,13,12,0,31210,31210,1426,10,368,1056,12509.184000000003,99,False,False
204,98,-228.76654836172278,408.7736947959601,1.0,CLIENT,7,2,100000,13,20,0,31136,31210,1414,11,366,1037,20848.640000000007,99,False,False
204,99,0.23763659911055826,412.3359347956671,1.0,CLIENT,7,2,100000,14,19,0,31179,31195,1418,9,366,1046,19806.208000000006,99,False,False

205,0,199.85387530633724,-223.07862520416506,1.0,CLIENT,7,2,100000,13,12,0,31453,31453,1414,8,372,1028,12509.184000000003,99,False,False
205,1,135.21623610597698,235.11449479541568,1.0,CLIENT,7,2,100000,14,15,0,31456,31456,1413,6,371,1026,15636.480000000005,99,False,False
205,2,28.912667715152544,238.45409479568474,1.0,CLIENT,7,2,100000,10,4,0,31465,31465,1424,6,374,1044,4169.728,99,False,False
205,3,-113.82878551874185,-371.46818520444015,1.0,CLIENT,7,2,100000,12,16,0,31445,31453,1411,6,371,1020,16678.912000000004,99,False,False
205,4,-331.5055410613468,-149.9413852045214,1.0,CLIENT,7,2,100000,15,24,0,31424,31428,1403,7,369,1018,25018.36800000001,99,False,False
205,5,378.2410854522364,-493.80886520404033,1.0,CLIENT,7,2,100000,9,29,0,31079,31469,1368,9,370,972,30230.528000000013,99,False,False
205,6,-102.26371772057472,-350.6513452040022,1.0,CLIENT,7,2,100000,13,12,0,31456,31459,1416,6,372,1031,12509.184000000003,99,False,False
205,7,155.1778599769248,380.05313479570276,1.0,CLIENT,7,2,100000,17,18,0,31412,31421,1410,6,370,1030,18763.776000000005,99,False,False
205,8,-417.6890599947852,497.49573479580476,1.0,CLIENT,7,2,100000,10,19,0,30988,31457,1373,7,368,979,19806.208000000006,99,False,False
205,9,59.88486983201529,477.2354947955435,1.0,CLIENT,7,2,100000,15,18,0,31430,31452,1409,6,370,1032,18763.776000000005,99,False,False
205,10,-113.19508317355199,-180.55438520474667,1.0,CLIENT,7,2,100000,12,15,0,31435,31435,1413,6,371,1038,15636.480000000005,99,False,False
205,11,-433.6900442087185,-242.22566520407298,1.0,CLIENT,7,2,100000,14,12,0,31335,31453,1403,6,372,1020,12509.184000000003,99,False,False
205,12,158.4255844952489,233.22205479544778,1.0,CLIENT,7,2,100000,15,12,0,31428,31429,1416,6,372,1042,12509.184000000003,99,False,False
205,13,217.91439214171547,-421.78482520475,1.0,CLIENT,7,2,100000,15,21,0,31447,31485,1401,8,369,1014,21891.072000000007,99,False,False
205,14,321.762363945281,405.54541479541,1.0,CLIENT,7,2,100000,14,11,0,31344,31440,1412,6,372,1026,11466.752000000002,99,False,False
205,15,166.3468638092779,142.38493479540637,1.0,CLIENT,7,2,100000,8,8,0,31457,31457,1420,6,373,1041,8339.456,99,False,False
205,16,-67.806152706012,-399.7434652042398,1.0,CLIENT,7,2,100000,15,16,0,31411,31425,1410,6,370,1026,16678.912000000004,99,False,False
205,17,-233.20246477748898,97.30033479533347,1.0,CLIENT,7,2,100000,12,8,0,31450,31450,1418,8,373,1034,8339.456,99,False,False
205,18,-353.0514207944249,-154.50550520407177,1.0,CLIENT,7,2,100000,15,15,0,31405,31416,1412,6,371,1038,15636.480000000005,99,False,False
205,19,4.27748904962556,117.44925479587579,1.0,CLIENT,7,2,100000,13,9,0,31441,31441,1415,10,372,1038,9381.888,99,False,False
205,20,-60.20172456485937,127.24541479566312,1.0,CLIENT,7,2,100000,9,4,0,31437,31437,1420,10,374,1044,4169.728,99,False,False
205,21,151.29643311284795,351.4438947959553,1.0,CLIENT,7,2,100000,15,16,0,31431,31436,1411,5,371,1027,16678.912000000004,99,False,False
205,22,301.0878249362056,-351.3192652046888,1.0,CLIENT,7,2,100000,9,12,0,31450,31478,1413,8,372,1019,12509.184000000003,99,False,False
205,23,155.41549835630062,-340.4099052045481,1.0,CLIENT,7,2,100000,14,4,0,31442,31445,1424,6,374,1029,4169.728,99,False,False
205,24,-1.029768090706321,-38.17610520432311,1.0,CLIENT,7,2,100000,10,6,0,31441,31441,1421,7,373,1044,6254.592,99,False,False
205,25,-401.6880757808519,383.05877479523303,1.0,CLIENT,7,2,100000,11,16,0,31366,31493,1400,10,371,1019,16678.912000000004,99,False,False
205,26,296.2558445546254,-124.22646520458528,1.0,CLIENT,7,2,100000,12,20,0,31456,31457,1407,7,370,1024,20848.640000000007,99,False,False
205,27,288.01771406828294,-218.29186520438583,1.0,CLIENT,7,2,100000,11,8,0,31454,31459,1419,7,373,1032,8339.456,99,False,False
205,28,-364.0619990409027,74.47973479599966,1.0,CLIENT,7,2,100000,17,21,0,31420,31422,1406,7,369,1030,21891.072000000007,99,False,False
205,29,123.57195551487217,-256.3633052047638,1.0,CLIENT,7,2,100000,12,16,0,31464,31464,1411,7,371,1022,16678.912000000004,99,False,False
205,30,-126.1067684550365,-319.81570520433905,1.0,CLIENT,7,2,100000,10,18,0,31447,31450,1411,6,370,1026,18763.776000000005,99,False,False
205,31,-289.1266967327551,211.51465479567634,1.0,CLIENT,7,2,100000,15,25,0,31445,31448,1399,10,368,1024,26060.80000000001,99,False,False
205,32,305.9990181107235,368.5871747953854,1.0,CLIENT,7,2,100000,12,12,0,31377,31445,1411,6,371,1023,12509.184000000003,99,False,False
205,33,30.259285198469932,-123.89250520463747,1.0,CLIENT,7,2,100000,11,8,0,31446,31446,1418,8,373,1035,8339.456,99,False,False
205,34,-137.7510490461413,-471.5448652040922,1.0,CLIENT,7,2,100000,11,12,0,31381,31476,1411,6,372,1016,12509.184000000003,99,False,False
205,35,-163.49520681617267,-1.6631452047562334,1.0,CLIENT,7,2,100000,9,8,0,31443,31443,1420,6,373,1029,8339.456,99,False,False
205,36,-58.617468702166136,-156.95454520421634,1.0,CLIENT,7,2,100000,8,4,0,31470,31470,1424,6,374,1045,4169.728,99,False,False
205,37,269.56113326765353,-334.7325852046444,1.0,CLIENT,7,2,100000,14,15,0,31451,31459,1411,8,371,1025,15636.480000000005,99,False,False
205,38,-241.9950848155208,-296.99510520421427,1.0,CLIENT,7,2,100000,14,15,0,31425,31439,1413,6,371,1031,15636.480000000005,99,False,False
205,39,-443.1955793854407,-378.2587052046972,1.0,CLIENT,7,2,100000,17,30,0,30965,31425,1370,3,367,981,31272.960000000014,99,False,False
205,40,120.0073798236717,-226.52954520415307,1.0,CLIENT,7,2,100000,12,15,0,31448,31449,1412,7,371,1023,15636.480000000005,99,False,False
205,41,-234.23223108793002,-462.5279452047104,1.0,CLIENT,7,2,100000,12,15,0,31261,31446,1398,7,371,1011,15636.480000000005,99,False,False
205,42,145.5931120072649,-430.8017452041318,1.0,CLIENT,7,2,100000,17,20,0,31408,31435,1408,5,370,1024,20848.640000000007,99,False,False
205,43,-400.34145829753453,26.055534795657707,1.0,CLIENT,7,2,100000,15,15,0,31437,31439,1411,7,370,1017,15636.480000000005,99,False,False
205,44,241.20295332392507,323.2799347958746,1.0,CLIENT,7,2,100000,14,16,0,31441,31457,1413,5,371,1026,16678.912000000004,99,False,False
205,45,-7.525217127917414,-256.029345204025,1.0,CLIENT,7,2,100000,17,24,0,31417,31417,1404,6,369,1024,25018.36800000001,99,False,False
205,46,-49.587210284195606,115.22285479596007,1.0,CLIENT,7,2,100000,12,8,0,31433,31433,1417,9,373,1032,8339.456,99,False,False
205,47,468.3060312497517,400.42469479568297,1.0,CLIENT,7,2,100000,15,33,0,31030,31458,1369,4,366,989,34400.256000000016,99,False,False
205,48,396.53924066699045,359.1249747955459,1.0,CLIENT,7,2,100000,11,16,0,31329,31484,1402,5,371,1021,16678.912000000004,99,False,False
205,49,-25.744159549733812,428.14337479530593,1.0,CLIENT,7,2,100000,15,25,0,31445,31454,1402,5,368,1023,26060.80000000001,99,False,False
205,50,-332.1392434059738,116.89265479569912,1.0,CLIENT,7,2,100000,12,19,0,31454,31454,1407,8,370,1025,19806.208000000006,99,False,False
205,51,434.2445302004402,381.0550147955462,1.0,CLIENT,7,2,100000,11,21,0,31196,31459,1393,5,369,1009,21891.072000000007,99,False,False
205,52,-46.497911351746815,-278.404665204483,1.0,CLIENT,7,2,100000,8,6,0,31462,31462,1423,5,373,1033,6254.592,99,False,False
205,53,43.09175768701678,-340.18726520431926,1.0,CLIENT,7,2,100000,11,11,0,31453,31457,1417,6,372,1032,11466.752000000002,99,False,False
205,54,60.993848935956834,304.6894947953524,1.0,CLIENT,7,2,100000,10,12,0,31455,31455,1416,6,372,1040,12509.184000000003,99,False,False
205,55,482.80197239392936,245.13329479543188,1.0,CLIENT,7,2,100000,10,14,0,31351,31483,1407,4,371,1017,14594.048000000004,99,False,False
205,56,78.81672739195922,-200.703305204498,1.0,CLIENT,7,2,100000,10,4,0,31453,31453,1423,7,374,1036,4169.728,99,False,False
205,57,-13.545389406376822,104.42481479553834,1.0,CLIENT,7,2,100000,10,16,0,31450,31450,1410,8,371,1035,16678.912000000004,99,False,False
205,58,248.72816867214004,383.3927347959718,1.0,CLIENT,7,2,100000,10,12,0,31425,31460,1414,6,372,1025,12509.184000000003,99,False,False
205,59,102.02607578123114,472.44873479576427,1.0,CLIENT,7,2,100000,10,8,0,31431,31469,1415,6,373,1025,8339.456,99,False,False
205,60,240.64846377223571,321.49881479562566,1.0,CLIENT,7,2,100000,13,17,0,31453,31465,1411,6,370,1029,17721.344000000005,99,False,False
205,61,-362.4777431782095,122.34733479537397,1.0,CLIENT,7,2,100000,14,12,0,31441,31443,1415,7,372,1024,12509.184000000003,99,False,False
205,62,343.941946023549,-217.73526520420916,1.0,CLIENT,7,2,100000,9,8,0,31462,31471,1417,8,373,1026,8339.456,99,False,False
205,63,-315.34613126097526,-417.22070520440866,1.0,CLIENT,7,2,100000,14,12,0,31227,31434,1402,7,372,1019,12509.184000000003,99,False,False
205,64,6.653872843383984,146.9490547957477,1.0,CLIENT,7,2,100000,10,12,0,31456,31456,1413,9,372,1034,12509.184000000003,99,False,False
205,65,-216.9638421841798,-310.7987852041663,1.0,CLIENT,7,2,100000,14,14,0,31438,31443,1414,6,371,1029,14594.048000000004,99,False,False
205,66,-449.6910284226518,267.7312547953278,1.0,CLIENT,7,2,100000,15,22,0,31395,31465,1399,10,369,1004,22933.504000000008,99,False,False
205,67,-331.0302643020322,-19.140385204134134,1.0,CLIENT,7,2,100000,12,6,0,31447,31447,1421,7,373,1042,6254.592,99,False,False
205,68,80.32177046171478,-71.79474520407865,1.0,CLIENT,7,2,100000,10,4,0,31448,31448,1422,8,374,1047,4169.728,99,False,False
205,69,153.51439132073105,27.614014795677804,1.0,CLIENT,7,2,100000,11,16,0,31438,31439,1411,6,371,1028,16678.912000000004,99,False,False
205,70,427.9075067496673,259.2709347953317,1.0,CLIENT,7,2,100000,11,16,0,31385,31477,1403,6,371,1016,16678.912000000004,99,False,False
205,71,-492.62436230293287,-225.86162520425745,1.0,CLIENT,7,2,100000,8,12,0,31208,31445,1397,6,372,1014,12509.184000000003,99,False,False
205,72,-188.20959827520016,-480.8957452042128,1.0,CLIENT,7,2,100000,10,5,0,31305,31456,1407,6,372,1010,5212.16,99,False,False
205,73,-478.36605953813097,198.6015347958488,1.0,CLIENT,7,2,100000,16,18,0,31400,31446,1404,8,370,1014,18763.776000000005,99,False,False
205,74,-112.4029552424868,365.91549479580294,1.0,CLIENT,7,2,100000,12,18,0,31458,31462,1409,7,370,1031,18763.776000000005,99,False,False
205,75,429.7294009917363,503.8409747956041,1.0,CLIENT,7,2,100000,12,22,0,30730,31423,1374,3,368,978,22933.504000000008,99,False,False
205,76,-325.7230071622632,386.8436547959598,1.0,CLIENT,7,2,100000,14,17,0,31404,31470,1405,8,370,1017,17721.344000000005,99,False,False
205,77,283.7402232389549,490.59389479582876,1.0,CLIENT,7,2,100000,13,12,0,31246,31453,1407,5,372,1021,12509.184000000003,99,False,False
205,78,351.94243813051565,-485.12590520460634,1.0,CLIENT,7,2,100000,14,19,0,31181,31488,1388,8,369,1004,19806.208000000006,99,False,False
205,79,485.1783561882507,360.7947747952849,1.0,CLIENT,7,2,100000,14,27,0,31091,31446,1386,4,367,999,28145.66400000001,99,False,False
205,80,315.90061725269686,-413.43582520447285,1.0,CLIENT,7,2,100000,9,13,0,31378,31488,1404,6,372,1013,13551.616000000004,99,False,False
205,81,40.00245875456799,344.0967747955216,1.0,CLIENT,7,2,100000,15,14,0,31425,31425,1414,6,371,1034,14594.048000000004,99,False,False
205,82,422.44182402289715,176.3375347959007,1.0,CLIENT,7,2,100000,11,12,0,31450,31479,1414,6,372,1025,12509.184000000003,99,False,False
205,83,231.1429285955135,-392.50766520431597,1.0,CLIENT,7,2,100000,15,14,0,31411,31436,1410,8,371,1025,14594.048000000004,99,False,False
205,84,-153.51439488069877,-360.6701452040184,1.0,CLIENT,7,2,100000,11,4,0,31434,31443,1423,6,374,1029,4169.728,99,False,False
205,85,420.46150419495274,-215.28622520406458,1.0,CLIENT,7,2,100000,12,17,0,31433,31473,1409,7,370,1028,17721.344000000005,99,False,False
205,86,-491.9114471648054,-422.23010520441676,1.0,CLIENT,7,2,100000,13,21,0,30427,31361,1338,2,367,957,21891.072000000007,99,False,False
205,87,-228.44969718884644,-244.34074520426975,1.0,CLIENT,7,2,100000,15,13,0,31418,31419,1415,6,372,1027,13551.616000000004,99,False,False
205,88,-127.84944990416791,-217.17866520403248,1.0,CLIENT,7,2,100000,10,12,0,31459,31459,1417,5,372,1034,12509.184000000003,99,False,False
205,89,-110.34342262104188,-17.02530520472834,1.0,CLIENT,7,2,100000,10,5,0,31446,31446,1422,7,373,1043,5212.16,99,False,False
205,90,139.49372693530498,148.3962147952579,1.0,CLIENT,7,2,100000,15,16,0,31432,31432,1411,7,371,1027,16678.912000000004,99,False,False
205,91,-435.51193845078757,-36.17234520463626,1.0,CLIENT,7,2,100000,13,13,0,31428,31444,1413,7,371,1034,13551.616000000004,99,False,False
205,92,173.7136535710547,-296.66114520426646,1.0,CLIENT,7,2,100000,10,11,0,31430,31435,1415,8,372,1031,11466.752000000002,99,False,False
205,93,-138.622389770707,394.5247347955504,1.0,CLIENT,7,2,100000,15,12,0,31448,31455,1414,7,372,1027,12509.184000000003,99,False,False
205,94,-223.0632272555769,-106.19262520423973,1.0,CLIENT,7,2,100000,13,20,0,31437,31438,1407,6,370,1025,20848.640000000007,99,False,False
205,95,-239.9355521940759,489.4806947954754,1.0,CLIENT,7,2,100000,11,10,0,31376,31490,1409,5,373,1016,10424.320000000002,99,False,False
205,96,-103.92718637676845,-375.3643852040949,1.0,CLIENT,7,2,100000,15,15,0,31431,31445,1411,6,371,1026,15636.480000000005,99,False,False
205,97,-147.25658422286352,-330.8363852041987,1.0,CLIENT,7,2,100000,13,12,0,31453,31456,1416,6,372,1032,12509.184000000003,99,False,False
205,98,-347.5065252747172,355.56273479583894,1.0,CLIENT,7,2,100000,13,21,0,31426,31480,1400,8,370,1016,21891.072000000007,99,False,False
205,99,58.379826762259725,-27.155425204463484,1.0,CLIENT,7,2,100000,14,17,0,31438,31438,1410,7,370,1032,17721.344000000005,99,False,False

206,0,1.2674029101144357,134.59253479530588,1.0,CLIENT,7,2,100000,13,7,0,30512,30512,1408,0,362,1038,7297.023999999999,99,False,False
206,1,-471.7913977079822,53.32893479561392,1.0,CLIENT,7,2,100000,14,8,0,30493,30507,1407,0,362,1027,8339.456,99,False,False
206,2,-208.25043493908564,463.54313479531044,1.0,CLIENT,7,2,100000,11,4,0,30531,30549,1409,0,363,1037,4169.728,99,False,False
206,3,-116.83887165825297,-50.08734520430721,1.0,CLIENT,7,2,100000,12,15,0,30514,30514,1400,0,360,1028,15636.480000000005,99,False,False
206,4,374.6765097610359,-298.3309452040055,1.0,CLIENT,7,2,100000,16,24,0,30499,30547,1385,0,358,1020,25018.36800000001,99,False,False
206,5,277.64083816755783,-184.1166252044536,1.0,CLIENT,7,2,100000,9,12,0,30550,30551,1403,0,361,1028,12509.184000000003,99,False,False
206,6,42.29962975538875,203.499614795347,1.0,CLIENT,7,2,100000,13,12,0,30535,30535,1403,0,361,1024,12509.184000000003,99,False,False
206,7,-422.36261478992725,-305.2327852047725,1.0,CLIENT,7,2,100000,17,27,0,30444,30521,1381,0,357,1006,28145.66400000001,99,False,False
206,8,-267.7392425855522,383.3927347959718,1.0,CLIENT,7,2,100000,10,12,0,30533,30542,1403,0,361,1028,12509.184000000003,99,False,False
206,9,-175.06027461433982,-487.9089052046987,1.0,CLIENT,7,2,100000,15,25,0,30477,30538,1389,0,358,1010,26060.80000000001,99,False,False
206,10,299.5827818664501,-241.44642520445842,1.0,CLIENT,7,2,100000,12,16,0,30528,30538,1398,0,360,1024,16678.912000000004,99,False,False
206,11,-441.05683397049535,117.67189479531368,1.0,CLIENT,7,2,100000,14,8,0,30493,30503,1407,0,362,1032,8339.456,99,False,False
206,12,-209.6762652153407,232.1088547958854,1.0,CLIENT,7,2,100000,15,20,0,30522,30522,1395,0,359,1023,20848.640000000007,99,False,False
206,13,-102.26371772057472,230.7730147953032,1.0,CLIENT,7,2,100000,16,12,0,30498,30498,1403,0,361,1026,12509.184000000003,99,False,False
206,14,147.2565806628958,-62.77782520469685,1.0,CLIENT,7,2,100000,14,9,0,30495,30495,1406,0,361,1031,9381.888,99,False,False
206,15,282.1559673762617,-290.2045852047482,1.0,CLIENT,7,2,100000,9,17,0,30567,30575,1398,0,360,1017,17721.344000000005,99,False,False
206,16,27.011560680145806,-200.81462520421695,1.0,CLIENT,7,2,100000,15,19,0,30513,30513,1396,0,359,1026,19806.208000000006,99,False,False
206,17,-376.9736843223872,-235.88042520427365,1.0,CLIENT,7,2,100000,13,8,0,30504,30511,1407,0,362,1027,8339.456,99,False,False
206,18,161.5148834276977,-188.1241452046183,1.0,CLIENT,7,2,100000,15,20,0,30521,30522,1395,0,359,1030,20848.640000000007,99,False,False
206,19,-327.0696246455806,12.585814795653505,1.0,CLIENT,7,2,100000,13,8,0,30509,30509,1407,0,362,1032,8339.456,99,False,False
206,20,-339.10996920249937,72.92125479597956,1.0,CLIENT,7,2,100000,9,4,0,30517,30517,1411,0,363,1032,4169.728,99,False,False
206,21,236.92546249459707,112.7738147958155,1.0,CLIENT,7,2,100000,16,18,0,30516,30516,1397,0,359,1028,18763.776000000005,99,False,False
206,22,370.5574445181461,-271.7254652047359,1.0,CLIENT,7,2,100000,9,12,0,30530,30564,1401,0,361,1034,12509.184000000003,99,False,False
206,23,240.64846377223571,376.8248547959436,1.0,CLIENT,7,2,100000,14,6,0,30539,30548,1407,0,362,1032,6254.592,99,False,False
206,24,-99.8873339268163,-126.23022520427213,1.0,CLIENT,7,2,100000,10,8,0,30525,30525,1407,0,362,1040,8339.456,99,False,False
206,25,-99.09520599518825,202.2750947952747,1.0,CLIENT,7,2,100000,11,8,0,30530,30530,1407,0,362,1030,8339.456,99,False,False
206,26,390.2814300091552,238.6767347959136,1.0,CLIENT,7,2,100000,12,20,0,30533,30541,1395,0,359,1020,20848.640000000007,99,False,False
206,27,285.7205430674622,470.3336547955675,1.0,CLIENT,7,2,100000,11,8,0,30485,30552,1406,0,362,1019,8339.456,99,False,False
206,28,-376.419194770135,-162.29790520417225,1.0,CLIENT,7,2,100000,17,29,0,30523,30525,1386,0,357,1020,30230.528000000013,99,False,False
206,29,-413.253143579019,113.1077747957633,1.0,CLIENT,7,2,100000,12,12,0,30520,30524,1403,0,361,1026,12509.184000000003,99,False,False
206,30,-432.26421393246346,-32.49878520441939,1.0,CLIENT,7,2,100000,10,24,0,30544,30546,1391,0,358,1026,25018.36800000001,99,False,False
206,31,-493.97097978625027,182.57145479598108,1.0,CLIENT,7,2,100000,15,21,0,30465,30512,1392,0,357,1013,21891.072000000007,99,False,False
206,32,-222.82558887620107,-271.28018520427815,1.0,CLIENT,7,2,100000,12,11,0,30520,30520,1404,0,360,1027,11466.752000000002,99,False,False
206,33,-360.4974233497023,94.96261479569881,1.0,CLIENT,7,2,100000,11,16,0,30544,30544,1399,0,360,1023,16678.912000000004,99,False,False
206,34,-134.18647335550367,341.0911347959913,1.0,CLIENT,7,2,100000,11,12,0,30535,30536,1403,0,361,1033,12509.184000000003,99,False,False
206,35,-497.3771298915754,-226.640865204663,1.0,CLIENT,7,2,100000,9,12,0,30479,30544,1400,0,361,1021,12509.184000000003,99,False,False
206,36,-83.80713691994531,118.1171747957714,1.0,CLIENT,7,2,100000,8,4,0,30535,30535,1411,0,363,1042,4169.728,99,False,False
206,37,-100.12497230619213,-482.23158520400403,1.0,CLIENT,7,2,100000,14,15,0,30484,30532,1397,0,360,1018,15636.480000000005,99,False,False
206,38,492.9412099158415,-181.77890520402798,1.0,CLIENT,7,2,100000,14,17,0,30460,30540,1387,0,359,1014,17721.344000000005,99,False,False
206,39,-283.50258841954684,386.3983747955021,1.0,CLIENT,7,2,100000,17,20,0,30499,30508,1394,0,359,1025,20848.640000000007,99,False,False
206,40,-214.0329688381692,61.900574795328964,1.0,CLIENT,7,2,100000,12,8,0,30507,30507,1407,0,362,1031,8339.456,99,False,False
206,41,157.63345656418372,-382.71150520452863,1.0,CLIENT,7,2,100000,12,16,0,30528,30541,1398,0,360,1016,16678.912000000004,99,False,False
206,42,-385.1326020152292,334.4119347954532,1.0,CLIENT,7,2,100000,17,20,0,30481,30515,1392,0,358,1018,20848.640000000007,99,False,False
206,43,-127.37417314541622,94.51733479524108,1.0,CLIENT,7,2,100000,15,16,0,30502,30502,1399,0,360,1034,16678.912000000004,99,False,False
206,44,-43.487825212798526,282.98209479558096,1.0,CLIENT,7,2,100000,14,8,0,30502,30502,1407,0,362,1038,8339.456,99,False,False
206,45,265.3628552312632,494.37877479576457,1.0,CLIENT,7,2,100000,17,27,0,30427,30507,1381,0,357,998,28145.66400000001,99,False,False
206,46,-318.1185790211105,-416.4414652040031,1.0,CLIENT,7,2,100000,12,13,0,30447,30533,1397,0,361,1019,13551.616000000004,99,False,False
206,47,187.17982840422857,-120.99818520403517,1.0,CLIENT,7,2,100000,15,16,0,30505,30505,1399,0,360,1031,16678.912000000004,99,False,False
206,48,8.475767085453056,200.27133479558785,1.0,CLIENT,7,2,100000,11,16,0,30534,30534,1399,0,360,1024,16678.912000000004,99,False,False
206,49,-209.75547800827837,-337.4042652042269,1.0,CLIENT,7,2,100000,16,25,0,30534,30535,1390,0,357,1014,26060.80000000001,99,False,False
206,50,346.7143937836843,-338.851425204528,1.0,CLIENT,7,2,100000,12,20,0,30487,30556,1387,0,359,1010,20848.640000000007,99,False,False
206,51,159.69298918562862,-49.86470520407835,1.0,CLIENT,7,2,100000,11,12,0,30523,30523,1403,0,361,1037,12509.184000000003,99,False,False
206,52,-404.85658750680113,-18.027185204571765,1.0,CLIENT,7,2,100000,8,8,0,30546,30547,1407,0,362,1029,8339.456,99,False,False
206,53,-189.63542855145522,-301.67054520427456,1.0,CLIENT,7,2,100000,11,10,0,30528,30529,1405,0,361,1029,10424.320000000002,99,False,False
206,54,84.04477173879059,-128.45662520418784,1.0,CLIENT,7,2,100000,10,9,0,30530,30530,1406,0,361,1040,9381.888,99,False,False
206,55,-321.12866516005886,117.67189479531368,1.0,CLIENT,7,2,100000,10,10,0,30527,30527,1405,0,361,1038,10424.320000000002,99,False,False
206,56,-256.5702387526362,175.3356547952663,1.0,CLIENT,7,2,100000,10,4,0,30519,30519,1411,0,363,1037,4169.728,99,False,False
206,57,-347.82337644759355,424.69245479531793,1.0,CLIENT,7,2,100000,11,13,0,30507,30566,1399,0,360,1030,13551.616000000004,99,False,False
206,58,-431.39287320789776,-97.28702520457688,1.0,CLIENT,7,2,100000,11,12,0,30533,30538,1403,0,361,1023,12509.184000000003,99,False,False
206,59,-117.31414841700466,235.89373479582122,1.0,CLIENT,7,2,100000,10,6,0,30515,30515,1409,0,362,1029,6254.592,99,False,False
206,60,-124.44329979940561,-480.0051852040883,1.0,CLIENT,7,2,100000,13,16,0,30484,30532,1390,0,360,1011,16678.912000000004,99,False,False
206,61,16.713897571795552,491.48445479595324,1.0,CLIENT,7,2,100000,14,16,0,30516,30526,1399,0,360,1023,16678.912000000004,99,False,False
206,62,81.19311118628048,286.32169479585,1.0,CLIENT,7,2,100000,10,8,0,30528,30528,1407,0,362,1032,8339.456,99,False,False
206,63,-355.269379002308,16.704654795537124,1.0,CLIENT,7,2,100000,14,8,0,30508,30508,1407,0,362,1023,8339.456,99,False,False
206,64,-171.33727333670114,-170.86954520467827,1.0,CLIENT,7,2,100000,10,12,0,30516,30516,1403,0,361,1034,12509.184000000003,99,False,False
206,65,52.43886727730082,96.96637479538566,1.0,CLIENT,7,2,100000,15,12,0,30513,30513,1403,0,361,1034,12509.184000000003,99,False,False
206,66,-88.63911730096267,-176.8808252045298,1.0,CLIENT,7,2,100000,14,12,0,30481,30481,1403,0,361,1038,12509.184000000003,99,False,False
206,67,-87.45092540408346,-38.17610520432311,1.0,CLIENT,7,2,100000,12,8,0,30509,30509,1407,0,362,1038,8339.456,99,False,False
206,68,217.35990258946327,476.344934795419,1.0,CLIENT,7,2,100000,10,12,0,30542,30578,1401,0,361,1032,12509.184000000003,99,False,False
206,69,257.4415759172342,370.59093479586323,1.0,CLIENT,7,2,100000,11,20,0,30547,30555,1395,0,359,1021,20848.640000000007,99,False,False
206,70,-243.97540464402806,170.88285479543487,1.0,CLIENT,7,2,100000,11,5,0,30508,30508,1410,0,362,1031,5212.16,99,False,False
206,71,447.5522794477387,-117.21330520409936,1.0,CLIENT,7,2,100000,8,15,0,30563,30584,1398,0,360,1019,15636.480000000005,99,False,False
206,72,-51.88438128501636,-328.1647052046162,1.0,CLIENT,7,2,100000,10,6,0,30557,30557,1409,0,362,1032,6254.592,99,False,False
206,73,309.8804449742375,-197.02974520428114,1.0,CLIENT,7,2,100000,17,20,0,30522,30526,1394,0,359,1021,20848.640000000007,99,False,False
206,74,294.2755247261182,-362.4512652042674,1.0,CLIENT,7,2,100000,12,22,0,30504,30540,1390,0,359,1004,22933.504000000008,99,False,False
206,75,461.2560926602884,112.88513479553444,1.0,CLIENT,7,2,100000,12,20,0,30532,30550,1395,0,359,1022,20848.640000000007,99,False,False
206,76,-406.83690733530847,124.57373479528968,1.0,CLIENT,7,2,100000,14,12,0,30516,30524,1402,0,361,1026,12509.184000000003,99,False,False
206,77,451.1168551389392,229.2145347952831,1.0,CLIENT,7,2,100000,13,21,0,30521,30552,1390,0,359,1016,21891.072000000007,99,False,False
206,78,134.34489538141128,52.772334795437246,1.0,CLIENT,7,2,100000,14,8,0,30515,30515,1407,0,362,1031,8339.456,99,False,False
206,79,-443.1955793854407,492.2636947955678,1.0,CLIENT,7,2,100000,15,32,0,30152,30542,1349,0,355,980,33357.824000000015,99,False,False
206,80,-41.98278214304297,406.8812547959922,1.0,CLIENT,7,2,100000,9,12,0,30553,30555,1403,0,361,1035,12509.184000000003,99,False,False
206,81,343.545882057735,-209.38626520472297,1.0,CLIENT,7,2,100000,15,16,0,30523,30533,1399,0,360,1022,16678.912000000004,99,False,False
206,82,-405.4110770584906,-3.6669052044430828,1.0,CLIENT,7,2,100000,11,12,0,30540,30540,1403,0,361,1031,12509.184000000003,99,False,False
206,83,-372.9338318718722,-117.99254520450489,1.0,CLIENT,7,2,100000,15,16,0,30516,30516,1399,0,360,1028,16678.912000000004,99,False,False
206,84,-139.57294328877322,470.55629479579636,1.0,CLIENT,7,2,100000,11,21,0,30550,30551,1394,0,360,1022,21891.072000000007,99,False,False
206,85,241.36137891036324,-308.4610652045316,1.0,CLIENT,7,2,100000,12,12,0,30503,30523,1402,0,361,1030,12509.184000000003,99,False,False
206,86,-371.42878880267955,269.51237479557676,1.0,CLIENT,7,2,100000,13,20,0,30532,30545,1393,0,359,1020,20848.640000000007,99,False,False
206,87,-28.199756136992747,313.03849479562956,1.0,CLIENT,7,2,100000,15,15,0,30509,30509,1401,0,360,1031,15636.480000000005,99,False,False
206,88,480.42558859960815,-325.3817052045238,1.0,CLIENT,7,2,100000,10,22,0,30357,30575,1377,0,359,1007,22933.504000000008,99,False,False
206,89,3.32693553155935,25.832894795428842,1.0,CLIENT,7,2,100000,11,6,0,30523,30523,1409,0,362,1034,6254.592,99,False,False
206,90,130.70110689727312,348.3269347959151,1.0,CLIENT,7,2,100000,15,16,0,30511,30512,1399,0,360,1026,16678.912000000004,99,False,False
206,91,485.73284573994005,282.5368147959142,1.0,CLIENT,7,2,100000,13,20,0,30469,30564,1393,0,359,1011,20848.640000000007,99,False,False
206,92,336.8920074346486,423.6905747954745,1.0,CLIENT,7,2,100000,10,19,0,30498,30569,1386,0,359,1005,19806.208000000006,99,False,False
206,93,-207.0622430416436,232.6654547952711,1.0,CLIENT,7,2,100000,16,8,0,30509,30509,1407,0,362,1038,8339.456,99,False,False
206,94,-55.05289301096566,-166.63938520428474,1.0,CLIENT,7,2,100000,13,23,0,30525,30525,1392,0,358,1021,23975.93600000001,99,False,False
206,95,-475.6728245714962,-13.685705204459282,1.0,CLIENT,7,2,100000,11,8,0,30548,30565,1404,0,362,1025,8339.456,99,False,False
206,96,-189.08093899976586,85.50041479585929,1.0,CLIENT,7,2,100000,16,8,0,30501,30501,1407,0,362,1028,8339.456,99,False,False
206,97,-22.813286203723198,-449.2808652041441,1.0,CLIENT,7,2,100000,13,14,0,30516,30536,1398,0,360,1023,14594.048000000004,99,False,False
206,98,50.616973034668916,266.95201479571324,1.0,CLIENT,7,2,100000,14,18,0,30526,30526,1397,0,359,1027,18763.776000000005,99,False,False
206,99,-337.763351719182,-131.35094520399917,1.0,CLIENT,7,2,100000,14,16,0,30504,30504,1399,0,360,1026,16678.912000000004,99,False,False

207,0,-171.81255009545285,-193.801465204522,1.0,CLIENT,7,2,100000,13,9,0,31196,31196,1421,4,369,1039,9381.888,99,False,False
207,1,414.8373958817445,-178.88458520421665,1.0,CLIENT,7,2,100000,14,11,0,31161,31187,1417,5,369,1040,11466.752000000002,99,False,False
207,2,421.0159937466421,-84.93050520413505,1.0,CLIENT,7,2,100000,10,4,0,31214,31221,1425,5,371,1046,4169.728,99,False,False
207,3,497.5355519174831,-227.75406520422536,1.0,CLIENT,7,2,100000,12,19,0,31044,31201,1404,4,367,1026,19806.208000000006,99,False,False
207,4,155.4947111492383,11.806574795247968,1.0,CLIENT,7,2,100000,15,22,0,31171,31171,1406,6,366,1031,22933.504000000008,99,False,False
207,5,112.24452609608089,42.308254795754294,1.0,CLIENT,7,2,100000,9,8,0,31211,31211,1420,6,370,1045,8339.456,99,False,False
207,6,-25.585733963295638,-363.67578520433966,1.0,CLIENT,7,2,100000,13,8,0,31198,31199,1423,3,370,1039,8339.456,99,False,False
207,7,-399.62854315940695,19.710294795858374,1.0,CLIENT,7,2,100000,17,20,0,31170,31179,1410,3,367,1029,20848.640000000007,99,False,False
207,8,-30.655352724251678,46.42709479563791,1.0,CLIENT,7,2,100000,9,6,0,31198,31198,1424,4,370,1044,6254.592,99,False,False
207,9,319.5444057373979,44.868614795617816,1.0,CLIENT,7,2,100000,15,16,0,31192,31192,1414,4,368,1038,16678.912000000004,99,False,False
207,10,1.3466157030521029,264.7256147957975,1.0,CLIENT,7,2,100000,12,12,0,31176,31176,1419,3,369,1042,12509.184000000003,99,False,False
207,11,75.41057728719692,308.4743747952882,1.0,CLIENT,7,2,100000,14,8,0,31181,31181,1423,3,370,1041,8339.456,99,False,False
207,12,4.435914635500895,-47.97226520411044,1.0,CLIENT,7,2,100000,15,10,0,31167,31167,1420,5,369,1039,10424.320000000002,99,False,False
207,13,180.6051665740798,327.73273479570605,1.0,CLIENT,7,2,100000,15,12,0,31186,31188,1419,3,369,1036,12509.184000000003,99,False,False
207,14,-76.67798553754436,52.43837479548944,1.0,CLIENT,7,2,100000,14,11,0,31170,31170,1419,4,369,1043,11466.752000000002,99,False,False
207,15,448.2651945858662,259.7162147957894,1.0,CLIENT,7,2,100000,9,10,0,31141,31230,1416,4,369,1024,10424.320000000002,99,False,False
207,16,473.0587988378313,-134.69054520426823,1.0,CLIENT,7,2,100000,15,20,0,31166,31208,1410,4,367,1035,20848.640000000007,99,False,False
207,17,272.5712194066018,175.1130147958284,1.0,CLIENT,7,2,100000,12,8,0,31202,31202,1422,4,370,1036,8339.456,99,False,False
207,18,115.25461223502917,-409.98490520448485,1.0,CLIENT,7,2,100000,15,17,0,31177,31182,1414,3,367,1041,17721.344000000005,99,False,False
207,19,-496.18893799413337,188.02613479565593,1.0,CLIENT,7,2,100000,13,21,0,30988,31218,1392,4,367,999,21891.072000000007,99,False,False
207,20,203.26002541109955,-432.58286520438077,1.0,CLIENT,7,2,100000,9,8,0,31182,31210,1421,3,370,1034,8339.456,99,False,False
207,21,339.3476040219075,-36.728945204021954,1.0,CLIENT,7,2,100000,15,20,0,31198,31200,1410,4,367,1035,20848.640000000007,99,False,False
207,22,222.1126701781058,463.98841479576816,1.0,CLIENT,7,2,100000,9,13,0,31130,31206,1413,3,369,1029,13551.616000000004,99,False,False
207,23,173.47601519167884,88.72869479561842,1.0,CLIENT,7,2,100000,14,4,0,31191,31191,1425,5,371,1049,4169.728,99,False,False
207,24,35.170478372987795,288.7707347959946,1.0,CLIENT,7,2,100000,10,9,0,31197,31197,1422,3,369,1047,9381.888,99,False,False
207,25,-192.48708910452817,29.617774795364653,1.0,CLIENT,7,2,100000,11,8,0,31191,31191,1423,3,370,1043,8339.456,99,False,False
207,26,-227.97442043009477,455.3054547955432,1.0,CLIENT,7,2,100000,12,15,0,31011,31187,1407,4,368,1020,15636.480000000005,99,False,False
207,27,234.6282914937763,-491.9164252040724,1.0,CLIENT,7,2,100000,11,12,0,31058,31229,1408,3,368,1022,12509.184000000003,99,False,False
207,28,455.39434596826715,-443.49222520452145,1.0,CLIENT,7,2,100000,17,33,0,30574,31164,1359,4,363,985,34400.256000000016,99,False,False
207,29,5.465680946504772,210.06749479537518,1.0,CLIENT,7,2,100000,12,12,0,31189,31189,1418,4,369,1044,12509.184000000003,99,False,False
207,30,435.43272209788216,491.48445479595324,1.0,CLIENT,7,2,100000,10,34,0,30595,31218,1357,2,364,975,35442.68800000002,99,False,False
207,31,-293.6418259414589,-135.02450520421604,1.0,CLIENT,7,2,100000,15,25,0,31196,31197,1405,4,365,1025,26060.80000000001,99,False,False
207,32,445.80959799860733,351.55521479567426,1.0,CLIENT,7,2,100000,11,28,0,30993,31213,1391,4,367,999,29188.096000000012,99,False,False
207,33,25.981794369141927,19.042374795962758,1.0,CLIENT,7,2,100000,11,8,0,31197,31197,1420,6,370,1042,8339.456,99,False,False
207,34,228.37048083594104,-201.48254520411257,1.0,CLIENT,7,2,100000,11,12,0,31201,31201,1418,4,369,1038,12509.184000000003,99,False,False
207,35,57.191634865380514,322.1667347955213,1.0,CLIENT,7,2,100000,9,12,0,31222,31222,1419,3,369,1040,12509.184000000003,99,False,False
207,36,-62.10283159986611,-328.9439452042308,1.0,CLIENT,7,2,100000,8,6,0,31223,31224,1425,3,370,1047,6254.592,99,False,False
207,37,374.3596585887224,180.1224147958365,1.0,CLIENT,7,2,100000,14,14,0,31201,31205,1416,4,368,1024,14594.048000000004,99,False,False
207,38,246.90627443007097,-230.87102520426555,1.0,CLIENT,7,2,100000,14,17,0,31193,31197,1412,4,368,1028,17721.344000000005,99,False,False
207,39,-349.0115683444728,227.3220947953152,1.0,CLIENT,7,2,100000,16,19,0,31137,31172,1410,5,367,1023,19806.208000000006,99,False,False
207,40,-124.3640870059051,-140.5905052044008,1.0,CLIENT,7,2,100000,12,16,0,31201,31201,1414,4,368,1029,16678.912000000004,99,False,False
207,41,-473.5340791571136,36.29697479590277,1.0,CLIENT,7,2,100000,12,16,0,31160,31210,1411,3,368,1034,16678.912000000004,99,False,False
207,42,-247.61919312816622,109.87949479600417,1.0,CLIENT,7,2,100000,17,16,0,31169,31169,1414,4,368,1035,16678.912000000004,99,False,False
207,43,9.188682224143424,-166.75070520400368,1.0,CLIENT,7,2,100000,15,13,0,31184,31184,1416,5,368,1031,13551.616000000004,99,False,False
207,44,108.99680157719392,-342.97026520441165,1.0,CLIENT,7,2,100000,14,11,0,31183,31187,1420,3,369,1049,11466.752000000002,99,False,False
207,45,468.226818456814,-317.8119452046522,1.0,CLIENT,7,2,100000,17,28,0,30968,31177,1387,3,362,1015,29188.096000000012,99,False,False
207,46,-469.65265229303685,-360.1135452046327,1.0,CLIENT,7,2,100000,12,16,0,30916,31210,1390,3,369,998,16678.912000000004,99,False,False
207,47,-496.58500195994736,-20.69886520415423,1.0,CLIENT,7,2,100000,15,21,0,31149,31196,1405,3,366,1021,21891.072000000007,99,False,False
207,48,237.7175904262251,432.2622147959805,1.0,CLIENT,7,2,100000,11,16,0,31176,31232,1412,3,368,1030,16678.912000000004,99,False,False
207,49,-383.54834615253594,340.7571747952525,1.0,CLIENT,7,2,100000,16,22,0,30958,31200,1383,5,365,1007,22933.504000000008,99,False,False
207,50,-334.91169116610905,-450.72802520444526,1.0,CLIENT,7,2,100000,12,20,0,31002,31205,1387,2,367,1005,20848.640000000007,99,False,False
207,51,476.1480977702802,-355.3267852040625,1.0,CLIENT,7,2,100000,11,24,0,30873,31219,1384,3,366,1007,25018.36800000001,99,False,False
207,52,98.14464891771716,37.07621479551733,1.0,CLIENT,7,2,100000,8,0,0,31197,31197,1429,5,372,1046,0,99,False,False
207,53,-418.4811879264132,-299.11018520441104,1.0,CLIENT,7,2,100000,11,14,0,31152,31231,1406,2,368,1021,14594.048000000004,99,False,False
207,54,16.080195227168534,47.317654795762394,1.0,CLIENT,7,2,100000,10,8,0,31197,31197,1421,5,370,1042,8339.456,99,False,False
207,55,-324.77245364419696,133.3680147952336,1.0,CLIENT,7,2,100000,10,6,0,31190,31194,1424,3,369,1044,6254.592,99,False,False
207,56,-144.08807249747707,-460.8581452041804,1.0,CLIENT,7,2,100000,10,8,0,31180,31222,1416,2,370,1037,8339.456,99,False,False
207,57,-264.88758203247926,469.9996947956197,1.0,CLIENT,7,2,100000,11,14,0,30915,31216,1390,3,368,997,14594.048000000004,99,False,False
207,58,467.1970521458102,-394.28878520456493,1.0,CLIENT,7,2,100000,11,13,0,30798,31191,1393,4,369,1011,13551.616000000004,99,False,False
207,59,-17.585241856328985,-228.75594520406878,1.0,CLIENT,7,2,100000,10,8,0,31200,31200,1422,4,370,1040,8339.456,99,False,False
207,60,-411.43124933695,379.4965347955261,1.0,CLIENT,7,2,100000,13,23,0,30762,31200,1367,5,367,979,23975.93600000001,99,False,False
207,61,-307.4248519475091,367.585294795542,1.0,CLIENT,7,2,100000,14,13,0,31094,31192,1407,4,368,1023,13551.616000000004,99,False,False
207,62,99.96654315978623,340.9798147954814,1.0,CLIENT,7,2,100000,9,8,0,31213,31214,1423,3,370,1039,8339.456,99,False,False
207,63,-362.55695597114715,356.89857479563017,1.0,CLIENT,7,2,100000,14,19,0,30967,31209,1394,5,367,1005,19806.208000000006,99,False,False
207,64,112.95744123420842,-221.29750520470708,1.0,CLIENT,7,2,100000,10,12,0,31213,31213,1419,3,369,1037,12509.184000000003,99,False,False
207,65,124.2848706529997,-92.83422520474545,1.0,CLIENT,7,2,100000,14,15,0,31194,31194,1414,5,368,1041,15636.480000000005,99,False,False
207,66,137.8302582796741,-401.4132652047698,1.0,CLIENT,7,2,100000,14,20,0,31172,31184,1411,3,367,1040,20848.640000000007,99,False,False
207,67,434.56138137331646,379.2738947952972,1.0,CLIENT,7,2,100000,12,14,0,30989,31237,1403,4,368,1006,14594.048000000004,99,False,False
207,68,363.34908034224463,-280.185785204732,1.0,CLIENT,7,2,100000,10,6,0,31165,31207,1422,4,370,1038,6254.592,99,False,False
207,69,312.65289273437276,-184.1166252044536,1.0,CLIENT,7,2,100000,11,18,0,31201,31204,1411,5,367,1026,18763.776000000005,99,False,False
207,70,441.4528943763416,-349.87210520438765,1.0,CLIENT,7,2,100000,11,17,0,31008,31213,1400,5,368,1012,17721.344000000005,99,False,False
207,71,58.14218838288388,211.06937479600958,1.0,CLIENT,7,2,100000,8,12,0,31195,31195,1419,3,369,1039,12509.184000000003,99,False,False
207,72,168.72324760303633,-456.07138520440117,1.0,CLIENT,7,2,100000,9,8,0,31191,31229,1421,3,370,1043,8339.456,99,False,False
207,73,366.9136560334451,5.461334795448636,1.0,CLIENT,7,2,100000,16,19,0,31195,31195,1411,4,367,1033,19806.208000000006,99,False,False
207,74,-295.62214576996615,-192.2429852045019,1.0,CLIENT,7,2,100000,12,16,0,31200,31200,1414,4,368,1027,16678.912000000004,99,False,False
207,75,-224.64748311827012,-145.71122520412786,1.0,CLIENT,7,2,100000,12,12,0,31179,31179,1418,4,369,1036,12509.184000000003,99,False,False
207,76,456.9786018309604,-427.1281852047059,1.0,CLIENT,7,2,100000,14,24,0,30697,31195,1384,3,366,992,25018.36800000001,99,False,False
207,77,-332.5353073717878,-385.0492252041633,1.0,CLIENT,7,2,100000,13,22,0,31122,31228,1387,4,366,1007,22933.504000000008,99,False,False
207,78,-248.25289547335606,-188.23546520433723,1.0,CLIENT,7,2,100000,14,12,0,31207,31207,1418,4,369,1034,12509.184000000003,99,False,False
207,79,-399.07405360771764,238.23145479545587,1.0,CLIENT,7,2,100000,14,20,0,31076,31176,1402,4,367,1023,20848.640000000007,99,False,False
207,80,367.7849967580108,-450.6167052047263,1.0,CLIENT,7,2,100000,9,13,0,30947,31217,1400,4,368,1013,13551.616000000004,99,False,False
207,81,-85.1537544032627,11.47261479530016,1.0,CLIENT,7,2,100000,15,12,0,31165,31165,1419,3,369,1042,12509.184000000003,99,False,False
207,82,205.31955803254445,-219.62770520417706,1.0,CLIENT,7,2,100000,11,9,0,31192,31192,1422,3,369,1048,9381.888,99,False,False
207,83,-47.210826489874336,47.762934795429146,1.0,CLIENT,7,2,100000,15,12,0,31171,31171,1417,5,369,1033,12509.184000000003,99,False,False
207,84,70.02410735392736,-275.95562520433845,1.0,CLIENT,7,2,100000,11,5,0,31195,31195,1426,3,370,1049,5212.16,99,False,False
207,85,79.2920041507109,-66.45138520412274,1.0,CLIENT,7,2,100000,12,12,0,31191,31191,1416,6,369,1027,12509.184000000003,99,False,False
207,86,-328.0201781630839,284.0952947959343,1.0,CLIENT,7,2,100000,13,12,0,31141,31197,1411,5,369,1030,12509.184000000003,99,False,False
207,87,-158.26716246934132,429.2565747956593,1.0,CLIENT,7,2,100000,15,16,0,31124,31184,1409,3,368,1034,16678.912000000004,99,False,False
207,88,-472.90037681192376,-265.26890520442663,1.0,CLIENT,7,2,100000,10,14,0,31087,31216,1401,4,368,1018,14594.048000000004,99,False,False
207,89,-496.5057891670097,424.0245347954223,1.0,CLIENT,7,2,100000,11,11,0,29979,31140,1338,2,366,947,11466.752000000002,99,False,False
207,90,157.47503097774555,302.01781479576994,1.0,CLIENT,7,2,100000,15,20,0,31197,31198,1411,3,367,1039,20848.640000000007,99,False,False
207,91,-314.6332161228477,-479.3372652041927,1.0,CLIENT,7,2,100000,13,21,0,30979,31210,1386,3,367,997,21891.072000000007,99,False,False
207,92,96.40196746858575,-145.82254520463778,1.0,CLIENT,7,2,100000,10,15,0,31205,31205,1415,4,368,1035,15636.480000000005,99,False,False
207,93,216.80541303777392,-465.6449052047506,1.0,CLIENT,7,2,100000,16,10,0,31105,31188,1418,3,369,1039,10424.320000000002,99,False,False
207,94,74.38081097619303,497.38441479529484,1.0,CLIENT,7,2,100000,13,24,0,31165,31207,1401,3,365,1011,25018.36800000001,99,False,False
207,95,-355.74465576105973,-403.5283452041756,1.0,CLIENT,7,2,100000,11,8,0,31061,31206,1411,2,370,1020,8339.456,99,False,False
207,96,343.30824367835913,-229.75782520470318,1.0,CLIENT,7,2,100000,15,16,0,31179,31195,1413,5,368,1027,16678.912000000004,99,False,False
207,97,-38.33899365890482,112.43985479586769,1.0,CLIENT,7,2,100000,13,12,0,31177,31177,1417,5,369,1040,12509.184000000003,99,False,False
207,98,-224.17220635951844,283.7613347959865,1.0,CLIENT,7,2,100000,13,12,0,31162,31168,1418,4,369,1030,12509.184000000003,99,False,False
207,99,-287.3840152836236,-113.53974520467347,1.0,CLIENT,7,2,100000,14,20,0,31193,31193,1411,3,367,1040,20848.640000000007,99,False,False

208,0,322.95055584216016,298.34425479555307,1.0,CLIENT,7,2,100000,13,13,0,30582,30605,1408,0,364,1030,13551.616000000004,99,False,False
208,1,269.56113326765353,237.45221479584131,1.0,CLIENT,7,2,100000,14,13,0,30591,30594,1411,0,364,1038,13551.616000000004,99,False,False
208,2,276.84871023592984,-375.6983452040427,1.0,CLIENT,7,2,100000,11,6,0,30560,30635,1409,0,366,1025,6254.592,99,False,False
208,3,-242.39114878133483,-225.86162520425745,1.0,CLIENT,7,2,100000,12,20,0,30610,30610,1404,0,363,1029,20848.640000000007,99,False,False
208,4,-150.02903198299882,271.1821747953158,1.0,CLIENT,7,2,100000,15,23,0,30571,30571,1401,0,362,1033,23975.93600000001,99,False,False
208,5,-216.40935263192762,187.0242547958125,1.0,CLIENT,7,2,100000,9,8,0,30597,30597,1416,0,366,1044,8339.456,99,False,False
208,6,-495.55523564950636,-408.09246520451694,1.0,CLIENT,7,2,100000,13,19,0,30004,30590,1374,0,362,991,19806.208000000006,99,False,False
208,7,92.75817898444761,-186.899625204546,1.0,CLIENT,7,2,100000,17,16,0,30564,30564,1408,0,364,1034,16678.912000000004,99,False,False
208,8,132.12693717352818,-138.47542520420404,1.0,CLIENT,7,2,100000,10,11,0,30606,30606,1413,0,365,1043,11466.752000000002,99,False,False
208,9,254.43148977828594,-284.41594520433455,1.0,CLIENT,7,2,100000,15,20,0,30581,30608,1404,0,363,1032,20848.640000000007,99,False,False
208,10,-211.18130828509626,-289.75930520429046,1.0,CLIENT,7,2,100000,12,16,0,30597,30599,1408,0,364,1030,16678.912000000004,99,False,False
208,11,-230.11316584504019,338.3081347958989,1.0,CLIENT,7,2,100000,14,8,0,30583,30589,1416,0,366,1038,8339.456,99,False,False
208,12,365.4878257571901,440.2772547955189,1.0,CLIENT,7,2,100000,15,24,0,30458,30599,1392,0,362,1019,25018.36800000001,99,False,False
208,13,-44.99286828199125,320.6082547955012,1.0,CLIENT,7,2,100000,16,12,0,30587,30587,1412,0,365,1040,12509.184000000003,99,False,False
208,14,-32.160395794007236,258.6030147954361,1.0,CLIENT,7,2,100000,14,12,0,30585,30585,1412,0,365,1040,12509.184000000003,99,False,False
208,15,-87.29249981764528,-392.17370520436816,1.0,CLIENT,7,2,100000,9,8,0,30618,30619,1416,0,366,1030,8339.456,99,False,False
208,16,-41.34907979785311,-232.09554520433784,1.0,CLIENT,7,2,100000,15,16,0,30568,30568,1408,0,364,1032,16678.912000000004,99,False,False
208,17,448.81968413811836,-3.778225204162027,1.0,CLIENT,7,2,100000,12,8,0,30603,30622,1416,0,366,1037,8339.456,99,False,False
208,18,414.75818308880685,-146.37914520402347,1.0,CLIENT,7,2,100000,15,20,0,30552,30593,1400,0,363,1025,20848.640000000007,99,False,False
208,19,-24.63518044579227,-188.01282520410837,1.0,CLIENT,7,2,100000,13,8,0,30579,30579,1416,0,366,1044,8339.456,99,False,False
208,20,-502.4467486519686,467.773294795704,1.0,CLIENT,7,2,100000,10,16,0,29874,30583,1368,0,365,980,16678.912000000004,99,False,False
208,21,405.8863502572745,174.55641479565173,1.0,CLIENT,7,2,100000,16,20,0,30582,30593,1404,0,363,1028,20848.640000000007,99,False,False
208,22,86.34194274017419,-375.9209852042716,1.0,CLIENT,7,2,100000,9,6,0,30584,30591,1418,0,366,1042,6254.592,99,False,False
208,23,385.84551359338906,-75.35698520457657,1.0,CLIENT,7,2,100000,14,4,0,30582,30597,1419,0,367,1043,4169.728,99,False,False
208,24,136.40442800285618,-426.3489452043004,1.0,CLIENT,7,2,100000,10,12,0,30573,30607,1411,0,365,1026,12509.184000000003,99,False,False
208,25,27.566050231835156,345.6552547955417,1.0,CLIENT,7,2,100000,11,8,0,30600,30600,1416,0,366,1042,8339.456,99,False,False
208,26,-435.19508727847403,356.11933479522463,1.0,CLIENT,7,2,100000,12,20,0,30470,30613,1395,0,363,1018,20848.640000000007,99,False,False
208,27,142.26617469544027,-57.21182520451208,1.0,CLIENT,7,2,100000,11,8,0,30603,30603,1416,0,366,1044,8339.456,99,False,False
208,28,-32.160395794007236,-262.3745852046153,1.0,CLIENT,7,2,100000,17,20,0,30559,30559,1404,0,363,1035,20848.640000000007,99,False,False
208,29,-433.373193036405,-139.14334520409966,1.0,CLIENT,7,2,100000,12,18,0,30609,30618,1407,0,363,1037,18763.776000000005,99,False,False
208,30,-167.53505926612485,-365.0116252041309,1.0,CLIENT,7,2,100000,10,29,0,30640,30642,1395,0,361,1014,30230.528000000013,99,False,False
208,31,-345.0509286874583,367.0286947953653,1.0,CLIENT,7,2,100000,15,25,0,30525,30592,1396,0,361,1020,26060.80000000001,99,False,False
208,32,-382.122515876281,-83.92862520429162,1.0,CLIENT,7,2,100000,11,16,0,30606,30607,1408,0,364,1025,16678.912000000004,99,False,False
208,33,264.72915288607334,45.42521479579449,1.0,CLIENT,7,2,100000,11,15,0,30611,30612,1409,0,364,1034,15636.480000000005,99,False,False
208,34,99.57047919397222,-324.0458652047326,1.0,CLIENT,7,2,100000,11,12,0,30597,30599,1412,0,365,1029,12509.184000000003,99,False,False
208,35,452.6218982086947,321.0535347959589,1.0,CLIENT,7,2,100000,9,12,0,30492,30630,1395,0,365,1011,12509.184000000003,99,False,False
208,36,475.83124659796664,-298.77622520446323,1.0,CLIENT,7,2,100000,8,8,0,30300,30636,1396,0,366,1013,8339.456,99,False,False
208,37,-339.5060331683134,335.52513479580654,1.0,CLIENT,7,2,100000,14,13,0,30556,30599,1407,0,364,1030,13551.616000000004,99,False,False
208,38,-279.62116155603286,-95.28326520409905,1.0,CLIENT,7,2,100000,14,12,0,30575,30575,1412,0,365,1029,12509.184000000003,99,False,False
208,39,-340.21894830644095,-24.48374520409004,1.0,CLIENT,7,2,100000,17,17,0,30579,30580,1407,0,363,1036,17721.344000000005,99,False,False
208,40,-91.88684181984964,133.3680147952336,1.0,CLIENT,7,2,100000,12,6,0,30570,30570,1418,0,366,1039,6254.592,99,False,False
208,41,-204.68585924788516,70.24957479560612,1.0,CLIENT,7,2,100000,12,12,0,30590,30590,1412,0,365,1036,12509.184000000003,99,False,False
208,42,387.98425900833445,-308.23842520430276,1.0,CLIENT,7,2,100000,17,22,0,30439,30589,1392,0,363,1010,22933.504000000008,99,False,False
208,43,376.6568295895431,-121.10950520454509,1.0,CLIENT,7,2,100000,15,19,0,30577,30586,1405,0,363,1030,19806.208000000006,99,False,False
208,44,-240.7276801251411,488.8127747955798,1.0,CLIENT,7,2,100000,14,15,0,30486,30590,1399,0,364,1019,15636.480000000005,99,False,False
208,45,72.24206556124761,-32.38746520470045,1.0,CLIENT,7,2,100000,17,24,0,30563,30563,1400,0,362,1023,25018.36800000001,99,False,False
208,46,259.97638529799366,-360.3361852040706,1.0,CLIENT,7,2,100000,12,12,0,30570,30630,1410,0,365,1039,12509.184000000003,99,False,False
208,47,51.32988817335928,341.9816947953248,1.0,CLIENT,7,2,100000,15,19,0,30584,30584,1405,0,363,1033,19806.208000000006,99,False,False
208,48,158.02952052943488,271.07085479559686,1.0,CLIENT,7,2,100000,11,17,0,30596,30597,1406,0,364,1028,17721.344000000005,99,False,False
208,49,-328.8915188876496,120.45489479540606,1.0,CLIENT,7,2,100000,16,18,0,30576,30579,1406,0,363,1033,18763.776000000005,99,False,False
208,50,-329.446008439339,-460.8581452041804,1.0,CLIENT,7,2,100000,12,20,0,30437,30625,1392,0,363,1009,20848.640000000007,99,False,False
208,51,-205.47798717895034,324.0591747954892,1.0,CLIENT,7,2,100000,11,13,0,30583,30589,1411,0,364,1037,13551.616000000004,99,False,False
208,52,336.8920074346486,302.7970547953845,1.0,CLIENT,7,2,100000,8,8,0,30588,30614,1415,0,366,1040,8339.456,99,False,False
208,53,459.909475176971,-428.5753452042161,1.0,CLIENT,7,2,100000,11,16,0,29871,30580,1368,0,363,986,16678.912000000004,99,False,False
208,54,-267.97688096492806,135.14913479548255,1.0,CLIENT,7,2,100000,10,10,0,30597,30597,1414,0,365,1042,10424.320000000002,99,False,False
208,55,-123.25510790196356,-368.35122520439995,1.0,CLIENT,7,2,100000,10,11,0,30603,30603,1413,0,365,1031,11466.752000000002,99,False,False
208,56,-235.02435901955803,149.17545479566343,1.0,CLIENT,7,2,100000,10,4,0,30598,30598,1420,0,367,1052,4169.728,99,False,False
208,57,-226.78622853321554,42.75353479542105,1.0,CLIENT,7,2,100000,11,14,0,30588,30588,1410,0,364,1034,14594.048000000004,99,False,False
208,58,34.85362720067429,233.8899747953434,1.0,CLIENT,7,2,100000,11,12,0,30581,30581,1412,0,365,1033,12509.184000000003,99,False,False
208,59,-412.69865402732967,285.6537747959544,1.0,CLIENT,7,2,100000,10,8,0,30552,30618,1412,0,366,1036,8339.456,99,False,False
208,60,-410.95597257819827,-93.50214520464107,1.0,CLIENT,7,2,100000,13,16,0,30591,30599,1408,0,364,1032,16678.912000000004,99,False,False
208,61,46.57712058471675,-500.0427852041207,1.0,CLIENT,7,2,100000,14,17,0,30546,30605,1403,0,363,1024,17721.344000000005,99,False,False
208,62,-175.4563385801538,128.69257479596428,1.0,CLIENT,7,2,100000,9,8,0,30587,30587,1416,0,366,1042,8339.456,99,False,False
208,63,232.80639725170724,459.4242947954268,1.0,CLIENT,7,2,100000,14,16,0,30540,30605,1399,0,364,1013,16678.912000000004,99,False,False
208,64,-304.65240418737386,69.5816547957105,1.0,CLIENT,7,2,100000,10,12,0,30601,30601,1412,0,365,1039,12509.184000000003,99,False,False
208,65,99.96654315978623,151.51317479529808,1.0,CLIENT,7,2,100000,15,12,0,30573,30573,1412,0,365,1044,12509.184000000003,99,False,False
208,66,200.72521603090294,455.3054547955432,1.0,CLIENT,7,2,100000,14,24,0,30577,30619,1396,0,362,1026,25018.36800000001,99,False,False
208,67,-479.6334642285107,357.3438547952969,1.0,CLIENT,7,2,100000,12,9,0,30346,30612,1403,0,365,1024,9381.888,99,False,False
208,68,-313.99951377765785,291.44241479557706,1.0,CLIENT,7,2,100000,10,8,0,30600,30617,1416,0,366,1035,8339.456,99,False,False
208,69,-106.22435737758921,363.2438147954295,1.0,CLIENT,7,2,100000,11,20,0,30601,30603,1404,0,363,1033,20848.640000000007,99,False,False
208,70,-492.5451495099952,-143.59614520472206,1.0,CLIENT,7,2,100000,11,17,0,30554,30611,1403,0,364,1020,17721.344000000005,99,False,False
208,71,491.1985284667101,285.09717479577773,1.0,CLIENT,7,2,100000,8,12,0,30464,30624,1401,0,365,1018,12509.184000000003,99,False,False
208,72,72.4797039411863,41.19505479540095,1.0,CLIENT,7,2,100000,9,8,0,30589,30589,1416,0,366,1038,8339.456,99,False,False
208,73,256.64944798616904,-298.8875452041822,1.0,CLIENT,7,2,100000,16,17,0,30563,30586,1402,0,363,1032,17721.344000000005,99,False,False
208,74,285.87896865390036,316.48941479561756,1.0,CLIENT,7,2,100000,12,18,0,30593,30605,1406,0,363,1039,18763.776000000005,99,False,False
208,75,30.02164681909409,36.63093479585058,1.0,CLIENT,7,2,100000,12,15,0,30585,30585,1409,0,364,1040,15636.480000000005,99,False,False
208,76,237.1631008739729,-114.54162520451689,1.0,CLIENT,7,2,100000,14,12,0,30589,30590,1412,0,365,1043,12509.184000000003,99,False,False
208,77,-36.99237617558744,-52.425065204732846,1.0,CLIENT,7,2,100000,13,12,0,30584,30584,1412,0,365,1041,12509.184000000003,99,False,False
208,78,-17.981305822143,-97.84362520475355,1.0,CLIENT,7,2,100000,14,8,0,30576,30576,1416,0,366,1047,8339.456,99,False,False
208,79,338.8723272631558,307.2498547960069,1.0,CLIENT,7,2,100000,14,31,0,30584,30616,1392,0,360,1021,32315.392000000014,99,False,False
208,80,-407.23297130055965,-294.6573852045796,1.0,CLIENT,7,2,100000,9,15,0,30576,30652,1406,0,364,1025,15636.480000000005,99,False,False
208,81,-338.15941568443316,490.0372947956521,1.0,CLIENT,7,2,100000,15,17,0,30368,30591,1398,0,364,1020,17721.344000000005,99,False,False
208,82,-218.70652363331124,332.1855347955375,1.0,CLIENT,7,2,100000,11,12,0,30579,30587,1411,0,365,1036,12509.184000000003,99,False,False
208,83,139.41451414236732,-14.242305204635954,1.0,CLIENT,7,2,100000,15,7,0,30558,30558,1417,0,366,1045,7297.023999999999,99,False,False
208,84,249.52029660376806,-421.00558520434447,1.0,CLIENT,7,2,100000,11,16,0,30492,30614,1405,0,364,1024,16678.912000000004,99,False,False
208,85,-57.03321283891007,-238.99738520431384,1.0,CLIENT,7,2,100000,12,16,0,30604,30604,1408,0,364,1032,16678.912000000004,99,False,False
208,86,115.25461223502917,-251.46522520447462,1.0,CLIENT,7,2,100000,13,12,0,30599,30599,1412,0,365,1037,12509.184000000003,99,False,False
208,87,462.20664617835456,252.92569479553237,1.0,CLIENT,7,2,100000,15,20,0,30492,30592,1398,0,363,1024,20848.640000000007,99,False,False
208,88,82.61894146253553,280.1990947954886,1.0,CLIENT,7,2,100000,10,12,0,30606,30606,1412,0,365,1038,12509.184000000003,99,False,False
208,89,487.47552718907144,-279.1839052040976,1.0,CLIENT,7,2,100000,11,6,0,30284,30620,1406,0,366,1015,6254.592,99,False,False
208,90,99.88733036628572,-370.80026520454453,1.0,CLIENT,7,2,100000,15,16,0,30571,30580,1406,0,364,1032,16678.912000000004,99,False,False
208,91,425.2142717830325,330.7383747952363,1.0,CLIENT,7,2,100000,13,15,0,30494,30612,1401,0,364,1025,15636.480000000005,99,False,False
208,92,-446.6809422831407,-213.39378520409667,1.0,CLIENT,7,2,100000,10,19,0,30553,30605,1402,0,364,1027,19806.208000000006,99,False,False
208,93,24.555964092886875,-23.370545204527673,1.0,CLIENT,7,2,100000,16,6,0,30561,30561,1418,0,366,1037,6254.592,99,False,False
208,94,322.31685349697034,-163.96770520470227,1.0,CLIENT,7,2,100000,13,20,0,30576,30581,1404,0,363,1031,20848.640000000007,99,False,False
208,95,434.71980695919177,227.3220947953152,1.0,CLIENT,7,2,100000,11,9,0,30568,30613,1408,0,366,1030,9381.888,99,False,False
208,96,-473.13801519129964,31.17625479538475,1.0,CLIENT,7,2,100000,15,15,0,30572,30592,1408,0,364,1031,15636.480000000005,99,False,False
208,97,-500.38721603052363,380.4984147953695,1.0,CLIENT,7,2,100000,13,16,0,30233,30614,1397,0,364,1023,16678.912000000004,99,False,False
208,98,-216.0925014596141,-247.6803452045388,1.0,CLIENT,7,2,100000,14,16,0,30587,30587,1408,0,364,1028,16678.912000000004,99,False,False
208,99,29.308731680966563,171.9960547957882,1.0,CLIENT,7,2,100000,14,16,0,30570,30570,1408,0,364,1037,16678.912000000004,99,False,False

209,0,72.87576790643747,-216.17678520418906,1.0,CLIENT,7,2,100000,13,8,0,30478,30478,1421,6,368,1045,8339.456,99,False,False
209,1,-1.5842576429585136,173.7771747952462,1.0,CLIENT,7,2,100000,14,8,0,30471,30471,1419,8,368,1048,8339.456,99,False,False
209,2,-169.59459188756975,-59.438225204427795,1.0,CLIENT,7,2,100000,10,4,0,30489,30489,1423,8,369,1048,4169.728,99,False,False
209,3,170.38671625923007,-497.9277052047149,1.0,CLIENT,7,2,100000,12,21,0,30301,30511,1398,5,364,1010,21891.072000000007,99,False,False
209,4,-80.16334843524433,17.81785479589047,1.0,CLIENT,7,2,100000,15,20,0,30464,30464,1409,6,365,1042,20848.640000000007,99,False,False
209,5,83.5694949800389,-482.5655452047428,1.0,CLIENT,7,2,100000,9,9,0,30416,30507,1409,6,367,1032,9381.888,99,False,False
209,6,-467.83075805096775,462.541254795467,1.0,CLIENT,7,2,100000,13,20,0,29927,30469,1363,6,361,989,20848.640000000007,99,False,False
209,7,5.465680946504772,321.9440947952924,1.0,CLIENT,7,2,100000,17,18,0,30464,30465,1412,5,365,1041,18763.776000000005,99,False,False
209,8,41.1906506514472,364.9136147959595,1.0,CLIENT,7,2,100000,9,9,0,30502,30504,1421,5,367,1051,9381.888,99,False,False
209,9,208.7257081378696,333.2987347958908,1.0,CLIENT,7,2,100000,14,15,0,30465,30490,1413,7,366,1041,15636.480000000005,99,False,False
209,10,88.95596491330845,178.5639347958164,1.0,CLIENT,7,2,100000,12,10,0,30469,30469,1418,7,367,1050,10424.320000000002,99,False,False
209,11,373.72595624353255,416.9000547960084,1.0,CLIENT,7,2,100000,14,13,0,30225,30498,1390,7,366,1020,13551.616000000004,99,False,False
209,12,-73.03419705284338,-96.7304252044002,1.0,CLIENT,7,2,100000,15,18,0,30490,30490,1411,6,365,1035,18763.776000000005,99,False,False
209,13,266.7094727145806,119.23037479533377,1.0,CLIENT,7,2,100000,15,12,0,30466,30468,1415,8,367,1035,12509.184000000003,99,False,False
209,14,199.6162369269614,-135.5811052043927,1.0,CLIENT,7,2,100000,14,12,0,30479,30479,1418,5,367,1049,12509.184000000003,99,False,False
209,15,10.060022948709126,267.8425747958377,1.0,CLIENT,7,2,100000,8,4,0,30493,30493,1425,6,369,1055,4169.728,99,False,False
209,16,-117.5517867963805,358.12309479570246,1.0,CLIENT,7,2,100000,15,16,0,30466,30470,1412,7,366,1043,16678.912000000004,99,False,False
209,17,-362.002466418895,68.69109479558603,1.0,CLIENT,7,2,100000,12,8,0,30488,30492,1421,5,368,1032,8339.456,99,False,False
209,18,-443.67085614419244,-476.33162520466243,1.0,CLIENT,7,2,100000,15,38,0,29839,30498,1355,6,361,957,39612.41600000002,99,False,False
209,19,138.1471094519876,29.395134795926765,1.0,CLIENT,7,2,100000,13,8,0,30479,30479,1420,7,368,1051,8339.456,99,False,False
209,20,294.59237589899453,-328.0533852041063,1.0,CLIENT,7,2,100000,9,12,0,30482,30543,1413,5,367,1039,12509.184000000003,99,False,False
209,21,131.81008600121467,412.89253479584374,1.0,CLIENT,7,2,100000,15,17,0,30462,30489,1407,6,365,1039,17721.344000000005,99,False,False
209,22,278.98745565087523,288.102814795308,1.0,CLIENT,7,2,100000,9,12,0,30487,30511,1415,8,367,1037,12509.184000000003,99,False,False
209,23,270.8285379574704,404.8774947955144,1.0,CLIENT,7,2,100000,14,4,0,30409,30508,1419,7,369,1048,4169.728,99,False,False
209,24,163.01992649745327,-359.00034520427937,1.0,CLIENT,7,2,100000,10,12,0,30495,30522,1417,5,367,1045,12509.184000000003,99,False,False
209,25,-359.3092314522602,230.32773479563645,1.0,CLIENT,7,2,100000,11,8,0,30476,30506,1416,6,368,1037,8339.456,99,False,False
209,26,-196.84379272735669,11.138654795352352,1.0,CLIENT,7,2,100000,12,11,0,30462,30462,1418,6,367,1046,11466.752000000002,99,False,False
209,27,6.257808877569967,-158.95830520469417,1.0,CLIENT,7,2,100000,11,8,0,30500,30500,1421,6,368,1045,8339.456,99,False,False
209,28,416.2632261585625,-112.09258520437231,1.0,CLIENT,7,2,100000,17,24,0,30459,30483,1404,5,364,1034,25018.36800000001,99,False,False
209,29,-476.7818036754378,-141.4810652045253,1.0,CLIENT,7,2,100000,12,16,0,30480,30506,1413,6,366,1032,16678.912000000004,99,False,False
209,30,-51.013040560450655,-237.99550520447042,1.0,CLIENT,7,2,100000,10,19,0,30497,30497,1410,6,365,1043,19806.208000000006,99,False,False
209,31,244.84674180862604,-170.20162520399168,1.0,CLIENT,7,2,100000,15,20,0,30478,30479,1410,4,364,1035,20848.640000000007,99,False,False
209,32,-152.48462857025774,-255.58406520435824,1.0,CLIENT,7,2,100000,11,13,0,30508,30508,1415,7,366,1044,13551.616000000004,99,False,False
209,33,330.00049443162345,-465.5335852042407,1.0,CLIENT,7,2,100000,11,20,0,30100,30494,1379,3,366,994,20848.640000000007,99,False,False
209,34,181.87257126389667,270.848214795368,1.0,CLIENT,7,2,100000,11,12,0,30506,30507,1415,8,367,1046,12509.184000000003,99,False,False
209,35,-186.8629807918828,-254.69350520423376,1.0,CLIENT,7,2,100000,9,12,0,30513,30514,1416,7,367,1036,12509.184000000003,99,False,False
209,36,-76.28192157173034,280.8670147953842,1.0,CLIENT,7,2,100000,7,7,0,30523,30523,1422,6,368,1051,7297.023999999999,99,False,False
209,37,101.7884374018553,495.60329479583686,1.0,CLIENT,7,2,100000,14,12,0,30402,30491,1409,5,367,1039,12509.184000000003,99,False,False
209,38,-483.435678299087,79.93441479567451,1.0,CLIENT,7,2,100000,13,16,0,30489,30512,1413,6,366,1036,16678.912000000004,99,False,False
209,39,-10.535303267428539,357.67781479524473,1.0,CLIENT,7,2,100000,16,19,0,30465,30467,1411,5,365,1041,19806.208000000006,99,False,False
209,40,346.87281936955964,-310.5761452047284,1.0,CLIENT,7,2,100000,11,16,0,30439,30533,1409,5,366,1033,16678.912000000004,99,False,False
209,41,-215.53801190736192,-374.8077852047092,1.0,CLIENT,7,2,100000,12,16,0,30490,30507,1410,7,366,1031,16678.912000000004,99,False,False
209,42,112.5613772683944,-58.43634520458437,1.0,CLIENT,7,2,100000,17,16,0,30470,30470,1412,7,366,1042,16678.912000000004,99,False,False
209,43,-146.4644562917983,141.6056947957918,1.0,CLIENT,7,2,100000,15,14,0,30480,30480,1414,7,366,1036,14594.048000000004,99,False,False
209,44,-128.08708828354375,157.63577479565953,1.0,CLIENT,7,2,100000,14,12,0,30485,30485,1417,6,367,1037,12509.184000000003,99,False,False
209,45,46.10184382596507,181.3469347959088,1.0,CLIENT,7,2,100000,17,22,0,30461,30461,1405,8,364,1037,22933.504000000008,99,False,False
209,46,464.7414555585512,269.06709479591,1.0,CLIENT,7,2,100000,12,12,0,30352,30522,1399,8,367,1030,12509.184000000003,99,False,False
209,47,-442.08660028149916,474.89777479590884,1.0,CLIENT,7,2,100000,15,29,0,29911,30459,1355,4,363,967,30230.528000000013,99,False,False
209,48,151.77170987159963,124.79637479551855,1.0,CLIENT,7,2,100000,11,16,0,30491,30491,1411,8,366,1043,16678.912000000004,99,False,False
209,49,-302.3552331865531,-348.8702252045442,1.0,CLIENT,7,2,100000,15,23,0,30466,30501,1402,7,363,1030,23975.93600000001,99,False,False
209,50,139.5729397288055,-210.6107852040043,1.0,CLIENT,7,2,100000,12,17,0,30496,30496,1412,6,365,1045,17721.344000000005,99,False,False
209,51,24.239112920010523,15.034854795798083,1.0,CLIENT,7,2,100000,11,12,0,30483,30483,1416,7,367,1042,12509.184000000003,99,False,False
209,52,-245.0843837479696,-422.3414252041357,1.0,CLIENT,7,2,100000,8,8,0,30448,30514,1416,6,368,1037,8339.456,99,False,False
209,53,209.99311282768647,215.7448147952789,1.0,CLIENT,7,2,100000,11,8,0,30483,30487,1420,7,368,1045,8339.456,99,False,False
209,54,-359.6260826251365,261.4973347952474,1.0,CLIENT,7,2,100000,10,15,0,30499,30526,1410,5,366,1037,15636.480000000005,99,False,False
209,55,205.2403452396068,25.164974795533226,1.0,CLIENT,7,2,100000,10,9,0,30492,30492,1419,7,367,1046,9381.888,99,False,False
209,56,90.1441568107505,-292.9875852040496,1.0,CLIENT,7,2,100000,10,4,0,30496,30497,1425,6,369,1050,4169.728,99,False,False
209,57,371.11193406983546,385.06253479571086,1.0,CLIENT,7,2,100000,10,16,0,30295,30516,1390,8,366,1020,16678.912000000004,99,False,False
209,58,-170.94120937088712,444.0621347954547,1.0,CLIENT,7,2,100000,10,12,0,30469,30519,1416,5,367,1040,12509.184000000003,99,False,False
209,59,-376.2607691836969,432.03957479575166,1.0,CLIENT,7,2,100000,10,9,0,30264,30509,1398,5,368,1011,9381.888,99,False,False
209,60,31.764328268225494,-207.82778520470288,1.0,CLIENT,7,2,100000,13,12,0,30480,30480,1417,6,367,1043,12509.184000000003,99,False,False
209,61,-397.172946572148,426.58489479528583,1.0,CLIENT,7,2,100000,14,22,0,30245,30521,1386,5,365,1010,22933.504000000008,99,False,False
209,62,31.051413130097966,0.6745747956694004,1.0,CLIENT,7,2,100000,9,8,0,30494,30494,1420,7,368,1044,8339.456,99,False,False
209,63,389.96457883684167,473.00533479594094,1.0,CLIENT,7,2,100000,14,27,0,29993,30503,1356,7,364,970,28145.66400000001,99,False,False
209,64,498.48610543554923,-453.84498520448545,1.0,CLIENT,7,2,100000,10,22,0,29500,30482,1328,3,358,946,22933.504000000008,99,False,False
209,65,198.58647061595752,-90.27386520409095,1.0,CLIENT,7,2,100000,14,12,0,30483,30483,1417,6,367,1044,12509.184000000003,99,False,False
209,66,176.72373971000297,500.0560947956683,1.0,CLIENT,7,2,100000,14,24,0,30384,30525,1396,5,364,1024,25018.36800000001,99,False,False
209,67,-144.40492366979058,-391.2831452042437,1.0,CLIENT,7,2,100000,12,5,0,30509,30513,1422,8,368,1039,5212.16,99,False,False
209,68,211.97343265619372,466.66009479535063,1.0,CLIENT,7,2,100000,10,8,0,30394,30532,1407,6,368,1030,8339.456,99,False,False
209,69,-106.77884692984141,-360.55882520429947,1.0,CLIENT,7,2,100000,11,20,0,30499,30500,1408,7,365,1023,20848.640000000007,99,False,False
209,70,242.54957080724245,345.3212947955939,1.0,CLIENT,7,2,100000,11,14,0,30474,30508,1406,8,366,1039,14594.048000000004,99,False,False
209,71,418.1643331935692,300.79329479569765,1.0,CLIENT,7,2,100000,8,12,0,30388,30531,1400,7,367,1030,12509.184000000003,99,False,False
209,72,124.68093461881372,126.5774947957675,1.0,CLIENT,7,2,100000,9,7,0,30510,30510,1421,7,368,1045,7297.023999999999,99,False,False
209,73,-16.872326718201457,-136.58298520423614,1.0,CLIENT,7,2,100000,16,16,0,30468,30468,1414,5,366,1047,16678.912000000004,99,False,False
209,74,-474.088568708803,-405.4207852041435,1.0,CLIENT,7,2,100000,12,21,0,30038,30516,1372,5,364,1001,21891.072000000007,99,False,False
209,75,90.30258239662584,-101.29454520474155,1.0,CLIENT,7,2,100000,12,14,0,30480,30480,1414,7,366,1036,14594.048000000004,99,False,False
209,76,315.66297887332104,-258.70102520439843,1.0,CLIENT,7,2,100000,14,8,0,30448,30480,1417,5,368,1038,8339.456,99,False,False
209,77,249.99557336251976,184.57521479566793,1.0,CLIENT,7,2,100000,13,12,0,30492,30494,1415,8,367,1047,12509.184000000003,99,False,False
209,78,447.8691306200522,196.9317347953188,1.0,CLIENT,7,2,100000,14,12,0,30432,30510,1408,8,367,1037,12509.184000000003,99,False,False
209,79,337.1296458140244,-382.2662252040709,1.0,CLIENT,7,2,100000,14,28,0,30283,30503,1381,4,363,1009,29188.096000000012,99,False,False
209,80,-428.0659358960731,-474.77314520464233,1.0,CLIENT,7,2,100000,9,19,0,29933,30519,1370,7,365,991,19806.208000000006,99,False,False
209,81,402.6386257389504,-467.7599852041564,1.0,CLIENT,7,2,100000,15,24,0,29845,30470,1366,4,364,994,25018.36800000001,99,False,False
209,82,-396.776882606334,489.4806947954754,1.0,CLIENT,7,2,100000,11,16,0,30063,30514,1379,6,365,1001,16678.912000000004,99,False,False
209,83,-259.4218993057092,-424.5678252040514,1.0,CLIENT,7,2,100000,15,18,0,30434,30493,1408,5,365,1027,18763.776000000005,99,False,False
209,84,-430.04625572458036,-92.38894520428772,1.0,CLIENT,7,2,100000,11,16,0,30510,30519,1410,5,366,1034,16678.912000000004,99,False,False
209,85,179.02091071082373,443.95081479573577,1.0,CLIENT,7,2,100000,12,16,0,30431,30506,1405,6,366,1033,16678.912000000004,99,False,False
209,86,-166.26765457574513,82.7174147957669,1.0,CLIENT,7,2,100000,13,8,0,30477,30477,1420,7,368,1040,8339.456,99,False,False
209,87,-446.9185806625165,27.947974795625612,1.0,CLIENT,7,2,100000,15,18,0,30502,30511,1410,6,365,1031,18763.776000000005,99,False,False
209,88,111.7692493373292,-10.568745204419088,1.0,CLIENT,7,2,100000,9,12,0,30502,30503,1415,7,367,1040,12509.184000000003,99,False,False
209,89,-167.05978250737314,447.95833479590044,1.0,CLIENT,7,2,100000,10,8,0,30467,30520,1416,6,367,1044,8339.456,99,False,False
209,90,-152.48462857025774,36.408294795621714,1.0,CLIENT,7,2,100000,15,16,0,30476,30476,1412,7,366,1028,16678.912000000004,99,False,False
209,91,450.08708882793525,-227.97670520445422,1.0,CLIENT,7,2,100000,13,16,0,30374,30512,1407,5,366,1024,16678.912000000004,99,False,False
209,92,-237.00467884806528,-430.8017452041318,1.0,CLIENT,7,2,100000,10,16,0,30471,30522,1408,8,366,1035,16678.912000000004,99,False,False
209,93,-73.43026101865739,-173.87518520420855,1.0,CLIENT,7,2,100000,15,8,0,30476,30476,1421,6,368,1046,8339.456,99,False,False
209,94,-414.28290989002295,-23.815825204194425,1.0,CLIENT,7,2,100000,13,21,0,30490,30493,1407,6,364,1038,21891.072000000007,99,False,False
209,95,385.13259845526153,288.88205479571354,1.0,CLIENT,7,2,100000,11,8,0,30449,30547,1413,8,368,1033,8339.456,99,False,False
209,96,-279.14588479728116,-441.93374520450135,1.0,CLIENT,7,2,100000,15,12,0,30393,30485,1410,7,367,1021,12509.184000000003,99,False,False
209,97,-18.37736978795702,-162.52054520440112,1.0,CLIENT,7,2,100000,13,9,0,30484,30484,1419,7,367,1044,9381.888,99,False,False
209,98,-161.1188230218514,29.395134795926765,1.0,CLIENT,7,2,100000,13,16,0,30494,30494,1411,8,366,1038,16678.912000000004,99,False,False
209,99,-261.1645807548406,487.2542947955597,1.0,CLIENT,7,2,100000,14,24,0,30303,30502,1389,7,364,1007,25018.36800000001,99,False,False

210,0,-331.82239223366025,420.12833479576756,1.0,CLIENT,7,2,100000,13,11,0,30526,30781,1397,3,367,1008,11466.752000000002,99,False,False
210,1,-470.9200569834165,58.44965479534096,1.0,CLIENT,7,2,100000,14,16,0,30757,30799,1410,3,366,1030,16678.912000000004,99,False,False
210,2,1.9011052553042957,-486.4617452043976,1.0,CLIENT,7,2,100000,10,4,0,30797,30809,1422,3,369,1039,4169.728,99,False,False
210,3,-327.0696246455806,-125.89626520432432,1.0,CLIENT,7,2,100000,12,16,0,30792,30793,1409,4,366,1028,16678.912000000004,99,False,False
210,4,-144.08807249747707,-469.8750652043532,1.0,CLIENT,7,2,100000,15,24,0,30755,30770,1400,3,364,1030,25018.36800000001,99,False,False
210,5,-81.03468915981003,465.88085479573607,1.0,CLIENT,7,2,100000,9,13,0,30786,30819,1410,2,367,1018,13551.616000000004,99,False,False
210,6,-300.9294029097352,79.04385479555003,1.0,CLIENT,7,2,100000,13,7,0,30772,30772,1419,3,368,1045,7297.023999999999,99,False,False
210,7,-32.160395794007236,223.09193479571263,1.0,CLIENT,7,2,100000,17,20,0,30772,30772,1407,2,365,1031,20848.640000000007,99,False,False
210,8,399.0740500477499,-424.12254520438466,1.0,CLIENT,7,2,100000,10,13,0,30567,30813,1400,1,367,1019,13551.616000000004,99,False,False
210,9,157.79188215005905,-453.2883852043088,1.0,CLIENT,7,2,100000,15,16,0,30755,30783,1409,2,366,1029,16678.912000000004,99,False,False
210,10,-367.38893635272734,-464.976985204064,1.0,CLIENT,7,2,100000,12,20,0,30714,30839,1398,4,365,1020,20848.640000000007,99,False,False
210,11,382.8354274544407,390.96249479584344,1.0,CLIENT,7,2,100000,14,18,0,30644,30822,1388,3,365,1004,18763.776000000005,99,False,False
210,12,-436.85855593410497,416.67741479577955,1.0,CLIENT,7,2,100000,15,24,0,30056,30768,1371,2,364,981,25018.36800000001,99,False,False
210,13,-205.55719997245086,312.9271747959106,1.0,CLIENT,7,2,100000,15,12,0,30765,30769,1414,3,367,1026,12509.184000000003,99,False,False
210,14,259.89717250449314,398.4209347959961,1.0,CLIENT,7,2,100000,14,9,0,30747,30802,1414,3,367,1024,9381.888,99,False,False
210,15,178.38720836619672,59.006254795517634,1.0,CLIENT,7,2,100000,9,8,0,30812,30812,1418,3,368,1035,8339.456,99,False,False
210,16,11.089789259150162,457.30921479523005,1.0,CLIENT,7,2,100000,15,16,0,30758,30771,1410,3,366,1035,16678.912000000004,99,False,False
210,17,-197.5567078654842,268.51049479573334,1.0,CLIENT,7,2,100000,12,8,0,30803,30804,1419,2,368,1048,8339.456,99,False,False
210,18,168.40639643072282,-462.8619052046582,1.0,CLIENT,7,2,100000,15,24,0,30758,30796,1400,2,364,1022,25018.36800000001,99,False,False
210,19,-29.30873524093429,-91.49838520416324,1.0,CLIENT,7,2,100000,13,9,0,30767,30767,1416,4,368,1039,9381.888,99,False,False
210,20,479.633460668543,-289.2027052041138,1.0,CLIENT,7,2,100000,9,8,0,30652,30802,1412,1,368,1030,8339.456,99,False,False
210,21,-57.904553563475766,-56.76654520405435,1.0,CLIENT,7,2,100000,16,16,0,30776,30776,1410,3,366,1031,16678.912000000004,99,False,False
210,22,39.527181995816306,119.23037479533377,1.0,CLIENT,7,2,100000,9,9,0,30792,30792,1417,3,367,1036,9381.888,99,False,False
210,23,-176.48610489059487,-380.4851052046129,1.0,CLIENT,7,2,100000,14,4,0,30785,30789,1421,4,369,1043,4169.728,99,False,False
210,24,55.36974062331144,-152.50174520438492,1.0,CLIENT,7,2,100000,10,12,0,30797,30797,1414,3,367,1032,12509.184000000003,99,False,False
210,25,-166.58450574862147,-317.4779852047044,1.0,CLIENT,7,2,100000,11,8,0,30796,30797,1417,4,368,1044,8339.456,99,False,False
210,26,-330.47577475034285,-274.73110520426616,1.0,CLIENT,7,2,100000,12,17,0,30781,30785,1407,4,365,1037,17721.344000000005,99,False,False
210,27,347.82337288762585,-302.4497852046801,1.0,CLIENT,7,2,100000,11,8,0,30781,30799,1419,2,368,1040,8339.456,99,False,False
210,28,233.12324842402074,-455.1808252042767,1.0,CLIENT,7,2,100000,17,24,0,30697,30776,1398,2,364,1023,25018.36800000001,99,False,False
210,29,421.3328449189556,-432.80550520460963,1.0,CLIENT,7,2,100000,12,12,0,30417,30772,1395,2,367,1010,12509.184000000003,99,False,False
210,30,-251.65904557811837,399.5341347955585,1.0,CLIENT,7,2,100000,10,24,0,30745,30813,1399,2,364,1013,25018.36800000001,99,False,False
210,31,-365.80468048947125,362.46457479581494,1.0,CLIENT,7,2,100000,15,26,0,30635,30795,1390,2,363,1010,27103.23200000001,99,False,False
210,32,147.09815507645763,-235.21250520437803,1.0,CLIENT,7,2,100000,12,15,0,30804,30804,1411,3,365,1044,15636.480000000005,99,False,False
210,33,-151.53407505219153,330.6270547955174,1.0,CLIENT,7,2,100000,11,8,0,30783,30784,1419,2,368,1051,8339.456,99,False,False
210,34,-177.99114796035042,302.01781479576994,1.0,CLIENT,7,2,100000,11,9,0,30782,30785,1418,2,367,1042,9381.888,99,False,False
210,35,-67.56851432663616,60.23077479558992,1.0,CLIENT,7,2,100000,9,9,0,30796,30796,1417,3,367,1038,9381.888,99,False,False
210,36,-376.1023435978215,385.8417747953254,1.0,CLIENT,7,2,100000,8,8,0,30553,30855,1401,3,368,1021,8339.456,99,False,False
210,37,461.2560926602884,-274.953745204495,1.0,CLIENT,7,2,100000,14,14,0,30698,30793,1407,2,366,1026,14594.048000000004,99,False,False
210,38,298.9490795212602,-388.05486520448454,1.0,CLIENT,7,2,100000,14,16,0,30748,30787,1406,2,366,1025,16678.912000000004,99,False,False
210,39,466.0880730418686,-321.37418520435915,1.0,CLIENT,7,2,100000,17,23,0,30612,30782,1397,2,364,1020,23975.93600000001,99,False,False
210,40,-64.16236422131102,362.6872147952528,1.0,CLIENT,7,2,100000,12,16,0,30798,30800,1411,2,366,1028,16678.912000000004,99,False,False
210,41,-85.54981836851388,409.10765479590793,1.0,CLIENT,7,2,100000,12,16,0,30798,30806,1410,2,366,1033,16678.912000000004,99,False,False
210,42,231.0637158025758,-240.22190520438613,1.0,CLIENT,7,2,100000,17,17,0,30771,30771,1410,2,365,1036,17721.344000000005,99,False,False
210,43,-217.59754452936969,5.350014795729692,1.0,CLIENT,7,2,100000,15,13,0,30763,30763,1413,3,366,1031,13551.616000000004,99,False,False
210,44,184.56580623053145,-233.20874520469118,1.0,CLIENT,7,2,100000,14,8,0,30759,30759,1419,2,368,1038,8339.456,99,False,False
210,45,-177.11980723578472,-371.80214520438795,1.0,CLIENT,7,2,100000,17,24,0,30763,30764,1401,4,364,1037,25018.36800000001,99,False,False
210,46,332.21845263950655,-386.83034520441225,1.0,CLIENT,7,2,100000,12,12,0,30738,30810,1412,2,367,1028,12509.184000000003,99,False,False
210,47,121.03714613411275,204.94677479564814,1.0,CLIENT,7,2,100000,15,16,0,30762,30762,1410,3,366,1043,16678.912000000004,99,False,False
210,48,-119.53210662488775,-357.4418652042593,1.0,CLIENT,7,2,100000,11,16,0,30788,30788,1410,3,366,1036,16678.912000000004,99,False,False
210,49,-309.48438456895406,-258.70102520439843,1.0,CLIENT,7,2,100000,16,26,0,30791,30792,1399,4,363,1026,27103.23200000001,99,False,False
210,50,468.8605208020039,-189.01470520474277,1.0,CLIENT,7,2,100000,12,20,0,30761,30805,1405,3,365,1023,20848.640000000007,99,False,False
210,51,-384.41968687710164,125.24165479597627,1.0,CLIENT,7,2,100000,11,20,0,30809,30816,1406,3,365,1037,20848.640000000007,99,False,False
210,52,47.92373806803414,54.10817479522848,1.0,CLIENT,7,2,100000,8,8,0,30806,30806,1418,3,368,1041,8339.456,99,False,False
210,53,-294.4339538725241,377.6040947955582,1.0,CLIENT,7,2,100000,11,12,0,30716,30813,1412,3,367,1029,12509.184000000003,99,False,False
210,54,-467.7515452580301,-8.787625204170126,1.0,CLIENT,7,2,100000,10,14,0,30790,30812,1411,3,366,1029,14594.048000000004,99,False,False
210,55,315.9798300461974,-83.260705204396,1.0,CLIENT,7,2,100000,10,13,0,30805,30806,1414,1,367,1036,13551.616000000004,99,False,False
210,56,-467.355481292216,90.28717479563852,1.0,CLIENT,7,2,100000,10,12,0,30776,30831,1414,2,367,1044,12509.184000000003,99,False,False
210,57,-349.4868451032245,410.10953479575136,1.0,CLIENT,7,2,100000,10,16,0,30585,30845,1394,2,365,1010,16678.912000000004,99,False,False
210,58,-163.49520681617267,349.5514547959874,1.0,CLIENT,7,2,100000,11,12,0,30798,30802,1414,2,367,1035,12509.184000000003,99,False,False
210,59,-158.34637526227897,-318.0345852040901,1.0,CLIENT,7,2,100000,10,8,0,30814,30815,1417,4,368,1041,8339.456,99,False,False
210,60,-364.29963742027854,142.4962547959163,1.0,CLIENT,7,2,100000,13,13,0,30771,30780,1412,3,366,1037,13551.616000000004,99,False,False
210,61,69.46961780167517,289.88393479555697,1.0,CLIENT,7,2,100000,14,11,0,30771,30771,1416,2,367,1037,11466.752000000002,99,False,False
210,62,137.43419431386008,106.31725479550624,1.0,CLIENT,7,2,100000,9,8,0,30796,30796,1418,3,368,1045,8339.456,99,False,False
210,63,-139.25609211589688,-301.2252652046078,1.0,CLIENT,7,2,100000,14,12,0,30776,30776,1414,3,367,1047,12509.184000000003,99,False,False
210,64,-267.42239141267584,118.56245479543816,1.0,CLIENT,7,2,100000,10,12,0,30808,30808,1415,2,367,1044,12509.184000000003,99,False,False
210,65,185.91242371384885,97.7456147957912,1.0,CLIENT,7,2,100000,14,15,0,30782,30782,1412,2,366,1044,15636.480000000005,99,False,False
210,66,363.269867549307,-209.27494520421305,1.0,CLIENT,7,2,100000,14,19,0,30777,30783,1407,2,365,1040,19806.208000000006,99,False,False
210,67,110.58105743988715,-266.7160652047278,1.0,CLIENT,7,2,100000,12,6,0,30787,30787,1420,3,368,1040,6254.592,99,False,False
210,68,387.82583342189633,285.2084947954967,1.0,CLIENT,7,2,100000,10,8,0,30769,30829,1415,2,368,1035,8339.456,99,False,False
210,69,216.8846258307116,354.7834947954334,1.0,CLIENT,7,2,100000,11,20,0,30800,30814,1406,3,365,1028,20848.640000000007,99,False,False
210,70,-327.7825397837081,376.60221479571476,1.0,CLIENT,7,2,100000,11,16,0,30678,30800,1407,2,366,1022,16678.912000000004,99,False,False
210,71,-185.43715051506487,446.39985479588034,1.0,CLIENT,7,2,100000,8,12,0,30770,30845,1409,3,367,1024,12509.184000000003,99,False,False
210,72,-172.52546523358038,374.9324147959757,1.0,CLIENT,7,2,100000,9,6,0,30812,30818,1420,2,368,1032,6254.592,99,False,False
210,73,260.6893004361212,-100.29266520410715,1.0,CLIENT,7,2,100000,16,16,0,30772,30772,1411,2,366,1037,16678.912000000004,99,False,False
210,74,-84.91611602332402,247.4710147958575,1.0,CLIENT,7,2,100000,12,12,0,30779,30779,1416,2,367,1036,12509.184000000003,99,False,False
210,75,423.55080312683873,78.37593479565442,1.0,CLIENT,7,2,100000,12,16,0,30795,30802,1410,2,366,1024,16678.912000000004,99,False,False
210,76,439.78942572014785,-320.5949452047446,1.0,CLIENT,7,2,100000,14,14,0,30668,30791,1404,2,366,1023,14594.048000000004,99,False,False
210,77,119.0568263056055,330.51573479579844,1.0,CLIENT,7,2,100000,13,13,0,30772,30774,1413,3,367,1028,13551.616000000004,99,False,False
210,78,-267.66002979205166,347.10241479584283,1.0,CLIENT,7,2,100000,14,9,0,30737,30769,1416,3,368,1024,9381.888,99,False,False
210,79,32.71488178572886,486.5863747956641,1.0,CLIENT,7,2,100000,14,28,0,30752,30800,1398,2,363,1021,29188.096000000012,99,False,False
210,80,-482.08906081576964,-393.06426520449264,1.0,CLIENT,7,2,100000,9,12,0,30639,30835,1403,4,367,1027,12509.184000000003,99,False,False
210,81,470.28635107825886,-242.6709452045307,1.0,CLIENT,7,2,100000,15,16,0,30705,30803,1399,2,366,1017,16678.912000000004,99,False,False
210,82,212.52792220844591,74.5910547957186,1.0,CLIENT,7,2,100000,11,12,0,30785,30785,1415,2,367,1045,12509.184000000003,99,False,False
210,83,-457.05781818442864,-391.2831452042437,1.0,CLIENT,7,2,100000,15,27,0,30690,30807,1392,4,364,1005,28145.66400000001,99,False,False
210,84,467.3554777322483,-363.67578520433966,1.0,CLIENT,7,2,100000,11,16,0,30495,30799,1387,1,366,1004,16678.912000000004,99,False,False
210,85,236.76703690815887,-187.2335852044938,1.0,CLIENT,7,2,100000,12,12,0,30784,30785,1415,2,367,1035,12509.184000000003,99,False,False
210,86,-2.2179599881483734,321.3874947959067,1.0,CLIENT,7,2,100000,13,9,0,30777,30777,1417,3,367,1044,9381.888,99,False,False
210,87,-364.29963742027854,-487.01834520457425,1.0,CLIENT,7,2,100000,15,24,0,30651,30808,1387,4,364,1009,25018.36800000001,99,False,False
210,88,458.32521931427783,-376.7002252046771,1.0,CLIENT,7,2,100000,10,18,0,30486,30812,1393,2,366,1010,18763.776000000005,99,False,False
210,89,313.9202974247525,-270.27830520443473,1.0,CLIENT,7,2,100000,10,7,0,30790,30801,1417,2,368,1037,7297.023999999999,99,False,False
210,90,37.23001099443271,-473.21466520462224,1.0,CLIENT,7,2,100000,15,16,0,30760,30772,1409,3,366,1038,16678.912000000004,99,False,False
210,91,-233.59852874274014,-346.9777852045763,1.0,CLIENT,7,2,100000,13,16,0,30816,30820,1408,4,366,1020,16678.912000000004,99,False,False
210,92,62.02361524696071,-42.8515452043834,1.0,CLIENT,7,2,100000,10,16,0,30807,30807,1410,3,366,1043,16678.912000000004,99,False,False
210,93,-92.59975695797716,-355.6607452040103,1.0,CLIENT,7,2,100000,16,8,0,30774,30774,1418,3,368,1044,8339.456,99,False,False
210,94,213.71611410532512,-448.3903052040196,1.0,CLIENT,7,2,100000,13,24,0,30757,30793,1400,1,364,1023,25018.36800000001,99,False,False
210,95,-58.6966814951038,224.42777479550386,1.0,CLIENT,7,2,100000,11,8,0,30794,30794,1419,2,368,1034,8339.456,99,False,False
210,96,236.3709729429077,486.3637347954352,1.0,CLIENT,7,2,100000,16,16,0,30632,30809,1392,3,366,1012,16678.912000000004,99,False,False
210,97,25.110453644576225,-494.4767852047269,1.0,CLIENT,7,2,100000,13,12,0,30773,30791,1414,2,367,1040,12509.184000000003,99,False,False
210,98,-305.1276809461255,-168.53182520425264,1.0,CLIENT,7,2,100000,14,16,0,30787,30788,1410,3,366,1041,16678.912000000004,99,False,False
210,99,95.76826512339589,466.99405479529844,1.0,CLIENT,7,2,100000,14,22,0,30750,30791,1402,2,364,1026,22933.504000000008,99,False,False

211,0,-416.104804132092,-166.19410520461798,1.0,CLIENT,7,2,100000,13,11,0,30853,30853,1410,2,366,1029,11466.752000000002,99,False,False
211,1,-203.73530572981895,-322.8213452046603,1.0,CLIENT,7,2,100000,14,8,0,30831,30831,1411,4,367,1034,8339.456,99,False,False
211,2,-448.4236237322721,380.7210547955984,1.0,CLIENT,7,2,100000,11,12,0,30640,30874,1395,0,367,1009,12509.184000000003,99,False,False
211,3,-247.38155474879036,210.401454795323,1.0,CLIENT,7,2,100000,12,15,0,30835,30835,1406,2,365,1035,15636.480000000005,99,False,False
211,4,276.5318590636163,-322.26474520448363,1.0,CLIENT,7,2,100000,15,24,0,30801,30836,1396,2,363,1023,25018.36800000001,99,False,False
211,5,-325.96064554163905,476.344934795419,1.0,CLIENT,7,2,100000,9,12,0,30780,30910,1403,2,366,1023,12509.184000000003,99,False,False
211,6,383.54834259256825,-375.3643852040949,1.0,CLIENT,7,2,100000,13,20,0,30605,30866,1384,1,364,1002,20848.640000000007,99,False,False
211,7,-391.3904126730645,395.08133479572706,1.0,CLIENT,7,2,100000,17,28,0,30723,30849,1386,1,362,1012,29188.096000000012,99,False,False
211,8,336.97122022758623,-202.70706520418486,1.0,CLIENT,7,2,100000,10,11,0,30847,30864,1410,2,366,1034,11466.752000000002,99,False,False
211,9,-3.3269390920899182,-426.57158520452924,1.0,CLIENT,7,2,100000,15,20,0,30847,30857,1401,2,364,1024,20848.640000000007,99,False,False
211,10,207.2998778610517,214.5202947959976,1.0,CLIENT,7,2,100000,12,16,0,30855,30856,1404,3,365,1028,16678.912000000004,99,False,False
211,11,199.6162369269614,360.34949479561817,1.0,CLIENT,7,2,100000,14,16,0,30859,30872,1402,4,365,1026,16678.912000000004,99,False,False
211,12,79.13357856427272,-382.8228252042476,1.0,CLIENT,7,2,100000,15,16,0,30830,30837,1404,2,365,1029,16678.912000000004,99,False,False
211,13,-84.44083926457233,328.8459347952684,1.0,CLIENT,7,2,100000,16,12,0,30823,30823,1409,2,366,1033,12509.184000000003,99,False,False
211,14,-356.1407197268737,-76.80414520408675,1.0,CLIENT,7,2,100000,14,11,0,30827,30827,1410,2,366,1039,11466.752000000002,99,False,False
211,15,-17.981305822143,-461.7487052043049,1.0,CLIENT,7,2,100000,9,8,0,30855,30867,1413,2,367,1037,8339.456,99,False,False
211,16,-470.7616313969783,-430.467785204184,1.0,CLIENT,7,2,100000,15,20,0,30752,30860,1393,4,364,1014,20848.640000000007,99,False,False
211,17,-388.85560329286784,348.7722147955819,1.0,CLIENT,7,2,100000,13,9,0,30806,30867,1410,2,367,1028,9381.888,99,False,False
211,18,242.3911452213671,277.5274147959061,1.0,CLIENT,7,2,100000,15,24,0,30859,30864,1395,4,363,1023,25018.36800000001,99,False,False
211,19,-14.099878958629015,137.59817479562713,1.0,CLIENT,7,2,100000,13,8,0,30830,30830,1411,4,367,1036,8339.456,99,False,False
211,20,53.07256962192785,456.8639347955633,1.0,CLIENT,7,2,100000,10,14,0,30873,30884,1406,2,366,1026,14594.048000000004,99,False,False
211,21,-1.5050448494580055,-468.0939452041042,1.0,CLIENT,7,2,100000,16,16,0,30810,30842,1403,2,365,1028,16678.912000000004,99,False,False
211,22,-392.1825406046925,410.2208547954703,1.0,CLIENT,7,2,100000,9,12,0,30753,30898,1398,1,366,1026,12509.184000000003,99,False,False
211,23,157.87109494355957,113.77569479565892,1.0,CLIENT,7,2,100000,14,4,0,30826,30826,1415,4,368,1039,4169.728,99,False,False
211,24,56.557932520190654,-415.5509052046696,1.0,CLIENT,7,2,100000,10,12,0,30854,30864,1409,2,366,1030,12509.184000000003,99,False,False
211,25,-9.663962542862835,-7.229145204150029,1.0,CLIENT,7,2,100000,11,8,0,30843,30843,1412,3,367,1039,8339.456,99,False,False
211,26,175.9316117789378,132.25481479567122,1.0,CLIENT,7,2,100000,12,18,0,30855,30855,1402,3,364,1027,18763.776000000005,99,False,False
211,27,-467.6723324645295,-297.21774520444313,1.0,CLIENT,7,2,100000,12,10,0,30866,30884,1408,4,366,1027,10424.320000000002,99,False,False
211,28,-203.26002897106727,104.87009479599607,1.0,CLIENT,7,2,100000,17,20,0,30814,30814,1401,2,364,1035,20848.640000000007,99,False,False
211,29,84.44083570460461,-158.84698520418425,1.0,CLIENT,7,2,100000,12,10,0,30838,30838,1411,2,366,1039,10424.320000000002,99,False,False
211,30,-100.83788744431966,101.1965347957792,1.0,CLIENT,7,2,100000,10,20,0,30859,30859,1399,4,364,1023,20848.640000000007,99,False,False
211,31,179.57540026307592,-345.3079852040463,1.0,CLIENT,7,2,100000,15,25,0,30828,30846,1394,2,362,1027,26060.80000000001,99,False,False
211,32,174.10971753630588,219.75233479544357,1.0,CLIENT,7,2,100000,12,13,0,30843,30844,1406,4,365,1031,13551.616000000004,99,False,False
211,33,-204.0521569026953,42.86485479593097,1.0,CLIENT,7,2,100000,11,8,0,30841,30841,1412,3,367,1035,8339.456,99,False,False
211,34,-205.319561593075,228.9918947958452,1.0,CLIENT,7,2,100000,11,8,0,30833,30833,1413,2,367,1041,8339.456,99,False,False
211,35,-417.13457044309587,-461.08078520440927,1.0,CLIENT,7,2,100000,9,16,0,30818,30906,1396,4,365,1010,16678.912000000004,99,False,False
211,36,-408.5003759909393,-27.04410520474454,1.0,CLIENT,7,2,100000,8,8,0,30883,30883,1413,2,367,1045,8339.456,99,False,False
211,37,-11.485856784931908,-399.409505204292,1.0,CLIENT,7,2,100000,14,12,0,30852,30854,1409,2,366,1030,12509.184000000003,99,False,False
211,38,-271.9375206213797,-1.6631452047562334,1.0,CLIENT,7,2,100000,14,13,0,30832,30832,1407,3,365,1035,13551.616000000004,99,False,False
211,39,161.75252180707355,-6.1159452045876606,1.0,CLIENT,7,2,100000,17,16,0,30806,30806,1405,2,365,1038,16678.912000000004,99,False,False
211,40,-404.1436723681108,-89.93990520414314,1.0,CLIENT,7,2,100000,12,15,0,30851,30852,1406,2,365,1032,15636.480000000005,99,False,False
211,41,-84.44083926457233,-93.83610520458888,1.0,CLIENT,7,2,100000,12,12,0,30842,30842,1407,4,366,1032,12509.184000000003,99,False,False
211,42,31.685115475287827,-473.54862520457004,1.0,CLIENT,7,2,100000,17,17,0,30796,30834,1403,2,364,1025,17721.344000000005,99,False,False
211,43,416.6592901238136,-258.5897052046795,1.0,CLIENT,7,2,100000,15,19,0,30728,30841,1398,1,364,1010,19806.208000000006,99,False,False
211,44,100.12496874622441,331.18365479569405,1.0,CLIENT,7,2,100000,14,14,0,30842,30843,1405,4,366,1030,14594.048000000004,99,False,False
211,45,-67.09323756788447,437.38293479570757,1.0,CLIENT,7,2,100000,17,29,0,30837,30840,1391,2,361,1017,30230.528000000013,99,False,False
211,46,447.94834341355266,-271.61414520422596,1.0,CLIENT,7,2,100000,12,13,0,30663,30865,1395,2,366,1016,13551.616000000004,99,False,False
211,47,231.9350565271415,122.01337479542616,1.0,CLIENT,7,2,100000,15,18,0,30835,30835,1403,2,364,1023,18763.776000000005,99,False,False
211,48,-470.28635463822667,218.8617747953191,1.0,CLIENT,7,2,100000,11,16,0,30810,30872,1401,2,365,1017,16678.912000000004,99,False,False
211,49,-102.81820727282691,-339.9646252040904,1.0,CLIENT,7,2,100000,16,17,0,30833,30833,1404,2,364,1037,17721.344000000005,99,False,False
211,50,-254.98598288994302,7.353774795416541,1.0,CLIENT,7,2,100000,12,16,0,30840,30840,1405,2,365,1038,16678.912000000004,99,False,False
211,51,300.2164842116399,-184.78454520434923,1.0,CLIENT,7,2,100000,11,18,0,30860,30863,1403,2,364,1032,18763.776000000005,99,False,False
211,52,-203.1808161781296,-285.417825204178,1.0,CLIENT,7,2,100000,8,9,0,30877,30877,1411,3,367,1030,9381.888,99,False,False
211,53,338.8723272631558,357.232534795578,1.0,CLIENT,7,2,100000,11,16,0,30808,30906,1398,2,365,1021,16678.912000000004,99,False,False
211,54,252.60959553621686,142.4962547959163,1.0,CLIENT,7,2,100000,10,12,0,30861,30861,1408,3,366,1034,12509.184000000003,99,False,False
211,55,154.86100880404842,81.60421479541355,1.0,CLIENT,7,2,100000,10,12,0,30854,30854,1408,3,366,1039,12509.184000000003,99,False,False
211,56,-282.7104604884816,321.6101347953446,1.0,CLIENT,7,2,100000,10,6,0,30853,30862,1415,2,367,1040,6254.592,99,False,False
211,57,44.83443913614819,-32.49878520441939,1.0,CLIENT,7,2,100000,10,15,0,30850,30850,1406,2,365,1032,15636.480000000005,99,False,False
211,58,113.35350520002244,-324.15718520445154,1.0,CLIENT,7,2,100000,11,12,0,30839,30840,1408,2,366,1033,12509.184000000003,99,False,False
211,59,-355.665442968122,-94.05874520402676,1.0,CLIENT,7,2,100000,10,8,0,30866,30866,1413,2,367,1040,8339.456,99,False,False
211,60,-430.28389410395624,-84.93050520413505,1.0,CLIENT,7,2,100000,13,16,0,30861,30862,1405,2,365,1019,16678.912000000004,99,False,False
211,61,-106.93727251571674,-202.81838520469478,1.0,CLIENT,7,2,100000,14,8,0,30817,30817,1412,3,367,1037,8339.456,99,False,False
211,62,103.68954443742489,-383.04546520447644,1.0,CLIENT,7,2,100000,10,8,0,30861,30876,1413,2,367,1036,8339.456,99,False,False
211,63,-431.39287320789776,-253.13502520421366,1.0,CLIENT,7,2,100000,14,14,0,30859,30859,1406,3,365,1035,14594.048000000004,99,False,False
211,64,-479.6334642285107,-188.01282520410837,1.0,CLIENT,7,2,100000,10,17,0,30882,30890,1403,3,364,1020,17721.344000000005,99,False,False
211,65,-415.5503145804026,56.44589479565411,1.0,CLIENT,7,2,100000,15,12,0,30828,30832,1409,2,366,1033,12509.184000000003,99,False,False
211,66,73.74710863100317,-5.336705204182124,1.0,CLIENT,7,2,100000,15,18,0,30829,30829,1403,2,364,1035,18763.776000000005,99,False,False
211,67,-466.3257149812122,474.1185347955033,1.0,CLIENT,7,2,100000,12,15,0,30260,30880,1361,1,365,968,15636.480000000005,99,False,False
211,68,-437.1754071069813,-330.9477052047086,1.0,CLIENT,7,2,100000,10,8,0,30864,30878,1412,3,367,1029,8339.456,99,False,False
211,69,-356.45757089975007,-349.4268252047209,1.0,CLIENT,7,2,100000,11,22,0,30858,30863,1397,4,364,1013,22933.504000000008,99,False,False
211,70,34.299137648422096,-186.78830520403608,1.0,CLIENT,7,2,100000,11,8,0,30839,30839,1413,2,367,1036,8339.456,99,False,False
211,71,-202.62632662644026,2.4556947959183617,1.0,CLIENT,7,2,100000,8,12,0,30855,30855,1409,2,366,1036,12509.184000000003,99,False,False
211,72,-315.4253440539129,-150.609305204417,1.0,CLIENT,7,2,100000,10,5,0,30866,30866,1415,3,367,1032,5212.16,99,False,False
211,73,216.17171069258407,-56.432585204106545,1.0,CLIENT,7,2,100000,17,16,0,30829,30829,1405,2,365,1032,16678.912000000004,99,False,False
211,74,-8.317345059545449,153.62825479549485,1.0,CLIENT,7,2,100000,12,9,0,30826,30826,1411,3,367,1037,9381.888,99,False,False
211,75,67.88536193898194,499.7221347957205,1.0,CLIENT,7,2,100000,12,20,0,30834,30891,1400,3,364,1029,20848.640000000007,99,False,False
211,76,478.6829071510396,-328.27602520433516,1.0,CLIENT,7,2,100000,14,22,0,30447,30861,1378,2,363,1001,22933.504000000008,99,False,False
211,77,-391.6280510524403,492.8202947957445,1.0,CLIENT,7,2,100000,13,22,0,30509,30874,1376,0,363,1006,22933.504000000008,99,False,False
211,78,262.19434350587676,49.54405479567811,1.0,CLIENT,7,2,100000,14,8,0,30842,30842,1413,2,367,1036,8339.456,99,False,False
211,79,-67.88536549894967,72.92125479597956,1.0,CLIENT,7,2,100000,14,20,0,30832,30832,1399,4,364,1029,20848.640000000007,99,False,False
211,80,-60.83542690948639,-146.15650520458559,1.0,CLIENT,7,2,100000,9,12,0,30845,30845,1408,3,366,1034,12509.184000000003,99,False,False
211,81,15.050428916164657,-237.10494520434594,1.0,CLIENT,7,2,100000,15,16,0,30835,30835,1405,2,365,1034,16678.912000000004,99,False,False
211,82,0.3960621855487334,-116.10010520453699,1.0,CLIENT,7,2,100000,11,9,0,30830,30830,1412,2,366,1038,9381.888,99,False,False
211,83,107.96703526675289,498.38629479592925,1.0,CLIENT,7,2,100000,15,23,0,30821,30874,1394,2,363,1017,23975.93600000001,99,False,False
211,84,77.23247152926598,300.236694795521,1.0,CLIENT,7,2,100000,11,12,0,30862,30862,1407,4,366,1034,12509.184000000003,99,False,False
211,85,-493.4164902345609,65.24017479559802,1.0,CLIENT,7,2,100000,12,14,0,30837,30862,1406,2,365,1028,14594.048000000004,99,False,False
211,86,185.2787213692218,-412.4339452046294,1.0,CLIENT,7,2,100000,13,12,0,30794,30849,1407,2,366,1034,12509.184000000003,99,False,False
211,87,32.001966647601336,-262.2632652041054,1.0,CLIENT,7,2,100000,15,16,0,30839,30839,1405,2,365,1033,16678.912000000004,99,False,False
211,88,382.4393634886268,-231.42762520444222,1.0,CLIENT,7,2,100000,10,14,0,30817,30872,1402,2,365,1031,14594.048000000004,99,False,False
211,89,480.66322697954683,-130.01510520420794,1.0,CLIENT,7,2,100000,11,7,0,30794,30892,1407,2,367,1027,7297.023999999999,99,False,False
211,90,306.71193324885104,320.16297479583443,1.0,CLIENT,7,2,100000,15,24,0,30827,30873,1390,4,363,1014,25018.36800000001,99,False,False
211,91,250.47085012127144,179.67713479537878,1.0,CLIENT,7,2,100000,13,13,0,30854,30854,1408,2,365,1035,13551.616000000004,99,False,False
211,92,450.4831527937493,-241.33510520473948,1.0,CLIENT,7,2,100000,10,17,0,30697,30881,1394,1,365,1017,17721.344000000005,99,False,False
211,93,63.3702327302781,-145.2659452044611,1.0,CLIENT,7,2,100000,16,8,0,30822,30822,1413,2,367,1040,8339.456,99,False,False
211,94,28.833454922214877,-352.766425204199,1.0,CLIENT,7,2,100000,13,20,0,30836,30837,1401,2,364,1028,20848.640000000007,99,False,False
211,95,-426.40246723987934,308.4743747952882,1.0,CLIENT,7,2,100000,12,8,0,30817,30883,1410,2,367,1031,8339.456,99,False,False
211,96,-475.75203736499674,-35.05914520428291,1.0,CLIENT,7,2,100000,16,16,0,30842,30851,1405,2,365,1028,16678.912000000004,99,False,False
211,97,-449.5326028362136,-29.60446520460806,1.0,CLIENT,7,2,100000,13,12,0,30843,30843,1409,2,366,1030,12509.184000000003,99,False,False
211,98,-66.38032242919411,-20.81018520466415,1.0,CLIENT,7,2,100000,14,9,0,30818,30818,1411,3,366,1038,9381.888,99,False,False
211,99,389.0140253187755,-327.3854652042107,1.0,CLIENT,7,2,100000,14,24,0,30683,30858,1386,2,363,1015,25018.36800000001,99,False,False

212,0,-422.36261478992725,-216.39942520441792,1.0,CLIENT,7,2,100000,13,8,0,30609,30625,1413,4,367,1037,8339.456,99,False,False
212,1,355.4278010287785,-159.51490520407987,1.0,CLIENT,7,2,100000,14,8,0,30609,30611,1417,3,367,1044,8339.456,99,False,False
212,2,-30.021650379061818,-396.2925452042518,1.0,CLIENT,7,2,100000,10,4,0,30629,30633,1417,5,368,1031,4169.728,99,False,False
212,3,122.30455082449245,95.63053479559443,1.0,CLIENT,7,2,100000,12,16,0,30633,30633,1408,4,365,1037,16678.912000000004,99,False,False
212,4,-244.13383023046623,-413.9924252046495,1.0,CLIENT,7,2,100000,15,24,0,30616,30637,1399,4,363,1022,25018.36800000001,99,False,False
212,5,-242.78721274714886,-90.60782520403876,1.0,CLIENT,7,2,100000,9,8,0,30647,30647,1417,3,367,1043,8339.456,99,False,False
212,6,345.6846274726804,-5.22538520446318,1.0,CLIENT,7,2,100000,13,8,0,30622,30624,1416,4,367,1036,8339.456,99,False,False
212,7,-253.08487585493626,185.4657747957924,1.0,CLIENT,7,2,100000,17,20,0,30611,30615,1405,3,364,1031,20848.640000000007,99,False,False
212,8,-329.9212851986535,481.9109347956038,1.0,CLIENT,7,2,100000,10,23,0,30235,30678,1371,2,362,982,23975.93600000001,99,False,False
212,9,380.93432041887115,-401.079305204031,1.0,CLIENT,7,2,100000,15,20,0,30523,30649,1391,3,363,1013,20848.640000000007,99,False,False
212,10,419.59016347038704,-451.06198520439307,1.0,CLIENT,7,2,100000,12,16,0,30379,30654,1391,4,365,1013,16678.912000000004,99,False,False
212,11,-368.6563410425442,194.816654795913,1.0,CLIENT,7,2,100000,14,12,0,30625,30650,1413,3,366,1031,12509.184000000003,99,False,False
212,12,374.042807415846,221.0881747952348,1.0,CLIENT,7,2,100000,15,19,0,30599,30633,1404,4,364,1031,19806.208000000006,99,False,False
212,13,-476.86101646893826,73.25521479592737,1.0,CLIENT,7,2,100000,15,12,0,30583,30623,1413,3,366,1034,12509.184000000003,99,False,False
212,14,77.47010990864183,-126.56418520421994,1.0,CLIENT,7,2,100000,14,12,0,30617,30617,1412,4,366,1032,12509.184000000003,99,False,False
212,15,420.77835536726633,-9.789505204013551,1.0,CLIENT,7,2,100000,9,8,0,30645,30656,1416,4,367,1036,8339.456,99,False,False
212,16,-273.0464997253212,116.55869479575131,1.0,CLIENT,7,2,100000,15,17,0,30626,30626,1408,3,364,1037,17721.344000000005,99,False,False
212,17,58.85510352101141,-95.17194520438011,1.0,CLIENT,7,2,100000,12,8,0,30626,30626,1415,5,367,1039,8339.456,99,False,False
212,18,361.7648244795514,252.25777479563675,1.0,CLIENT,7,2,100000,15,20,0,30596,30639,1403,4,364,1031,20848.640000000007,99,False,False
212,19,-87.21328702470761,175.1130147958284,1.0,CLIENT,7,2,100000,13,12,0,30634,30634,1411,5,366,1038,12509.184000000003,99,False,False
212,20,317.3264475295148,-108.53034520466537,1.0,CLIENT,7,2,100000,9,4,0,30632,30633,1420,4,368,1038,4169.728,99,False,False
212,21,-394.5589243984509,-248.9048652046111,1.0,CLIENT,7,2,100000,15,20,0,30625,30646,1401,4,364,1020,20848.640000000007,99,False,False
212,22,363.5075059286828,-186.899625204546,1.0,CLIENT,7,2,100000,9,8,0,30632,30639,1416,3,367,1037,8339.456,99,False,False
212,23,-249.59951295667346,123.79449479567512,1.0,CLIENT,7,2,100000,14,4,0,30618,30618,1421,3,368,1038,4169.728,99,False,False
212,24,-409.5301423019432,-165.41486520421245,1.0,CLIENT,7,2,100000,10,12,0,30642,30651,1413,3,366,1031,12509.184000000003,99,False,False
212,25,245.4012313603154,425.47169479572347,1.0,CLIENT,7,2,100000,11,11,0,30546,30666,1403,4,366,1024,11466.752000000002,99,False,False
212,26,-197.63592065842187,-448.6129452042485,1.0,CLIENT,7,2,100000,12,20,0,30629,30660,1403,4,364,1025,20848.640000000007,99,False,False
212,27,-410.79754699176016,22.04801479549303,1.0,CLIENT,7,2,100000,11,8,0,30626,30631,1415,3,367,1037,8339.456,99,False,False
212,28,283.7402232389549,8.57829479548883,1.0,CLIENT,7,2,100000,17,21,0,30626,30626,1404,3,363,1031,21891.072000000007,99,False,False
212,29,250.86691408708546,210.62409479555185,1.0,CLIENT,7,2,100000,12,12,0,30626,30636,1412,4,366,1031,12509.184000000003,99,False,False
212,30,179.49618747013827,301.5725347953122,1.0,CLIENT,7,2,100000,10,26,0,30645,30654,1398,3,363,1025,27103.23200000001,99,False,False
212,31,295.3845038300597,-288.4234652044992,1.0,CLIENT,7,2,100000,15,20,0,30609,30616,1403,4,363,1031,20848.640000000007,99,False,False
212,32,-400.5790966769103,-68.90042520426732,1.0,CLIENT,7,2,100000,11,13,0,30653,30653,1412,3,365,1038,13551.616000000004,99,False,False
212,33,-122.7006183502742,184.35257479543907,1.0,CLIENT,7,2,100000,11,8,0,30640,30640,1415,5,367,1044,8339.456,99,False,False
212,34,388.6179613535244,476.45625479592894,1.0,CLIENT,7,2,100000,12,22,0,30020,30625,1365,4,362,981,22933.504000000008,99,False,False
212,35,203.33923820460004,181.9035347952945,1.0,CLIENT,7,2,100000,9,8,0,30643,30645,1415,4,367,1038,8339.456,99,False,False
212,36,305.0484645932201,-330.6137452047608,1.0,CLIENT,7,2,100000,8,8,0,30670,30681,1415,4,367,1037,8339.456,99,False,False
212,37,111.7692493373292,-445.4959852042083,1.0,CLIENT,7,2,100000,14,12,0,30629,30636,1411,5,366,1028,12509.184000000003,99,False,False
212,38,130.93874527664897,96.07581479526118,1.0,CLIENT,7,2,100000,14,14,0,30626,30626,1411,3,365,1035,14594.048000000004,99,False,False
212,39,-390.5190719484988,107.09649479591178,1.0,CLIENT,7,2,100000,17,20,0,30617,30631,1403,3,364,1029,20848.640000000007,99,False,False
212,40,31.289051509473808,30.28569479526027,1.0,CLIENT,7,2,100000,12,13,0,30638,30638,1410,5,365,1040,13551.616000000004,99,False,False
212,41,65.98425490341236,-50.643945204483884,1.0,CLIENT,7,2,100000,12,12,0,30635,30635,1411,5,366,1037,12509.184000000003,99,False,False
212,42,-142.18696546190748,233.11073479572883,1.0,CLIENT,7,2,100000,17,17,0,30620,30621,1407,4,364,1035,17721.344000000005,99,False,False
212,43,380.6174692465577,-68.12118520465276,1.0,CLIENT,7,2,100000,15,19,0,30639,30641,1405,4,364,1029,19806.208000000006,99,False,False
212,44,-169.19852792231856,-342.07970520428717,1.0,CLIENT,7,2,100000,14,18,0,30649,30651,1406,3,364,1033,18763.776000000005,99,False,False
212,45,-267.1847530333,-94.05874520402676,1.0,CLIENT,7,2,100000,17,21,0,30603,30603,1404,3,363,1029,21891.072000000007,99,False,False
212,46,89.90651843137466,-284.9725452045112,1.0,CLIENT,7,2,100000,12,9,0,30638,30638,1414,5,366,1043,9381.888,99,False,False
212,47,147.89028300808565,-153.50362520422834,1.0,CLIENT,7,2,100000,15,16,0,30611,30611,1408,4,365,1038,16678.912000000004,99,False,False
212,48,-297.9193167707869,265.1708947954643,1.0,CLIENT,7,2,100000,11,16,0,30641,30653,1409,3,365,1038,16678.912000000004,99,False,False
212,49,419.4317378839488,-283.9706652046678,1.0,CLIENT,7,2,100000,16,21,0,30595,30637,1401,4,363,1015,21891.072000000007,99,False,False
212,50,407.9458828787194,-309.12898520442724,1.0,CLIENT,7,2,100000,12,18,0,30588,30642,1404,4,364,1021,18763.776000000005,99,False,False
212,51,-455.3943495282349,236.22769479576903,1.0,CLIENT,7,2,100000,11,20,0,30518,30657,1394,4,364,1017,20848.640000000007,99,False,False
212,52,-466.56335336058794,-455.06950520455774,1.0,CLIENT,7,2,100000,8,11,0,30236,30654,1387,4,366,1009,11466.752000000002,99,False,False
212,53,170.14907787985422,-90.71914520454868,1.0,CLIENT,7,2,100000,11,8,0,30631,30631,1416,4,367,1038,8339.456,99,False,False
212,54,39.84403316812982,218.6391347958812,1.0,CLIENT,7,2,100000,10,12,0,30648,30648,1412,4,366,1034,12509.184000000003,99,False,False
212,55,223.06322369560917,90.17585479591958,1.0,CLIENT,7,2,100000,10,12,0,30645,30645,1412,4,366,1036,12509.184000000003,99,False,False
212,56,245.32201856737774,367.2513347955942,1.0,CLIENT,7,2,100000,10,8,0,30586,30654,1410,4,367,1030,8339.456,99,False,False
212,57,-354.1603998983665,210.7354147952708,1.0,CLIENT,7,2,100000,10,16,0,30629,30654,1408,3,365,1028,16678.912000000004,99,False,False
212,58,-302.43444597949076,325.6176547955093,1.0,CLIENT,7,2,100000,10,13,0,30601,30649,1411,3,366,1027,13551.616000000004,99,False,False
212,59,-165.79237781699342,473.1166547956599,1.0,CLIENT,7,2,100000,10,8,0,30599,30687,1410,5,367,1020,8339.456,99,False,False
212,60,-85.39139278263855,-84.48522520446829,1.0,CLIENT,7,2,100000,13,12,0,30625,30625,1411,5,366,1037,12509.184000000003,99,False,False
212,61,-488.90136102585706,110.10213479544205,1.0,CLIENT,7,2,100000,14,16,0,30571,30644,1402,3,365,1019,16678.912000000004,99,False,False
212,62,332.69372939825826,-416.3301452042842,1.0,CLIENT,7,2,100000,9,8,0,30601,30680,1408,5,367,1027,8339.456,99,False,False
212,63,-392.7370301563819,-258.8123452041174,1.0,CLIENT,7,2,100000,14,12,0,30619,30634,1412,3,366,1021,12509.184000000003,99,False,False
212,64,196.28929961513677,453.52433479529424,1.0,CLIENT,7,2,100000,10,12,0,30561,30667,1409,4,366,1024,12509.184000000003,99,False,False
212,65,-223.77614239370442,-276.4009052040052,1.0,CLIENT,7,2,100000,14,16,0,30642,30645,1408,4,365,1034,16678.912000000004,99,False,False
212,66,-253.63936540662561,-72.46266520476524,1.0,CLIENT,7,2,100000,14,19,0,30622,30622,1406,3,364,1034,19806.208000000006,99,False,False
212,67,360.81427096204806,36.29697479590277,1.0,CLIENT,7,2,100000,12,5,0,30632,30636,1419,4,367,1039,5212.16,99,False,False
212,68,286.5918837920279,490.92785479577657,1.0,CLIENT,7,2,100000,10,11,0,30324,30663,1393,3,364,1019,11466.752000000002,99,False,False
212,69,397.3313685986185,-114.76426520474575,1.0,CLIENT,7,2,100000,11,20,0,30643,30649,1404,4,364,1032,20848.640000000007,99,False,False
212,70,-192.09102513871414,226.54285479570063,1.0,CLIENT,7,2,100000,11,12,0,30642,30642,1413,3,366,1035,12509.184000000003,99,False,False
212,71,390.83591956140737,-193.35618520406427,1.0,CLIENT,7,2,100000,8,12,0,30675,30685,1410,4,366,1034,12509.184000000003,99,False,False
212,72,-444.14613290294403,-414.2150652040874,1.0,CLIENT,7,2,100000,10,12,0,30469,30690,1399,3,365,1020,12509.184000000003,99,False,False
212,73,187.81353074941842,214.63161479571653,1.0,CLIENT,7,2,100000,16,16,0,30629,30629,1408,4,365,1037,16678.912000000004,99,False,False
212,74,-219.81550273725276,-276.95750520418187,1.0,CLIENT,7,2,100000,12,15,0,30634,30636,1409,3,365,1036,15636.480000000005,99,False,False
212,75,409.2132875690992,-260.25950520441853,1.0,CLIENT,7,2,100000,12,16,0,30606,30642,1408,3,365,1023,16678.912000000004,99,False,False
212,76,8.792618258329407,-368.01726520445214,1.0,CLIENT,7,2,100000,14,14,0,30648,30648,1409,5,365,1027,14594.048000000004,99,False,False
212,77,-249.20344899085944,232.77677479578102,1.0,CLIENT,7,2,100000,13,12,0,30629,30632,1413,3,366,1040,12509.184000000003,99,False,False
212,78,-272.72964855300773,-494.6994252041648,1.0,CLIENT,7,2,100000,14,12,0,30526,30645,1405,5,366,1027,12509.184000000003,99,False,False
212,79,477.7323536329734,-312.91386520436305,1.0,CLIENT,7,2,100000,14,32,0,30499,30648,1385,3,361,1009,33357.824000000015,99,False,False
212,80,-367.54736193860265,135.0378147957636,1.0,CLIENT,7,2,100000,9,13,0,30658,30664,1412,2,366,1036,13551.616000000004,99,False,False
212,81,261.7190667465622,-440.37526520448125,1.0,CLIENT,7,2,100000,15,16,0,30595,30640,1405,5,365,1025,16678.912000000004,99,False,False
212,82,-490.56482968148794,-458.7430652047746,1.0,CLIENT,7,2,100000,11,19,0,30111,30647,1376,4,364,992,19806.208000000006,99,False,False
212,83,-402.0049269537282,-131.90754520417585,1.0,CLIENT,7,2,100000,15,12,0,30616,30619,1413,3,366,1038,12509.184000000003,99,False,False
212,84,413.88684236424115,166.09609479565563,1.0,CLIENT,7,2,100000,11,16,0,30615,30664,1402,4,365,1025,16678.912000000004,99,False,False
212,85,337.5257097792756,-78.80790520456458,1.0,CLIENT,7,2,100000,12,12,0,30637,30637,1412,4,366,1029,12509.184000000003,99,False,False
212,86,-380.1421960477737,359.7928947954415,1.0,CLIENT,7,2,100000,13,21,0,30472,30661,1390,3,363,1015,21891.072000000007,99,False,False
212,87,-230.98450656960588,-118.99442520434832,1.0,CLIENT,7,2,100000,15,15,0,30624,30624,1410,3,365,1031,15636.480000000005,99,False,False
212,88,475.43518263215265,-364.56634520446414,1.0,CLIENT,7,2,100000,10,17,0,30419,30675,1391,5,365,1012,17721.344000000005,99,False,False
212,89,-41.586718177228946,111.77193479597207,1.0,CLIENT,7,2,100000,11,5,0,30648,30648,1418,5,367,1044,5212.16,99,False,False
212,90,-369.7653201464858,230.88433479581312,1.0,CLIENT,7,2,100000,15,17,0,30611,30647,1403,4,364,1027,17721.344000000005,99,False,False
212,91,468.9397335949416,-426.7942252047581,1.0,CLIENT,7,2,100000,13,18,0,30277,30651,1379,4,364,1000,18763.776000000005,99,False,False
212,92,73.19261907931383,-358.5550652046126,1.0,CLIENT,7,2,100000,10,12,0,30641,30641,1412,4,366,1038,12509.184000000003,99,False,False
212,93,-413.253143579019,-420.5603052046777,1.0,CLIENT,7,2,100000,16,19,0,30487,30653,1399,4,364,1008,19806.208000000006,99,False,False
212,94,308.6130402844206,213.18445479541538,1.0,CLIENT,7,2,100000,13,24,0,30639,30650,1400,4,363,1030,25018.36800000001,99,False,False
212,95,-485.41599812759426,312.8158547954007,1.0,CLIENT,7,2,100000,12,10,0,30217,30642,1379,4,366,988,10424.320000000002,99,False,False
212,96,263.77859936857,316.48941479561756,1.0,CLIENT,7,2,100000,15,15,0,30603,30634,1406,4,365,1030,15636.480000000005,99,False,False
212,97,-256.5702387526362,-92.9455452044644,1.0,CLIENT,7,2,100000,13,12,0,30633,30633,1413,3,366,1038,12509.184000000003,99,False,False
212,98,390.5190683885311,265.9501347958698,1.0,CLIENT,7,2,100000,14,16,0,30533,30635,1400,4,365,1022,16678.912000000004,99,False,False
212,99,-376.4984075630727,147.61697479564333,1.0,CLIENT,7,2,100000,14,21,0,30623,30634,1403,2,364,1026,21891.072000000007,99,False,False

213,0,419.4317378839488,-353.8796252045523,1.0,CLIENT,7,2,100000,13,10,0,30541,30574,1413,2,366,1039,10424.320000000002,99,False,False
213,1,-339.8228843406269,213.07313479569643,1.0,CLIENT,7,2,100000,14,16,0,30562,30591,1403,3,365,1025,16678.912000000004,99,False,False
213,2,-370.71587366455196,198.267574795901,1.0,CLIENT,7,2,100000,11,6,0,30563,30614,1414,3,367,1024,6254.592,99,False,False
213,3,478.20763039228785,-167.97522520407597,1.0,CLIENT,7,2,100000,12,16,0,30550,30568,1408,2,365,1037,16678.912000000004,99,False,False
213,4,229.4002471463821,-325.047745204576,1.0,CLIENT,7,2,100000,15,21,0,30540,30540,1404,2,364,1027,21891.072000000007,99,False,False
213,5,-13.228538234063313,-218.62582520433364,1.0,CLIENT,7,2,100000,9,8,0,30584,30584,1415,3,367,1036,8339.456,99,False,False
213,6,-319.30677091798975,206.7278947958971,1.0,CLIENT,7,2,100000,13,16,0,30577,30592,1407,3,365,1028,16678.912000000004,99,False,False
213,7,-491.99065995830586,106.98517479540186,1.0,CLIENT,7,2,100000,17,28,0,30435,30575,1386,2,362,993,29188.096000000012,99,False,False
213,8,-416.02559133915435,-400.5227052046453,1.0,CLIENT,7,2,100000,10,12,0,30389,30590,1399,3,366,1019,12509.184000000003,99,False,False
213,9,94.97613719176786,255.263414795958,1.0,CLIENT,7,2,100000,15,12,0,30551,30551,1412,2,366,1031,12509.184000000003,99,False,False
213,10,-275.4228835196425,-123.00194520451299,1.0,CLIENT,7,2,100000,12,14,0,30557,30558,1409,3,365,1027,14594.048000000004,99,False,False
213,11,469.1773719743174,-39.734585204343205,1.0,CLIENT,7,2,100000,14,14,0,30570,30588,1409,2,365,1030,14594.048000000004,99,False,False
213,12,13.307747467033252,-448.3903052040196,1.0,CLIENT,7,2,100000,15,17,0,30553,30557,1404,3,365,1032,17721.344000000005,99,False,False
213,13,380.53825645305716,-333.73070520401,1.0,CLIENT,7,2,100000,15,14,0,30573,30584,1410,2,365,1034,14594.048000000004,99,False,False
213,14,334.990900399079,-318.3685452040379,1.0,CLIENT,7,2,100000,14,12,0,30558,30561,1412,2,366,1037,12509.184000000003,99,False,False
213,15,-363.9827862474022,75.70425479528097,1.0,CLIENT,7,2,100000,9,8,0,30574,30584,1414,3,367,1029,8339.456,99,False,False
213,16,-296.09742252871786,-105.52470520434412,1.0,CLIENT,7,2,100000,15,18,0,30557,30557,1404,4,364,1028,18763.776000000005,99,False,False
213,17,234.70750428671397,402.3171347956509,1.0,CLIENT,7,2,100000,12,8,0,30541,30591,1415,2,367,1020,8339.456,99,False,False
213,18,360.65584537560983,-437.1469852047221,1.0,CLIENT,7,2,100000,15,21,0,30533,30577,1400,2,363,1025,21891.072000000007,99,False,False
213,19,344.49643557580123,48.096894795376954,1.0,CLIENT,7,2,100000,13,12,0,30577,30577,1412,2,366,1035,12509.184000000003,99,False,False
213,20,-133.94883497556498,308.4743747952882,1.0,CLIENT,7,2,100000,9,11,0,30589,30591,1413,2,367,1028,11466.752000000002,99,False,False
213,21,360.8934837549857,391.741734795458,1.0,CLIENT,7,2,100000,16,22,0,30391,30580,1389,2,364,999,22933.504000000008,99,False,False
213,22,418.2435459870697,-372.2474252040547,1.0,CLIENT,7,2,100000,9,12,0,30540,30591,1408,2,366,1029,12509.184000000003,99,False,False
213,23,351.2295229923881,-478.3353852043493,1.0,CLIENT,7,2,100000,14,5,0,30489,30573,1414,2,368,1019,5212.16,99,False,False
213,24,-234.54908226080636,292.2216547959826,1.0,CLIENT,7,2,100000,10,12,0,30588,30606,1411,2,366,1035,12509.184000000003,99,False,False
213,25,254.27306419184777,358.902334795317,1.0,CLIENT,7,2,100000,11,8,0,30562,30593,1414,2,367,1044,8339.456,99,False,False
213,26,-88.40147892158683,94.96261479569881,1.0,CLIENT,7,2,100000,12,15,0,30562,30562,1409,2,365,1039,15636.480000000005,99,False,False
213,27,-424.34293461843447,116.44737479524139,1.0,CLIENT,7,2,100000,11,8,0,30542,30587,1416,2,367,1033,8339.456,99,False,False
213,28,-332.69373295822595,-2.2197452041419297,1.0,CLIENT,7,2,100000,17,24,0,30557,30557,1399,3,363,1020,25018.36800000001,99,False,False
213,29,-110.42263541397955,-475.9976652047146,1.0,CLIENT,7,2,100000,12,13,0,30561,30574,1409,3,365,1021,13551.616000000004,99,False,False
213,30,-448.3444109393344,89.2852947957951,1.0,CLIENT,7,2,100000,10,20,0,30531,30584,1401,2,364,1020,20848.640000000007,99,False,False
213,31,-254.43149333825366,-399.8547852047497,1.0,CLIENT,7,2,100000,15,26,0,30540,30571,1394,3,362,1008,27103.23200000001,99,False,False
213,32,171.33726977673342,406.1020147955867,1.0,CLIENT,7,2,100000,11,19,0,30582,30601,1403,2,364,1015,19806.208000000006,99,False,False
213,33,-479.31661305619724,-340.632545203986,1.0,CLIENT,7,2,100000,11,17,0,30379,30596,1388,3,365,1000,17721.344000000005,99,False,False
213,34,-221.3205458064455,421.57549479527773,1.0,CLIENT,7,2,100000,11,12,0,30474,30593,1405,3,366,1014,12509.184000000003,99,False,False
213,35,300.2164842116399,220.08629479539138,1.0,CLIENT,7,2,100000,9,12,0,30602,30605,1411,3,366,1028,12509.184000000003,99,False,False
213,36,483.91095149787094,180.67901479601318,1.0,CLIENT,7,2,100000,8,8,0,30537,30629,1411,2,366,1027,8339.456,99,False,False
213,37,141.31562117737406,168.32249479557134,1.0,CLIENT,7,2,100000,14,14,0,30579,30579,1409,3,365,1040,14594.048000000004,99,False,False
213,38,-210.46839314696874,-483.3447852043574,1.0,CLIENT,7,2,100000,14,16,0,30487,30558,1403,2,365,1025,16678.912000000004,99,False,False
213,39,493.9709762262826,-432.4715452046618,1.0,CLIENT,7,2,100000,17,21,0,30237,30558,1386,2,363,1011,21891.072000000007,99,False,False
213,40,7.683639154387861,-189.34866520469058,1.0,CLIENT,7,2,100000,12,10,0,30557,30557,1414,2,366,1039,10424.320000000002,99,False,False
213,41,-409.1340783361292,-464.75434520462613,1.0,CLIENT,7,2,100000,12,21,0,30288,30598,1382,3,363,993,21891.072000000007,99,False,False
213,42,22.73406985025496,-356.77394520436366,1.0,CLIENT,7,2,100000,17,16,0,30530,30531,1408,2,365,1029,16678.912000000004,99,False,False
213,43,27.249199059521647,416.2321347953218,1.0,CLIENT,7,2,100000,15,23,0,30602,30606,1401,2,363,1016,23975.93600000001,99,False,False
213,44,-118.81919148676022,-216.06546520447012,1.0,CLIENT,7,2,100000,14,13,0,30566,30567,1409,3,365,1032,13551.616000000004,99,False,False
213,45,-90.46101154303174,-362.67390520449624,1.0,CLIENT,7,2,100000,17,24,0,30543,30546,1399,3,363,1029,25018.36800000001,99,False,False
213,46,-374.0428109758138,-184.67322520463028,1.0,CLIENT,7,2,100000,12,11,0,30563,30572,1410,3,366,1024,11466.752000000002,99,False,False
213,47,176.96137808937883,-418.77918520442876,1.0,CLIENT,7,2,100000,15,21,0,30568,30570,1403,2,364,1026,21891.072000000007,99,False,False
213,48,-245.24280933440778,-462.1939852047626,1.0,CLIENT,7,2,100000,11,16,0,30511,30579,1405,2,365,1027,16678.912000000004,99,False,False
213,49,62.261253626336554,-84.26258520423943,1.0,CLIENT,7,2,100000,16,15,0,30551,30552,1409,1,364,1036,15636.480000000005,99,False,False
213,50,-138.46396418483167,79.2664947957789,1.0,CLIENT,7,2,100000,12,16,0,30555,30555,1408,2,365,1032,16678.912000000004,99,False,False
213,51,145.43468642082672,-252.80106520426585,1.0,CLIENT,7,2,100000,11,12,0,30559,30559,1412,2,366,1042,12509.184000000003,99,False,False
213,52,333.72349570869926,256.8218947959781,1.0,CLIENT,7,2,100000,8,8,0,30584,30598,1413,3,367,1033,8339.456,99,False,False
213,53,-267.8184553784899,32.40077479545704,1.0,CLIENT,7,2,100000,11,5,0,30554,30554,1418,3,367,1032,5212.16,99,False,False
213,54,485.0199306018126,-345.19666520432736,1.0,CLIENT,7,2,100000,10,16,0,30491,30604,1400,2,365,1019,16678.912000000004,99,False,False
213,55,489.1389958452652,-371.2455452042113,1.0,CLIENT,7,2,100000,10,14,0,30427,30600,1404,2,365,1035,14594.048000000004,99,False,False
213,56,-5.386471713534832,-290.98382520436274,1.0,CLIENT,7,2,100000,10,4,0,30561,30561,1420,2,368,1046,4169.728,99,False,False
213,57,-493.8125542003749,-285.08386520423016,1.0,CLIENT,7,2,100000,10,14,0,30427,30610,1393,2,365,1011,14594.048000000004,99,False,False
213,58,-221.2413330135078,418.12457479528973,1.0,CLIENT,7,2,100000,11,14,0,30471,30608,1403,1,365,1011,14594.048000000004,99,False,False
213,59,263.1448970233801,-370.57762520431567,1.0,CLIENT,7,2,100000,10,8,0,30596,30598,1416,2,367,1032,8339.456,99,False,False
213,60,-366.3591700417235,239.45597479552816,1.0,CLIENT,7,2,100000,13,21,0,30536,30595,1398,3,364,1019,21891.072000000007,99,False,False
213,61,-500.308003237586,149.7320547958401,1.0,CLIENT,7,2,100000,14,18,0,30346,30576,1398,2,364,1019,18763.776000000005,99,False,False
213,62,-347.7441636540931,388.29081479547,1.0,CLIENT,7,2,100000,10,14,0,30244,30597,1394,2,367,1003,14594.048000000004,99,False,False
213,63,463.71168924811013,-136.58298520423614,1.0,CLIENT,7,2,100000,14,12,0,30554,30569,1411,2,366,1043,12509.184000000003,99,False,False
213,64,284.13628720476896,10.248094795227871,1.0,CLIENT,7,2,100000,10,12,0,30570,30570,1412,2,366,1041,12509.184000000003,99,False,False
213,65,361.4479733072379,-456.29402520463003,1.0,CLIENT,7,2,100000,14,20,0,30527,30602,1402,2,364,1032,20848.640000000007,99,False,False
213,66,486.60418646450574,147.06037479546666,1.0,CLIENT,7,2,100000,15,24,0,30530,30604,1397,2,362,1014,25018.36800000001,99,False,False
213,67,-338.15941568443316,-10.680065204138032,1.0,CLIENT,7,2,100000,12,5,0,30584,30586,1418,2,367,1028,5212.16,99,False,False
213,68,395.03419759723494,25.164974795533226,1.0,CLIENT,7,2,100000,10,7,0,30585,30587,1417,2,367,1025,7297.023999999999,99,False,False
213,69,198.4280450300822,-13.12910520428261,1.0,CLIENT,7,2,100000,11,18,0,30573,30573,1406,2,364,1034,18763.776000000005,99,False,False
213,70,-382.122515876281,-103.74358520409515,1.0,CLIENT,7,2,100000,11,11,0,30563,30569,1412,2,366,1031,11466.752000000002,99,False,False
213,71,64.16236066134329,195.4845747958086,1.0,CLIENT,7,2,100000,8,12,0,30594,30594,1412,2,366,1040,12509.184000000003,99,False,False
213,72,338.9515400560935,104.42481479553834,1.0,CLIENT,7,2,100000,9,8,0,30592,30593,1416,2,367,1042,8339.456,99,False,False
213,73,453.01796217450874,444.6187347956314,1.0,CLIENT,7,2,100000,17,25,0,29882,30540,1366,2,363,974,26060.80000000001,99,False,False
213,74,334.59483643326496,192.59025479599728,1.0,CLIENT,7,2,100000,12,16,0,30571,30577,1408,2,365,1035,16678.912000000004,99,False,False
213,75,-341.88241696207183,37.85545479592287,1.0,CLIENT,7,2,100000,12,16,0,30572,30572,1407,3,365,1029,16678.912000000004,99,False,False
213,76,-358.9923802799467,-362.0059852046006,1.0,CLIENT,7,2,100000,14,13,0,30497,30576,1403,3,365,1018,13551.616000000004,99,False,False
213,77,25.189666437513893,-461.08078520440927,1.0,CLIENT,7,2,100000,13,12,0,30569,30573,1410,2,366,1036,12509.184000000003,99,False,False
213,78,-265.67970996354444,231.32961479547987,1.0,CLIENT,7,2,100000,14,8,0,30567,30578,1414,2,367,1034,8339.456,99,False,False
213,79,274.3931136486709,-186.899625204546,1.0,CLIENT,7,2,100000,14,16,0,30547,30547,1408,2,365,1030,16678.912000000004,99,False,False
213,80,446.9185771025488,-290.538545204696,1.0,CLIENT,7,2,100000,9,13,0,30584,30612,1411,1,366,1031,13551.616000000004,99,False,False
213,81,463.8701148339855,8.021694795312158,1.0,CLIENT,7,2,100000,15,16,0,30556,30566,1407,2,365,1028,16678.912000000004,99,False,False
213,82,-38.735057624156,124.6850547957996,1.0,CLIENT,7,2,100000,11,12,0,30581,30581,1412,2,366,1036,12509.184000000003,99,False,False
213,83,159.53456359919045,345.6552547955417,1.0,CLIENT,7,2,100000,15,18,0,30569,30573,1406,2,364,1030,18763.776000000005,99,False,False
213,84,-222.74637608326339,-31.05162520411824,1.0,CLIENT,7,2,100000,11,7,0,30571,30571,1416,3,367,1037,7297.023999999999,99,False,False
213,85,108.60073761194275,-248.9048652046111,1.0,CLIENT,7,2,100000,12,12,0,30576,30576,1412,2,366,1039,12509.184000000003,99,False,False
213,86,178.70405953851022,64.46093479598346,1.0,CLIENT,7,2,100000,13,11,0,30563,30563,1412,3,366,1045,11466.752000000002,99,False,False
213,87,417.45141805544165,-393.8435052041072,1.0,CLIENT,7,2,100000,15,24,0,30525,30593,1397,2,363,1022,25018.36800000001,99,False,False
213,88,-246.19336285191116,-380.9303852042797,1.0,CLIENT,7,2,100000,10,12,0,30557,30571,1411,2,366,1032,12509.184000000003,99,False,False
213,89,423.2339519545252,325.50633479579034,1.0,CLIENT,7,2,100000,11,5,0,30423,30610,1410,3,367,1023,5212.16,99,False,False
213,90,361.13112213436153,-464.75434520462613,1.0,CLIENT,7,2,100000,15,20,0,30497,30580,1400,2,364,1015,20848.640000000007,99,False,False
213,91,275.4228799596748,-400.63402520436426,1.0,CLIENT,7,2,100000,13,13,0,30563,30565,1411,2,365,1021,13551.616000000004,99,False,False
213,92,-278.8290336244048,-271.502825204507,1.0,CLIENT,7,2,100000,10,15,0,30570,30576,1408,3,365,1027,15636.480000000005,99,False,False
213,93,428.5412090948571,-408.3151052047458,1.0,CLIENT,7,2,100000,16,12,0,30469,30571,1407,2,366,1031,12509.184000000003,99,False,False
213,94,-79.60885888355497,-314.0270652047164,1.0,CLIENT,7,2,100000,13,20,0,30565,30565,1403,3,364,1026,20848.640000000007,99,False,False
213,95,268.29372857727384,-428.79798520444496,1.0,CLIENT,7,2,100000,11,8,0,30580,30587,1416,2,367,1039,8339.456,99,False,False
213,96,-341.24871461688195,-430.467785204184,1.0,CLIENT,7,2,100000,16,14,0,30431,30555,1395,3,366,1013,14594.048000000004,99,False,False
213,97,366.83444324050737,-317.03270520424667,1.0,CLIENT,7,2,100000,13,12,0,30560,30568,1412,2,366,1042,12509.184000000003,99,False,False
213,98,-418.0851239605992,-3.2216252039853543,1.0,CLIENT,7,2,100000,14,16,0,30561,30577,1407,2,365,1029,16678.912000000004,99,False,False
213,99,289.205905965725,80.04573479539346,1.0,CLIENT,7,2,100000,14,20,0,30561,30562,1403,3,364,1026,20848.640000000007,99,False,False

214,0,-170.86199657794947,-209.05230520477517,1.0,CLIENT,7,2,100000,13,10,0,30681,30682,1416,3,365,1050,10424.320000000002,99,False,False
214,1,-453.9685192519798,380.4984147953695,1.0,CLIENT,7,2,100000,14,18,0,30461,30704,1398,1,363,1023,18763.776000000005,99,False,False
214,2,451.9089830705672,331.6289347953608,1.0,CLIENT,7,2,100000,10,11,0,30634,30724,1410,3,366,1028,11466.752000000002,99,False,False
214,3,-127.84944990416791,-393.8435052041072,1.0,CLIENT,7,2,100000,12,19,0,30693,30695,1407,3,363,1040,19806.208000000006,99,False,False
214,4,135.13702331303932,-102.18510520407506,1.0,CLIENT,7,2,100000,15,24,0,30671,30671,1402,3,362,1033,25018.36800000001,99,False,False
214,5,368.89397586195236,-482.1202652042851,1.0,CLIENT,7,2,100000,9,13,0,30422,30718,1392,1,365,1018,13551.616000000004,99,False,False
214,6,-359.94293379745005,-10.23478520447128,1.0,CLIENT,7,2,100000,13,8,0,30677,30679,1419,2,366,1042,8339.456,99,False,False
214,7,-441.92817469506105,339.7552947954091,1.0,CLIENT,7,2,100000,17,28,0,30513,30688,1391,1,361,1016,29188.096000000012,99,False,False
214,8,188.92250985335997,-311.02142520439514,1.0,CLIENT,7,2,100000,9,11,0,30694,30695,1416,2,365,1039,11466.752000000002,99,False,False
214,9,-377.5281738740766,-195.91654520471877,1.0,CLIENT,7,2,100000,15,20,0,30668,30680,1407,1,363,1043,20848.640000000007,99,False,False
214,10,-294.1171027002106,281.3122947958419,1.0,CLIENT,7,2,100000,12,16,0,30688,30696,1410,2,364,1029,16678.912000000004,99,False,False
214,11,-229.87552746566433,-443.0469452040637,1.0,CLIENT,7,2,100000,14,13,0,30652,30693,1412,3,365,1023,13551.616000000004,99,False,False
214,12,-231.06371936254354,-440.37526520448125,1.0,CLIENT,7,2,100000,15,18,0,30625,30670,1405,3,363,1020,18763.776000000005,99,False,False
214,13,-450.40394356077934,312.259254795224,1.0,CLIENT,7,2,100000,16,13,0,30567,30676,1408,2,365,1020,13551.616000000004,99,False,False
214,14,-384.9741764287911,-263.8217452041255,1.0,CLIENT,7,2,100000,14,9,0,30654,30684,1417,3,365,1042,9381.888,99,False,False
214,15,-185.67478889444072,163.5357347957921,1.0,CLIENT,7,2,100000,9,8,0,30689,30689,1418,3,366,1049,8339.456,99,False,False
214,16,136.00836403760502,420.5736147954343,1.0,CLIENT,7,2,100000,15,18,0,30663,30667,1408,3,363,1036,18763.776000000005,99,False,False
214,17,387.58819504252045,225.31833479562835,1.0,CLIENT,7,2,100000,12,8,0,30689,30694,1418,3,366,1033,8339.456,99,False,False
214,18,-239.9355521940759,-90.60782520403876,1.0,CLIENT,7,2,100000,15,16,0,30656,30656,1411,2,364,1038,16678.912000000004,99,False,False
214,19,252.8472339155927,-406.53398520449684,1.0,CLIENT,7,2,100000,13,12,0,30661,30687,1411,3,365,1023,12509.184000000003,99,False,False
214,20,223.30086207498502,143.83209479570752,1.0,CLIENT,7,2,100000,9,8,0,30689,30689,1418,3,366,1040,8339.456,99,False,False
214,21,-62.18204439336661,398.86621479566287,1.0,CLIENT,7,2,100000,16,11,0,30655,30656,1416,2,365,1031,11466.752000000002,99,False,False
214,22,-171.6541245095775,-102.74170520425173,1.0,CLIENT,7,2,100000,9,11,0,30691,30691,1415,3,365,1046,11466.752000000002,99,False,False
214,23,483.67331311849506,372.706014795269,1.0,CLIENT,7,2,100000,14,8,0,30511,30722,1412,2,366,1018,8339.456,99,False,False
214,24,408.57958522390925,327.2874547952483,1.0,CLIENT,7,2,100000,10,12,0,30705,30731,1414,3,365,1026,12509.184000000003,99,False,False
214,25,-106.62042134340322,-258.2557452047317,1.0,CLIENT,7,2,100000,11,8,0,30679,30679,1418,3,366,1052,8339.456,99,False,False
214,26,-312.6528962943405,374.59845479523693,1.0,CLIENT,7,2,100000,12,21,0,30623,30684,1405,1,363,1021,21891.072000000007,99,False,False
214,27,297.364823658567,119.89829479522939,1.0,CLIENT,7,2,100000,11,8,0,30687,30687,1418,3,366,1040,8339.456,99,False,False
214,28,112.48216447545673,273.51989479574144,1.0,CLIENT,7,2,100000,17,21,0,30659,30659,1405,3,362,1039,21891.072000000007,99,False,False
214,29,422.8378879887112,1.2311747958460728,1.0,CLIENT,7,2,100000,12,16,0,30688,30690,1411,2,364,1041,16678.912000000004,99,False,False
214,30,158.82164846106292,-381.3756652047374,1.0,CLIENT,7,2,100000,10,24,0,30708,30708,1403,2,362,1034,25018.36800000001,99,False,False
214,31,474.0093523558976,-295.4366252041942,1.0,CLIENT,7,2,100000,15,29,0,30536,30709,1388,3,360,1010,30230.528000000013,99,False,False
214,32,-458.0875844948697,-139.5886252045574,1.0,CLIENT,7,2,100000,11,16,0,30652,30685,1409,3,364,1032,16678.912000000004,99,False,False
214,33,-189.2393645856412,244.46537479553626,1.0,CLIENT,7,2,100000,11,8,0,30660,30662,1418,2,366,1050,8339.456,99,False,False
214,34,-246.19336285191116,440.49989479574776,1.0,CLIENT,7,2,100000,11,13,0,30637,30711,1411,2,365,1024,13551.616000000004,99,False,False
214,35,9.505533396456933,-335.73446520448783,1.0,CLIENT,7,2,100000,9,9,0,30680,30680,1418,2,366,1038,9381.888,99,False,False
214,36,-67.56851432663616,270.40293479570124,1.0,CLIENT,7,2,100000,8,8,0,30715,30715,1419,2,366,1041,8339.456,99,False,False
214,37,85.07453804979447,-299.8894252040256,1.0,CLIENT,7,2,100000,14,13,0,30685,30685,1414,2,364,1047,13551.616000000004,99,False,False
214,38,34.06149926904625,-305.7893852041582,1.0,CLIENT,7,2,100000,14,16,0,30675,30675,1411,2,364,1037,16678.912000000004,99,False,False
214,39,225.59803307580577,-352.98906520442785,1.0,CLIENT,7,2,100000,17,17,0,30649,30652,1410,2,363,1038,17721.344000000005,99,False,False
214,40,-171.41648613020166,238.3427747959658,1.0,CLIENT,7,2,100000,12,15,0,30683,30683,1412,2,364,1042,15636.480000000005,99,False,False
214,41,-442.56187704025086,64.12697479524468,1.0,CLIENT,7,2,100000,12,16,0,30668,30686,1410,3,364,1040,16678.912000000004,99,False,False
214,42,-143.9296469110389,-292.87626520433065,1.0,CLIENT,7,2,100000,17,16,0,30658,30658,1410,3,364,1039,16678.912000000004,99,False,False
214,43,-45.468145041305775,284.4292547958821,1.0,CLIENT,7,2,100000,15,13,0,30665,30665,1414,2,364,1041,13551.616000000004,99,False,False
214,44,-219.02337480562474,302.68573479566555,1.0,CLIENT,7,2,100000,14,16,0,30676,30682,1411,2,364,1042,16678.912000000004,99,False,False
214,45,-320.7326011942448,-359.4456252047371,1.0,CLIENT,7,2,100000,17,32,0,30633,30675,1392,3,360,1020,33357.824000000015,99,False,False
214,46,4.435914635500895,39.63657479538085,1.0,CLIENT,7,2,100000,12,9,0,30679,30679,1416,4,365,1049,9381.888,99,False,False
214,47,164.28733118727015,185.57709479551136,1.0,CLIENT,7,2,100000,15,19,0,30669,30669,1408,2,363,1036,19806.208000000006,99,False,False
214,48,-189.00172620626537,54.887414795634015,1.0,CLIENT,7,2,100000,11,12,0,30664,30664,1414,3,365,1048,12509.184000000003,99,False,False
214,49,-370.7950864574897,235.33713479564454,1.0,CLIENT,7,2,100000,16,22,0,30664,30679,1404,2,362,1026,22933.504000000008,99,False,False
214,50,-447.0770062489547,152.40373479542257,1.0,CLIENT,7,2,100000,12,22,0,30678,30696,1405,2,363,1038,22933.504000000008,99,False,False
214,51,182.74391198846237,-45.52322520475684,1.0,CLIENT,7,2,100000,11,16,0,30680,30680,1410,3,364,1043,16678.912000000004,99,False,False
214,52,-486.76261561091167,193.8147747952786,1.0,CLIENT,7,2,100000,8,8,0,30636,30713,1416,2,366,1040,8339.456,99,False,False
214,53,-150.66273432762583,-126.56418520421994,1.0,CLIENT,7,2,100000,11,8,0,30678,30678,1418,3,366,1044,8339.456,99,False,False
214,54,-345.3677798603346,-253.02370520449472,1.0,CLIENT,7,2,100000,10,12,0,30679,30691,1413,2,365,1033,12509.184000000003,99,False,False
214,55,-241.36138247033097,375.7116547955903,1.0,CLIENT,7,2,100000,10,12,0,30677,30699,1413,2,365,1044,12509.184000000003,99,False,False
214,56,-49.34957190481976,-216.9560252045946,1.0,CLIENT,7,2,100000,10,4,0,30686,30686,1422,3,367,1042,4169.728,99,False,False
214,57,31.2098387159733,151.51317479529808,1.0,CLIENT,7,2,100000,11,13,0,30681,30681,1412,4,364,1042,13551.616000000004,99,False,False
214,58,-22.813286203723198,-400.4113852041354,1.0,CLIENT,7,2,100000,11,12,0,30716,30717,1415,2,365,1047,12509.184000000003,99,False,False
214,59,120.40344378948572,-276.1782652045673,1.0,CLIENT,7,2,100000,10,8,0,30709,30709,1419,2,366,1047,8339.456,99,False,False
214,60,-409.2132911290669,142.38493479540637,1.0,CLIENT,7,2,100000,13,16,0,30684,30691,1411,2,364,1036,16678.912000000004,99,False,False
214,61,457.21624021033625,-40.29118520451988,1.0,CLIENT,7,2,100000,14,14,0,30671,30679,1412,3,364,1038,14594.048000000004,99,False,False
214,62,223.30086207498502,482.2448947955516,1.0,CLIENT,7,2,100000,9,8,0,30685,30721,1415,4,366,1039,8339.456,99,False,False
214,63,284.76998954995884,471.0015747954631,1.0,CLIENT,7,2,100000,14,20,0,30636,30701,1404,2,363,1014,20848.640000000007,99,False,False
214,64,-124.52251259234328,357.232534795578,1.0,CLIENT,7,2,100000,10,12,0,30693,30696,1414,2,365,1044,12509.184000000003,99,False,False
214,65,249.6787221896434,233.77865479562445,1.0,CLIENT,7,2,100000,14,12,0,30669,30669,1414,3,365,1033,12509.184000000003,99,False,False
214,66,-343.86273679057905,-66.78534520407055,1.0,CLIENT,7,2,100000,14,19,0,30663,30663,1408,2,363,1039,19806.208000000006,99,False,False
214,67,-126.81968359316403,116.44737479524139,1.0,CLIENT,7,2,100000,12,8,0,30659,30659,1417,4,366,1044,8339.456,99,False,False
214,68,116.0467401666572,451.5205747956074,1.0,CLIENT,7,2,100000,10,8,0,30704,30709,1418,3,366,1047,8339.456,99,False,False
214,69,-385.68709156748145,-89.27198520424753,1.0,CLIENT,7,2,100000,11,18,0,30679,30682,1408,2,363,1045,18763.776000000005,99,False,False
214,70,134.97859772660112,-171.5374652045739,1.0,CLIENT,7,2,100000,11,12,0,30684,30684,1414,3,365,1035,12509.184000000003,99,False,False
214,71,-409.371716715505,-193.24486520434533,1.0,CLIENT,7,2,100000,8,12,0,30683,30704,1415,2,365,1039,12509.184000000003,99,False,False
214,72,446.44330034379715,-281.855585204471,1.0,CLIENT,7,2,100000,9,5,0,30616,30713,1416,3,366,1025,5212.16,99,False,False
214,73,-471.87061050091984,-113.20578520472566,1.0,CLIENT,7,2,100000,16,20,0,30634,30675,1405,2,363,1023,20848.640000000007,99,False,False
214,74,-339.26839478837474,25.164974795533226,1.0,CLIENT,7,2,100000,12,15,0,30676,30676,1411,3,364,1040,15636.480000000005,99,False,False
214,75,29.546370060342404,378.16069479573486,1.0,CLIENT,7,2,100000,12,17,0,30671,30672,1410,2,364,1040,17721.344000000005,99,False,False
214,76,388.3803229741485,-438.2601852042845,1.0,CLIENT,7,2,100000,14,23,0,30466,30710,1393,2,363,1007,23975.93600000001,99,False,False
214,77,-319.8612604696791,392.9662547955303,1.0,CLIENT,7,2,100000,13,16,0,30628,30696,1405,2,364,1038,16678.912000000004,99,False,False
214,78,-334.1987760279815,-92.16630520405886,1.0,CLIENT,7,2,100000,14,8,0,30644,30644,1419,2,366,1051,8339.456,99,False,False
214,79,463.79090204104784,-102.29642520458498,1.0,CLIENT,7,2,100000,14,20,0,30647,30668,1404,2,363,1026,20848.640000000007,99,False,False
214,80,409.2132875690992,132.8114147958479,1.0,CLIENT,7,2,100000,9,12,0,30690,30691,1415,2,365,1033,12509.184000000003,99,False,False
214,81,-215.6964374938001,-368.35122520439995,1.0,CLIENT,7,2,100000,15,13,0,30650,30657,1413,3,364,1033,13551.616000000004,99,False,False
214,82,30.02164681909409,-264.9349452044788,1.0,CLIENT,7,2,100000,11,12,0,30686,30686,1415,2,365,1047,12509.184000000003,99,False,False
214,83,-65.50898170462841,485.80713479525855,1.0,CLIENT,7,2,100000,15,20,0,30660,30686,1404,2,363,1019,20848.640000000007,99,False,False
214,84,-460.7016066685668,64.79489479593127,1.0,CLIENT,7,2,100000,11,12,0,30678,30691,1410,3,365,1038,12509.184000000003,99,False,False
214,85,272.1751554407878,264.2803347953398,1.0,CLIENT,7,2,100000,12,12,0,30684,30684,1415,2,365,1038,12509.184000000003,99,False,False
214,86,428.4619963013565,290.44053479573364,1.0,CLIENT,7,2,100000,13,17,0,30676,30695,1408,3,363,1027,17721.344000000005,99,False,False
214,87,-419.8278054097306,-337.7382252041747,1.0,CLIENT,7,2,100000,15,20,0,30561,30679,1402,2,363,1015,20848.640000000007,99,False,False
214,88,89.90651843137466,-117.54726520404716,1.0,CLIENT,7,2,100000,10,12,0,30687,30687,1415,2,365,1038,12509.184000000003,99,False,False
214,89,465.6127962831169,168.5451347958002,1.0,CLIENT,7,2,100000,10,7,0,30714,30723,1418,3,366,1029,7297.023999999999,99,False,False
214,90,488.74293187945113,218.3051747959334,1.0,CLIENT,7,2,100000,15,24,0,30666,30705,1401,3,362,1024,25018.36800000001,99,False,False
214,91,28.75424212871437,-52.647705204170734,1.0,CLIENT,7,2,100000,13,16,0,30667,30667,1410,3,364,1045,16678.912000000004,99,False,False
214,92,-143.21673177291137,-361.0041052047572,1.0,CLIENT,7,2,100000,10,16,0,30699,30701,1409,3,364,1043,16678.912000000004,99,False,False
214,93,-32.47724696632075,312.5932147959628,1.0,CLIENT,7,2,100000,16,8,0,30669,30669,1419,2,366,1035,8339.456,99,False,False
214,94,-142.66224222122202,365.58153479585513,1.0,CLIENT,7,2,100000,13,20,0,30672,30674,1407,2,363,1037,20848.640000000007,99,False,False
214,95,-474.88069664043104,37.41017479546514,1.0,CLIENT,7,2,100000,11,8,0,30682,30703,1419,2,366,1036,8339.456,99,False,False
214,96,307.7416995598549,-193.1335452046264,1.0,CLIENT,7,2,100000,15,15,0,30677,30677,1411,3,364,1036,15636.480000000005,99,False,False
214,97,462.91956131648215,94.51733479524108,1.0,CLIENT,7,2,100000,13,12,0,30678,30691,1412,3,365,1040,12509.184000000003,99,False,False
214,98,-181.08044689279922,375.60033479587133,1.0,CLIENT,7,2,100000,14,20,0,30682,30691,1406,2,363,1036,20848.640000000007,99,False,False
214,99,109.86814230175962,-186.23170520465038,1.0,CLIENT,7,2,100000,14,16,0,30665,30665,1411,2,364,1045,16678.912000000004,99,False,False

215,0,-61.94440601342793,-330.8363852041987,1.0,CLIENT,7,2,100000,13,13,0,30999,31000,1404,4,365,1024,13551.616000000004,99,False,False
215,1,479.8710990479188,-136.58298520423614,1.0,CLIENT,7,2,100000,14,12,0,30972,30989,1405,4,365,1019,12509.184000000003,99,False,False
215,2,280.888562685882,190.02989479534278,1.0,CLIENT,7,2,100000,11,4,0,30987,30989,1414,3,367,1031,4169.728,99,False,False
215,3,431.3136568544295,-231.87290520410897,1.0,CLIENT,7,2,100000,12,16,0,30987,30995,1401,4,364,1020,16678.912000000004,99,False,False
215,4,-308.13776708563665,-165.19222520477456,1.0,CLIENT,7,2,100000,15,24,0,30984,30984,1394,3,362,1019,25018.36800000001,99,False,False
215,5,80.16334487527661,102.42105479585149,1.0,CLIENT,7,2,100000,9,8,0,31002,31002,1409,4,366,1029,8339.456,99,False,False
215,6,168.564822017161,243.0182147952351,1.0,CLIENT,7,2,100000,13,12,0,31003,31003,1406,3,365,1022,12509.184000000003,99,False,False
215,7,454.04772848494974,-104.52282520450069,1.0,CLIENT,7,2,100000,17,23,0,30981,30985,1395,3,362,1017,23975.93600000001,99,False,False
215,8,-123.57195907483991,-161.8526252045055,1.0,CLIENT,7,2,100000,10,4,0,30987,30987,1413,4,367,1030,4169.728,99,False,False
215,9,55.845017382063126,-484.6806252041486,1.0,CLIENT,7,2,100000,15,17,0,30972,30989,1398,5,363,1018,17721.344000000005,99,False,False
215,10,-114.46248786393171,309.1422947959748,1.0,CLIENT,7,2,100000,12,16,0,31012,31012,1400,5,364,1021,16678.912000000004,99,False,False
215,11,493.0996355017169,-372.8040252042314,1.0,CLIENT,7,2,100000,14,16,0,30844,31019,1391,4,364,1011,16678.912000000004,99,False,False
215,12,162.54464973870157,309.0309747954649,1.0,CLIENT,7,2,100000,15,20,0,31000,31000,1398,3,363,1014,20848.640000000007,99,False,False
215,13,79.13357856427272,22.159334796002952,1.0,CLIENT,7,2,100000,16,12,0,30971,30971,1404,5,365,1035,12509.184000000003,99,False,False
215,14,231.22214138901398,347.5476947955096,1.0,CLIENT,7,2,100000,14,10,0,30982,30995,1407,3,365,1019,10424.320000000002,99,False,False
215,15,247.93604074107483,-475.9976652047146,1.0,CLIENT,7,2,100000,9,8,0,30967,31009,1405,5,366,1018,8339.456,99,False,False
215,16,205.95326037773432,44.75729479589887,1.0,CLIENT,7,2,100000,15,16,0,30976,30976,1402,3,364,1031,16678.912000000004,99,False,False
215,17,-277.56162893458793,252.59173479558456,1.0,CLIENT,7,2,100000,13,8,0,30996,31006,1408,4,366,1022,8339.456,99,False,False
215,18,127.691020757762,-235.4351452046069,1.0,CLIENT,7,2,100000,15,19,0,30981,30981,1397,5,363,1022,19806.208000000006,99,False,False
215,19,-180.44674454760934,215.522174795841,1.0,CLIENT,7,2,100000,13,12,0,31000,31000,1405,4,365,1031,12509.184000000003,99,False,False
215,20,234.0738019415241,-187.67886520416056,1.0,CLIENT,7,2,100000,10,8,0,30997,30997,1408,5,366,1031,8339.456,99,False,False
215,21,132.44378834640455,-187.01094520426494,1.0,CLIENT,7,2,100000,16,14,0,30977,30977,1402,5,364,1031,14594.048000000004,99,False,False
215,22,-274.07626603632514,187.2468947952504,1.0,CLIENT,7,2,100000,9,10,0,31003,31003,1407,4,365,1033,10424.320000000002,99,False,False
215,23,-338.00099009855785,-134.9131852044971,1.0,CLIENT,7,2,100000,14,4,0,30997,30998,1414,3,367,1040,4169.728,99,False,False
215,24,-452.7803273551006,-17.915865204061845,1.0,CLIENT,7,2,100000,10,12,0,31002,31016,1406,3,365,1018,12509.184000000003,99,False,False
215,25,79.13357856427272,206.28261479543937,1.0,CLIENT,7,2,100000,11,8,0,30983,30983,1409,4,366,1022,8339.456,99,False,False
215,26,119.69052865079536,471.78081479586865,1.0,CLIENT,7,2,100000,12,20,0,30965,31003,1398,3,363,1014,20848.640000000007,99,False,False
215,27,-145.43468998079445,-135.69242520411166,1.0,CLIENT,7,2,100000,12,8,0,30996,30996,1408,5,366,1037,8339.456,99,False,False
215,28,108.75916319781808,-352.8777452047089,1.0,CLIENT,7,2,100000,17,20,0,30963,30963,1396,5,363,1028,20848.640000000007,99,False,False
215,29,330.47577119037516,-114.09634520405916,1.0,CLIENT,7,2,100000,12,12,0,30985,30985,1405,4,365,1026,12509.184000000003,99,False,False
215,30,268.8482181289632,211.84861479562414,1.0,CLIENT,7,2,100000,10,20,0,30996,31000,1398,2,363,1019,20848.640000000007,99,False,False
215,31,120.40344378948572,-13.797025204178226,1.0,CLIENT,7,2,100000,15,15,0,30964,30964,1401,5,363,1033,15636.480000000005,99,False,False
215,32,-371.745639974993,-406.6453052042158,1.0,CLIENT,7,2,100000,12,21,0,30888,31011,1388,2,363,1018,21891.072000000007,99,False,False
215,33,-167.05978250737314,-0.8839052043506967,1.0,CLIENT,7,2,100000,11,8,0,30989,30989,1410,3,366,1041,8339.456,99,False,False
215,34,228.44969362887872,-232.09554520433784,1.0,CLIENT,7,2,100000,11,9,0,30991,30991,1407,5,365,1035,9381.888,99,False,False
215,35,-103.92718637676845,-222.5220252039884,1.0,CLIENT,7,2,100000,9,12,0,31013,31013,1405,4,365,1033,12509.184000000003,99,False,False
215,36,-220.84526904769382,-15.132865204760435,1.0,CLIENT,7,2,100000,8,4,0,31007,31007,1414,3,367,1037,4169.728,99,False,False
215,37,318.1977882540805,-291.8743852044872,1.0,CLIENT,7,2,100000,14,14,0,31003,31004,1402,5,364,1022,14594.048000000004,99,False,False
215,38,-13.783027785752664,439.0527347954466,1.0,CLIENT,7,2,100000,14,16,0,30996,31003,1402,3,364,1025,16678.912000000004,99,False,False
215,39,256.49102239973087,116.44737479524139,1.0,CLIENT,7,2,100000,17,20,0,30970,30970,1398,3,363,1021,20848.640000000007,99,False,False
215,40,186.86297723191504,80.60233479557013,1.0,CLIENT,7,2,100000,12,13,0,30992,30992,1405,3,364,1038,13551.616000000004,99,False,False
215,41,230.98450300963816,127.02277479543426,1.0,CLIENT,7,2,100000,12,12,0,30993,30993,1406,3,365,1039,12509.184000000003,99,False,False
215,42,-167.69348485256302,379.4965347955261,1.0,CLIENT,7,2,100000,17,20,0,30975,30983,1397,4,363,1019,20848.640000000007,99,False,False
215,43,-443.35400497131604,174.33377479542287,1.0,CLIENT,7,2,100000,16,17,0,30965,31013,1399,3,363,1026,17721.344000000005,99,False,False
215,44,494.05018901978303,-228.75594520406878,1.0,CLIENT,7,2,100000,14,16,0,30966,31001,1399,4,364,1025,16678.912000000004,99,False,False
215,45,36.0418190975535,110.88137479584759,1.0,CLIENT,7,2,100000,17,24,0,30963,30963,1392,5,362,1019,25018.36800000001,99,False,False
215,46,252.92644670853036,-203.4863052045904,1.0,CLIENT,7,2,100000,12,8,0,30985,30985,1409,4,366,1025,8339.456,99,False,False
215,47,451.5129191047531,-372.0247852046168,1.0,CLIENT,7,2,100000,15,26,0,30902,31008,1384,4,361,1007,27103.23200000001,99,False,False
215,48,-35.804184278145385,-303.0063852040658,1.0,CLIENT,7,2,100000,11,12,0,30980,30980,1405,4,365,1031,12509.184000000003,99,False,False
215,49,-45.3097194548676,-298.77622520446323,1.0,CLIENT,7,2,100000,16,16,0,30979,30979,1400,5,363,1027,16678.912000000004,99,False,False
215,50,-276.2942242442082,290.5518547954526,1.0,CLIENT,7,2,100000,12,16,0,30989,30994,1402,3,364,1028,16678.912000000004,99,False,False
215,51,-481.6929968499556,-315.5855452047365,1.0,CLIENT,7,2,100000,11,24,0,30913,31054,1380,3,362,1002,25018.36800000001,99,False,False
215,52,-419.19410306454074,310.9234147954328,1.0,CLIENT,7,2,100000,8,18,0,30907,31043,1390,4,365,1002,18763.776000000005,99,False,False
215,53,44.99286472202352,-313.1365052045919,1.0,CLIENT,7,2,100000,11,10,0,31002,31002,1407,5,365,1032,10424.320000000002,99,False,False
215,54,-429.65019175876637,-25.26298520449558,1.0,CLIENT,7,2,100000,10,12,0,31009,31013,1406,3,365,1036,12509.184000000003,99,False,False
215,55,437.6506803057653,271.7387747954925,1.0,CLIENT,7,2,100000,10,18,0,30936,31028,1395,3,364,1008,18763.776000000005,99,False,False
215,56,-139.88979446108672,-37.06290520476074,1.0,CLIENT,7,2,100000,10,4,0,30994,30994,1414,3,367,1030,4169.728,99,False,False
215,57,273.9178368899192,-266.382105203989,1.0,CLIENT,7,2,100000,10,16,0,31002,31002,1401,4,364,1033,16678.912000000004,99,False,False
215,58,-64.55842818712503,-425.235745204738,1.0,CLIENT,7,2,100000,11,12,0,30999,31010,1405,4,365,1030,12509.184000000003,99,False,False
215,59,67.33087238672975,-262.5972252040532,1.0,CLIENT,7,2,100000,10,8,0,31010,31010,1409,4,366,1034,8339.456,99,False,False
215,60,-417.6890599947852,79.37781479549784,1.0,CLIENT,7,2,100000,13,20,0,31007,31016,1398,2,363,1019,20848.640000000007,99,False,False
215,61,-455.7112007011112,-414.5490252040352,1.0,CLIENT,7,2,100000,14,25,0,30743,31027,1378,3,362,988,26060.80000000001,99,False,False
215,62,313.9202974247525,501.7258947954073,1.0,CLIENT,7,2,100000,10,10,0,30767,31038,1390,3,365,1002,10424.320000000002,99,False,False
215,63,88.48068815455677,467.99593479593284,1.0,CLIENT,7,2,100000,14,15,0,30983,31006,1401,4,364,1015,15636.480000000005,99,False,False
215,64,-381.8848774969051,287.99149479558906,1.0,CLIENT,7,2,100000,10,15,0,30968,31035,1398,4,364,1006,15636.480000000005,99,False,False
215,65,477.33628966772216,120.56621479591598,1.0,CLIENT,7,2,100000,15,16,0,30957,31000,1398,3,364,1016,16678.912000000004,99,False,False
215,66,-117.78942517575634,-219.29374520422925,1.0,CLIENT,7,2,100000,14,20,0,30979,30979,1397,4,363,1022,20848.640000000007,99,False,False
215,67,-383.152282186722,325.6176547955093,1.0,CLIENT,7,2,100000,12,8,0,30904,31006,1400,4,366,1011,8339.456,99,False,False
215,68,36.75473423568103,-128.56794520469776,1.0,CLIENT,7,2,100000,10,4,0,30989,30989,1412,5,367,1042,4169.728,99,False,False
215,69,387.1921310767064,500.3900547956161,1.0,CLIENT,7,2,100000,11,20,0,30607,31010,1363,2,362,979,20848.640000000007,99,False,False
215,70,-384.73653804941523,-483.6787452043052,1.0,CLIENT,7,2,100000,11,17,0,30710,30996,1387,4,364,1004,17721.344000000005,99,False,False
215,71,-288.8098455598787,140.26985479600057,1.0,CLIENT,7,2,100000,8,12,0,31009,31009,1406,3,365,1033,12509.184000000003,99,False,False
215,72,62.02361524696071,-381.82094520440415,1.0,CLIENT,7,2,100000,9,7,0,31000,31000,1409,5,366,1035,7297.023999999999,99,False,False
215,73,205.87404758479664,-363.34182520439185,1.0,CLIENT,7,2,100000,17,20,0,30995,30995,1396,5,363,1019,20848.640000000007,99,False,False
215,74,413.6492039848654,228.21265479543968,1.0,CLIENT,7,2,100000,12,21,0,30979,31019,1392,2,363,1006,21891.072000000007,99,False,False
215,75,108.04624805969056,-498.92958520455835,1.0,CLIENT,7,2,100000,12,20,0,30998,31019,1394,5,363,1021,20848.640000000007,99,False,False
215,76,219.1817968320952,-138.80938520415185,1.0,CLIENT,7,2,100000,14,12,0,30993,30993,1404,5,365,1029,12509.184000000003,99,False,False
215,77,-69.94489812039458,-239.99926520415727,1.0,CLIENT,7,2,100000,13,12,0,30974,30974,1405,4,365,1033,12509.184000000003,99,False,False
215,78,215.06273158864252,-0.5499452044028885,1.0,CLIENT,7,2,100000,14,8,0,30980,30980,1409,4,366,1027,8339.456,99,False,False
215,79,-276.7695010029599,180.23373479555545,1.0,CLIENT,7,2,100000,14,22,0,30985,30988,1395,3,362,1029,22933.504000000008,99,False,False
215,80,-458.7212868400595,-108.75298520410325,1.0,CLIENT,7,2,100000,9,13,0,31032,31049,1404,2,364,1032,13551.616000000004,99,False,False
215,81,232.72718445820672,21.936694795774088,1.0,CLIENT,7,2,100000,15,16,0,30981,30981,1401,4,364,1025,16678.912000000004,99,False,False
215,82,-398.44035126252777,55.33269479530077,1.0,CLIENT,7,2,100000,11,11,0,31004,31010,1405,3,365,1017,11466.752000000002,99,False,False
215,83,248.56974308570184,256.59925479574923,1.0,CLIENT,7,2,100000,15,17,0,30989,30991,1401,3,363,1026,17721.344000000005,99,False,False
215,84,272.88807057947815,214.40897479548767,1.0,CLIENT,7,2,100000,11,11,0,31000,31004,1407,3,365,1021,11466.752000000002,99,False,False
215,85,-201.20049634962234,494.93537479594124,1.0,CLIENT,7,2,100000,12,20,0,30911,31024,1392,4,363,1021,20848.640000000007,99,False,False
215,86,-24.5559676528546,58.33833479562202,1.0,CLIENT,7,2,100000,13,10,0,30987,30987,1405,6,365,1035,10424.320000000002,99,False,False
215,87,-223.22165284201506,-413.76978520442066,1.0,CLIENT,7,2,100000,15,18,0,30958,30993,1395,4,363,1014,18763.776000000005,99,False,False
215,88,-120.9579369011428,-125.00570520419984,1.0,CLIENT,7,2,100000,10,12,0,30993,30993,1406,3,365,1034,12509.184000000003,99,False,False
215,89,367.943422344449,-16.468705204551668,1.0,CLIENT,7,2,100000,10,7,0,31008,31008,1411,3,366,1036,7297.023999999999,99,False,False
215,90,-107.01648530921725,196.9317347953188,1.0,CLIENT,7,2,100000,15,15,0,30965,30965,1401,5,364,1030,15636.480000000005,99,False,False
215,91,461.4145182467265,-146.4904652045334,1.0,CLIENT,7,2,100000,13,14,0,30992,30997,1404,3,364,1028,14594.048000000004,99,False,False
215,92,336.7335818482104,-178.7732652044977,1.0,CLIENT,7,2,100000,10,14,0,31003,31003,1403,4,364,1025,14594.048000000004,99,False,False
215,93,343.7835204376737,-492.1390652043013,1.0,CLIENT,7,2,100000,16,19,0,30863,31006,1389,4,364,1006,19806.208000000006,99,False,False
215,94,-156.60369381314757,178.7865747952543,1.0,CLIENT,7,2,100000,13,21,0,30978,30978,1396,4,363,1007,21891.072000000007,99,False,False
215,95,284.3739255841448,-61.77594520406245,1.0,CLIENT,7,2,100000,11,8,0,30998,30998,1410,3,366,1040,8339.456,99,False,False
215,96,443.8292781701,50.43461479580259,1.0,CLIENT,7,2,100000,16,16,0,30990,30999,1402,3,364,1023,16678.912000000004,99,False,False
215,97,-138.14711301195533,422.91133479585994,1.0,CLIENT,7,2,100000,13,15,0,30997,31012,1401,4,364,1028,15636.480000000005,99,False,False
215,98,176.16925015831362,-135.13582520472596,1.0,CLIENT,7,2,100000,14,13,0,30975,30975,1404,4,364,1030,13551.616000000004,99,False,False
215,99,-278.67060803852945,322.1667347955213,1.0,CLIENT,7,2,100000,14,21,0,30974,30996,1396,4,362,1011,21891.072000000007,99,False,False

216,0,-429.8086173452045,26.723454795553323,1.0,CLIENT,7,2,100000,13,13,0,31261,31266,1414,8,369,1037,13551.616000000004,99,False,False
216,1,246.90627443007097,-288.6461052047281,1.0,CLIENT,7,2,100000,14,8,0,31239,31242,1414,13,370,1021,8339.456,99,False,False
216,2,-31.9227574146314,358.7910147955981,1.0,CLIENT,7,2,100000,10,4,0,31291,31292,1424,7,372,1043,4169.728,99,False,False
216,3,413.49077839842715,393.3002147954781,1.0,CLIENT,7,2,100000,12,26,0,31000,31258,1387,5,366,1006,27103.23200000001,99,False,False
216,4,-313.44502422596855,448.62625479579606,1.0,CLIENT,7,2,100000,15,25,0,31078,31272,1391,12,366,1008,26060.80000000001,99,False,False
216,5,-231.77663450067107,-239.33134520426165,1.0,CLIENT,7,2,100000,9,11,0,31270,31272,1417,7,370,1033,11466.752000000002,99,False,False
216,6,-86.97564864533177,-422.6753852040835,1.0,CLIENT,7,2,100000,13,8,0,31226,31242,1420,7,371,1036,8339.456,99,False,False
216,7,-299.34514704704196,347.5476947955096,1.0,CLIENT,7,2,100000,17,25,0,31211,31248,1399,10,367,1017,26060.80000000001,99,False,False
216,8,212.05264544969424,284.20661479565325,1.0,CLIENT,7,2,100000,9,12,0,31260,31268,1416,6,370,1036,12509.184000000003,99,False,False
216,9,-21.387455927468142,319.161094795991,1.0,CLIENT,7,2,100000,15,12,0,31218,31219,1416,7,370,1031,12509.184000000003,99,False,False
216,10,365.7254641365659,-364.00974520428747,1.0,CLIENT,7,2,100000,12,16,0,31167,31241,1404,13,369,1018,16678.912000000004,99,False,False
216,11,-483.3564655061493,-476.10898520443357,1.0,CLIENT,7,2,100000,14,18,0,30175,31176,1341,2,364,951,18763.776000000005,99,False,False
216,12,-247.61919312816622,431.2603347953461,1.0,CLIENT,7,2,100000,15,24,0,31192,31262,1395,10,367,1020,25018.36800000001,99,False,False
216,13,-147.09815863642535,-89.27198520424753,1.0,CLIENT,7,2,100000,15,12,0,31236,31236,1414,9,370,1030,12509.184000000003,99,False,False
216,14,-11.327431198493732,206.61657479538718,1.0,CLIENT,7,2,100000,14,12,0,31242,31242,1414,9,370,1039,12509.184000000003,99,False,False
216,15,250.15399894895793,-312.6912252041342,1.0,CLIENT,7,2,100000,9,8,0,31270,31274,1412,13,371,1026,8339.456,99,False,False
216,16,376.7360423824808,156.2999347958683,1.0,CLIENT,7,2,100000,15,24,0,31241,31254,1402,7,368,1016,25018.36800000001,99,False,False
216,17,-193.2792170361562,116.2247347958035,1.0,CLIENT,7,2,100000,12,8,0,31250,31250,1414,13,371,1037,8339.456,99,False,False
216,18,113.90799475171178,243.12953479574503,1.0,CLIENT,7,2,100000,15,16,0,31228,31228,1412,7,369,1037,16678.912000000004,99,False,False
216,19,-383.3899205660978,-349.87210520438765,1.0,CLIENT,7,2,100000,13,16,0,31121,31269,1400,7,369,1009,16678.912000000004,99,False,False
216,20,183.9321038853416,-323.9345452042227,1.0,CLIENT,7,2,100000,9,8,0,31272,31274,1417,10,371,1028,8339.456,99,False,False
216,21,-233.36089036336432,202.2750947952747,1.0,CLIENT,7,2,100000,15,15,0,31240,31240,1407,13,369,1030,15636.480000000005,99,False,False
216,22,-69.62804694808108,393.3002147954781,1.0,CLIENT,7,2,100000,9,7,0,31249,31255,1421,7,371,1041,7297.023999999999,99,False,False
216,23,308.1377635256689,360.1268547953893,1.0,CLIENT,7,2,100000,14,5,0,31209,31271,1422,7,371,1030,5212.16,99,False,False
216,24,317.88093708120414,468.2185747953707,1.0,CLIENT,7,2,100000,10,13,0,31000,31275,1401,4,370,1021,13551.616000000004,99,False,False
216,25,475.35596983921494,220.30893479562025,1.0,CLIENT,7,2,100000,11,12,0,31149,31277,1408,6,370,1021,12509.184000000003,99,False,False
216,26,341.9616261950418,250.69929479561665,1.0,CLIENT,7,2,100000,12,18,0,31226,31256,1410,6,368,1022,18763.776000000005,99,False,False
216,27,431.39286964793007,-190.79582520420075,1.0,CLIENT,7,2,100000,11,8,0,31240,31265,1412,11,371,1028,8339.456,99,False,False
216,28,-7.842068300793764,72.14201479557403,1.0,CLIENT,7,2,100000,17,20,0,31227,31227,1404,11,368,1028,20848.640000000007,99,False,False
216,29,467.43469052518594,183.01673479564784,1.0,CLIENT,7,2,100000,12,16,0,31174,31257,1409,6,369,1025,16678.912000000004,99,False,False
216,30,-67.25166315375981,-6.449905204535469,1.0,CLIENT,7,2,100000,10,16,0,31244,31244,1407,12,369,1032,16678.912000000004,99,False,False
216,31,75.01451332138289,246.4691347960141,1.0,CLIENT,7,2,100000,15,25,0,31248,31248,1403,7,366,1013,26060.80000000001,99,False,False
216,32,-258.86740975401983,497.9410147954715,1.0,CLIENT,7,2,100000,11,20,0,31041,31275,1394,9,368,1012,20848.640000000007,99,False,False
216,33,-120.1658089700776,-447.83370520463393,1.0,CLIENT,7,2,100000,11,22,0,31230,31273,1403,7,369,1011,22933.504000000008,99,False,False
216,34,385.0533856623239,-341.6344252046204,1.0,CLIENT,7,2,100000,11,13,0,31189,31257,1404,13,370,1017,13551.616000000004,99,False,False
216,35,-209.83469080177886,32.06681479550923,1.0,CLIENT,7,2,100000,9,11,0,31265,31265,1414,10,370,1033,11466.752000000002,99,False,False
216,36,56.63714531312832,114.44361479555454,1.0,CLIENT,7,2,100000,8,4,0,31273,31273,1421,10,372,1046,4169.728,99,False,False
216,37,398.51956049549773,-458.6317452042647,1.0,CLIENT,7,2,100000,14,17,0,30932,31242,1378,13,368,984,17721.344000000005,99,False,False
216,38,-91.80762902634913,55.33269479530077,1.0,CLIENT,7,2,100000,14,16,0,31248,31248,1405,14,369,1025,16678.912000000004,99,False,False
216,39,28.199752577025016,-262.81986520428205,1.0,CLIENT,7,2,100000,17,19,0,31230,31230,1406,10,368,1021,19806.208000000006,99,False,False
216,40,280.73013710000663,432.37353479569947,1.0,CLIENT,7,2,100000,12,16,0,31144,31269,1408,7,369,1025,16678.912000000004,99,False,False
216,41,168.16875805134697,-7.5631052040978375,1.0,CLIENT,7,2,100000,12,12,0,31234,31234,1413,10,370,1036,12509.184000000003,99,False,False
216,42,-362.398530384709,-483.56742520458624,1.0,CLIENT,7,2,100000,17,20,0,30773,31216,1385,5,366,999,20848.640000000007,99,False,False
216,43,53.46863358774186,-211.50134520412877,1.0,CLIENT,7,2,100000,15,16,0,31231,31231,1408,11,369,1035,16678.912000000004,99,False,False
216,44,-194.62583451947359,-315.8081852041744,1.0,CLIENT,7,2,100000,14,17,0,31248,31261,1411,7,368,1023,17721.344000000005,99,False,False
216,45,377.05289355535723,61.566614795381156,1.0,CLIENT,7,2,100000,17,23,0,31211,31218,1404,8,367,1029,23975.93600000001,99,False,False
216,46,426.4816764734121,167.65457479567573,1.0,CLIENT,7,2,100000,12,9,0,31208,31245,1416,6,371,1025,9381.888,99,False,False
216,47,472.1874581138285,268.7331347959622,1.0,CLIENT,7,2,100000,15,28,0,31086,31267,1392,8,366,1022,29188.096000000012,99,False,False
216,48,14.812790536788814,228.9918947958452,1.0,CLIENT,7,2,100000,11,16,0,31256,31256,1411,8,369,1032,16678.912000000004,99,False,False
216,49,-400.18303271165917,-60.99670520444789,1.0,CLIENT,7,2,100000,16,19,0,31241,31245,1409,6,367,1027,19806.208000000006,99,False,False
216,50,-91.88684181984964,-332.7288252041666,1.0,CLIENT,7,2,100000,12,19,0,31253,31255,1409,7,368,1027,19806.208000000006,99,False,False
216,51,81.906026324408,-315.5855452047365,1.0,CLIENT,7,2,100000,11,17,0,31261,31261,1409,9,368,1037,17721.344000000005,99,False,False
216,52,354.4772475112751,-192.46562520473077,1.0,CLIENT,7,2,100000,8,8,0,31268,31273,1417,10,371,1036,8339.456,99,False,False
216,53,-105.03616548071,-124.33778520430423,1.0,CLIENT,7,2,100000,11,8,0,31243,31243,1418,9,371,1038,8339.456,99,False,False
216,54,427.0361660251016,75.70425479528097,1.0,CLIENT,7,2,100000,10,10,0,31249,31261,1418,6,370,1038,10424.320000000002,99,False,False
216,55,327.7033234302399,-393.39822520444045,1.0,CLIENT,7,2,100000,10,15,0,31216,31285,1402,12,369,1026,15636.480000000005,99,False,False
216,56,-447.23543183539294,56.00061479598736,1.0,CLIENT,7,2,100000,10,8,0,31271,31277,1418,8,371,1030,8339.456,99,False,False
216,57,238.19286718497676,-324.49114520439934,1.0,CLIENT,7,2,100000,11,13,0,31278,31281,1409,13,369,1026,13551.616000000004,99,False,False
216,58,-146.06839232598432,89.6192547957429,1.0,CLIENT,7,2,100000,11,12,0,31243,31243,1411,12,370,1034,12509.184000000003,99,False,False
216,59,-436.3040663824156,247.6936547952954,1.0,CLIENT,7,2,100000,10,8,0,31222,31276,1415,11,371,1025,8339.456,99,False,False
216,60,345.0509251274906,-403.41702520445665,1.0,CLIENT,7,2,100000,13,16,0,31135,31248,1401,13,369,1014,16678.912000000004,99,False,False
216,61,143.53357938525716,80.824974795799,1.0,CLIENT,7,2,100000,14,8,0,31224,31224,1419,8,371,1039,8339.456,99,False,False
216,62,-72.79655867346753,459.9808947956035,1.0,CLIENT,7,2,100000,9,8,0,31265,31289,1420,7,371,1035,8339.456,99,False,False
216,63,411.27282019054405,-325.9383052047005,1.0,CLIENT,7,2,100000,14,19,0,31180,31267,1397,13,368,1013,19806.208000000006,99,False,False
216,64,-442.16581307443687,437.38293479570757,1.0,CLIENT,7,2,100000,10,17,0,30648,31274,1376,13,368,995,17721.344000000005,99,False,False
216,65,269.87798443996707,216.52405479568444,1.0,CLIENT,7,2,100000,14,12,0,31220,31231,1415,6,370,1039,12509.184000000003,99,False,False
216,66,-308.05855429213614,-422.3414252041357,1.0,CLIENT,7,2,100000,15,22,0,31133,31274,1397,5,366,1006,22933.504000000008,99,False,False
216,67,-342.8329704795752,-215.7315052045223,1.0,CLIENT,7,2,100000,12,7,0,31256,31275,1420,7,370,1042,7297.023999999999,99,False,False
216,68,149.3161132843407,41.30637479591087,1.0,CLIENT,7,2,100000,10,4,0,31257,31257,1422,9,372,1038,4169.728,99,False,False
216,69,-401.2920118156007,-173.7638652044896,1.0,CLIENT,7,2,100000,11,20,0,31222,31256,1406,7,368,1017,20848.640000000007,99,False,False
216,70,287.54243730953124,-407.981145204007,1.0,CLIENT,7,2,100000,11,14,0,31199,31265,1404,12,368,1027,14594.048000000004,99,False,False
216,71,397.0937302192426,417.4566547953941,1.0,CLIENT,7,2,100000,8,13,0,31001,31281,1398,6,369,1018,13551.616000000004,99,False,False
216,72,-57.11242563241058,494.26745479525465,1.0,CLIENT,7,2,100000,10,7,0,31237,31281,1419,6,371,1030,7297.023999999999,99,False,False
216,73,452.14662144994304,477.45813479577237,1.0,CLIENT,7,2,100000,17,25,0,30540,31192,1358,2,365,976,26060.80000000001,99,False,False
216,74,-37.38844014083861,-325.2703852040139,1.0,CLIENT,7,2,100000,12,12,0,31247,31247,1415,8,370,1034,12509.184000000003,99,False,False
216,75,384.3404705236335,-358.7777052040505,1.0,CLIENT,7,2,100000,12,17,0,31166,31258,1399,13,369,1016,17721.344000000005,99,False,False
216,76,165.63394867058753,463.32049479587255,1.0,CLIENT,7,2,100000,14,16,0,31160,31263,1404,5,369,1020,16678.912000000004,99,False,False
216,77,5.465680946504772,-396.2925452042518,1.0,CLIENT,7,2,100000,13,12,0,31244,31248,1416,7,370,1030,12509.184000000003,99,False,False
216,78,-86.97564864533177,-55.43070520426312,1.0,CLIENT,7,2,100000,14,8,0,31226,31226,1416,11,371,1040,8339.456,99,False,False
216,79,-71.05387722433613,-15.244185204479379,1.0,CLIENT,7,2,100000,14,20,0,31241,31241,1402,13,368,1024,20848.640000000007,99,False,False
216,80,209.67626165537297,-193.69014520401208,1.0,CLIENT,7,2,100000,9,12,0,31249,31249,1411,12,370,1035,12509.184000000003,99,False,False
216,81,-246.51021402422467,192.81289479543517,1.0,CLIENT,7,2,100000,15,16,0,31259,31259,1406,13,369,1022,16678.912000000004,99,False,False
216,82,220.6868399012879,-451.06198520439307,1.0,CLIENT,7,2,100000,11,12,0,31221,31279,1411,10,370,1028,12509.184000000003,99,False,False
216,83,107.01648174868667,-495.0333852041126,1.0,CLIENT,7,2,100000,15,16,0,31188,31243,1407,8,369,1025,16678.912000000004,99,False,False
216,84,-131.17638721599255,-392.6189852040349,1.0,CLIENT,7,2,100000,11,16,0,31253,31274,1410,7,369,1026,16678.912000000004,99,False,False
216,85,18.298153435051624,491.81841479590105,1.0,CLIENT,7,2,100000,12,13,0,31222,31260,1414,6,369,1028,13551.616000000004,99,False,False
216,86,288.25535244765877,-313.025185204082,1.0,CLIENT,7,2,100000,13,13,0,31243,31258,1410,12,369,1029,13551.616000000004,99,False,False
216,87,371.27035965627357,-142.59426520408766,1.0,CLIENT,7,2,100000,15,20,0,31249,31253,1405,10,368,1031,20848.640000000007,99,False,False
216,88,-242.78721274714886,-220.96354520475927,1.0,CLIENT,7,2,100000,10,12,0,31273,31273,1416,7,370,1029,12509.184000000003,99,False,False
216,89,332.13923984600603,-424.0112252046657,1.0,CLIENT,7,2,100000,11,6,0,31186,31300,1410,10,371,1017,6254.592,99,False,False
216,90,-335.2285423384226,-31.830865204523775,1.0,CLIENT,7,2,100000,15,18,0,31249,31249,1410,7,368,1039,18763.776000000005,99,False,False
216,91,-494.2878309591266,184.01861479549126,1.0,CLIENT,7,2,100000,13,21,0,31213,31284,1400,9,368,1010,21891.072000000007,99,False,False
216,92,314.7124253558177,-396.0699052040229,1.0,CLIENT,7,2,100000,10,12,0,31181,31253,1407,11,369,1021,12509.184000000003,99,False,False
216,93,326.435918740423,61.900574795328964,1.0,CLIENT,7,2,100000,16,7,0,31220,31223,1421,7,371,1042,7297.023999999999,99,False,False
216,94,256.80787357204434,-265.04626520419777,1.0,CLIENT,7,2,100000,13,18,0,31224,31229,1402,14,368,1023,18763.776000000005,99,False,False
216,95,-253.56015261368796,-207.49382520475507,1.0,CLIENT,7,2,100000,11,8,0,31252,31257,1420,7,371,1035,8339.456,99,False,False
216,96,-389.0932416722437,-400.8566652045931,1.0,CLIENT,7,2,100000,16,16,0,30965,31239,1390,4,369,998,16678.912000000004,99,False,False
216,97,324.8516628777298,128.24729479550655,1.0,CLIENT,7,2,100000,13,12,0,31256,31257,1415,8,370,1034,12509.184000000003,99,False,False
216,98,109.94735509526014,-482.8995052046906,1.0,CLIENT,7,2,100000,14,17,0,31215,31257,1406,9,368,1021,17721.344000000005,99,False,False
216,99,-297.99852956372456,12.029214795476832,1.0,CLIENT,7,2,100000,14,17,0,31243,31243,1410,8,368,1029,17721.344000000005,99,False,False

217,0,492.1490819842135,-128.0113452045211,1.0,CLIENT,7,2,100000,13,20,0,31091,31107,1393,4,361,1018,20848.640000000007,99,False,False
217,1,25.58573040332791,-345.19666520432736,1.0,CLIENT,7,2,100000,14,12,0,31073,31073,1402,4,362,1031,12509.184000000003,99,False,False
217,2,272.25436823428834,-273.8405452041417,1.0,CLIENT,7,2,100000,11,4,0,31083,31083,1409,5,365,1043,4169.728,99,False,False
217,3,-292.8496980098309,-374.25118520453253,1.0,CLIENT,7,2,100000,12,17,0,31023,31077,1395,2,361,1011,17721.344000000005,99,False,False
217,4,-241.04453129801746,133.1453747957957,1.0,CLIENT,7,2,100000,15,24,0,31057,31057,1390,4,360,1023,25018.36800000001,99,False,False
217,5,94.18400926070267,-326.38358520436725,1.0,CLIENT,7,2,100000,9,10,0,31090,31090,1404,4,363,1024,10424.320000000002,99,False,False
217,6,19.32791974549266,-177.10346520475866,1.0,CLIENT,7,2,100000,13,5,0,31057,31057,1410,3,364,1038,5212.16,99,False,False
217,7,-191.37811000058662,114.3322947958356,1.0,CLIENT,7,2,100000,17,20,0,31052,31052,1394,4,361,1028,20848.640000000007,99,False,False
217,8,150.26666680184408,91.51169479571081,1.0,CLIENT,7,2,100000,10,4,0,31064,31064,1410,4,365,1037,4169.728,99,False,False
217,9,-178.86248868491612,264.2803347953398,1.0,CLIENT,7,2,100000,15,12,0,31052,31052,1401,5,363,1026,12509.184000000003,99,False,False
217,10,277.79926375399606,-174.76574520433303,1.0,CLIENT,7,2,100000,12,16,0,31072,31072,1398,4,362,1029,16678.912000000004,99,False,False
217,11,418.8772483316967,109.54553479526538,1.0,CLIENT,7,2,100000,14,11,0,31065,31073,1403,3,363,1029,11466.752000000002,99,False,False
217,12,-86.57958467951775,254.37285479583352,1.0,CLIENT,7,2,100000,15,19,0,31067,31067,1394,5,361,1018,19806.208000000006,99,False,False
217,13,42.22041696245108,-89.71726520470526,1.0,CLIENT,7,2,100000,16,8,0,31035,31035,1406,4,364,1038,8339.456,99,False,False
217,14,400.8167314963184,-365.0116252041309,1.0,CLIENT,7,2,100000,14,14,0,31065,31104,1396,5,362,1008,14594.048000000004,99,False,False
217,15,391.1527707337209,433.59805479577176,1.0,CLIENT,7,2,100000,9,14,0,30888,31115,1381,3,361,1005,14594.048000000004,99,False,False
217,16,-34.140715622514485,-57.10050520400216,1.0,CLIENT,7,2,100000,15,19,0,31062,31062,1396,3,361,1029,19806.208000000006,99,False,False
217,17,-127.05732197310272,79.48913479600776,1.0,CLIENT,7,2,100000,13,8,0,31055,31055,1406,4,364,1035,8339.456,99,False,False
217,18,244.37146504987436,157.41313479543066,1.0,CLIENT,7,2,100000,15,20,0,31065,31065,1395,3,361,1024,20848.640000000007,99,False,False
217,19,-262.66962382459616,-396.7378252047095,1.0,CLIENT,7,2,100000,13,13,0,31036,31085,1400,4,362,1019,13551.616000000004,99,False,False
217,20,-98.61992923643658,322.8346547954169,1.0,CLIENT,7,2,100000,10,8,0,31081,31081,1405,5,364,1028,8339.456,99,False,False
217,21,-5.9409612652241846,240.5691747958815,1.0,CLIENT,7,2,100000,16,16,0,31058,31058,1397,5,362,1033,16678.912000000004,99,False,False
217,22,-188.13038548169965,-53.204305204347406,1.0,CLIENT,7,2,100000,9,8,0,31078,31078,1406,4,364,1029,8339.456,99,False,False
217,23,43.883885618081976,396.0832147955705,1.0,CLIENT,7,2,100000,14,4,0,31076,31080,1411,3,365,1040,4169.728,99,False,False
217,24,-27.566053791802887,-274.73110520426616,1.0,CLIENT,7,2,100000,10,12,0,31081,31081,1402,4,363,1031,12509.184000000003,99,False,False
217,25,-49.90406145650911,-350.54002520428327,1.0,CLIENT,7,2,100000,11,8,0,31084,31084,1405,5,364,1027,8339.456,99,False,False
217,26,-202.86396500581608,105.53801479589168,1.0,CLIENT,7,2,100000,12,12,0,31049,31049,1402,4,363,1024,12509.184000000003,99,False,False
217,27,-127.92866269710558,206.28261479543937,1.0,CLIENT,7,2,100000,12,8,0,31070,31070,1405,5,364,1036,8339.456,99,False,False
217,28,-198.74489976236342,473.2279747953788,1.0,CLIENT,7,2,100000,17,30,0,31054,31080,1381,5,358,999,31272.960000000014,99,False,False
217,29,344.49643557580123,157.8584147958884,1.0,CLIENT,7,2,100000,12,12,0,31065,31069,1403,3,363,1034,12509.184000000003,99,False,False
217,30,159.37613801275228,385.06253479571086,1.0,CLIENT,7,2,100000,10,24,0,31084,31096,1390,3,360,1013,25018.36800000001,99,False,False
217,31,-56.716361666596555,-73.68718520404656,1.0,CLIENT,7,2,100000,15,21,0,31058,31059,1393,3,360,1028,21891.072000000007,99,False,False
217,32,-232.96482639811313,-28.491265204254717,1.0,CLIENT,7,2,100000,12,14,0,31077,31077,1400,4,362,1019,14594.048000000004,99,False,False
217,33,-57.191638425348245,-172.09406520475056,1.0,CLIENT,7,2,100000,11,8,0,31066,31066,1406,4,364,1027,8339.456,99,False,False
217,34,140.99877000506055,-202.2617852045181,1.0,CLIENT,7,2,100000,12,12,0,31076,31076,1403,3,363,1033,12509.184000000003,99,False,False
217,35,-294.19631549314823,-240.66718520405288,1.0,CLIENT,7,2,100000,9,11,0,31081,31088,1403,4,363,1030,11466.752000000002,99,False,False
217,36,-257.36236668426426,-137.58486520407956,1.0,CLIENT,7,2,100000,8,4,0,31087,31087,1409,5,365,1042,4169.728,99,False,False
217,37,427.74908116322905,90.95509479553414,1.0,CLIENT,7,2,100000,14,18,0,31091,31095,1396,3,362,1026,18763.776000000005,99,False,False
217,38,-234.7075078466817,482.46753479578047,1.0,CLIENT,7,2,100000,14,20,0,31026,31092,1389,5,361,1003,20848.640000000007,99,False,False
217,39,-235.18278460599623,-336.2910652046645,1.0,CLIENT,7,2,100000,17,20,0,31045,31054,1393,4,361,1023,20848.640000000007,99,False,False
217,40,-417.76827278828574,28.838534795750093,1.0,CLIENT,7,2,100000,12,14,0,31066,31071,1398,5,362,1026,14594.048000000004,99,False,False
217,41,-494.6838949249406,-366.570105204151,1.0,CLIENT,7,2,100000,12,23,0,30660,31093,1359,3,360,984,23975.93600000001,99,False,False
217,42,214.82509320926667,415.5642147954262,1.0,CLIENT,7,2,100000,17,20,0,31043,31062,1392,4,361,1021,20848.640000000007,99,False,False
217,43,69.62804338811335,-251.35390520475568,1.0,CLIENT,7,2,100000,15,16,0,31062,31062,1398,4,362,1028,16678.912000000004,99,False,False
217,44,-44.200740350926054,98.41353479568681,1.0,CLIENT,7,2,100000,14,8,0,31041,31041,1405,5,364,1038,8339.456,99,False,False
217,45,-369.0524050083583,-255.4727452046393,1.0,CLIENT,7,2,100000,17,31,0,31023,31064,1382,3,358,1020,32315.392000000014,99,False,False
217,46,-384.41968687710164,-288.20082520427036,1.0,CLIENT,7,2,100000,12,14,0,31004,31073,1396,4,363,1011,14594.048000000004,99,False,False
217,47,172.12939770836147,-328.3873452040541,1.0,CLIENT,7,2,100000,15,20,0,31065,31066,1395,3,361,1018,20848.640000000007,99,False,False
217,48,-237.55916839975464,-361.6720252046528,1.0,CLIENT,7,2,100000,11,16,0,31060,31083,1396,4,362,1018,16678.912000000004,99,False,False
217,49,419.66937626332475,408.4397347960123,1.0,CLIENT,7,2,100000,16,26,0,30850,31073,1376,3,359,1013,27103.23200000001,99,False,False
217,50,254.35227698478542,-156.39794520403967,1.0,CLIENT,7,2,100000,12,16,0,31071,31071,1398,4,362,1027,16678.912000000004,99,False,False
217,51,-350.51661141422835,-483.4561052040763,1.0,CLIENT,7,2,100000,11,27,0,30765,31095,1368,4,360,981,28145.66400000001,99,False,False
217,52,486.0496969128164,325.2836947955615,1.0,CLIENT,7,2,100000,8,15,0,30920,31112,1378,4,363,995,15636.480000000005,99,False,False
217,53,203.10159982466138,221.4221347959736,1.0,CLIENT,7,2,100000,11,9,0,31079,31079,1405,4,363,1027,9381.888,99,False,False
217,54,178.62484674557254,-275.06506520421397,1.0,CLIENT,7,2,100000,10,10,0,31078,31078,1405,3,363,1037,10424.320000000002,99,False,False
217,55,-102.02607934119887,291.8876947952438,1.0,CLIENT,7,2,100000,10,12,0,31086,31086,1401,5,363,1032,12509.184000000003,99,False,False
217,56,-245.48044771378363,-55.208065204034256,1.0,CLIENT,7,2,100000,10,0,0,31059,31059,1414,4,366,1046,0,99,False,False
217,57,324.05953494610173,409.3302947953458,1.0,CLIENT,7,2,100000,11,18,0,31070,31134,1392,3,361,1022,18763.776000000005,99,False,False
217,58,274.7891776144849,-252.0218252046513,1.0,CLIENT,7,2,100000,11,12,0,31083,31084,1401,5,363,1025,12509.184000000003,99,False,False
217,59,-374.3596621486901,-58.88162520425112,1.0,CLIENT,7,2,100000,10,8,0,31093,31093,1405,5,364,1031,8339.456,99,False,False
217,60,103.68954443742489,-99.62474520421154,1.0,CLIENT,7,2,100000,13,12,0,31065,31065,1402,4,363,1039,12509.184000000003,99,False,False
217,61,-271.69988224200387,218.52781479537128,1.0,CLIENT,7,2,100000,14,16,0,31077,31077,1398,4,362,1027,16678.912000000004,99,False,False
217,62,-374.99336449388005,313.7064147955252,1.0,CLIENT,7,2,100000,10,8,0,31062,31093,1403,5,364,1017,8339.456,99,False,False
217,63,91.17392312119154,317.8252547954088,1.0,CLIENT,7,2,100000,14,8,0,31047,31047,1407,3,364,1028,8339.456,99,False,False
217,64,277.3239869946815,-447.3884252041762,1.0,CLIENT,7,2,100000,10,20,0,31109,31128,1392,5,361,1013,20848.640000000007,99,False,False
217,65,-216.1717142525518,-230.4257452045988,1.0,CLIENT,7,2,100000,15,12,0,31059,31061,1401,5,363,1029,12509.184000000003,99,False,False
217,66,-356.37835810624955,-10.902705204366896,1.0,CLIENT,7,2,100000,14,20,0,31065,31065,1393,5,361,1018,20848.640000000007,99,False,False
217,67,-431.0760220350214,-337.62690520445574,1.0,CLIENT,7,2,100000,12,12,0,30894,31104,1389,4,362,1010,12509.184000000003,99,False,False
217,68,337.20885860696205,-482.00894520456615,1.0,CLIENT,7,2,100000,10,17,0,31034,31122,1391,6,363,999,17721.344000000005,99,False,False
217,69,25.031240851638557,87.50417479554613,1.0,CLIENT,7,2,100000,11,14,0,31063,31063,1400,4,362,1027,14594.048000000004,99,False,False
217,70,301.3254633155815,-76.58150520464886,1.0,CLIENT,7,2,100000,11,14,0,31084,31084,1401,3,362,1036,14594.048000000004,99,False,False
217,71,-214.5082455969209,192.0336547958206,1.0,CLIENT,7,2,100000,8,12,0,31070,31070,1402,4,363,1029,12509.184000000003,99,False,False
217,72,-115.72989255431142,-124.8943852044809,1.0,CLIENT,7,2,100000,9,8,0,31069,31069,1407,3,364,1038,8339.456,99,False,False
217,73,20.436898849434204,78.04197479570661,1.0,CLIENT,7,2,100000,17,12,0,31039,31039,1401,5,363,1033,12509.184000000003,99,False,False
217,74,58.30061396932206,65.12885479587908,1.0,CLIENT,7,2,100000,12,8,0,31057,31057,1405,5,364,1035,8339.456,99,False,False
217,75,-463.3156288422639,212.40521479580082,1.0,CLIENT,7,2,100000,12,20,0,31066,31099,1391,5,361,1020,20848.640000000007,99,False,False
217,76,486.4457608780675,397.53037479587164,1.0,CLIENT,7,2,100000,14,16,0,30708,31067,1380,1,362,1011,16678.912000000004,99,False,False
217,77,75.41057728719692,-215.0635852046267,1.0,CLIENT,7,2,100000,13,12,0,31061,31061,1403,3,363,1038,12509.184000000003,99,False,False
217,78,140.44428045280836,412.447254795386,1.0,CLIENT,7,2,100000,14,13,0,31070,31078,1402,3,363,1015,13551.616000000004,99,False,False
217,79,408.5003724309716,77.37405479581099,1.0,CLIENT,7,2,100000,14,29,0,31085,31090,1386,2,359,1015,30230.528000000013,99,False,False
217,80,171.25805698379577,45.98181479597116,1.0,CLIENT,7,2,100000,9,12,0,31087,31087,1403,3,363,1033,12509.184000000003,99,False,False
217,81,-435.9080024166016,8.133014795822078,1.0,CLIENT,7,2,100000,15,17,0,31060,31063,1396,5,362,1019,17721.344000000005,99,False,False
217,82,-5.228046127096658,-237.3275852045748,1.0,CLIENT,7,2,100000,11,12,0,31065,31065,1402,4,363,1035,12509.184000000003,99,False,False
217,83,-102.10529213469938,-159.18094520413206,1.0,CLIENT,7,2,100000,15,14,0,31060,31060,1400,4,362,1027,14594.048000000004,99,False,False
217,84,261.7982795400627,344.98733479564606,1.0,CLIENT,7,2,100000,11,4,0,31051,31060,1411,3,365,1039,4169.728,99,False,False
217,85,-250.86691764705319,-297.6630252041099,1.0,CLIENT,7,2,100000,12,12,0,31064,31073,1402,4,363,1031,12509.184000000003,99,False,False
217,86,232.8856100446449,281.42361479556087,1.0,CLIENT,7,2,100000,13,16,0,31080,31084,1398,3,362,1027,16678.912000000004,99,False,False
217,87,369.9237421729563,32.6234147956859,1.0,CLIENT,7,2,100000,15,21,0,31087,31087,1394,3,360,1019,21891.072000000007,99,False,False
217,88,260.37244926324485,-381.3756652047374,1.0,CLIENT,7,2,100000,10,16,0,31098,31105,1397,5,362,1017,16678.912000000004,99,False,False
217,89,-185.12029934275137,413.89441479568717,1.0,CLIENT,7,2,100000,10,8,0,31096,31101,1406,4,364,1033,8339.456,99,False,False
217,90,-291.18622935419995,-26.710145204005755,1.0,CLIENT,7,2,100000,15,13,0,31058,31058,1401,4,362,1031,13551.616000000004,99,False,False
217,91,-158.26716246934132,319.60637479565776,1.0,CLIENT,7,2,100000,13,13,0,31076,31077,1400,5,362,1025,13551.616000000004,99,False,False
217,92,50.53776024173125,103.0889747957471,1.0,CLIENT,7,2,100000,10,12,0,31065,31065,1401,5,363,1023,12509.184000000003,99,False,False
217,93,-29.54637362031013,147.28301479569552,1.0,CLIENT,7,2,100000,16,8,0,31054,31054,1405,5,364,1034,8339.456,99,False,False
217,94,409.2132875690992,-134.9131852044971,1.0,CLIENT,7,2,100000,13,21,0,31069,31072,1393,3,360,1017,21891.072000000007,99,False,False
217,95,-8.396557852483117,45.42521479579449,1.0,CLIENT,7,2,100000,12,8,0,31077,31077,1407,3,364,1038,8339.456,99,False,False
217,96,276.5318590636163,306.6932547958302,1.0,CLIENT,7,2,100000,16,12,0,31053,31060,1401,3,363,1032,12509.184000000003,99,False,False
217,97,470.84084062994833,85.94569479552604,1.0,CLIENT,7,2,100000,13,15,0,31073,31092,1399,3,362,1014,15636.480000000005,99,False,False
217,98,480.7424397724845,107.7644147958074,1.0,CLIENT,7,2,100000,14,22,0,31055,31081,1392,3,361,1015,22933.504000000008,99,False,False
217,99,-164.68339871305187,375.04373479569466,1.0,CLIENT,7,2,100000,14,24,0,31080,31082,1390,4,360,1003,25018.36800000001,99,False,False

218,0,115.96752737371953,-261.3727052047719,1.0,CLIENT,7,2,100000,13,15,0,30639,30639,1404,11,365,1025,15636.480000000005,99,False,False
218,1,449.92866324205994,-241.22378520422956,1.0,CLIENT,7,2,100000,14,16,0,30542,30630,1402,8,365,1027,16678.912000000004,99,False,False
218,2,252.8472339155927,375.8229747953092,1.0,CLIENT,7,2,100000,10,4,0,30610,30618,1414,12,368,1038,4169.728,99,False,False
218,3,54.49839989874574,342.6496147960114,1.0,CLIENT,7,2,100000,12,16,0,30622,30622,1406,8,365,1037,16678.912000000004,99,False,False
218,4,-215.77565028673777,45.98181479597116,1.0,CLIENT,7,2,100000,15,24,0,30612,30612,1398,8,363,1027,25018.36800000001,99,False,False
218,5,118.97761351266783,-444.71674520459374,1.0,CLIENT,7,2,100000,9,12,0,30648,30672,1403,9,366,1023,12509.184000000003,99,False,False
218,6,112.79901564777025,-307.6818252041261,1.0,CLIENT,7,2,100000,13,9,0,30626,30626,1410,11,366,1037,9381.888,99,False,False
218,7,-63.68708746255933,-391.2831452042437,1.0,CLIENT,7,2,100000,17,26,0,30610,30617,1396,8,363,1026,27103.23200000001,99,False,False
218,8,310.67257290586554,-435.4771852041921,1.0,CLIENT,7,2,100000,10,13,0,30485,30633,1401,7,366,1032,13551.616000000004,99,False,False
218,9,375.07257372684995,276.5255347952717,1.0,CLIENT,7,2,100000,15,18,0,30600,30618,1401,12,364,1033,18763.776000000005,99,False,False
218,10,294.11709914024283,27.725334795396748,1.0,CLIENT,7,2,100000,12,16,0,30631,30631,1403,11,365,1027,16678.912000000004,99,False,False
218,11,-28.199756136992747,443.50553479527804,1.0,CLIENT,7,2,100000,14,12,0,30616,30637,1408,7,366,1029,12509.184000000003,99,False,False
218,12,-146.78130746411185,-386.49638520446445,1.0,CLIENT,7,2,100000,15,19,0,30602,30616,1400,10,364,1023,19806.208000000006,99,False,False
218,13,229.0041831811309,193.03553479566403,1.0,CLIENT,7,2,100000,15,12,0,30602,30602,1406,12,366,1037,12509.184000000003,99,False,False
218,14,258.62976781467626,-151.27722520431263,1.0,CLIENT,7,2,100000,14,10,0,30593,30593,1411,9,366,1041,10424.320000000002,99,False,False
218,15,32.95252016510471,-60.88538520472895,1.0,CLIENT,7,2,100000,9,8,0,30640,30640,1408,14,367,1024,8339.456,99,False,False
218,16,237.7175904262251,130.13973479547445,1.0,CLIENT,7,2,100000,15,13,0,30591,30591,1405,12,365,1036,13551.616000000004,99,False,False
218,17,308.5338274909201,289.88393479555697,1.0,CLIENT,7,2,100000,12,8,0,30614,30618,1412,10,367,1040,8339.456,99,False,False
218,18,404.06445601520545,375.4890147953614,1.0,CLIENT,7,2,100000,15,22,0,30558,30615,1391,12,364,1012,22933.504000000008,99,False,False
218,19,-47.844528835064196,447.40173479572377,1.0,CLIENT,7,2,100000,13,12,0,30604,30632,1408,9,366,1032,12509.184000000003,99,False,False
218,20,-16.238624373011596,-259.03498520434624,1.0,CLIENT,7,2,100000,9,8,0,30639,30639,1414,8,367,1040,8339.456,99,False,False
218,21,-116.1259565195626,-51.97978520427512,1.0,CLIENT,7,2,100000,15,12,0,30600,30600,1409,9,366,1040,12509.184000000003,99,False,False
218,22,-19.090284926084546,-130.46038520466567,1.0,CLIENT,7,2,100000,9,12,0,30635,30635,1405,13,366,1035,12509.184000000003,99,False,False
218,23,189.6354249914875,117.89453479554254,1.0,CLIENT,7,2,100000,14,4,0,30621,30621,1414,12,368,1041,4169.728,99,False,False
218,24,-217.8351829087455,445.6206147954748,1.0,CLIENT,7,2,100000,10,12,0,30528,30660,1401,9,366,1027,12509.184000000003,99,False,False
218,25,289.5227571380385,-496.5918652041327,1.0,CLIENT,7,2,100000,11,11,0,30427,30638,1397,9,366,1030,11466.752000000002,99,False,False
218,26,488.82214467238884,-480.561785204265,1.0,CLIENT,7,2,100000,12,29,0,29878,30594,1356,7,362,982,30230.528000000013,99,False,False
218,27,164.44575677370833,-41.07042520413444,1.0,CLIENT,7,2,100000,11,8,0,30632,30632,1412,10,367,1042,8339.456,99,False,False
218,28,0.6337005649245758,-295.10266520424636,1.0,CLIENT,7,2,100000,17,14,0,30569,30569,1408,8,365,1040,14594.048000000004,99,False,False
218,29,39.21033082293996,-277.18014520441074,1.0,CLIENT,7,2,100000,12,12,0,30618,30618,1410,8,366,1035,12509.184000000003,99,False,False
218,30,223.38007486792267,406.54729479525344,1.0,CLIENT,7,2,100000,10,24,0,30639,30651,1396,10,363,1030,25018.36800000001,99,False,False
218,31,416.10480057212425,381.27765479577505,1.0,CLIENT,7,2,100000,15,25,0,30529,30621,1385,10,362,1014,26060.80000000001,99,False,False
218,32,-418.24354954703733,480.90905479576037,1.0,CLIENT,7,2,100000,12,25,0,29848,30581,1341,6,360,968,26060.80000000001,99,False,False
218,33,298.0777387972573,-340.52122520426707,1.0,CLIENT,7,2,100000,11,16,0,30608,30646,1403,10,365,1032,16678.912000000004,99,False,False
218,34,-344.7340775151448,-315.47422520422657,1.0,CLIENT,7,2,100000,11,12,0,30593,30652,1400,12,366,1034,12509.184000000003,99,False,False
218,35,-385.2118148087297,-90.49650520431982,1.0,CLIENT,7,2,100000,9,11,0,30627,30634,1410,8,366,1037,11466.752000000002,99,False,False
218,36,176.32767574418895,173.33189479557944,1.0,CLIENT,7,2,100000,8,4,0,30626,30626,1415,11,368,1042,4169.728,99,False,False
218,37,322.55449187634616,217.74857479575672,1.0,CLIENT,7,2,100000,14,12,0,30624,30626,1407,11,366,1038,12509.184000000003,99,False,False
218,38,112.32373888901856,27.614014795677804,1.0,CLIENT,7,2,100000,14,12,0,30601,30601,1405,13,366,1035,12509.184000000003,99,False,False
218,39,205.6364092054208,-76.35886520442,1.0,CLIENT,7,2,100000,16,20,0,30600,30600,1399,11,364,1028,20848.640000000007,99,False,False
218,40,-79.1335821248033,-418.5565452041999,1.0,CLIENT,7,2,100000,12,15,0,30615,30625,1405,9,365,1029,15636.480000000005,99,False,False
218,41,-157.3958217447756,265.616174795922,1.0,CLIENT,7,2,100000,12,14,0,30622,30622,1406,10,365,1036,14594.048000000004,99,False,False
218,42,-305.04846815318786,53.55157479584278,1.0,CLIENT,7,2,100000,17,20,0,30608,30610,1402,8,364,1026,20848.640000000007,99,False,False
218,43,-271.9375206213797,383.83801479563857,1.0,CLIENT,7,2,100000,15,19,0,30511,30613,1394,8,364,1029,19806.208000000006,99,False,False
218,44,279.70037078900276,286.65565479579783,1.0,CLIENT,7,2,100000,14,16,0,30624,30626,1403,11,365,1024,16678.912000000004,99,False,False
218,45,291.0278002077941,75.25897479561422,1.0,CLIENT,7,2,100000,17,20,0,30585,30585,1398,12,364,1031,20848.640000000007,99,False,False
218,46,-68.83591901645303,-195.0259852045943,1.0,CLIENT,7,2,100000,12,8,0,30617,30617,1411,11,367,1033,8339.456,99,False,False
218,47,62.02361524696071,-22.257345204174328,1.0,CLIENT,7,2,100000,15,16,0,30605,30605,1401,13,365,1023,16678.912000000004,99,False,False
218,48,-190.1107053102069,182.46013479547116,1.0,CLIENT,7,2,100000,11,16,0,30637,30639,1404,10,365,1029,16678.912000000004,99,False,False
218,49,-48.953507939005746,422.1320947954544,1.0,CLIENT,7,2,100000,16,19,0,30596,30620,1403,8,363,1034,19806.208000000006,99,False,False
218,50,360.02214303042,198.267574795901,1.0,CLIENT,7,2,100000,12,20,0,30625,30633,1397,12,364,1028,20848.640000000007,99,False,False
218,51,-341.1695018239443,-319.3704252046723,1.0,CLIENT,7,2,100000,11,20,0,30566,30652,1388,12,364,1022,20848.640000000007,99,False,False
218,52,-2.7724495398377256,-170.75822520416835,1.0,CLIENT,7,2,100000,8,6,0,30633,30633,1413,11,367,1038,6254.592,99,False,False
218,53,317.08880915013896,488.70145479586085,1.0,CLIENT,7,2,100000,11,13,0,30513,30633,1396,10,366,1019,13551.616000000004,99,False,False
218,54,472.97958604489367,454.4148947954187,1.0,CLIENT,7,2,100000,10,17,0,30326,30655,1385,9,365,998,17721.344000000005,99,False,False
218,55,-416.50086809790594,110.99269479556654,1.0,CLIENT,7,2,100000,10,16,0,30624,30657,1403,7,365,1026,16678.912000000004,99,False,False
218,56,209.12177210312078,16.14805479536045,1.0,CLIENT,7,2,100000,10,4,0,30624,30624,1413,13,368,1042,4169.728,99,False,False
218,57,183.1399759542764,79.48913479600776,1.0,CLIENT,7,2,100000,10,13,0,30640,30640,1406,11,365,1033,13551.616000000004,99,False,False
218,58,455.0774947959536,-496.70318520464264,1.0,CLIENT,7,2,100000,11,20,0,29951,30617,1368,8,364,997,20848.640000000007,99,False,False
218,59,16.47625919241971,-422.6753852040835,1.0,CLIENT,7,2,100000,10,11,0,30670,30677,1410,9,366,1038,11466.752000000002,99,False,False
218,60,-79.92571005586849,-127.45474520434442,1.0,CLIENT,7,2,100000,13,12,0,30608,30608,1406,12,366,1035,12509.184000000003,99,False,False
218,61,26.694709507269454,-325.49302520424277,1.0,CLIENT,7,2,100000,14,12,0,30615,30615,1410,8,366,1035,12509.184000000003,99,False,False
218,62,290.7109490349177,42.75353479542105,1.0,CLIENT,7,2,100000,9,8,0,30644,30644,1411,11,367,1040,8339.456,99,False,False
218,63,400.7375187033808,-199.92406520409247,1.0,CLIENT,7,2,100000,14,11,0,30592,30610,1409,9,366,1037,11466.752000000002,99,False,False
218,64,289.5227571380385,-416.9980652041798,1.0,CLIENT,7,2,100000,10,12,0,30578,30640,1404,9,366,1035,12509.184000000003,99,False,False
218,65,258.23370384886226,54.77609479591507,1.0,CLIENT,7,2,100000,14,16,0,30619,30619,1402,12,365,1033,16678.912000000004,99,False,False
218,66,-374.5180877351283,-359.55694520445604,1.0,CLIENT,7,2,100000,15,29,0,30482,30640,1374,12,363,998,30230.528000000013,99,False,False
218,67,323.980322153164,444.6187347956314,1.0,CLIENT,7,2,100000,12,10,0,30586,30665,1403,11,365,1026,10424.320000000002,99,False,False
218,68,-207.22066862808177,205.61469479554376,1.0,CLIENT,7,2,100000,10,7,0,30631,30635,1413,10,367,1034,7297.023999999999,99,False,False
218,69,462.84034852354444,374.487134795518,1.0,CLIENT,7,2,100000,11,21,0,30493,30645,1379,10,364,1011,21891.072000000007,99,False,False
218,70,132.12693717352818,-11.12534520459576,1.0,CLIENT,7,2,100000,11,8,0,30615,30615,1411,11,367,1041,8339.456,99,False,False
218,71,136.8004919686702,-85.59842520403066,1.0,CLIENT,7,2,100000,8,12,0,30614,30614,1403,15,366,1029,12509.184000000003,99,False,False
218,72,383.4691297996306,-409.98490520448485,1.0,CLIENT,7,2,100000,9,5,0,30455,30642,1404,8,367,1030,5212.16,99,False,False
218,73,208.09200579267974,-249.35014520427785,1.0,CLIENT,7,2,100000,16,14,0,30590,30591,1405,11,365,1039,14594.048000000004,99,False,False
218,74,7.842064740826037,-499.9314652044018,1.0,CLIENT,7,2,100000,12,18,0,30594,30631,1400,9,364,1033,18763.776000000005,99,False,False
218,75,-93.55031047548053,-258.47838520416957,1.0,CLIENT,7,2,100000,12,17,0,30626,30626,1401,12,365,1027,17721.344000000005,99,False,False
218,76,281.52226503107187,309.8102147958704,1.0,CLIENT,7,2,100000,14,9,0,30607,30612,1409,11,366,1029,9381.888,99,False,False
218,77,-304.17712742862216,479.6845347956881,1.0,CLIENT,7,2,100000,13,20,0,30242,30625,1375,6,363,1007,20848.640000000007,99,False,False
218,78,-428.0659358960731,-152.72438520461378,1.0,CLIENT,7,2,100000,14,12,0,30597,30633,1405,12,366,1030,12509.184000000003,99,False,False
218,79,260.76851322905884,101.53049479572701,1.0,CLIENT,7,2,100000,14,25,0,30620,30620,1392,13,363,1017,26060.80000000001,99,False,False
218,80,90.69864636243986,-45.96850520442359,1.0,CLIENT,7,2,100000,9,12,0,30622,30622,1404,14,366,1031,12509.184000000003,99,False,False
218,81,-373.0130446653728,-304.5648652040859,1.0,CLIENT,7,2,100000,15,20,0,30556,30649,1395,12,364,1020,20848.640000000007,99,False,False
218,82,-386.95449625729833,337.41757479577444,1.0,CLIENT,7,2,100000,11,12,0,30463,30650,1396,7,365,1024,12509.184000000003,99,False,False
218,83,230.6676518367618,-137.69618520458948,1.0,CLIENT,7,2,100000,15,12,0,30605,30605,1410,8,366,1040,12509.184000000003,99,False,False
218,84,-39.36875996934586,179.56581479565983,1.0,CLIENT,7,2,100000,11,11,0,30630,30630,1410,9,366,1035,11466.752000000002,99,False,False
218,85,422.9963135751493,-270.8349052046114,1.0,CLIENT,7,2,100000,12,12,0,30534,30616,1406,8,366,1033,12509.184000000003,99,False,False
218,86,-465.69201263658516,121.2341347958116,1.0,CLIENT,7,2,100000,13,19,0,30561,30640,1394,7,364,1019,19806.208000000006,99,False,False
218,87,492.465933156527,-223.18994520467498,1.0,CLIENT,7,2,100000,15,16,0,30497,30605,1400,7,365,1030,16678.912000000004,99,False,False
218,88,380.3798308671818,-23.259225204017753,1.0,CLIENT,7,2,100000,10,12,0,30642,30642,1408,10,366,1029,12509.184000000003,99,False,False
218,89,185.91242371384885,-277.2914652041297,1.0,CLIENT,7,2,100000,10,5,0,30623,30626,1415,10,367,1034,5212.16,99,False,False
218,90,-490.72325526792616,-322.93266520437925,1.0,CLIENT,7,2,100000,15,28,0,30235,30651,1366,10,361,986,29188.096000000012,99,False,False
218,91,279.70037078900276,-18.249825204009653,1.0,CLIENT,7,2,100000,13,13,0,30616,30616,1407,10,365,1038,13551.616000000004,99,False,False
218,92,-125.39385331690897,339.97793479563796,1.0,CLIENT,7,2,100000,10,16,0,30629,30639,1401,10,365,1031,16678.912000000004,99,False,False
218,93,248.56974308570184,83.05137479571471,1.0,CLIENT,7,2,100000,16,8,0,30609,30609,1411,11,367,1042,8339.456,99,False,False
218,94,195.41795889057107,-201.14858520416476,1.0,CLIENT,7,2,100000,13,15,0,30596,30596,1404,11,365,1038,15636.480000000005,99,False,False
218,95,-460.4639682891909,374.1531747955702,1.0,CLIENT,7,2,100000,12,8,0,30132,30637,1378,4,365,1005,8339.456,99,False,False
218,96,67.72693635254377,-3.2216252039853543,1.0,CLIENT,7,2,100000,15,11,0,30607,30607,1404,15,366,1035,11466.752000000002,99,False,False
218,97,-191.4573227935243,459.6469347956557,1.0,CLIENT,7,2,100000,13,16,0,30537,30648,1396,10,365,1016,16678.912000000004,99,False,False
218,98,169.04009877591267,142.38493479540637,1.0,CLIENT,7,2,100000,13,13,0,30605,30605,1405,12,365,1035,13551.616000000004,99,False,False
218,99,256.01574564097916,388.84741479564667,1.0,CLIENT,7,2,100000,14,23,0,30611,30625,1397,10,363,1021,23975.93600000001,99,False,False

219,0,380.6966820394954,-54.65146520464856,1.0,CLIENT,7,2,100000,13,8,0,30998,31000,1421,8,373,1035,8339.456,99,False,False
219,1,-478.60369791750685,165.0942147958122,1.0,CLIENT,7,2,100000,14,14,0,30933,31009,1406,8,371,1019,14594.048000000004,99,False,False
219,2,-158.742439228093,139.60193479531398,1.0,CLIENT,7,2,100000,10,4,0,31010,31010,1421,12,374,1037,4169.728,99,False,False
219,3,367.38893279219684,338.3081347958989,1.0,CLIENT,7,2,100000,12,18,0,30900,31018,1404,7,370,1017,18763.776000000005,99,False,False
219,4,-400.65830947041087,160.19613479552305,1.0,CLIENT,7,2,100000,15,24,0,30988,31002,1401,10,369,1023,25018.36800000001,99,False,False
219,5,62.57810479865006,-280.7423852041177,1.0,CLIENT,7,2,100000,9,11,0,31029,31029,1417,9,372,1035,11466.752000000002,99,False,False
219,6,-282.39360931560526,-43.74210520450788,1.0,CLIENT,7,2,100000,12,4,0,30982,30982,1426,7,374,1049,4169.728,99,False,False
219,7,493.9709762262826,217.0806547958611,1.0,CLIENT,7,2,100000,17,25,0,30786,31002,1388,6,368,1015,26060.80000000001,99,False,False
219,8,116.0467401666572,-32.610105204138335,1.0,CLIENT,7,2,100000,9,9,0,31013,31013,1416,12,372,1037,9381.888,99,False,False
219,9,-393.13309412219587,-183.22606520432913,1.0,CLIENT,7,2,100000,15,20,0,30978,31011,1407,8,370,1032,20848.640000000007,99,False,False
219,10,368.41869910320065,279.3085347953641,1.0,CLIENT,7,2,100000,12,16,0,30945,31024,1404,8,371,1028,16678.912000000004,99,False,False
219,11,-44.91365548905358,438.27349479583205,1.0,CLIENT,7,2,100000,14,9,0,30987,31002,1417,8,372,1028,9381.888,99,False,False
219,12,-374.99336449388005,-87.60218520450849,1.0,CLIENT,7,2,100000,15,20,0,30995,31001,1410,7,370,1028,20848.640000000007,99,False,False
219,13,-121.19557528051864,-258.9236652046273,1.0,CLIENT,7,2,100000,15,12,0,30999,30999,1416,9,372,1038,12509.184000000003,99,False,False
219,14,-310.03887412064336,142.94153479558304,1.0,CLIENT,7,2,100000,14,12,0,30992,30992,1413,12,372,1028,12509.184000000003,99,False,False
219,15,372.61697713959103,-128.12266520424004,1.0,CLIENT,7,2,100000,8,8,0,31019,31024,1421,8,373,1045,8339.456,99,False,False
219,16,57.27084765831818,193.5921347958407,1.0,CLIENT,7,2,100000,15,16,0,30983,30983,1412,9,371,1037,16678.912000000004,99,False,False
219,17,6.891511222759826,347.43637479579064,1.0,CLIENT,7,2,100000,12,8,0,31010,31011,1420,9,373,1037,8339.456,99,False,False
219,18,-337.6049261327438,-263.2651452047398,1.0,CLIENT,7,2,100000,15,18,0,30975,31002,1410,8,370,1026,18763.776000000005,99,False,False
219,19,68.9943410429235,-328.3873452040541,1.0,CLIENT,7,2,100000,13,13,0,31018,31019,1415,9,371,1041,13551.616000000004,99,False,False
219,20,160.72275549606965,-385.9397852042878,1.0,CLIENT,7,2,100000,9,9,0,31033,31039,1418,10,372,1039,9381.888,99,False,False
219,21,-383.86519732484953,-302.7837452046279,1.0,CLIENT,7,2,100000,15,20,0,30941,31015,1402,7,370,1026,20848.640000000007,99,False,False
219,22,-224.01378077308027,142.16229479596848,1.0,CLIENT,7,2,100000,9,12,0,31014,31014,1413,12,372,1038,12509.184000000003,99,False,False
219,23,211.8150070703184,-203.37498520408047,1.0,CLIENT,7,2,100000,14,4,0,31017,31017,1421,12,374,1041,4169.728,99,False,False
219,24,275.50209275261244,408.21709479578345,1.0,CLIENT,7,2,100000,10,12,0,30941,31036,1414,8,372,1022,12509.184000000003,99,False,False
219,25,-376.73604594301145,-440.5979052047101,1.0,CLIENT,7,2,100000,11,12,0,30782,31026,1403,7,372,1020,12509.184000000003,99,False,False
219,26,384.49889611007166,354.7834947954334,1.0,CLIENT,7,2,100000,12,20,0,30832,31017,1403,7,370,1023,20848.640000000007,99,False,False
219,27,265.12521685188733,-21.700745203997656,1.0,CLIENT,7,2,100000,11,8,0,30999,30999,1419,10,373,1038,8339.456,99,False,False
219,28,86.97564508536405,276.63685479578163,1.0,CLIENT,7,2,100000,17,24,0,30981,30982,1403,10,369,1027,25018.36800000001,99,False,False
219,29,246.2725720848811,386.3983747955021,1.0,CLIENT,7,2,100000,12,16,0,30958,31016,1408,9,371,1026,16678.912000000004,99,False,False
219,30,118.50233675391614,285.3198147960066,1.0,CLIENT,7,2,100000,10,18,0,31003,31004,1410,9,370,1028,18763.776000000005,99,False,False
219,31,462.04822059191645,-424.2338652041036,1.0,CLIENT,7,2,100000,15,37,0,30483,31039,1362,11,365,973,38569.98400000002,99,False,False
219,32,460.9392414879749,-441.04318520437687,1.0,CLIENT,7,2,100000,12,29,0,30433,31033,1361,13,368,981,30230.528000000013,99,False,False
219,33,178.70405953851022,-238.21814520469928,1.0,CLIENT,7,2,100000,11,10,0,31006,31006,1415,12,372,1041,10424.320000000002,99,False,False
219,34,-132.6022174922476,200.1600147958689,1.0,CLIENT,7,2,100000,11,8,0,30987,30987,1420,9,373,1046,8339.456,99,False,False
219,35,-338.0802028914955,-503.04842520444197,1.0,CLIENT,7,2,100000,9,17,0,30736,31043,1395,7,370,1006,17721.344000000005,99,False,False
219,36,-485.89127488634597,141.9396547957396,1.0,CLIENT,7,2,100000,8,8,0,30969,31046,1412,9,373,1031,8339.456,99,False,False
219,37,-489.6142761639845,75.37029479533317,1.0,CLIENT,7,2,100000,14,12,0,30951,31005,1408,9,372,1031,12509.184000000003,99,False,False
219,38,113.51193078646061,-65.89478520473705,1.0,CLIENT,7,2,100000,14,15,0,30994,30994,1410,12,371,1028,15636.480000000005,99,False,False
219,39,-16.634688338825615,-103.07566520419954,1.0,CLIENT,7,2,100000,16,20,0,30980,30980,1407,10,370,1032,20848.640000000007,99,False,False
219,40,180.28831540120345,183.35069479559564,1.0,CLIENT,7,2,100000,12,15,0,31004,31004,1413,9,371,1037,15636.480000000005,99,False,False
219,41,240.33161259935935,202.9430147959613,1.0,CLIENT,7,2,100000,12,13,0,31006,31007,1415,9,371,1036,13551.616000000004,99,False,False
219,42,-438.91808855554984,-13.908345204688146,1.0,CLIENT,7,2,100000,17,20,0,30976,30993,1408,7,370,1034,20848.640000000007,99,False,False
219,43,-443.9877073165059,-363.00786520444404,1.0,CLIENT,7,2,100000,15,17,0,30764,30997,1400,8,370,1025,17721.344000000005,99,False,False
219,44,208.40885696499325,228.54661479538748,1.0,CLIENT,7,2,100000,14,13,0,30999,31002,1415,9,371,1034,13551.616000000004,99,False,False
219,45,7.604426361450194,11.806574795247968,1.0,CLIENT,7,2,100000,17,27,0,30985,30985,1399,11,368,1030,28145.66400000001,99,False,False
219,46,-420.778358927234,137.93213479557494,1.0,CLIENT,7,2,100000,12,12,0,30991,31016,1415,8,372,1030,12509.184000000003,99,False,False
219,47,340.9318598846007,208.06373479568833,1.0,CLIENT,7,2,100000,15,18,0,30974,30991,1410,9,370,1037,18763.776000000005,99,False,False
219,48,-463.3156288422639,212.85049479546757,1.0,CLIENT,7,2,100000,11,16,0,30915,31008,1400,11,371,1026,16678.912000000004,99,False,False
219,49,-167.6142720590625,-127.34342520462548,1.0,CLIENT,7,2,100000,16,15,0,30987,30987,1416,7,370,1036,15636.480000000005,99,False,False
219,50,324.69323729129155,181.79221479557555,1.0,CLIENT,7,2,100000,12,14,0,30977,30984,1414,9,371,1041,14594.048000000004,99,False,False
219,51,-472.5043128461097,-228.64462520434984,1.0,CLIENT,7,2,100000,11,19,0,30910,31010,1403,6,370,1020,19806.208000000006,99,False,False
219,52,-367.38893635272734,-109.19826520456098,1.0,CLIENT,7,2,100000,8,8,0,31031,31039,1421,7,373,1040,8339.456,99,False,False
219,53,447.1562154819246,-351.3192652046888,1.0,CLIENT,7,2,100000,11,14,0,30768,31036,1396,13,371,1003,14594.048000000004,99,False,False
219,54,430.2838905439885,180.79033479573212,1.0,CLIENT,7,2,100000,10,15,0,30973,31028,1409,8,372,1021,15636.480000000005,99,False,False
219,55,211.18130472512854,-96.61910520468126,1.0,CLIENT,7,2,100000,10,11,0,31010,31010,1415,11,372,1029,11466.752000000002,99,False,False
219,56,477.7323536329734,493.04293479597334,1.0,CLIENT,7,2,100000,11,15,0,29864,30911,1353,5,368,966,15636.480000000005,99,False,False
219,57,48.87429158610035,-133.354705204477,1.0,CLIENT,7,2,100000,10,13,0,30992,30992,1413,11,371,1036,13551.616000000004,99,False,False
219,58,-398.12350008965143,-227.08614520432974,1.0,CLIENT,7,2,100000,10,12,0,30982,31020,1416,7,372,1041,12509.184000000003,99,False,False
219,59,82.14366470378386,-325.15906520429496,1.0,CLIENT,7,2,100000,10,8,0,30999,30999,1419,10,373,1044,8339.456,99,False,False
219,60,25.189666437513893,-284.5272652040535,1.0,CLIENT,7,2,100000,13,18,0,31020,31021,1408,11,370,1017,18763.776000000005,99,False,False
219,61,-416.89693206372004,-108.19638520471756,1.0,CLIENT,7,2,100000,14,12,0,30970,30990,1417,7,372,1044,12509.184000000003,99,False,False
219,62,-482.16827360870735,143.72077479598858,1.0,CLIENT,7,2,100000,9,8,0,30948,31021,1413,8,373,1032,8339.456,99,False,False
219,63,-342.2784809278858,241.68237479544388,1.0,CLIENT,7,2,100000,14,13,0,30980,30999,1412,11,372,1023,13551.616000000004,99,False,False
219,64,260.13481088386897,-183.33738520404808,1.0,CLIENT,7,2,100000,10,12,0,31032,31033,1414,11,372,1039,12509.184000000003,99,False,False
219,65,-400.9751606427244,429.5905347956071,1.0,CLIENT,7,2,100000,14,18,0,30756,31007,1384,10,370,1006,18763.776000000005,99,False,False
219,66,-69.15277018932939,342.9835747959592,1.0,CLIENT,7,2,100000,14,17,0,31003,31004,1410,10,370,1032,17721.344000000005,99,False,False
219,67,300.2164842116399,-350.54002520428327,1.0,CLIENT,7,2,100000,12,9,0,31013,31044,1411,13,372,1030,9381.888,99,False,False
219,68,-307.9793414991985,36.18565479539285,1.0,CLIENT,7,2,100000,10,4,0,31009,31010,1426,7,374,1047,4169.728,99,False,False
219,69,-112.32374244898628,195.7072147952465,1.0,CLIENT,7,2,100000,11,16,0,30993,30993,1410,11,371,1037,16678.912000000004,99,False,False
219,70,-392.7370301563819,-435.588505204702,1.0,CLIENT,7,2,100000,11,17,0,30752,31020,1398,7,371,1011,17721.344000000005,99,False,False
219,71,305.2068901796583,238.45409479568474,1.0,CLIENT,7,2,100000,8,12,0,31040,31052,1417,8,372,1027,12509.184000000003,99,False,False
219,72,-476.62337808956244,368.2532147954376,1.0,CLIENT,7,2,100000,10,16,0,30742,31031,1386,13,371,997,16678.912000000004,99,False,False
219,73,55.60737900268728,-495.9239452042371,1.0,CLIENT,7,2,100000,16,24,0,30991,31023,1404,8,369,1026,25018.36800000001,99,False,False
219,74,20.436898849434204,219.97497479567244,1.0,CLIENT,7,2,100000,12,12,0,30993,30993,1417,8,372,1040,12509.184000000003,99,False,False
219,75,-39.21033438290768,352.66841479523663,1.0,CLIENT,7,2,100000,12,12,0,30975,30975,1417,8,372,1033,12509.184000000003,99,False,False
219,76,-349.0907811379733,-330.3911052045319,1.0,CLIENT,7,2,100000,14,11,0,30939,30994,1417,5,372,1038,11466.752000000002,99,False,False
219,77,236.13333456353186,88.17209479544175,1.0,CLIENT,7,2,100000,13,12,0,31002,31002,1416,9,372,1042,12509.184000000003,99,False,False
219,78,496.8226367793555,-155.39606520419625,1.0,CLIENT,7,2,100000,14,9,0,30911,31015,1410,9,372,1034,9381.888,99,False,False
219,79,322.31685349697034,-320.14966520428686,1.0,CLIENT,7,2,100000,14,24,0,30981,31007,1398,13,369,1020,25018.36800000001,99,False,False
219,80,24.872815265200384,-373.36062520440805,1.0,CLIENT,7,2,100000,9,12,0,31044,31045,1418,7,372,1038,12509.184000000003,99,False,False
219,81,-358.2794651418192,-128.0113452045211,1.0,CLIENT,7,2,100000,15,17,0,30997,31004,1412,7,371,1031,17721.344000000005,99,False,False
219,82,-492.86200068230875,210.29013479560405,1.0,CLIENT,7,2,100000,11,13,0,30884,31015,1398,11,372,1016,13551.616000000004,99,False,False
219,83,292.05756651879796,268.6218147954523,1.0,CLIENT,7,2,100000,15,14,0,30977,30991,1414,7,371,1031,14594.048000000004,99,False,False
219,84,-344.41722634283127,323.05729479564576,1.0,CLIENT,7,2,100000,11,16,0,30964,31029,1397,13,371,1018,16678.912000000004,99,False,False
219,85,-403.906033988735,124.90769479523749,1.0,CLIENT,7,2,100000,12,12,0,30998,31008,1415,9,372,1028,12509.184000000003,99,False,False
219,86,75.17293890782108,-162.74318520462998,1.0,CLIENT,7,2,100000,13,8,0,30986,30987,1417,11,373,1043,8339.456,99,False,False
219,87,-259.2634737198338,-212.2805852045343,1.0,CLIENT,7,2,100000,15,15,0,30988,30993,1413,8,371,1029,15636.480000000005,99,False,False
219,88,-249.1242361979218,39.079974795995156,1.0,CLIENT,7,2,100000,10,12,0,31004,31004,1417,8,372,1030,12509.184000000003,99,False,False
219,89,-113.98721110518002,-300.7799852041501,1.0,CLIENT,7,2,100000,10,8,0,31022,31024,1420,9,373,1043,8339.456,99,False,False
219,90,-260.3724528237754,409.2189747956269,1.0,CLIENT,7,2,100000,15,16,0,30950,31007,1403,11,370,1019,16678.912000000004,99,False,False
219,91,-290.23567583613374,304.3555347954046,1.0,CLIENT,7,2,100000,13,16,0,30968,30987,1406,12,371,1023,16678.912000000004,99,False,False
219,92,115.49225061440501,421.2415347953299,1.0,CLIENT,7,2,100000,10,16,0,30980,31013,1410,9,371,1035,16678.912000000004,99,False,False
219,93,-393.7667964673858,396.4171747955183,1.0,CLIENT,7,2,100000,16,14,0,30799,30998,1383,12,370,998,14594.048000000004,99,False,False
219,94,-74.06396336384725,421.90945479522554,1.0,CLIENT,7,2,100000,13,20,0,30984,30998,1407,8,370,1032,20848.640000000007,99,False,False
219,95,-467.43469408515364,-468.9845052042287,1.0,CLIENT,7,2,100000,11,10,0,30294,30987,1389,5,372,996,10424.320000000002,99,False,False
219,96,469.3357975607555,79.37781479549784,1.0,CLIENT,7,2,100000,15,12,0,30945,30995,1415,9,372,1040,12509.184000000003,99,False,False
219,97,271.4622403026603,-7.897065204045646,1.0,CLIENT,7,2,100000,13,12,0,30993,30994,1416,8,372,1039,12509.184000000003,99,False,False
219,98,265.5212808171385,371.8154547959355,1.0,CLIENT,7,2,100000,13,20,0,30973,31026,1405,10,370,1022,20848.640000000007,99,False,False
219,99,255.7781072616033,416.2321347953218,1.0,CLIENT,7,2,100000,14,24,0,30895,31013,1400,9,369,1011,25018.36800000001,99,False,False

