simulation_id,node_id,x_position_m,y_position_m,height_m,role,hop_limit,antenna_gain_dbi,message_period_ms,messages_created,packets_sent,rebroadcast_packets,packets_sensed,packets_detected,packets_received,collisions,useful_packets,packets_dropped_by_delay,tx_airtime_ms,direct_neighbor_count,is_moving,gps_enabled
0,0,1051.4812344053994,-1570.3920222093004,1.0,CLIENT,7,2,100000,14,54,0,0,7,0,0,0,0,56291.32800000003,2,False,False
0,1,-2059.5748252711196,902.470457790497,1.0,CLIENT,7,2,100000,15,60,0,0,0,0,0,0,0,62545.920000000035,0,False,False
0,2,2442.6379878175117,-2345.4018622094636,1.0,CLIENT,7,2,100000,15,35,0,34,46,34,0,19,1,36485.12000000002,2,False,False
0,3,-1406.0455996278488,2758.0643200003115,1.0,CLIENT,7,2,100000,13,52,0,0,0,0,0,0,0,54206.46400000003,0,False,False
0,4,1812.7962022920597,-2984.8899519996658,1.0,CLIENT,3,0.0,100000,18,34,0,35,35,35,0,16,1,35442.68800000002,2,False,False

1,0,526.9661952477122,137.03413779068313,1.0,CLIENT,7,2,100000,16,33,0,33,33,33,0,17,0,34400.256000000016,1,False,False
1,1,642.9091240301954,-499.15966220955454,1.0,CLIENT,7,2,100000,17,33,0,33,33,33,0,16,0,34400.256000000016,1,False,False
1,2,-631.5127407031264,1862.2714977899923,1.0,CLIENT,7,2,100000,15,39,0,31,42,31,0,16,1,40654.84800000002,1,False,False
1,3,-1406.0455996278488,2758.0643200003115,1.0,CLIENT,7,2,100000,16,42,0,29,38,29,0,15,1,43782.14400000002,1,False,False
1,4,1812.7962022920597,-2984.8899519996658,1.0,CLIENT,3,0.0,100000,16,64,0,0,0,0,0,0,0,66715.64800000003,0,False,False

2,0,908.6116691569069,-225.42378220935802,1.0,CLIENT,7,2,100000,14,55,0,1,23,1,0,1,0,57333.76000000003,1,False,False
2,1,-1697.5699567840447,949.7814577904855,1.0,CLIENT,7,2,100000,15,65,0,5,24,5,0,5,0,67758.08000000003,2,False,False
2,2,-201.71610511318738,717.9018977906028,1.0,CLIENT,7,2,100000,12,53,0,9,59,9,0,7,1,55248.89600000003,2,False,False
2,3,-1406.0455996278488,2758.0643200003115,1.0,CLIENT,7,2,100000,13,52,0,0,2,0,0,0,0,54206.46400000003,1,False,False
2,4,1812.7962022920597,-2984.8899519996658,1.0,CLIENT,3,0.0,100000,16,64,0,0,0,0,0,0,0,66715.64800000003,0,False,False

3,0,-554.6926307855093,164.86413779002504,1.0,CLIENT,7,2,100000,14,59,0,8,39,8,0,7,0,61503.488000000034,1,False,False
3,1,373.6427593712262,1247.6737777905983,1.0,CLIENT,7,2,100000,15,61,0,7,37,7,0,4,1,63588.352000000035,1,False,False
3,2,1308.234632706764,-929.6341022095123,1.0,CLIENT,7,2,100000,12,48,0,0,0,0,0,0,0,50036.736000000026,0,False,False
3,3,-1406.0455996278488,2758.0643200003115,1.0,CLIENT,7,2,100000,13,52,0,0,0,0,0,0,0,54206.46400000003,0,False,False
3,4,1812.7962022920597,-2984.8899519996658,1.0,CLIENT,3,0.0,100000,16,64,0,0,0,0,0,0,0,66715.64800000003,0,False,False

4,0,589.8478109944838,-1001.8807822098224,1.0,CLIENT,7,2,100000,14,54,0,0,0,0,0,0,0,56291.32800000003,0,False,False
4,1,2280.9197770432065,-2307.6643822098245,1.0,CLIENT,7,2,100000,17,35,0,35,35,35,0,18,0,36485.12000000002,1,False,False
4,2,-814.9306526297258,1646.644657790206,1.0,CLIENT,7,2,100000,14,45,0,25,47,25,0,13,4,46909.440000000024,1,False,False
4,3,-1406.0455996278488,2758.0643200003115,1.0,CLIENT,7,2,100000,14,54,0,23,43,23,0,14,3,56291.32800000003,1,False,False
4,4,1812.7962022920597,-2984.8899519996658,1.0,CLIENT,3,0.0,100000,18,35,0,35,35,35,0,17,0,36485.12000000002,1,False,False

5,0,727.0152649917018,-891.8966222098732,1.0,CLIENT,7,2,100000,16,40,0,47,69,47,0,23,8,41697.28000000002,2,False,False
5,1,1663.2702541086974,214.40153779072034,1.0,CLIENT,7,2,100000,17,54,0,1,24,1,0,1,0,56291.32800000003,2,False,False
5,2,155.85378795591652,-888.4457022098852,1.0,CLIENT,7,2,100000,15,39,0,40,40,40,0,24,1,40654.84800000002,2,False,False
5,3,-1406.0455996278488,2758.0643200003115,1.0,CLIENT,7,2,100000,13,52,0,0,0,0,0,0,0,54206.46400000003,0,False,False
5,4,1812.7962022920597,-2984.8899519996658,1.0,CLIENT,3,0.0,100000,16,64,0,0,0,0,0,0,0,66715.64800000003,0,False,False

6,0,-31.523923451094333,-1058.7653022093696,1.0,CLIENT,7,2,100000,16,31,0,31,31,31,0,15,0,32315.392000000014,1,False,False
6,1,-2279.0269124678866,-425.68846220996306,1.0,CLIENT,7,2,100000,15,60,0,0,0,0,0,0,0,62545.920000000035,0,False,False
6,2,322.24456211753494,-1569.5014622099668,1.0,CLIENT,7,2,100000,15,31,0,31,31,31,0,16,0,32315.392000000014,1,False,False
6,3,-1406.0455996278488,2758.0643200003115,1.0,CLIENT,7,2,100000,13,52,0,0,0,0,0,0,0,54206.46400000003,0,False,False
6,4,1812.7962022920597,-2984.8899519996658,1.0,CLIENT,3,0.0,100000,16,64,0,0,0,0,0,0,0,66715.64800000003,0,False,False

7,0,496.1589552912597,-1321.5918222094253,1.0,CLIENT,7,2,100000,14,54,0,0,0,0,0,0,0,56291.32800000003,0,False,False
7,1,-10.141006257548236,1712.4347777902071,1.0,CLIENT,7,2,100000,17,32,0,32,36,32,0,15,0,33357.824000000015,2,False,False
7,2,-567.918361049453,1229.7512577899715,1.0,CLIENT,7,2,100000,15,32,0,32,33,32,0,17,0,33357.824000000015,2,False,False
7,3,-1406.0455996278488,2758.0643200003115,1.0,CLIENT,7,2,100000,13,52,0,0,2,0,0,0,0,54206.46400000003,2,False,False
7,4,1812.7962022920597,-2984.8899519996658,1.0,CLIENT,3,0.0,100000,16,64,0,0,0,0,0,0,0,66715.64800000003,0,False,False

8,0,-224.76213808875386,-588.4383022095758,1.0,CLIENT,7,2,100000,16,42,0,26,40,26,0,14,2,43782.14400000002,1,False,False
8,1,-110.719913056508,1950.4369377904513,1.0,CLIENT,7,2,100000,15,63,0,3,25,3,0,3,0,65673.21600000003,1,False,False
8,2,-1412.4643942034302,-381.9397022096814,1.0,CLIENT,7,2,100000,14,42,0,34,41,34,0,16,6,43782.14400000002,1,False,False
8,3,-1406.0455996278488,2758.0643200003115,1.0,CLIENT,7,2,100000,13,55,0,3,29,3,0,3,0,57333.76000000003,1,False,False
8,4,1812.7962022920597,-2984.8899519996658,1.0,CLIENT,3,0.0,100000,16,64,0,0,0,0,0,0,0,66715.64800000003,0,False,False

9,0,-2169.8948387917335,2471.1918977902737,1.0,CLIENT,7,2,100000,16,33,0,33,33,33,0,17,0,34400.256000000016,1,False,False
9,1,250.5721915242276,1607.3486977905468,1.0,CLIENT,7,2,100000,17,32,0,32,32,32,0,15,0,33357.824000000015,1,False,False
9,2,569.8904216141784,848.3689377902513,1.0,CLIENT,7,2,100000,15,32,0,32,32,32,0,17,0,33357.824000000015,1,False,False
9,3,-1406.0455996278488,2758.0643200003115,1.0,CLIENT,7,2,100000,17,33,0,33,33,33,0,16,0,34400.256000000016,1,False,False
9,4,1812.7962022920597,-2984.8899519996658,1.0,CLIENT,3,0.0,100000,16,64,0,0,0,0,0,0,0,66715.64800000003,0,False,False

10,0,785.0659253723489,903.0270577906737,1.0,CLIENT,7,2,100000,16,31,0,31,31,31,0,15,0,32315.392000000014,1,False,False
10,1,-680.0598823308989,2555.6837777905157,1.0,CLIENT,7,2,100000,17,35,0,36,40,36,0,18,1,36485.12000000002,2,False,False
10,2,-112.14544086918599,1038.726137790559,1.0,CLIENT,7,2,100000,15,31,0,31,41,31,0,16,0,32315.392000000014,2,False,False
10,3,-1406.0455996278488,2758.0643200003115,1.0,CLIENT,7,2,100000,17,35,0,35,35,35,0,18,0,36485.12000000002,1,False,False
10,4,1812.7962022920597,-2984.8899519996658,1.0,CLIENT,3,0.0,100000,16,64,0,0,0,0,0,0,0,66715.64800000003,0,False,False

11,0,-967.4621286099045,534.1125777903233,1.0,CLIENT,7,2,100000,14,54,0,0,12,0,0,0,0,56291.32800000003,1,False,False
11,1,2345.068528623282,-2082.4640222096887,1.0,CLIENT,7,2,100000,17,42,0,36,44,36,0,18,5,43782.14400000002,1,False,False
11,2,99.38704736732129,-640.8700222092915,1.0,CLIENT,7,2,100000,12,48,0,0,19,0,0,0,0,50036.736000000026,1,False,False
11,3,-1406.0455996278488,2758.0643200003115,1.0,CLIENT,7,2,100000,13,52,0,0,0,0,0,0,0,54206.46400000003,0,False,False
11,4,1812.7962022920597,-2984.8899519996658,1.0,CLIENT,3,0.0,100000,18,44,0,34,42,34,0,17,4,45867.00800000002,1,False,False

12,0,1734.9426247020044,62.22709779050945,1.0,CLIENT,7,2,100000,14,54,0,0,0,0,0,0,0,56291.32800000003,1,False,False
12,1,-175.18544859533162,56.99505779027248,1.0,CLIENT,7,2,100000,17,42,0,34,49,34,0,14,7,43782.14400000002,2,False,False
12,2,-1394.8036885215158,-138.03758220930462,1.0,CLIENT,7,2,100000,14,50,0,27,40,27,0,17,4,52121.60000000003,1,False,False
12,3,-1406.0455996278488,2758.0643200003115,1.0,CLIENT,7,2,100000,13,52,0,0,0,0,0,0,0,54206.46400000003,0,False,False
12,4,1812.7962022920597,-2984.8899519996658,1.0,CLIENT,3,0.0,100000,16,64,0,0,0,0,0,0,0,66715.64800000003,0,False,False

13,0,-417.05000085073203,1876.743097790631,1.0,CLIENT,7,2,100000,16,49,0,49,85,49,0,27,6,51079.16800000003,2,False,False
13,1,-1413.4939420685173,2469.5220977905346,1.0,CLIENT,7,2,100000,17,40,0,97,103,97,0,31,30,41697.28000000002,2,False,False
13,2,1635.789245715723,-198.70698220957848,1.0,CLIENT,7,2,100000,12,48,0,0,0,0,0,0,0,50036.736000000026,0,False,False
13,3,-1406.0455996278488,2758.0643200003115,1.0,CLIENT,7,2,100000,15,54,0,55,86,55,0,33,12,56291.32800000003,2,False,False
13,4,1812.7962022920597,-2984.8899519996658,1.0,CLIENT,3,0.0,100000,16,64,0,0,0,0,0,0,0,66715.64800000003,0,False,False

14,0,394.47130463780724,831.7822577902069,1.0,CLIENT,7,2,100000,16,33,0,33,33,33,0,17,0,34400.256000000016,1,False,False
14,1,-638.402791798862,983.0661377902934,1.0,CLIENT,7,2,100000,17,33,0,33,33,33,0,16,0,34400.256000000016,1,False,False
14,2,-1950.8387315425573,2427.2204977905544,1.0,CLIENT,7,2,100000,15,32,0,32,32,32,0,17,0,33357.824000000015,1,False,False
14,3,-1406.0455996278488,2758.0643200003115,1.0,CLIENT,7,2,100000,17,32,0,32,32,32,0,15,0,33357.824000000015,1,False,False
14,4,1812.7962022920597,-2984.8899519996658,1.0,CLIENT,3,0.0,100000,16,64,0,0,0,0,0,0,0,66715.64800000003,0,False,False

15,0,2234.035751196329,-3372.328862209542,1.0,CLIENT,7,2,100000,16,34,0,34,34,34,0,18,0,35442.68800000002,1,False,False
15,1,2145.098654869261,-239.7840622094867,1.0,CLIENT,7,2,100000,15,60,0,0,0,0,0,0,0,62545.920000000035,0,False,False
15,2,-2138.8500108665016,1722.898857790681,1.0,CLIENT,7,2,100000,14,44,0,24,52,24,0,12,5,45867.00800000002,1,False,False
15,3,-1406.0455996278488,2758.0643200003115,1.0,CLIENT,7,2,100000,14,57,0,24,43,24,0,14,5,59418.62400000003,1,False,False
15,4,1812.7962022920597,-2984.8899519996658,1.0,CLIENT,3,0.0,100000,18,34,0,34,34,34,0,16,0,35442.68800000002,1,False,False

16,0,1609.971353104206,-1863.4975822096337,1.0,CLIENT,7,2,100000,14,58,0,28,59,28,0,15,9,60461.05600000003,1,False,False
16,1,184.36434421397797,1063.7731377905995,1.0,CLIENT,7,2,100000,15,62,0,2,6,2,0,2,0,64630.784000000036,1,False,False
16,2,-713.4805899444904,-364.57378221002244,1.0,CLIENT,7,2,100000,12,48,0,0,4,0,0,0,0,50036.736000000026,1,False,False
16,3,-1406.0455996278488,2758.0643200003115,1.0,CLIENT,7,2,100000,13,52,0,0,0,0,0,0,0,54206.46400000003,0,False,False
16,4,1812.7962022920597,-2984.8899519996658,1.0,CLIENT,3,0.0,100000,17,64,0,25,52,25,0,14,7,66715.64800000003,1,False,False

17,0,-489.11835139219306,-795.270862209418,1.0,CLIENT,7,2,100000,14,54,0,0,0,0,0,0,0,56291.32800000003,0,False,False
17,1,2095.1259854282475,-1954.1120622094463,1.0,CLIENT,7,2,100000,17,47,0,60,70,60,0,33,11,48994.304000000026,2,False,False
17,2,1511.1347580766724,-2603.1076622097926,1.0,CLIENT,7,2,100000,15,32,0,85,85,85,0,35,24,33357.824000000015,2,False,False
17,3,-1406.0455996278488,2758.0643200003115,1.0,CLIENT,7,2,100000,13,52,0,0,0,0,0,0,0,54206.46400000003,0,False,False
17,4,1812.7962022920597,-2984.8899519996658,1.0,CLIENT,3,0.0,100000,18,38,0,69,79,69,0,32,21,39612.41600000002,2,False,False

18,0,-2530.7909634243156,567.7312177900787,1.0,CLIENT,7,2,100000,16,50,0,52,53,52,0,33,3,52121.60000000003,1,False,False
18,1,-2153.7388569119025,1497.6984977905454,1.0,CLIENT,7,2,100000,17,53,0,79,121,70,9,33,21,55248.89600000003,3,False,False
18,2,-1564.520694246612,2666.335857790361,1.0,CLIENT,7,2,100000,15,46,0,76,101,75,1,32,25,47951.872000000025,2,False,False
18,3,-1406.0455996278488,2758.0643200003115,1.0,CLIENT,7,2,100000,16,51,0,52,75,52,0,31,5,53164.03200000003,2,False,False
18,4,1812.7962022920597,-2984.8899519996658,1.0,CLIENT,3,0.0,100000,16,64,0,0,0,0,0,0,0,66715.64800000003,0,False,False

19,0,-1078.6532980162317,92.28349779055804,1.0,CLIENT,7,2,100000,16,31,0,31,31,31,0,15,0,32315.392000000014,1,False,False
19,1,2208.9306224917136,-2347.7395822098892,1.0,CLIENT,7,2,100000,17,35,0,35,35,35,0,18,0,36485.12000000002,1,False,False
19,2,-1554.6211955455838,702.205777790683,1.0,CLIENT,7,2,100000,15,31,0,31,31,31,0,16,0,32315.392000000014,1,False,False
19,3,-1406.0455996278488,2758.0643200003115,1.0,CLIENT,7,2,100000,13,52,0,0,0,0,0,0,0,54206.46400000003,0,False,False
19,4,1812.7962022920597,-2984.8899519996658,1.0,CLIENT,3,0.0,100000,18,35,0,35,35,35,0,17,0,36485.12000000002,1,False,False

20,0,804.9441187632488,255.36729779011864,1.0,CLIENT,7,2,100000,14,54,0,0,0,0,0,0,0,56291.32800000003,0,False,False
20,1,1803.0511757630543,-2067.3245022099454,1.0,CLIENT,7,2,100000,17,46,0,104,106,99,5,32,30,47951.872000000025,2,False,False
20,2,1264.4392504551477,-1762.1963822099092,1.0,CLIENT,7,2,100000,15,51,0,49,70,49,0,34,1,53164.03200000003,2,False,False
20,3,-1264.1303056724425,1802.270017790405,1.0,CLIENT,7,2,100000,17,27,0,27,27,27,0,10,0,28145.66400000001,1,False,False
20,4,-1859.4465595377242,-382.38498220934815,1.0,CLIENT,7,2,100000,16,64,0,0,0,0,0,0,0,66715.64800000003,0,False,False
20,5,-1406.0455996278488,2758.0643200003115,1.0,CLIENT,7,2,100000,10,27,0,27,27,27,0,17,0,28145.66400000001,1,False,False
20,6,1812.7962022920597,-2984.8899519996658,1.0,CLIENT,3,0.0,100000,17,55,0,48,69,48,0,31,0,57333.76000000003,2,False,False

21,0,-2213.5318290645387,991.1924977903416,1.0,CLIENT,7,2,100000,16,39,0,99,104,99,0,48,31,40654.84800000002,3,False,False
21,1,1700.7299571921058,-2571.381462210005,1.0,CLIENT,7,2,100000,17,35,0,35,35,35,0,18,0,36485.12000000002,1,False,False
21,2,-309.26425899785124,964.2530577903333,1.0,CLIENT,7,2,100000,15,56,0,64,79,64,0,41,10,58376.19200000003,3,False,False
21,3,-1319.092322458954,473.1092177901016,1.0,CLIENT,7,2,100000,16,68,0,125,130,96,29,49,39,70885.37600000003,3,False,False
21,4,-1865.1486707895615,1197.802417790746,1.0,CLIENT,7,2,100000,18,35,0,106,129,104,2,46,33,36485.12000000002,4,False,False
21,5,-1406.0455996278488,2758.0643200003115,1.0,CLIENT,7,2,100000,9,36,0,0,5,0,0,0,0,37527.55200000002,1,False,False
21,6,1812.7962022920597,-2984.8899519996658,1.0,CLIENT,3,0.0,100000,18,35,0,35,35,35,0,17,0,36485.12000000002,1,False,False

22,0,-479.21885269116467,524.9843377904315,1.0,CLIENT,7,2,100000,16,40,0,40,40,40,0,24,0,41697.28000000002,1,False,False
22,1,-2245.6854008442633,-336.07586220999394,1.0,CLIENT,7,2,100000,15,61,0,1,11,1,0,1,0,63588.352000000035,1,False,False
22,2,1629.295174568141,-751.1881422099796,1.0,CLIENT,7,2,100000,12,48,0,0,0,0,0,0,0,50036.736000000026,0,False,False
22,3,-2321.871942844947,1223.8512977906298,1.0,CLIENT,7,2,100000,13,45,0,2,34,2,0,2,0,46909.440000000024,3,False,False
22,4,-860.6267386321424,1406.3047777903273,1.0,CLIENT,7,2,100000,18,40,0,46,87,46,0,22,6,41697.28000000002,3,False,False
22,5,-1406.0455996278488,2758.0643200003115,1.0,CLIENT,7,2,100000,9,35,0,1,27,1,0,1,0,36485.12000000002,2,False,False
22,6,1812.7962022920597,-2984.8899519996658,1.0,CLIENT,3,0.0,100000,14,56,0,0,0,0,0,0,0,58376.19200000003,0,False,False

23,0,-2435.755775897819,-48.4249822093355,1.0,CLIENT,7,2,100000,16,31,0,31,31,31,0,15,0,32315.392000000014,1,False,False
23,1,-1539.5739575208083,2567.928977790448,1.0,CLIENT,7,2,100000,17,48,0,64,89,64,0,27,19,50036.736000000026,2,False,False
23,2,-1827.0553997892198,638.7533777903167,1.0,CLIENT,7,2,100000,15,31,0,31,31,31,0,16,0,32315.392000000014,1,False,False
23,3,2126.3292053328537,-1308.0107822097023,1.0,CLIENT,7,2,100000,13,52,0,0,0,0,0,0,0,54206.46400000003,1,False,False
23,4,-381.64939349749756,2024.6873777904484,1.0,CLIENT,7,2,100000,17,60,0,40,79,40,0,23,6,62545.920000000035,2,False,False
23,5,-1406.0455996278488,2758.0643200003115,1.0,CLIENT,7,2,100000,10,39,0,75,105,73,2,34,24,40654.84800000002,2,False,False
23,6,1812.7962022920597,-2984.8899519996658,1.0,CLIENT,3,0.0,100000,14,56,0,0,1,0,0,0,0,58376.19200000003,1,False,False

24,0,1376.0263998096284,-1972.7025022099683,1.0,CLIENT,7,2,100000,16,49,0,81,98,78,3,33,26,51079.16800000003,2,False,False
24,1,700.8013924320313,-2090.2564222097894,1.0,CLIENT,7,2,100000,17,50,0,49,64,49,0,32,0,52121.60000000003,2,False,False
24,2,233.70344573805787,1553.1358577905823,1.0,CLIENT,7,2,100000,12,55,0,13,41,13,0,10,2,57333.76000000003,1,False,False
24,3,32.07045620257899,203.49217779057966,1.0,CLIENT,7,2,100000,13,49,0,11,58,11,0,6,2,51079.16800000003,2,False,False
24,4,-1570.6187854460404,436.8188977899726,1.0,CLIENT,7,2,100000,16,64,0,0,6,0,0,0,0,66715.64800000003,1,False,False
24,5,-1406.0455996278488,2758.0643200003115,1.0,CLIENT,7,2,100000,9,36,0,0,0,0,0,0,0,37527.55200000002,0,False,False
24,6,1812.7962022920597,-2984.8899519996658,1.0,CLIENT,3,0.0,100000,17,51,0,35,55,35,0,24,0,53164.03200000003,2,False,False

25,0,36.82221557873499,-980.9526222096656,1.0,CLIENT,7,2,100000,16,31,0,31,32,31,0,15,0,32315.392000000014,1,False,False
25,1,700.9597844114053,1275.1698177899923,1.0,CLIENT,7,2,100000,15,60,0,0,0,0,0,0,0,62545.920000000035,1,False,False
25,2,860.5397034666936,-1432.1325822095514,1.0,CLIENT,7,2,100000,15,32,0,31,41,31,0,16,0,33357.824000000015,2,False,False
25,3,-1179.6281847633452,1469.5345377904646,1.0,CLIENT,7,2,100000,13,54,0,15,31,15,0,9,2,56291.32800000003,2,False,False
25,4,2528.248852581102,-1598.1107022097144,1.0,CLIENT,7,2,100000,16,64,0,0,9,0,0,0,0,66715.64800000003,2,False,False
25,5,-1406.0455996278488,2758.0643200003115,1.0,CLIENT,7,2,100000,10,39,0,15,48,15,0,10,1,40654.84800000002,1,False,False
25,6,1812.7962022920597,-2984.8899519996658,1.0,CLIENT,3,0.0,100000,14,56,0,0,3,0,0,0,0,58376.19200000003,1,False,False

26,0,1503.4527470846292,42.52345779042486,1.0,CLIENT,7,2,100000,16,61,0,104,128,102,2,49,31,63588.352000000035,4,False,False
26,1,2134.5655882518618,-1554.6959022093804,1.0,CLIENT,7,2,100000,17,61,0,58,80,58,0,40,2,63588.352000000035,3,False,False
26,2,479.1318175262786,-551.1461022096034,1.0,CLIENT,7,2,100000,15,53,0,53,117,53,0,37,6,55248.89600000003,2,False,False
26,3,1792.993285082652,-471.7749422098794,1.0,CLIENT,7,2,100000,16,65,0,135,164,119,16,49,46,67758.08000000003,3,False,False
26,4,502.7322224282474,1530.2039377907386,1.0,CLIENT,7,2,100000,16,65,0,1,1,1,0,1,0,67758.08000000003,1,False,False
26,5,-1406.0455996278488,2758.0643200003115,1.0,CLIENT,7,2,100000,9,36,0,0,0,0,0,0,0,37527.55200000002,0,False,False
26,6,1812.7962022920597,-2984.8899519996658,1.0,CLIENT,3,0.0,100000,14,56,0,1,6,1,0,1,0,58376.19200000003,1,False,False

27,0,64.77839990926876,-605.4702622092871,1.0,CLIENT,7,2,100000,16,58,0,37,60,37,0,27,1,60461.05600000003,1,False,False
27,1,-1915.5965161681343,310.2480577899789,1.0,CLIENT,7,2,100000,17,63,0,125,126,118,7,47,43,65673.21600000003,2,False,False
27,2,-1919.0019437210176,934.8645777901802,1.0,CLIENT,7,2,100000,15,63,0,67,108,66,1,49,2,65673.21600000003,4,False,False
27,3,-1160.9379312163437,-354.3323422097774,1.0,CLIENT,7,2,100000,16,63,0,98,145,84,14,48,25,65673.21600000003,3,False,False
27,4,-2268.969021788047,2408.96401778998,1.0,CLIENT,7,2,100000,18,32,0,36,58,36,0,14,4,33357.824000000015,2,False,False
27,5,-1406.0455996278488,2758.0643200003115,1.0,CLIENT,7,2,100000,10,32,0,32,32,32,0,22,0,33357.824000000015,2,False,False
27,6,1812.7962022920597,-2984.8899519996658,1.0,CLIENT,3,0.0,100000,14,56,0,0,0,0,0,0,0,58376.19200000003,0,False,False

28,0,-1832.4407270823092,1320.9223377907517,1.0,CLIENT,7,2,100000,16,49,0,28,71,28,0,17,0,51079.16800000003,3,False,False
28,1,437.71231496245883,-1461.1871022097566,1.0,CLIENT,7,2,100000,15,60,0,0,0,0,0,0,0,62545.920000000035,0,False,False
28,2,-1684.185834540727,2550.34041779056,1.0,CLIENT,7,2,100000,15,38,0,65,88,64,1,24,20,39612.41600000002,2,False,False
28,3,427.0208563656858,1669.242617790102,1.0,CLIENT,7,2,100000,13,52,0,0,0,0,0,0,0,54206.46400000003,0,False,False
28,4,-1800.920723218955,-301.1213822096562,1.0,CLIENT,7,2,100000,16,64,0,0,4,0,0,0,0,66715.64800000003,1,False,False
28,5,-1406.0455996278488,2758.0643200003115,1.0,CLIENT,7,2,100000,10,41,0,38,64,38,0,29,0,42739.71200000002,2,False,False
28,6,1812.7962022920597,-2984.8899519996658,1.0,CLIENT,3,0.0,100000,14,56,0,0,0,0,0,0,0,58376.19200000003,0,False,False

29,0,-2563.9740830691276,601.3498577906253,1.0,CLIENT,7,2,100000,14,54,0,0,0,0,0,0,0,56291.32800000003,0,False,False
29,1,493.466291644715,-180.11654220984724,1.0,CLIENT,7,2,100000,17,54,0,55,74,55,0,34,3,56291.32800000003,3,False,False
29,2,2220.3348449948257,-576.3044222093629,1.0,CLIENT,7,2,100000,12,48,0,0,4,0,0,0,0,50036.736000000026,1,False,False
29,3,225.07108287145886,183.2319377903184,1.0,CLIENT,7,2,100000,16,52,0,86,103,81,5,35,28,54206.46400000003,2,False,False
29,4,531.1635826969032,1345.5240577903346,1.0,CLIENT,7,2,100000,18,52,0,33,77,33,0,21,1,54206.46400000003,2,False,False
29,5,-1406.0455996278488,2758.0643200003115,1.0,CLIENT,7,2,100000,9,36,0,0,0,0,0,0,0,37527.55200000002,0,False,False
29,6,1812.7962022920597,-2984.8899519996658,1.0,CLIENT,3,0.0,100000,14,56,0,0,0,0,0,0,0,58376.19200000003,0,False,False

30,0,-1091.0870683844307,1741.6006177901313,1.0,CLIENT,7,2,100000,16,54,0,88,90,56,32,26,24,56291.32800000003,2,False,False
30,1,1014.179923301365,77.81189779071042,1.0,CLIENT,7,2,100000,17,50,0,34,51,34,0,22,0,52121.60000000003,2,False,False
30,2,378.9488906749099,-1652.6575022096267,1.0,CLIENT,7,2,100000,15,49,0,49,49,49,0,34,0,51079.16800000003,2,False,False
30,3,845.1756814831704,-1116.651702209551,1.0,CLIENT,7,2,100000,17,49,0,81,98,75,6,32,24,51079.16800000003,2,False,False
30,4,-1637.4602006732237,832.6728177903315,1.0,CLIENT,7,2,100000,18,47,0,53,54,53,0,25,11,48994.304000000026,1,False,False
30,5,-1406.0455996278488,2758.0643200003115,1.0,CLIENT,7,2,100000,10,44,0,51,54,51,0,31,12,45867.00800000002,1,False,False
30,6,1812.7962022920597,-2984.8899519996658,1.0,CLIENT,3,0.0,100000,14,56,0,0,0,0,0,0,0,58376.19200000003,0,False,False

31,0,-622.801181846559,5.676537790119198,1.0,CLIENT,7,2,100000,16,49,0,57,82,57,0,34,7,51079.16800000003,2,False,False
31,1,1904.4220424577586,149.390657790334,1.0,CLIENT,7,2,100000,15,60,0,0,0,0,0,0,0,62545.920000000035,0,False,False
31,2,141.2025298787321,-1880.084262209678,1.0,CLIENT,7,2,100000,12,48,0,0,0,0,0,0,0,50036.736000000026,0,False,False
31,3,-239.09661220719025,1414.3198177906565,1.0,CLIENT,7,2,100000,16,52,0,56,88,56,0,34,7,54206.46400000003,3,False,False
31,4,-30.41517959660166,644.6533377904493,1.0,CLIENT,7,2,100000,18,55,0,101,101,85,16,32,30,57333.76000000003,2,False,False
31,5,-1406.0455996278488,2758.0643200003115,1.0,CLIENT,7,2,100000,9,36,0,0,4,0,0,0,0,37527.55200000002,1,False,False
31,6,1812.7962022920597,-2984.8899519996658,1.0,CLIENT,3,0.0,100000,14,56,0,0,0,0,0,0,0,58376.19200000003,0,False,False

32,0,2200.298259624552,-1509.1660222096407,1.0,CLIENT,7,2,100000,16,51,0,52,57,52,0,35,1,53164.03200000003,2,False,False
32,1,2370.5696372766133,-2210.482022209984,1.0,CLIENT,7,2,100000,17,52,0,97,102,86,11,34,29,54206.46400000003,2,False,False
32,2,-821.5831157561192,1189.7873777904167,1.0,CLIENT,7,2,100000,15,49,0,60,99,60,0,35,11,51079.16800000003,3,False,False
32,3,-542.4172523966843,792.1523377905999,1.0,CLIENT,7,2,100000,17,41,0,110,110,108,2,33,31,42739.71200000002,2,False,False
32,4,350.9135103544077,563.0557777900185,1.0,CLIENT,7,2,100000,18,61,0,53,84,53,0,32,5,63588.352000000035,2,False,False
32,5,-1406.0455996278488,2758.0643200003115,1.0,CLIENT,7,2,100000,9,36,0,0,9,0,0,0,0,37527.55200000002,1,False,False
32,6,1812.7962022920597,-2984.8899519996658,1.0,CLIENT,3,0.0,100000,18,51,0,50,57,50,0,31,1,53164.03200000003,2,False,False

33,0,-1166.9568264263664,-993.0865022098785,1.0,CLIENT,7,2,100000,16,63,0,73,141,65,8,39,19,65673.21600000003,3,False,False
33,1,-162.3556982795416,-1703.97602220978,1.0,CLIENT,7,2,100000,17,47,0,32,59,32,0,19,3,48994.304000000026,1,False,False
33,2,-1112.8659655255678,312.47445779068556,1.0,CLIENT,7,2,100000,15,53,0,86,112,84,2,41,21,55248.89600000003,2,False,False
33,3,-1908.5480730930244,85.49297779030098,1.0,CLIENT,7,2,100000,16,56,0,74,108,73,1,40,17,58376.19200000003,3,False,False
33,4,-2375.4876278076235,1878.7468577903178,1.0,CLIENT,7,2,100000,17,62,0,15,40,15,0,8,2,64630.784000000036,2,False,False
33,5,-1406.0455996278488,2758.0643200003115,1.0,CLIENT,7,2,100000,10,42,0,21,54,21,0,13,4,43782.14400000002,1,False,False
33,6,1812.7962022920597,-2984.8899519996658,1.0,CLIENT,3,0.0,100000,14,56,0,0,0,0,0,0,0,58376.19200000003,0,False,False

34,0,-445.2437731506082,2167.3996177900285,1.0,CLIENT,7,2,100000,16,34,0,181,186,175,6,60,73,35442.68800000002,4,False,False
34,1,-1257.002666607927,2037.6004977902758,1.0,CLIENT,7,2,100000,17,61,0,202,218,156,46,59,67,63588.352000000035,4,False,False
34,2,-2142.176242429417,1343.5202977906476,1.0,CLIENT,7,2,100000,15,59,0,53,73,53,0,37,3,61503.488000000034,3,False,False
34,3,1591.360295547173,-1534.43566220991,1.0,CLIENT,7,2,100000,13,53,0,1,7,1,0,1,0,55248.89600000003,1,False,False
34,4,-104.3842338883,1899.341057790527,1.0,CLIENT,7,2,100000,18,60,0,85,119,85,0,54,12,62545.920000000035,3,False,False
34,5,-1406.0455996278488,2758.0643200003115,1.0,CLIENT,7,2,100000,10,65,0,95,124,95,0,65,14,67758.08000000003,4,False,False
34,6,1812.7962022920597,-2984.8899519996658,1.0,CLIENT,3,0.0,100000,14,56,0,0,4,0,0,0,0,58376.19200000003,1,False,False

35,0,-1855.3283680779386,1000.3207377902334,1.0,CLIENT,7,2,100000,16,47,0,122,164,118,4,48,42,48994.304000000026,4,False,False
35,1,-571.9573565192701,1615.4750577905952,1.0,CLIENT,7,2,100000,17,68,0,45,104,45,0,28,7,70885.37600000003,3,False,False
35,2,-2608.1654452688977,317.14989779074585,1.0,CLIENT,7,2,100000,15,55,0,68,100,68,0,44,7,57333.76000000003,2,False,False
35,3,-1832.2031391135295,1373.3540577904673,1.0,CLIENT,7,2,100000,16,62,0,103,180,95,8,48,32,64630.784000000036,4,False,False
35,4,-91.55448357194724,-1507.9415022095686,1.0,CLIENT,7,2,100000,16,64,0,0,0,0,0,0,0,66715.64800000003,0,False,False
35,5,-1406.0455996278488,2758.0643200003115,1.0,CLIENT,7,2,100000,10,43,0,9,81,9,0,9,0,44824.57600000002,3,False,False
35,6,1812.7962022920597,-2984.8899519996658,1.0,CLIENT,3,0.0,100000,14,56,0,0,0,0,0,0,0,58376.19200000003,0,False,False

36,0,244.71168829357893,699.9793777899763,1.0,CLIENT,7,2,100000,14,54,0,0,0,0,0,0,0,56291.32800000003,0,False,False
36,1,-891.7507625467802,2643.403937790517,1.0,CLIENT,7,2,100000,17,27,0,27,27,27,0,10,0,28145.66400000001,1,False,False
36,2,468.044378981352,-1710.8778622097561,1.0,CLIENT,7,2,100000,12,54,0,14,48,14,0,9,5,56291.32800000003,1,False,False
36,3,-684.3364657700582,-1000.4336222095213,1.0,CLIENT,7,2,100000,13,56,0,13,49,13,0,7,3,58376.19200000003,1,False,False
36,4,-2412.0761750053193,470.660177790748,1.0,CLIENT,7,2,100000,16,64,0,0,0,0,0,0,0,66715.64800000003,0,False,False
36,5,-1406.0455996278488,2758.0643200003115,1.0,CLIENT,7,2,100000,10,27,0,27,27,27,0,17,0,28145.66400000001,1,False,False
36,6,1812.7962022920597,-2984.8899519996658,1.0,CLIENT,3,0.0,100000,14,56,0,0,0,0,0,0,0,58376.19200000003,0,False,False

37,0,1794.0228329477388,-750.742862209522,1.0,CLIENT,7,2,100000,16,34,0,32,35,32,0,17,0,35442.68800000002,2,False,False
37,1,-2276.0966608525623,1193.6835777900715,1.0,CLIENT,7,2,100000,15,60,0,0,1,0,0,0,0,62545.920000000035,1,False,False
37,2,871.7063380010261,-2282.060782209607,1.0,CLIENT,7,2,100000,13,50,0,13,59,13,0,11,0,52121.60000000003,3,False,False
37,3,864.8162869052904,-301.7893022095518,1.0,CLIENT,7,2,100000,17,33,0,34,34,34,0,16,1,34400.256000000016,1,False,False
37,4,2414.6026074970096,-2635.9470622099334,1.0,CLIENT,7,2,100000,18,50,0,47,62,47,0,29,1,52121.60000000003,2,False,False
37,5,-1406.0455996278488,2758.0643200003115,1.0,CLIENT,7,2,100000,9,36,0,0,0,0,0,0,0,37527.55200000002,1,False,False
37,6,1812.7962022920597,-2984.8899519996658,1.0,CLIENT,3,0.0,100000,18,47,0,67,94,64,3,29,14,48994.304000000026,2,False,False

38,0,213.6668603677841,-1518.4055822092514,1.0,CLIENT,7,2,100000,14,54,0,0,0,0,0,0,0,56291.32800000003,0,False,False
38,1,-243.37319564578692,671.14749779,1.0,CLIENT,7,2,100000,15,61,0,1,14,1,0,1,0,63588.352000000035,2,False,False
38,2,-1940.543252893938,-62.45130220951637,1.0,CLIENT,7,2,100000,15,35,0,37,39,37,0,17,2,36485.12000000002,2,False,False
38,3,-1563.4119503921195,-197.4824622095062,1.0,CLIENT,7,2,100000,16,37,0,36,47,36,0,16,4,38569.98400000002,2,False,False
38,4,-1357.8983573656349,2912.2417377904244,1.0,CLIENT,7,2,100000,18,37,0,30,30,30,0,10,3,38569.98400000002,1,False,False
38,5,-1406.0455996278488,2758.0643200003115,1.0,CLIENT,7,2,100000,10,30,0,37,37,37,0,18,4,31272.960000000014,1,False,False
38,6,1812.7962022920597,-2984.8899519996658,1.0,CLIENT,3,0.0,100000,14,56,0,0,0,0,0,0,0,58376.19200000003,0,False,False

39,0,343.152303372959,-1133.0157422093666,1.0,CLIENT,7,2,100000,16,45,0,142,143,125,17,49,46,46909.440000000024,3,False,False
39,1,530.3716228005958,-2080.571582209721,1.0,CLIENT,7,2,100000,17,54,0,80,98,80,0,48,14,56291.32800000003,5,False,False
39,2,259.8381223083227,-471.8862622095983,1.0,CLIENT,7,2,100000,15,56,0,67,84,67,0,47,9,58376.19200000003,3,False,False
39,3,-51.0061368938404,-1650.0971422097632,1.0,CLIENT,7,2,100000,17,33,0,138,154,129,9,48,52,34400.256000000016,3,False,False
39,4,2140.030111534357,-2144.246622209525,1.0,CLIENT,7,2,100000,18,37,0,37,50,37,0,19,0,38569.98400000002,2,False,False
39,5,-1406.0455996278488,2758.0643200003115,1.0,CLIENT,7,2,100000,9,36,0,0,0,0,0,0,0,37527.55200000002,0,False,False
39,6,1812.7962022920597,-2984.8899519996658,1.0,CLIENT,3,0.0,100000,18,37,0,38,43,38,0,19,1,38569.98400000002,2,False,False

40,0,-111.59106894222101,-662.243462209906,1.0,CLIENT,7,2,100000,14,54,0,0,2,0,0,0,0,56291.32800000003,2,False,False
40,1,-2396.2369770842365,1743.493057790099,1.0,CLIENT,7,2,100000,17,70,0,105,133,101,4,53,32,72970.24000000003,4,False,False
40,2,-1765.5201158657203,890.2252577905651,1.0,CLIENT,7,2,100000,15,50,0,181,185,125,56,54,41,52121.60000000003,4,False,False
40,3,-2118.3382495586684,-19.03650220997349,1.0,CLIENT,7,2,100000,16,65,0,100,103,98,2,53,30,67758.08000000003,3,False,False
40,4,-400.9732149608696,2494.680417790294,1.0,CLIENT,7,2,100000,18,38,0,37,39,37,0,19,1,39612.41600000002,2,False,False
40,5,484.0419688818087,961.3587377905219,1.0,CLIENT,7,2,100000,10,32,0,31,36,31,0,21,0,33357.824000000015,3,False,False
40,6,-2381.5065230176465,907.1458977905572,1.0,CLIENT,7,2,100000,18,50,0,183,185,124,59,51,47,52121.60000000003,3,False,False
40,7,987.1740908459499,638.7533777903167,1.0,CLIENT,7,2,100000,21,31,0,32,40,32,0,10,1,32315.392000000014,2,False,False
40,8,-1406.0455996278488,2758.0643200003115,1.0,CLIENT,7,2,100000,13,38,0,46,81,44,2,24,8,39612.41600000002,3,False,False
40,9,1812.7962022920597,-2984.8899519996658,1.0,CLIENT,3,0.0,100000,18,71,0,0,0,0,0,0,0,74012.67200000004,0,False,False

41,0,-2003.1872806719298,2930.1642577902603,1.0,CLIENT,7,2,100000,16,49,0,93,93,93,0,47,26,51079.16800000003,3,False,False
41,1,-219.06002683691648,475.0016577900695,1.0,CLIENT,7,2,100000,17,76,0,118,144,100,18,55,36,79224.83200000004,3,False,False
41,2,536.7864979587722,-1437.6985822097363,1.0,CLIENT,7,2,100000,15,58,0,124,133,121,3,59,41,60461.05600000003,2,False,False
41,3,-1681.9683468317419,2131.2206177904095,1.0,CLIENT,7,2,100000,16,70,0,132,132,91,41,47,42,72970.24000000003,4,False,False
41,4,-1842.4194217727431,1144.146177790167,1.0,CLIENT,7,2,100000,18,60,0,70,79,70,0,39,13,62545.920000000035,4,False,False
41,5,138.50986623218742,1588.201657790639,1.0,CLIENT,7,2,100000,10,66,0,63,77,63,0,52,3,68800.51200000003,2,False,False
41,6,546.8443886386119,-281.7517022095194,1.0,CLIENT,7,2,100000,18,75,0,147,190,115,32,57,47,78182.40000000004,3,False,False
41,7,1280.5952323344156,-1345.3029822096746,1.0,CLIENT,7,2,100000,21,61,0,91,128,91,0,53,17,63588.352000000035,3,False,False
41,8,-1406.0455996278488,2758.0643200003115,1.0,CLIENT,7,2,100000,13,23,0,119,120,119,0,50,44,23975.93600000001,3,False,False
41,9,1812.7962022920597,-2984.8899519996658,1.0,CLIENT,3,0.0,100000,18,71,0,0,0,0,0,0,0,74012.67200000004,1,False,False

42,0,-1694.5605091787522,2062.4248577900876,1.0,CLIENT,7,2,100000,16,32,0,173,206,163,10,59,62,33357.824000000015,4,False,False
42,1,2024.562358689433,-2559.8041822099685,1.0,CLIENT,7,2,100000,17,28,0,76,76,76,0,35,24,29188.096000000012,2,False,False
42,2,1600.9430102894532,-2382.805382209946,1.0,CLIENT,7,2,100000,15,32,0,72,72,72,0,37,20,33357.824000000015,2,False,False
42,3,1537.0318466775946,227.75993779021462,1.0,CLIENT,7,2,100000,17,38,0,38,38,38,0,21,0,39612.41600000002,1,False,False
42,4,-1693.6101573036333,1486.7891377904048,1.0,CLIENT,7,2,100000,18,63,0,165,195,126,39,57,58,65673.21600000003,4,False,False
42,5,-2366.5384809822767,758.4223777903344,1.0,CLIENT,7,2,100000,10,60,0,67,85,67,0,51,6,62545.920000000035,3,False,False
42,6,-818.8904521095745,1770.8777777905652,1.0,CLIENT,7,2,100000,18,56,0,139,148,134,5,57,46,58376.19200000003,4,False,False
42,7,918.8279518161205,613.3724177903284,1.0,CLIENT,7,2,100000,21,38,0,38,38,38,0,17,0,39612.41600000002,1,False,False
42,8,-1406.0455996278488,2758.0643200003115,1.0,CLIENT,7,2,100000,13,54,0,106,141,106,0,61,27,56291.32800000003,3,False,False
42,9,1812.7962022920597,-2984.8899519996658,1.0,CLIENT,3,0.0,100000,20,44,0,60,60,60,0,32,8,45867.00800000002,2,False,False

43,0,-649.807014301974,-323.7193422095521,1.0,CLIENT,7,2,100000,16,93,0,110,185,107,2,69,22,96946.17600000005,6,False,False
43,1,974.6611244883451,644.6533377904493,1.0,CLIENT,7,2,100000,17,106,0,217,231,170,45,85,79,110497.79200000006,5,False,False
43,2,-1504.252546156417,700.313337790715,1.0,CLIENT,7,2,100000,14,62,0,27,115,27,0,22,1,64630.784000000036,3,False,False
43,3,932.5288580181864,-222.08418220987994,1.0,CLIENT,7,2,100000,17,50,0,211,282,202,7,86,79,52121.60000000003,6,False,False
43,4,255.87832282791132,1327.0449377903221,1.0,CLIENT,7,2,100000,18,101,0,107,125,106,0,81,7,105285.63200000006,6,False,False
43,5,2222.393940724437,-1347.4180622098716,1.0,CLIENT,7,2,100000,9,36,0,0,11,0,0,0,0,37527.55200000002,3,False,False
43,6,-335.478131556959,-253.81038220966758,1.0,CLIENT,7,2,100000,17,81,0,162,265,152,8,68,58,84436.99200000004,6,False,False
43,7,824.7431161647429,-318.15334220936734,1.0,CLIENT,7,2,100000,21,63,0,220,292,189,29,83,77,65673.21600000003,6,False,False
43,8,-1406.0455996278488,2758.0643200003115,1.0,CLIENT,7,2,100000,10,40,0,0,0,0,0,0,0,41697.28000000002,0,False,False
43,9,1812.7962022920597,-2984.8899519996658,1.0,CLIENT,3,0.0,100000,18,71,0,0,0,0,0,0,0,74012.67200000004,1,False,False

44,0,-2407.7995915667225,-250.80474220934633,1.0,CLIENT,7,2,100000,16,69,0,147,148,147,0,80,50,71927.80800000003,4,False,False
44,1,-1678.087743340736,189.02057779073203,1.0,CLIENT,7,2,100000,17,59,0,240,242,190,50,79,82,61503.488000000034,5,False,False
44,2,-1216.6919078986,1040.729897790246,1.0,CLIENT,7,2,100000,15,82,0,121,232,118,3,69,35,85479.42400000004,8,False,False
44,3,-125.45036712309806,2100.941577790132,1.0,CLIENT,7,2,100000,17,67,0,78,146,78,0,51,10,69842.94400000003,4,False,False
44,4,127.6600156566031,489.4732577907081,1.0,CLIENT,7,2,100000,18,70,0,73,138,73,0,50,6,72970.24000000003,5,False,False
44,5,102.31729898264562,1512.2814177901118,1.0,CLIENT,7,2,100000,10,68,0,149,192,129,20,58,57,70885.37600000003,3,False,False
44,6,-1405.415951128883,-86.60774220943239,1.0,CLIENT,7,2,100000,18,52,0,234,260,200,34,78,81,54206.46400000003,5,False,False
44,7,-1791.3380084766743,-440.8279822097063,1.0,CLIENT,7,2,100000,21,37,0,180,204,180,0,75,67,38569.98400000002,4,False,False
44,8,-1406.0455996278488,2758.0643200003115,1.0,CLIENT,7,2,100000,11,43,0,7,51,7,0,6,0,44824.57600000002,2,False,False
44,9,1812.7962022920597,-2984.8899519996658,1.0,CLIENT,3,0.0,100000,18,71,0,0,0,0,0,0,0,74012.67200000004,0,False,False

45,0,-417.12919684070033,1595.5487777902817,1.0,CLIENT,7,2,100000,16,47,0,44,61,44,0,28,1,48994.304000000026,2,False,False
45,1,2674.682237361852,-2922.4847422094476,1.0,CLIENT,7,2,100000,17,28,0,76,76,76,0,35,24,29188.096000000012,2,False,False
45,2,2540.8410149286747,-2614.128342209652,1.0,CLIENT,7,2,100000,15,24,0,80,80,80,0,37,28,25018.36800000001,2,False,False
45,3,1695.74060984717,76.47605779012821,1.0,CLIENT,7,2,100000,13,52,0,0,0,0,0,0,0,54206.46400000003,0,False,False
45,4,-188.41117885983803,2151.258217790442,1.0,CLIENT,7,2,100000,18,42,0,61,85,61,0,26,12,43782.14400000002,2,False,False
45,5,478.4982496093453,-1610.1332622094174,1.0,CLIENT,7,2,100000,10,28,0,28,28,28,0,18,0,29188.096000000012,1,False,False
45,6,-177.95730823184465,-1011.7882622093288,1.0,CLIENT,7,2,100000,18,28,0,28,28,28,0,10,0,29188.096000000012,1,False,False
45,7,-2345.7099357162583,1548.6830577907508,1.0,CLIENT,7,2,100000,19,76,0,2,20,2,0,1,1,79224.83200000004,1,False,False
45,8,-1406.0455996278488,2758.0643200003115,1.0,CLIENT,7,2,100000,12,45,0,17,83,17,0,14,2,46909.440000000024,3,False,False
45,9,1812.7962022920597,-2984.8899519996658,1.0,CLIENT,3,0.0,100000,20,52,0,52,52,52,0,32,0,54206.46400000003,2,False,False

46,0,1682.3564876038524,-1817.745062209665,1.0,CLIENT,7,2,100000,16,71,0,104,187,96,8,54,27,74012.67200000004,4,False,False
46,1,-457.5983475288389,1437.3630577902193,1.0,CLIENT,7,2,100000,17,45,0,17,54,17,0,10,0,46909.440000000024,2,False,False
46,2,1632.3838181628391,-330.6211822095281,1.0,CLIENT,7,2,100000,15,62,0,118,143,118,0,69,32,64630.784000000036,3,False,False
46,3,-421.6433682480767,-1138.2477822096034,1.0,CLIENT,7,2,100000,14,59,0,23,50,23,0,19,1,61503.488000000034,2,False,False
46,4,-2006.9886881729674,2640.064337790248,1.0,CLIENT,7,2,100000,18,37,0,95,95,91,4,46,29,38569.98400000002,2,False,False
46,5,1464.4091242091686,-1059.544542209775,1.0,CLIENT,7,2,100000,10,54,0,191,191,172,19,74,75,56291.32800000003,4,False,False
46,6,-1602.0595933194263,2032.7024177899866,1.0,CLIENT,7,2,100000,18,55,0,94,118,91,3,46,26,57333.76000000003,3,False,False
46,7,848.0267371090889,-784.6954622100162,1.0,CLIENT,7,2,100000,21,58,0,163,231,151,12,63,49,60461.05600000003,4,False,False
46,8,-1406.0455996278488,2758.0643200003115,1.0,CLIENT,7,2,100000,13,40,0,90,102,90,0,51,26,41697.28000000002,3,False,False
46,9,1812.7962022920597,-2984.8899519996658,1.0,CLIENT,3,0.0,100000,19,66,0,22,65,22,0,15,1,68800.51200000003,1,False,False

47,0,-506.85825306351313,-280.4158622097282,1.0,CLIENT,7,2,100000,16,64,0,67,80,67,0,49,4,66715.64800000003,3,False,False
47,1,-2553.9953883786934,1615.3637377900852,1.0,CLIENT,7,2,100000,17,74,0,97,148,95,2,58,21,77139.96800000004,4,False,False
47,2,-1982.992303322282,437.93209779032594,1.0,CLIENT,7,2,100000,15,64,0,91,153,83,8,48,21,66715.64800000003,5,False,False
47,3,-867.7543776966578,1706.5348177900746,1.0,CLIENT,7,2,100000,16,72,0,75,143,75,0,53,9,75055.10400000004,4,False,False
47,4,686.466918313595,-1552.6921422096937,1.0,CLIENT,7,2,100000,16,64,0,0,4,0,0,0,0,66715.64800000003,2,False,False
47,5,2501.955784032026,-2028.585142209672,1.0,CLIENT,7,2,100000,10,49,0,27,63,27,0,16,8,51079.16800000003,2,False,False
47,6,-1135.0408426154213,-263.6065422094549,1.0,CLIENT,7,2,100000,18,66,0,122,128,114,8,47,44,68800.51200000003,2,False,False
47,7,-2090.6196531963515,2273.3762577906045,1.0,CLIENT,7,2,100000,20,75,0,165,204,126,39,58,52,78182.40000000004,4,False,False
47,8,-1406.0455996278488,2758.0643200003115,1.0,CLIENT,7,2,100000,13,73,0,130,161,128,2,66,45,76097.53600000004,3,False,False
47,9,1812.7962022920597,-2984.8899519996658,1.0,CLIENT,3,0.0,100000,18,68,0,10,45,10,0,6,1,70885.37600000003,1,False,False

48,0,842.4830178366257,-831.0045822093705,1.0,CLIENT,7,2,100000,16,51,0,276,291,213,63,77,96,53164.03200000003,4,False,False
48,1,367.8614521299831,-1307.6768222097544,1.0,CLIENT,7,2,100000,17,82,0,112,196,110,2,75,17,85479.42400000004,4,False,False
48,2,2622.9672561494126,-1925.2801822094698,1.0,CLIENT,7,2,100000,14,72,0,48,113,46,2,40,1,75055.10400000004,2,False,False
48,3,521.7392599339969,-735.4920222092687,1.0,CLIENT,7,2,100000,16,47,0,257,294,215,42,77,95,48994.304000000026,4,False,False
48,4,286.44797481558413,167.09053779073173,1.0,CLIENT,7,2,100000,18,83,0,90,142,88,2,67,10,86521.85600000004,4,False,False
48,5,1737.16011241099,-1026.3711822096864,1.0,CLIENT,7,2,100000,10,80,0,116,219,111,5,70,33,83394.56000000004,5,False,False
48,6,-1699.4706605342822,-778.9068222096025,1.0,CLIENT,7,2,100000,14,56,0,0,8,0,0,0,0,58376.19200000003,1,False,False
48,7,-1614.4141676982197,901.2459377904247,1.0,CLIENT,7,2,100000,19,75,0,0,3,0,0,0,0,78182.40000000004,2,False,False
48,8,-1406.0455996278488,2758.0643200003115,1.0,CLIENT,7,2,100000,10,40,0,0,4,0,0,0,0,41697.28000000002,1,False,False
48,9,1812.7962022920597,-2984.8899519996658,1.0,CLIENT,3,0.0,100000,18,71,0,7,35,7,0,4,1,74012.67200000004,1,False,False

49,0,1534.7351629792038,850.4840177904481,1.0,CLIENT,7,2,100000,14,57,0,3,23,3,0,3,0,59418.62400000003,1,False,False
49,1,214.14203630590615,-52.8777822099579,1.0,CLIENT,7,2,100000,17,63,0,93,144,93,0,56,19,65673.21600000003,3,False,False
49,2,-2013.2451713517696,2234.6368977903307,1.0,CLIENT,7,2,100000,15,73,0,137,176,137,0,81,37,76097.53600000004,3,False,False
49,3,-997.3982126806441,2060.7550577903485,1.0,CLIENT,7,2,100000,16,75,0,263,274,211,52,80,100,78182.40000000004,4,False,False
49,4,-597.4584651726016,2604.998537790191,1.0,CLIENT,7,2,100000,18,68,0,138,190,138,0,78,41,70885.37600000003,4,False,False
49,5,-477.9517168578607,1038.614817790049,1.0,CLIENT,7,2,100000,10,73,0,152,216,132,20,67,56,76097.53600000004,4,False,False
49,6,-952.6524785533461,29.1650577901396,1.0,CLIENT,7,2,100000,18,71,0,117,134,111,6,60,37,74012.67200000004,2,False,False
49,7,1182.3922052238152,-2381.4695422093637,1.0,CLIENT,7,2,100000,21,41,0,41,41,41,0,20,0,42739.71200000002,1,False,False
49,8,-1406.0455996278488,2758.0643200003115,1.0,CLIENT,7,2,100000,13,60,0,213,216,184,29,83,68,62545.920000000035,3,False,False
49,9,1812.7962022920597,-2984.8899519996658,1.0,CLIENT,3,0.0,100000,20,41,0,41,41,41,0,21,0,42739.71200000002,1,False,False

50,0,-1472.970130262405,-288.3195822095476,1.0,CLIENT,7,2,100000,16,46,0,74,80,73,1,42,16,47951.872000000025,2,False,False
50,1,-353.8516011457751,1297.9904177901171,1.0,CLIENT,7,2,100000,17,80,0,162,166,126,36,62,57,83394.56000000004,4,False,False
50,2,860.2229195079457,-93.17562220946058,1.0,CLIENT,7,2,100000,15,72,0,63,96,63,0,52,1,75055.10400000004,4,False,False
50,3,-1085.780937080747,-629.2927422092553,1.0,CLIENT,7,2,100000,16,28,0,97,99,95,2,42,34,29188.096000000012,3,False,False
50,4,-503.29443353125544,-828.221582209278,1.0,CLIENT,7,2,100000,18,53,0,84,123,78,6,40,21,55248.89600000003,4,False,False
50,5,329.13461321327065,-1857.2636622095533,1.0,CLIENT,7,2,100000,10,35,0,17,50,17,0,12,1,36485.12000000002,3,False,False
50,6,-874.8820167611732,2036.0420177902556,1.0,CLIENT,7,2,100000,18,83,0,164,172,134,30,64,60,86521.85600000004,3,False,False
50,7,447.2158337147708,1039.3940577904548,1.0,CLIENT,7,2,100000,21,80,0,131,169,115,16,58,38,83394.56000000004,3,False,False
50,8,-1406.0455996278488,2758.0643200003115,1.0,CLIENT,7,2,100000,13,83,0,83,85,83,0,69,1,86521.85600000004,2,False,False
50,9,1812.7962022920597,-2984.8899519996658,1.0,CLIENT,3,0.0,100000,18,71,0,0,0,0,0,0,0,74012.67200000004,0,False,False

51,0,-893.7306622869859,1495.8060577905776,1.0,CLIENT,7,2,100000,16,87,0,361,479,251,110,100,115,90691.58400000005,7,False,False
51,1,29.140204587254647,865.6235377901913,1.0,CLIENT,7,2,100000,17,97,0,240,311,204,36,100,86,101115.90400000005,4,False,False
51,2,-1648.4684432281817,2172.9656177902134,1.0,CLIENT,7,2,100000,15,60,0,312,399,269,43,99,119,62545.920000000035,5,False,False
51,3,-2043.5772353706627,1043.4015777906193,1.0,CLIENT,7,2,100000,16,86,0,159,210,157,2,91,47,89649.15200000005,4,False,False
51,4,-298.2560164423302,2140.1262177900726,1.0,CLIENT,7,2,100000,18,102,0,182,315,170,12,97,48,106328.06400000006,6,False,False
51,5,-2142.968202325724,1707.8706577906567,1.0,CLIENT,7,2,100000,10,66,0,220,300,205,15,100,83,68800.51200000003,5,False,False
51,6,555.397555516368,824.657777790002,1.0,CLIENT,7,2,100000,18,38,0,196,257,194,2,90,82,39612.41600000002,4,False,False
51,7,974.2651445401915,264.82949779074914,1.0,CLIENT,7,2,100000,21,95,0,122,133,122,0,86,13,99031.04000000005,2,False,False
51,8,-1406.0455996278488,2758.0643200003115,1.0,CLIENT,7,2,100000,13,83,0,166,282,148,18,86,42,86521.85600000004,5,False,False
51,9,1812.7962022920597,-2984.8899519996658,1.0,CLIENT,3,0.0,100000,18,71,0,0,0,0,0,0,0,74012.67200000004,0,False,False

52,0,-2213.4526330745703,951.0059777905578,1.0,CLIENT,7,2,100000,14,54,0,0,0,0,0,0,0,56291.32800000003,1,False,False
52,1,347.11210285337035,1646.1993777905395,1.0,CLIENT,7,2,100000,17,47,0,38,40,38,0,22,1,48994.304000000026,2,False,False
52,2,682.2695308644039,-1598.2220222094334,1.0,CLIENT,7,2,100000,15,45,0,78,80,78,0,44,19,46909.440000000024,3,False,False
52,3,1311.4816682808364,157.73965779061115,1.0,CLIENT,7,2,100000,16,47,0,50,66,50,0,30,4,48994.304000000026,5,False,False
52,4,-1254.072414992603,-646.7699822094241,1.0,CLIENT,7,2,100000,16,64,0,0,1,0,0,0,0,66715.64800000003,1,False,False
52,5,1100.2659640025145,-1579.297622209754,1.0,CLIENT,7,2,100000,10,24,0,99,107,99,0,49,37,25018.36800000001,4,False,False
52,6,1080.0709866534294,-919.5039822097772,1.0,CLIENT,7,2,100000,18,56,0,112,116,91,21,41,35,58376.19200000003,3,False,False
52,7,170.50504603310094,1362.3333777906078,1.0,CLIENT,7,2,100000,21,38,0,48,58,48,0,18,5,39612.41600000002,2,False,False
52,8,-1406.0455996278488,2758.0643200003115,1.0,CLIENT,7,2,100000,10,40,0,0,0,0,0,0,0,41697.28000000002,0,False,False
52,9,1812.7962022920597,-2984.8899519996658,1.0,CLIENT,3,0.0,100000,18,71,0,0,0,0,0,0,0,74012.67200000004,1,False,False

53,0,644.4930438222474,1298.3243777900648,1.0,CLIENT,7,2,100000,14,51,0,1,39,1,0,1,0,53164.03200000003,3,False,False
53,1,-1740.9693590875077,1360.218297790411,1.0,CLIENT,7,2,100000,17,45,0,126,163,123,3,51,48,46909.440000000024,4,False,False
53,2,1951.306068304636,-1934.6310622095905,1.0,CLIENT,7,2,100000,15,34,0,81,93,81,0,38,25,35442.68800000002,2,False,False
53,3,1009.982535852174,-218.85590220932983,1.0,CLIENT,7,2,100000,13,56,0,4,12,4,0,4,0,58376.19200000003,2,False,False
53,4,1414.2780627887817,-2053.1868622092547,1.0,CLIENT,7,2,100000,18,41,0,80,87,80,0,35,19,42739.71200000002,3,False,False
53,5,-460.6869911235372,2284.174297790235,1.0,CLIENT,7,2,100000,10,47,0,126,167,126,0,69,43,48994.304000000026,4,False,False
53,6,-1851.1309806293104,807.9597777902387,1.0,CLIENT,7,2,100000,18,55,0,91,112,91,0,50,17,57333.76000000003,2,False,False
53,7,-1141.5349137630033,1814.7378577905658,1.0,CLIENT,7,2,100000,20,68,0,178,205,147,31,62,60,70885.37600000003,5,False,False
53,8,-1406.0455996278488,2758.0643200003115,1.0,CLIENT,7,2,100000,13,58,0,118,140,116,2,66,33,60461.05600000003,3,False,False
53,9,1812.7962022920597,-2984.8899519996658,1.0,CLIENT,3,0.0,100000,20,53,0,65,75,63,2,32,12,55248.89600000003,2,False,False

54,0,1521.1134527671063,-706.4375022098545,1.0,CLIENT,7,2,100000,16,68,0,140,146,136,4,59,54,70885.37600000003,3,False,False
54,1,-624.4642976280167,543.7974177903916,1.0,CLIENT,7,2,100000,17,68,0,78,109,78,0,56,8,70885.37600000003,3,False,False
54,2,-2585.3570002626734,6.567097790243679,1.0,CLIENT,7,2,100000,15,35,0,38,38,38,0,16,4,36485.12000000002,1,False,False
54,3,-2413.343310839186,273.62377779069305,1.0,CLIENT,7,2,100000,16,38,0,35,36,35,0,15,4,39612.41600000002,2,False,False
54,4,2635.638614486392,-3174.2905822096436,1.0,CLIENT,7,2,100000,18,38,0,38,38,38,0,20,0,39612.41600000002,1,False,False
54,5,-198.7066575084574,-5.56678220996929,1.0,CLIENT,7,2,100000,10,68,0,140,141,132,8,63,60,70885.37600000003,3,False,False
54,6,522.1352398815877,-282.75358220936283,1.0,CLIENT,7,2,100000,18,72,0,166,245,141,25,58,62,75055.10400000004,4,False,False
54,7,1896.8984234456523,56.661097790324675,1.0,CLIENT,7,2,100000,21,74,0,76,113,76,0,54,2,77139.96800000004,2,False,False
54,8,-1406.0455996278488,2758.0643200003115,1.0,CLIENT,7,2,100000,10,40,0,0,0,0,0,0,0,41697.28000000002,0,False,False
54,9,1812.7962022920597,-2984.8899519996658,1.0,CLIENT,3,0.0,100000,20,38,0,38,38,38,0,18,0,39612.41600000002,1,False,False

55,0,1844.3914823369055,-46.755182209596455,1.0,CLIENT,7,2,100000,16,37,0,33,34,33,0,16,1,38569.98400000002,2,False,False
55,1,1775.886951328265,-2430.6729822093203,1.0,CLIENT,7,2,100000,17,37,0,37,37,37,0,20,0,38569.98400000002,1,False,False
55,2,-2060.366785166864,-444.5015422099232,1.0,CLIENT,7,2,100000,15,38,0,35,46,35,0,18,4,39612.41600000002,2,False,False
55,3,1469.081687595919,-384.5000622095449,1.0,CLIENT,7,2,100000,16,33,0,37,38,37,0,16,2,34400.256000000016,3,False,False
55,4,-386.24276089427957,-592.8911022094073,1.0,CLIENT,7,2,100000,16,63,0,0,3,0,0,0,0,65673.21600000003,2,False,False
55,5,575.7509248448271,1294.539497790129,1.0,CLIENT,7,2,100000,9,36,0,0,0,0,0,0,0,37527.55200000002,2,False,False
55,6,-2056.565377665827,712.4472177901371,1.0,CLIENT,7,2,100000,17,40,0,31,36,31,0,16,2,41697.28000000002,2,False,False
55,7,-1409.3757506092945,2443.361897790141,1.0,CLIENT,7,2,100000,20,48,0,35,36,35,0,13,2,50036.736000000026,2,False,False
55,8,-1406.0455996278488,2758.0643200003115,1.0,CLIENT,7,2,100000,13,35,0,48,48,48,0,20,9,36485.12000000002,1,False,False
55,9,1812.7962022920597,-2984.8899519996658,1.0,CLIENT,3,0.0,100000,20,37,0,37,37,37,0,17,0,38569.98400000002,1,False,False

56,0,-771.6896423050742,473.66581779027825,1.0,CLIENT,7,2,100000,16,83,0,173,254,157,16,78,56,86521.85600000004,5,False,False
56,1,829.7324635102412,520.9768177902669,1.0,CLIENT,7,2,100000,17,88,0,182,236,178,4,77,72,91734.01600000005,4,False,False
56,2,-71.51789820167349,23.93301779069361,1.0,CLIENT,7,2,100000,15,85,0,273,366,208,65,82,106,88606.72000000004,5,False,False
56,3,-11.17055412207254,-708.7752222094891,1.0,CLIENT,7,2,100000,16,83,0,118,241,114,4,80,17,86521.85600000004,4,False,False
56,4,-2276.571836790122,1850.1376177905704,1.0,CLIENT,7,2,100000,17,53,0,35,64,35,0,19,5,55248.89600000003,2,False,False
56,5,-1576.4000926872836,2888.641897790685,1.0,CLIENT,7,2,100000,10,34,0,66,85,66,0,29,21,35442.68800000002,2,False,False
56,6,-1417.5329375383342,-427.24694220998316,1.0,CLIENT,7,2,100000,18,84,0,107,199,105,2,69,13,87564.28800000004,3,False,False
56,7,669.2813885692399,1294.316857790691,1.0,CLIENT,7,2,100000,21,92,0,96,144,96,0,71,1,95903.74400000005,3,False,False
56,8,-1406.0455996278488,2758.0643200003115,1.0,CLIENT,7,2,100000,13,34,0,61,83,61,0,26,19,35442.68800000002,2,False,False
56,9,1812.7962022920597,-2984.8899519996658,1.0,CLIENT,3,0.0,100000,18,71,0,0,0,0,0,0,0,74012.67200000004,0,False,False

57,0,-344.8232583304597,-509.2897822092897,1.0,CLIENT,7,2,100000,16,72,0,112,175,106,6,59,30,75055.10400000004,4,False,False
57,1,2434.1640169297243,-2124.3203422100028,1.0,CLIENT,7,2,100000,17,45,0,36,85,36,0,21,3,46909.440000000024,3,False,False
57,2,-707.4616947344676,-864.1779422094592,1.0,CLIENT,7,2,100000,15,69,0,147,164,142,5,60,55,71927.80800000003,4,False,False
57,3,-721.7961688534667,684.7285377905141,1.0,CLIENT,7,2,100000,16,60,0,47,128,47,0,34,1,62545.920000000035,4,False,False
57,4,1567.4431066858933,-624.394662209757,1.0,CLIENT,7,2,100000,18,52,0,44,53,44,0,25,6,54206.46400000003,2,False,False
57,5,-1738.1974994515572,-689.6281822095813,1.0,CLIENT,7,2,100000,10,75,0,150,195,122,28,63,53,78182.40000000004,4,False,False
57,6,1102.3250597326885,-1698.1873822093664,1.0,CLIENT,7,2,100000,17,52,0,48,95,48,0,26,11,54206.46400000003,4,False,False
57,7,-2194.2080076006037,272.06529779067296,1.0,CLIENT,7,2,100000,20,73,0,76,103,72,4,49,3,76097.53600000004,3,False,False
57,8,-1406.0455996278488,2758.0643200003115,1.0,CLIENT,7,2,100000,10,40,0,0,0,0,0,0,0,41697.28000000002,0,False,False
57,9,1812.7962022920597,-2984.8899519996658,1.0,CLIENT,3,0.0,100000,20,47,0,38,57,38,0,17,4,48994.304000000026,2,False,False

58,0,959.6930824529754,873.9725377904686,1.0,CLIENT,7,2,100000,14,49,0,1,12,1,0,1,0,51079.16800000003,3,False,False
58,1,2375.4797886321435,-1058.9879422095985,1.0,CLIENT,7,2,100000,17,58,0,29,90,29,0,24,7,60461.05600000003,3,False,False
58,2,1119.7481774458233,-2419.429662210023,1.0,CLIENT,7,2,100000,15,82,0,168,211,149,19,67,63,85479.42400000004,4,False,False
58,3,1085.4563139465185,-974.3847422096374,1.0,CLIENT,7,2,100000,16,81,0,114,178,107,7,66,26,84436.99200000004,5,False,False
58,4,956.762830837651,-1850.1391822093483,1.0,CLIENT,7,2,100000,18,79,0,165,205,153,12,65,60,82352.12800000004,4,False,False
58,5,-480.88196847318505,21.595297790267978,1.0,CLIENT,7,2,100000,10,31,0,31,36,31,0,21,0,32315.392000000014,3,False,False
58,6,-617.3366585635013,702.5397377906307,1.0,CLIENT,7,2,100000,18,31,0,34,46,34,0,13,3,32315.392000000014,3,False,False
58,7,-2383.4072267684464,1373.4653777901863,1.0,CLIENT,7,2,100000,19,75,0,0,6,0,0,0,0,78182.40000000004,2,False,False
58,8,-1406.0455996278488,2758.0643200003115,1.0,CLIENT,7,2,100000,10,41,0,1,10,1,0,1,0,42739.71200000002,1,False,False
58,9,1812.7962022920597,-2984.8899519996658,1.0,CLIENT,3,0.0,100000,20,83,0,85,108,85,0,61,3,86521.85600000004,2,False,False

59,0,-2020.1352224475054,1886.5392577904183,1.0,CLIENT,7,2,100000,16,51,0,134,143,103,31,45,43,53164.03200000003,3,False,False
59,1,-1711.5084509543274,-543.4650222100129,1.0,CLIENT,7,2,100000,17,32,0,32,47,32,0,15,0,33357.824000000015,2,False,False
59,2,-974.6689636638255,-199.59754220970297,1.0,CLIENT,7,2,100000,15,32,0,32,34,32,0,17,0,33357.824000000015,2,False,False
59,3,1248.6792485234703,841.912377790733,1.0,CLIENT,7,2,100000,13,52,0,0,0,0,0,0,0,54206.46400000003,0,False,False
59,4,1618.366128002588,-1676.8139422095428,1.0,CLIENT,7,2,100000,18,46,0,29,83,29,0,16,3,47951.872000000025,2,False,False
59,5,-2443.5169828792677,1951.7727777902426,1.0,CLIENT,7,2,100000,10,32,0,129,158,112,17,51,42,33357.824000000015,3,False,False
59,6,2406.9205965055294,-2680.8090222097776,1.0,CLIENT,7,2,100000,18,54,0,89,107,84,5,37,22,56291.32800000003,2,False,False
59,7,-2432.429544334341,891.5610977903564,1.0,CLIENT,7,2,100000,21,60,0,76,96,75,1,40,15,62545.920000000035,4,False,False
59,8,-1406.0455996278488,2758.0643200003115,1.0,CLIENT,7,2,100000,13,51,0,60,76,60,0,36,11,53164.03200000003,2,False,False
59,9,1812.7962022920597,-2984.8899519996658,1.0,CLIENT,3,0.0,100000,20,61,0,58,76,58,0,35,4,63588.352000000035,2,False,False

60,0,1181.6002453275078,-768.5540622096386,1.0,CLIENT,7,2,100000,16,70,0,92,178,92,0,61,18,72970.24000000003,4,False,False
60,1,1426.9494211257602,-2249.332702209976,1.0,CLIENT,7,2,100000,17,80,0,219,285,173,46,79,73,83394.56000000004,5,False,False
60,2,-2285.3625916366573,655.340057790361,1.0,CLIENT,7,2,100000,14,39,0,40,40,40,0,19,5,40654.84800000002,1,False,False
60,3,178.5038409833293,256.480497790472,1.0,CLIENT,7,2,100000,13,49,0,6,41,6,0,6,2,51079.16800000003,1,False,False
60,4,2411.3555719234996,-3245.5353822093193,1.0,CLIENT,7,2,100000,18,76,0,87,132,87,0,63,6,79224.83200000004,3,False,False
60,5,2176.5394627426463,-1534.546982209629,1.0,CLIENT,7,2,100000,10,76,0,169,212,157,12,87,51,79224.83200000004,5,False,False
60,6,-98.28614268830894,2235.4161377907362,1.0,CLIENT,7,2,100000,18,45,0,45,77,45,0,23,2,46909.440000000024,2,False,False
60,7,1308.4722206761064,-1522.4131022094161,1.0,CLIENT,7,2,100000,20,51,0,226,233,200,26,77,87,53164.03200000003,4,False,False
60,8,-1133.7737067815544,2450.4863777903456,1.0,CLIENT,7,2,100000,13,38,0,93,95,91,2,30,27,39612.41600000002,2,False,False
60,9,-2387.4462222382635,510.0674577901262,1.0,CLIENT,7,2,100000,19,40,0,39,39,39,0,14,3,41697.28000000002,1,False,False
60,10,-1406.0455996278488,2758.0643200003115,1.0,CLIENT,7,2,100000,12,50,0,44,69,44,0,31,5,52121.60000000003,2,False,False
60,11,1812.7962022920597,-2984.8899519996658,1.0,CLIENT,3,0.0,100000,16,73,0,156,174,143,13,65,57,76097.53600000004,4,False,False

61,0,2075.4853800061273,-1795.9263422093838,1.0,CLIENT,7,2,100000,16,67,0,220,317,197,23,86,85,69842.94400000003,5,False,False
61,1,1843.2827384824132,-1050.86158220955,1.0,CLIENT,7,2,100000,17,68,0,198,227,196,2,83,82,70885.37600000003,4,False,False
61,2,1230.7017588833708,-740.6127422097868,1.0,CLIENT,7,2,100000,15,80,0,112,184,112,0,82,17,83394.56000000004,5,False,False
61,3,-1131.5562190725693,2318.794817790625,1.0,CLIENT,7,2,100000,17,24,0,56,56,56,0,22,15,25018.36800000001,2,False,False
61,4,-467.4186502398989,-451.4033822098992,1.0,CLIENT,7,2,100000,18,50,0,41,53,41,0,23,4,52121.60000000003,2,False,False
61,5,-938.3972004243154,2585.5175377903356,1.0,CLIENT,7,2,100000,10,19,0,61,61,61,0,29,20,19806.208000000006,2,False,False
61,6,1284.7926197836066,-2404.5127822097174,1.0,CLIENT,7,2,100000,18,58,0,202,237,198,4,83,83,60461.05600000003,5,False,False
61,7,-2626.301326888934,322.38193779019184,1.0,CLIENT,7,2,100000,20,69,0,7,35,7,0,5,0,71927.80800000003,1,False,False
61,8,-1251.6173393148376,380.60229779032113,1.0,CLIENT,7,2,100000,13,49,0,54,98,54,0,30,15,51079.16800000003,2,False,False
61,9,1498.1466157815082,-1987.396742209254,1.0,CLIENT,7,2,100000,20,52,0,293,346,242,51,82,109,54206.46400000003,5,False,False
61,10,-1406.0455996278488,2758.0643200003115,1.0,CLIENT,7,2,100000,12,37,0,43,43,43,0,27,5,38569.98400000002,2,False,False
61,11,1812.7962022920597,-2984.8899519996658,1.0,CLIENT,3,0.0,100000,16,81,0,124,166,124,0,82,26,84436.99200000004,3,False,False

62,0,-1031.2940962317948,1561.4848577900684,1.0,CLIENT,7,2,100000,16,66,0,362,451,253,109,96,111,68800.51200000003,6,False,False
62,1,109.52413403656664,1435.5819377899704,1.0,CLIENT,7,2,100000,17,84,0,146,200,144,2,86,34,87564.28800000004,3,False,False
62,2,1937.129986165011,-2187.1048222096824,1.0,CLIENT,7,2,100000,15,53,0,112,129,100,12,46,38,55248.89600000003,3,False,False
62,3,-2029.163565262258,1031.3790177901253,1.0,CLIENT,7,2,100000,16,73,0,182,200,182,0,94,64,76097.53600000004,4,False,False
62,4,-149.12996801503516,2280.1667777900702,1.0,CLIENT,7,2,100000,18,86,0,210,289,192,18,85,75,89649.15200000005,4,False,False
62,5,1100.7411399400737,-2083.3545822098135,1.0,CLIENT,7,2,100000,10,55,0,128,153,112,16,50,50,57333.76000000003,3,False,False
62,6,1310.2145324469695,-170.6543422100077,1.0,CLIENT,7,2,100000,14,56,0,0,2,0,0,0,0,58376.19200000003,1,False,False
62,7,-1233.7982416535492,1779.0041377906136,1.0,CLIENT,7,2,100000,20,69,0,338,428,231,107,92,98,71927.80800000003,6,False,False
62,8,-1967.549085349353,943.7701777906341,1.0,CLIENT,7,2,100000,13,61,0,190,207,189,1,97,69,63588.352000000035,4,False,False
62,9,439.13784277513673,-1711.6571022093706,1.0,CLIENT,7,2,100000,20,55,0,56,66,56,0,35,1,57333.76000000003,3,False,False
62,10,-1406.0455996278488,2758.0643200003115,1.0,CLIENT,7,2,100000,12,84,0,132,207,132,0,83,34,87564.28800000004,5,False,False
62,11,1812.7962022920597,-2984.8899519996658,1.0,CLIENT,3,0.0,100000,16,55,0,75,104,75,0,45,8,57333.76000000003,2,False,False

63,0,31.832868233799324,988.632137790478,1.0,CLIENT,7,2,100000,16,41,0,42,46,42,0,23,3,42739.71200000002,2,False,False
63,1,-235.53279267493255,702.9850177902974,1.0,CLIENT,7,2,100000,17,42,0,48,76,47,1,22,8,43782.14400000002,3,False,False
63,2,1168.7704950117177,-1418.996822209495,1.0,CLIENT,7,2,100000,15,40,0,279,312,261,18,101,122,41697.28000000002,6,False,False
63,3,1670.2395011944013,-2603.775582209688,1.0,CLIENT,7,2,100000,16,64,0,247,303,231,16,96,103,66715.64800000003,6,False,False
63,4,1876.0698781790713,-1304.1145822092565,1.0,CLIENT,7,2,100000,18,68,0,235,278,219,16,98,84,70885.37600000003,6,False,False
63,5,-1311.8854874044705,-160.8581822094294,1.0,CLIENT,7,2,100000,10,35,0,51,77,49,2,26,11,36485.12000000002,3,False,False
63,6,1600.3886383619256,-1629.9482222100119,1.0,CLIENT,7,2,100000,18,40,0,316,362,274,42,98,137,41697.28000000002,6,False,False
63,7,908.0572972299418,-932.5284222093237,1.0,CLIENT,7,2,100000,21,86,0,158,190,158,0,94,39,89649.15200000005,5,False,False
63,8,1404.7745440364695,-2182.9859822097987,1.0,CLIENT,7,2,100000,13,56,0,341,394,280,61,103,125,58376.19200000003,6,False,False
63,9,-1247.9743237926116,-631.407822209452,1.0,CLIENT,7,2,100000,20,42,0,35,38,35,0,16,0,43782.14400000002,2,False,False
63,10,-1406.0455996278488,2758.0643200003115,1.0,CLIENT,7,2,100000,12,48,0,0,0,0,0,0,0,50036.736000000026,0,False,False
63,11,1812.7962022920597,-2984.8899519996658,1.0,CLIENT,3,0.0,100000,16,106,0,120,133,120,0,95,9,110497.79200000006,5,False,False

64,0,2461.8034173020724,-1403.300702209575,1.0,CLIENT,7,2,100000,16,48,0,92,92,92,0,54,22,50036.736000000026,4,False,False
64,1,496.95091518700434,1005.6640977901893,1.0,CLIENT,7,2,100000,17,62,0,26,51,26,0,16,2,64630.784000000036,2,False,False
64,2,2109.935635484243,-1770.7680222096244,1.0,CLIENT,7,2,100000,15,36,0,115,145,115,0,55,45,37527.55200000002,4,False,False
64,3,-2077.7899028805614,607.138497790248,1.0,CLIENT,7,2,100000,17,44,0,50,84,50,0,27,6,45867.00800000002,3,False,False
64,4,-2132.1975477395454,1971.3650977906082,1.0,CLIENT,7,2,100000,18,40,0,41,88,41,0,18,6,41697.28000000002,3,False,False
64,5,2353.9384794592233,-1773.5510222097168,1.0,CLIENT,7,2,100000,10,21,0,121,146,120,1,60,50,21891.072000000007,4,False,False
64,6,1905.5307863122512,-1588.9824622098226,1.0,CLIENT,7,2,100000,18,35,0,105,122,105,0,52,35,36485.12000000002,4,False,False
64,7,-2355.45104243735,45.19513779000732,1.0,CLIENT,7,2,100000,21,44,0,44,44,44,0,23,0,45867.00800000002,1,False,False
64,8,-706.2737548905693,1369.123897790074,1.0,CLIENT,7,2,100000,13,52,0,42,102,42,0,23,10,54206.46400000003,4,False,False
64,9,-459.9742272171982,-630.5172622093276,1.0,CLIENT,7,2,100000,18,71,0,0,2,0,0,0,0,74012.67200000004,1,False,False
64,10,-1406.0455996278488,2758.0643200003115,1.0,CLIENT,7,2,100000,12,40,0,40,62,40,0,25,4,41697.28000000002,2,False,False
64,11,1812.7962022920597,-2984.8899519996658,1.0,CLIENT,3,0.0,100000,16,55,0,8,55,8,0,7,0,57333.76000000003,4,False,False

65,0,-1885.7396280868004,2315.566537790075,1.0,CLIENT,7,2,100000,16,68,0,211,310,204,7,91,73,70885.37600000003,6,False,False
65,1,1081.9716904036666,746.956417790017,1.0,CLIENT,7,2,100000,17,31,0,31,31,31,0,14,0,32315.392000000014,1,False,False
65,2,-432.4932188242238,2297.977977790187,1.0,CLIENT,7,2,100000,15,73,0,196,252,191,5,93,70,76097.53600000004,5,False,False
65,3,-2349.9073231654493,1030.7110977902298,1.0,CLIENT,7,2,100000,16,81,0,92,125,92,0,66,12,84436.99200000004,2,False,False
65,4,-491.0190551424304,2032.5910977902677,1.0,CLIENT,7,2,100000,18,50,0,213,295,207,6,90,84,52121.60000000003,5,False,False
65,5,-1473.2077182311846,1671.13505779007,1.0,CLIENT,7,2,100000,10,72,0,295,367,226,69,96,93,75055.10400000004,6,False,False
65,6,1519.0543570369323,-1345.5256222099035,1.0,CLIENT,7,2,100000,15,57,0,14,46,14,0,12,0,59418.62400000003,3,False,False
65,7,-1325.5071976165677,2996.8449377903853,1.0,CLIENT,7,2,100000,21,67,0,217,294,187,30,86,62,69842.94400000003,5,False,False
65,8,1481.4362619747126,229.31841779023472,1.0,CLIENT,7,2,100000,13,31,0,32,42,32,0,18,1,32315.392000000014,2,False,False
65,9,2229.3631878095784,-2539.4326222099885,1.0,CLIENT,7,2,100000,20,45,0,61,96,61,0,26,13,46909.440000000024,2,False,False
65,10,-1406.0455996278488,2758.0643200003115,1.0,CLIENT,7,2,100000,12,42,0,311,329,279,32,96,137,43782.14400000002,5,False,False
65,11,1812.7962022920597,-2984.8899519996658,1.0,CLIENT,3,0.0,100000,16,49,0,45,47,45,0,30,0,51079.16800000003,2,False,False

66,0,-1079.84123786013,-848.927102209997,1.0,CLIENT,7,2,100000,16,36,0,36,36,36,0,20,0,37527.55200000002,1,False,False
66,1,1972.7681814875878,9.795377790002817,1.0,CLIENT,7,2,100000,17,48,0,55,57,55,0,31,7,50036.736000000026,2,False,False
66,2,-634.759776276636,2495.237017790471,1.0,CLIENT,7,2,100000,15,57,0,76,110,75,1,45,15,59418.62400000003,4,False,False
66,3,-1467.2680190105677,2896.6569377902233,1.0,CLIENT,7,2,100000,16,36,0,147,148,138,9,44,50,37527.55200000002,3,False,False
66,4,576.3052967723547,1021.4715377906191,1.0,CLIENT,7,2,100000,18,49,0,55,59,55,0,30,7,51079.16800000003,3,False,False
66,5,1985.8355197727205,-2919.479102209917,1.0,CLIENT,7,2,100000,10,30,0,84,84,84,0,37,30,31272.960000000014,2,False,False
66,6,-2016.492206925842,2351.634217789975,1.0,CLIENT,7,2,100000,17,60,0,77,110,75,2,43,16,62545.920000000035,3,False,False
66,7,1895.6312876117856,-1912.812342209309,1.0,CLIENT,7,2,100000,21,47,0,54,67,54,0,26,4,48994.304000000026,2,False,False
66,8,1220.4062802341887,251.91637779013064,1.0,CLIENT,7,2,100000,13,55,0,97,99,78,19,35,34,57333.76000000003,3,False,False
66,9,-265.1520927874867,-711.8921822095294,1.0,CLIENT,7,2,100000,20,36,0,36,38,36,0,16,0,37527.55200000002,2,False,False
66,10,-1406.0455996278488,2758.0643200003115,1.0,CLIENT,7,2,100000,12,31,0,151,153,141,10,48,58,32315.392000000014,3,False,False
66,11,1812.7962022920597,-2984.8899519996658,1.0,CLIENT,3,0.0,100000,16,38,0,65,75,65,0,31,17,39612.41600000002,2,False,False

67,0,743.4880308297179,281.08221779005476,1.0,CLIENT,7,2,100000,16,42,0,31,42,31,0,16,2,43782.14400000002,3,False,False
67,1,-775.4118538161432,-890.6721022098009,1.0,CLIENT,7,2,100000,17,52,0,88,109,88,0,35,30,54206.46400000003,3,False,False
67,2,-1860.2385194340316,-295.4440622097525,1.0,CLIENT,7,2,100000,14,52,0,57,106,57,0,30,15,54206.46400000003,2,False,False
67,3,-1053.3897773316799,1558.2565777903094,1.0,CLIENT,7,2,100000,17,60,0,112,161,108,4,48,35,62545.920000000035,4,False,False
67,4,-368.9780351605188,1728.3535377903559,1.0,CLIENT,7,2,100000,18,62,0,74,143,74,0,45,8,64630.784000000036,5,False,False
67,5,1982.6676801880537,-2720.3276222096656,1.0,CLIENT,7,2,100000,10,29,0,96,96,96,0,33,35,30230.528000000013,2,False,False
67,6,2808.6818517744036,-2386.478942209372,1.0,CLIENT,7,2,100000,17,54,0,45,68,45,0,26,3,56291.32800000003,2,False,False
67,7,-617.3366585635013,-640.8700222092915,1.0,CLIENT,7,2,100000,20,59,0,70,119,70,0,32,14,61503.488000000034,4,False,False
67,8,453.15553293538784,396.7436977906988,1.0,CLIENT,7,2,100000,13,31,0,45,91,45,0,19,8,32315.392000000014,5,False,False
67,9,-1162.0466750708365,2900.775777790107,1.0,CLIENT,7,2,100000,20,54,0,83,148,82,1,35,14,56291.32800000003,3,False,False
67,10,-1406.0455996278488,2758.0643200003115,1.0,CLIENT,7,2,100000,12,56,0,92,142,91,1,44,34,58376.19200000003,3,False,False
67,11,1812.7962022920597,-2984.8899519996658,1.0,CLIENT,3,0.0,100000,16,42,0,57,79,57,0,27,13,43782.14400000002,2,False,False

68,0,-278.9321949789581,748.0696177903703,1.0,CLIENT,7,2,100000,16,53,0,249,287,229,20,88,100,55248.89600000003,6,False,False
68,1,-921.053278701149,1756.0722177899788,1.0,CLIENT,7,2,100000,17,102,0,205,245,170,35,87,74,106328.06400000006,5,False,False
68,2,144.29117347343046,-948.6698222097014,1.0,CLIENT,7,2,100000,15,65,0,208,239,206,2,86,87,67758.08000000003,4,False,False
68,3,242.17741662584555,-1201.9228222094077,1.0,CLIENT,7,2,100000,16,79,0,137,181,137,0,85,36,82352.12800000004,3,False,False
68,4,-89.49538784233592,236.33157779072064,1.0,CLIENT,7,2,100000,18,94,0,204,300,170,34,84,64,97988.60800000005,7,False,False
68,5,153.00273232999783,-993.8657422094932,1.0,CLIENT,7,2,100000,10,67,0,205,238,201,4,91,80,69842.94400000003,4,False,False
68,6,-2520.65387675507,576.4141777903037,1.0,CLIENT,7,2,100000,18,33,0,33,33,33,0,15,0,34400.256000000016,1,False,False
68,7,-117.37237618346404,1328.0468177901657,1.0,CLIENT,7,2,100000,20,74,0,239,249,193,46,84,81,77139.96800000004,4,False,False
68,8,-1713.4883506945332,391.0663777900041,1.0,CLIENT,7,2,100000,13,33,0,35,101,35,0,20,2,34400.256000000016,5,False,False
68,9,2288.7601800140606,-2765.078262209791,1.0,CLIENT,7,2,100000,20,36,0,36,36,36,0,16,0,37527.55200000002,1,False,False
68,10,-1406.0455996278488,2758.0643200003115,1.0,CLIENT,7,2,100000,12,100,0,98,102,98,0,85,2,104243.20000000006,1,False,False
68,11,1812.7962022920597,-2984.8899519996658,1.0,CLIENT,3,0.0,100000,16,36,0,36,36,36,0,20,0,37527.55200000002,1,False,False

69,0,-1846.6168092213716,2677.579177790449,1.0,CLIENT,7,2,100000,16,28,0,33,42,33,0,13,2,29188.096000000012,4,False,False
69,1,-1306.0249841738216,1033.1601377903744,1.0,CLIENT,7,2,100000,17,62,0,109,155,109,0,59,30,64630.784000000036,5,False,False
69,2,1615.7526603454492,332.73469779015585,1.0,CLIENT,7,2,100000,14,54,0,74,120,74,0,33,21,56291.32800000003,4,False,False
69,3,703.0980761304222,-639.7568222097291,1.0,CLIENT,7,2,100000,14,56,0,48,140,48,0,27,14,58376.19200000003,4,False,False
69,4,-565.0673054235343,1391.387897790022,1.0,CLIENT,7,2,100000,18,44,0,175,182,158,17,58,65,45867.00800000002,5,False,False
69,5,2362.491646336979,-3412.292742209888,1.0,CLIENT,7,2,100000,10,26,0,26,26,26,0,16,0,27103.23200000001,1,False,False
69,6,1512.956265837504,382.7173777905179,1.0,CLIENT,7,2,100000,16,59,0,73,132,72,1,32,24,61503.488000000034,4,False,False
69,7,2470.9901520961994,-1253.7979422097376,1.0,CLIENT,7,2,100000,19,75,0,0,0,0,0,0,0,78182.40000000004,3,False,False
69,8,3.005528016989824,656.3419377902045,1.0,CLIENT,7,2,100000,13,72,0,108,195,108,0,63,29,75055.10400000004,6,False,False
69,9,-486.663275714428,1490.7966577905695,1.0,CLIENT,7,2,100000,20,42,0,179,190,160,19,56,62,43782.14400000002,5,False,False
69,10,-1406.0455996278488,2758.0643200003115,1.0,CLIENT,7,2,100000,12,33,0,29,56,29,0,17,1,34400.256000000016,4,False,False
69,11,1812.7962022920597,-2984.8899519996658,1.0,CLIENT,3,0.0,100000,16,26,0,26,26,26,0,10,0,27103.23200000001,1,False,False

70,0,317.0176268032569,151.83969779047857,1.0,CLIENT,7,2,100000,16,121,0,237,331,221,16,122,89,126134.27200000007,4,False,False
70,1,1431.542788523105,-1389.719662209852,1.0,CLIENT,7,2,100000,17,118,0,275,281,230,45,109,96,123006.97600000007,5,False,False
70,2,-1560.4025027868267,895.9025777904687,1.0,CLIENT,7,2,100000,15,114,0,246,261,202,44,102,90,118837.24800000007,5,False,False
70,3,-725.0432044269764,966.9247377907067,1.0,CLIENT,7,2,100000,16,121,0,265,330,227,38,109,99,126134.27200000007,5,False,False
70,4,-2553.836996399319,785.3618177903428,1.0,CLIENT,7,2,100000,18,80,0,155,164,155,0,98,38,83394.56000000004,3,False,False
70,5,-2290.351938981593,1052.9750977901779,1.0,CLIENT,7,2,100000,10,45,0,198,238,197,1,106,81,46909.440000000024,3,False,False
70,6,2218.434141244026,-1850.918422209754,1.0,CLIENT,7,2,100000,18,80,0,215,290,203,12,109,70,83394.56000000004,4,False,False
70,7,-11.012162143261245,305.6839377904285,1.0,CLIENT,7,2,100000,20,107,0,248,309,244,4,110,98,111540.22400000006,4,False,False
70,8,992.7178101184132,-842.3592222099688,1.0,CLIENT,7,2,100000,13,124,0,206,324,187,19,111,61,129261.56800000007,5,False,False
70,9,1791.0133853430088,-2102.835582209669,1.0,CLIENT,7,2,100000,20,71,0,289,333,249,40,107,111,74012.67200000004,4,False,False
70,10,-1406.0455996278488,2758.0643200003115,1.0,CLIENT,7,2,100000,12,48,0,0,1,0,0,0,0,50036.736000000026,1,False,False
70,11,1812.7962022920597,-2984.8899519996658,1.0,CLIENT,3,0.0,100000,16,82,0,97,143,95,2,70,12,85479.42400000004,3,False,False

71,0,-573.6204723012904,-831.561182209547,1.0,CLIENT,7,2,100000,16,65,0,145,222,140,5,66,55,67758.08000000003,5,False,False
71,1,-1562.7783824751862,1892.4392177905509,1.0,CLIENT,7,2,100000,17,97,0,198,230,170,28,78,74,101115.90400000005,5,False,False
71,2,2765.044861502161,-1897.2275422098992,1.0,CLIENT,7,2,100000,12,48,0,0,14,0,0,0,0,50036.736000000026,2,False,False
71,3,1813.3466544116734,-454.07506220948164,1.0,CLIENT,7,2,100000,13,52,0,0,5,0,0,0,0,54206.46400000003,2,False,False
71,4,-2395.5242131778973,311.80653778999897,1.0,CLIENT,7,2,100000,18,93,0,119,167,119,0,84,15,96946.17600000005,4,False,False
71,5,-844.8667367004653,900.0214177903524,1.0,CLIENT,7,2,100000,10,71,0,199,292,171,28,96,63,74012.67200000004,6,False,False
71,6,440.3257826190351,-1503.488702209737,1.0,CLIENT,7,2,100000,17,73,0,72,128,72,0,50,7,76097.53600000004,3,False,False
71,7,-1574.6577809158575,-12.357302209435375,1.0,CLIENT,7,2,100000,20,90,0,261,341,194,67,84,87,93818.88000000005,6,False,False
71,8,-290.49480946144416,-511.73882220943426,1.0,CLIENT,7,2,100000,13,69,0,145,239,133,12,70,44,71927.80800000003,5,False,False
71,9,-1223.0275870673706,797.4956977905558,1.0,CLIENT,7,2,100000,20,65,0,283,358,223,60,86,109,67758.08000000003,6,False,False
71,10,-1406.0455996278488,2758.0643200003115,1.0,CLIENT,7,2,100000,12,94,0,97,97,97,0,82,3,97988.60800000005,1,False,False
71,11,1812.7962022920597,-2984.8899519996658,1.0,CLIENT,3,0.0,100000,15,61,0,1,10,1,0,1,0,63588.352000000035,1,False,False

72,0,2365.2635059729296,-2646.856422209283,1.0,CLIENT,7,2,100000,16,34,0,36,48,36,0,18,2,35442.68800000002,2,False,False
72,1,2445.885023391584,-1132.347822209471,1.0,CLIENT,7,2,100000,17,51,0,60,99,60,0,35,5,53164.03200000003,3,False,False
72,2,1192.4500959036548,1016.462137790611,1.0,CLIENT,7,2,100000,12,47,0,0,2,0,0,0,0,48994.304000000026,2,False,False
72,3,1065.5781205556189,-768.9993422093053,1.0,CLIENT,7,2,100000,15,47,0,30,89,30,0,18,1,48994.304000000026,3,False,False
72,4,-241.71007986432926,2055.6343377906214,1.0,CLIENT,7,2,100000,18,63,0,113,154,113,0,66,30,65673.21600000003,5,False,False
72,5,-1865.1486707895615,1162.6252977901795,1.0,CLIENT,7,2,100000,10,59,0,106,123,100,6,49,43,61503.488000000034,4,False,False
72,6,-389.6481884471632,2602.10421779038,1.0,CLIENT,7,2,100000,18,45,0,182,184,175,7,66,60,46909.440000000024,3,False,False
72,7,2341.900689039178,-691.5206222095492,1.0,CLIENT,7,2,100000,20,56,0,75,93,75,0,32,18,58376.19200000003,2,False,False
72,8,-1024.7208290948072,1962.5708177906643,1.0,CLIENT,7,2,100000,13,59,0,218,230,178,40,71,77,61503.488000000034,5,False,False
72,9,-1723.308653405593,325.27625779000317,1.0,CLIENT,7,2,100000,20,59,0,59,61,59,0,39,0,61503.488000000034,2,False,False
72,10,-1406.0455996278488,2758.0643200003115,1.0,CLIENT,7,2,100000,12,62,0,114,165,114,0,72,26,64630.784000000036,4,False,False
72,11,1812.7962022920597,-2984.8899519996658,1.0,CLIENT,3,0.0,100000,16,34,0,34,34,34,0,18,0,35442.68800000002,1,False,False

73,0,421.2395491244427,1503.2644977907303,1.0,CLIENT,7,2,100000,16,72,0,95,138,95,0,63,14,75055.10400000004,2,False,False
73,1,2294.38309527593,-872.4156222100174,1.0,CLIENT,7,2,100000,17,57,0,171,194,170,1,92,61,59418.62400000003,4,False,False
73,2,2193.3290125394105,-566.5082622095756,1.0,CLIENT,7,2,100000,15,47,0,197,204,195,2,94,76,48994.304000000026,5,False,False
73,3,498.6932269584304,205.60725778998545,1.0,CLIENT,7,2,100000,16,80,0,152,215,134,18,66,50,83394.56000000004,6,False,False
73,4,913.2050365542517,1007.2225777902094,1.0,CLIENT,7,2,100000,18,69,0,151,156,141,10,61,54,71927.80800000003,4,False,False
73,5,1837.818215199918,-548.8083822099688,1.0,CLIENT,7,2,100000,10,26,0,227,249,223,4,99,93,27103.23200000001,6,False,False
73,6,1149.2090855790034,-777.5709822098113,1.0,CLIENT,7,2,100000,18,77,0,223,254,196,27,91,85,80267.26400000004,6,False,False
73,7,-1741.9197109631891,539.678577790508,1.0,CLIENT,7,2,100000,21,34,0,34,34,34,0,13,0,35442.68800000002,1,False,False
73,8,-2525.960008058191,567.5085777906409,1.0,CLIENT,7,2,100000,13,34,0,34,34,34,0,21,0,35442.68800000002,1,False,False
73,9,1545.8226015235678,-1186.0040622092588,1.0,CLIENT,7,2,100000,20,44,0,205,215,203,2,89,73,45867.00800000002,5,False,False
73,10,-1406.0455996278488,2758.0643200003115,1.0,CLIENT,7,2,100000,12,48,0,0,0,0,0,0,0,50036.736000000026,0,False,False
73,11,1812.7962022920597,-2984.8899519996658,1.0,CLIENT,3,0.0,100000,15,60,0,0,0,0,0,0,0,62545.920000000035,0,False,False

74,0,-775.5702457955173,-1138.5817422095513,1.0,CLIENT,7,2,100000,16,56,0,286,388,282,4,126,120,58376.19200000003,6,False,False
74,1,-1124.9829519355815,-754.6390622099676,1.0,CLIENT,7,2,100000,17,58,0,353,356,316,37,125,139,60461.05600000003,6,False,False
74,2,-500.9977498328644,-126.7942622100071,1.0,CLIENT,7,2,100000,15,97,0,393,508,278,115,127,109,101115.90400000005,8,False,False
74,3,-271.80455591444274,999.4301777901089,1.0,CLIENT,7,2,100000,16,84,0,259,281,215,44,84,101,87564.28800000004,5,False,False
74,4,273.2222445516404,1903.9051777900772,1.0,CLIENT,7,2,100000,18,97,0,114,159,114,0,78,21,101115.90400000005,3,False,False
74,5,-635.076560235384,-662.1321422093962,1.0,CLIENT,7,2,100000,10,33,0,400,457,362,38,132,185,34400.256000000016,7,False,False
74,6,-846.133872534332,1240.5492977903932,1.0,CLIENT,7,2,100000,18,85,0,136,274,131,5,82,32,88606.72000000004,5,False,False
74,7,666.9847048702861,-872.7495822099652,1.0,CLIENT,7,2,100000,20,77,0,77,190,77,0,53,9,80267.26400000004,5,False,False
74,8,-1657.1008060953436,-151.50730220930882,1.0,CLIENT,7,2,100000,13,106,0,185,296,183,2,118,51,110497.79200000006,7,False,False
74,9,-549.3864994818256,-1110.8630622099283,1.0,CLIENT,7,2,100000,20,63,0,291,370,274,17,121,115,65673.21600000003,6,False,False
74,10,-1406.0455996278488,2758.0643200003115,1.0,CLIENT,7,2,100000,12,50,0,2,21,2,0,2,0,52121.60000000003,2,False,False
74,11,1812.7962022920597,-2984.8899519996658,1.0,CLIENT,3,0.0,100000,15,60,0,0,0,0,0,0,0,62545.920000000035,0,False,False

75,0,-1681.3347789148086,1525.9737777903451,1.0,CLIENT,7,2,100000,16,84,0,206,323,176,30,79,76,87564.28800000004,5,False,False
75,1,2148.028906484585,-2135.67498220981,1.0,CLIENT,7,2,100000,17,50,0,124,143,121,3,50,36,52121.60000000003,4,False,False
75,2,2069.5456807855103,-258.70846220995674,1.0,CLIENT,7,2,100000,12,48,0,0,2,0,0,0,0,50036.736000000026,1,False,False
75,3,955.020519066225,-2393.0468222094,1.0,CLIENT,7,2,100000,16,60,0,63,113,63,0,43,9,62545.920000000035,3,False,False
75,4,-656.5386734183359,468.0998177900935,1.0,CLIENT,7,2,100000,18,83,0,144,213,120,24,62,44,86521.85600000004,5,False,False
75,5,-2557.2424239527654,571.5160977900146,1.0,CLIENT,7,2,100000,10,88,0,114,157,114,0,83,19,91734.01600000005,3,False,False
75,6,2341.663101070398,-2791.3497822099034,1.0,CLIENT,7,2,100000,18,45,0,92,128,92,0,49,23,46909.440000000024,3,False,False
75,7,-732.5668234396454,-636.8625022099178,1.0,CLIENT,7,2,100000,20,82,0,73,82,73,0,54,2,85479.42400000004,2,False,False
75,8,-877.7330723865291,2162.2788977903015,1.0,CLIENT,7,2,100000,13,61,0,156,193,152,4,73,58,63588.352000000035,4,False,False
75,9,-1760.926748468376,861.8386577902555,1.0,CLIENT,7,2,100000,20,79,0,230,279,195,35,73,88,82352.12800000004,5,False,False
75,10,-1406.0455996278488,2758.0643200003115,1.0,CLIENT,7,2,100000,12,69,0,106,136,106,0,73,19,71927.80800000003,2,False,False
75,11,1812.7962022920597,-2984.8899519996658,1.0,CLIENT,3,0.0,100000,16,39,0,143,155,137,6,51,49,40654.84800000002,3,False,False

76,0,15.360102395783244,2098.9378177904455,1.0,CLIENT,7,2,100000,14,52,0,1,20,1,0,1,0,54206.46400000003,3,False,False
76,1,-2020.4520064056906,2724.890177790438,1.0,CLIENT,7,2,100000,17,51,0,64,69,64,0,40,7,53164.03200000003,3,False,False
76,2,2657.734295586277,-1778.115142209267,1.0,CLIENT,7,2,100000,13,48,0,2,17,2,0,2,0,50036.736000000026,2,False,False
76,3,-1576.6376806560631,1160.8441777907215,1.0,CLIENT,7,2,100000,16,39,0,38,81,38,0,22,0,40654.84800000002,5,False,False
76,4,-1460.9323398423599,-791.0407022098155,1.0,CLIENT,7,2,100000,17,59,0,8,46,8,0,7,0,61503.488000000034,2,False,False
76,5,2095.759553345181,-3181.4150622098487,1.0,CLIENT,7,2,100000,10,32,0,39,53,39,0,19,7,33357.824000000015,2,False,False
76,6,-245.5114873653666,-1604.2333022092848,1.0,CLIENT,7,2,100000,18,44,0,50,73,50,0,26,5,45867.00800000002,2,False,False
76,7,326.9171255042853,-1923.9443422096788,1.0,CLIENT,7,2,100000,21,44,0,44,44,44,0,23,0,45867.00800000002,1,False,False
76,8,-1303.332320527277,588.9933377901834,1.0,CLIENT,7,2,100000,13,38,0,50,78,47,3,25,9,39612.41600000002,2,False,False
76,9,-1446.2810817651753,2635.7228577901355,1.0,CLIENT,7,2,100000,20,38,0,83,115,83,0,37,26,39612.41600000002,4,False,False
76,10,-1406.0455996278488,2758.0643200003115,1.0,CLIENT,7,2,100000,12,25,0,90,116,89,1,45,32,26060.80000000001,4,False,False
76,11,1812.7962022920597,-2984.8899519996658,1.0,CLIENT,3,0.0,100000,16,36,0,32,38,32,0,13,2,37527.55200000002,2,False,False

77,0,-2050.7840704245837,1140.695257790179,1.0,CLIENT,7,2,100000,14,56,0,2,31,2,0,2,0,58376.19200000003,3,False,False
77,1,-452.52980419449756,932.8608177904935,1.0,CLIENT,7,2,100000,17,74,0,155,200,115,40,57,49,77139.96800000004,5,False,False
77,2,-875.9115646256975,159.52077779006913,1.0,CLIENT,7,2,100000,15,37,0,118,142,118,0,58,42,38569.98400000002,4,False,False
77,3,711.57204701821,-2107.511022209729,1.0,CLIENT,7,2,100000,13,48,0,3,38,3,0,3,0,50036.736000000026,3,False,False
77,4,1072.626563630166,-753.971142209281,1.0,CLIENT,7,2,100000,18,32,0,92,120,91,1,40,33,33357.824000000015,4,False,False
77,5,626.7531421509274,1175.427097790288,1.0,CLIENT,7,2,100000,10,66,0,70,113,70,0,54,10,68800.51200000003,6,False,False
77,6,1004.201228610931,-414.11118220992677,1.0,CLIENT,7,2,100000,18,30,0,91,114,90,1,40,32,31272.960000000014,5,False,False
77,7,-380.46145365303653,2343.8418177906656,1.0,CLIENT,7,2,100000,20,52,0,62,112,54,8,25,12,54206.46400000003,3,False,False
77,8,1643.3920607177974,-410.9942222098866,1.0,CLIENT,7,2,100000,13,55,0,62,62,62,0,45,4,57333.76000000003,3,False,False
77,9,-412.9318093915094,27.272617790171694,1.0,CLIENT,7,2,100000,20,44,0,116,157,115,1,53,33,45867.00800000002,5,False,False
77,10,-1406.0455996278488,2758.0643200003115,1.0,CLIENT,7,2,100000,12,47,0,46,53,46,0,32,3,48994.304000000026,2,False,False
77,11,1812.7962022920597,-2984.8899519996658,1.0,CLIENT,3,0.0,100000,15,60,0,0,13,0,0,0,0,62545.920000000035,1,False,False

78,0,-1683.7106586026048,1848.1338577900924,1.0,CLIENT,7,2,100000,16,66,0,134,172,115,19,48,53,68800.51200000003,6,False,False
78,1,-2163.955139571117,-169.3185022094255,1.0,CLIENT,7,2,100000,17,37,0,37,37,37,0,20,0,38569.98400000002,1,False,False
78,2,-431.8596509072905,1233.7587777901363,1.0,CLIENT,7,2,100000,15,41,0,53,135,53,0,25,14,42739.71200000002,6,False,False
78,3,2095.4427693864327,-1269.3827422099387,1.0,CLIENT,7,2,100000,17,38,0,38,38,38,0,21,0,39612.41600000002,1,False,False
78,4,-1623.521706502378,190.02245779057546,1.0,CLIENT,7,2,100000,18,37,0,39,57,39,0,19,2,38569.98400000002,4,False,False
78,5,85.7653371552239,2043.945737790075,1.0,CLIENT,7,2,100000,10,40,0,42,70,42,0,30,2,41697.28000000002,4,False,False
78,6,-1208.6139169589658,2888.641897790685,1.0,CLIENT,7,2,100000,17,51,0,88,115,88,0,47,23,53164.03200000003,5,False,False
78,7,2182.399965973858,-606.2495022096925,1.0,CLIENT,7,2,100000,21,38,0,38,43,38,0,17,0,39612.41600000002,2,False,False
78,8,-2547.6597092104853,1841.2320177901165,1.0,CLIENT,7,2,100000,13,61,0,70,86,70,0,50,7,63588.352000000035,4,False,False
78,9,580.5026842209832,155.0679777902377,1.0,CLIENT,7,2,100000,18,71,0,2,22,2,0,2,0,74012.67200000004,2,False,False
78,10,-1406.0455996278488,2758.0643200003115,1.0,CLIENT,7,2,100000,12,30,0,123,160,122,1,52,47,31272.960000000014,5,False,False
78,11,1812.7962022920597,-2984.8899519996658,1.0,CLIENT,3,0.0,100000,15,60,0,0,0,0,0,0,0,62545.920000000035,0,False,False

79,0,-1565.6294381011048,2405.4017777902727,1.0,CLIENT,7,2,100000,16,41,0,160,177,158,2,62,62,42739.71200000002,4,False,False
79,1,1116.8179258304988,-636.9738222096368,1.0,CLIENT,7,2,100000,17,41,0,136,144,132,4,63,50,42739.71200000002,3,False,False
79,2,-1644.0334678102113,2397.164097790506,1.0,CLIENT,7,2,100000,15,50,0,150,163,148,2,63,55,52121.60000000003,4,False,False
79,3,387.9772334902253,183.00929779008953,1.0,CLIENT,7,2,100000,16,47,0,135,171,129,6,64,45,48994.304000000026,6,False,False
79,4,-682.5941539986322,1663.7879377904273,1.0,CLIENT,7,2,100000,18,66,0,123,197,103,20,50,36,68800.51200000003,7,False,False
79,5,-1092.116616248955,-112.87926220954517,1.0,CLIENT,7,2,100000,10,61,0,110,172,108,2,66,31,63588.352000000035,5,False,False
79,6,-2140.5923226373648,435.48305779018136,1.0,CLIENT,7,2,100000,18,64,0,102,117,102,0,58,24,66715.64800000003,3,False,False
79,7,1217.872008567018,-521.7576222094505,1.0,CLIENT,7,2,100000,20,52,0,125,133,121,4,60,40,54206.46400000003,3,False,False
79,8,-1315.290914957354,634.3005777904852,1.0,CLIENT,7,2,100000,13,58,0,167,197,152,15,63,69,60461.05600000003,7,False,False
79,9,371.1084877040555,-8.127142209832812,1.0,CLIENT,7,2,100000,20,45,0,141,171,137,4,60,52,46909.440000000024,5,False,False
79,10,-1406.0455996278488,2758.0643200003115,1.0,CLIENT,7,2,100000,12,56,0,117,148,117,0,66,33,58376.19200000003,3,False,False
79,11,1812.7962022920597,-2984.8899519996658,1.0,CLIENT,3,0.0,100000,15,60,0,0,0,0,0,0,0,62545.920000000035,0,False,False

80,0,1001.5877609543546,-1510.5018622094321,1.0,CLIENT,7,2,100000,16,41,0,177,198,173,4,74,66,42739.71200000002,6,False,False
80,1,962.5441380783313,-471.9975822093173,1.0,CLIENT,7,2,100000,17,72,0,225,264,188,37,75,81,75055.10400000004,5,False,False
80,2,2631.1244430790152,-3080.893102209739,1.0,CLIENT,7,2,100000,15,44,0,54,55,54,0,34,5,45867.00800000002,2,False,False
80,3,616.2200755335283,80.59489779001183,1.0,CLIENT,7,2,100000,16,79,0,156,195,139,17,64,55,82352.12800000004,6,False,False
80,4,-1349.5035824672527,-801.8387422094463,1.0,CLIENT,7,2,100000,16,64,0,0,7,0,0,0,0,66715.64800000003,2,False,False
80,5,401.202963754169,-1360.6651422096468,1.0,CLIENT,7,2,100000,10,54,0,151,218,150,1,79,53,56291.32800000003,5,False,False
80,6,1632.8589941003986,-1257.4715022099545,1.0,CLIENT,7,2,100000,18,55,0,139,178,139,0,71,47,57333.76000000003,5,False,False
80,7,-962.63117324378,956.0153777905659,1.0,CLIENT,7,2,100000,19,75,0,2,34,2,0,2,0,78182.40000000004,6,False,False
80,8,1912.1040534498015,-2981.929622209649,1.0,CLIENT,7,2,100000,13,19,0,80,82,79,1,36,30,19806.208000000006,4,False,False
80,9,-677.6048066531338,2644.4058177903607,1.0,CLIENT,7,2,100000,20,58,0,61,99,61,0,34,7,60461.05600000003,3,False,False
80,10,-2002.791300723776,2087.583177790638,1.0,CLIENT,7,2,100000,12,53,0,65,118,65,0,43,10,55248.89600000003,3,False,False
80,11,809.7750741293731,1045.1826977900773,1.0,CLIENT,7,2,100000,16,77,0,79,105,79,0,61,3,80267.26400000004,3,False,False
80,12,-1406.0455996278488,2758.0643200003115,1.0,CLIENT,7,2,100000,20,57,0,111,111,98,13,34,31,59418.62400000003,3,False,False
80,13,1812.7962022920597,-2984.8899519996658,1.0,CLIENT,3,0.0,100000,21,36,0,62,63,62,0,28,13,37527.55200000002,3,False,False

81,0,-1887.5611358476317,1437.4743777907292,1.0,CLIENT,7,2,100000,16,77,0,201,255,174,27,83,71,80267.26400000004,5,False,False
81,1,89.32915668748159,1698.965057790203,1.0,CLIENT,7,2,100000,17,91,0,90,165,90,0,61,17,94861.31200000005,5,False,False
81,2,2233.3229872899897,-1223.0736222097935,1.0,CLIENT,7,2,100000,15,68,0,118,130,111,7,54,42,70885.37600000003,3,False,False
81,3,86.71568903034256,-91.06054220926382,1.0,CLIENT,7,2,100000,17,74,0,150,157,144,6,59,49,77139.96800000004,5,False,False
81,4,-549.6240874506053,2721.43925779045,1.0,CLIENT,7,2,100000,18,100,0,181,246,153,28,82,56,104243.20000000006,4,False,False
81,5,-1812.4833377014409,2652.086897790742,1.0,CLIENT,7,2,100000,10,81,0,181,255,169,12,94,61,84436.99200000004,4,False,False
81,6,1753.316094290258,-762.3201422095582,1.0,CLIENT,7,2,100000,18,69,0,79,125,78,1,51,9,71927.80800000003,4,False,False
81,7,-1650.052363020234,601.906457790011,1.0,CLIENT,7,2,100000,20,92,0,110,111,110,0,79,11,95903.74400000005,4,False,False
81,8,2577.6671500951497,-2349.0754222096807,1.0,CLIENT,7,2,100000,13,60,0,98,128,88,10,48,32,62545.920000000035,3,False,False
81,9,-1711.587646944296,1123.8859377906967,1.0,CLIENT,7,2,100000,20,33,0,172,212,172,0,79,75,34400.256000000016,5,False,False
81,10,380.4536144775562,-1058.5426622099317,1.0,CLIENT,7,2,100000,12,75,0,91,164,91,0,68,17,78182.40000000004,4,False,False
81,11,140.48976597239312,374.47969779075066,1.0,CLIENT,7,2,100000,16,77,0,116,190,113,3,60,33,80267.26400000004,4,False,False
81,12,-1406.0455996278488,2758.0643200003115,1.0,CLIENT,7,2,100000,21,78,0,194,242,192,2,83,76,81309.69600000004,5,False,False
81,13,1812.7962022920597,-2984.8899519996658,1.0,CLIENT,3,0.0,100000,21,58,0,57,60,57,0,38,1,60461.05600000003,1,False,False

82,0,-1075.7230464009074,2633.162497790272,1.0,CLIENT,7,2,100000,16,99,0,279,385,239,40,115,103,103200.76800000005,7,False,False
82,1,296.5058654954238,1884.6468177904503,1.0,CLIENT,7,2,100000,17,123,0,193,293,188,5,124,42,128219.13600000007,5,False,False
82,2,-929.3688576095627,1606.3468177907034,1.0,CLIENT,7,2,100000,15,90,0,469,589,316,153,135,140,93818.88000000005,10,False,False
82,3,-341.8138107257297,1592.3204977905225,1.0,CLIENT,7,2,100000,16,56,0,419,530,375,44,135,185,58376.19200000003,7,False,False
82,4,1044.749575289038,-797.4972622093338,1.0,CLIENT,7,2,100000,18,38,0,44,44,44,0,17,4,39612.41600000002,1,False,False
82,5,-1993.0501940021218,3031.2428177905467,1.0,CLIENT,7,2,100000,10,58,0,248,252,246,2,120,99,60461.05600000003,4,False,False
82,6,1212.1698973151806,-1080.8066622098797,1.0,CLIENT,7,2,100000,17,44,0,38,38,38,0,18,4,45867.00800000002,1,False,False
82,7,-2269.127413767421,2480.7654177906234,1.0,CLIENT,7,2,100000,20,101,0,179,225,178,1,110,42,105285.63200000006,4,False,False
82,8,-1571.3315493523794,-72.13614220958476,1.0,CLIENT,7,2,100000,13,116,0,119,159,119,0,103,6,120922.11200000007,4,False,False
82,9,-1134.6448626672677,548.1388977905042,1.0,CLIENT,7,2,100000,20,112,0,336,380,270,66,125,117,116752.38400000006,5,False,False
82,10,-189.83670667251602,1014.681017790362,1.0,CLIENT,7,2,100000,12,59,0,438,446,353,85,139,161,61503.488000000034,7,False,False
82,11,-425.6823637178938,769.7770177901418,1.0,CLIENT,7,2,100000,16,63,0,377,492,339,38,136,148,65673.21600000003,6,False,False
82,12,-1406.0455996278488,2758.0643200003115,1.0,CLIENT,7,2,100000,21,50,0,299,354,285,14,110,122,52121.60000000003,5,False,False
82,13,1812.7962022920597,-2984.8899519996658,1.0,CLIENT,3,0.0,100000,19,74,0,0,0,0,0,0,0,77139.96800000004,0,False,False

83,0,-273.54686768586873,1130.7877777906729,1.0,CLIENT,7,2,100000,16,96,0,374,499,278,96,129,118,100073.47200000005,8,False,False
83,1,450.14608533009516,-38.62882220954816,1.0,CLIENT,7,2,100000,17,75,0,229,292,225,4,112,89,78182.40000000004,5,False,False
83,2,2616.393989012425,-2349.5207022093473,1.0,CLIENT,7,2,100000,15,44,0,37,55,37,0,21,1,45867.00800000002,2,False,False
83,3,-1397.73394013684,1357.4352977903186,1.0,CLIENT,7,2,100000,16,85,0,455,526,371,84,132,168,88606.72000000004,6,False,False
83,4,1758.226245645788,-999.6543822099068,1.0,CLIENT,7,2,100000,16,64,0,2,27,2,0,2,0,66715.64800000003,2,False,False
83,5,-20.19889693738794,-276.63098220979236,1.0,CLIENT,7,2,100000,10,103,0,170,267,168,2,119,37,107370.49600000006,5,False,False
83,6,-2051.4968343314854,1307.7865777906954,1.0,CLIENT,7,2,100000,18,79,0,193,302,192,2,111,61,82352.12800000004,6,False,False
83,7,494.73342747858175,779.795817790158,1.0,CLIENT,7,2,100000,20,100,0,286,335,263,23,110,114,104243.20000000006,5,False,False
83,8,-1349.8203664254381,-935.4227422099259,1.0,CLIENT,7,2,100000,10,50,0,11,49,11,0,11,0,52121.60000000003,1,False,False
83,9,-1913.0622445009635,1054.310937789969,1.0,CLIENT,7,2,100000,20,89,0,206,289,203,3,109,70,92776.44800000005,6,False,False
83,10,-704.5314431191433,1167.0780977900108,1.0,CLIENT,7,2,100000,12,63,0,429,588,355,74,134,176,65673.21600000003,9,False,False
83,11,-755.1376804770898,2029.9194177906852,1.0,CLIENT,7,2,100000,16,112,0,382,445,269,113,128,120,116752.38400000006,7,False,False
83,12,-1406.0455996278488,2758.0643200003115,1.0,CLIENT,7,2,100000,19,129,0,124,188,124,0,98,8,134473.72800000006,5,False,False
83,13,1812.7962022920597,-2984.8899519996658,1.0,CLIENT,3,0.0,100000,21,40,0,35,44,35,0,15,0,41697.28000000002,1,False,False

84,0,-1114.529081307588,2489.559697790567,1.0,CLIENT,7,2,100000,16,56,0,79,150,76,2,42,20,58376.19200000003,4,False,False
84,1,-1329.3878011075735,611.4799777903604,1.0,CLIENT,7,2,100000,17,28,0,87,138,87,0,39,31,29188.096000000012,6,False,False
84,2,1645.8471363955623,-585.7666222099933,1.0,CLIENT,7,2,100000,15,43,0,143,153,142,1,74,51,44824.57600000002,4,False,False
84,3,-2130.692823936899,420.566177790667,1.0,CLIENT,7,2,100000,17,54,0,59,64,59,0,39,3,56291.32800000003,3,False,False
84,4,785.3827093310971,-568.5120222092623,1.0,CLIENT,7,2,100000,18,81,0,193,238,161,32,73,70,84436.99200000004,5,False,False
84,5,225.3086708402385,-1466.0851822092548,1.0,CLIENT,7,2,100000,10,64,0,157,169,151,6,73,66,66715.64800000003,4,False,False
84,6,-1383.9538379459314,515.633457790311,1.0,CLIENT,7,2,100000,18,31,0,84,123,84,0,38,28,32315.392000000014,5,False,False
84,7,-509.63011270002613,-839.3535822096476,1.0,CLIENT,7,2,100000,21,78,0,91,140,91,0,61,5,81309.69600000004,4,False,False
84,8,-2339.2950605580822,2122.5376577901848,1.0,CLIENT,7,2,100000,13,63,0,70,108,69,0,44,14,65673.21600000003,5,False,False
84,9,-157.76233088219686,1468.755297790059,1.0,CLIENT,7,2,100000,19,72,0,14,60,12,2,10,0,75055.10400000004,4,False,False
84,10,1427.9789689908473,-112.65662220931631,1.0,CLIENT,7,2,100000,12,30,0,158,161,154,4,77,62,31272.960000000014,4,False,False
84,11,1676.6543763520149,-25.60438221000169,1.0,CLIENT,7,2,100000,16,35,0,152,154,149,3,73,58,36485.12000000002,3,False,False
84,12,-1406.0455996278488,2758.0643200003115,1.0,CLIENT,7,2,100000,21,43,0,110,118,109,0,37,32,44824.57600000002,3,False,False
84,13,1812.7962022920597,-2984.8899519996658,1.0,CLIENT,3,0.0,100000,19,74,0,0,0,0,0,0,0,77139.96800000004,0,False,False

85,0,849.8482448699206,-148.7243022100074,1.0,CLIENT,7,2,100000,16,74,0,172,315,162,10,81,56,77139.96800000004,8,False,False
85,1,1186.1144167354469,-1610.5785422098752,1.0,CLIENT,7,2,100000,17,70,0,210,247,134,76,65,47,72970.24000000003,6,False,False
85,2,975.1363004259046,251.69373779069275,1.0,CLIENT,7,2,100000,15,72,0,214,261,199,15,82,92,75055.10400000004,6,False,False
85,3,-2522.158600557154,19.368897790352264,1.0,CLIENT,7,2,100000,13,52,0,0,2,0,0,0,0,54206.46400000003,1,False,False
85,4,-282.8127984694011,313.58765779024793,1.0,CLIENT,7,2,100000,18,96,0,187,256,153,34,76,62,100073.47200000005,5,False,False
85,5,2005.7137131636202,-1190.3455422093714,1.0,CLIENT,7,2,100000,10,77,0,128,150,128,0,72,46,80267.26400000004,5,False,False
85,6,1237.2750260203584,1062.1033377900696,1.0,CLIENT,7,2,100000,18,89,0,107,154,106,1,72,12,92776.44800000005,3,False,False
85,7,-809.1493453884827,-591.8892222095639,1.0,CLIENT,7,2,100000,20,63,0,134,159,134,0,74,38,65673.21600000003,5,False,False
85,8,264.82746965325833,-1827.5412222094524,1.0,CLIENT,7,2,100000,13,71,0,110,153,110,0,59,36,74012.67200000004,6,False,False
85,9,-1659.5558817731087,2221.946417790732,1.0,CLIENT,7,2,100000,20,41,0,41,41,41,0,21,0,42739.71200000002,1,False,False
85,10,1483.0201817667646,-1994.4099022097398,1.0,CLIENT,7,2,100000,12,56,0,236,274,160,76,70,69,58376.19200000003,4,False,False
85,11,-623.8307297110833,-582.2043822094954,1.0,CLIENT,7,2,100000,16,44,0,160,217,160,0,78,64,45867.00800000002,5,False,False
85,12,-1406.0455996278488,2758.0643200003115,1.0,CLIENT,7,2,100000,21,41,0,41,41,41,0,20,0,42739.71200000002,1,False,False
85,13,1812.7962022920597,-2984.8899519996658,1.0,CLIENT,3,0.0,100000,21,56,0,47,63,47,0,28,2,58376.19200000003,2,False,False

86,0,377.60255885163747,-1723.7909822095835,1.0,CLIENT,7,2,100000,16,66,0,154,225,154,0,81,53,68800.51200000003,4,False,False
86,1,1654.4003032733185,-1766.8718222099697,1.0,CLIENT,7,2,100000,17,81,0,229,328,199,30,80,92,84436.99200000004,5,False,False
86,2,988.6788146485964,1077.6881377902705,1.0,CLIENT,7,2,100000,15,85,0,119,164,117,2,82,21,88606.72000000004,3,False,False
86,3,-386.5595448530276,982.0642577904499,1.0,CLIENT,7,2,100000,16,82,0,231,279,193,38,84,87,85479.42400000004,5,False,False
86,4,2316.399580386409,-1457.8475022094876,1.0,CLIENT,7,2,100000,18,95,0,98,129,98,0,75,4,99031.04000000005,4,False,False
86,5,996.3608256400765,-1397.4007422094426,1.0,CLIENT,7,2,100000,10,50,0,239,293,225,14,89,95,52121.60000000003,5,False,False
86,6,33.73357198403664,1412.8726577903556,1.0,CLIENT,7,2,100000,18,53,0,219,253,207,12,80,77,55248.89600000003,5,False,False
86,7,-1253.5972390550435,457.96969779035834,1.0,CLIENT,7,2,100000,20,57,0,142,208,141,1,69,47,59418.62400000003,5,False,False
86,8,472.95453033688193,-1829.990262209597,1.0,CLIENT,7,2,100000,13,60,0,175,208,173,2,84,62,62545.920000000035,5,False,False
86,9,-808.1197975233958,-919.2813422095483,1.0,CLIENT,7,2,100000,19,54,0,19,108,19,0,14,4,56291.32800000003,5,False,False
86,10,-1347.7612706958269,579.642457790063,1.0,CLIENT,7,2,100000,12,54,0,139,192,139,0,77,46,56291.32800000003,5,False,False
86,11,186.02745999543563,717.0113377904784,1.0,CLIENT,7,2,100000,16,53,0,224,261,209,15,82,91,55248.89600000003,5,False,False
86,12,-1406.0455996278488,2758.0643200003115,1.0,CLIENT,7,2,100000,16,64,0,0,0,0,0,0,0,66715.64800000003,0,False,False
86,13,1812.7962022920597,-2984.8899519996658,1.0,CLIENT,3,0.0,100000,19,71,0,17,65,17,0,16,0,74012.67200000004,2,False,False

87,0,772.6321550041499,1098.2823377904797,1.0,CLIENT,7,2,100000,16,53,0,53,58,53,0,37,0,55248.89600000003,2,False,False
87,1,2307.688021529842,-1462.300302209319,1.0,CLIENT,7,2,100000,17,25,0,64,71,64,0,27,19,26060.80000000001,4,False,False
87,2,-1303.490712506651,-136.59042220979444,1.0,CLIENT,7,2,100000,15,70,0,149,224,125,24,54,54,72970.24000000003,5,False,False
87,3,-680.3766662896469,2454.8278577904584,1.0,CLIENT,7,2,100000,17,41,0,44,68,44,0,24,3,42739.71200000002,3,False,False
87,4,-47.917493299142045,1126.2236577903313,1.0,CLIENT,7,2,100000,18,53,0,75,133,72,3,35,20,55248.89600000003,5,False,False
87,5,2329.070938723388,-873.9741022092466,1.0,CLIENT,7,2,100000,10,39,0,50,51,50,0,34,6,40654.84800000002,2,False,False
87,6,-465.4387504996932,-156.85066220926473,1.0,CLIENT,7,2,100000,18,70,0,87,129,83,4,52,14,72970.24000000003,4,False,False
87,7,-2431.7959764174075,781.9108977903547,1.0,CLIENT,7,2,100000,20,75,0,124,161,124,0,73,27,78182.40000000004,3,False,False
87,8,-1880.037516834963,707.32649779041,1.0,CLIENT,7,2,100000,13,60,0,201,208,197,4,80,83,62545.920000000035,5,False,False
87,9,-1967.8658693075386,1062.3259777902986,1.0,CLIENT,7,2,100000,20,57,0,152,196,150,2,73,52,59418.62400000003,5,False,False
87,10,2617.0275569293585,-3067.312062210016,1.0,CLIENT,7,2,100000,12,34,0,34,41,34,0,22,0,35442.68800000002,3,False,False
87,11,2140.505287472479,-1469.8700622099816,1.0,CLIENT,7,2,100000,16,26,0,65,70,64,1,28,20,27103.23200000001,4,False,False
87,12,-1406.0455996278488,2758.0643200003115,1.0,CLIENT,7,2,100000,21,41,0,41,43,41,0,20,0,42739.71200000002,2,False,False
87,13,1812.7962022920597,-2984.8899519996658,1.0,CLIENT,3,0.0,100000,21,34,0,35,41,35,0,13,1,35442.68800000002,3,False,False

88,0,-221.59429850408713,-1260.3658222097658,1.0,CLIENT,7,2,100000,16,73,0,241,302,231,10,109,88,76097.53600000004,7,False,False
88,1,-835.5216099269646,-978.0583022098542,1.0,CLIENT,7,2,100000,17,94,0,154,172,152,2,103,32,97988.60800000005,4,False,False
88,2,1672.1402049446388,-1303.0013822096942,1.0,CLIENT,7,2,100000,15,101,0,226,358,202,25,93,84,105285.63200000006,7,False,False
88,3,878.1212131592025,-263.71786220996484,1.0,CLIENT,7,2,100000,16,57,0,268,386,242,27,108,107,59418.62400000003,8,False,False
88,4,2528.9616164874406,-2329.483102209315,1.0,CLIENT,7,2,100000,18,90,0,195,277,193,2,97,64,93818.88000000005,3,False,False
88,5,1440.650327327826,-1967.915742209398,1.0,CLIENT,7,2,100000,10,99,0,240,316,225,15,107,100,103200.76800000005,6,False,False
88,6,-739.2192865666015,2854.466657790753,1.0,CLIENT,7,2,100000,18,43,0,48,68,48,0,26,5,44824.57600000002,2,False,False
88,7,720.6003898335254,-562.9460222098686,1.0,CLIENT,7,2,100000,20,83,0,339,436,280,59,105,131,86521.85600000004,8,False,False
88,8,-236.24555658127156,-615.3777422095843,1.0,CLIENT,7,2,100000,13,81,0,332,409,288,44,115,131,84436.99200000004,6,False,False
88,9,-133.21157410454677,861.7273377905366,1.0,CLIENT,7,2,100000,20,50,0,64,194,61,3,30,11,52121.60000000003,5,False,False
88,10,947.496900053556,-91.28318220949268,1.0,CLIENT,7,2,100000,12,79,0,195,331,187,8,112,62,82352.12800000004,7,False,False
88,11,-38.334778556861664,1533.6548577907265,1.0,CLIENT,7,2,100000,16,50,0,53,73,53,0,34,3,52121.60000000003,4,False,False
88,12,-1406.0455996278488,2758.0643200003115,1.0,CLIENT,7,2,100000,21,43,0,43,43,43,0,22,0,44824.57600000002,2,False,False
88,13,1812.7962022920597,-2984.8899519996658,1.0,CLIENT,3,0.0,100000,21,94,0,151,189,151,0,92,36,97988.60800000005,3,False,False

89,0,-1076.5942022866202,-391.17926220929206,1.0,CLIENT,7,2,100000,16,72,0,179,208,174,5,98,54,75055.10400000004,5,False,False
89,1,-184.53057536883233,-599.2363422099976,1.0,CLIENT,7,2,100000,17,75,0,178,219,175,3,98,54,78182.40000000004,5,False,False
89,2,607.5877126663665,644.9872977903971,1.0,CLIENT,7,2,100000,15,69,0,270,299,212,58,95,90,71927.80800000003,4,False,False
89,3,1377.2935356429323,-1616.5898222097267,1.0,CLIENT,7,2,100000,13,50,0,1,5,1,0,1,0,52121.60000000003,3,False,False
89,4,1534.5767709998297,435.0377777905146,1.0,CLIENT,7,2,100000,18,94,0,111,138,109,2,75,18,97988.60800000005,2,False,False
89,5,2533.634179874191,-2978.59002220938,1.0,CLIENT,7,2,100000,10,33,0,33,33,33,0,23,0,34400.256000000016,2,False,False
89,6,-1286.5427707310755,1461.1855377901875,1.0,CLIENT,7,2,100000,18,80,0,197,330,173,24,79,65,83394.56000000004,6,False,False
89,7,-430.6717110628294,414.77753779025335,1.0,CLIENT,7,2,100000,20,106,0,300,354,185,115,97,76,110497.79200000006,6,False,False
89,8,-2201.6524306233046,2239.089697790162,1.0,CLIENT,7,2,100000,13,81,0,215,254,166,49,77,71,84436.99200000004,3,False,False
89,9,474.53845012893396,1045.0713777903584,1.0,CLIENT,7,2,100000,20,71,0,231,272,191,40,90,65,74012.67200000004,5,False,False
89,10,-2109.5474947121324,1141.9197777902514,1.0,CLIENT,7,2,100000,12,80,0,175,221,161,14,84,60,83394.56000000004,6,False,False
89,11,-2559.2223236929713,-82.15494220960096,1.0,CLIENT,7,2,100000,16,61,0,33,104,32,2,28,1,63588.352000000035,2,False,False
89,12,-1406.0455996278488,2758.0643200003115,1.0,CLIENT,7,2,100000,20,97,0,109,152,108,1,73,17,101115.90400000005,3,False,False
89,13,1812.7962022920597,-2984.8899519996658,1.0,CLIENT,3,0.0,100000,21,33,0,35,45,35,0,12,2,34400.256000000016,2,False,False

90,0,2142.6435791914955,-1391.1668222093622,1.0,CLIENT,7,2,100000,16,55,0,40,99,38,2,23,5,57333.76000000003,3,False,False
90,1,-511.92679639841714,-1317.472982209542,1.0,CLIENT,7,2,100000,17,116,0,124,164,122,2,94,12,120922.11200000007,2,False,False
90,2,708.245815454732,1144.7027777903438,1.0,CLIENT,7,2,100000,12,52,0,4,51,4,0,4,0,54206.46400000003,2,False,False
90,3,-1933.8907897669817,2144.5790177906947,1.0,CLIENT,7,2,100000,16,51,0,315,341,303,12,115,123,53164.03200000003,6,False,False
90,4,909.9580009807419,-1439.813662209933,1.0,CLIENT,7,2,100000,17,68,0,33,125,33,0,24,3,70885.37600000003,3,False,False
90,5,-2485.8868373182063,678.8285777903815,1.0,CLIENT,7,2,100000,10,87,0,86,133,86,0,76,2,90691.58400000005,4,False,False
90,6,-786.49929236107,720.9075377901331,1.0,CLIENT,7,2,100000,18,120,0,233,309,189,44,104,71,125091.84000000007,6,False,False
90,7,2477.2466352750016,-2775.9876222099315,1.0,CLIENT,7,2,100000,21,47,0,53,85,53,0,26,6,48994.304000000026,2,False,False
90,8,-1763.8570000836999,1416.991497790239,1.0,CLIENT,7,2,100000,13,86,0,354,462,260,94,118,111,89649.15200000005,6,False,False
90,9,-429.72135918771073,-359.78702220945223,1.0,CLIENT,7,2,100000,20,114,0,217,236,182,35,92,76,118837.24800000007,4,False,False
90,10,-1716.3394063204516,2549.5611777901545,1.0,CLIENT,7,2,100000,12,55,0,291,309,286,5,119,128,57333.76000000003,4,False,False
90,11,-1219.463767535113,1678.036897790046,1.0,CLIENT,7,2,100000,16,80,0,387,420,298,89,115,127,83394.56000000004,6,False,False
90,12,-1406.0455996278488,2758.0643200003115,1.0,CLIENT,7,2,100000,21,92,0,189,256,189,0,109,54,95903.74400000005,4,False,False
90,13,1812.7962022920597,-2984.8899519996658,1.0,CLIENT,3,0.0,100000,21,47,0,47,48,47,0,26,0,48994.304000000026,2,False,False

91,0,983.8478592824719,-1175.7626222098047,1.0,CLIENT,7,2,100000,16,34,0,67,67,67,0,34,17,35442.68800000002,3,False,False
91,1,1919.7068684518763,-3138.2229022097436,1.0,CLIENT,7,2,100000,17,44,0,44,45,44,0,20,7,45867.00800000002,2,False,False
91,2,-1964.8564217028083,155.17929779074763,1.0,CLIENT,7,2,100000,15,56,0,316,352,272,44,99,123,58376.19200000003,6,False,False
91,3,304.5046604456522,-1307.1202222095778,1.0,CLIENT,7,2,100000,17,38,0,65,103,65,0,33,15,39612.41600000002,5,False,False
91,4,-976.8864513728108,-415.66966220994686,1.0,CLIENT,7,2,100000,18,82,0,298,364,229,69,98,95,85479.42400000004,7,False,False
91,5,-1624.1552744193114,2923.596377790232,1.0,CLIENT,7,2,100000,10,32,0,41,41,41,0,19,8,33357.824000000015,1,False,False
91,6,-2418.8078341222435,451.2904977906112,1.0,CLIENT,7,2,100000,18,84,0,179,219,171,8,94,54,87564.28800000004,4,False,False
91,7,-2122.8524209660445,-525.0972222097196,1.0,CLIENT,7,2,100000,20,88,0,205,260,171,34,88,54,91734.01600000005,5,False,False
91,8,778.5718542247669,-1689.5044222099323,1.0,CLIENT,7,2,100000,13,28,0,72,73,72,0,37,22,29188.096000000012,4,False,False
91,9,-62.64794736573211,318.37441779002717,1.0,CLIENT,7,2,100000,20,76,0,170,209,166,4,94,44,79224.83200000004,6,False,False
91,10,-1177.2523050749858,669.143737790313,1.0,CLIENT,7,2,100000,12,74,0,288,380,225,63,104,87,77139.96800000004,6,False,False
91,11,-398.9141192312583,237.444777790283,1.0,CLIENT,7,2,100000,16,54,0,235,254,223,12,100,96,56291.32800000003,6,False,False
91,12,-1406.0455996278488,2758.0643200003115,1.0,CLIENT,7,2,100000,19,41,0,32,32,32,0,10,4,42739.71200000002,1,False,False
91,13,1812.7962022920597,-2984.8899519996658,1.0,CLIENT,3,0.0,100000,20,44,0,44,44,44,0,17,5,45867.00800000002,2,False,False

92,0,-1183.8255722125361,2855.468537790596,1.0,CLIENT,7,2,100000,16,64,0,210,254,206,3,94,76,66715.64800000003,6,False,False
92,1,269.7376210087884,-1212.6095422093194,1.0,CLIENT,7,2,100000,17,79,0,49,97,49,0,40,3,82352.12800000004,2,False,False
92,2,-323.1235571787283,1962.7934577901021,1.0,CLIENT,7,2,100000,15,60,0,280,379,243,37,97,115,62545.920000000035,7,False,False
92,3,-452.7673921632772,1921.605057790475,1.0,CLIENT,7,2,100000,16,59,0,320,404,257,62,96,118,61503.488000000034,7,False,False
92,4,2105.8174440250204,-2874.0605422098965,1.0,CLIENT,7,2,100000,18,70,0,140,215,139,1,75,45,72970.24000000003,3,False,False
92,5,-1483.5031968798044,2268.0328977906483,1.0,CLIENT,7,2,100000,10,76,0,258,329,230,27,100,101,79224.83200000004,8,False,False
92,6,-2341.908528215221,1425.3404977905163,1.0,CLIENT,7,2,100000,17,67,0,58,168,56,2,42,6,69842.94400000003,5,False,False
92,7,1087.2778217073503,-2205.249982209747,1.0,CLIENT,7,2,100000,20,94,0,205,298,164,41,73,67,97988.60800000005,4,False,False
92,8,-1346.7317228313027,374.36837779024074,1.0,CLIENT,7,2,100000,13,61,0,65,102,65,0,42,11,63588.352000000035,5,False,False
92,9,1971.5010456537211,-1461.966342209371,1.0,CLIENT,7,2,100000,20,82,0,88,158,88,0,59,9,85479.42400000004,4,False,False
92,10,178.26625301454965,1582.5243377907352,1.0,CLIENT,7,2,100000,12,108,0,120,132,119,0,99,8,112582.65600000006,5,False,False
92,11,-1149.3753167338577,719.237737790394,1.0,CLIENT,7,2,100000,16,55,0,85,221,81,4,39,25,57333.76000000003,6,False,False
92,12,-1406.0455996278488,2758.0643200003115,1.0,CLIENT,7,2,100000,21,60,0,192,254,192,0,89,66,62545.920000000035,5,False,False
92,13,1812.7962022920597,-2984.8899519996658,1.0,CLIENT,3,0.0,100000,21,72,0,144,171,144,0,71,45,75055.10400000004,3,False,False

93,0,1025.4257538256659,-357.2266622095887,1.0,CLIENT,7,2,100000,16,99,0,257,339,189,68,89,83,103200.76800000005,6,False,False
93,1,-1534.2678262171246,-790.7067422098678,1.0,CLIENT,7,2,100000,17,76,0,91,141,89,2,62,11,79224.83200000004,2,False,False
93,2,1102.6418436908737,-1580.5221422098266,1.0,CLIENT,7,2,100000,15,66,0,156,202,154,2,89,44,68800.51200000003,5,False,False
93,3,981.6303715734866,-1326.9351822093813,1.0,CLIENT,7,2,100000,16,45,0,210,255,206,4,89,94,46909.440000000024,5,False,False
93,4,-2179.0023775964546,1931.6238577904912,1.0,CLIENT,7,2,100000,18,82,0,217,268,206,11,84,88,85479.42400000004,3,False,False
93,5,895.6235268617428,621.3874577906577,1.0,CLIENT,7,2,100000,10,101,0,126,196,122,4,90,23,105285.63200000006,5,False,False
93,6,-2460.860904602434,1651.988017790162,1.0,CLIENT,7,2,100000,17,85,0,87,147,87,0,67,7,88606.72000000004,3,False,False
93,7,-282.2584265424361,1271.2736177903375,1.0,CLIENT,7,2,100000,21,96,0,133,217,124,9,75,27,100073.47200000005,5,False,False
93,8,1146.278833963679,-1089.155662209366,1.0,CLIENT,7,2,100000,13,41,0,213,245,212,1,92,91,42739.71200000002,5,False,False
93,9,-923.3499623995399,2008.5459777900705,1.0,CLIENT,7,2,100000,20,101,0,232,291,175,57,84,77,105285.63200000006,4,False,False
93,10,-560.869917974906,-220.52570220985984,1.0,CLIENT,7,2,100000,12,71,0,148,225,143,5,71,52,74012.67200000004,6,False,False
93,11,-245.3530953859926,-566.6195822092945,1.0,CLIENT,7,2,100000,16,76,0,153,306,143,10,70,54,79224.83200000004,8,False,False
93,12,-1406.0455996278488,2758.0643200003115,1.0,CLIENT,7,2,100000,21,85,0,176,208,176,0,84,62,88606.72000000004,4,False,False
93,13,1812.7962022920597,-2984.8899519996658,1.0,CLIENT,3,0.0,100000,19,74,0,0,2,0,0,0,0,77139.96800000004,1,False,False

94,0,697.7127488373329,-690.4074222099869,1.0,CLIENT,7,2,100000,16,65,0,83,176,81,2,51,14,67758.08000000003,5,False,False
94,1,1872.2684706780337,-1179.102222209283,1.0,CLIENT,7,2,100000,17,51,0,129,165,127,2,58,44,53164.03200000003,4,False,False
94,2,-690.355360980081,2778.212457790278,1.0,CLIENT,7,2,100000,15,75,0,145,191,145,0,86,40,78182.40000000004,4,False,False
94,3,-1063.0516880639286,2085.1341377904932,1.0,CLIENT,7,2,100000,16,53,0,263,296,221,42,85,95,55248.89600000003,5,False,False
94,4,1440.2543473796723,428.8038577904342,1.0,CLIENT,7,2,100000,18,54,0,76,118,74,2,38,20,56291.32800000003,4,False,False
94,5,1607.9914533640006,-1142.700582209435,1.0,CLIENT,7,2,100000,10,29,0,188,198,183,5,65,86,30230.528000000013,4,False,False
94,6,-2064.801760584835,2392.822617790393,1.0,CLIENT,7,2,100000,18,80,0,146,210,146,0,83,42,83394.56000000004,5,False,False
94,7,-1073.347166712548,2422.099777790036,1.0,CLIENT,7,2,100000,20,37,0,257,279,239,18,81,109,38569.98400000002,5,False,False
94,8,-1417.057761600775,936.979657790377,1.0,CLIENT,7,2,100000,13,57,0,43,82,43,0,32,4,59418.62400000003,5,False,False
94,9,1027.5640455446828,1003.6603377905024,1.0,CLIENT,7,2,100000,20,52,0,54,58,54,0,34,2,54206.46400000003,2,False,False
94,10,-1216.533515919226,-955.6829822093962,1.0,CLIENT,7,2,100000,12,48,0,0,1,0,0,0,0,50036.736000000026,1,False,False
94,11,1530.7753634987923,-1756.185102209267,1.0,CLIENT,7,2,100000,16,70,0,109,184,109,0,59,27,72970.24000000003,4,False,False
94,12,-1406.0455996278488,2758.0643200003115,1.0,CLIENT,7,2,100000,21,48,0,244,249,214,30,80,79,50036.736000000026,5,False,False
94,13,1812.7962022920597,-2984.8899519996658,1.0,CLIENT,3,0.0,100000,19,68,0,11,51,11,0,7,1,70885.37600000003,1,False,False

95,0,-1849.8638447954438,686.7322977902008,1.0,CLIENT,7,2,100000,16,33,0,33,34,33,0,17,0,34400.256000000016,2,False,False
95,1,-2584.881824325114,558.9369377901348,1.0,CLIENT,7,2,100000,17,33,0,33,33,33,0,16,0,34400.256000000016,1,False,False
95,2,1178.194817774624,-1948.6573822097714,1.0,CLIENT,7,2,100000,15,78,0,222,286,191,31,89,73,81309.69600000004,5,False,False
95,3,669.3605845586455,-153.06578220932892,1.0,CLIENT,7,2,100000,16,71,0,64,174,62,2,55,9,74012.67200000004,6,False,False
95,4,1483.4953577043236,-1095.723542209394,1.0,CLIENT,7,2,100000,18,97,0,174,234,148,26,84,44,101115.90400000005,4,False,False
95,5,-604.9028881953022,-1238.1018222098178,1.0,CLIENT,7,2,100000,10,25,0,26,33,26,0,15,1,26060.80000000001,2,False,False
95,6,-223.17821829670186,2525.070777790291,1.0,CLIENT,7,2,100000,18,74,0,106,187,96,10,51,28,77139.96800000004,3,False,False
95,7,2217.325397389533,-2053.96610220966,1.0,CLIENT,7,2,100000,20,66,0,266,302,216,50,84,97,68800.51200000003,4,False,False
95,8,2207.821878637221,-2466.072742209325,1.0,CLIENT,7,2,100000,13,49,0,221,255,213,8,91,96,51079.16800000003,4,False,False
95,9,443.01844626557977,1240.3266577901645,1.0,CLIENT,7,2,100000,20,83,0,96,164,96,0,59,19,86521.85600000004,3,False,False
95,10,-693.3648085848109,-602.9099022094235,1.0,CLIENT,7,2,100000,12,26,0,28,65,28,0,13,3,27103.23200000001,3,False,False
95,11,32.3872401607643,1370.7936977906038,1.0,CLIENT,7,2,100000,16,74,0,142,168,141,1,63,46,77139.96800000004,3,False,False
95,12,-1406.0455996278488,2758.0643200003115,1.0,CLIENT,7,2,100000,19,66,0,50,72,50,0,38,1,68800.51200000003,1,False,False
95,13,1812.7962022920597,-2984.8899519996658,1.0,CLIENT,3,0.0,100000,21,84,0,135,180,135,0,81,28,87564.28800000004,3,False,False

96,0,516.1955406615335,1396.285977790311,1.0,CLIENT,7,2,100000,16,108,0,108,126,108,0,91,2,112582.65600000006,5,False,False
96,1,333.72798061005267,-443.4996622092888,1.0,CLIENT,7,2,100000,17,50,0,463,507,371,92,127,182,52121.60000000003,9,False,False
96,2,2504.173271741011,-2284.732462209981,1.0,CLIENT,7,2,100000,14,58,0,103,104,83,20,37,32,60461.05600000003,2,False,False
96,3,1735.6553886083436,-1633.8444222096666,1.0,CLIENT,7,2,100000,16,54,0,58,96,58,0,34,9,56291.32800000003,4,False,False
96,4,162.1102711347189,-396.18866220930016,1.0,CLIENT,7,2,100000,18,44,0,481,515,373,108,126,179,45867.00800000002,8,False,False
96,5,256.82867470302995,-148.27902220954968,1.0,CLIENT,7,2,100000,10,40,0,509,545,361,148,134,173,41697.28000000002,8,False,False
96,6,767.4052196904346,643.540137790096,1.0,CLIENT,7,2,100000,18,107,0,222,314,189,33,90,80,111540.22400000006,8,False,False
96,7,192.20474718483234,-1157.0608622095638,1.0,CLIENT,7,2,100000,20,113,0,216,305,211,5,123,60,117794.81600000006,8,False,False
96,8,-842.1740730539207,-219.30118220978756,1.0,CLIENT,7,2,100000,13,71,0,274,357,263,11,130,107,74012.67200000004,8,False,False
96,9,-168.1370055207846,-616.1569822099898,1.0,CLIENT,7,2,100000,20,65,0,386,416,323,63,123,142,67758.08000000003,7,False,False
96,10,-2460.4649246548433,324.38569779066967,1.0,CLIENT,7,2,100000,12,48,0,0,7,0,0,0,0,50036.736000000026,1,False,False
96,11,-529.7458940597055,24.600937790589228,1.0,CLIENT,7,2,100000,16,67,0,302,435,287,15,127,120,69842.94400000003,8,False,False
96,12,-1406.0455996278488,2758.0643200003115,1.0,CLIENT,7,2,100000,16,64,0,0,0,0,0,0,0,66715.64800000003,0,False,False
96,13,1812.7962022920597,-2984.8899519996658,1.0,CLIENT,3,0.0,100000,21,50,0,56,84,56,0,26,9,52121.60000000003,2,False,False

97,0,1968.1748140902434,-1867.7277422100271,1.0,CLIENT,7,2,100000,16,82,0,335,423,289,47,113,131,85479.42400000004,6,False,False
97,1,2193.1706205600367,-1434.2476622097481,1.0,CLIENT,7,2,100000,17,71,0,251,305,248,3,111,93,74012.67200000004,6,False,False
97,2,-1428.066004155733,2790.680297790439,1.0,CLIENT,7,2,100000,15,49,0,150,194,150,0,69,58,51079.16800000003,3,False,False
97,3,-1261.0416620777441,1632.840977790254,1.0,CLIENT,7,2,100000,16,78,0,205,240,161,44,72,67,81309.69600000004,4,False,False
97,4,815.9523613187697,-1825.6487822094846,1.0,CLIENT,7,2,100000,18,95,0,230,354,220,10,112,73,99031.04000000005,7,False,False
97,5,1195.6971314777272,-1033.1617022099433,1.0,CLIENT,7,2,100000,10,88,0,460,506,305,156,121,134,91734.01600000005,7,False,False
97,6,481.1117172659216,-1350.6463422096306,1.0,CLIENT,7,2,100000,18,72,0,291,326,269,22,113,107,75055.10400000004,6,False,False
97,7,-2355.847022385504,1830.7679377904335,1.0,CLIENT,7,2,100000,20,68,0,157,232,135,22,66,35,70885.37600000003,4,False,False
97,8,2324.2399833572636,-1537.4413022094404,1.0,CLIENT,7,2,100000,13,74,0,202,285,198,4,115,62,77139.96800000004,6,False,False
97,9,823.1591963726908,748.5148977900371,1.0,CLIENT,7,2,100000,20,104,0,103,113,103,0,85,6,108412.92800000006,2,False,False
97,10,532.1139345720219,-297.3365022097204,1.0,CLIENT,7,2,100000,12,112,0,253,293,210,43,117,90,116752.38400000006,4,False,False
97,11,-2035.6576364104026,784.3599377904993,1.0,CLIENT,7,2,100000,16,66,0,128,146,128,0,70,37,68800.51200000003,2,False,False
97,12,-1406.0455996278488,2758.0643200003115,1.0,CLIENT,7,2,100000,21,60,0,139,184,137,2,63,43,62545.920000000035,3,False,False
97,13,1812.7962022920597,-2984.8899519996658,1.0,CLIENT,3,0.0,100000,20,82,0,45,85,45,0,36,0,85479.42400000004,4,False,False

98,0,-563.324993652671,-541.4612622095351,1.0,CLIENT,7,2,100000,16,47,0,408,503,341,67,123,160,48994.304000000026,6,False,False
98,1,1611.000900969293,-1238.9923822099422,1.0,CLIENT,7,2,100000,17,89,0,192,223,192,0,106,65,92776.44800000005,5,False,False
98,2,-941.9610199565731,1590.0940977906068,1.0,CLIENT,7,2,100000,15,41,0,59,92,59,0,30,12,42739.71200000002,3,False,False
98,3,347.03290686396474,-300.00818220930284,1.0,CLIENT,7,2,100000,16,69,0,315,411,284,31,122,122,71927.80800000003,7,False,False
98,4,-2.063015317351491,-589.885462209877,1.0,CLIENT,7,2,100000,18,61,0,368,385,316,52,120,143,63588.352000000035,8,False,False
98,5,-765.0371791781183,1812.6227777903691,1.0,CLIENT,7,2,100000,10,36,0,81,90,81,0,35,30,37527.55200000002,2,False,False
98,6,519.2841842562318,-1211.4963422097571,1.0,CLIENT,7,2,100000,18,114,0,329,401,253,76,118,118,118837.24800000007,7,False,False
98,7,-913.7672476572595,-117.44338220988652,1.0,CLIENT,7,2,100000,21,88,0,330,362,258,72,116,112,91734.01600000005,7,False,False
98,8,1677.0503563001687,-1149.4911022096921,1.0,CLIENT,7,2,100000,13,83,0,185,227,185,0,110,61,86521.85600000004,5,False,False
98,9,2076.7525158399944,-2768.3065422095497,1.0,CLIENT,7,2,100000,20,50,0,48,82,48,0,22,4,52121.60000000003,3,False,False
98,10,-590.6476100662715,-858.9459022100132,1.0,CLIENT,7,2,100000,12,56,0,418,496,333,85,127,156,58376.19200000003,6,False,False
98,11,-1786.3486611317387,-587.4364222097324,1.0,CLIENT,7,2,100000,16,124,0,149,188,149,0,113,22,129261.56800000007,4,False,False
98,12,-1406.0455996278488,2758.0643200003115,1.0,CLIENT,7,2,100000,20,50,0,49,74,49,0,24,7,52121.60000000003,2,False,False
98,13,1812.7962022920597,-2984.8899519996658,1.0,CLIENT,3,0.0,100000,21,47,0,50,50,50,0,21,7,48994.304000000026,1,False,False

99,0,2551.2948855566683,-1587.4239822098025,1.0,CLIENT,7,2,100000,14,54,0,0,6,0,0,0,0,56291.32800000003,3,False,False
99,1,-566.6512252161491,-991.0827422094007,1.0,CLIENT,7,2,100000,17,48,0,74,97,73,1,39,16,50036.736000000026,2,False,False
99,2,-1607.1281366543305,1423.6706977899862,1.0,CLIENT,7,2,100000,15,52,0,103,138,103,0,50,37,54206.46400000003,4,False,False
99,3,1606.0115536237945,59.88937779008381,1.0,CLIENT,7,2,100000,17,38,0,38,49,38,0,21,0,39612.41600000002,4,False,False
99,4,-1334.6147364212889,1252.7944977903253,1.0,CLIENT,7,2,100000,18,42,0,100,137,100,0,47,31,43782.14400000002,5,False,False
99,5,2227.7000720281208,-3205.126222209307,1.0,CLIENT,7,2,100000,10,32,0,33,41,33,0,22,1,33357.824000000015,2,False,False
99,6,-47.996689289110414,-565.6177022094511,1.0,CLIENT,7,2,100000,18,39,0,108,111,108,0,38,31,40654.84800000002,3,False,False
99,7,653.2837986687831,-1211.830302209705,1.0,CLIENT,7,2,100000,20,61,0,67,93,67,0,36,12,63588.352000000035,3,False,False
99,8,250.88897548241292,1976.2631777901063,1.0,CLIENT,7,2,100000,13,36,0,30,43,30,0,15,4,37527.55200000002,5,False,False
99,9,1317.7381514596389,865.9574977901391,1.0,CLIENT,7,2,100000,20,38,0,39,55,39,0,18,1,39612.41600000002,3,False,False
99,10,40.227643131618656,1935.7426977903747,1.0,CLIENT,7,2,100000,12,28,0,37,71,37,0,16,5,29188.096000000012,6,False,False
99,11,-1429.7291199377535,1206.262737790742,1.0,CLIENT,7,2,100000,16,45,0,95,113,95,0,49,30,46909.440000000024,5,False,False
99,12,-1406.0455996278488,2758.0643200003115,1.0,CLIENT,7,2,100000,17,60,0,14,74,14,0,7,1,62545.920000000035,5,False,False
99,13,1812.7962022920597,-2984.8899519996658,1.0,CLIENT,3,0.0,100000,21,33,0,33,34,33,0,11,1,34400.256000000016,2,False,False

100,0,-106.52252560731698,-581.8704222095477,1.0,CLIENT,7,2,100000,14,73,0,25,108,25,0,24,0,76097.53600000004,5,False,False
100,1,1243.2147252409754,-1872.6258222095253,1.0,CLIENT,7,2,100000,17,68,0,394,505,342,52,122,173,70885.37600000003,8,False,False
100,2,-2151.0461932653584,290.6557377904042,1.0,CLIENT,7,2,100000,15,42,0,48,97,48,0,27,6,43782.14400000002,4,False,False
100,3,722.6594855631366,892.2290177902519,1.0,CLIENT,7,2,100000,13,51,0,1,39,1,0,1,0,53164.03200000003,2,False,False
100,4,1652.5787955119242,-2650.196022209552,1.0,CLIENT,7,2,100000,18,61,0,372,480,332,40,121,159,63588.352000000035,6,False,False
100,5,2338.1784775275464,-1654.3273022093658,1.0,CLIENT,7,2,100000,10,72,0,313,472,254,59,117,108,75055.10400000004,7,False,False
100,6,-1352.8298140307309,1879.4147777902135,1.0,CLIENT,7,2,100000,18,66,0,213,237,171,42,64,70,68800.51200000003,5,False,False
100,7,-763.2948674066922,814.5276577902669,1.0,CLIENT,7,2,100000,20,66,0,53,157,51,2,36,5,68800.51200000003,7,False,False
100,8,2290.344099806113,-1388.4951422097797,1.0,CLIENT,7,2,100000,13,85,0,274,427,237,39,110,106,88606.72000000004,7,False,False
100,9,2229.6799717683266,-421.1243422096217,1.0,CLIENT,7,2,100000,20,109,0,129,161,128,1,93,17,113625.08800000006,4,False,False
100,10,-1027.175904772572,2440.9128577899965,1.0,CLIENT,7,2,100000,12,47,0,128,175,127,1,70,41,48994.304000000026,4,False,False
100,11,1472.9622910869248,-2437.7974622095253,1.0,CLIENT,7,2,100000,16,70,0,448,504,351,97,124,157,72970.24000000003,6,False,False
100,12,-1916.8636520020007,-445.28078220953773,1.0,CLIENT,7,2,100000,21,42,0,42,45,42,0,21,0,43782.14400000002,3,False,False
100,13,873.3694537824837,-1597.4427822098187,1.0,CLIENT,7,2,100000,21,107,0,191,332,182,9,112,51,111540.22400000006,8,False,False
100,14,-2318.387319302095,1872.1789777902895,1.0,CLIENT,7,2,100000,17,70,0,92,150,92,0,61,19,72970.24000000003,5,False,False
100,15,-1406.0455996278488,2758.0643200003115,1.0,CLIENT,7,2,100000,9,52,0,152,181,148,4,73,51,54206.46400000003,3,False,False
100,16,1812.7962022920597,-2984.8899519996658,1.0,CLIENT,3,0.0,100000,18,122,0,147,211,145,2,111,15,127176.70400000007,6,False,False

101,0,-1333.505992566796,1857.596057790723,1.0,CLIENT,7,2,100000,16,67,0,368,439,295,73,111,137,69842.94400000003,7,False,False
101,1,-2521.921012588374,541.1257377900182,1.0,CLIENT,7,2,100000,17,113,0,109,177,109,0,86,8,117794.81600000006,4,False,False
101,2,2250.983692971904,-354.88894220995405,1.0,CLIENT,7,2,100000,12,54,0,6,36,6,0,6,0,56291.32800000003,2,False,False
101,3,434.9404553259458,-298.44970220928275,1.0,CLIENT,7,2,100000,17,73,0,168,217,163,5,70,69,76097.53600000004,5,False,False
101,4,918.3527758785613,430.6962977904021,1.0,CLIENT,7,2,100000,18,81,0,120,228,111,9,66,26,84436.99200000004,4,False,False
101,5,158.94243155061488,-720.0185422095776,1.0,CLIENT,7,2,100000,10,80,0,173,213,168,5,77,73,83394.56000000004,3,False,False
101,6,-1511.7761651690857,1104.40493779005,1.0,CLIENT,7,2,100000,18,112,0,262,357,218,44,109,91,116752.38400000006,7,False,False
101,7,-1531.654358559986,2988.8298977900563,1.0,CLIENT,7,2,100000,20,89,0,172,220,172,0,104,46,92776.44800000005,5,False,False
101,8,-1587.8835111803637,1647.4238977906116,1.0,CLIENT,7,2,100000,13,30,0,344,493,314,30,114,166,31272.960000000014,7,False,False
101,9,2212.8904219715623,-2740.1425822094693,1.0,CLIENT,7,2,100000,20,35,0,101,101,101,0,47,35,36485.12000000002,3,False,False
101,10,2256.7650002131472,-2688.490102209368,1.0,CLIENT,7,2,100000,12,31,0,105,105,105,0,55,36,32315.392000000014,3,False,False
101,11,-1957.411998679545,1808.7265777907144,1.0,CLIENT,7,2,100000,16,56,0,348,444,292,56,111,119,58376.19200000003,6,False,False
101,12,-26.692968084969962,-1691.7308222098482,1.0,CLIENT,7,2,100000,21,82,0,82,118,82,0,61,0,85479.42400000004,2,False,False
101,13,-136.06262973046546,1223.4060177901722,1.0,CLIENT,7,2,100000,19,100,0,72,223,68,4,52,9,104243.20000000006,5,False,False
101,14,2221.60198082813,-3080.2251822098433,1.0,CLIENT,7,2,100000,17,24,0,112,112,112,0,50,43,25018.36800000001,3,False,False
101,15,-1406.0455996278488,2758.0643200003115,1.0,CLIENT,7,2,100000,9,73,0,231,259,229,2,115,96,76097.53600000004,5,False,False
101,16,1812.7962022920597,-2984.8899519996658,1.0,CLIENT,3,0.0,100000,18,46,0,90,90,90,0,49,21,47951.872000000025,3,False,False

102,0,-1104.5503866171541,-795.9387822093138,1.0,CLIENT,7,2,100000,16,79,0,297,347,283,14,143,111,82352.12800000004,5,False,False
102,1,-494.02850274772305,1232.8682177900118,1.0,CLIENT,7,2,100000,17,133,0,389,468,279,110,144,102,138643.45600000006,8,False,False
102,2,477.94387768181764,-342.64374221002214,1.0,CLIENT,7,2,100000,15,100,0,243,380,230,13,130,86,104243.20000000006,9,False,False
102,3,1495.7707360931488,-2686.0410622100144,1.0,CLIENT,7,2,100000,17,30,0,67,70,67,0,31,19,31272.960000000014,3,False,False
102,4,274.01420444738505,-640.4247422096248,1.0,CLIENT,7,2,100000,18,66,0,264,369,256,8,125,98,68800.51200000003,8,False,False
102,5,1864.9824396341444,-894.3456622100177,1.0,CLIENT,7,2,100000,10,64,0,82,136,80,2,53,17,66715.64800000003,4,False,False
102,6,-467.8146301880526,-504.2803822092816,1.0,CLIENT,7,2,100000,18,71,0,456,468,368,88,143,178,74012.67200000004,6,False,False
102,7,1740.644735953842,188.9092577902221,1.0,CLIENT,7,2,100000,20,86,0,158,233,101,57,53,40,89649.15200000005,4,False,False
102,8,2466.0008047512633,-2863.262502209475,1.0,CLIENT,7,2,100000,13,46,0,52,52,50,2,35,3,47951.872000000025,2,False,False
102,9,-1008.406455236165,185.90361779069184,1.0,CLIENT,7,2,100000,20,140,0,423,564,300,123,139,140,145940.48000000007,8,False,False
102,10,-469.0025700319509,-720.0185422095776,1.0,CLIENT,7,2,100000,12,75,0,450,456,374,76,149,176,78182.40000000004,5,False,False
102,11,-169.40414135408858,2349.853097790517,1.0,CLIENT,7,2,100000,16,125,0,154,268,146,8,106,27,130304.00000000007,5,False,False
102,12,1167.7409471466308,1030.488457790001,1.0,CLIENT,7,2,100000,20,77,0,90,143,90,0,53,17,80267.26400000004,5,False,False
102,13,-1186.2014519003328,1281.2924177903537,1.0,CLIENT,7,2,100000,21,70,0,393,480,378,15,141,173,72970.24000000003,5,False,False
102,14,-1545.9888326789849,1470.759057790537,1.0,CLIENT,7,2,100000,17,112,0,257,411,237,20,139,74,116752.38400000006,5,False,False
102,15,-1406.0455996278488,2758.0643200003115,1.0,CLIENT,7,2,100000,9,88,0,94,246,86,8,70,16,91734.01600000005,4,False,False
102,16,1812.7962022920597,-2984.8899519996658,1.0,CLIENT,3,0.0,100000,18,22,0,75,76,75,0,30,27,22933.504000000008,2,False,False

103,0,1400.973136535432,-1899.3426222093049,1.0,CLIENT,7,2,100000,16,128,0,162,213,151,11,108,30,133431.29600000006,3,False,False
103,1,-304.1165196735416,-561.4988622095675,1.0,CLIENT,7,2,100000,17,60,0,227,357,222,5,115,93,62545.920000000035,8,False,False
103,2,-2029.0051732834468,850.2613777902193,1.0,CLIENT,7,2,100000,15,57,0,413,508,391,22,141,191,59418.62400000003,6,False,False
103,3,-2356.7973742606223,502.83165779020237,1.0,CLIENT,7,2,100000,16,128,0,198,278,197,1,139,36,133431.29600000006,6,False,False
103,4,-776.2038137124507,1065.3316177906197,1.0,CLIENT,7,2,100000,18,66,0,305,470,301,4,139,124,68800.51200000003,13,False,False
103,5,-1078.3365140574838,593.0008577903482,1.0,CLIENT,7,2,100000,10,85,0,432,605,357,75,147,169,88606.72000000004,11,False,False
103,6,-1176.301953199867,977.2774977906706,1.0,CLIENT,7,2,100000,18,48,0,475,549,435,40,141,214,50036.736000000026,12,False,False
103,7,1254.0645758165597,-990.9714222096818,1.0,CLIENT,7,2,100000,20,125,0,246,294,204,42,104,86,130304.00000000007,6,False,False
103,8,-293.66264904554816,-493.7049822098797,1.0,CLIENT,7,2,100000,13,42,0,250,400,244,6,119,112,43782.14400000002,8,False,False
103,9,-2138.1372469596,1150.9366977904242,1.0,CLIENT,7,2,100000,20,88,0,367,479,343,24,136,144,91734.01600000005,7,False,False
103,10,-215.02103136709948,-619.9418622099256,1.0,CLIENT,7,2,100000,12,45,0,232,345,225,7,120,98,46909.440000000024,8,False,False
103,11,-953.2068504808738,1662.3407777901261,1.0,CLIENT,7,2,100000,16,124,0,382,497,316,66,141,146,129261.56800000007,8,False,False
103,12,-1067.0906835337455,2834.6516977901583,1.0,CLIENT,7,2,100000,20,90,0,180,204,180,0,99,61,93818.88000000005,4,False,False
103,13,675.775459716822,647.3250177900318,1.0,CLIENT,7,2,100000,20,119,0,107,207,107,0,90,10,124049.40800000007,8,False,False
103,14,345.21139910313303,-443.16570220934096,1.0,CLIENT,7,2,100000,17,120,0,366,396,229,137,115,90,125091.84000000007,8,False,False
103,15,-1406.0455996278488,2758.0643200003115,1.0,CLIENT,7,2,100000,9,79,0,179,220,179,0,110,57,82352.12800000004,5,False,False
103,16,1812.7962022920597,-2984.8899519996658,1.0,CLIENT,3,0.0,100000,17,101,0,61,121,61,0,53,1,105285.63200000006,1,False,False

104,0,-1522.1508398076737,920.8382577899994,1.0,CLIENT,7,2,100000,16,74,0,752,819,563,189,187,273,77139.96800000004,11,False,False
104,1,-1821.2740925479766,252.25033779007845,1.0,CLIENT,7,2,100000,17,81,0,439,535,426,13,183,191,84436.99200000004,8,False,False
104,2,2168.2238838342328,-1530.2055022095167,1.0,CLIENT,7,2,100000,15,113,0,117,177,117,0,97,4,117794.81600000006,3,False,False
104,3,-1851.9229405250549,200.04125779059166,1.0,CLIENT,7,2,100000,16,108,0,382,498,378,4,184,153,112582.65600000006,7,False,False
104,4,-908.5403123435443,288.65197779071735,1.0,CLIENT,7,2,100000,18,137,0,640,873,424,217,181,184,142813.18400000007,10,False,False
104,5,1102.8002356702477,-549.9215822095312,1.0,CLIENT,7,2,100000,10,113,0,222,474,205,17,103,92,117794.81600000006,5,False,False
104,6,333.17360868308765,508.5089777901061,1.0,CLIENT,7,2,100000,15,111,0,406,630,373,33,160,181,115709.95200000006,10,False,False
104,7,-584.7871068356227,1447.9384577904123,1.0,CLIENT,7,2,100000,20,79,0,586,860,498,88,178,247,82352.12800000004,11,False,False
104,8,-599.6759528815869,1671.469017790018,1.0,CLIENT,7,2,100000,13,140,0,353,659,329,24,186,115,145940.48000000007,10,False,False
104,9,-2514.0014136281143,1541.7812177899839,1.0,CLIENT,7,2,100000,19,108,0,107,287,105,2,80,10,112582.65600000006,6,False,False
104,10,-1185.0135120564344,861.8386577902555,1.0,CLIENT,7,2,100000,12,69,0,727,868,540,187,191,271,71927.80800000003,12,False,False
104,11,1966.5908942981912,-467.4334622097669,1.0,CLIENT,7,2,100000,16,111,0,220,227,208,12,98,87,115709.95200000006,4,False,False
104,12,244.5532963142049,444.49997779035414,1.0,CLIENT,7,2,100000,19,117,0,429,648,392,37,158,193,121964.54400000007,9,False,False
104,13,-1173.134113615763,1378.0294977905278,1.0,CLIENT,7,2,100000,21,92,0,603,823,515,88,180,241,95903.74400000005,12,False,False
104,14,508.2759417007108,698.7548577906949,1.0,CLIENT,7,2,100000,17,127,0,292,539,287,5,158,106,132388.86400000006,9,False,False
104,15,-1406.0455996278488,2758.0643200003115,1.0,CLIENT,7,2,100000,9,78,0,51,216,51,0,47,1,81309.69600000004,6,False,False
104,16,1812.7962022920597,-2984.8899519996658,1.0,CLIENT,3,0.0,100000,16,65,0,1,12,1,0,1,0,67758.08000000003,1,False,False

105,0,-429.87975116708475,-990.8601022099629,1.0,CLIENT,7,2,100000,16,120,0,230,355,224,6,132,66,125091.84000000007,5,False,False
105,1,-1949.8091836774702,1419.6631777906125,1.0,CLIENT,7,2,100000,17,76,0,212,366,198,14,83,84,79224.83200000004,6,False,False
105,2,2058.379046251178,-1907.580302209863,1.0,CLIENT,7,2,100000,15,46,0,86,106,86,0,47,22,47951.872000000025,3,False,False
105,3,443.6520141825131,-53.65702220957246,1.0,CLIENT,7,2,100000,16,105,0,525,672,317,209,140,127,109455.36000000006,8,False,False
105,4,372.1380355685798,-956.4622222098018,1.0,CLIENT,7,2,100000,18,105,0,263,312,252,11,130,90,109455.36000000006,5,False,False
105,5,1305.7003610395932,584.2065777904043,1.0,CLIENT,7,2,100000,10,118,0,214,244,214,0,136,64,123006.97600000007,6,False,False
105,6,-164.33559801974727,171.09805779010543,1.0,CLIENT,7,2,100000,18,72,0,630,770,407,223,142,193,75055.10400000004,8,False,False
105,7,-1097.343551563233,366.7986177903691,1.0,CLIENT,7,2,100000,20,131,0,256,408,235,21,137,71,136558.59200000006,8,False,False
105,8,2217.008613431348,-2174.3030222095736,1.0,CLIENT,7,2,100000,13,25,0,131,131,130,1,49,56,26060.80000000001,3,False,False
105,9,-460.8453831029112,462.08853779024196,1.0,CLIENT,7,2,100000,20,61,0,490,594,419,71,138,211,63588.352000000035,10,False,False
105,10,-2186.209212650376,1264.0378177904136,1.0,CLIENT,7,2,100000,12,76,0,155,275,152,3,88,48,79224.83200000004,6,False,False
105,11,2522.7051333086383,-2435.9050222095575,1.0,CLIENT,7,2,100000,16,31,0,125,125,124,1,46,44,32315.392000000014,3,False,False
105,12,-1493.0859116220845,2294.9723377906566,1.0,CLIENT,7,2,100000,21,91,0,219,256,205,14,78,82,94861.31200000005,4,False,False
105,13,582.0074080236294,1050.6373777905433,1.0,CLIENT,7,2,100000,21,114,0,398,449,306,92,131,134,118837.24800000007,6,False,False
105,14,-470.74488180337687,1023.1413377903582,1.0,CLIENT,7,2,100000,17,93,0,389,507,315,74,140,137,96946.17600000005,9,False,False
105,15,-1406.0455996278488,2758.0643200003115,1.0,CLIENT,7,2,100000,9,92,0,99,143,99,0,86,5,95903.74400000005,3,False,False
105,16,1812.7962022920597,-2984.8899519996658,1.0,CLIENT,3,0.0,100000,18,54,0,85,101,85,0,44,19,56291.32800000003,3,False,False

106,0,-1014.742134404373,2330.3720977906614,1.0,CLIENT,7,2,100000,16,84,0,319,436,286,31,122,128,87564.28800000004,6,False,False
106,1,2251.1420849512783,-1854.5919822099709,1.0,CLIENT,7,2,100000,17,71,0,118,185,118,0,71,24,74012.67200000004,5,False,False
106,2,-2411.5218030783544,2149.365777790474,1.0,CLIENT,7,2,100000,15,110,0,233,346,225,7,117,83,114667.52000000006,5,False,False
106,3,2658.1302755344304,-2266.5873022099163,1.0,CLIENT,7,2,100000,17,48,0,219,238,209,10,74,82,50036.736000000026,4,False,False
106,4,-1576.7168766454688,-252.80850220982416,1.0,CLIENT,7,2,100000,18,73,0,229,329,229,0,116,84,76097.53600000004,4,False,False
106,5,-1510.905009283373,171.9886177902299,1.0,CLIENT,7,2,100000,10,101,0,350,357,297,52,124,145,105285.63200000006,4,False,False
106,6,-1026.859120813824,2579.617577790203,1.0,CLIENT,7,2,100000,18,57,0,280,404,269,11,120,117,59418.62400000003,6,False,False
106,7,-1673.890355891545,2359.3152977903565,1.0,CLIENT,7,2,100000,20,84,0,364,427,325,37,118,143,87564.28800000004,6,False,False
106,8,-963.0271531919338,-43.860862209785125,1.0,CLIENT,7,2,100000,13,51,0,305,353,294,10,121,127,53164.03200000003,5,False,False
106,9,2310.9350571033515,-3294.516182209838,1.0,CLIENT,7,2,100000,20,70,0,144,182,144,0,73,40,72970.24000000003,4,False,False
106,10,409.6769346419566,-1899.3426222093049,1.0,CLIENT,7,2,100000,12,49,0,1,3,1,0,1,0,51079.16800000003,2,False,False
106,11,-113.25418472367866,1658.5558977901903,1.0,CLIENT,7,2,100000,16,108,0,120,240,116,4,88,16,112582.65600000006,7,False,False
106,12,-431.93884689669613,330.95357779069786,1.0,CLIENT,7,2,100000,21,119,0,201,321,184,15,114,49,124049.40800000007,5,False,False
106,13,2022.5824589497897,-2578.9512222098765,1.0,CLIENT,7,2,100000,21,44,0,244,246,224,20,72,95,45867.00800000002,5,False,False
106,14,-1854.1404282340404,1128.3387377905283,1.0,CLIENT,7,2,100000,17,114,0,260,440,189,71,103,72,118837.24800000007,10,False,False
106,15,-1406.0455996278488,2758.0643200003115,1.0,CLIENT,7,2,100000,9,55,0,315,356,303,11,129,143,57333.76000000003,6,False,False
106,16,1812.7962022920597,-2984.8899519996658,1.0,CLIENT,3,0.0,100000,18,55,0,160,218,158,2,75,54,57333.76000000003,4,False,False

107,0,1189.7574322571102,-1195.2436222096605,1.0,CLIENT,7,2,100000,16,56,0,510,694,449,61,168,230,58376.19200000003,8,False,False
107,1,-639.9075156009457,444.6112977900731,1.0,CLIENT,7,2,100000,17,149,0,275,318,236,39,129,95,155322.36800000007,5,False,False
107,2,-524.6773507248015,2265.249897790556,1.0,CLIENT,7,2,100000,15,101,0,314,335,279,35,131,117,105285.63200000006,5,False,False
107,3,-803.843214084799,1442.5950977904563,1.0,CLIENT,7,2,100000,16,140,0,306,376,258,48,129,114,145940.48000000007,5,False,False
107,4,2240.13384239632,-310.4722622097768,1.0,CLIENT,7,2,100000,18,136,0,144,237,142,2,113,17,141770.75200000007,5,False,False
107,5,755.5258212497632,1439.2554977901873,1.0,CLIENT,7,2,100000,9,46,0,10,110,10,0,10,0,47951.872000000025,4,False,False
107,6,-701.6011915038189,1948.5444977904833,1.0,CLIENT,7,2,100000,18,45,0,372,441,353,19,128,177,46909.440000000024,5,False,False
107,7,506.77121789862707,-1298.214622209915,1.0,CLIENT,7,2,100000,20,152,0,385,464,330,54,160,141,158449.66400000008,6,False,False
107,8,1836.2342954073035,-1859.1561022095211,1.0,CLIENT,7,2,100000,13,129,0,472,648,398,73,168,198,134473.72800000006,8,False,False
107,9,2201.6445914478245,-2522.957262209663,1.0,CLIENT,7,2,100000,20,87,0,352,366,344,8,156,149,90691.58400000005,6,False,False
107,10,1364.384589337174,-995.2015822092844,1.0,CLIENT,7,2,100000,12,88,0,560,651,398,161,172,196,91734.01600000005,8,False,False
107,11,2141.0596593994437,-2036.3775422097726,1.0,CLIENT,7,2,100000,16,64,0,431,556,394,37,160,199,66715.64800000003,8,False,False
107,12,-159.66303463299693,-582.4270222097243,1.0,CLIENT,7,2,100000,21,151,0,290,405,235,56,141,87,157407.23200000008,5,False,False
107,13,-2568.963430414063,27.16129779045275,1.0,CLIENT,7,2,100000,19,74,0,0,0,0,0,0,0,77139.96800000004,0,False,False
107,14,1203.5375344485817,-926.1831822095244,1.0,CLIENT,7,2,100000,17,76,0,523,703,425,97,167,205,79224.83200000004,8,False,False
107,15,-1406.0455996278488,2758.0643200003115,1.0,CLIENT,7,2,100000,9,129,0,155,226,155,0,134,19,134473.72800000006,3,False,False
107,16,1812.7962022920597,-2984.8899519996658,1.0,CLIENT,3,0.0,100000,18,158,0,203,268,203,0,155,35,164704.25600000008,3,False,False

108,0,-1018.622737894816,962.1379777901365,1.0,CLIENT,7,2,100000,16,99,0,555,757,413,143,157,199,103200.76800000005,9,False,False
108,1,785.6202972998766,-480.12394220936557,1.0,CLIENT,7,2,100000,17,125,0,218,402,199,19,119,69,130304.00000000007,6,False,False
108,2,1521.192648756512,-172.4354622094657,1.0,CLIENT,7,2,100000,15,126,0,251,291,237,14,124,93,131346.43200000006,4,False,False
108,3,1602.9229100296589,-2427.444702209561,1.0,CLIENT,7,2,100000,16,62,0,320,440,298,22,120,146,64630.784000000036,4,False,False
108,4,-951.3061467300737,1601.0034577907477,1.0,CLIENT,7,2,100000,18,92,0,463,649,355,109,151,167,95903.74400000005,7,False,False
108,5,-1753.2447374763326,2251.000937790146,1.0,CLIENT,7,2,100000,10,64,0,376,464,347,29,151,164,66715.64800000003,5,False,False
108,6,-1298.5013651611528,2038.2684177901715,1.0,CLIENT,7,2,100000,18,78,0,428,529,378,50,147,182,81309.69600000004,6,False,False
108,7,-815.8810045048446,-340.8626222097732,1.0,CLIENT,7,2,100000,21,120,0,307,458,288,19,131,121,125091.84000000007,5,False,False
108,8,1593.102607318599,-2078.4565022095244,1.0,CLIENT,7,2,100000,13,102,0,307,346,257,49,126,112,106328.06400000006,6,False,False
108,9,1993.6759227435748,-1184.111622209291,1.0,CLIENT,7,2,100000,20,143,0,265,365,219,45,124,84,149067.77600000007,4,False,False
108,10,-562.6122297457692,645.9891777902405,1.0,CLIENT,7,2,100000,12,93,0,497,617,402,95,161,198,96946.17600000005,8,False,False
108,11,-2126.3370445083337,1089.042777790078,1.0,CLIENT,7,2,100000,16,117,0,210,365,198,12,128,50,121964.54400000007,7,False,False
108,12,105.32674658737561,586.9895777904967,1.0,CLIENT,7,2,100000,20,149,0,287,501,247,40,147,75,155322.36800000007,7,False,False
108,13,-1404.623991232576,-391.51322221003085,1.0,CLIENT,7,2,100000,21,127,0,167,295,166,1,120,26,132388.86400000006,5,False,False
108,14,2439.390952244002,-3365.427022209566,1.0,CLIENT,7,2,100000,17,114,0,135,204,133,1,105,17,118837.24800000007,3,False,False
108,15,-1406.0455996278488,2758.0643200003115,1.0,CLIENT,7,2,100000,9,132,0,194,231,194,0,150,36,137601.02400000006,5,False,False
108,16,1812.7962022920597,-2984.8899519996658,1.0,CLIENT,3,0.0,100000,18,104,0,271,279,251,19,117,106,108412.92800000006,3,False,False

109,0,1872.5060586468137,-1020.3599022098348,1.0,CLIENT,7,2,100000,16,53,0,607,788,511,96,166,268,55248.89600000003,9,False,False
109,1,-1378.964490600433,1661.8954977904593,1.0,CLIENT,7,2,100000,17,46,0,131,172,126,5,62,44,47951.872000000025,5,False,False
109,2,2632.1539909435396,-1519.2961422093758,1.0,CLIENT,7,2,100000,15,105,0,487,608,380,107,162,166,109455.36000000006,9,False,False
109,3,2634.846654590647,-1944.5385422098877,1.0,CLIENT,7,2,100000,16,69,0,466,717,416,51,158,201,71927.80800000003,9,False,False
109,4,2722.595811073254,-2440.357822209389,1.0,CLIENT,7,2,100000,18,142,0,329,503,250,79,142,82,148025.34400000007,8,False,False
109,5,-1697.015584856517,1754.6250577904686,1.0,CLIENT,7,2,100000,10,24,0,143,167,142,1,69,59,25018.36800000001,5,False,False
109,6,1559.9986836631929,-776.346462209739,1.0,CLIENT,7,2,100000,18,88,0,445,608,393,52,162,179,91734.01600000005,8,False,False
109,7,2143.514735077209,-734.2675022099875,1.0,CLIENT,7,2,100000,20,89,0,382,507,367,15,162,157,92776.44800000005,9,False,False
109,8,-2163.4799636335574,2049.5117377902598,1.0,CLIENT,7,2,100000,13,28,0,140,141,138,2,66,54,29188.096000000012,4,False,False
109,9,-1640.9448242160756,2465.959857790037,1.0,CLIENT,7,2,100000,20,32,0,137,137,134,3,59,51,33357.824000000015,4,False,False
109,10,657.4811861179741,-794.0463422093458,1.0,CLIENT,7,2,100000,12,135,0,191,363,189,2,139,42,140728.32000000007,6,False,False
109,11,1211.8531133569952,-2074.3376622096407,1.0,CLIENT,7,2,100000,16,114,0,400,709,332,68,157,139,118837.24800000007,10,False,False
109,12,1783.9649422678992,-1481.7813022099656,1.0,CLIENT,7,2,100000,20,96,0,722,891,490,233,161,215,100073.47200000005,10,False,False
109,13,-1391.7942409167858,233.21461779068045,1.0,CLIENT,7,2,100000,19,70,0,6,31,6,0,6,0,72970.24000000003,2,False,False
109,14,1246.1449768562998,-2263.1363822099283,1.0,CLIENT,7,2,100000,17,108,0,392,631,340,52,156,145,112582.65600000006,10,False,False
109,15,-1406.0455996278488,2758.0643200003115,1.0,CLIENT,7,2,100000,9,39,0,123,130,121,2,69,41,40654.84800000002,4,False,False
109,16,1812.7962022920597,-2984.8899519996658,1.0,CLIENT,3,0.0,100000,18,155,0,289,413,245,44,144,73,161576.96000000008,6,False,False

110,0,1594.528135131277,669.7003377904898,1.0,CLIENT,7,2,100000,16,103,0,211,278,210,1,131,67,107370.49600000006,8,False,False
110,1,1365.572529181635,-945.66418220938,1.0,CLIENT,7,2,100000,17,53,0,453,637,412,41,157,204,55248.89600000003,9,False,False
110,2,-134.3995139484451,1171.9761777903,1.0,CLIENT,7,2,100000,15,87,0,125,246,124,1,75,31,90691.58400000005,7,False,False
110,3,1477.7140504630809,487.46949779023026,1.0,CLIENT,7,2,100000,16,57,0,314,411,306,8,137,149,59418.62400000003,9,False,False
110,4,1460.845304676911,-2294.0833422093106,1.0,CLIENT,7,2,100000,18,124,0,260,325,202,59,106,86,129261.56800000007,6,False,False
110,5,450.38367329943753,-901.5814622099415,1.0,CLIENT,7,2,100000,10,57,0,430,485,411,19,164,194,59418.62400000003,8,False,False
110,6,1455.063997435668,-593.7816622095318,1.0,CLIENT,7,2,100000,18,96,0,556,657,383,173,158,172,100073.47200000005,9,False,False
110,7,1296.5136262454666,-1454.5079022100094,1.0,CLIENT,7,2,100000,20,125,0,395,457,319,76,151,137,130304.00000000007,7,False,False
110,8,591.9069067246579,-936.0906622098216,1.0,CLIENT,7,2,100000,13,55,0,436,523,409,27,161,192,57333.76000000003,9,False,False
110,9,-2261.9997747029056,626.7308177906136,1.0,CLIENT,7,2,100000,18,71,0,0,0,0,0,0,0,74012.67200000004,0,False,False
110,10,-619.9501262206403,2664.220777790164,1.0,CLIENT,7,2,100000,12,42,0,128,202,124,4,66,45,43782.14400000002,4,False,False
110,11,286.68556278436375,-408.99046220940875,1.0,CLIENT,7,2,100000,16,104,0,294,489,269,25,146,104,108412.92800000006,9,False,False
110,12,-976.9656473627792,2186.7692977901656,1.0,CLIENT,7,2,100000,21,55,0,149,236,138,11,57,51,57333.76000000003,4,False,False
110,13,216.6763079730768,1510.0550177901962,1.0,CLIENT,7,2,100000,21,88,0,135,264,130,5,69,36,91734.01600000005,6,False,False
110,14,1104.0673715035518,493.9260577905395,1.0,CLIENT,7,2,100000,17,102,0,357,578,312,45,136,148,106328.06400000006,9,False,False
110,15,-1406.0455996278488,2758.0643200003115,1.0,CLIENT,7,2,100000,9,59,0,97,97,97,0,69,19,61503.488000000034,2,False,False
110,16,1812.7962022920597,-2984.8899519996658,1.0,CLIENT,3,0.0,100000,18,129,0,122,130,122,0,106,0,134473.72800000006,2,False,False

111,0,1481.5946539535237,-1268.492182209814,1.0,CLIENT,7,2,100000,16,106,0,403,581,268,135,126,113,110497.79200000006,8,False,False
111,1,1015.6846471040113,-2050.1812222097246,1.0,CLIENT,7,2,100000,17,116,0,229,376,202,27,111,73,120922.11200000007,6,False,False
111,2,-1620.1162789494942,630.0704177900917,1.0,CLIENT,7,2,100000,15,83,0,157,194,157,0,93,46,86521.85600000004,5,False,False
111,3,2151.0383540898774,-763.0993822099638,1.0,CLIENT,7,2,100000,16,102,0,349,413,287,62,131,127,106328.06400000006,5,False,False
111,4,2269.1987705813463,-2703.4069822096735,1.0,CLIENT,7,2,100000,18,116,0,268,383,243,25,128,92,120922.11200000007,5,False,False
111,5,59.78905256433309,-131.46970220927642,1.0,CLIENT,7,2,100000,10,97,0,91,154,91,0,81,3,101115.90400000005,5,False,False
111,6,1165.761047406425,65.12141779032078,1.0,CLIENT,7,2,100000,18,105,0,252,359,240,12,116,96,109455.36000000006,4,False,False
111,7,-1120.4687805276426,1143.2556177900426,1.0,CLIENT,7,2,100000,21,59,0,237,291,230,7,87,89,61503.488000000034,7,False,False
111,8,1563.7208951748244,-87.38698220983792,1.0,CLIENT,7,2,100000,13,86,0,291,354,279,12,129,129,89649.15200000005,5,False,False
111,9,1603.3980859672183,-2662.775182209432,1.0,CLIENT,7,2,100000,20,85,0,343,440,319,24,127,139,88606.72000000004,5,False,False
111,10,-275.84355138425974,2420.429977790297,1.0,CLIENT,7,2,100000,12,85,0,88,196,88,0,70,6,88606.72000000004,5,False,False
111,11,-1680.7012109978748,2073.2228977905093,1.0,CLIENT,7,2,100000,16,41,0,273,354,236,37,92,104,42739.71200000002,6,False,False
111,12,-1413.7315300372968,1763.7532977903604,1.0,CLIENT,7,2,100000,20,44,0,365,416,257,108,89,123,45867.00800000002,6,False,False
111,13,2629.8573072451486,-1547.4601022094566,1.0,CLIENT,7,2,100000,21,115,0,268,371,218,50,116,78,119879.68000000007,7,False,False
111,14,-1769.5591113355374,1760.858977790549,1.0,CLIENT,7,2,100000,17,68,0,305,328,212,93,92,100,70885.37600000003,6,False,False
111,15,-1406.0455996278488,2758.0643200003115,1.0,CLIENT,7,2,100000,9,91,0,210,250,187,23,97,75,94861.31200000005,5,False,False
111,16,1812.7962022920597,-2984.8899519996658,1.0,CLIENT,3,0.0,100000,18,91,0,236,289,228,8,127,77,94861.31200000005,4,False,False

112,0,-1319.7258903753248,2244.3217377903993,1.0,CLIENT,7,2,100000,16,63,0,442,542,324,118,115,154,65673.21600000003,7,False,False
112,1,401.0445717747949,1479.330697790252,1.0,CLIENT,7,2,100000,17,99,0,148,225,148,0,99,28,103200.76800000005,5,False,False
112,2,-506.1454891571741,2372.7850177903606,1.0,CLIENT,7,2,100000,15,98,0,320,437,230,90,108,101,102158.33600000005,6,False,False
112,3,-2195.4751434344707,2050.6249377906133,1.0,CLIENT,7,2,100000,16,78,0,337,344,297,40,114,133,81309.69600000004,5,False,False
112,4,875.5077455020635,-590.7760222100014,1.0,CLIENT,7,2,100000,18,79,0,359,364,238,121,101,100,82352.12800000004,6,False,False
112,5,1471.8535472324322,-940.3208222094241,1.0,CLIENT,7,2,100000,10,37,0,379,417,305,74,110,159,38569.98400000002,6,False,False
112,6,1268.7158338937443,194.92053779007364,1.0,CLIENT,7,2,100000,18,107,0,125,248,123,2,91,17,111540.22400000006,6,False,False
112,7,-409.288793869846,1356.3220977899653,1.0,CLIENT,7,2,100000,20,103,0,328,359,257,71,106,114,107370.49600000006,5,False,False
112,8,-197.91469761215004,-589.774142209367,1.0,CLIENT,7,2,100000,13,85,0,94,160,94,0,74,9,88606.72000000004,6,False,False
112,9,-1402.8816794611498,1375.5804577903832,1.0,CLIENT,7,2,100000,20,96,0,335,486,269,66,111,111,100073.47200000005,8,False,False
112,10,2228.4920319238654,-1815.9639422094162,1.0,CLIENT,7,2,100000,12,91,0,121,221,118,3,80,27,94861.31200000005,5,False,False
112,11,-2563.2613191627884,1819.9698977900118,1.0,CLIENT,7,2,100000,16,95,0,150,265,150,0,103,33,99031.04000000005,4,False,False
112,12,-1916.309280074473,-355.8908222097975,1.0,CLIENT,7,2,100000,16,64,0,0,17,0,0,0,0,66715.64800000003,2,False,False
112,13,1372.4625802773705,-1188.2304622099655,1.0,CLIENT,7,2,100000,21,73,0,283,359,237,46,99,109,76097.53600000004,6,False,False
112,14,933.479209893305,-1287.9731822096699,1.0,CLIENT,7,2,100000,17,61,0,231,365,217,14,103,82,63588.352000000035,6,False,False
112,15,-1406.0455996278488,2758.0643200003115,1.0,CLIENT,7,2,100000,9,87,0,257,360,205,52,114,74,90691.58400000005,6,False,False
112,16,1812.7962022920597,-2984.8899519996658,1.0,CLIENT,3,0.0,100000,17,76,0,22,72,22,0,20,0,79224.83200000004,1,False,False

113,0,263.71872579876566,-1274.3921422099468,1.0,CLIENT,7,2,100000,16,76,0,491,505,386,105,136,187,79224.83200000004,8,False,False
113,1,-1260.7248781195588,-651.3341022097654,1.0,CLIENT,7,2,100000,17,67,0,323,398,310,13,121,137,69842.94400000003,6,False,False
113,2,-604.6653002265225,1952.3293777904191,1.0,CLIENT,7,2,100000,15,46,0,219,243,181,38,72,73,47951.872000000025,4,False,False
113,3,-94.80151914601963,-1197.5813422092951,1.0,CLIENT,7,2,100000,16,46,0,491,643,404,87,136,226,47951.872000000025,9,False,False
113,4,-549.6240874506053,1145.4820177907493,1.0,CLIENT,7,2,100000,18,51,0,175,182,171,4,69,65,53164.03200000003,6,False,False
113,5,-1445.9642978069899,-794.1576622098557,1.0,CLIENT,7,2,100000,10,76,0,271,327,266,5,126,116,79224.83200000004,6,False,False
113,6,623.110126629264,-1975.9307822097276,1.0,CLIENT,7,2,100000,18,57,0,344,438,330,15,123,151,59418.62400000003,8,False,False
113,7,-1557.3138591921286,-453.8524222092528,1.0,CLIENT,7,2,100000,20,104,0,173,242,171,2,115,39,108412.92800000006,6,False,False
113,8,140.48976597239312,-518.6406622094103,1.0,CLIENT,7,2,100000,13,98,0,288,449,280,8,137,114,102158.33600000005,11,False,False
113,9,2081.74186318493,-2889.3113822093587,1.0,CLIENT,7,2,100000,19,49,0,43,49,43,0,19,4,51079.16800000003,4,False,False
113,10,1173.12627443972,-1209.4925822092794,1.0,CLIENT,7,2,100000,12,105,0,268,373,233,35,128,80,109455.36000000006,7,False,False
113,11,-432.8891987718148,2049.845697790208,1.0,CLIENT,7,2,100000,16,58,0,183,231,161,22,71,57,60461.05600000003,4,False,False
113,12,-429.3253792395571,-1138.5817422095513,1.0,CLIENT,7,2,100000,21,100,0,435,575,351,84,133,170,104243.20000000006,9,False,False
113,13,60.026640533112754,940.7645377903128,1.0,CLIENT,7,2,100000,21,72,0,127,213,122,5,66,39,75055.10400000004,4,False,False
113,14,534.4898142603812,-2193.3387422097626,1.0,CLIENT,7,2,100000,17,85,0,254,359,252,2,123,92,88606.72000000004,8,False,False
113,15,-1406.0455996278488,2758.0643200003115,1.0,CLIENT,7,2,100000,9,64,0,79,103,77,2,55,13,66715.64800000003,3,False,False
113,16,1812.7962022920597,-2984.8899519996658,1.0,CLIENT,3,0.0,100000,18,43,0,50,69,50,0,20,7,44824.57600000002,3,False,False

114,0,609.0924364690129,-1271.4978222093443,1.0,CLIENT,7,2,100000,16,68,0,272,351,255,16,114,120,70885.37600000003,6,False,False
114,1,-916.5391072932099,1454.1723777904926,1.0,CLIENT,7,2,100000,17,90,0,197,309,153,43,73,68,93818.88000000005,6,False,False
114,2,-1746.9090583081247,1386.4898177905238,1.0,CLIENT,7,2,100000,15,89,0,106,179,104,2,75,13,92776.44800000005,5,False,False
114,3,1494.1868163010968,-250.91606220985625,1.0,CLIENT,7,2,100000,16,70,0,247,360,236,10,103,101,72970.24000000003,7,False,False
114,4,1216.129696795592,-699.7583022093164,1.0,CLIENT,7,2,100000,18,54,0,438,497,331,106,114,142,56291.32800000003,7,False,False
114,5,1835.204747542779,-28.832662209760826,1.0,CLIENT,7,2,100000,10,104,0,142,221,138,3,103,24,108412.92800000006,5,False,False
114,6,1822.5333892058004,-3129.2059822095707,1.0,CLIENT,7,2,100000,18,49,0,135,156,135,0,72,46,51079.16800000003,4,False,False
114,7,-1006.9809274229244,2950.3131777900117,1.0,CLIENT,7,2,100000,20,56,0,60,104,60,0,34,5,58376.19200000003,3,False,False
114,8,2499.579904344229,-2791.3497822099034,1.0,CLIENT,7,2,100000,13,86,0,159,237,141,18,78,51,89649.15200000005,4,False,False
114,9,30.24894844174732,1059.654297790716,1.0,CLIENT,7,2,100000,20,86,0,178,197,133,45,68,56,89649.15200000005,4,False,False
114,10,2568.163631342275,-1529.426262209902,1.0,CLIENT,7,2,100000,12,118,0,165,237,153,12,106,37,123006.97600000007,7,False,False
114,11,-234.34485283103425,-6.234702209864906,1.0,CLIENT,7,2,100000,16,93,0,174,254,150,24,78,60,96946.17600000005,7,False,False
114,12,-1242.984976447676,68.0157377901321,1.0,CLIENT,7,2,100000,21,89,0,117,233,101,16,68,10,92776.44800000005,4,False,False
114,13,396.7679883361983,-1475.2134222099376,1.0,CLIENT,7,2,100000,21,85,0,182,265,178,2,99,59,88606.72000000004,5,False,False
114,14,1636.0268336845024,-1448.8305822093148,1.0,CLIENT,7,2,100000,17,118,0,355,482,245,109,113,111,123006.97600000007,9,False,False
114,15,-1406.0455996278488,2758.0643200003115,1.0,CLIENT,7,2,100000,9,54,0,82,178,79,3,45,24,56291.32800000003,3,False,False
114,16,1812.7962022920597,-2984.8899519996658,1.0,CLIENT,3,0.0,100000,18,47,0,135,144,135,0,72,46,48994.304000000026,4,False,False

115,0,-920.0237308360619,-1084.146262209358,1.0,CLIENT,7,2,100000,16,68,0,248,313,241,7,111,100,70885.37600000003,5,False,False
115,1,55.987645063295744,-1761.9737422096805,1.0,CLIENT,7,2,100000,17,94,0,175,278,173,2,103,49,97988.60800000005,6,False,False
115,2,-224.99972605753354,1797.149297790678,1.0,CLIENT,7,2,100000,15,23,0,132,153,132,0,60,57,23975.93600000001,4,False,False
115,3,-2034.1529126077562,1947.653937790359,1.0,CLIENT,7,2,100000,16,65,0,69,108,69,0,50,3,67758.08000000003,3,False,False
115,4,-825.1469352883769,-831.4498622098281,1.0,CLIENT,7,2,100000,18,75,0,250,328,244,6,109,104,78182.40000000004,5,False,False
115,5,1734.546644753851,-466.4315822099235,1.0,CLIENT,7,2,100000,10,111,0,158,231,158,0,120,26,115709.95200000006,6,False,False
115,6,2729.24827420021,-2388.7053422092877,1.0,CLIENT,7,2,100000,18,46,0,93,112,92,1,42,22,47951.872000000025,2,False,False
115,7,1804.0807236275787,-2009.883382209431,1.0,CLIENT,7,2,100000,20,56,0,100,143,94,6,40,30,58376.19200000003,4,False,False
115,8,112.53358164185934,-735.3807022095498,1.0,CLIENT,7,2,100000,13,56,0,406,477,342,64,116,158,58376.19200000003,8,False,False
115,9,-618.999774344959,2259.3499377904236,1.0,CLIENT,7,2,100000,20,67,0,157,185,124,33,56,51,69842.94400000003,4,False,False
115,10,138.50986623218742,-517.9727422095146,1.0,CLIENT,7,2,100000,12,59,0,384,478,308,76,116,153,61503.488000000034,9,False,False
115,11,1412.773338986135,438.4886977905026,1.0,CLIENT,7,2,100000,16,53,0,233,282,231,2,114,91,55248.89600000003,6,False,False
115,12,272.98465658286074,-240.78594220933013,1.0,CLIENT,7,2,100000,21,58,0,293,474,258,35,101,111,60461.05600000003,9,False,False
115,13,1027.2472615864974,54.76865779035677,1.0,CLIENT,7,2,100000,21,101,0,310,337,266,44,109,129,105285.63200000006,6,False,False
115,14,-227.92997767285786,1297.6564577901693,1.0,CLIENT,7,2,100000,17,63,0,88,108,88,0,58,12,65673.21600000003,7,False,False
115,15,-1406.0455996278488,2758.0643200003115,1.0,CLIENT,7,2,100000,9,65,0,131,141,121,10,59,53,67758.08000000003,4,False,False
115,16,1812.7962022920597,-2984.8899519996658,1.0,CLIENT,3,0.0,100000,18,57,0,77,101,75,2,42,15,59418.62400000003,2,False,False

116,0,-92.02965950950657,1773.2154977901998,1.0,CLIENT,7,2,100000,16,90,0,186,279,175,11,92,61,93818.88000000005,6,False,False
116,1,-972.6098679342141,656.2306177904856,1.0,CLIENT,7,2,100000,17,63,0,259,328,226,33,92,95,65673.21600000003,7,False,False
116,2,-1036.7586195148524,2384.584937790626,1.0,CLIENT,7,2,100000,15,56,0,247,295,220,27,94,98,58376.19200000003,5,False,False
116,3,1607.516277426441,-1485.2322222099538,1.0,CLIENT,7,2,100000,16,129,0,284,345,232,52,118,107,134473.72800000006,6,False,False
116,4,2105.421464076867,-2143.6900222093486,1.0,CLIENT,7,2,100000,18,130,0,260,262,218,42,112,99,135516.16000000006,3,False,False
116,5,1224.6036676833796,-431.1431422096379,1.0,CLIENT,7,2,100000,10,45,0,455,537,354,101,136,184,46909.440000000024,7,False,False
116,6,1038.7306800790152,657.343817790048,1.0,CLIENT,7,2,100000,18,120,0,184,276,179,5,123,49,125091.84000000007,7,False,False
116,7,1155.1487847996204,-291.54786220930674,1.0,CLIENT,7,2,100000,20,53,0,427,543,335,92,126,165,55248.89600000003,7,False,False
116,8,899.9001103003394,2.782217790307868,1.0,CLIENT,7,2,100000,13,63,0,373,450,329,44,133,164,65673.21600000003,8,False,False
116,9,-1034.4619358164616,1731.0252177907294,1.0,CLIENT,7,2,100000,20,71,0,367,421,253,114,93,104,74012.67200000004,6,False,False
116,10,1691.3056344291995,-492.92574220947415,1.0,CLIENT,7,2,100000,12,91,0,317,409,273,44,133,115,94861.31200000005,7,False,False
116,11,-1858.2586196938257,472.329977790487,1.0,CLIENT,7,2,100000,16,99,0,126,165,126,0,86,19,103200.76800000005,3,False,False
116,12,-302.13661993333585,-1006.333582209654,1.0,CLIENT,7,2,100000,20,93,0,91,131,91,0,70,1,96946.17600000005,5,False,False
116,13,-772.6399941801931,861.5046977903078,1.0,CLIENT,7,2,100000,21,70,0,290,355,230,60,88,97,72970.24000000003,8,False,False
116,14,-111.9870488903747,-638.198342209709,1.0,CLIENT,7,2,100000,17,90,0,180,279,169,11,77,72,93818.88000000005,8,False,False
116,15,-1406.0455996278488,2758.0643200003115,1.0,CLIENT,7,2,100000,9,97,0,126,146,125,1,98,16,101115.90400000005,3,False,False
116,16,1812.7962022920597,-2984.8899519996658,1.0,CLIENT,3,0.0,100000,18,131,0,130,147,130,0,112,1,136558.59200000006,2,False,False

117,0,-1612.7510519161992,4.229377790609021,1.0,CLIENT,7,2,100000,16,133,0,134,190,134,0,117,5,138643.45600000006,5,False,False
117,1,613.6858038657949,1410.423617790211,1.0,CLIENT,7,2,100000,17,70,0,302,385,298,4,146,123,72970.24000000003,4,False,False
117,2,-410.95190965130365,-628.0682222099739,1.0,CLIENT,7,2,100000,15,66,0,339,508,316,23,135,140,68800.51200000003,7,False,False
117,3,-2003.1080846825241,1629.724017790214,1.0,CLIENT,7,2,100000,13,51,0,19,40,19,0,8,3,53164.03200000003,2,False,False
117,4,2172.4212712834237,-978.9488622099788,1.0,CLIENT,7,2,100000,18,118,0,211,347,211,0,132,54,123006.97600000007,5,False,False
117,5,2193.091424570631,-2888.532142209744,1.0,CLIENT,7,2,100000,10,39,0,39,80,39,0,25,5,40654.84800000002,3,False,False
117,6,-4.518090995116501,862.5065777901511,1.0,CLIENT,7,2,100000,18,121,0,296,499,272,24,145,77,126134.27200000007,9,False,False
117,7,1083.9515901438724,164.30753779063934,1.0,CLIENT,7,2,100000,20,141,0,411,590,305,106,151,130,146982.91200000007,10,False,False
117,8,-849.7768880559953,-213.51254220937392,1.0,CLIENT,7,2,100000,13,124,0,335,411,275,60,130,124,129261.56800000007,5,False,False
117,9,1195.8555234565383,-1677.5931822099483,1.0,CLIENT,7,2,100000,20,131,0,254,383,242,12,142,77,136558.59200000006,7,False,False
117,10,1415.8619825808335,-754.8617022094055,1.0,CLIENT,7,2,100000,12,96,0,511,561,387,124,164,182,100073.47200000005,6,False,False
117,11,853.0160844540246,-492.4804622098074,1.0,CLIENT,7,2,100000,16,120,0,472,660,371,101,157,174,125091.84000000007,10,False,False
117,12,657.7187740867538,1183.998737790003,1.0,CLIENT,7,2,100000,20,74,0,381,417,375,6,143,175,77139.96800000004,5,False,False
117,13,-97.89016274015526,-938.3170622097373,1.0,CLIENT,7,2,100000,21,112,0,313,453,270,44,129,111,116752.38400000006,8,False,False
117,14,625.96118225462,1258.026537790562,1.0,CLIENT,7,2,100000,17,69,0,367,409,359,8,146,163,71927.80800000003,5,False,False
117,15,-1406.0455996278488,2758.0643200003115,1.0,CLIENT,7,2,100000,9,35,0,16,42,16,0,10,2,36485.12000000002,1,False,False
117,16,1812.7962022920597,-2984.8899519996658,1.0,CLIENT,3,0.0,100000,18,37,0,44,70,44,0,17,6,38569.98400000002,2,False,False

118,0,2288.3642000659074,-1952.8875422093738,1.0,CLIENT,7,2,100000,16,61,0,81,143,81,0,46,19,63588.352000000035,4,False,False
118,1,-565.6216773510621,-451.1807422096703,1.0,CLIENT,7,2,100000,17,102,0,180,278,175,5,108,41,106328.06400000006,4,False,False
118,2,2197.3680080092277,-403.64710220945284,1.0,CLIENT,7,2,100000,15,135,0,141,194,140,1,121,7,140728.32000000007,5,False,False
118,3,-72.07227012920119,632.6307777907462,1.0,CLIENT,7,2,100000,16,95,0,490,597,356,135,146,158,99031.04000000005,8,False,False
118,4,-2074.542867306489,841.912377790733,1.0,CLIENT,7,2,100000,18,66,0,105,156,103,2,44,37,68800.51200000003,2,False,False
118,5,-116.65961227712505,1507.0493777906659,1.0,CLIENT,7,2,100000,10,74,0,317,416,311,6,143,135,77139.96800000004,7,False,False
118,6,352.97260608401905,1752.8439377902196,1.0,CLIENT,7,2,100000,18,101,0,248,354,246,2,134,79,105285.63200000006,5,False,False
118,7,547.9531324931046,408.9888977906307,1.0,CLIENT,7,2,100000,20,99,0,414,646,335,81,134,138,103200.76800000005,10,False,False
118,8,-894.1266422351395,267.1672177903838,1.0,CLIENT,7,2,100000,13,93,0,242,383,232,10,112,98,96946.17600000005,7,False,False
118,9,666.6679209121008,-1274.6147822093847,1.0,CLIENT,7,2,100000,19,67,0,7,108,7,0,7,0,69842.94400000003,6,False,False
118,10,1374.2840880382023,624.6157377904169,1.0,CLIENT,7,2,100000,12,72,0,349,499,325,24,139,138,75055.10400000004,7,False,False
118,11,-2118.971817475039,1158.3951377905769,1.0,CLIENT,7,2,100000,16,72,0,68,101,68,0,46,8,75055.10400000004,3,False,False
118,12,1689.8801066165215,81.48545779013631,1.0,CLIENT,7,2,100000,20,116,0,324,381,295,29,129,133,120922.11200000007,6,False,False
118,13,1651.3116596786203,-2402.3977022095205,1.0,CLIENT,7,2,100000,21,48,0,120,144,118,2,40,38,50036.736000000026,3,False,False
118,14,853.33286841221,1024.6998177903783,1.0,CLIENT,7,2,100000,17,76,0,507,550,395,112,137,163,79224.83200000004,7,False,False
118,15,-1406.0455996278488,2758.0643200003115,1.0,CLIENT,7,2,100000,9,36,0,0,7,0,0,0,0,37527.55200000002,2,False,False
118,16,1812.7962022920597,-2984.8899519996658,1.0,CLIENT,3,0.0,100000,18,56,0,77,108,77,0,43,16,58376.19200000003,2,False,False

119,0,-1558.02662309903,836.1237377903194,1.0,CLIENT,7,2,100000,16,75,0,94,152,91,3,54,21,78182.40000000004,3,False,False
119,1,2249.082989221667,-2376.4601422093556,1.0,CLIENT,7,2,100000,17,35,0,35,38,35,0,18,0,36485.12000000002,3,False,False
119,2,1975.3024531547587,-644.3209422092796,1.0,CLIENT,7,2,100000,15,58,0,355,433,342,13,134,133,60461.05600000003,9,False,False
119,3,-1477.9594776073407,1655.661577790379,1.0,CLIENT,7,2,100000,16,64,0,204,218,164,40,63,75,66715.64800000003,4,False,False
119,4,1141.9230545351138,-269.28386220935863,1.0,CLIENT,7,2,100000,18,46,0,470,547,361,109,132,169,47951.872000000025,8,False,False
119,5,1817.3064538915223,61.1138977901561,1.0,CLIENT,7,2,100000,10,47,0,346,358,343,3,139,148,48994.304000000026,7,False,False
119,6,558.407003121098,-1539.667702209356,1.0,CLIENT,7,2,100000,17,123,0,180,252,180,0,127,37,128219.13600000007,7,False,False
119,7,1216.6048727331513,-341.75318220989766,1.0,CLIENT,7,2,100000,20,41,0,485,554,374,111,130,177,42739.71200000002,8,False,False
119,8,-1462.1994756762265,2816.061257790427,1.0,CLIENT,7,2,100000,13,44,0,137,162,136,1,64,48,45867.00800000002,3,False,False
119,9,1986.2314997203114,147.16425779041828,1.0,CLIENT,7,2,100000,20,88,0,277,311,276,1,129,103,91734.01600000005,7,False,False
119,10,-2323.297470657625,2053.296617790196,1.0,CLIENT,7,2,100000,12,57,0,135,197,131,4,68,44,59418.62400000003,4,False,False
119,11,690.1099338352583,-1249.3451422099063,1.0,CLIENT,7,2,100000,16,99,0,325,364,310,15,131,154,103200.76800000005,8,False,False
119,12,-2177.022477856249,-328.7287422095602,1.0,CLIENT,7,2,100000,17,64,0,23,64,23,0,20,0,66715.64800000003,1,False,False
119,13,1123.9455648950143,-173.1033822093613,1.0,CLIENT,7,2,100000,20,59,0,424,503,352,72,129,159,61503.488000000034,8,False,False
119,14,1011.5664556442259,-712.2261422094772,1.0,CLIENT,7,2,100000,17,62,0,505,552,396,109,134,179,64630.784000000036,8,False,False
119,15,-1406.0455996278488,2758.0643200003115,1.0,CLIENT,7,2,100000,9,43,0,150,164,147,3,70,60,44824.57600000002,3,False,False
119,16,1812.7962022920597,-2984.8899519996658,1.0,CLIENT,3,0.0,100000,18,35,0,35,35,35,0,17,0,36485.12000000002,1,False,False

120,0,-1140.6637578772902,2766.4125377900127,1.0,CLIENT,7,2,100000,16,126,0,341,536,301,40,174,109,131346.43200000006,7,False,False
120,1,-151.50584770339452,1899.118417790298,1.0,CLIENT,7,2,100000,17,161,0,287,588,267,20,167,75,167831.55200000008,8,False,False
120,2,-1272.7626685396042,1218.0626577902162,1.0,CLIENT,7,2,100000,15,167,0,722,969,426,296,202,189,174086.1440000001,12,False,False
120,3,2258.5073119845733,-2432.6767422097982,1.0,CLIENT,7,2,100000,16,77,0,208,210,178,30,82,78,80267.26400000004,3,False,False
120,4,-33.503823191300015,-1542.5620222099585,1.0,CLIENT,7,2,100000,17,117,0,88,342,84,4,76,5,121964.54400000007,5,False,False
120,5,542.1718252518616,-198.92962220980735,1.0,CLIENT,7,2,100000,10,192,0,481,732,413,68,206,190,200146.9440000001,9,False,False
120,6,192.8383151017657,238.55797779063636,1.0,CLIENT,7,2,100000,17,123,0,655,854,562,93,209,295,128219.13600000007,12,False,False
120,7,-691.226516865794,468.0998177900935,1.0,CLIENT,7,2,100000,20,100,0,996,1237,548,448,206,303,104243.20000000006,9,False,False
120,8,-2108.2011628888604,1893.6637377906231,1.0,CLIENT,7,2,100000,13,143,0,415,525,352,63,178,145,149067.77600000007,7,False,False
120,9,-746.1885336517428,563.835017790424,1.0,CLIENT,7,2,100000,19,102,0,924,1210,559,366,205,281,106328.06400000006,11,False,False
120,10,-1479.7017893787668,2295.6402577905524,1.0,CLIENT,7,2,100000,12,53,0,621,718,529,92,181,276,55248.89600000003,8,False,False
120,11,-6.6563827146962,1373.7993377901341,1.0,CLIENT,7,2,100000,16,166,0,536,728,437,99,191,214,173043.7120000001,10,False,False
120,12,-131.46926233312075,-57.21926220927941,1.0,CLIENT,7,2,100000,19,116,0,721,989,568,153,208,277,120922.11200000007,10,False,False
120,13,2042.6982403094692,-2654.5375022096646,1.0,CLIENT,7,2,100000,21,41,0,186,235,181,5,75,73,42739.71200000002,3,False,False
120,14,1379.7486113206974,-711.8921822095294,1.0,CLIENT,7,2,100000,17,174,0,382,483,357,25,176,160,181383.1680000001,6,False,False
120,15,-2014.8290911438216,2693.609257790317,1.0,CLIENT,7,2,100000,9,91,0,386,418,379,7,183,156,94861.31200000005,5,False,False
120,16,1945.6831530422046,-311.1401822096724,1.0,CLIENT,7,2,100000,18,179,0,213,360,213,0,172,26,186595.3280000001,4,False,False
120,17,-1053.5481693110537,-701.8733822095132,1.0,CLIENT,7,2,100000,15,194,0,393,640,351,42,190,134,202231.8080000001,7,False,False
120,18,-1528.4865189758816,379.6004177904777,1.0,CLIENT,7,2,100000,18,179,0,527,676,439,88,205,181,186595.3280000001,8,False,False
120,19,2675.711785226939,-1520.4093422097294,1.0,CLIENT,7,2,100000,21,89,0,127,311,118,9,68,28,92776.44800000005,5,False,False
120,20,-1406.0455996278488,2758.0643200003115,1.0,CLIENT,7,2,100000,11,66,0,410,523,403,7,181,191,68800.51200000003,6,False,False
120,21,1812.7962022920597,-2984.8899519996658,1.0,CLIENT,3,0.0,100000,18,80,0,118,119,116,2,77,23,83394.56000000004,3,False,False

121,0,-2560.1726755680897,250.80317779056827,1.0,CLIENT,7,2,100000,16,61,0,122,146,122,0,67,39,63588.352000000035,6,False,False
121,1,992.7970061078189,-79.92854220968525,1.0,CLIENT,7,2,100000,17,108,0,693,800,448,245,179,202,112582.65600000006,10,False,False
121,2,471.84578648238926,-870.6345022097685,1.0,CLIENT,7,2,100000,14,134,0,131,306,131,0,109,8,139685.88800000006,10,False,False
121,3,-777.1541655875692,2207.920097790551,1.0,CLIENT,7,2,100000,16,70,0,286,403,267,18,108,119,72970.24000000003,8,False,False
121,4,1865.7743995304518,-229.7652622094705,1.0,CLIENT,7,2,100000,18,86,0,552,681,476,76,177,241,89649.15200000005,9,False,False
121,5,-778.6588893902157,691.4077377902612,1.0,CLIENT,7,2,100000,10,109,0,299,466,280,18,156,106,113625.08800000006,12,False,False
121,6,2581.547753585593,-3106.0514222094985,1.0,CLIENT,7,2,100000,18,36,0,36,41,36,0,18,0,37527.55200000002,2,False,False
121,7,-2591.3758954726964,506.6165377901382,1.0,CLIENT,7,2,100000,20,60,0,133,225,131,2,63,48,62545.920000000035,6,False,False
121,8,-2212.660673178826,1931.6238577904912,1.0,CLIENT,7,2,100000,13,88,0,184,302,178,5,108,50,91734.01600000005,7,False,False
121,9,884.4568923274105,478.8978577905152,1.0,CLIENT,7,2,100000,20,78,0,583,725,503,80,175,244,81309.69600000004,10,False,False
121,10,2312.439780905998,-1272.0544222095211,1.0,CLIENT,7,2,100000,12,164,0,221,308,217,4,173,32,170958.8480000001,6,False,False
121,11,-678.792746497595,527.656017790014,1.0,CLIENT,7,2,100000,16,126,0,273,407,268,5,149,94,131346.43200000006,12,False,False
121,12,-320.90606946974293,2522.733057790656,1.0,CLIENT,7,2,100000,21,105,0,153,199,148,5,100,25,109455.36000000006,6,False,False
121,13,-1674.4447278190726,1661.3388977902828,1.0,CLIENT,7,2,100000,21,95,0,309,505,250,59,102,110,99031.04000000005,9,False,False
121,14,298.24817726684984,720.2396177902375,1.0,CLIENT,7,2,100000,17,102,0,590,648,479,111,179,237,106328.06400000006,11,False,False
121,15,-2428.23215688515,544.0200577906205,1.0,CLIENT,7,2,100000,9,62,0,161,290,155,5,75,66,64630.784000000036,6,False,False
121,16,1698.5916654730886,-28.832662209760826,1.0,CLIENT,7,2,100000,18,113,0,509,719,435,76,175,213,117794.81600000006,9,False,False
121,17,456.1649805401178,1022.5847377901814,1.0,CLIENT,7,2,100000,15,100,0,453,615,397,56,178,184,104243.20000000006,11,False,False
121,18,828.1485437176265,720.7962177904142,1.0,CLIENT,7,2,100000,18,78,0,497,654,458,39,177,220,81309.69600000004,9,False,False
121,19,2196.417656133546,-683.2829422097819,1.0,CLIENT,7,2,100000,21,127,0,390,462,371,19,168,155,132388.86400000006,6,False,False
121,20,-1406.0455996278488,2758.0643200003115,1.0,CLIENT,7,2,100000,11,92,0,312,356,250,61,113,103,95903.74400000005,4,False,False
121,21,1812.7962022920597,-2984.8899519996658,1.0,CLIENT,3,0.0,100000,18,36,0,36,36,36,0,18,0,37527.55200000002,1,False,False

122,0,-394.5583398026933,346.87233779005567,1.0,CLIENT,7,2,100000,16,94,0,493,585,405,86,164,186,97988.60800000005,8,False,False
122,1,1544.713857669075,-562.8347022093587,1.0,CLIENT,7,2,100000,17,94,0,259,375,230,29,117,85,97988.60800000005,7,False,False
122,2,1935.229282414774,-2143.9126622095773,1.0,CLIENT,7,2,100000,15,90,0,480,556,314,167,126,136,93818.88000000005,9,False,False
122,3,1957.8793354416239,-1383.5970622094906,1.0,CLIENT,7,2,100000,16,70,0,441,597,349,92,131,161,72970.24000000003,9,False,False
122,4,2580.043029783509,-1307.3428622098068,1.0,CLIENT,7,2,100000,18,77,0,266,330,254,12,123,101,80267.26400000004,6,False,False
122,5,823.5551763208446,-2333.1566622095315,1.0,CLIENT,7,2,100000,10,113,0,292,397,231,61,122,97,117794.81600000006,8,False,False
122,6,-1581.9438119597469,1588.8695777905345,1.0,CLIENT,7,2,100000,18,130,0,281,451,214,66,118,80,135516.16000000006,10,False,False
122,7,-95.43508706239025,2361.319057790043,1.0,CLIENT,7,2,100000,21,158,0,212,355,192,20,144,27,164704.25600000008,6,False,False
122,8,-1985.3681830106414,2960.10933779059,1.0,CLIENT,7,2,100000,13,96,0,196,263,192,4,125,50,100073.47200000005,3,False,False
122,9,104.37639471225695,953.4550177907024,1.0,CLIENT,7,2,100000,20,81,0,400,568,369,30,155,160,84436.99200000004,8,False,False
122,10,1028.5143974198013,-776.5691022099679,1.0,CLIENT,7,2,100000,12,63,0,268,346,266,2,121,118,65673.21600000003,9,False,False
122,11,-633.8094244015173,-311.808102209568,1.0,CLIENT,7,2,100000,16,114,0,294,377,291,2,163,101,118837.24800000007,6,False,False
122,12,-1339.1289078286652,427.8019777905908,1.0,CLIENT,7,2,100000,20,132,0,400,465,315,84,157,133,137601.02400000006,6,False,False
122,13,639.3453044979377,-1341.5181022097388,1.0,CLIENT,7,2,100000,21,109,0,269,379,208,61,105,79,113625.08800000006,7,False,False
122,14,300.6240569552092,1405.8594977906605,1.0,CLIENT,7,2,100000,17,73,0,493,530,423,70,157,204,76097.53600000004,7,False,False
122,15,1832.9080638438254,-2702.40510220983,1.0,CLIENT,7,2,100000,9,60,0,345,443,324,21,129,164,62545.920000000035,7,False,False
122,16,-2233.806002403592,2447.0354577903577,1.0,CLIENT,7,2,100000,18,90,0,302,315,287,15,121,110,93818.88000000005,3,False,False
122,17,2564.1246358724584,-1563.1562222093767,1.0,CLIENT,7,2,100000,15,64,0,259,367,259,0,126,108,66715.64800000003,8,False,False
122,18,179.53338884785362,1606.6807777906513,1.0,CLIENT,7,2,100000,19,105,0,423,484,368,54,155,164,109455.36000000006,6,False,False
122,19,-376.34326219381387,872.6366977906773,1.0,CLIENT,7,2,100000,21,96,0,573,755,419,153,159,206,100073.47200000005,8,False,False
122,20,-1406.0455996278488,2758.0643200003115,1.0,CLIENT,7,2,100000,11,89,0,322,439,291,31,128,116,92776.44800000005,4,False,False
122,21,1812.7962022920597,-2984.8899519996658,1.0,CLIENT,3,0.0,100000,18,104,0,184,257,184,0,118,44,108412.92800000006,5,False,False

123,0,-2253.525803815118,753.7469377902742,1.0,CLIENT,7,2,100000,16,171,0,426,678,362,64,192,131,178255.8720000001,9,False,False
123,1,426.0705044900044,876.644217790051,1.0,CLIENT,7,2,100000,17,174,0,375,446,336,39,181,129,181383.1680000001,7,False,False
123,2,-2227.4703232348215,2008.5459777900705,1.0,CLIENT,7,2,100000,15,178,0,412,692,371,41,194,142,185552.8960000001,9,False,False
123,3,-1487.9381722977748,1858.7092577902854,1.0,CLIENT,7,2,100000,16,73,0,815,1027,644,171,207,312,76097.53600000004,10,False,False
123,4,885.0904602443438,-988.4110622098183,1.0,CLIENT,7,2,100000,18,118,0,448,577,371,77,166,153,123006.97600000007,7,False,False
123,5,-652.1036980003652,461.75457779029415,1.0,CLIENT,7,2,100000,10,160,0,630,989,430,200,203,192,166789.12000000008,12,False,False
123,6,-794.4188913218927,-1168.192862209933,1.0,CLIENT,7,2,100000,18,168,0,167,223,167,0,146,3,175128.5760000001,5,False,False
123,7,-1577.7464245105557,308.4669377905209,1.0,CLIENT,7,2,100000,20,132,0,711,825,478,234,195,228,137601.02400000006,10,False,False
123,8,863.5491510714236,82.04205779031298,1.0,CLIENT,7,2,100000,13,140,0,467,554,378,89,190,173,145940.48000000007,5,False,False
123,9,-1487.7005843289953,-594.8948622098851,1.0,CLIENT,7,2,100000,20,164,0,409,574,306,104,155,133,170958.8480000001,5,False,False
123,10,1767.0961964817293,-1788.2452622097933,1.0,CLIENT,7,2,100000,12,64,0,404,505,375,29,167,183,66715.64800000003,5,False,False
123,11,-830.2154786232809,1786.796537790714,1.0,CLIENT,7,2,100000,16,90,0,619,948,548,72,204,257,93818.88000000005,11,False,False
123,12,1550.0991849627273,-1924.5009422098553,1.0,CLIENT,7,2,100000,20,91,0,429,490,353,76,159,153,94861.31200000005,5,False,False
123,13,707.2162675902076,342.75349779017205,1.0,CLIENT,7,2,100000,20,101,0,383,581,364,19,179,156,105285.63200000006,5,False,False
123,14,-1268.644477079819,1311.0148577904545,1.0,CLIENT,7,2,100000,15,99,0,973,1201,646,327,217,360,103200.76800000005,11,False,False
123,15,-1094.730083906094,1484.1174577900313,1.0,CLIENT,7,2,100000,9,88,0,863,1228,570,293,217,312,91734.01600000005,11,False,False
123,16,-1250.9045754084989,488.8053377900215,1.0,CLIENT,7,2,100000,18,79,0,826,962,590,237,200,298,82352.12800000004,11,False,False
123,17,1701.4427210990075,-783.4709422099439,1.0,CLIENT,7,2,100000,15,116,0,429,531,367,62,168,149,120922.11200000007,6,False,False
123,18,1774.5406195049927,-1828.0978222096292,1.0,CLIENT,7,2,100000,18,80,0,401,493,346,55,162,153,83394.56000000004,5,False,False
123,19,-819.4448240371022,2532.863177790391,1.0,CLIENT,7,2,100000,21,157,0,423,548,411,12,199,158,163661.82400000008,6,False,False
123,20,-1406.0455996278488,2758.0643200003115,1.0,CLIENT,7,2,100000,11,132,0,505,629,436,69,207,189,137601.02400000006,6,False,False
123,21,1812.7962022920597,-2984.8899519996658,1.0,CLIENT,3,0.0,100000,18,116,0,129,214,129,0,99,25,120922.11200000007,3,False,False

124,0,-583.5199710017562,-725.5845422097625,1.0,CLIENT,7,2,100000,16,171,0,571,766,393,178,198,173,178255.8720000001,7,False,False
124,1,1454.351233529329,-2532.1968222092737,1.0,CLIENT,7,2,100000,17,91,0,495,564,406,89,182,188,94861.31200000005,7,False,False
124,2,-2076.7603550154745,1593.2110577906471,1.0,CLIENT,7,2,100000,15,112,0,340,426,319,21,156,139,116752.38400000006,4,False,False
124,3,1830.5321841560285,-2566.149422209768,1.0,CLIENT,7,2,100000,16,43,0,417,474,400,17,183,186,44824.57600000002,6,False,False
124,4,-905.5308647382515,52.31961779021219,1.0,CLIENT,7,2,100000,18,163,0,625,777,372,253,192,157,169916.41600000008,9,False,False
124,5,115.6222252365577,627.732697790457,1.0,CLIENT,7,2,100000,10,173,0,448,680,340,109,190,140,180340.7360000001,9,False,False
124,6,-1451.587213068859,1026.926217790294,1.0,CLIENT,7,2,100000,18,165,0,403,592,285,119,155,121,172001.2800000001,9,False,False
124,7,-60.19287168796709,-1257.9167822096213,1.0,CLIENT,7,2,100000,20,119,0,586,778,463,123,188,230,124049.40800000007,8,False,False
124,8,-378.5607499027992,1687.9443777903432,1.0,CLIENT,7,2,100000,13,137,0,580,769,408,171,184,184,142813.18400000007,8,False,False
124,9,-235.13681272677889,2546.555537790624,1.0,CLIENT,7,2,100000,20,145,0,324,398,296,27,164,109,151152.64000000007,4,False,False
124,10,1313.9367439586013,-2326.032182209327,1.0,CLIENT,7,2,100000,12,107,0,531,569,401,130,188,179,111540.22400000006,8,False,False
124,11,2252.409220785145,-2910.1282222097966,1.0,CLIENT,7,2,100000,16,69,0,372,387,367,5,182,155,71927.80800000003,5,False,False
124,12,-2419.283010059803,1819.1906577903974,1.0,CLIENT,7,2,100000,20,128,0,236,376,230,6,149,66,133431.29600000006,3,False,False
124,13,-242.5020397600739,2163.1694577904263,1.0,CLIENT,7,2,100000,20,78,0,431,602,399,32,172,194,81309.69600000004,6,False,False
124,14,271.400736790246,1066.8900977906399,1.0,CLIENT,7,2,100000,17,129,0,375,552,363,11,181,157,134473.72800000006,7,False,False
124,15,849.1354809635816,-386.9491022096895,1.0,CLIENT,7,2,100000,9,162,0,282,581,242,40,160,78,168873.98400000008,7,False,False
124,16,-1457.1309323413223,-770.8917822092733,1.0,CLIENT,7,2,100000,18,154,0,342,424,342,0,193,121,160534.52800000008,5,False,False
124,17,426.30809245934677,-1922.8311422093252,1.0,CLIENT,7,2,100000,15,201,0,411,527,334,77,194,128,209528.8320000001,7,False,False
124,18,52.740609489223374,-1265.375222209774,1.0,CLIENT,7,2,100000,18,116,0,615,736,472,143,190,233,120922.11200000007,9,False,False
124,19,2323.764807419704,-2872.8360222098245,1.0,CLIENT,7,2,100000,21,96,0,338,361,334,4,177,135,100073.47200000005,5,False,False
124,20,-1406.0455996278488,2758.0643200003115,1.0,CLIENT,7,2,100000,11,143,0,196,457,177,18,137,38,149067.77600000007,6,False,False
124,21,1812.7962022920597,-2984.8899519996658,1.0,CLIENT,3,0.0,100000,18,51,0,404,406,391,13,181,168,53164.03200000003,5,False,False

125,0,-1733.683328044181,496.9316977900698,1.0,CLIENT,7,2,100000,16,112,0,701,815,575,126,183,287,116752.38400000006,9,False,False
125,1,-903.6301609880142,1068.6712177900977,1.0,CLIENT,7,2,100000,17,184,0,566,824,368,199,179,175,191807.4880000001,12,False,False
125,2,-106.9977015448763,2057.1928177906416,1.0,CLIENT,7,2,100000,14,124,0,105,327,105,0,94,4,129261.56800000007,7,False,False
125,3,-1337.1490080890221,-665.3604222099464,1.0,CLIENT,7,2,100000,14,128,0,116,333,116,0,96,16,133431.29600000006,9,False,False
125,4,-2248.6948484489935,446.72637779026985,1.0,CLIENT,7,2,100000,17,101,0,411,668,392,19,177,183,105285.63200000006,7,False,False
125,5,310.6027516450805,-590.3307422095438,1.0,CLIENT,7,2,100000,10,164,0,342,479,313,29,175,121,170958.8480000001,8,False,False
125,6,-100.26604242851462,483.1280177901178,1.0,CLIENT,7,2,100000,17,125,0,469,596,361,108,169,152,130304.00000000007,9,False,False
125,7,1756.4839338749248,-809.297182209599,1.0,CLIENT,7,2,100000,21,104,0,346,462,331,14,142,139,108412.92800000006,6,False,False
125,8,225.78384677779783,221.30337779069635,1.0,CLIENT,7,2,100000,13,55,0,503,685,468,35,177,231,57333.76000000003,9,False,False
125,9,-1709.84533517287,2821.181977790154,1.0,CLIENT,7,2,100000,20,87,0,332,369,329,3,154,126,90691.58400000005,4,False,False
125,10,-2440.9827112115345,2036.2646577904845,1.0,CLIENT,7,2,100000,12,100,0,298,426,296,2,162,111,104243.20000000006,8,False,False
125,11,-2334.860085140111,549.1407777903476,1.0,CLIENT,7,2,100000,16,124,0,398,598,389,9,178,162,129261.56800000007,7,False,False
125,12,744.0424027566828,-2257.0137822095667,1.0,CLIENT,7,2,100000,20,55,0,58,113,58,0,33,3,57333.76000000003,4,False,False
125,13,-2103.4494035127045,430.918937790631,1.0,CLIENT,7,2,100000,19,98,0,491,763,451,41,177,252,102158.33600000005,7,False,False
125,14,1627.3944708173406,-2801.5912222093575,1.0,CLIENT,7,2,100000,17,51,0,122,122,121,1,39,43,53164.03200000003,2,False,False
125,15,2372.94551696441,-775.9011822092814,1.0,CLIENT,7,2,100000,9,126,0,196,313,195,1,148,43,131346.43200000006,3,False,False
125,16,112.53358164185934,563.6123777901952,1.0,CLIENT,7,2,100000,18,90,0,488,709,391,97,168,188,93818.88000000005,9,False,False
125,17,1363.434237462055,-52.54382221001009,1.0,CLIENT,7,2,100000,15,122,0,478,676,387,90,154,198,127176.70400000007,7,False,False
125,18,-1783.8143894645682,1673.6954177907246,1.0,CLIENT,7,2,100000,19,153,0,681,902,436,247,183,208,159492.09600000008,9,False,False
125,19,1701.2843291196334,418.89637779013697,1.0,CLIENT,7,2,100000,21,120,0,210,389,206,4,135,51,125091.84000000007,7,False,False
125,20,-1406.0455996278488,2758.0643200003115,1.0,CLIENT,7,2,100000,11,112,0,273,412,271,2,162,97,116752.38400000006,5,False,False
125,21,1812.7962022920597,-2984.8899519996658,1.0,CLIENT,3,0.0,100000,18,67,0,55,87,55,0,38,3,69842.94400000003,2,False,False

126,0,613.0522359488615,-1520.854622209396,1.0,CLIENT,7,2,100000,16,129,0,290,399,284,6,171,92,134473.72800000006,7,False,False
126,1,2664.3075627238272,-2260.576022209274,1.0,CLIENT,7,2,100000,17,72,0,200,235,196,4,110,67,75055.10400000004,4,False,False
126,2,1673.486536767911,-2281.8381422093785,1.0,CLIENT,7,2,100000,15,92,0,284,422,258,26,113,112,95903.74400000005,8,False,False
126,3,321.4526022212276,593.7800977907536,1.0,CLIENT,7,2,100000,16,92,0,465,523,390,75,148,169,95903.74400000005,8,False,False
126,4,71.11407907803948,-97.9623822100308,1.0,CLIENT,7,2,100000,18,162,0,486,729,298,190,151,126,168873.98400000008,11,False,False
126,5,-1981.8043634783837,1167.4120577907497,1.0,CLIENT,7,2,100000,10,114,0,239,349,219,20,125,83,118837.24800000007,6,False,False
126,6,254.29440303585932,1633.397577790431,1.0,CLIENT,7,2,100000,18,144,0,217,259,213,4,144,47,150110.20800000007,4,False,False
126,7,-1910.8447567919782,2385.2528577905214,1.0,CLIENT,7,2,100000,20,81,0,301,334,285,16,119,120,84436.99200000004,4,False,False
126,8,952.1694634403065,635.5250977905575,1.0,CLIENT,7,2,100000,13,86,0,409,524,352,57,151,163,89649.15200000005,6,False,False
126,9,-976.1736874664718,-556.934742210017,1.0,CLIENT,7,2,100000,20,148,0,316,370,278,38,141,109,154279.93600000007,7,False,False
126,10,629.1290218392867,-961.8055822097576,1.0,CLIENT,7,2,100000,12,93,0,451,526,423,28,175,195,96946.17600000005,9,False,False
126,11,-1450.003293276807,-286.7611022095275,1.0,CLIENT,7,2,100000,16,58,0,285,370,284,1,144,121,60461.05600000003,5,False,False
126,12,2318.617068095394,-2777.991382209618,1.0,CLIENT,7,2,100000,21,50,0,257,260,250,7,106,94,52121.60000000003,4,False,False
126,13,1031.3654530457202,896.3478577901355,1.0,CLIENT,7,2,100000,21,77,0,340,447,325,15,143,134,80267.26400000004,6,False,False
126,14,-1680.1468390703471,2376.9038577902443,1.0,CLIENT,7,2,100000,17,59,0,307,355,295,12,122,135,61503.488000000034,4,False,False
126,15,2217.642181348281,-2346.181102209869,1.0,CLIENT,7,2,100000,9,35,0,274,279,266,8,118,117,36485.12000000002,7,False,False
126,16,-1452.1415849963867,60.779937790208294,1.0,CLIENT,7,2,100000,18,126,0,288,406,260,28,142,93,131346.43200000006,6,False,False
126,17,689.6347578976988,-1368.3462222100284,1.0,CLIENT,7,2,100000,15,66,0,372,513,361,11,172,163,68800.51200000003,7,False,False
126,18,-1769.5591113355374,1512.8380177902886,1.0,CLIENT,7,2,100000,18,60,0,309,404,297,12,122,135,62545.920000000035,6,False,False
126,19,997.707157463349,-878.6495422093069,1.0,CLIENT,7,2,100000,21,93,0,399,541,379,20,166,170,96946.17600000005,9,False,False
126,20,-1406.0455996278488,2758.0643200003115,1.0,CLIENT,7,2,100000,11,105,0,166,212,165,1,126,36,109455.36000000006,4,False,False
126,21,1812.7962022920597,-2984.8899519996658,1.0,CLIENT,3,0.0,100000,18,61,0,218,248,215,3,109,81,63588.352000000035,4,False,False

127,0,-638.9571637258271,2680.5848177899798,1.0,CLIENT,7,2,100000,16,104,0,412,430,359,52,164,136,108412.92800000006,4,False,False
127,1,2210.4353462937975,-3088.6855022098393,1.0,CLIENT,7,2,100000,17,35,0,140,165,138,2,64,52,36485.12000000002,4,False,False
127,2,426.38728844875243,-73.58330220988591,1.0,CLIENT,7,2,100000,15,107,0,774,939,538,236,202,249,111540.22400000006,11,False,False
127,3,-1121.8943083408833,-341.8645022096166,1.0,CLIENT,7,2,100000,16,55,0,460,557,448,12,196,198,57333.76000000003,7,False,False
127,4,599.1137417785789,-1661.3404622098517,1.0,CLIENT,7,2,100000,16,65,0,3,73,3,0,3,0,67758.08000000003,7,False,False
127,5,169.1587142098286,402.6436577900404,1.0,CLIENT,7,2,100000,10,86,0,903,994,583,319,208,276,89649.15200000005,13,False,False
127,6,2229.0464038513933,-2159.386142209268,1.0,CLIENT,7,2,100000,18,75,0,172,184,146,26,63,59,78182.40000000004,5,False,False
127,7,-675.3081229547429,66.90253779056974,1.0,CLIENT,7,2,100000,20,131,0,705,765,529,175,194,263,136558.59200000006,11,False,False
127,8,-1062.8932960845545,-471.4409822099316,1.0,CLIENT,7,2,100000,13,53,0,463,543,455,8,199,210,55248.89600000003,7,False,False
127,9,-924.3003142746587,1955.780297790407,1.0,CLIENT,7,2,100000,20,129,0,505,565,381,122,160,156,134473.72800000006,8,False,False
127,10,2455.54693412327,-1534.43566220991,1.0,CLIENT,7,2,100000,12,73,0,76,94,76,0,61,3,76097.53600000004,5,False,False
127,11,692.0898335754639,1037.390297789977,1.0,CLIENT,7,2,100000,16,103,0,694,812,519,174,200,255,107370.49600000006,10,False,False
127,12,873.4486497724521,-152.50918220994322,1.0,CLIENT,7,2,100000,20,88,0,482,674,469,13,196,205,91734.01600000005,9,False,False
127,13,781.5813018300597,1040.0619777903503,1.0,CLIENT,7,2,100000,20,108,0,670,792,497,173,195,226,112582.65600000006,8,False,False
127,14,1247.0161327420128,23.710377790464747,1.0,CLIENT,7,2,100000,17,126,0,448,502,441,7,198,182,131346.43200000006,8,False,False
127,15,9.420403175166198,2058.083377789975,1.0,CLIENT,7,2,100000,9,137,0,490,633,371,117,173,167,142813.18400000007,7,False,False
127,16,-203.53761287401906,1036.9450177903102,1.0,CLIENT,7,2,100000,18,152,0,720,943,414,306,185,184,158449.66400000008,14,False,False
127,17,1657.6473388468282,-2914.469702209909,1.0,CLIENT,7,2,100000,15,37,0,145,170,142,3,66,54,38569.98400000002,5,False,False
127,18,-1594.1399943591664,396.40973779075097,1.0,CLIENT,7,2,100000,19,160,0,319,428,317,2,192,88,166789.12000000008,7,False,False
127,19,-629.5328409629207,-339.86074220992975,1.0,CLIENT,7,2,100000,20,110,0,542,705,456,87,193,212,114667.52000000006,11,False,False
127,20,-1406.0455996278488,2758.0643200003115,1.0,CLIENT,7,2,100000,11,146,0,235,267,235,0,169,54,152195.07200000007,3,False,False
127,21,1812.7962022920597,-2984.8899519996658,1.0,CLIENT,3,0.0,100000,18,31,0,143,152,141,2,63,59,32315.392000000014,4,False,False

128,0,2439.7077362021873,-1331.8332622096705,1.0,CLIENT,7,2,100000,16,90,0,206,262,204,2,125,61,93818.88000000005,7,False,False
128,1,-2165.5390593631687,-245.23874220995253,1.0,CLIENT,7,2,100000,17,77,0,32,123,32,0,28,3,80267.26400000004,5,False,False
128,2,-800.358590541947,-267.9480222095674,1.0,CLIENT,7,2,100000,15,78,0,333,488,288,45,143,123,81309.69600000004,6,False,False
128,3,517.5418724848058,41.187617790633624,1.0,CLIENT,7,2,100000,16,126,0,249,386,197,52,114,74,131346.43200000006,6,False,False
128,4,2384.0329555093367,-3013.7671422099465,1.0,CLIENT,7,2,100000,18,30,0,165,188,164,1,76,69,31272.960000000014,6,False,False
128,5,-2268.969021788047,1611.2448977902018,1.0,CLIENT,7,2,100000,10,75,0,232,309,214,19,106,81,78182.40000000004,6,False,False
128,6,2319.250636012328,-3153.8077022099446,1.0,CLIENT,7,2,100000,18,25,0,167,181,167,0,76,71,26060.80000000001,6,False,False
128,7,-1252.092515252397,989.9679777902693,1.0,CLIENT,7,2,100000,20,97,0,168,379,162,6,94,48,101115.90400000005,8,False,False
128,8,2032.4819576502555,-1483.7850622096526,1.0,CLIENT,7,2,100000,13,74,0,257,363,251,6,128,107,77139.96800000004,10,False,False
128,9,1299.5230738501966,-225.53510220986794,1.0,CLIENT,7,2,100000,20,94,0,283,339,256,27,119,109,97988.60800000005,6,False,False
128,10,-1562.6991864857805,2317.6816177902715,1.0,CLIENT,7,2,100000,12,61,0,282,351,262,20,104,112,63588.352000000035,5,False,False
128,11,-1609.108036394536,2331.2626577899946,1.0,CLIENT,7,2,100000,16,48,0,294,354,275,19,100,125,50036.736000000026,5,False,False
128,12,525.3030794662545,-2096.9356222095366,1.0,CLIENT,7,2,100000,17,74,0,12,111,12,0,12,0,77139.96800000004,4,False,False
128,13,-1203.2285896658766,1430.5725377907534,1.0,CLIENT,7,2,100000,21,64,0,295,360,274,21,95,129,66715.64800000003,7,False,False
128,14,1635.7100497263173,-483.4635422096346,1.0,CLIENT,7,2,100000,17,78,0,384,449,333,51,126,158,81309.69600000004,5,False,False
128,15,2670.6432418920353,-3252.5485422098054,1.0,CLIENT,7,2,100000,9,29,0,162,165,162,0,85,67,30230.528000000013,5,False,False
128,16,-527.6076023401258,-332.7362622097249,1.0,CLIENT,7,2,100000,18,104,0,349,395,315,34,140,146,108412.92800000006,7,False,False
128,17,2428.2243177091073,-2819.736382209422,1.0,CLIENT,7,2,100000,15,43,0,168,243,164,4,79,70,44824.57600000002,6,False,False
128,18,-550.6536353156923,-1084.034942209639,1.0,CLIENT,7,2,100000,19,143,0,189,271,185,4,138,27,149067.77600000007,5,False,False
128,19,1811.6835386296532,-985.405422209497,1.0,CLIENT,7,2,100000,21,75,0,335,355,301,34,121,127,78182.40000000004,6,False,False
128,20,-1406.0455996278488,2758.0643200003115,1.0,CLIENT,7,2,100000,11,83,0,130,205,124,6,92,20,86521.85600000004,5,False,False
128,21,1812.7962022920597,-2984.8899519996658,1.0,CLIENT,3,0.0,100000,18,65,0,126,138,126,0,76,32,67758.08000000003,6,False,False

129,0,1620.4252237321996,-1274.058182209999,1.0,CLIENT,7,2,100000,16,68,0,505,688,433,72,162,216,70885.37600000003,10,False,False
129,1,1799.7249441995764,-2646.6337822098453,1.0,CLIENT,7,2,100000,17,68,0,566,721,447,119,174,216,70885.37600000003,10,False,False
129,2,1944.9703891358656,-2674.1298222100304,1.0,CLIENT,7,2,100000,14,44,0,590,704,505,85,177,275,45867.00800000002,10,False,False
129,3,2716.101739925672,-2519.172382209727,1.0,CLIENT,7,2,100000,16,74,0,522,638,457,65,175,210,77139.96800000004,9,False,False
129,4,-1749.12654601711,-375.3718222096532,1.0,CLIENT,7,2,100000,18,77,0,158,188,144,14,63,60,80267.26400000004,3,False,False
129,5,1690.9096544810457,-1539.3337422094082,1.0,CLIENT,7,2,100000,10,79,0,606,722,485,121,171,254,82352.12800000004,10,False,False
129,6,-1916.9428479914063,2081.6832177905053,1.0,CLIENT,7,2,100000,18,59,0,133,134,131,2,76,38,61503.488000000034,4,False,False
129,7,-2314.3483238322783,-7.347902209427275,1.0,CLIENT,7,2,100000,21,76,0,82,116,82,0,58,3,79224.83200000004,2,False,False
129,8,2220.493236973637,-1174.7607422099613,1.0,CLIENT,7,2,100000,13,106,0,376,576,341,36,167,131,110497.79200000006,9,False,False
129,9,-1082.137921558521,2452.378817790314,1.0,CLIENT,7,2,100000,20,38,0,165,188,159,6,74,66,39612.41600000002,5,False,False
129,10,-841.778093105767,252.36165779058837,1.0,CLIENT,7,2,100000,12,92,0,160,198,149,11,78,62,95903.74400000005,4,False,False
129,11,1262.8553306630954,-36.62506220986131,1.0,CLIENT,7,2,100000,16,91,0,95,310,91,4,71,14,94861.31200000005,5,False,False
129,12,-1336.9114201202424,2443.250577790422,1.0,CLIENT,7,2,100000,21,28,0,166,179,163,3,73,67,29188.096000000012,5,False,False
129,13,1805.6646434196305,-2396.720382209617,1.0,CLIENT,7,2,100000,20,76,0,690,843,490,201,171,255,79224.83200000004,10,False,False
129,14,-150.55549582827587,-346.5399422096769,1.0,CLIENT,7,2,100000,17,88,0,119,242,118,1,72,28,91734.01600000005,4,False,False
129,15,66.28312371191511,1806.7228177902366,1.0,CLIENT,7,2,100000,9,38,0,14,49,14,0,12,0,39612.41600000002,4,False,False
129,16,2735.6631493583864,-1895.557742209369,1.0,CLIENT,7,2,100000,18,126,0,439,556,394,46,166,165,131346.43200000006,10,False,False
129,17,2300.8771664235114,-3403.0531822094863,1.0,CLIENT,7,2,100000,15,125,0,318,362,318,0,176,112,130304.00000000007,6,False,False
129,18,-1747.2258422663099,2827.3045777905154,1.0,CLIENT,7,2,100000,19,49,0,143,144,141,2,75,47,51079.16800000003,4,False,False
129,19,930.0737823404213,-1325.933302209538,1.0,CLIENT,7,2,100000,21,140,0,236,468,217,19,142,57,145940.48000000007,9,False,False
129,20,-1406.0455996278488,2758.0643200003115,1.0,CLIENT,7,2,100000,11,19,0,174,174,172,2,83,78,19806.208000000006,5,False,False
129,21,1812.7962022920597,-2984.8899519996658,1.0,CLIENT,3,0.0,100000,18,64,0,382,431,382,0,173,159,66715.64800000003,8,False,False

130,0,-493.7909147789434,-170.98830220995552,1.0,CLIENT,7,2,100000,14,131,0,1164,1500,606,444,225,329,136558.59200000006,13,False,False
130,1,-1380.0732344549256,988.743457790197,1.0,CLIENT,7,2,100000,17,207,0,654,859,454,135,213,210,215783.42400000012,12,False,False
130,2,-221.1983185564962,29.1650577901396,1.0,CLIENT,7,2,100000,12,58,0,1157,1404,716,353,232,442,60461.05600000003,12,False,False
130,3,-1755.2246372165384,2622.6984177905892,1.0,CLIENT,7,2,100000,16,140,0,431,475,408,23,186,184,145940.48000000007,5,False,False
130,4,-849.6976920665896,720.0169777900087,1.0,CLIENT,7,2,100000,18,163,0,769,1031,605,51,223,300,169916.41600000008,12,False,False
130,5,25.33879708565458,-960.9150222096332,1.0,CLIENT,7,2,100000,10,175,0,879,1221,445,367,213,199,182425.6000000001,13,False,False
130,6,609.4884164166039,370.58349779030493,1.0,CLIENT,7,2,100000,17,197,0,587,953,430,62,197,194,205359.1040000001,11,False,False
130,7,-1177.4106970543598,-992.529902209702,1.0,CLIENT,7,2,100000,20,173,0,515,761,426,58,179,203,180340.7360000001,9,False,False
130,8,-106.44332961791133,2140.905457790478,1.0,CLIENT,7,2,100000,13,154,0,163,270,163,0,147,16,160534.52800000008,7,False,False
130,9,-807.2486416376828,238.89193779058417,1.0,CLIENT,7,2,100000,18,78,0,1018,1366,720,198,224,435,81309.69600000004,12,False,False
130,10,-958.2753938157778,2649.971817790545,1.0,CLIENT,7,2,100000,12,156,0,393,520,342,51,181,156,162619.39200000008,5,False,False
130,11,820.3081407467722,-387.72834220930406,1.0,CLIENT,7,2,100000,16,157,0,819,1092,483,302,209,224,163661.82400000008,10,False,False
130,12,-1972.300844725509,1628.4994977901417,1.0,CLIENT,7,2,100000,20,205,0,431,607,332,99,185,128,213698.5600000001,6,False,False
130,13,1132.261143803428,-1120.213942209258,1.0,CLIENT,7,2,100000,21,151,0,672,821,485,185,205,224,157407.23200000008,8,False,False
130,14,-1753.165541486927,-616.7135822093755,1.0,CLIENT,7,2,100000,17,176,0,269,515,254,4,175,61,183468.0320000001,9,False,False
130,15,1655.9050270754021,-642.4285022093115,1.0,CLIENT,7,2,100000,9,159,0,331,462,322,9,207,108,165746.68800000008,6,False,False
130,16,1446.5108305584747,-2482.882062209598,1.0,CLIENT,7,2,100000,18,136,0,275,405,248,26,122,109,141770.75200000007,4,False,False
130,17,-476.20940508643463,175.4395377902179,1.0,CLIENT,7,2,100000,14,38,0,1098,1464,749,298,235,491,39612.41600000002,11,False,False
130,18,455.1354326755935,-1803.6074222097654,1.0,CLIENT,7,2,100000,18,171,0,432,562,364,67,195,138,178255.8720000001,7,False,False
130,19,-475.259053211316,394.40597779027314,1.0,CLIENT,7,2,100000,15,117,0,986,1224,679,198,225,372,121964.54400000007,12,False,False
130,20,-1406.0455996278488,2758.0643200003115,1.0,CLIENT,7,2,100000,11,77,0,413,577,397,17,187,191,80267.26400000004,5,False,False
130,21,1812.7962022920597,-2984.8899519996658,1.0,CLIENT,3,0.0,100000,18,130,0,136,136,136,0,118,5,135516.16000000006,1,False,False

131,0,412.2112063091273,-1412.5402622099768,1.0,CLIENT,7,2,100000,16,103,0,270,356,246,24,109,108,107370.49600000006,7,False,False
131,1,-1722.8334774680338,-270.61970220994084,1.0,CLIENT,7,2,100000,17,87,0,418,460,353,65,147,150,90691.58400000005,7,False,False
131,2,2532.6046320096666,-1243.3338622092638,1.0,CLIENT,7,2,100000,15,118,0,191,285,185,4,129,36,123006.97600000007,5,False,False
131,3,-994.7847450235048,2170.40525779035,1.0,CLIENT,7,2,100000,16,73,0,440,524,337,103,131,165,76097.53600000004,6,False,False
131,4,781.5813018300597,1136.0198177901189,1.0,CLIENT,7,2,100000,18,138,0,158,303,150,8,118,16,143855.61600000007,4,False,False
131,5,-153.32735546422617,-1273.0563022093645,1.0,CLIENT,7,2,100000,10,97,0,153,248,151,2,114,38,101115.90400000005,7,False,False
131,6,-24.00030443842529,2264.1366977902026,1.0,CLIENT,7,2,100000,18,123,0,180,393,164,18,107,43,128219.13600000007,5,False,False
131,7,-1724.4965932494915,368.46841779010816,1.0,CLIENT,7,2,100000,20,109,0,543,599,349,194,144,164,113625.08800000006,7,False,False
131,8,-984.7268543436653,0.3331777901632904,1.0,CLIENT,7,2,100000,13,95,0,425,569,355,70,151,169,99031.04000000005,8,False,False
131,9,1274.0219651974278,-750.4089022095741,1.0,CLIENT,7,2,100000,20,111,0,405,550,306,98,116,146,115709.95200000006,8,False,False
131,10,-850.9648278998936,358.0043377904252,1.0,CLIENT,7,2,100000,12,78,0,457,549,385,72,152,185,81309.69600000004,10,False,False
131,11,-2450.723817933189,-72.69274220976143,1.0,CLIENT,7,2,100000,16,142,0,207,309,203,4,147,41,148025.34400000007,5,False,False
131,12,81.09277376847355,-1478.7756622096445,1.0,CLIENT,7,2,100000,21,46,0,215,293,209,6,101,85,47951.872000000025,7,False,False
131,13,-1214.553616179583,2020.5685377905647,1.0,CLIENT,7,2,100000,21,85,0,431,521,338,93,126,154,88606.72000000004,7,False,False
131,14,1869.8925909896743,-1613.2502222094577,1.0,CLIENT,7,2,100000,17,56,0,343,450,330,11,128,162,58376.19200000003,8,False,False
131,15,1466.9433958769023,-119.33582220985443,1.0,CLIENT,7,2,100000,9,114,0,143,304,141,2,114,20,118837.24800000007,7,False,False
131,16,1666.3588977033955,-1492.8019822098254,1.0,CLIENT,7,2,100000,18,46,0,432,554,377,52,128,191,47951.872000000025,9,False,False
131,17,1906.877118135524,-1715.6646222095353,1.0,CLIENT,7,2,100000,15,55,0,328,430,316,10,130,148,57333.76000000003,8,False,False
131,18,-1874.7313855318419,1352.8711777899773,1.0,CLIENT,7,2,100000,19,138,0,262,466,215,47,119,80,143855.61600000007,9,False,False
131,19,-258.6580216399047,779.4618577902102,1.0,CLIENT,7,2,100000,21,148,0,318,476,249,69,133,100,154279.93600000007,9,False,False
131,20,-1406.0455996278488,2758.0643200003115,1.0,CLIENT,7,2,100000,11,137,0,175,294,171,4,134,22,142813.18400000007,4,False,False
131,21,1812.7962022920597,-2984.8899519996658,1.0,CLIENT,3,0.0,100000,18,57,0,8,65,8,0,7,0,59418.62400000003,3,False,False

132,0,-2065.039348553614,2283.0610977906726,1.0,CLIENT,7,2,100000,16,43,0,49,64,49,0,29,3,44824.57600000002,5,False,False
132,1,-1470.673446564014,3023.784377790394,1.0,CLIENT,7,2,100000,17,30,0,60,61,60,0,28,15,31272.960000000014,2,False,False
132,2,-2133.860663521003,634.6345377904331,1.0,CLIENT,7,2,100000,15,58,0,142,225,136,6,67,55,60461.05600000003,4,False,False
132,3,-824.1173874238526,993.975497790434,1.0,CLIENT,7,2,100000,16,153,0,269,368,259,10,174,67,159492.09600000008,7,False,False
132,4,1793.3892650308055,-2316.4586622097686,1.0,CLIENT,7,2,100000,18,53,0,709,754,576,133,186,308,55248.89600000003,8,False,False
132,5,2387.6759710315628,-1314.3560222095016,1.0,CLIENT,7,2,100000,10,141,0,366,510,343,23,178,142,146982.91200000007,10,False,False
132,6,1497.6714398433862,-1270.71858220973,1.0,CLIENT,7,2,100000,17,142,0,610,760,408,203,184,187,148025.34400000007,10,False,False
132,7,1369.8491126202316,-1985.504302209286,1.0,CLIENT,7,2,100000,20,87,0,627,834,474,154,181,223,90691.58400000005,9,False,False
132,8,1145.8828540155253,83.93449779028089,1.0,CLIENT,7,2,100000,13,80,0,491,622,470,21,189,219,83394.56000000004,8,False,False
132,9,230.4564101645482,378.2645777906865,1.0,CLIENT,7,2,100000,20,169,0,538,662,387,151,189,177,176171.0080000001,7,False,False
132,10,-2431.954368396782,676.3795377902369,1.0,CLIENT,7,2,100000,12,27,0,132,163,132,0,69,56,28145.66400000001,4,False,False
132,11,843.4333697117443,-406.87538221000295,1.0,CLIENT,7,2,100000,16,80,0,614,652,528,86,191,265,83394.56000000004,10,False,False
132,12,2485.403822204604,-2735.9124222098667,1.0,CLIENT,7,2,100000,21,104,0,353,502,346,7,175,129,108412.92800000006,7,False,False
132,13,2272.3666101654503,-2358.982902209978,1.0,CLIENT,7,2,100000,20,87,0,613,696,468,145,184,224,90691.58400000005,7,False,False
132,14,46.404930321015364,1302.2205777905106,1.0,CLIENT,7,2,100000,17,77,0,399,424,393,6,175,172,80267.26400000004,6,False,False
132,15,1411.031027215272,-2162.5031022093085,1.0,CLIENT,7,2,100000,9,63,0,654,824,505,149,193,265,65673.21600000003,9,False,False
132,16,672.6868161221234,-935.0887822099781,1.0,CLIENT,7,2,100000,18,142,0,462,654,389,73,184,174,148025.34400000007,9,False,False
132,17,1226.1875874754317,71.1326977901723,1.0,CLIENT,7,2,100000,15,96,0,462,590,437,25,186,195,100073.47200000005,8,False,False
132,18,-2594.385343077426,20.816057790653417,1.0,CLIENT,7,2,100000,19,73,0,85,85,85,0,62,8,76097.53600000004,2,False,False
132,19,-5.310050891423862,1137.2443377901911,1.0,CLIENT,7,2,100000,21,77,0,399,438,394,5,171,172,80267.26400000004,6,False,False
132,20,-1406.0455996278488,2758.0643200003115,1.0,CLIENT,7,2,100000,11,18,0,73,76,73,0,34,28,18763.776000000005,3,False,False
132,21,1812.7962022920597,-2984.8899519996658,1.0,CLIENT,3,0.0,100000,18,131,0,369,394,357,12,179,136,136558.59200000006,5,False,False

133,0,-402.95311470107526,-1336.8426622096786,1.0,CLIENT,7,2,100000,16,143,0,279,341,275,4,180,88,149067.77600000007,7,False,False
133,1,739.7658193180862,-30.613782210009788,1.0,CLIENT,7,2,100000,17,115,0,651,806,471,179,192,219,119879.68000000007,9,False,False
133,2,2035.8873852031393,-2668.0072222096687,1.0,CLIENT,7,2,100000,15,104,0,247,325,231,16,115,96,108412.92800000006,4,False,False
133,3,1087.7529976449098,-662.8000622092918,1.0,CLIENT,7,2,100000,16,135,0,500,754,412,88,190,179,140728.32000000007,10,False,False
133,4,387.81884151085126,-1150.9382622099931,1.0,CLIENT,7,2,100000,18,89,0,674,723,487,187,188,254,92776.44800000005,7,False,False
133,5,-571.8781605298644,519.4183377902468,1.0,CLIENT,7,2,100000,10,149,0,267,521,251,16,151,93,155322.36800000007,9,False,False
133,6,2422.601402447238,-1112.5328622096674,1.0,CLIENT,7,2,100000,18,66,0,92,212,88,4,53,20,68800.51200000003,5,False,False
133,7,382.67110218654153,1513.5059377901844,1.0,CLIENT,7,2,100000,20,164,0,368,563,264,103,149,91,170958.8480000001,7,False,False
133,8,-11.091358132666892,-1516.5131422092836,1.0,CLIENT,7,2,100000,13,72,0,476,604,433,43,184,213,75055.10400000004,6,False,False
133,9,-2442.7250229829606,1549.1283377904176,1.0,CLIENT,7,2,100000,19,115,0,197,354,194,3,122,59,119879.68000000007,5,False,False
133,10,989.629166523715,873.5272577900107,1.0,CLIENT,7,2,100000,12,165,0,427,523,344,83,181,148,172001.2800000001,6,False,False
133,11,-2325.9901343041697,1250.4567777906905,1.0,CLIENT,7,2,100000,16,110,0,281,339,273,8,128,122,114667.52000000006,6,False,False
133,12,1536.3982787606612,360.6760177900077,1.0,CLIENT,7,2,100000,21,143,0,396,458,374,21,183,156,149067.77600000007,7,False,False
133,13,-1274.3465883316562,941.0984977902606,1.0,CLIENT,7,2,100000,21,90,0,429,573,340,89,145,144,93818.88000000005,7,False,False
133,14,-407.94246204657367,2225.508657790439,1.0,CLIENT,7,2,100000,17,164,0,395,553,280,115,150,112,170958.8480000001,6,False,False
133,15,2615.3644411473383,-1488.9057822093796,1.0,CLIENT,7,2,100000,9,69,0,104,173,102,2,60,33,71927.80800000003,5,False,False
133,16,-1639.3609044240236,2931.5000977900513,1.0,CLIENT,7,2,100000,17,132,0,156,294,155,1,120,34,137601.02400000006,5,False,False
133,17,213.19168443022477,-779.0181422093215,1.0,CLIENT,7,2,100000,15,118,0,561,682,408,153,191,174,123006.97600000007,9,False,False
133,18,1028.910377367955,-2074.2263422099218,1.0,CLIENT,7,2,100000,19,143,0,290,540,236,54,132,84,149067.77600000007,9,False,False
133,19,-1124.7453639668017,1367.4540977903348,1.0,CLIENT,7,2,100000,21,132,0,519,791,315,204,147,138,137601.02400000006,8,False,False
133,20,-1406.0455996278488,2758.0643200003115,1.0,CLIENT,7,2,100000,11,124,0,294,425,281,13,140,126,129261.56800000007,6,False,False
133,21,1812.7962022920597,-2984.8899519996658,1.0,CLIENT,3,0.0,100000,18,118,0,149,229,149,0,112,30,123006.97600000007,3,False,False

134,0,-1320.5178502716321,760.4261377900212,1.0,CLIENT,7,2,100000,16,44,0,236,282,229,7,96,103,45867.00800000002,5,False,False
134,1,2130.4473967920762,-1534.546982209629,1.0,CLIENT,7,2,100000,17,133,0,531,783,447,85,196,201,138643.45600000006,12,False,False
134,2,-1107.2430502636987,-1007.2241422097784,1.0,CLIENT,7,2,100000,15,81,0,85,116,85,0,66,4,84436.99200000004,3,False,False
134,3,-2391.3268257287064,1887.2071777903138,1.0,CLIENT,7,2,100000,16,71,0,67,153,63,4,49,7,74012.67200000004,4,False,False
134,4,2472.3364839194714,-3373.4420622098955,1.0,CLIENT,7,2,100000,18,164,0,231,295,229,2,171,38,170958.8480000001,6,False,False
134,5,1836.7094713454255,-209.61634220971916,1.0,CLIENT,7,2,100000,10,86,0,521,677,456,65,201,201,89649.15200000005,8,False,False
134,6,-1480.4937492750742,1113.8671377906805,1.0,CLIENT,7,2,100000,18,83,0,199,259,174,25,92,66,86521.85600000004,6,False,False
134,7,2028.4429621804386,-720.5751422097544,1.0,CLIENT,7,2,100000,20,87,0,577,656,526,51,195,252,90691.58400000005,9,False,False
134,8,1504.2447069809364,-1036.0560222097547,1.0,CLIENT,7,2,100000,13,72,0,718,950,588,130,202,311,75055.10400000004,10,False,False
134,9,1937.684358092539,-706.6601422092924,1.0,CLIENT,7,2,100000,20,74,0,599,686,542,57,195,276,77139.96800000004,10,False,False
134,10,1185.2432608497338,-434.482742209907,1.0,CLIENT,7,2,100000,12,123,0,543,664,455,88,200,221,128219.13600000007,9,False,False
134,11,1643.471256707766,-1565.2713022095734,1.0,CLIENT,7,2,100000,16,79,0,785,939,576,209,200,303,82352.12800000004,11,False,False
134,12,640.1372643942451,95.84573779026499,1.0,CLIENT,7,2,100000,20,161,0,188,339,187,1,145,23,167831.55200000008,6,False,False
134,13,-1678.087743340736,-395.52074220940455,1.0,CLIENT,7,2,100000,21,84,0,165,247,136,29,61,54,87564.28800000004,4,False,False
134,14,1425.6822852918935,-2376.4601422093556,1.0,CLIENT,7,2,100000,17,99,0,691,832,571,120,196,306,103200.76800000005,10,False,False
134,15,937.0430294255627,-2330.7076222093874,1.0,CLIENT,7,2,100000,9,151,0,372,571,353,19,200,132,157407.23200000008,10,False,False
134,16,-798.2202988229301,512.8504577902186,1.0,CLIENT,7,2,100000,18,96,0,189,314,177,12,94,58,100073.47200000005,5,False,False
134,17,-1098.6898833865055,2715.761937790546,1.0,CLIENT,7,2,100000,15,52,0,46,79,46,0,29,5,54206.46400000003,3,False,False
134,18,1359.3160460028325,-1982.9439422094224,1.0,CLIENT,7,2,100000,18,79,0,666,886,574,92,198,303,82352.12800000004,12,False,False
134,19,2261.912739537457,-2986.2711022097615,1.0,CLIENT,7,2,100000,20,90,0,440,640,417,24,170,194,93818.88000000005,7,False,False
134,20,-1406.0455996278488,2758.0643200003115,1.0,CLIENT,7,2,100000,11,44,0,75,133,73,2,33,24,45867.00800000002,3,False,False
134,21,1812.7962022920597,-2984.8899519996658,1.0,CLIENT,3,0.0,100000,18,135,0,513,622,425,88,178,197,140728.32000000007,7,False,False

135,0,373.4843673924149,-1620.2633822099435,1.0,CLIENT,7,2,100000,16,162,0,146,228,141,2,123,6,168873.98400000008,6,False,False
135,1,1104.14656749352,-432.47898220942915,1.0,CLIENT,7,2,100000,17,66,0,815,911,689,119,224,338,68800.51200000003,8,False,False
135,2,481.4285012246697,172.54521779040658,1.0,CLIENT,7,2,100000,14,109,0,705,1020,578,115,224,302,113625.08800000006,14,False,False
135,3,1662.1615102542046,-767.663502209514,1.0,CLIENT,7,2,100000,16,137,0,423,580,408,8,222,148,142813.18400000007,8,False,False
135,4,-1806.6228344707922,953.6776577901403,1.0,CLIENT,7,2,100000,17,78,0,740,992,652,79,210,360,81309.69600000004,11,False,False
135,5,-1425.7693204573422,1241.3285377900079,1.0,CLIENT,7,2,100000,10,150,0,611,813,557,42,215,258,156364.80000000008,11,False,False
135,6,-827.8395989349216,180.67157779045488,1.0,CLIENT,7,2,100000,14,57,0,881,1265,671,196,217,428,59418.62400000003,13,False,False
135,7,461.39191585439585,396.5210577904699,1.0,CLIENT,7,2,100000,20,147,0,702,913,515,176,220,247,153237.50400000007,13,False,False
135,8,-1428.4619841038868,2694.4998177904417,1.0,CLIENT,7,2,100000,13,59,0,60,127,60,0,34,14,61503.488000000034,4,False,False
135,9,-1867.6829424567322,-387.2830622096373,1.0,CLIENT,7,2,100000,19,198,0,311,580,292,12,189,73,206401.5360000001,9,False,False
135,10,-705.5609909842303,617.7138977904408,1.0,CLIENT,7,2,100000,12,74,0,883,1173,658,209,218,376,77139.96800000004,12,False,False
135,11,705.5531518081873,259.48613779000226,1.0,CLIENT,7,2,100000,16,62,0,663,918,611,43,223,315,64630.784000000036,14,False,False
135,12,-743.3374780258241,679.2738577900482,1.0,CLIENT,7,2,100000,19,88,0,856,1138,670,172,210,370,91734.01600000005,12,False,False
135,13,690.7435017521916,-717.680822209943,1.0,CLIENT,7,2,100000,21,132,0,870,902,518,345,215,229,137601.02400000006,11,False,False
135,14,-1108.035010160006,-111.54342220975394,1.0,CLIENT,7,2,100000,17,163,0,675,923,532,127,210,236,169916.41600000008,13,False,False
135,15,-2014.8290911438216,922.2854177903005,1.0,CLIENT,7,2,100000,9,150,0,442,836,392,46,213,155,156364.80000000008,10,False,False
135,16,1345.1399638632074,140.9303377903379,1.0,CLIENT,7,2,100000,18,104,0,749,760,611,131,223,248,108412.92800000006,7,False,False
135,17,1697.324529639222,-478.1201822096787,1.0,CLIENT,7,2,100000,15,100,0,509,649,489,13,225,223,104243.20000000006,8,False,False
135,18,-830.5322625820288,565.5048177901631,1.0,CLIENT,7,2,100000,15,55,0,906,1233,730,163,214,463,57333.76000000003,12,False,False
135,19,-714.747725778357,425.3529377904462,1.0,CLIENT,7,2,100000,17,92,0,877,1210,660,209,214,384,95903.74400000005,13,False,False
135,20,-1406.0455996278488,2758.0643200003115,1.0,CLIENT,7,2,100000,11,47,0,70,125,70,0,36,18,48994.304000000026,3,False,False
135,21,1812.7962022920597,-2984.8899519996658,1.0,CLIENT,3,0.0,100000,18,72,0,0,0,0,0,0,0,75055.10400000004,0,False,False

136,0,-171.22564911492026,713.1151377900326,1.0,CLIENT,7,2,100000,16,84,0,703,809,460,242,176,221,87564.28800000004,10,False,False
136,1,-1366.6891122116078,925.4023777903408,1.0,CLIENT,7,2,100000,17,96,0,477,532,452,24,182,207,100073.47200000005,11,False,False
136,2,447.2158337147708,1320.0317777906273,1.0,CLIENT,7,2,100000,15,152,0,344,390,335,8,173,126,158449.66400000008,9,False,False
136,3,685.5957624278819,-2217.4951822096787,1.0,CLIENT,7,2,100000,16,113,0,171,319,171,0,109,47,117794.81600000006,6,False,False
136,4,-1835.054194739448,2373.7868977902044,1.0,CLIENT,7,2,100000,18,89,0,299,376,292,7,154,114,92776.44800000005,4,False,False
136,5,-694.3943564498979,735.2678177902618,1.0,CLIENT,7,2,100000,10,48,0,666,908,523,141,190,278,50036.736000000026,11,False,False
136,6,1859.28032838287,-2153.040902209469,1.0,CLIENT,7,2,100000,18,96,0,468,599,286,182,123,126,100073.47200000005,7,False,False
136,7,-1413.5731380579227,1702.9725777903675,1.0,CLIENT,7,2,100000,20,151,0,506,598,387,118,181,170,157407.23200000008,9,False,False
136,8,1600.3886383619256,-661.5755422100106,1.0,CLIENT,7,2,100000,13,118,0,159,294,158,1,119,25,123006.97600000007,8,False,False
136,9,-519.6088073904601,847.7010177903558,1.0,CLIENT,7,2,100000,19,80,0,722,899,499,220,181,267,83394.56000000004,11,False,False
136,10,698.900688681794,828.3313377902189,1.0,CLIENT,7,2,100000,12,109,0,334,485,328,5,176,122,113625.08800000006,8,False,False
136,11,1775.5701673695173,-1652.10090220945,1.0,CLIENT,7,2,100000,16,57,0,486,576,355,131,127,167,59418.62400000003,8,False,False
136,12,-562.8498177151117,884.4366177901514,1.0,CLIENT,7,2,100000,19,64,0,746,916,523,220,181,275,66715.64800000003,10,False,False
136,13,-1113.6579254218752,-956.3509022092919,1.0,CLIENT,7,2,100000,21,139,0,215,242,215,0,142,47,144898.04800000007,5,False,False
136,14,-1293.2744298474374,1193.3496177901236,1.0,CLIENT,7,2,100000,17,73,0,534,648,497,35,183,236,76097.53600000004,9,False,False
136,15,1339.2002646425906,-1251.9055022097698,1.0,CLIENT,7,2,100000,9,75,0,399,559,332,67,132,172,78182.40000000004,7,False,False
136,16,2676.978921060806,-1514.0641022099298,1.0,CLIENT,7,2,100000,18,115,0,249,393,214,35,112,75,119879.68000000007,6,False,False
136,17,-166.7906736975123,-393.5169822097177,1.0,CLIENT,7,2,100000,15,144,0,391,558,319,70,152,146,150110.20800000007,11,False,False
136,18,20.90382166824661,-911.7115822096766,1.0,CLIENT,7,2,100000,19,94,0,289,446,282,7,146,112,97988.60800000005,11,False,False
136,19,3071.0581653381996,-2706.6352622094328,1.0,CLIENT,7,2,100000,20,101,0,121,272,107,14,74,22,105285.63200000006,4,False,False
136,20,-1406.0455996278488,2758.0643200003115,1.0,CLIENT,7,2,100000,11,125,0,228,264,228,0,161,54,130304.00000000007,4,False,False
136,21,1812.7962022920597,-2984.8899519996658,1.0,CLIENT,3,0.0,100000,18,107,0,115,228,115,0,84,15,111540.22400000006,5,False,False

137,0,-238.4630442902569,2043.7230977906372,1.0,CLIENT,7,2,100000,16,63,0,139,290,133,6,51,52,65673.21600000003,4,False,False
137,1,1046.808671019212,-1540.3356222092518,1.0,CLIENT,7,2,100000,17,190,0,486,659,387,99,189,179,198062.0800000001,12,False,False
137,2,10.370755050284854,-1349.978422209735,1.0,CLIENT,7,2,100000,14,105,0,749,965,566,183,211,295,109455.36000000006,11,False,False
137,3,-1163.868182831668,927.8514177904854,1.0,CLIENT,7,2,100000,16,105,0,170,395,162,8,92,53,109455.36000000006,10,False,False
137,4,81.80553767481254,2094.4850177906137,1.0,CLIENT,7,2,100000,17,88,0,63,91,63,0,49,5,91734.01600000005,4,False,False
137,5,-348.9414497902451,-89.72470220947258,1.0,CLIENT,7,2,100000,10,83,0,623,862,545,78,212,283,86521.85600000004,11,False,False
137,6,157.1209237897832,-1810.5092622097413,1.0,CLIENT,7,2,100000,18,151,0,498,620,400,98,195,174,157407.23200000008,10,False,False
137,7,1654.3211072833503,-1479.554902209259,1.0,CLIENT,7,2,100000,20,102,0,526,623,470,56,186,237,106328.06400000006,10,False,False
137,8,383.93823801984547,-64.12110220925541,1.0,CLIENT,7,2,100000,13,177,0,511,685,400,111,198,174,184510.4640000001,11,False,False
137,9,-642.5209832580847,-1102.4027422099323,1.0,CLIENT,7,2,100000,20,131,0,739,840,525,214,202,247,136558.59200000006,9,False,False
137,10,-2540.2944821771903,1006.8886177902616,1.0,CLIENT,7,2,100000,12,94,0,96,175,96,0,76,10,97988.60800000005,2,False,False
137,11,-1557.0762712233486,-845.476182210009,1.0,CLIENT,7,2,100000,16,180,0,235,378,235,0,177,39,187637.7600000001,7,False,False
137,12,1336.3492090172344,132.69265779057065,1.0,CLIENT,7,2,100000,20,173,0,176,285,176,0,153,7,180340.7360000001,8,False,False
137,13,2428.7786896366347,-1005.3317022098105,1.0,CLIENT,7,2,100000,21,114,0,333,475,330,3,183,118,118837.24800000007,5,False,False
137,14,-321.3020494178966,-213.51254220937392,1.0,CLIENT,7,2,100000,17,75,0,671,889,578,93,206,300,78182.40000000004,11,False,False
137,15,-723.1425006767391,-453.2958222098671,1.0,CLIENT,7,2,100000,9,75,0,787,912,602,185,214,317,78182.40000000004,9,False,False
137,16,2637.380926257818,-1542.8959822099064,1.0,CLIENT,7,2,100000,18,114,0,316,380,315,1,186,101,118837.24800000007,5,False,False
137,17,1678.8718640610005,-1515.0659822097734,1.0,CLIENT,7,2,100000,15,103,0,526,618,457,69,191,228,107370.49600000006,8,False,False
137,18,-90.04975976930089,-715.5657422097463,1.0,CLIENT,7,2,100000,18,78,0,818,1042,637,181,206,352,81309.69600000004,11,False,False
137,19,-1429.4123359795683,1476.4363777904407,1.0,CLIENT,7,2,100000,21,98,0,239,338,203,36,89,82,102158.33600000005,6,False,False
137,20,-1406.0455996278488,2758.0643200003115,1.0,CLIENT,7,2,100000,11,72,0,58,157,58,0,50,4,75055.10400000004,4,False,False
137,21,1812.7962022920597,-2984.8899519996658,1.0,CLIENT,3,0.0,100000,18,73,0,1,36,1,0,1,0,76097.53600000004,4,False,False

138,0,-562.0578578188045,144.93785779050256,1.0,CLIENT,7,2,100000,16,115,0,695,909,505,191,213,251,119879.68000000007,11,False,False
138,1,-550.4160473469127,244.9032177904357,1.0,CLIENT,7,2,100000,17,137,0,766,909,526,240,210,246,142813.18400000007,13,False,False
138,2,407.3802509435657,843.3595377902432,1.0,CLIENT,7,2,100000,15,96,0,746,926,585,161,211,291,100073.47200000005,10,False,False
138,3,-1467.1096270317564,43.97061779072601,1.0,CLIENT,7,2,100000,16,89,0,655,743,556,99,213,266,92776.44800000005,8,False,False
138,4,1042.4528915906467,1239.102137790092,1.0,CLIENT,7,2,100000,18,129,0,347,475,345,2,196,113,134473.72800000006,7,False,False
138,5,-1086.9688769246454,2971.1300177904495,1.0,CLIENT,7,2,100000,10,145,0,297,409,293,4,154,118,151152.64000000007,3,False,False
138,6,-1673.890355891545,119.55689779051426,1.0,CLIENT,7,2,100000,17,97,0,662,706,526,136,212,254,101115.90400000005,8,False,False
138,7,-160.2174065599619,2217.4936177901095,1.0,CLIENT,7,2,100000,20,194,0,426,747,350,78,178,142,202231.8080000001,9,False,False
138,8,517.6210684742114,-1958.5648622092776,1.0,CLIENT,7,2,100000,13,39,0,139,165,137,1,68,53,40654.84800000002,5,False,False
138,9,768.5931595343329,-968.150822209557,1.0,CLIENT,7,2,100000,20,39,0,144,161,138,5,61,47,40654.84800000002,7,False,False
138,10,2006.3472810805533,-2272.9325422097154,1.0,CLIENT,7,2,100000,12,54,0,87,130,86,1,43,31,56291.32800000003,4,False,False
138,11,199.1739942699737,-1631.618022209751,1.0,CLIENT,7,2,100000,16,49,0,122,133,122,0,65,38,51079.16800000003,3,False,False
138,12,-618.4454024179939,1542.5604577903894,1.0,CLIENT,7,2,100000,20,152,0,673,1150,489,185,200,232,158449.66400000008,15,False,False
138,13,-1455.78460051805,880.5404177904967,1.0,CLIENT,7,2,100000,20,99,0,874,943,647,227,209,312,103200.76800000005,12,False,False
138,14,-1676.820607507432,499.8260177906721,1.0,CLIENT,7,2,100000,17,65,0,690,828,605,85,212,305,67758.08000000003,8,False,False
138,15,-303.4829517566082,967.0360577904256,1.0,CLIENT,7,2,100000,9,82,0,871,1204,676,195,222,363,85479.42400000004,13,False,False
138,16,-1998.6731092645537,1111.6407377899739,1.0,CLIENT,7,2,100000,18,185,0,344,488,326,18,204,91,192849.9200000001,9,False,False
138,17,993.9057499623116,1275.3924577902212,1.0,CLIENT,7,2,100000,15,115,0,385,521,379,6,199,147,119879.68000000007,7,False,False
138,18,1276.0018649376334,-1225.633982209657,1.0,CLIENT,7,2,100000,19,56,0,143,177,128,14,62,44,58376.19200000003,4,False,False
138,19,201.15389401017939,1080.137177790415,1.0,CLIENT,7,2,100000,19,117,0,918,1022,570,348,210,295,121964.54400000007,9,False,False
138,20,-1406.0455996278488,2758.0643200003115,1.0,CLIENT,7,2,100000,11,150,0,213,396,209,4,150,48,156364.80000000008,5,False,False
138,21,1812.7962022920597,-2984.8899519996658,1.0,CLIENT,3,0.0,100000,18,54,0,54,56,54,0,36,0,56291.32800000003,2,False,False

139,0,-451.81704028759583,-243.68026220993244,1.0,CLIENT,7,2,100000,16,205,0,603,785,389,165,198,173,213698.5600000001,13,False,False
139,1,1693.4439261487792,-1373.800902209703,1.0,CLIENT,7,2,100000,17,69,0,877,1158,717,126,229,396,71927.80800000003,14,False,False
139,2,1946.9502888760712,-133.47346220975425,1.0,CLIENT,7,2,100000,14,193,0,436,707,380,31,200,139,201189.3760000001,13,False,False
139,3,2292.4823915251295,-1358.9953422099077,1.0,CLIENT,7,2,100000,16,202,0,450,641,411,23,223,149,210571.2640000001,12,False,False
139,4,-1822.2244444230955,391.62297779018076,1.0,CLIENT,7,2,100000,18,150,0,456,535,380,75,193,162,156364.80000000008,4,False,False
139,5,718.937274051505,-460.8655822097387,1.0,CLIENT,7,2,100000,10,69,0,1055,1292,741,247,239,424,71927.80800000003,15,False,False
139,6,-1093.858928020381,309.24617779013545,1.0,CLIENT,7,2,100000,18,118,0,517,585,460,57,195,205,123006.97600000007,8,False,False
139,7,1189.7574322571102,-638.6436222093757,1.0,CLIENT,7,2,100000,20,53,0,1197,1323,772,356,228,425,55248.89600000003,14,False,False
139,8,1263.9640745175882,-536.7858222094748,1.0,CLIENT,7,2,100000,11,60,0,1171,1316,780,325,238,437,62545.920000000035,14,False,False
139,9,476.9143298172934,-622.1682622098413,1.0,CLIENT,7,2,100000,19,75,0,951,1121,707,199,230,413,78182.40000000004,15,False,False
139,10,1413.8028868512222,-1450.6117022095636,1.0,CLIENT,7,2,100000,12,133,0,922,1171,659,209,236,326,138643.45600000006,14,False,False
139,11,-1606.0193927998378,-449.8449022098791,1.0,CLIENT,7,2,100000,16,152,0,488,624,415,73,198,157,158449.66400000008,5,False,False
139,12,503.8409662827401,-711.4469022098626,1.0,CLIENT,7,2,100000,17,51,0,1037,1187,756,219,233,483,53164.03200000003,16,False,False
139,13,230.13962620580017,-892.8985022097165,1.0,CLIENT,7,2,100000,20,116,0,854,1013,616,168,225,313,120922.11200000007,15,False,False
139,14,517.4626764954002,-1023.476862209875,1.0,CLIENT,7,2,100000,14,47,0,1038,1159,805,163,235,508,48994.304000000026,14,False,False
139,15,1567.4431066858933,-1124.6667422098803,1.0,CLIENT,7,2,100000,9,41,0,1202,1313,804,343,238,483,42739.71200000002,13,False,False
139,16,660.1738497645188,-1377.8084222098678,1.0,CLIENT,7,2,100000,18,136,0,847,946,724,48,230,349,141770.75200000007,14,False,False
139,17,1400.2603726285304,-555.5989022094349,1.0,CLIENT,7,2,100000,14,66,0,1203,1313,798,331,234,451,68800.51200000003,14,False,False
139,18,289.85340236846775,1137.46697779042,1.0,CLIENT,7,2,100000,15,67,0,7,104,7,0,7,0,69842.94400000003,5,False,False
139,19,-2619.7280597513836,397.52293779031334,1.0,CLIENT,7,2,100000,21,174,0,208,321,206,2,166,26,181383.1680000001,3,False,False
139,20,-1406.0455996278488,2758.0643200003115,1.0,CLIENT,7,2,100000,11,42,0,0,0,0,0,0,0,43782.14400000002,0,False,False
139,21,1812.7962022920597,-2984.8899519996658,1.0,CLIENT,3,0.0,100000,18,73,0,1,14,1,0,1,0,76097.53600000004,3,False,False

140,0,-1352.988206010105,2369.3340977903727,1.0,CLIENT,7,2,100000,16,104,0,844,959,642,195,249,334,108412.92800000006,9,False,False
140,1,763.2870282306493,1178.3214177900993,1.0,CLIENT,7,2,100000,16,170,0,1011,1160,659,213,258,342,177213.4400000001,12,False,False
140,2,-2219.1547443264076,-508.62186220939407,1.0,CLIENT,7,2,100000,12,169,0,458,678,424,3,227,187,176171.0080000001,8,False,False
140,3,591.8277107346895,1001.3226177900767,1.0,CLIENT,7,2,100000,13,100,0,1095,1282,781,204,265,451,104243.20000000006,14,False,False
140,4,-1015.8508782588658,1605.23361779035,1.0,CLIENT,7,2,100000,18,210,0,1158,1564,473,633,228,201,218910.72000000012,15,False,False
140,5,-1471.7821904185068,92.95141779045366,1.0,CLIENT,7,2,100000,10,96,0,1113,1437,784,259,247,432,100073.47200000005,11,False,False
140,6,-1202.5950217489433,610.2554577902881,1.0,CLIENT,7,2,100000,14,165,0,932,1290,671,206,240,361,172001.2800000001,18,False,False
140,7,1674.674476612372,-87.9435822100146,1.0,CLIENT,7,2,100000,20,244,0,526,832,461,39,244,192,254353.40800000014,9,False,False
140,8,752.9123535926242,995.2000177905063,1.0,CLIENT,7,2,100000,10,57,0,1100,1357,792,198,269,479,59418.62400000003,11,False,False
140,9,1883.83108516052,-1635.1802622094579,1.0,CLIENT,7,2,100000,19,125,0,575,702,464,108,227,211,130304.00000000007,7,False,False
140,10,-952.8900665226885,-878.8721822095357,1.0,CLIENT,7,2,100000,12,87,0,858,1196,653,171,252,374,90691.58400000005,10,False,False
140,11,1435.6609799823277,-1710.8778622097561,1.0,CLIENT,7,2,100000,16,122,0,498,674,463,32,232,193,127176.70400000007,7,False,False
140,12,1354.0891106885545,-875.8665422100055,1.0,CLIENT,7,2,100000,20,222,0,660,845,462,193,240,205,231419.90400000013,7,False,False
140,13,2403.7527569214253,-2560.138142209916,1.0,CLIENT,7,2,100000,21,167,0,401,492,335,63,172,151,174086.1440000001,5,False,False
140,14,1702.9474449010909,-1480.4454622093835,1.0,CLIENT,7,2,100000,16,71,0,594,810,542,48,232,289,74012.67200000004,6,False,False
140,15,-260.08354945258264,-398.41506221000685,1.0,CLIENT,7,2,100000,9,207,0,995,1359,548,366,249,252,215783.42400000012,15,False,False
140,16,-1570.6187854460404,361.4552577904132,1.0,CLIENT,7,2,100000,17,91,0,959,1359,725,174,239,417,94861.31200000005,11,False,False
140,17,635.068721059341,201.93369779055956,1.0,CLIENT,7,2,100000,14,220,0,1197,1444,554,527,249,253,229335.04000000012,13,False,False
140,18,2347.4444083116414,-3343.274342209337,1.0,CLIENT,7,2,100000,19,92,0,261,268,261,0,160,92,95903.74400000005,4,False,False
140,19,-636.8188720062474,-1143.2571822096115,1.0,CLIENT,7,2,100000,19,235,0,404,505,368,2,240,103,244971.52000000014,11,False,False
140,20,-2357.2725501987443,2126.990457790016,1.0,CLIENT,7,2,100000,11,210,0,269,398,261,4,206,51,218910.72000000012,5,False,False
140,21,598.7969578198308,427.02273779018526,1.0,CLIENT,7,2,100000,17,71,0,1213,1517,818,297,260,532,74012.67200000004,13,False,False
140,22,170.82182999128625,1627.608937790017,1.0,CLIENT,7,2,100000,10,106,0,1242,1488,723,419,267,404,110497.79200000006,13,False,False
140,23,140.96494190995244,2073.2228977905093,1.0,CLIENT,7,2,100000,16,212,0,852,1177,542,227,252,241,220995.58400000012,11,False,False
140,24,-485.55453185993537,2298.534577790364,1.0,CLIENT,7,2,100000,10,98,0,981,1074,761,182,264,434,102158.33600000005,12,False,False
140,25,-1194.041854871187,521.3107777902146,1.0,CLIENT,7,2,100000,12,87,0,1094,1415,742,311,244,465,90691.58400000005,16,False,False
140,26,-2017.8385387491142,-325.8344222097489,1.0,CLIENT,7,2,100000,12,182,0,660,876,551,56,233,279,189722.6240000001,9,False,False
140,27,-729.0821998967933,-468.21270220938146,1.0,CLIENT,7,2,100000,13,71,0,1180,1562,815,297,261,490,74012.67200000004,12,False,False
140,28,-435.74025439773345,2554.125297790496,1.0,CLIENT,7,2,100000,19,150,0,887,936,663,194,255,323,156364.80000000008,9,False,False
140,29,-350.1293896341434,721.130177790362,1.0,CLIENT,7,2,100000,12,186,0,1570,1980,489,918,234,222,193892.3520000001,18,False,False
140,30,-1406.0455996278488,2758.0643200003115,1.0,CLIENT,7,2,100000,11,166,0,665,786,507,153,254,221,173043.7120000001,6,False,False
140,31,1812.7962022920597,-2984.8899519996658,1.0,CLIENT,3,0.0,100000,18,95,0,267,391,262,5,161,92,99031.04000000005,5,False,False

141,0,1575.8378815842757,-2533.7553022092934,1.0,CLIENT,7,2,100000,16,149,0,581,789,442,139,210,205,155322.36800000007,6,False,False
141,1,-1645.1422116647036,1514.7304577902564,1.0,CLIENT,7,2,100000,17,177,0,1224,1701,595,440,240,282,184510.4640000001,15,False,False
141,2,-1363.9964485650632,101.96833779062644,1.0,CLIENT,7,2,100000,12,128,0,1337,1776,730,384,264,404,133431.29600000006,13,False,False
141,3,2213.603185878464,-2054.856662209785,1.0,CLIENT,7,2,100000,16,127,0,560,696,483,75,217,225,132388.86400000006,6,False,False
141,4,-1080.870785725217,2280.612057790528,1.0,CLIENT,7,2,100000,17,78,0,899,1146,728,103,242,398,81309.69600000004,10,False,False
141,5,-599.2007769440276,843.4708577907531,1.0,CLIENT,7,2,100000,9,31,0,1418,1845,935,294,271,638,32315.392000000014,15,False,False
141,6,845.8884453895092,-418.0073822095815,1.0,CLIENT,7,2,100000,14,46,0,1083,1540,878,150,265,578,47951.872000000025,13,False,False
141,7,-1242.0346245725575,1966.0217377906522,1.0,CLIENT,7,2,100000,19,108,0,1150,1293,729,266,243,425,112582.65600000006,13,False,False
141,8,2213.603185878464,-1603.788022209618,1.0,CLIENT,7,2,100000,13,173,0,487,682,416,68,216,177,180340.7360000001,10,False,False
141,9,1396.2213771587135,-1049.5257422097588,1.0,CLIENT,7,2,100000,19,203,0,1052,1373,576,385,255,252,211613.6960000001,12,False,False
141,10,-1466.7136470836026,-888.5570222096042,1.0,CLIENT,7,2,100000,12,234,0,557,779,440,49,234,186,243929.08800000013,7,False,False
141,11,980.9176076671476,-903.6965422093474,1.0,CLIENT,7,2,100000,15,75,0,1143,1425,780,274,257,473,78182.40000000004,13,False,False
141,12,-447.9364367971529,-643.430382209946,1.0,CLIENT,7,2,100000,19,222,0,798,1256,468,251,219,205,231419.90400000013,16,False,False
141,13,-768.4426067310019,1107.4105777903715,1.0,CLIENT,7,2,100000,15,49,0,1584,1779,786,641,269,506,51079.16800000003,17,False,False
141,14,502.41543847006204,-1888.3219422094453,1.0,CLIENT,7,2,100000,16,229,0,438,696,348,73,213,128,238716.92800000013,10,False,False
141,15,-986.5483621050597,2239.9802577902865,1.0,CLIENT,7,2,100000,9,84,0,983,1198,715,166,251,374,87564.28800000004,10,False,False
141,16,-560.553134016158,73.35909779008801,1.0,CLIENT,7,2,100000,15,170,0,1408,1944,668,486,262,348,177213.4400000001,16,False,False
141,17,-1877.4240491783867,2566.4818177901466,1.0,CLIENT,7,2,100000,15,160,0,552,575,540,7,240,219,166789.12000000008,7,False,False
141,18,-309.9770229041902,1313.2412577903701,1.0,CLIENT,7,2,100000,17,201,0,1000,1333,648,164,253,318,209528.8320000001,15,False,False
141,19,-1846.300025263186,467.98849779037454,1.0,CLIENT,7,2,100000,19,170,0,1037,1409,681,180,238,345,177213.4400000001,13,False,False
141,20,1642.7584928008641,-210.39558220933372,1.0,CLIENT,7,2,100000,11,160,0,944,1173,715,135,264,371,166789.12000000008,9,False,False
141,21,-26.059400168036618,785.139177790114,1.0,CLIENT,7,2,100000,18,233,0,973,1492,598,170,252,282,242886.65600000013,19,False,False
141,22,568.4648938009376,-712.6714222099349,1.0,CLIENT,7,2,100000,10,157,0,1174,1471,604,480,254,300,163661.82400000008,13,False,False
141,23,1255.0941236816468,1044.292137790744,1.0,CLIENT,7,2,100000,17,247,0,418,756,359,39,228,122,257480.70400000014,9,False,False
141,24,-1157.928483611051,912.7118977907421,1.0,CLIENT,7,2,100000,10,149,0,1579,1873,639,708,250,341,155322.36800000007,17,False,False
141,25,712.4432029039231,-36.51374220935139,1.0,CLIENT,7,2,100000,12,84,0,1424,1817,723,612,259,420,87564.28800000004,15,False,False
141,26,-1647.9932672906225,231.7674577903793,1.0,CLIENT,7,2,100000,12,74,0,1332,1667,702,476,258,432,77139.96800000004,13,False,False
141,27,1355.3562465224213,283.1972977902515,1.0,CLIENT,7,2,100000,14,154,0,881,1223,665,132,257,327,160534.52800000008,9,False,False
141,28,-2592.4846393271887,597.2310177907417,1.0,CLIENT,7,2,100000,17,234,0,417,664,355,4,218,118,243929.08800000013,7,False,False
141,29,1315.2830757818735,-153.06578220932892,1.0,CLIENT,7,2,100000,12,58,0,1127,1265,843,199,262,536,60461.05600000003,12,False,False
141,30,-1406.0455996278488,2758.0643200003115,1.0,CLIENT,7,2,100000,11,115,0,520,607,515,0,244,203,119879.68000000007,8,False,False
141,31,1812.7962022920597,-2984.8899519996658,1.0,CLIENT,3,0.0,100000,18,162,0,267,313,264,1,191,66,168873.98400000008,4,False,False

142,0,-2095.292216583102,1415.8782977906767,1.0,CLIENT,7,2,100000,16,165,0,511,832,449,49,199,216,172001.2800000001,8,False,False
142,1,1024.3962059605788,-972.4923022096696,1.0,CLIENT,7,2,100000,15,43,0,1739,2205,883,295,262,573,44824.57600000002,16,False,False
142,2,-1150.2464726195706,241.4522977904477,1.0,CLIENT,7,2,100000,12,142,0,1077,1687,637,367,241,358,148025.34400000007,14,False,False
142,3,877.0124693047097,-621.5003422099458,1.0,CLIENT,7,2,100000,12,65,0,2176,2401,708,810,260,426,67758.08000000003,17,False,False
142,4,-184.21379141064702,1204.2589777902642,1.0,CLIENT,7,2,100000,16,67,0,854,1287,662,127,252,396,69842.94400000003,10,False,False
142,5,2329.8628986191325,-3371.5496222099277,1.0,CLIENT,7,2,100000,10,118,0,185,237,184,0,141,37,123006.97600000007,3,False,False
142,6,30.56573239993263,-181.78634220958628,1.0,CLIENT,7,2,100000,13,146,0,1833,2604,557,765,249,273,152195.07200000007,22,False,False
142,7,1304.2748332269155,-947.556622209348,1.0,CLIENT,7,2,100000,18,48,0,1665,2126,859,317,252,557,50036.736000000026,16,False,False
142,8,-2202.8403704677658,1695.6254577907248,1.0,CLIENT,7,2,100000,13,130,0,338,549,323,12,188,128,135516.16000000006,8,False,False
142,9,1296.7512142142461,-1509.6113022093075,1.0,CLIENT,7,2,100000,18,98,0,1250,1498,729,105,244,415,102158.33600000005,17,False,False
142,10,-355.8315008859808,1373.3540577904673,1.0,CLIENT,7,2,100000,12,203,0,572,935,469,16,246,194,211613.6960000001,13,False,False
142,11,2292.4823915251295,-1799.9338622095484,1.0,CLIENT,7,2,100000,16,174,0,444,836,318,58,168,138,181383.1680000001,10,False,False
142,12,-109.05679727448764,884.1026577902037,1.0,CLIENT,7,2,100000,17,195,0,1215,1472,628,370,248,324,203274.2400000001,16,False,False
142,13,-14.496785685550558,-683.0603022095531,1.0,CLIENT,7,2,100000,18,57,0,1414,2143,800,217,251,515,59418.62400000003,21,False,False
142,14,1686.633071042449,138.1473377902455,1.0,CLIENT,7,2,100000,17,246,0,1138,1360,573,111,242,283,256438.27200000014,13,False,False
142,15,81.64714569543852,-1013.7920222098066,1.0,CLIENT,7,2,100000,9,176,0,1485,1921,651,329,249,330,183468.0320000001,17,False,False
142,16,893.1684511839778,328.8384977905011,1.0,CLIENT,7,2,100000,15,87,0,1634,2106,781,376,254,461,90691.58400000005,18,False,False
142,17,-1089.0279726542567,-728.8128222095215,1.0,CLIENT,7,2,100000,14,226,0,892,1202,549,186,244,265,235589.63200000013,10,False,False
142,18,2110.9651833493303,-2935.731822210014,1.0,CLIENT,7,2,100000,19,120,0,332,388,302,30,139,143,125091.84000000007,5,False,False
142,19,903.9391057707193,620.1629377905854,1.0,CLIENT,7,2,100000,15,212,0,1214,1705,543,309,246,236,220995.58400000012,16,False,False
142,20,693.1193814405509,-679.6093822095651,1.0,CLIENT,7,2,100000,9,58,0,2129,2455,748,715,261,457,60461.05600000003,17,False,False
142,21,-2182.1702171805587,1617.478817790282,1.0,CLIENT,7,2,100000,18,113,0,370,662,359,9,184,160,117794.81600000006,8,False,False
142,22,-528.1619742676536,-947.556622209348,1.0,CLIENT,7,2,100000,10,182,0,910,1254,660,44,252,326,189722.6240000001,16,False,False
142,23,-992.646453304488,733.4866977900128,1.0,CLIENT,7,2,100000,14,153,0,1109,1577,674,318,260,351,159492.09600000008,14,False,False
142,24,1085.218725977739,-1562.9335822099388,1.0,CLIENT,7,2,100000,11,208,0,1179,1467,617,115,248,315,216825.85600000012,17,False,False
142,25,1443.3429909743707,-727.2543422095015,1.0,CLIENT,7,2,100000,13,156,0,1599,2107,664,349,251,357,162619.39200000008,15,False,False
142,26,1331.7558416198897,-185.45990220980315,1.0,CLIENT,7,2,100000,12,57,0,1665,2088,876,225,257,548,59418.62400000003,16,False,False
142,27,-2123.16920492423,235.77497779054397,1.0,CLIENT,7,2,100000,14,228,0,577,922,443,95,224,194,237674.49600000013,7,False,False
142,28,-1266.1102054126482,345.7591377904933,1.0,CLIENT,7,2,100000,17,112,0,1029,1689,678,281,235,405,116752.38400000006,13,False,False
142,29,1013.6255513744001,175.99613779039458,1.0,CLIENT,7,2,100000,12,38,0,1743,2114,915,270,260,590,39612.41600000002,18,False,False
142,30,-1406.0455996278488,2758.0643200003115,1.0,CLIENT,7,2,100000,11,85,0,67,279,66,0,57,10,88606.72000000004,4,False,False
142,31,1812.7962022920597,-2984.8899519996658,1.0,CLIENT,3,0.0,100000,18,62,0,260,359,256,3,134,106,64630.784000000036,5,False,False

143,0,-990.191377626723,-440.71666220998736,1.0,CLIENT,7,2,100000,15,160,0,568,857,535,11,258,230,166789.12000000008,9,False,False
143,1,2179.07373441038,-1661.2291422093417,1.0,CLIENT,7,2,100000,15,85,0,841,1239,703,120,266,392,88606.72000000004,12,False,False
143,2,172.24735780452696,-898.0192222094436,1.0,CLIENT,7,2,100000,14,213,0,1023,1478,644,230,272,311,222038.01600000012,14,False,False
143,3,505.26649409598076,1447.0478977902876,1.0,CLIENT,7,2,100000,14,188,0,804,1011,652,81,277,322,195977.2160000001,11,False,False
143,4,1007.2898722056293,-2207.142422209715,1.0,CLIENT,7,2,100000,17,104,0,991,1298,765,195,260,450,108412.92800000006,13,False,False
143,5,2071.4463845363107,-3230.1732222093474,1.0,CLIENT,7,2,100000,10,134,0,422,551,396,2,237,156,139685.88800000006,8,False,False
143,6,1779.133986901775,-3035.363222209999,1.0,CLIENT,7,2,100000,15,156,0,644,859,564,43,238,277,162619.39200000008,9,False,False
143,7,1404.0617801295678,40.40837779022809,1.0,CLIENT,7,2,100000,20,285,0,996,1223,534,288,260,246,297093.1199999992,13,False,False
143,8,1788.8750936234292,-674.7113022092759,1.0,CLIENT,7,2,100000,13,242,0,863,1257,505,304,250,239,252268.54400000014,14,False,False
143,9,409.12256271442897,-39.742022209901506,1.0,CLIENT,7,2,100000,16,182,0,1316,1921,561,605,266,252,189722.6240000001,16,False,False
143,10,1768.52172429497,-1355.2104622099719,1.0,CLIENT,7,2,100000,12,63,0,1205,1557,887,292,276,554,65673.21600000003,15,False,False
143,11,-1295.6503095352339,1255.3548577901888,1.0,CLIENT,7,2,100000,16,152,0,625,1070,485,127,230,236,158449.66400000008,12,False,False
143,12,866.95457862487,-2197.1236222096986,1.0,CLIENT,7,2,100000,18,180,0,798,1154,642,130,259,327,187637.7600000001,14,False,False
143,13,-2292.8862106493266,652.000457790092,1.0,CLIENT,7,2,100000,19,181,0,180,329,180,0,140,41,188680.1920000001,5,False,False
143,14,-987.023538042619,2755.94845779033,1.0,CLIENT,7,2,100000,16,97,0,426,692,410,15,212,198,101115.90400000005,7,False,False
143,15,-515.2530279618951,-954.7924222092718,1.0,CLIENT,7,2,100000,9,101,0,1054,1280,769,165,275,414,105285.63200000006,8,False,False
143,16,-786.8952723092237,-16.142182209371185,1.0,CLIENT,7,2,100000,17,196,0,770,1290,568,122,262,271,204316.6720000001,12,False,False
143,17,1745.7132792881832,-2283.0626622094505,1.0,CLIENT,7,2,100000,14,131,0,1206,1418,694,458,260,356,136558.59200000006,11,False,False
143,18,-646.2431947697164,1295.5413777899726,1.0,CLIENT,7,2,100000,17,166,0,954,1310,663,256,247,328,173043.7120000001,15,False,False
143,19,36.267843651770015,1803.9398177901442,1.0,CLIENT,7,2,100000,19,182,0,888,1252,616,217,259,294,189722.6240000001,11,False,False
143,20,2296.3629950161353,-1297.2127422092806,1.0,CLIENT,7,2,100000,11,196,0,648,818,574,51,270,265,204316.6720000001,10,False,False
143,21,-1338.3369479329206,1494.581537790505,1.0,CLIENT,7,2,100000,18,130,0,721,1133,585,130,235,307,135516.16000000006,10,False,False
143,22,630.3961576725907,-1465.8625422098169,1.0,CLIENT,7,2,100000,10,233,0,978,1481,535,318,254,262,242886.65600000013,14,False,False
143,23,640.3748523630247,687.5115377906064,1.0,CLIENT,7,2,100000,14,111,0,1269,1568,746,371,273,425,115709.95200000006,12,False,False
143,24,493.9414675822744,-440.8279822097063,1.0,CLIENT,7,2,100000,10,68,0,1417,1889,723,627,290,432,70885.37600000003,17,False,False
143,25,107.78182226514062,1399.959537790528,1.0,CLIENT,7,2,100000,13,58,0,1043,1392,772,223,278,467,60461.05600000003,13,False,False
143,26,-797.9035148641821,2349.964417790236,1.0,CLIENT,7,2,100000,13,163,0,870,1032,641,209,244,321,169916.41600000008,8,False,False
143,27,958.0299666709551,1032.6035377901976,1.0,CLIENT,7,2,100000,13,230,0,964,1198,622,256,277,298,239759.36000000013,9,False,False
143,28,-611.951331270412,-529.9953022100087,1.0,CLIENT,7,2,100000,17,106,0,1026,1154,824,60,268,477,110497.79200000006,10,False,False
143,29,1617.8909520650288,-1699.9685022096153,1.0,CLIENT,7,2,100000,12,116,0,1312,1575,755,523,270,439,120922.11200000007,14,False,False
143,30,-1406.0455996278488,2758.0643200003115,1.0,CLIENT,7,2,100000,11,165,0,339,482,329,5,216,111,172001.2800000001,6,False,False
143,31,1812.7962022920597,-2984.8899519996658,1.0,CLIENT,3,0.0,100000,18,106,0,563,791,526,24,233,265,110497.79200000006,8,False,False

144,0,-2625.6677589720002,474.33373779017387,1.0,CLIENT,7,2,100000,16,180,0,710,1010,554,73,234,259,187637.7600000001,11,False,False
144,1,-30.49437558600731,1648.871057790122,1.0,CLIENT,7,2,100000,17,212,0,636,957,472,152,238,181,220995.58400000012,12,False,False
144,2,-1612.434267958014,861.6160177900267,1.0,CLIENT,7,2,100000,10,97,0,1571,1916,683,641,252,394,101115.90400000005,18,False,False
144,3,-1483.9783728173634,2960.10933779059,1.0,CLIENT,7,2,100000,14,128,0,740,992,622,8,249,287,133431.29600000006,11,False,False
144,4,1925.3297837137457,136.36621778999654,1.0,CLIENT,7,2,100000,18,128,0,264,431,256,8,163,76,133431.29600000006,5,False,False
144,5,-1345.226999028656,-320.2684222095641,1.0,CLIENT,7,2,100000,10,212,0,532,734,417,98,235,160,220995.58400000012,10,False,False
144,6,2533.950963832939,-3180.5245022097242,1.0,CLIENT,7,2,100000,18,63,0,170,174,164,6,94,54,65673.21600000003,4,False,False
144,7,1342.3681042272572,-784.0275422093296,1.0,CLIENT,7,2,100000,20,163,0,609,769,395,214,197,175,169916.41600000008,8,False,False
144,8,-2243.467913135278,1860.2677377903055,1.0,CLIENT,7,2,100000,10,36,0,1192,1598,800,168,262,535,37527.55200000002,14,False,False
144,9,-2072.246183608098,2020.123257790107,1.0,CLIENT,7,2,100000,16,100,0,1400,1608,829,272,253,491,104243.20000000006,15,False,False
144,10,-612.1889192391916,541.0144177902993,1.0,CLIENT,7,2,100000,12,193,0,1141,1564,483,605,230,200,201189.3760000001,12,False,False
144,11,-1823.0164043194027,421.01145779033374,1.0,CLIENT,7,2,100000,16,123,0,1257,1624,667,446,237,323,128219.13600000007,13,False,False
144,12,-958.9881577221167,2578.6156977903597,1.0,CLIENT,7,2,100000,19,197,0,915,1292,600,188,245,278,205359.1040000001,14,False,False
144,13,2057.7454783342446,-2377.795982209938,1.0,CLIENT,7,2,100000,21,42,0,208,320,197,11,91,81,43782.14400000002,7,False,False
144,14,522.9271997778951,660.1268177901403,1.0,CLIENT,7,2,100000,17,202,0,724,930,539,182,243,247,210571.2640000001,8,False,False
144,15,-334.3693877024663,1224.7418577907545,1.0,CLIENT,7,2,100000,9,93,0,979,1419,735,178,251,409,96946.17600000005,15,False,False
144,16,-1999.0690892121445,2708.9714177902893,1.0,CLIENT,7,2,100000,17,165,0,1028,1207,679,141,247,336,172001.2800000001,12,False,False
144,17,1952.1772241903493,-2358.982902209978,1.0,CLIENT,7,2,100000,15,54,0,211,354,192,19,100,84,56291.32800000003,7,False,False
144,18,-2273.2456052272064,1543.0057377900562,1.0,CLIENT,7,2,100000,16,196,0,1226,1484,618,302,243,307,204316.6720000001,15,False,False
144,19,386.7100976563586,78.70245779004392,1.0,CLIENT,7,2,100000,21,171,0,675,886,581,92,242,283,178255.8720000001,9,False,False
144,20,-1046.4997262365068,1483.6721777903645,1.0,CLIENT,7,2,100000,11,176,0,1528,1907,592,679,242,279,183468.0320000001,19,False,False
144,21,-1663.2780932847402,1267.8226977903496,1.0,CLIENT,7,2,100000,17,47,0,1357,1885,839,287,252,557,48994.304000000026,19,False,False
144,22,425.753720531819,-558.0479422095794,1.0,CLIENT,7,2,100000,10,181,0,605,814,478,128,232,216,188680.1920000001,8,False,False
144,23,-1482.4736490152798,1828.4302177900079,1.0,CLIENT,7,2,100000,14,58,0,1611,1910,834,530,258,545,60461.05600000003,17,False,False
144,24,-1765.4409198757521,1557.8112977906426,1.0,CLIENT,7,2,100000,10,66,0,1436,1924,867,293,255,566,68800.51200000003,18,False,False
144,25,-1692.7390014179205,2472.750377790294,1.0,CLIENT,7,2,100000,13,48,0,1419,1528,925,235,256,588,50036.736000000026,14,False,False
144,26,-2482.798193723508,-105.64346220962136,1.0,CLIENT,7,2,100000,13,191,0,517,673,466,40,236,201,199104.5120000001,7,False,False
144,27,2493.402617154832,-3051.059342209919,1.0,CLIENT,7,2,100000,14,39,0,197,198,190,7,98,79,40654.84800000002,4,False,False
144,28,606.5581648012795,-1712.770302209724,1.0,CLIENT,7,2,100000,19,178,0,277,405,271,6,184,75,185552.8960000001,6,False,False
144,29,2082.5338230806747,-957.798062209593,1.0,CLIENT,7,2,100000,13,102,0,291,390,282,9,168,108,106328.06400000006,6,False,False
144,30,-1406.0455996278488,2758.0643200003115,1.0,CLIENT,7,2,100000,11,54,0,994,1325,768,57,252,435,56291.32800000003,14,False,False
144,31,1812.7962022920597,-2984.8899519996658,1.0,CLIENT,3,0.0,100000,18,39,0,196,198,189,7,94,77,40654.84800000002,4,False,False

145,0,-124.02483931042008,966.1454977903011,1.0,CLIENT,7,2,100000,15,185,0,1399,1926,620,442,247,302,192849.9200000001,18,False,False
145,1,602.2023853732771,1182.1062977900351,1.0,CLIENT,7,2,100000,16,136,0,1371,1633,722,322,258,377,141770.75200000007,15,False,False
145,2,-1273.7922164041286,1442.8177377906852,1.0,CLIENT,7,2,100000,12,48,0,1035,1369,715,305,259,444,50036.736000000026,13,False,False
145,3,292.6252620049808,225.42221779057996,1.0,CLIENT,7,2,100000,12,84,0,1743,2215,750,560,277,441,87564.28800000004,19,False,False
145,4,467.17322309563895,964.2530577903333,1.0,CLIENT,7,2,100000,16,59,0,1595,1911,808,475,266,505,61503.488000000034,14,False,False
145,5,-1560.5608947662006,551.3671777902632,1.0,CLIENT,7,2,100000,10,196,0,840,1116,586,175,256,275,204316.6720000001,10,False,False
145,6,1006.4979123098847,-109.42834220955717,1.0,CLIENT,7,2,100000,15,213,0,1563,2040,570,544,256,259,222038.01600000012,18,False,False
145,7,-421.16819231051744,-86.27378220948458,1.0,CLIENT,7,2,100000,17,131,0,1598,2206,598,756,251,309,136558.59200000006,17,False,False
145,8,-709.5207904646417,2543.327257790074,1.0,CLIENT,7,2,100000,13,188,0,633,825,447,160,233,188,195977.2160000001,8,False,False
145,9,-1175.1932093453745,-957.4641022096453,1.0,CLIENT,7,2,100000,19,178,0,679,956,605,30,258,296,185552.8960000001,9,False,False
145,10,-1543.5337570012198,2591.640137790697,1.0,CLIENT,7,2,100000,12,131,0,546,614,500,9,236,221,136558.59200000006,5,False,False
145,11,1369.294740692704,-1032.159822209309,1.0,CLIENT,7,2,100000,14,46,0,1244,1480,850,262,263,542,47951.872000000025,14,False,False
145,12,1159.9005441757763,-1560.0392622093364,1.0,CLIENT,7,2,100000,17,72,0,911,1171,775,67,256,470,75055.10400000004,12,False,False
145,13,368.3366280675425,-310.36094220926685,1.0,CLIENT,7,2,100000,17,108,0,1494,2253,747,390,281,413,112582.65600000006,20,False,False
145,14,-1093.5421440621958,386.8362177904015,1.0,CLIENT,7,2,100000,14,114,0,1203,1708,697,393,260,390,118837.24800000007,16,False,False
145,15,486.813828517759,-1696.0723022099605,1.0,CLIENT,7,2,100000,9,177,0,894,1222,603,196,259,295,184510.4640000001,11,False,False
145,16,208.67751302284842,-938.5397022099662,1.0,CLIENT,7,2,100000,16,166,0,1410,1870,686,480,272,375,173043.7120000001,16,False,False
145,17,1657.4889468674542,724.6924177900689,1.0,CLIENT,7,2,100000,14,121,0,890,1135,644,16,260,338,126134.27200000007,12,False,False
145,18,199.56997421812738,1792.2512177903889,1.0,CLIENT,7,2,100000,18,251,0,783,970,488,109,238,223,261650.43200000015,14,False,False
145,19,1138.676018961604,317.2612177904648,1.0,CLIENT,7,2,100000,14,38,0,1423,1785,905,172,274,580,39612.41600000002,15,False,False
145,20,1502.7399831782902,-1572.618422210007,1.0,CLIENT,7,2,100000,11,167,0,709,950,600,40,256,283,174086.1440000001,10,False,False
145,21,-1207.9803490420325,1046.2958977904307,1.0,CLIENT,7,2,100000,18,161,0,836,1148,660,101,250,309,167831.55200000008,15,False,False
145,22,2786.110994736959,-1905.2425822094374,1.0,CLIENT,7,2,100000,10,96,0,72,254,70,0,64,11,100073.47200000005,5,False,False
145,23,516.3539326409075,781.1316577907403,1.0,CLIENT,7,2,100000,14,73,0,1758,1939,795,603,276,475,76097.53600000004,15,False,False
145,24,1563.7208951748244,-981.3979022093324,1.0,CLIENT,7,2,100000,11,204,0,822,1321,549,168,253,252,212656.1280000001,13,False,False
145,25,-426.3159316348271,-908.8172622098654,1.0,CLIENT,7,2,100000,14,230,0,1139,1469,600,365,259,289,239759.36000000013,14,False,False
145,26,1447.1443984754078,618.3818177903365,1.0,CLIENT,7,2,100000,12,202,0,1021,1279,680,40,265,347,210571.2640000001,12,False,False
145,27,650.115959084679,-1712.658982210005,1.0,CLIENT,7,2,100000,13,96,0,973,1265,728,153,261,410,100073.47200000005,10,False,False
145,28,-1481.364905160787,1617.7014577905109,1.0,CLIENT,7,2,100000,19,194,0,855,1079,539,264,243,258,202231.8080000001,9,False,False
145,29,-1548.4439083567497,-635.4153422096167,1.0,CLIENT,7,2,100000,12,231,0,728,906,538,148,263,231,240801.79200000013,7,False,False
145,30,-1406.0455996278488,2758.0643200003115,1.0,CLIENT,7,2,100000,11,99,0,509,602,493,4,234,227,103200.76800000005,6,False,False
145,31,1812.7962022920597,-2984.8899519996658,1.0,CLIENT,3,0.0,100000,15,64,0,4,63,4,0,4,0,66715.64800000003,4,False,False

146,0,-730.190943751286,1645.9767377903106,1.0,CLIENT,7,2,100000,14,157,0,1190,1493,639,490,244,329,163661.82400000008,15,False,False
146,1,250.33460355544796,-848.5931422092583,1.0,CLIENT,7,2,100000,17,115,0,729,857,581,129,217,267,119879.68000000007,11,False,False
146,2,-1592.6352705565198,2327.36645779034,1.0,CLIENT,7,2,100000,14,48,0,749,901,706,34,231,372,50036.736000000026,11,False,False
146,3,913.9178004605906,-277.18758220996904,1.0,CLIENT,7,2,100000,16,126,0,664,940,538,106,220,268,131346.43200000006,10,False,False
146,4,184.91871614094296,1510.1663377907062,1.0,CLIENT,7,2,100000,18,157,0,846,1113,648,137,234,306,163661.82400000008,11,False,False
146,5,-1303.4115165166827,2660.1019377902803,1.0,CLIENT,7,2,100000,10,59,0,711,814,670,25,236,348,61503.488000000034,12,False,False
146,6,-368.3444672435855,1671.023737790351,1.0,CLIENT,7,2,100000,14,68,0,1153,1458,771,363,247,501,70885.37600000003,15,False,False
146,7,-795.9236151239764,2431.8959377906144,1.0,CLIENT,7,2,100000,20,142,0,766,1014,617,100,226,276,148025.34400000007,13,False,False
146,8,419.25964938423704,-1735.034302209672,1.0,CLIENT,7,2,100000,13,151,0,360,509,350,1,214,121,157407.23200000008,8,False,False
146,9,578.4435884913718,834.0086577901227,1.0,CLIENT,7,2,100000,19,220,0,680,958,529,116,235,231,229335.04000000012,14,False,False
146,10,2479.4641229839867,-2807.6025022100002,1.0,CLIENT,7,2,100000,12,32,0,171,171,166,5,59,72,33357.824000000015,4,False,False
146,11,1331.359861671736,-555.2649422094871,1.0,CLIENT,7,2,100000,16,121,0,473,667,455,8,218,185,126134.27200000007,10,False,False
146,12,-1631.8372854113543,-585.6553022094835,1.0,CLIENT,7,2,100000,21,112,0,236,329,235,0,149,67,116752.38400000006,7,False,False
146,13,670.4693284131382,-422.12622220946514,1.0,CLIENT,7,2,100000,19,73,0,826,1099,660,144,217,379,76097.53600000004,10,False,False
146,14,-1869.0292742800043,-384.83402220949273,1.0,CLIENT,7,2,100000,17,74,0,282,401,280,1,153,109,77139.96800000004,6,False,False
146,15,481.9036771622289,-1544.0091822094687,1.0,CLIENT,7,2,100000,9,109,0,531,675,500,21,219,239,113625.08800000006,8,False,False
146,16,2157.6908172168337,-1919.936822209514,1.0,CLIENT,7,2,100000,18,47,0,131,203,129,2,53,44,48994.304000000026,8,False,False
146,17,-251.76797054416897,350.1006177906058,1.0,CLIENT,7,2,100000,14,107,0,994,1435,593,378,239,321,111540.22400000006,17,False,False
146,18,-370.48275896260253,645.4325777900638,1.0,CLIENT,7,2,100000,18,134,0,1100,1225,765,266,236,400,139685.88800000006,16,False,False
146,19,34.76311984912366,1428.7914177905043,1.0,CLIENT,7,2,100000,15,63,0,1131,1305,815,248,241,497,65673.21600000003,12,False,False
146,20,777.0671304221206,-968.2621422092759,1.0,CLIENT,7,2,100000,11,50,0,767,795,647,102,223,322,52121.60000000003,10,False,False
146,21,-2079.453018662019,269.0596577903517,1.0,CLIENT,7,2,100000,18,159,0,366,459,314,47,154,133,165746.68800000008,8,False,False
146,22,3006.275845840628,-2643.4055022092953,1.0,CLIENT,7,2,100000,10,34,0,120,160,120,0,60,40,35442.68800000002,4,False,False
146,23,-1068.7537993152034,890.1139377900552,1.0,CLIENT,7,2,100000,17,186,0,824,1249,600,156,241,275,193892.3520000001,18,False,False
146,24,-1856.991483859959,2047.619297790292,1.0,CLIENT,7,2,100000,11,74,0,693,930,632,56,235,302,77139.96800000004,11,False,False
146,25,764.5541640645158,-578.6421422097885,1.0,CLIENT,7,2,100000,14,53,0,785,1004,678,90,221,405,55248.89600000003,10,False,False
146,26,-1298.6597571405268,2331.1513377902756,1.0,CLIENT,7,2,100000,12,44,0,852,1029,749,63,234,407,45867.00800000002,12,False,False
146,27,-1011.3367068514895,907.0345777900474,1.0,CLIENT,7,2,100000,13,77,0,929,1376,734,129,245,439,80267.26400000004,18,False,False
146,28,-1974.4391364450887,2095.709537790686,1.0,CLIENT,7,2,100000,19,148,0,485,738,468,11,226,178,154279.93600000007,11,False,False
146,29,2585.8243370247524,-2296.9776622099125,1.0,CLIENT,7,2,100000,13,30,0,160,173,159,1,58,62,31272.960000000014,4,False,False
146,30,-1406.0455996278488,2758.0643200003115,1.0,CLIENT,7,2,100000,11,100,0,574,711,558,11,235,251,104243.20000000006,10,False,False
146,31,1812.7962022920597,-2984.8899519996658,1.0,CLIENT,3,0.0,100000,18,60,0,94,135,94,0,52,20,62545.920000000035,4,False,False

147,0,1628.6616066512076,159.52077779006913,1.0,CLIENT,7,2,100000,16,113,0,850,961,704,76,251,371,117794.81600000006,10,False,False
147,1,107.22745033817564,1707.2027377899701,1.0,CLIENT,7,2,100000,17,171,0,595,655,476,119,220,208,178255.8720000001,7,False,False
147,2,2376.0341605591084,-2728.342662209995,1.0,CLIENT,7,2,100000,14,107,0,812,927,683,111,245,324,111540.22400000006,8,False,False
147,3,-1353.146597988916,1970.6971777907124,1.0,CLIENT,7,2,100000,16,131,0,572,790,457,115,207,228,136558.59200000006,8,False,False
147,4,-1740.9693590875077,-515.8576622093178,1.0,CLIENT,7,2,100000,18,164,0,373,427,362,11,188,156,170958.8480000001,4,False,False
147,5,-264.67691684992735,1018.7998577902456,1.0,CLIENT,7,2,100000,10,75,0,605,790,564,41,230,284,78182.40000000004,8,False,False
147,6,857.9262358095548,-439.8261022098629,1.0,CLIENT,7,2,100000,14,60,0,880,1398,715,155,259,456,62545.920000000035,15,False,False
147,7,-2133.7022715416288,1614.9184577904184,1.0,CLIENT,7,2,100000,20,151,0,324,439,298,26,151,130,157407.23200000008,4,False,False
147,8,-266.2608366419794,2332.1532177901195,1.0,CLIENT,7,2,100000,13,148,0,524,701,453,71,229,207,154279.93600000007,7,False,False
147,9,1819.8407255592556,-2115.0807822096012,1.0,CLIENT,7,2,100000,19,103,0,1146,1396,756,384,268,441,107370.49600000006,12,False,False
147,10,301.73280080970187,781.2429777904592,1.0,CLIENT,7,2,100000,12,178,0,579,879,450,115,229,204,185552.8960000001,13,False,False
147,11,1772.6399157541928,-156.29406220987903,1.0,CLIENT,7,2,100000,16,111,0,874,903,722,82,255,389,115709.95200000006,11,False,False
147,12,-2284.8874156990983,-298.6723422095116,1.0,CLIENT,7,2,100000,21,179,0,314,470,283,31,183,84,186595.3280000001,3,False,False
147,13,2518.8245298181955,-1990.402382209575,1.0,CLIENT,7,2,100000,20,208,0,730,1063,547,163,259,239,216825.85600000012,9,False,False
147,14,-1132.9817468858098,-973.4941822095129,1.0,CLIENT,7,2,100000,17,189,0,422,510,339,82,182,144,197019.6480000001,3,False,False
147,15,-2350.3824991030087,928.6306577900998,1.0,CLIENT,7,2,100000,9,156,0,270,463,245,25,169,83,162619.39200000008,4,False,False
147,16,1464.4883201991372,-243.12366220975576,1.0,CLIENT,7,2,100000,17,69,0,924,1047,780,73,253,487,71927.80800000003,13,False,False
147,17,2024.9583386375864,-1848.1354222096616,1.0,CLIENT,7,2,100000,14,58,0,993,1314,786,189,276,478,60461.05600000003,14,False,False
147,18,2557.5513687354705,-3276.2597022092637,1.0,CLIENT,7,2,100000,19,182,0,434,619,418,10,234,149,189722.6240000001,6,False,False
147,19,-2.775779224253205,890.5592177905129,1.0,CLIENT,7,2,100000,20,83,0,578,831,518,58,218,266,86521.85600000004,13,False,False
147,20,-236.00796861249188,-1280.1807822095693,1.0,CLIENT,7,2,100000,11,199,0,446,639,304,131,196,111,207443.9680000001,8,False,False
147,21,1325.895338389241,-1807.280982209982,1.0,CLIENT,7,2,100000,18,212,0,844,1236,598,219,259,294,220995.58400000012,16,False,False
147,22,-619.8709302306719,1927.6163377903265,1.0,CLIENT,7,2,100000,10,108,0,723,900,559,164,234,280,112582.65600000006,8,False,False
147,23,1252.401460035102,-334.4060622094639,1.0,CLIENT,7,2,100000,16,66,0,938,1157,806,63,253,471,68800.51200000003,15,False,False
147,24,1057.8169135741703,-492.59178220952634,1.0,CLIENT,7,2,100000,10,22,0,1033,1397,847,120,261,560,22933.504000000008,15,False,False
147,25,608.3004765727055,-1959.90070220986,1.0,CLIENT,7,2,100000,14,234,0,478,650,399,68,227,156,243929.08800000013,11,False,False
147,26,2047.0540197374714,-938.9849822096329,1.0,CLIENT,7,2,100000,13,233,0,939,1256,493,408,246,226,242886.65600000013,14,False,False
147,27,1390.281677938659,19.702857790300072,1.0,CLIENT,7,2,100000,13,52,0,943,1090,782,92,257,471,54206.46400000003,11,False,False
147,28,799.7171834495334,-142.60170220964596,1.0,CLIENT,7,2,100000,17,190,0,787,1035,560,158,245,251,198062.0800000001,14,False,False
147,29,2064.5563334405747,-3232.510942209773,1.0,CLIENT,7,2,100000,12,71,0,622,836,583,24,243,299,74012.67200000004,7,False,False
147,30,-1406.0455996278488,2758.0643200003115,1.0,CLIENT,7,2,100000,11,151,0,361,506,331,30,206,123,157407.23200000008,5,False,False
147,31,1812.7962022920597,-2984.8899519996658,1.0,CLIENT,3,0.0,100000,18,137,0,604,862,510,74,234,220,142813.18400000007,8,False,False

148,0,849.1354809635816,-1435.1382222098728,1.0,CLIENT,7,2,100000,16,127,0,957,1214,585,369,236,287,132388.86400000006,10,False,False
148,1,-1063.7644519702676,2630.0455377902317,1.0,CLIENT,7,2,100000,17,66,0,842,1044,752,82,223,454,68800.51200000003,12,False,False
148,2,174.0688655653586,670.5908977906142,1.0,CLIENT,7,2,100000,15,199,0,409,772,360,47,199,138,207443.9680000001,12,False,False
148,3,-540.4373526564785,2117.8622177901243,1.0,CLIENT,7,2,100000,14,57,0,906,1071,784,114,225,466,59418.62400000003,12,False,False
148,4,600.6976615706309,-144.271502209385,1.0,CLIENT,7,2,100000,18,187,0,564,966,388,174,196,170,194934.7840000001,11,False,False
148,5,-310.6897868105292,2066.5436977899712,1.0,CLIENT,7,2,100000,10,56,0,687,1015,642,38,229,347,58376.19200000003,11,False,False
148,6,2260.249623755999,-3296.9652222099826,1.0,CLIENT,7,2,100000,17,133,0,344,431,340,1,204,115,138643.45600000006,5,False,False
148,7,-1515.8151606389029,2759.733337790266,1.0,CLIENT,7,2,100000,20,152,0,557,932,481,74,209,208,158449.66400000008,12,False,False
148,8,389.00678135474953,-1321.1465422097585,1.0,CLIENT,7,2,100000,13,97,0,654,947,558,94,228,278,101115.90400000005,12,False,False
148,9,-2509.487242220175,18.700977790456648,1.0,CLIENT,7,2,100000,18,108,0,49,270,48,0,44,4,112582.65600000006,7,False,False
148,10,1767.8089603880685,-1405.0818222098242,1.0,CLIENT,7,2,100000,12,135,0,754,909,577,174,237,288,140728.32000000007,12,False,False
148,11,-1447.0730416614826,1171.5308977906332,1.0,CLIENT,7,2,100000,16,176,0,766,1212,517,242,225,256,183468.0320000001,17,False,False
148,12,-778.3421054314676,-94.73410220948068,1.0,CLIENT,7,2,100000,17,169,0,492,820,444,45,205,213,176171.0080000001,11,False,False
148,13,-1373.0247913803787,1450.9440977907334,1.0,CLIENT,7,2,100000,19,112,0,925,1407,638,272,226,381,116752.38400000006,17,False,False
148,14,1552.8710445986774,-2598.0982622097845,1.0,CLIENT,7,2,100000,17,78,0,666,817,553,108,215,257,81309.69600000004,10,False,False
148,15,-17.66462526965456,-1689.2817822097036,1.0,CLIENT,7,2,100000,9,197,0,319,400,317,0,225,86,205359.1040000001,11,False,False
148,16,1724.2511661052315,-2190.4444222099514,1.0,CLIENT,7,2,100000,18,120,0,763,881,555,202,221,282,125091.84000000007,12,False,False
148,17,-1156.661347777747,-7.793182209885003,1.0,CLIENT,7,2,100000,14,201,0,435,700,400,24,203,167,209528.8320000001,8,False,False
148,18,-889.6124708277631,1653.3238577907443,1.0,CLIENT,7,2,100000,18,122,0,933,1309,664,258,230,329,127176.70400000007,16,False,False
148,19,-477.555736909707,2199.459777790555,1.0,CLIENT,7,2,100000,16,47,0,839,1043,753,77,223,443,48994.304000000026,12,False,False
148,20,-2443.833766837453,1658.2219377902425,1.0,CLIENT,7,2,100000,11,123,0,470,668,458,6,223,206,128219.13600000007,8,False,False
148,21,-140.97278108599548,2170.293937790631,1.0,CLIENT,7,2,100000,18,137,0,490,737,471,15,219,197,142813.18400000007,11,False,False
148,22,1765.9874526272365,-1184.44558221003,1.0,CLIENT,7,2,100000,10,92,0,778,958,616,161,239,331,95903.74400000005,10,False,False
148,23,-2304.369629141844,1783.345617790726,1.0,CLIENT,7,2,100000,17,181,0,542,758,454,73,213,190,188680.1920000001,11,False,False
148,24,1827.6811285301098,-491.36726220945405,1.0,CLIENT,7,2,100000,12,186,0,448,673,390,58,216,159,193892.3520000001,8,False,False
148,25,709.592147278567,-754.3051022100199,1.0,CLIENT,7,2,100000,14,128,0,893,1165,631,260,240,319,133431.29600000006,12,False,False
148,26,-805.8231138250047,31.057497790107504,1.0,CLIENT,7,2,100000,12,101,0,626,947,539,80,213,307,105285.63200000006,11,False,False
148,27,1588.0340639836948,-2039.9397822094795,1.0,CLIENT,7,2,100000,13,75,0,737,1008,618,115,233,334,78182.40000000004,12,False,False
148,28,2345.226920602656,-3014.2124222096136,1.0,CLIENT,7,2,100000,19,102,0,464,501,454,7,205,205,106328.06400000006,6,False,False
148,29,-686.6331494684492,2594.979737790175,1.0,CLIENT,7,2,100000,12,95,0,761,863,670,84,226,313,99031.04000000005,11,False,False
148,30,-1406.0455996278488,2758.0643200003115,1.0,CLIENT,7,2,100000,11,79,0,644,1055,558,82,219,290,82352.12800000004,12,False,False
148,31,1812.7962022920597,-2984.8899519996658,1.0,CLIENT,3,0.0,100000,18,85,0,506,517,493,9,207,218,88606.72000000004,6,False,False

149,0,-1574.0242129989242,2743.36929779045,1.0,CLIENT,7,2,100000,14,131,0,586,731,537,6,247,249,136558.59200000006,9,False,False
149,1,186.4234399435893,835.5671377901427,1.0,CLIENT,7,2,100000,15,129,0,1058,1500,715,194,239,399,134473.72800000006,14,False,False
149,2,-1674.919903756632,2216.491737790266,1.0,CLIENT,7,2,100000,13,106,0,794,1193,631,103,249,314,110497.79200000006,10,False,False
149,3,2367.956169619474,-975.2753022097619,1.0,CLIENT,7,2,100000,16,64,0,210,401,209,1,113,82,66715.64800000003,6,False,False
149,4,2187.785293266947,-2462.733142209847,1.0,CLIENT,7,2,100000,18,84,0,266,327,245,21,105,107,87564.28800000004,5,False,False
149,5,2715.388976019333,-2554.7947822099604,1.0,CLIENT,7,2,100000,10,62,0,204,289,195,9,111,74,64630.784000000036,5,False,False
149,6,2345.38531258203,-898.0192222094436,1.0,CLIENT,7,2,100000,18,81,0,206,410,203,4,110,77,84436.99200000004,6,False,False
149,7,-296.9888806090262,-1174.2041422097848,1.0,CLIENT,7,2,100000,20,211,0,534,799,448,14,230,174,219953.15200000012,6,False,False
149,8,874.9533735745356,605.0234177900512,1.0,CLIENT,7,2,100000,13,181,0,991,1181,617,295,252,304,188680.1920000001,8,False,False
149,9,-335.00295561939964,2141.573377790374,1.0,CLIENT,7,2,100000,19,200,0,761,1275,520,142,248,229,208486.4000000001,11,False,False
149,10,-1915.9924961162876,820.8728977900662,1.0,CLIENT,7,2,100000,12,126,0,917,1149,658,249,248,321,131346.43200000006,13,False,False
149,11,1763.5323769494717,423.6831377907072,1.0,CLIENT,7,2,100000,16,195,0,386,658,353,25,215,118,203274.2400000001,8,False,False
149,12,-2561.756595360142,332.73469779015585,1.0,CLIENT,7,2,100000,19,110,0,594,752,553,31,235,267,114667.52000000006,7,False,False
149,13,-211.29881985546777,-80.81910220980973,1.0,CLIENT,7,2,100000,19,144,0,1271,1718,581,595,241,289,150110.20800000007,13,False,False
149,14,106.03951049427732,1132.568897790131,1.0,CLIENT,7,2,100000,14,113,0,1245,1528,665,452,245,371,117794.81600000006,14,False,False
149,15,-1383.2410740390296,2478.7616577901454,1.0,CLIENT,7,2,100000,9,38,0,875,1060,780,49,256,492,39612.41600000002,10,False,False
149,16,-871.951765145286,-477.7862222097309,1.0,CLIENT,7,2,100000,17,146,0,873,1061,699,82,235,340,152195.07200000007,13,False,False
149,17,2049.8258793739847,-1374.9141022092656,1.0,CLIENT,7,2,100000,15,110,0,259,418,238,21,113,102,114667.52000000006,7,False,False
149,18,-871.951765145286,1936.6332577904993,1.0,CLIENT,7,2,100000,16,137,0,1157,1367,724,335,254,384,142813.18400000007,13,False,False
149,19,910.1163929595532,-461.7561422098632,1.0,CLIENT,7,2,100000,20,218,0,532,1074,365,126,212,131,227250.17600000012,13,False,False
149,20,-313.3824504570739,1783.234297790216,1.0,CLIENT,7,2,100000,10,100,0,1069,1397,755,236,267,458,104243.20000000006,15,False,False
149,21,-2575.061521614054,7.680297790597024,1.0,CLIENT,7,2,100000,18,130,0,543,696,492,42,233,214,135516.16000000006,7,False,False
149,22,-370.79954292135045,39.1838577901558,1.0,CLIENT,7,2,100000,10,84,0,1240,1749,674,483,253,402,87564.28800000004,14,False,False
149,23,-1106.7678743261395,973.7152577901727,1.0,CLIENT,7,2,100000,17,214,0,1050,1817,454,473,224,201,223080.44800000012,20,False,False
149,24,-366.2853715139741,-938.2057422100183,1.0,CLIENT,7,2,100000,10,76,0,854,1040,704,64,244,382,79224.83200000004,7,False,False
149,25,-1306.7377480801606,-152.50918220994322,1.0,CLIENT,7,2,100000,14,201,0,996,1325,560,344,227,276,209528.8320000001,13,False,False
149,26,-2436.1517558454098,1150.0461377902998,1.0,CLIENT,7,2,100000,14,161,0,560,837,465,85,235,186,167831.55200000008,12,False,False
149,27,-1491.739579798812,2101.9434577899756,1.0,CLIENT,7,2,100000,13,75,0,1103,1385,788,243,250,468,78182.40000000004,11,False,False
149,28,634.7519371011557,1108.8577377906724,1.0,CLIENT,7,2,100000,17,183,0,714,1173,530,87,235,232,190765.0560000001,11,False,False
149,29,-2021.4815542707777,189.13189779045098,1.0,CLIENT,7,2,100000,12,94,0,936,1091,705,220,245,356,97988.60800000005,9,False,False
149,30,-1406.0455996278488,2758.0643200003115,1.0,CLIENT,7,2,100000,11,146,0,652,805,585,13,250,284,152195.07200000007,9,False,False
149,31,1812.7962022920597,-2984.8899519996658,1.0,CLIENT,3,0.0,100000,18,98,0,144,148,144,0,102,33,102158.33600000005,3,False,False

150,0,-467.33945425049325,-462.3127422092489,1.0,CLIENT,7,2,100000,13,79,0,1631,1833,739,381,258,432,82352.12800000004,18,False,False
150,1,1004.6764045484903,-2439.801222210003,1.0,CLIENT,7,2,100000,17,185,0,359,651,268,88,179,87,192849.9200000001,9,False,False
150,2,-144.8533845764385,-1468.7568622096283,1.0,CLIENT,7,2,100000,14,238,0,874,1148,546,92,253,268,248098.81600000014,11,False,False
150,3,-888.2661390044909,970.5982977901326,1.0,CLIENT,7,2,100000,13,110,0,1221,1728,758,180,253,425,114667.52000000006,19,False,False
150,4,1193.00446783062,136.81149779045427,1.0,CLIENT,7,2,100000,18,239,0,640,977,429,148,229,183,249141.24800000014,11,False,False
150,5,-1231.5015579551584,213.51097779059586,1.0,CLIENT,7,2,100000,9,195,0,1494,2025,594,498,256,284,203274.2400000001,18,False,False
150,6,-2184.1501169207645,1859.1545377907432,1.0,CLIENT,7,2,100000,16,146,0,786,1049,590,188,223,306,152195.07200000007,10,False,False
150,7,986.5405229290166,-1233.2037422095286,1.0,CLIENT,7,2,100000,20,218,0,888,1515,514,275,229,226,227250.17600000012,13,False,False
150,8,222.53681120372548,-1026.7051422096342,1.0,CLIENT,7,2,100000,10,77,0,1447,1711,781,340,258,450,80267.26400000004,14,False,False
150,9,1314.88709583372,-667.475502209352,1.0,CLIENT,7,2,100000,20,226,0,775,1129,527,205,229,271,235589.63200000013,13,False,False
150,10,2488.8092497574876,-1783.458502210014,1.0,CLIENT,7,2,100000,12,170,0,448,630,387,60,207,170,177213.4400000001,7,False,False
150,11,10.053971092099543,-699.7583022093164,1.0,CLIENT,7,2,100000,14,54,0,1538,2055,845,348,268,533,56291.32800000003,15,False,False
150,12,-63.9150831995988,-80.70778220929981,1.0,CLIENT,7,2,100000,15,98,0,1778,2465,710,616,267,419,102158.33600000005,17,False,False
150,13,2339.2872213820388,-2411.1919822094646,1.0,CLIENT,7,2,100000,20,90,0,605,813,495,109,201,261,93818.88000000005,6,False,False
150,14,-927.8641338069164,555.7086577903758,1.0,CLIENT,7,2,100000,14,44,0,1457,1940,874,283,264,580,45867.00800000002,17,False,False
150,15,-2351.016067019379,-176.99958220980704,1.0,CLIENT,7,2,100000,9,220,0,413,644,384,22,235,145,229335.04000000012,9,False,False
150,16,582.1658000030035,706.9925377904622,1.0,CLIENT,7,2,100000,18,233,0,861,1194,494,228,228,229,242886.65600000013,14,False,False
150,17,-342.3681826526947,-1161.736302209624,1.0,CLIENT,7,2,100000,14,53,0,1079,1394,748,58,260,466,55248.89600000003,13,False,False
150,18,-2401.3847164085464,2117.4169377904577,1.0,CLIENT,7,2,100000,17,157,0,533,856,415,110,207,189,163661.82400000008,8,False,False
150,19,-1195.4673826844278,1300.9960577904383,1.0,CLIENT,7,2,100000,15,188,0,1312,1823,566,534,245,276,195977.2160000001,17,False,False
150,20,-119.03549196492169,1221.736217790433,1.0,CLIENT,7,2,100000,11,240,0,1006,1311,569,203,250,286,250183.68000000014,11,False,False
150,21,-1142.0892856899682,2660.2132577899993,1.0,CLIENT,7,2,100000,18,174,0,312,597,295,13,183,98,181383.1680000001,6,False,False
150,22,2368.748129515782,-1084.3689022095868,1.0,CLIENT,7,2,100000,10,215,0,438,700,370,65,219,143,224122.88000000012,6,False,False
150,23,-449.0451806516455,-762.6541022095059,1.0,CLIENT,7,2,100000,14,175,0,1348,1624,679,216,264,351,182425.6000000001,15,False,False
150,24,2547.0183021175085,-2647.8583022099174,1.0,CLIENT,7,2,100000,12,127,0,443,547,378,65,202,167,132388.86400000006,5,False,False
150,25,-837.6599016465442,114.32485779027729,1.0,CLIENT,7,2,100000,12,52,0,1525,2051,819,298,269,524,54206.46400000003,18,False,False
150,26,-427.26628350994577,385.38905779010037,1.0,CLIENT,7,2,100000,12,137,0,1836,2058,681,678,262,374,142813.18400000007,15,False,False
150,27,-2325.831742324796,1094.7200977899818,1.0,CLIENT,7,2,100000,13,112,0,859,1255,654,191,237,352,116752.38400000006,11,False,False
150,28,-2359.806821865915,614.2629777904529,1.0,CLIENT,7,2,100000,17,153,0,735,1172,602,107,233,299,159492.09600000008,10,False,False
150,29,-2232.6972585490994,1056.8712977906237,1.0,CLIENT,7,2,100000,12,96,0,1021,1378,695,287,239,395,100073.47200000005,11,False,False
150,30,-1406.0455996278488,2758.0643200003115,1.0,CLIENT,7,2,100000,11,161,0,419,583,401,12,193,185,167831.55200000008,7,False,False
150,31,1812.7962022920597,-2984.8899519996658,1.0,CLIENT,3,0.0,100000,18,179,0,399,474,358,40,193,155,186595.3280000001,4,False,False

151,0,1447.5403784229989,-692.9677822098504,1.0,CLIENT,7,2,100000,15,140,0,841,1072,631,177,255,328,145940.48000000007,10,False,False
151,1,659.9362617957391,213.51097779059586,1.0,CLIENT,7,2,100000,15,123,0,1533,1818,614,804,256,322,128219.13600000007,14,False,False
151,2,581.6114280754757,1107.6332177906002,1.0,CLIENT,7,2,100000,14,237,0,941,1061,532,300,248,247,247056.38400000014,11,False,False
151,3,1167.8993391260049,584.3178977901232,1.0,CLIENT,7,2,100000,16,167,0,882,1298,610,219,256,277,174086.1440000001,12,False,False
151,4,-980.3710749156628,-51.09666220970894,1.0,CLIENT,7,2,100000,18,189,0,854,1172,568,181,254,267,197019.6480000001,12,False,False
151,5,1851.1231414532674,-14.472382209632144,1.0,CLIENT,7,2,100000,10,63,0,827,913,745,46,261,391,65673.21600000003,8,False,False
151,6,2321.705711690093,-2646.6337822098453,1.0,CLIENT,7,2,100000,18,30,0,241,242,236,4,93,110,31272.960000000014,4,False,False
151,7,-2236.815450008322,2179.4221777905227,1.0,CLIENT,7,2,100000,20,149,0,667,811,492,170,233,227,155322.36800000007,7,False,False
151,8,-2324.2478225327436,1117.2067377901587,1.0,CLIENT,7,2,100000,13,146,0,589,790,450,135,235,202,152195.07200000007,10,False,False
151,9,1346.0111197489205,-689.8508222098101,1.0,CLIENT,7,2,100000,19,140,0,890,1072,635,227,248,320,145940.48000000007,11,False,False
151,10,-338.4875791622517,556.2652577905524,1.0,CLIENT,7,2,100000,12,203,0,1083,1456,566,389,260,248,211613.6960000001,12,False,False
151,11,-172.33439296941293,294.55193779005896,1.0,CLIENT,7,2,100000,14,52,0,1256,1500,775,422,271,497,54206.46400000003,13,False,False
151,12,1552.5542606404922,452.06973779022576,1.0,CLIENT,7,2,100000,18,91,0,992,1105,745,210,257,385,94861.31200000005,11,False,False
151,13,1915.5094810026853,-16.36482220960005,1.0,CLIENT,7,2,100000,20,172,0,683,780,611,42,251,283,179298.3040000001,8,False,False
151,14,-2242.5175612601597,-339.3041422097531,1.0,CLIENT,7,2,100000,15,95,0,660,935,602,50,243,325,99031.04000000005,7,False,False
151,15,1720.7665425623793,-2077.120662209733,1.0,CLIENT,7,2,100000,9,49,0,245,394,236,7,104,112,51079.16800000003,6,False,False
151,16,1816.0393180582184,-2081.1281822098977,1.0,CLIENT,7,2,100000,18,53,0,237,381,233,4,95,106,55248.89600000003,6,False,False
151,17,283.67611517963377,-660.2397022094283,1.0,CLIENT,7,2,100000,15,239,0,831,1160,491,210,242,226,249141.24800000014,13,False,False
151,18,-622.4052018984053,-285.5365822094552,1.0,CLIENT,7,2,100000,16,142,0,1086,1207,677,298,258,349,148025.34400000007,10,False,False
151,19,-1672.8608080270205,-565.0611022092744,1.0,CLIENT,7,2,100000,21,216,0,724,806,516,193,239,225,225165.31200000012,10,False,False
151,20,-1205.6836653436417,2142.12997779055,1.0,CLIENT,7,2,100000,11,84,0,871,1023,659,204,245,351,87564.28800000004,9,False,False
151,21,-322.4107932723893,77.58925779048155,1.0,CLIENT,7,2,100000,18,63,0,1124,1424,836,187,267,515,65673.21600000003,12,False,False
151,22,2757.125262541338,-2371.8960222098053,1.0,CLIENT,7,2,100000,10,66,0,168,201,165,2,101,55,68800.51200000003,4,False,False
151,23,-752.286624851171,2495.5709777904185,1.0,CLIENT,7,2,100000,18,138,0,601,717,503,95,233,229,143855.61600000007,6,False,False
151,24,-2417.7782862571567,-294.66482220934694,1.0,CLIENT,7,2,100000,11,136,0,571,812,525,40,247,253,141770.75200000007,7,False,False
151,25,-886.9198071812184,2394.6037377906423,1.0,CLIENT,7,2,100000,14,92,0,728,863,601,117,238,308,95903.74400000005,6,False,False
151,26,-2129.3464921136265,2184.5428977902498,1.0,CLIENT,7,2,100000,13,117,0,738,881,560,175,241,282,121964.54400000007,7,False,False
151,27,-2310.705308310615,1010.4508577899685,1.0,CLIENT,7,2,100000,14,150,0,579,832,455,121,232,206,156364.80000000008,9,False,False
151,28,-2620.836803605876,51.0950977901399,1.0,CLIENT,7,2,100000,17,163,0,710,784,512,187,240,226,169916.41600000008,6,False,False
151,29,-116.7388082665307,1801.9360577904572,1.0,CLIENT,7,2,100000,12,234,0,654,837,398,244,236,155,243929.08800000013,10,False,False
151,30,-1406.0455996278488,2758.0643200003115,1.0,CLIENT,7,2,100000,11,174,0,584,628,510,65,245,228,181383.1680000001,7,False,False
151,31,1812.7962022920597,-2984.8899519996658,1.0,CLIENT,3,0.0,100000,18,73,0,165,199,162,2,91,48,76097.53600000004,4,False,False

152,0,-648.935858416261,2471.6371777907316,1.0,CLIENT,7,2,100000,16,49,0,524,550,514,3,215,225,51079.16800000003,11,False,False
152,1,-562.3746417769896,282.97465779002266,1.0,CLIENT,7,2,100000,15,74,0,1568,1841,822,487,245,524,77139.96800000004,20,False,False
152,2,2297.2341509018484,-1458.2927822099452,1.0,CLIENT,7,2,100000,15,92,0,199,320,181,18,106,63,95903.74400000005,6,False,False
152,3,893.8812150903168,909.260977790754,1.0,CLIENT,7,2,100000,16,229,0,421,571,389,1,227,129,238716.92800000013,10,False,False
152,4,-571.4821805817106,-705.3243022095012,1.0,CLIENT,7,2,100000,16,60,0,1060,1322,808,86,240,497,62545.920000000035,16,False,False
152,5,-1443.9052020773786,855.827377790404,1.0,CLIENT,7,2,100000,10,122,0,1306,1610,671,380,239,333,127176.70400000007,21,False,False
152,6,-692.1768687409127,2089.364297790096,1.0,CLIENT,7,2,100000,16,52,0,631,940,551,46,215,285,54206.46400000003,15,False,False
152,7,-344.2688864034947,-462.3127422092489,1.0,CLIENT,7,2,100000,19,69,0,1297,1603,864,172,238,493,71927.80800000003,17,False,False
152,8,1968.4915980489911,-1722.0098622093346,1.0,CLIENT,7,2,100000,13,66,0,327,440,276,51,110,128,68800.51200000003,6,False,False
152,9,-2426.4898451137237,886.885657790296,1.0,CLIENT,7,2,100000,19,224,0,350,459,335,0,222,87,233504.76800000013,8,False,False
152,10,37.693371464448,118.44369779016091,1.0,CLIENT,7,2,100000,12,148,0,1455,1801,694,455,242,355,154279.93600000007,17,False,False
152,11,2539.890663053556,-3067.2007422095057,1.0,CLIENT,7,2,100000,16,104,0,139,187,138,1,102,20,108412.92800000006,4,False,False
152,12,-360.1872803139831,-1084.8141822092534,1.0,CLIENT,7,2,100000,18,195,0,552,804,469,5,233,195,203274.2400000001,13,False,False
152,13,-645.5304308628147,580.6443377906974,1.0,CLIENT,7,2,100000,17,43,0,1502,1835,792,534,248,529,44824.57600000002,22,False,False
152,14,1057.5001296154223,-1284.522262209682,1.0,CLIENT,7,2,100000,17,84,0,228,432,215,13,100,86,87564.28800000004,9,False,False
152,15,320.81903430429423,830.2237777901869,1.0,CLIENT,7,2,100000,9,65,0,1064,1216,749,70,240,369,67758.08000000003,19,False,False
152,16,1282.8919160333694,-671.1490622095689,1.0,CLIENT,7,2,100000,18,89,0,189,397,187,2,99,65,92776.44800000005,11,False,False
152,17,-708.7288305683343,785.027857790395,1.0,CLIENT,7,2,100000,13,103,0,1522,1862,671,618,245,377,107370.49600000006,23,False,False
152,18,1903.154906624455,-2674.01850220952,1.0,CLIENT,7,2,100000,19,88,0,256,313,223,33,100,101,91734.01600000005,5,False,False
152,19,-756.721600269142,1875.2959377903298,1.0,CLIENT,7,2,100000,19,110,0,827,1144,569,147,214,274,114667.52000000006,17,False,False
152,20,-796.5571830409098,1957.895377790604,1.0,CLIENT,7,2,100000,11,68,0,762,1078,585,105,222,302,70885.37600000003,16,False,False
152,21,-1034.0659558683078,-408.8791422096898,1.0,CLIENT,7,2,100000,18,171,0,1241,1522,687,286,234,317,178255.8720000001,16,False,False
152,22,202.8962057816054,701.9831377904541,1.0,CLIENT,7,2,100000,10,103,0,1060,1266,686,124,239,330,107370.49600000006,19,False,False
152,23,-523.5686068703088,2527.1858577904873,1.0,CLIENT,7,2,100000,19,65,0,511,533,498,4,212,205,67758.08000000003,10,False,False
152,24,-479.4564406599443,-907.704062209512,1.0,CLIENT,7,2,100000,10,74,0,814,1066,682,40,246,382,77139.96800000004,13,False,False
152,25,-1091.245460363242,1981.94049779001,1.0,CLIENT,7,2,100000,14,71,0,721,1034,584,93,219,293,74012.67200000004,17,False,False
152,26,-2133.0687036252584,1067.4466977900256,1.0,CLIENT,7,2,100000,12,54,0,611,887,562,29,230,294,56291.32800000003,13,False,False
152,27,-1290.6609621902983,145.27181779045037,1.0,CLIENT,7,2,100000,13,145,0,1258,1697,761,220,243,423,151152.64000000007,19,False,False
152,28,-204.96314068725977,804.063577790584,1.0,CLIENT,7,2,100000,17,110,0,1288,1762,745,291,236,437,114667.52000000006,21,False,False
152,29,-1735.7424237737923,551.5898177904921,1.0,CLIENT,7,2,100000,12,130,0,1059,1267,674,181,234,335,135516.16000000006,16,False,False
152,30,-1406.0455996278488,2758.0643200003115,1.0,CLIENT,7,2,100000,11,153,0,407,424,397,1,220,147,159492.09600000008,8,False,False
152,31,1812.7962022920597,-2984.8899519996658,1.0,CLIENT,3,0.0,100000,18,44,0,202,244,199,3,100,78,45867.00800000002,4,False,False

153,0,1576.5506454906147,-1032.7164222094857,1.0,CLIENT,7,2,100000,14,66,0,940,1053,677,229,251,395,68800.51200000003,9,False,False
153,1,2452.0623105804184,-2738.806742209678,1.0,CLIENT,7,2,100000,17,81,0,122,196,119,3,79,24,84436.99200000004,5,False,False
153,2,-836.3135698227092,366.57597779014026,1.0,CLIENT,7,2,100000,11,66,0,1386,1896,796,277,246,509,68800.51200000003,18,False,False
153,3,-895.6313660377859,277.40865779062887,1.0,CLIENT,7,2,100000,12,46,0,1412,1811,850,289,247,566,47951.872000000025,18,False,False
153,4,1158.1582324043504,-997.7619422099389,1.0,CLIENT,7,2,100000,17,47,0,1060,1141,791,256,249,485,48994.304000000026,11,False,False
153,5,-834.6504540412516,616.9346577900353,1.0,CLIENT,7,2,100000,9,81,0,1366,1927,730,326,249,439,84436.99200000004,18,False,False
153,6,1509.7884262534,-1102.848022209599,1.0,CLIENT,7,2,100000,15,101,0,907,1011,665,203,250,365,105285.63200000006,10,False,False
153,7,337.9253680592437,1059.4316577904872,1.0,CLIENT,7,2,100000,19,98,0,1222,1506,732,279,242,425,102158.33600000005,15,False,False
153,8,800.8259273040262,-1449.4985022100013,1.0,CLIENT,7,2,100000,13,120,0,667,833,602,25,250,269,125091.84000000007,11,False,False
153,9,681.2399829993169,117.99841779049416,1.0,CLIENT,7,2,100000,19,220,0,1081,1527,513,384,232,236,229335.04000000012,20,False,False
153,10,-831.1658304983995,1916.0390577902901,1.0,CLIENT,7,2,100000,12,210,0,613,983,374,192,212,155,218910.72000000012,14,False,False
153,11,-609.8130395508322,-509.4011022097996,1.0,CLIENT,7,2,100000,16,173,0,1165,1489,746,118,243,400,180340.7360000001,16,False,False
153,12,1621.4547715972865,-951.5641422095126,1.0,CLIENT,7,2,100000,17,79,0,944,1055,692,212,248,386,82352.12800000004,9,False,False
153,13,-1010.386354975808,-891.1173822094677,1.0,CLIENT,7,2,100000,20,230,0,537,894,413,16,233,137,239759.36000000013,12,False,False
153,14,-1243.0641724370817,327.280017790481,1.0,CLIENT,7,2,100000,14,113,0,1441,1768,663,454,234,354,117794.81600000006,15,False,False
153,15,589.7686150050781,1228.7493777901282,1.0,CLIENT,7,2,100000,9,154,0,999,1173,678,160,252,363,160534.52800000008,12,False,False
153,16,-2083.7296021006155,-113.21322220949298,1.0,CLIENT,7,2,100000,18,168,0,571,1034,385,104,175,173,175128.5760000001,10,False,False
153,17,-10.141006257548236,356.89113779007187,1.0,CLIENT,7,2,100000,14,155,0,1511,1789,665,526,245,334,161576.96000000008,18,False,False
153,18,-2327.4156621174106,1066.667457790411,1.0,CLIENT,7,2,100000,18,123,0,312,519,305,2,174,117,128219.13600000007,7,False,False
153,19,1276.9522168127523,-1880.9748222098026,1.0,CLIENT,7,2,100000,20,150,0,589,777,525,24,242,221,156364.80000000008,11,False,False
153,20,-246.30344726111127,362.12317779030883,1.0,CLIENT,7,2,100000,10,58,0,1570,1886,754,545,261,464,60461.05600000003,18,False,False
153,21,822.1296485076039,-693.0791022095693,1.0,CLIENT,7,2,100000,18,115,0,1105,1391,668,387,244,329,119879.68000000007,16,False,False
153,22,182.70122843252034,1854.7017377901207,1.0,CLIENT,7,2,100000,10,204,0,640,830,515,78,239,232,212656.1280000001,12,False,False
153,23,1299.443877860791,-1618.0369822100279,1.0,CLIENT,7,2,100000,16,58,0,732,853,672,21,247,369,60461.05600000003,12,False,False
153,24,-185.3225352651397,1344.0768977900334,1.0,CLIENT,7,2,100000,11,100,0,1370,1599,729,360,244,372,104243.20000000006,15,False,False
153,25,1688.216990834501,-204.82958220993993,1.0,CLIENT,7,2,100000,14,219,0,661,754,542,82,249,260,228292.60800000012,12,False,False
153,26,-309.02667102907157,701.6491777905062,1.0,CLIENT,7,2,100000,12,51,0,1597,1964,835,506,262,552,53164.03200000003,17,False,False
153,27,-1012.128666747234,-444.72418220936106,1.0,CLIENT,7,2,100000,13,72,0,1254,1456,815,182,247,476,75055.10400000004,13,False,False
153,28,2144.306694973516,-3183.7527822094835,1.0,CLIENT,7,2,100000,19,38,0,158,207,157,1,78,63,39612.41600000002,4,False,False
153,29,-2026.7084895844928,1026.2582977903983,1.0,CLIENT,7,2,100000,12,143,0,524,824,424,37,184,188,149067.77600000007,12,False,False
153,30,-1406.0455996278488,2758.0643200003115,1.0,CLIENT,7,2,100000,11,203,0,209,218,208,0,194,12,211613.6960000001,4,False,False
153,31,1812.7962022920597,-2984.8899519996658,1.0,CLIENT,3,0.0,100000,18,73,0,161,243,152,8,80,56,76097.53600000004,4,False,False

154,0,710.4633031637173,1064.3297377899853,1.0,CLIENT,7,2,100000,16,247,0,594,1175,494,40,245,218,257480.70400000014,15,False,False
154,1,906.5525734272956,-2048.0661422095277,1.0,CLIENT,7,2,100000,17,217,0,828,1446,519,124,237,246,226207.74400000012,14,False,False
154,2,-46.01678954890473,976.3869377905462,1.0,CLIENT,7,2,100000,14,216,0,1276,1600,619,413,248,317,225165.31200000012,14,False,False
154,3,368.49502004691647,-1588.7598222095937,1.0,CLIENT,7,2,100000,15,243,0,1203,1746,583,116,250,291,253310.97600000014,15,False,False
154,4,53.928549333684416,-885.6627022097928,1.0,CLIENT,7,2,100000,17,212,0,1805,2309,601,493,248,285,220995.58400000012,18,False,False
154,5,1586.3709482016745,-577.5289422094352,1.0,CLIENT,7,2,100000,9,43,0,1612,2094,907,152,255,575,44824.57600000002,17,False,False
154,6,-1104.1544066690005,1676.367097790307,1.0,CLIENT,7,2,100000,15,182,0,931,1174,583,246,244,274,189722.6240000001,8,False,False
154,7,1100.9787279094162,-652.2246622098899,1.0,CLIENT,7,2,100000,17,108,0,2266,2583,676,821,252,383,112582.65600000006,18,False,False
154,8,246.61239204381624,-290.4346622097444,1.0,CLIENT,7,2,100000,10,50,0,1953,2763,845,499,294,519,52121.60000000003,21,False,False
154,9,-1126.0124998001058,1530.9831777903532,1.0,CLIENT,7,2,100000,17,74,0,1059,1309,721,254,247,433,77139.96800000004,10,False,False
154,10,2533.0006119578206,-3082.562902209478,1.0,CLIENT,7,2,100000,12,175,0,243,355,242,0,201,48,182425.6000000001,3,False,False
154,11,1776.2037352864504,104.52869779048996,1.0,CLIENT,7,2,100000,16,121,0,1325,1687,707,162,245,368,126134.27200000007,13,False,False
154,12,769.8602953681996,171.43201779005324,1.0,CLIENT,7,2,100000,15,220,0,2097,2413,548,745,252,238,229335.04000000012,18,False,False
154,13,-1860.713695371591,822.7653377900342,1.0,CLIENT,7,2,100000,19,185,0,691,1027,500,108,234,225,192849.9200000001,9,False,False
154,14,-873.8524688960861,-794.9369022094703,1.0,CLIENT,7,2,100000,16,242,0,912,1198,632,83,249,337,252268.54400000014,11,False,False
154,15,1918.8357125661635,-878.315582209359,1.0,CLIENT,7,2,100000,9,184,0,1382,1661,608,250,242,300,191807.4880000001,16,False,False
154,16,-6.893970683475864,-66.23618220945218,1.0,CLIENT,7,2,100000,15,102,0,1787,2521,713,639,274,396,106328.06400000006,20,False,False
154,17,685.8333503966616,-660.1283822097093,1.0,CLIENT,7,2,100000,12,48,0,2188,2677,789,666,289,473,50036.736000000026,19,False,False
154,18,-558.0188623489873,247.35225779058027,1.0,CLIENT,7,2,100000,15,148,0,1611,2324,548,772,233,265,154279.93600000007,16,False,False
154,19,-1609.7416043114692,705.7680177903899,1.0,CLIENT,7,2,100000,15,147,0,1046,1205,639,315,253,345,153237.50400000007,10,False,False
154,20,-699.7004877535816,1178.766697790557,1.0,CLIENT,7,2,100000,11,145,0,1122,1492,767,228,262,408,151152.64000000007,13,False,False
154,21,1125.3710927076922,-766.2163422100039,1.0,CLIENT,7,2,100000,15,43,0,2313,2626,708,934,263,421,44824.57600000002,18,False,False
154,22,2661.773291056094,-1466.5304622097124,1.0,CLIENT,7,2,100000,10,218,0,316,477,278,0,217,71,227250.17600000012,11,False,False
154,23,583.8289157844611,-1753.7360622099131,1.0,CLIENT,7,2,100000,14,49,0,1346,1768,764,212,257,470,51079.16800000003,14,False,False
154,24,1400.3395686184988,-2604.5548222093025,1.0,CLIENT,7,2,100000,12,198,0,572,856,426,88,223,195,206401.5360000001,9,False,False
154,25,-1255.4187468158752,-309.13642220998554,1.0,CLIENT,7,2,100000,14,225,0,792,1220,557,136,249,248,234547.20000000013,10,False,False
154,26,1814.4553982661662,-1237.545222209641,1.0,CLIENT,7,2,100000,12,91,0,1507,2090,628,379,242,343,94861.31200000005,16,False,False
154,27,1673.644928747285,-37.51562220998579,1.0,CLIENT,7,2,100000,13,149,0,1482,1782,741,156,247,393,155322.36800000007,14,False,False
154,28,1409.2095194538774,-302.4572222094474,1.0,CLIENT,7,2,100000,17,51,0,1731,2119,856,226,248,540,53164.03200000003,17,False,False
154,29,-817.7817082550819,1593.0997377901372,1.0,CLIENT,7,2,100000,12,59,0,959,1365,702,188,251,442,61503.488000000034,10,False,False
154,30,-1406.0455996278488,2758.0643200003115,1.0,CLIENT,7,2,100000,11,193,0,255,372,227,0,176,52,201189.3760000001,4,False,False
154,31,1812.7962022920597,-2984.8899519996658,1.0,CLIENT,3,0.0,100000,18,115,0,397,511,385,11,199,172,119879.68000000007,3,False,False

155,0,2069.6248767754787,-2203.357542209779,1.0,CLIENT,7,2,100000,16,64,0,798,901,655,143,230,368,66715.64800000003,8,False,False
155,1,1956.1370236701978,-2450.265302209686,1.0,CLIENT,7,2,100000,17,81,0,811,877,625,186,229,333,84436.99200000004,8,False,False
155,2,1183.1841651195598,566.1727377900587,1.0,CLIENT,7,2,100000,13,202,0,1012,1271,645,244,263,318,210571.2640000001,11,False,False
155,3,7.994875362488214,136.81149779045427,1.0,CLIENT,7,2,100000,13,215,0,1254,1779,557,583,256,260,224122.88000000012,16,False,False
155,4,-1817.4726850469394,1479.6646577901997,1.0,CLIENT,7,2,100000,18,114,0,696,1043,577,80,223,264,118837.24800000007,11,False,False
155,5,-2316.645007530669,1350.9787377900093,1.0,CLIENT,7,2,100000,10,206,0,335,604,310,7,215,99,214740.99200000011,7,False,False
155,6,-42.45297001664705,1649.2050177900696,1.0,CLIENT,7,2,100000,15,155,0,1100,1275,684,261,265,366,161576.96000000008,12,False,False
155,7,837.5728664810955,1039.3940577904548,1.0,CLIENT,7,2,100000,20,207,0,879,1223,610,167,259,297,215783.42400000012,11,False,False
155,8,-682.1189780610729,-1164.964582209383,1.0,CLIENT,7,2,100000,13,219,0,735,898,525,209,257,244,228292.60800000012,9,False,False
155,9,-2222.8769558380395,-176.88826220929712,1.0,CLIENT,7,2,100000,19,230,0,225,326,224,0,195,21,239759.36000000013,4,False,False
155,10,906.156593479142,-2241.9855822095424,1.0,CLIENT,7,2,100000,12,190,0,770,895,521,249,254,237,198062.0800000001,10,False,False
155,11,33.9711599528163,-1675.5894222094705,1.0,CLIENT,7,2,100000,16,203,0,842,977,540,302,254,243,211613.6960000001,10,False,False
155,12,-296.5929006608725,1649.984257790475,1.0,CLIENT,7,2,100000,17,105,0,1010,1328,761,156,264,430,109455.36000000006,12,False,False
155,13,-1136.0703904799457,1550.6868177904378,1.0,CLIENT,7,2,100000,20,146,0,1097,1289,652,383,256,335,152195.07200000007,13,False,False
155,14,-1143.0396375656496,-273.2913822095233,1.0,CLIENT,7,2,100000,17,239,0,803,1022,457,348,236,211,249141.24800000014,8,False,False
155,15,1043.0864595075802,-399.5282622095692,1.0,CLIENT,7,2,100000,9,104,0,1125,1597,632,430,258,359,108412.92800000006,14,False,False
155,16,-1244.1729162915744,1719.225297790464,1.0,CLIENT,7,2,100000,17,91,0,1173,1412,677,438,251,388,94861.31200000005,10,False,False
155,17,474.85523408711924,-1455.7324222092907,1.0,CLIENT,7,2,100000,14,139,0,1116,1309,664,420,265,363,144898.04800000007,11,False,False
155,18,-2081.5121143916303,2786.5614577905553,1.0,CLIENT,7,2,100000,19,172,0,261,548,246,10,177,57,179298.3040000001,6,False,False
155,19,-433.9979426263074,839.3520177900785,1.0,CLIENT,7,2,100000,19,212,0,1253,1641,562,538,251,250,220995.58400000012,13,False,False
155,20,-736.6058189094624,1765.7570577900472,1.0,CLIENT,7,2,100000,11,100,0,1001,1212,747,202,271,405,104243.20000000006,13,False,False
155,21,2075.6437719855016,-228.76338220962708,1.0,CLIENT,7,2,100000,18,257,0,425,533,386,4,227,144,267905.024,5,False,False
155,22,422.26909698896696,878.3140177905809,1.0,CLIENT,7,2,100000,10,93,0,1271,1504,745,413,271,442,96946.17600000005,13,False,False
155,23,829.1780915827136,-1788.5792222097411,1.0,CLIENT,7,2,100000,17,125,0,839,1150,632,194,252,319,130304.00000000007,11,False,False
155,24,1745.7924752781516,-2162.057822209642,1.0,CLIENT,7,2,100000,11,122,0,849,938,581,268,237,300,127176.70400000007,11,False,False
155,25,2735.4255613896066,-2246.2157422099363,1.0,CLIENT,7,2,100000,14,115,0,442,532,435,7,220,188,119879.68000000007,6,False,False
155,26,-181.0459518259803,-612.372102209263,1.0,CLIENT,7,2,100000,12,172,0,1233,1529,577,625,264,276,179298.3040000001,12,False,False
155,27,2833.5493925108017,-2412.9731022097135,1.0,CLIENT,7,2,100000,14,119,0,430,521,422,8,217,179,124049.40800000007,5,False,False
155,28,985.1149951163386,-548.1404622092822,1.0,CLIENT,7,2,100000,17,175,0,1026,1527,513,487,248,230,182425.6000000001,14,False,False
155,29,594.1243944330805,784.6938977904472,1.0,CLIENT,7,2,100000,12,35,0,1259,1536,896,318,274,607,36485.12000000002,13,False,False
155,30,-1406.0455996278488,2758.0643200003115,1.0,CLIENT,7,2,100000,11,186,0,483,695,418,35,194,202,193892.3520000001,8,False,False
155,31,1812.7962022920597,-2984.8899519996658,1.0,CLIENT,3,0.0,100000,18,160,0,422,655,400,23,223,146,166789.12000000008,7,False,False

156,0,2205.683586917641,-2680.252422209601,1.0,CLIENT,7,2,100000,16,133,0,302,401,299,3,187,98,138643.45600000006,4,False,False
156,1,975.9282603216491,-2251.4477822093822,1.0,CLIENT,7,2,100000,17,161,0,544,781,443,97,212,194,167831.55200000008,9,False,False
156,2,-114.91730050569903,889.2233777907217,1.0,CLIENT,7,2,100000,13,203,0,1074,1273,545,444,252,257,211613.6960000001,13,False,False
156,3,-1031.6108801905427,1193.1269777906857,1.0,CLIENT,7,2,100000,15,150,0,944,1226,671,191,261,307,156364.80000000008,18,False,False
156,4,-1587.9627071697694,2938.2906177903083,1.0,CLIENT,7,2,100000,18,83,0,576,707,542,25,236,229,86521.85600000004,11,False,False
156,5,-1161.3339111644975,2292.1893377905644,1.0,CLIENT,7,2,100000,10,103,0,1072,1176,737,285,259,413,107370.49600000006,13,False,False
156,6,-884.4647315034534,1771.323057790232,1.0,CLIENT,7,2,100000,14,45,0,1180,1388,889,213,263,560,46909.440000000024,13,False,False
156,7,-76.58644153657752,-1237.433902209922,1.0,CLIENT,7,2,100000,20,207,0,518,761,435,79,221,186,215783.42400000012,10,False,False
156,8,295.2387296615571,-1817.967702209894,1.0,CLIENT,7,2,100000,13,124,0,621,683,529,89,222,259,129261.56800000007,7,False,False
156,9,169.95067410557323,-136.47910220928452,1.0,CLIENT,7,2,100000,19,214,0,831,1154,520,278,232,247,223080.44800000012,14,False,False
156,10,347.19129884333876,-1747.8361022097806,1.0,CLIENT,7,2,100000,12,87,0,657,748,571,83,223,300,90691.58400000005,8,False,False
156,11,-407.38809011904596,1444.932817790091,1.0,CLIENT,7,2,100000,16,76,0,1021,1169,861,75,261,457,79224.83200000004,15,False,False
156,12,182.62203244255196,-1438.4778222093507,1.0,CLIENT,7,2,100000,19,67,0,652,890,586,65,219,336,69842.94400000003,10,False,False
156,13,1248.045680606537,-2497.131022210008,1.0,CLIENT,7,2,100000,20,121,0,601,685,456,144,204,223,126134.27200000007,9,False,False
156,14,-974.5105716850143,1439.589457790135,1.0,CLIENT,7,2,100000,14,48,0,1145,1298,853,229,264,551,50036.736000000026,16,False,False
156,15,-2535.938702748625,363.3476977903811,1.0,CLIENT,7,2,100000,9,148,0,144,229,144,0,133,6,154279.93600000007,5,False,False
156,16,1610.4465290417654,234.43913779075274,1.0,CLIENT,7,2,100000,18,166,0,470,641,420,49,197,182,173043.7120000001,7,False,False
156,17,-734.6259191692567,1935.520057790146,1.0,CLIENT,7,2,100000,14,72,0,1158,1315,870,212,261,508,75055.10400000004,13,False,False
156,18,-2341.670940246441,2316.2344577899703,1.0,CLIENT,7,2,100000,19,205,0,390,464,383,2,235,125,213698.5600000001,9,False,False
156,19,-1335.5650882964073,2306.104337790235,1.0,CLIENT,7,2,100000,19,101,0,1026,1155,696,276,246,366,105285.63200000006,13,False,False
156,20,-1039.9264590989565,-182.23162220925303,1.0,CLIENT,7,2,100000,11,145,0,433,904,307,127,160,135,151152.64000000007,12,False,False
156,21,-22.020404698219604,987.2962977906868,1.0,CLIENT,7,2,100000,17,77,0,1173,1306,697,432,254,415,80267.26400000004,13,False,False
156,22,-1372.2328314840713,-610.1457022093473,1.0,CLIENT,7,2,100000,10,70,0,309,517,300,9,153,133,72970.24000000003,7,False,False
156,23,1930.7151110068348,-423.2394222098185,1.0,CLIENT,7,2,100000,18,88,0,452,560,433,19,194,194,91734.01600000005,5,False,False
156,24,-2132.910311645884,65.67801779049745,1.0,CLIENT,7,2,100000,12,138,0,348,400,323,24,149,153,143855.61600000007,5,False,False
156,25,641.3252042381433,176.3300977903424,1.0,CLIENT,7,2,100000,14,194,0,790,972,528,224,234,258,202231.8080000001,11,False,False
156,26,-185.87690719210465,2065.3191777906895,1.0,CLIENT,7,2,100000,12,206,0,839,1041,606,149,260,259,214740.99200000011,12,False,False
156,27,-1680.4636230290953,2457.7221777902696,1.0,CLIENT,7,2,100000,13,47,0,760,961,673,53,243,344,48994.304000000026,11,False,False
156,28,2083.8801549045097,-957.798062209593,1.0,CLIENT,7,2,100000,19,159,0,272,393,268,4,188,60,165746.68800000008,8,False,False
156,29,1486.8215892678018,-647.1039422093719,1.0,CLIENT,7,2,100000,12,107,0,598,852,521,76,200,254,111540.22400000006,11,False,False
156,30,-1406.0455996278488,2758.0643200003115,1.0,CLIENT,7,2,100000,11,74,0,707,918,614,71,246,292,77139.96800000004,11,False,False
156,31,1812.7962022920597,-2984.8899519996658,1.0,CLIENT,3,0.0,100000,18,131,0,337,405,334,3,192,133,136558.59200000006,3,False,False

157,0,-1043.3318866518403,-544.8008622098041,1.0,CLIENT,7,2,100000,16,243,0,702,894,546,82,253,245,253310.97600000014,8,False,False
157,1,722.1843096255774,-1415.1006222098404,1.0,CLIENT,7,2,100000,15,106,0,1147,1459,698,368,270,414,110497.79200000006,17,False,False
157,2,248.19631183586824,1915.4824577901136,1.0,CLIENT,7,2,100000,15,147,0,437,510,392,42,222,142,153237.50400000007,8,False,False
157,3,-129.88534254106875,130.9115377903217,1.0,CLIENT,7,2,100000,14,208,0,878,1319,510,287,246,235,216825.85600000012,15,False,False
157,4,680.2896311241982,917.2760177902924,1.0,CLIENT,7,2,100000,18,168,0,672,925,479,152,225,210,175128.5760000001,11,False,False
157,5,188.48253567320066,-766.6616222096707,1.0,CLIENT,7,2,100000,9,97,0,1191,1474,769,308,270,448,101115.90400000005,15,False,False
157,6,-100.6620223766683,-35.73450220973683,1.0,CLIENT,7,2,100000,14,64,0,945,1434,724,206,260,435,66715.64800000003,14,False,False
157,7,1733.0419209512045,-2747.9349822095696,1.0,CLIENT,7,2,100000,20,85,0,858,981,750,38,240,387,88606.72000000004,10,False,False
157,8,1578.2137612726349,-1384.598942209334,1.0,CLIENT,7,2,100000,12,179,0,1248,1538,637,503,255,319,186595.3280000001,15,False,False
157,9,1249.3128164404036,-2397.0543422095648,1.0,CLIENT,7,2,100000,19,94,0,1107,1310,733,272,245,388,97988.60800000005,11,False,False
157,10,1456.4895252489086,-315.70430221001374,1.0,CLIENT,7,2,100000,12,82,0,675,1118,592,70,229,313,85479.42400000004,15,False,False
157,11,2309.905509238827,-2122.4279022100345,1.0,CLIENT,7,2,100000,16,88,0,961,1064,754,136,244,395,91734.01600000005,10,False,False
157,12,1261.9049787879767,-2145.693782209826,1.0,CLIENT,7,2,100000,17,80,0,1234,1391,752,389,250,446,83394.56000000004,13,False,False
157,13,-1869.5836462069694,2224.0614977901378,1.0,CLIENT,7,2,100000,21,120,0,511,591,392,119,177,177,125091.84000000007,5,False,False
157,14,1222.227787995583,-2014.2248622095435,1.0,CLIENT,7,2,100000,14,97,0,1166,1417,751,334,258,427,101115.90400000005,14,False,False
157,15,1839.956506918935,-60.22490220960066,1.0,CLIENT,7,2,100000,9,95,0,431,590,416,11,225,183,99031.04000000005,8,False,False
157,16,-215.97138324221814,-681.501822209533,1.0,CLIENT,7,2,100000,17,92,0,1235,1284,780,357,259,440,95903.74400000005,10,False,False
157,17,-448.49080872411776,-1211.607662209476,1.0,CLIENT,7,2,100000,15,222,0,884,1095,570,233,254,257,231419.90400000013,8,False,False
157,18,436.1283951704068,1252.1265777904296,1.0,CLIENT,7,2,100000,18,72,0,589,777,543,35,222,268,75055.10400000004,10,False,False
157,19,1959.067275286085,-1976.932662209571,1.0,CLIENT,7,2,100000,19,75,0,1076,1296,819,175,247,453,78182.40000000004,12,False,False
157,20,472.3209624199486,-1327.0465022098913,1.0,CLIENT,7,2,100000,11,223,0,1029,1359,573,333,260,273,232462.33600000013,17,False,False
157,21,21.933369532770914,1502.4852577903246,1.0,CLIENT,7,2,100000,18,69,0,579,873,529,46,220,266,71927.80800000003,10,False,False
157,22,-1746.2754903911914,1214.5004177905093,1.0,CLIENT,7,2,100000,10,149,0,461,580,406,54,178,202,155322.36800000007,8,False,False
157,23,-1291.0569421384519,849.7047777900425,1.0,CLIENT,7,2,100000,17,175,0,321,854,278,40,156,111,182425.6000000001,13,False,False
157,24,1665.250153848903,23.04245779056913,1.0,CLIENT,7,2,100000,11,147,0,415,627,388,21,221,152,153237.50400000007,11,False,False
157,25,1838.8477630644422,-679.6093822095651,1.0,CLIENT,7,2,100000,14,145,0,605,953,518,65,229,237,151152.64000000007,13,False,False
157,26,-107.7104654512153,1362.4446977903267,1.0,CLIENT,7,2,100000,13,85,0,760,1061,592,152,227,305,88606.72000000004,10,False,False
157,27,-1000.882836223496,2253.67261779052,1.0,CLIENT,7,2,100000,14,124,0,480,822,372,106,173,168,129261.56800000007,9,False,False
157,28,-2445.10090267132,1713.9932577902273,1.0,CLIENT,7,2,100000,19,121,0,287,474,282,4,162,102,126134.27200000007,5,False,False
157,29,2511.6176947642743,-2153.040902209469,1.0,CLIENT,7,2,100000,12,148,0,649,927,529,73,247,236,154279.93600000007,9,False,False
157,30,-1406.0455996278488,2758.0643200003115,1.0,CLIENT,7,2,100000,11,112,0,259,356,254,4,167,90,116752.38400000006,8,False,False
157,31,1812.7962022920597,-2984.8899519996658,1.0,CLIENT,3,0.0,100000,18,166,0,602,736,530,14,237,249,173043.7120000001,8,False,False

158,0,-47.67990533036238,1089.8220177904836,1.0,CLIENT,7,2,100000,16,255,0,514,871,406,10,240,155,265820.16000000003,16,False,False
158,1,290.09099033724743,-485.0220222096547,1.0,CLIENT,7,2,100000,16,139,0,1005,1373,614,372,255,316,144898.04800000007,12,False,False
158,2,-1968.6578292038457,2260.7970977907244,1.0,CLIENT,7,2,100000,13,73,0,902,1193,716,60,249,394,76097.53600000004,13,False,False
158,3,2443.9051236513783,-814.640542209555,1.0,CLIENT,7,2,100000,16,185,0,377,639,292,73,185,105,192849.9200000001,7,False,False
158,4,-1005.792987579026,-251.13870220929414,1.0,CLIENT,7,2,100000,18,231,0,951,1260,506,308,232,227,240801.79200000013,11,False,False
158,5,-1580.043108208947,1506.8267377904372,1.0,CLIENT,7,2,100000,10,149,0,1377,1700,683,488,267,347,155322.36800000007,16,False,False
158,6,215.72595609795815,-505.72754220958274,1.0,CLIENT,7,2,100000,15,139,0,1021,1404,626,345,252,333,144898.04800000007,12,False,False
158,7,931.182526194914,-1408.4214222093021,1.0,CLIENT,7,2,100000,20,219,0,645,1141,411,195,222,176,228292.60800000012,12,False,False
158,8,1534.1015950622702,-2057.305702209929,1.0,CLIENT,7,2,100000,13,99,0,889,976,616,273,236,329,103200.76800000005,7,False,False
158,9,-1134.6448626672677,700.0906977904862,1.0,CLIENT,7,2,100000,17,74,0,1412,1555,826,462,283,485,77139.96800000004,16,False,False
158,10,-533.9432815088966,2635.388897790188,1.0,CLIENT,7,2,100000,12,210,0,667,871,512,48,243,230,218910.72000000012,11,False,False
158,11,2358.7694348253476,-2261.577902209908,1.0,CLIENT,7,2,100000,16,50,0,666,860,612,53,218,344,52121.60000000003,7,False,False
158,12,-480.723576493811,-1028.93154220955,1.0,CLIENT,7,2,100000,19,207,0,653,823,568,38,253,263,215783.42400000012,8,False,False
158,13,-1044.2822385275215,371.6966977906583,1.0,CLIENT,7,2,100000,17,113,0,1117,1633,751,273,285,439,117794.81600000006,13,False,False
158,14,-304.7500875904749,-728.4788622095738,1.0,CLIENT,7,2,100000,14,81,0,841,1096,738,56,258,412,84436.99200000004,10,False,False
158,15,-2037.2415562024544,2102.5000577901524,1.0,CLIENT,7,2,100000,9,93,0,938,1265,695,110,254,375,96946.17600000005,13,False,False
158,16,1140.65591870181,-121.67354220948909,1.0,CLIENT,7,2,100000,17,154,0,711,948,599,59,242,315,160534.52800000008,9,False,False
158,17,-1280.2070915623049,1887.4298177905428,1.0,CLIENT,7,2,100000,13,54,0,1598,1902,774,678,259,488,56291.32800000003,15,False,False
158,18,1502.3440032301367,-29.166622209708635,1.0,CLIENT,7,2,100000,16,165,0,509,829,426,54,223,191,172001.2800000001,7,False,False
158,19,2431.154569324994,-2736.6916622094814,1.0,CLIENT,7,2,100000,21,135,0,485,592,445,39,208,187,140728.32000000007,5,False,False
158,20,2420.067130780067,-1920.6047422094096,1.0,CLIENT,7,2,100000,11,158,0,542,794,433,109,219,193,164704.25600000008,7,False,False
158,21,-712.9262180175253,1626.1617777905071,1.0,CLIENT,7,2,100000,18,178,0,1302,1794,567,522,240,258,185552.8960000001,16,False,False
158,22,1510.9763660972983,-93.17562220946058,1.0,CLIENT,7,2,100000,10,117,0,587,904,482,74,224,238,121964.54400000007,6,False,False
158,23,-2035.816028389214,2415.8658577907468,1.0,CLIENT,7,2,100000,16,120,0,829,978,655,43,247,331,125091.84000000007,12,False,False
158,24,-1424.8981645716292,2889.7550977902474,1.0,CLIENT,7,2,100000,11,161,0,851,1050,572,163,247,258,167831.55200000008,10,False,False
158,25,-1241.6386446244037,2068.213497790501,1.0,CLIENT,7,2,100000,12,59,0,1382,1726,785,455,254,490,61503.488000000034,15,False,False
158,26,1095.2766166575786,-2249.666662209924,1.0,CLIENT,7,2,100000,14,169,0,539,740,447,92,226,202,176171.0080000001,6,False,False
158,27,-1121.4983283927295,798.7202177906281,1.0,CLIENT,7,2,100000,12,93,0,1488,1601,803,506,281,456,96946.17600000005,16,False,False
158,28,-1791.4964004560486,754.5261777906796,1.0,CLIENT,7,2,100000,18,265,0,785,1191,530,89,264,231,276244.47999999975,12,False,False
158,29,-1081.2667656733706,2579.506257790484,1.0,CLIENT,7,2,100000,12,51,0,1215,1279,868,228,253,541,53164.03200000003,13,False,False
158,30,-1406.0455996278488,2758.0643200003115,1.0,CLIENT,7,2,100000,11,45,0,1065,1227,742,211,250,454,46909.440000000024,10,False,False
158,31,1812.7962022920597,-2984.8899519996658,1.0,CLIENT,3,0.0,100000,18,170,0,461,582,427,34,219,170,177213.4400000001,5,False,False

159,0,-1359.482277157687,1399.62557779058,1.0,CLIENT,7,2,100000,13,100,0,1328,2009,736,398,264,435,104243.20000000006,17,False,False
159,1,-1839.1723861986707,2686.9300577905697,1.0,CLIENT,7,2,100000,17,181,0,426,673,384,3,231,120,188680.1920000001,8,False,False
159,2,946.6257441678431,-860.1704222092945,1.0,CLIENT,7,2,100000,11,33,0,1404,1807,777,340,273,488,34400.256000000016,12,False,False
159,3,668.3310366935584,-917.5002222092994,1.0,CLIENT,7,2,100000,14,178,0,1451,1688,659,408,269,329,185552.8960000001,14,False,False
159,4,1181.9962252756613,-654.4510622098056,1.0,CLIENT,7,2,100000,16,106,0,1274,1639,741,193,262,426,110497.79200000006,13,False,False
159,5,-1876.8696772508588,742.7262577904145,1.0,CLIENT,7,2,100000,10,93,0,1051,1282,728,249,252,361,96946.17600000005,14,False,False
159,6,993.3513780353467,1221.736217790433,1.0,CLIENT,7,2,100000,15,249,0,521,867,418,40,240,158,259565.56800000014,9,False,False
159,7,-1683.2354826650458,2421.3205377904214,1.0,CLIENT,7,2,100000,20,77,0,837,1085,630,40,234,339,80267.26400000004,11,False,False
159,8,127.34323169785506,-695.305502209485,1.0,CLIENT,7,2,100000,10,72,0,1535,1995,781,378,278,471,75055.10400000004,13,False,False
159,9,1050.8476664890288,569.2896977900989,1.0,CLIENT,7,2,100000,19,238,0,852,1423,510,207,242,239,248098.81600000014,13,False,False
159,10,1476.9220905667735,-2088.1413422095925,1.0,CLIENT,7,2,100000,12,189,0,476,774,344,98,198,152,197019.6480000001,8,False,False
159,11,-2223.5897197443783,453.29425779029805,1.0,CLIENT,7,2,100000,16,83,0,862,1062,711,106,243,379,86521.85600000004,8,False,False
159,12,1410.0014793501848,-182.67690220971076,1.0,CLIENT,7,2,100000,19,237,0,967,1211,555,121,249,265,247056.38400000014,14,False,False
159,13,-714.034961872018,1757.630697789999,1.0,CLIENT,7,2,100000,17,59,0,1339,1649,904,209,263,597,61503.488000000034,14,False,False
159,14,375.22667916327816,-608.5872222093271,1.0,CLIENT,7,2,100000,14,39,0,1643,2072,805,507,281,523,40654.84800000002,14,False,False
159,15,-708.253654630775,1824.2000577904055,1.0,CLIENT,7,2,100000,9,33,0,1351,1659,910,217,269,603,34400.256000000016,13,False,False
159,16,-2390.693257811773,-131.69234220950528,1.0,CLIENT,7,2,100000,18,162,0,526,696,461,51,241,182,168873.98400000008,7,False,False
159,17,-1043.3318866518403,-84.71530220946448,1.0,CLIENT,7,2,100000,15,233,0,1081,1533,511,395,233,234,242886.65600000013,16,False,False
159,18,-339.67551900615,-744.1749822094937,1.0,CLIENT,7,2,100000,17,219,0,1083,1470,535,231,242,252,228292.60800000012,14,False,False
159,19,-332.70627192100864,-600.6835022095078,1.0,CLIENT,7,2,100000,14,64,0,1250,1632,709,244,250,405,66715.64800000003,14,False,False
159,20,-1229.0464822773934,915.2722577906056,1.0,CLIENT,7,2,100000,10,169,0,1589,2002,571,705,242,281,176171.0080000001,19,False,False
159,21,-380.6198456324105,1965.2424977902467,1.0,CLIENT,7,2,100000,18,212,0,955,1376,618,77,252,297,220995.58400000012,12,False,False
159,22,-1171.3918018443371,1962.6821377903832,1.0,CLIENT,7,2,100000,10,146,0,1352,1514,732,398,257,368,152195.07200000007,14,False,False
159,23,1053.2235461768255,-778.0162622094781,1.0,CLIENT,7,2,100000,14,61,0,1361,1763,780,268,271,475,63588.352000000035,12,False,False
159,24,673.4787760178682,-1732.4739422098085,1.0,CLIENT,7,2,100000,11,221,0,976,1241,521,132,242,263,230377.47200000013,11,False,False
159,25,-268.3199323715907,381.1588977904978,1.0,CLIENT,7,2,100000,13,155,0,1414,2033,603,506,245,316,161576.96000000008,21,False,False
159,26,-179.93720797205035,1408.8651377901908,1.0,CLIENT,7,2,100000,12,176,0,1400,1682,703,389,263,348,183468.0320000001,14,False,False
159,27,-139.38886129394348,777.1241377905756,1.0,CLIENT,7,2,100000,13,99,0,1405,2174,669,535,265,386,103200.76800000005,18,False,False
159,28,-2186.842780567309,129.3530577903016,1.0,CLIENT,7,2,100000,17,79,0,834,999,687,129,242,379,82352.12800000004,7,False,False
159,29,-2534.592370925353,852.4877777901349,1.0,CLIENT,7,2,100000,12,181,0,564,737,458,64,246,174,188680.1920000001,9,False,False
159,30,-1406.0455996278488,2758.0643200003115,1.0,CLIENT,7,2,100000,11,136,0,718,958,553,35,241,256,141770.75200000007,9,False,False
159,31,1812.7962022920597,-2984.8899519996658,1.0,CLIENT,3,0.0,100000,18,167,0,178,191,177,0,157,14,174086.1440000001,2,False,False

160,0,2136.624683981473,-454.18638220999156,1.0,CLIENT,7,2,100000,13,139,0,1933,2772,775,75,267,421,144898.04800000007,18,False,False
160,1,1098.6820442104624,-1569.9467422096336,1.0,CLIENT,7,2,100000,14,57,0,2662,3314,871,479,279,542,59418.62400000003,24,False,False
160,2,-647.193546644835,688.9586977901166,1.0,CLIENT,7,2,100000,11,48,0,2784,3638,849,398,283,505,50036.736000000026,29,False,False
160,3,991.8466542327002,889.2233777907217,1.0,CLIENT,7,2,100000,14,243,0,2434,3315,678,151,262,342,253310.97600000014,22,False,False
160,4,-1680.9387989666548,308.91221779018764,1.0,CLIENT,7,2,100000,15,173,0,2316,2703,643,664,254,331,180340.7360000001,17,False,False
160,5,-1255.4979428052807,-528.9934222093743,1.0,CLIENT,7,2,100000,9,70,0,2130,2963,873,349,280,521,72970.24000000003,19,False,False
160,6,-1962.7973259731968,-220.85966220980765,1.0,CLIENT,7,2,100000,14,40,0,1685,1995,905,62,276,571,41697.28000000002,15,False,False
160,7,487.05141648653864,-1815.1847022098016,1.0,CLIENT,7,2,100000,19,242,0,1933,2607,640,218,261,312,252268.54400000014,18,False,False
160,8,1480.644302078405,-1718.2249822093988,1.0,CLIENT,7,2,100000,12,221,0,2219,2756,601,495,254,294,230377.47200000013,21,False,False
160,9,60.422620481266435,-1203.2586622099898,1.0,CLIENT,7,2,100000,16,173,0,2793,3938,730,297,288,389,180340.7360000001,26,False,False
160,10,-1261.5168380153034,-945.4415422099421,1.0,CLIENT,7,2,100000,12,162,0,1683,2262,715,244,270,382,168873.98400000008,18,False,False
160,11,356.53642561627674,-98.96426220987422,1.0,CLIENT,7,2,100000,14,77,0,4157,5487,722,704,289,368,80267.26400000004,37,False,False
160,12,-941.0898640714227,-121.45090220926022,1.0,CLIENT,7,2,100000,15,55,0,3210,3867,673,980,273,379,57333.76000000003,25,False,False
160,13,212.47892052388576,997.5377377901409,1.0,CLIENT,7,2,100000,17,46,0,2964,3689,871,371,276,530,47951.872000000025,19,False,False
160,14,852.6993004958393,-1168.7494622093188,1.0,CLIENT,7,2,100000,14,70,0,3296,4284,835,442,282,472,72970.24000000003,25,False,False
160,15,1080.5461625909886,250.02393779016273,1.0,CLIENT,7,2,100000,8,45,0,3916,4590,834,594,311,465,46909.440000000024,28,False,False
160,16,-1258.3489984311996,-707.9959822098747,1.0,CLIENT,7,2,100000,15,48,0,1939,2711,901,268,274,549,50036.736000000026,20,False,False
160,17,-35.958898869065024,-53.21174220990571,1.0,CLIENT,7,2,100000,12,57,0,3961,5386,661,809,288,334,59418.62400000003,35,False,False
160,18,-1779.5378060254088,1335.2826177900895,1.0,CLIENT,7,2,100000,18,186,0,999,1497,622,107,224,327,193892.3520000001,15,False,False
160,19,2253.2011806808896,-1095.0556222094986,1.0,CLIENT,7,2,100000,18,268,0,1759,2270,598,196,253,303,279371.77599999966,17,False,False
160,20,-542.2588604173103,-979.3941422096455,1.0,CLIENT,7,2,100000,11,239,0,2222,3501,632,265,255,321,249141.24800000014,27,False,False
160,21,1975.6984331029123,66.45725779011201,1.0,CLIENT,7,2,100000,18,225,0,2188,2924,602,235,252,282,234547.20000000013,20,False,False
160,22,1412.6941429967294,-836.7932222097841,1.0,CLIENT,7,2,100000,9,70,0,3573,4368,738,780,273,411,72970.24000000003,26,False,False
160,23,2474.157991680866,-3300.7501022099186,1.0,CLIENT,7,2,100000,18,202,0,263,319,263,0,215,44,210571.2640000001,3,False,False
160,24,1009.1905759564294,1102.2898577906444,1.0,CLIENT,7,2,100000,10,68,0,1757,2811,721,49,269,399,70885.37600000003,18,False,False
160,25,1954.157123930555,-134.03006220993092,1.0,CLIENT,7,2,100000,12,48,0,2411,3072,818,226,272,493,50036.736000000026,20,False,False
160,26,1039.2058560165744,-1181.1059822097607,1.0,CLIENT,7,2,100000,12,37,0,3330,4295,853,601,287,536,38569.98400000002,25,False,False
160,27,9.103619216980887,-1286.5260222093686,1.0,CLIENT,7,2,100000,12,52,0,2443,3776,826,272,290,486,54206.46400000003,25,False,False
160,28,177.6326850976163,1060.2108977901016,1.0,CLIENT,7,2,100000,17,198,0,2801,3583,692,383,262,343,206401.5360000001,19,False,False
160,29,-877.1787004595641,1056.7599777901137,1.0,CLIENT,7,2,100000,12,209,0,2283,2942,560,575,243,266,217868.28800000012,25,False,False
160,30,420.76437318688346,710.3321377907312,1.0,CLIENT,7,2,100000,10,49,0,3267,3682,987,183,276,586,51079.16800000003,25,False,False
160,31,-216.52575516974582,511.2919777901985,1.0,CLIENT,7,2,100000,15,109,0,3355,4364,786,439,286,444,113625.08800000006,29,False,False
160,32,-1448.4193734847552,-358.1172222097132,1.0,CLIENT,7,2,100000,12,38,0,2080,2719,987,237,282,641,39612.41600000002,20,False,False
160,33,1575.045921688531,-2537.094902209563,1.0,CLIENT,7,2,100000,12,223,0,785,1273,476,154,237,223,232462.33600000013,12,False,False
160,34,422.9818608958687,-1523.9715822094363,1.0,CLIENT,7,2,100000,12,39,0,2537,3251,901,322,290,569,40654.84800000002,23,False,False
160,35,1174.0766263154014,-810.2990622094424,1.0,CLIENT,7,2,100000,9,39,0,4128,4770,653,1109,269,357,40654.84800000002,27,False,False
160,36,1255.5692996192063,-857.610062209431,1.0,CLIENT,7,2,100000,7,15,0,3941,4623,731,1027,279,444,15636.480000000005,27,False,False
160,37,-591.8355499107324,2211.2596977900293,1.0,CLIENT,7,2,100000,16,187,0,464,959,322,114,174,136,194934.7840000001,11,False,False
160,38,-1052.5186214465296,202.49029779073624,1.0,CLIENT,7,2,100000,13,90,0,2949,3690,769,721,286,442,93818.88000000005,24,False,False
160,39,490.3776480500167,-125.01314220975814,1.0,CLIENT,7,2,100000,16,37,0,4131,5456,772,619,287,459,38569.98400000002,36,False,False
160,40,917.7984039515962,-110.20758220996271,1.0,CLIENT,7,2,100000,11,83,0,4221,5220,708,692,283,356,86521.85600000004,32,False,False
160,41,-2382.852854840919,1252.5718577900964,1.0,CLIENT,7,2,100000,17,210,0,425,715,360,0,221,115,218910.72000000012,12,False,False
160,42,972.2852447999858,419.5642977900326,1.0,CLIENT,7,2,100000,17,43,0,3724,4384,882,528,290,535,44824.57600000002,24,False,False
160,43,-1633.183617234627,2938.0679777900796,1.0,CLIENT,7,2,100000,18,130,0,255,377,255,0,166,78,135516.16000000006,5,False,False
160,44,1806.9317792534973,-384.94534221000265,1.0,CLIENT,7,2,100000,14,43,0,2839,3573,879,302,273,543,44824.57600000002,22,False,False
160,45,-1169.4119021041313,694.9699777899682,1.0,CLIENT,7,2,100000,18,75,0,2280,3291,810,394,278,490,78182.40000000004,23,False,False
160,46,-1506.153249907217,2803.3707777900377,1.0,CLIENT,7,2,100000,14,62,0,411,526,394,17,172,189,64630.784000000036,6,False,False
160,47,-1929.4558143490112,-480.4579022093134,1.0,CLIENT,7,2,100000,17,259,0,1428,1703,663,31,263,353,269989.8879999999,14,False,False
160,48,857.4510598719953,-361.12286221003444,1.0,CLIENT,7,2,100000,11,38,0,4208,5459,757,649,293,418,39612.41600000002,32,False,False
160,49,-83.55568862171887,206.386497790391,1.0,CLIENT,7,2,100000,15,34,0,3838,4881,815,664,294,501,35442.68800000002,32,False,False
160,50,-1406.0455996278488,2758.0643200003115,1.0,CLIENT,7,2,100000,15,92,0,392,488,377,15,171,170,95903.74400000005,6,False,False
160,51,1812.7962022920597,-2984.8899519996658,1.0,CLIENT,3,0.0,100000,14,93,0,452,563,441,11,224,198,96946.17600000005,4,False,False

161,0,-308.55149509151227,1906.131577789993,1.0,CLIENT,7,2,100000,13,49,0,1698,2313,840,221,255,538,51079.16800000003,21,False,False
161,1,-558.3356463071726,1800.8228577901039,1.0,CLIENT,7,2,100000,15,46,0,1966,2715,803,436,254,515,47951.872000000025,22,False,False
161,2,105.80192252549766,2074.1134577906337,1.0,CLIENT,7,2,100000,14,200,0,1247,1607,568,81,239,246,208486.4000000001,15,False,False
161,3,-964.6902689733914,-482.01638220933347,1.0,CLIENT,7,2,100000,12,150,0,2787,2968,740,499,268,394,156364.80000000008,18,False,False
161,4,2139.6341315867658,-1139.6949422099046,1.0,CLIENT,7,2,100000,16,70,0,1304,1720,804,71,253,516,72970.24000000003,15,False,False
161,5,2467.2679405851304,-2620.0283022097847,1.0,CLIENT,7,2,100000,10,83,0,213,402,196,14,103,83,86521.85600000004,8,False,False
161,6,1850.806357495082,-492.3691422092975,1.0,CLIENT,7,2,100000,13,172,0,2069,2285,680,606,260,343,179298.3040000001,14,False,False
161,7,-1402.3273075341847,-150.8393822094132,1.0,CLIENT,7,2,100000,18,73,0,2184,2987,857,113,262,527,76097.53600000004,20,False,False
161,8,970.5429330285598,-1104.7404622095669,1.0,CLIENT,7,2,100000,11,239,0,1752,2744,564,313,255,267,249141.24800000014,19,False,False
161,9,2456.418090008983,-930.4133422099178,1.0,CLIENT,7,2,100000,17,69,0,975,1478,671,12,246,410,71927.80800000003,12,False,False
161,10,-122.12413555962004,130.24361779042607,1.0,CLIENT,7,2,100000,12,131,0,3117,3919,630,841,285,310,136558.59200000006,27,False,False
161,11,-478.03091284726634,1715.1064577905804,1.0,CLIENT,7,2,100000,14,69,0,1981,2737,772,444,259,479,71927.80800000003,23,False,False
161,12,-394.9543197508469,-885.3287422098449,1.0,CLIENT,7,2,100000,15,45,0,2395,3094,885,250,291,553,46909.440000000024,20,False,False
161,13,482.77483304794197,-786.2539422092453,1.0,CLIENT,7,2,100000,17,134,0,2481,3009,785,355,289,428,139685.88800000006,21,False,False
161,14,-864.903322070739,1981.0499377906765,1.0,CLIENT,7,2,100000,14,66,0,2272,2597,759,682,257,459,68800.51200000003,20,False,False
161,15,-294.6921969100725,-283.8667822097162,1.0,CLIENT,7,2,100000,8,41,0,3117,3658,885,589,303,538,42739.71200000002,24,False,False
161,16,2232.4518314042766,-939.3189422095807,1.0,CLIENT,7,2,100000,16,62,0,1340,1779,797,88,255,512,64630.784000000036,14,False,False
161,17,-240.20535606168292,-1018.6901022093048,1.0,CLIENT,7,2,100000,14,245,0,2094,2716,643,226,264,325,255395.84000000014,20,False,False
161,18,-1094.4924959373143,7.680297790597024,1.0,CLIENT,7,2,100000,15,48,0,2746,3260,857,426,274,548,50036.736000000026,25,False,False
161,19,638.0781686646337,-331.8457022096004,1.0,CLIENT,7,2,100000,13,59,0,2944,3540,746,869,282,433,61503.488000000034,24,False,False
161,20,2337.5449096111756,-1289.8656222096379,1.0,CLIENT,7,2,100000,11,214,0,817,1233,525,22,245,242,223080.44800000012,12,False,False
161,21,-1716.1810143410778,-613.5966222093352,1.0,CLIENT,7,2,100000,18,263,0,1272,1893,497,6,236,223,274159.6159999998,14,False,False
161,22,1810.4955987857552,380.04569779014446,1.0,CLIENT,7,2,100000,10,237,0,1221,1721,551,138,251,276,247056.38400000014,15,False,False
161,23,-1884.7100802217133,1310.458257790278,1.0,CLIENT,7,2,100000,14,72,0,1547,2280,834,107,260,486,75055.10400000004,21,False,False
161,24,299.1985291419685,713.0038177903136,1.0,CLIENT,7,2,100000,10,210,0,1639,3078,592,199,259,280,218910.72000000012,30,False,False
161,25,-843.678796856567,2536.314097790379,1.0,CLIENT,7,2,100000,12,70,0,1818,2110,887,239,251,528,72970.24000000003,16,False,False
161,26,-1624.6304503568708,1774.3286977905532,1.0,CLIENT,7,2,100000,12,100,0,2266,2668,761,591,275,446,104243.20000000006,20,False,False
161,27,-647.8271145617684,2162.5015377905306,1.0,CLIENT,7,2,100000,13,59,0,2026,2264,884,398,251,557,61503.488000000034,19,False,False
161,28,-2060.841961104986,1278.954697790719,1.0,CLIENT,7,2,100000,17,68,0,1257,1847,778,40,250,481,70885.37600000003,20,False,False
161,29,-199.81540136295007,-307.6892622096844,1.0,CLIENT,7,2,100000,12,32,0,3042,3781,901,548,300,581,33357.824000000015,23,False,False
161,30,-758.7806959993159,-152.7318222093811,1.0,CLIENT,7,2,100000,10,36,0,2941,3494,929,514,288,621,37527.55200000002,21,False,False
161,31,2316.8747563239685,-3285.7219022098943,1.0,CLIENT,7,2,100000,18,47,0,171,172,171,0,93,65,48994.304000000026,3,False,False
161,32,-1084.6721932262544,410.65869779036973,1.0,CLIENT,7,2,100000,12,142,0,2576,3546,685,482,273,358,148025.34400000007,28,False,False
161,33,1462.4292244689632,-69.13050220926351,1.0,CLIENT,7,2,100000,11,29,0,2030,2662,874,503,277,569,30230.528000000013,18,False,False
161,34,-1367.5602680973209,-186.01650220997982,1.0,CLIENT,7,2,100000,12,50,0,2326,3062,902,141,273,568,52121.60000000003,20,False,False
161,35,-1072.7135987956146,466.2073777901256,1.0,CLIENT,7,2,100000,9,58,0,2547,3626,771,459,291,447,60461.05600000003,28,False,False
161,36,1903.313298603266,-3018.442582210007,1.0,CLIENT,7,2,100000,11,39,0,180,188,179,1,100,72,40654.84800000002,5,False,False
161,37,-362.95913995049614,2638.394537790509,1.0,CLIENT,7,2,100000,16,164,0,1509,1652,715,156,238,347,170958.8480000001,13,False,False
161,38,-272.9924957583411,-906.5908622099496,1.0,CLIENT,7,2,100000,14,68,0,2332,3008,829,261,282,491,70885.37600000003,20,False,False
161,39,-2401.939088336074,1194.574137790196,1.0,CLIENT,7,2,100000,20,226,0,888,1148,530,2,236,240,235589.63200000013,14,False,False
161,40,-1992.970998012716,1527.754897790594,1.0,CLIENT,7,2,100000,13,92,0,1313,2069,770,82,258,430,95903.74400000005,20,False,False
161,41,-577.1842918335482,2041.4966977907216,1.0,CLIENT,7,2,100000,13,32,0,2007,2340,952,337,255,672,33357.824000000015,20,False,False
161,42,-1509.7962654288804,2788.453897790523,1.0,CLIENT,7,2,100000,18,88,0,1106,1622,654,74,238,361,91734.01600000005,17,False,False
161,43,-1302.2235766727845,1260.4755777907067,1.0,CLIENT,7,2,100000,16,144,0,2425,3164,693,513,262,378,150110.20800000007,27,False,False
161,44,2432.580097137672,-859.7251422096278,1.0,CLIENT,7,2,100000,15,92,0,1127,1619,674,45,248,397,95903.74400000005,13,False,False
161,45,871.2311620634666,953.0097377902448,1.0,CLIENT,7,2,100000,21,236,0,1159,1871,580,170,249,257,246013.95200000014,17,False,False
161,46,1220.8022601823423,-411.77346220950113,1.0,CLIENT,7,2,100000,12,55,0,2071,3058,843,470,288,518,57333.76000000003,21,False,False
161,47,-1220.6517073790112,1112.8652577900461,1.0,CLIENT,7,2,100000,15,86,0,2551,3340,770,470,272,457,89649.15200000005,29,False,False
161,48,1081.892494414261,200.1525777903106,1.0,CLIENT,7,2,100000,11,111,0,2151,2670,733,612,260,401,115709.95200000006,21,False,False
161,49,1228.8010551325708,-191.91646220932142,1.0,CLIENT,7,2,100000,15,55,0,2110,2964,779,630,267,467,57333.76000000003,21,False,False
161,50,-1406.0455996278488,2758.0643200003115,1.0,CLIENT,7,2,100000,15,213,0,1113,1663,579,66,237,267,222038.01600000012,17,False,False
161,51,1812.7962022920597,-2984.8899519996658,1.0,CLIENT,3,0.0,100000,14,50,0,168,169,168,0,97,63,52121.60000000003,3,False,False

162,0,2480.7312588178534,-1288.3071422096177,1.0,CLIENT,7,2,100000,13,49,0,1752,2389,794,174,276,462,51079.16800000003,20,False,False
162,1,1440.1751513897038,-658.2359422097414,1.0,CLIENT,7,2,100000,14,40,0,2471,3096,808,617,286,485,41697.28000000002,22,False,False
162,2,1973.8769253420805,-207.5012622095224,1.0,CLIENT,7,2,100000,14,245,0,2082,2332,608,357,265,305,255395.84000000014,14,False,False
162,3,-921.053278701149,2851.7949777903796,1.0,CLIENT,7,2,100000,13,139,0,1250,1507,767,136,264,423,144898.04800000007,10,False,False
162,4,2515.3399062753433,-2690.7165022092836,1.0,CLIENT,7,2,100000,17,83,0,1006,1384,744,158,265,412,86521.85600000004,15,False,False
162,5,-578.6890156361944,485.0204577900857,1.0,CLIENT,7,2,100000,10,231,0,1979,2547,622,471,267,316,240801.79200000013,20,False,False
162,6,-1441.1333424408656,2712.867617790735,1.0,CLIENT,7,2,100000,15,217,0,1045,1460,600,137,255,295,226207.74400000012,11,False,False
162,7,-1801.791879104668,368.2457777906703,1.0,CLIENT,7,2,100000,17,65,0,2105,2510,820,511,260,520,67758.08000000003,17,False,False
162,8,1201.7952226771556,327.9479377903766,1.0,CLIENT,7,2,100000,11,244,0,1481,1986,654,111,283,335,254353.40800000014,14,False,False
162,9,-1673.1775919852062,1849.5810177903936,1.0,CLIENT,7,2,100000,19,215,0,1291,1846,579,285,247,273,224122.88000000012,17,False,False
162,10,-2598.820318495397,682.0568577901406,1.0,CLIENT,7,2,100000,12,248,0,1139,1425,574,90,247,308,258523.13600000014,11,False,False
162,11,-2312.764404040226,-111.54342220975394,1.0,CLIENT,7,2,100000,14,85,0,1704,1912,801,250,258,458,88606.72000000004,12,False,False
162,12,1304.512421195695,-1055.9823022092771,1.0,CLIENT,7,2,100000,15,51,0,2690,3344,824,634,309,501,53164.03200000003,22,False,False
162,13,1210.9027614818767,-1972.8138222096873,1.0,CLIENT,7,2,100000,17,45,0,1694,2824,849,164,273,539,46909.440000000024,22,False,False
162,14,-2061.554725011325,222.4165777902587,1.0,CLIENT,7,2,100000,14,49,0,1847,2185,892,241,260,554,51079.16800000003,15,False,False
162,15,-170.90886515673495,-1008.8939422095175,1.0,CLIENT,7,2,100000,9,249,0,1226,2057,430,366,243,187,259565.56800000014,19,False,False
162,16,-237.03751647757892,2491.897417790202,1.0,CLIENT,7,2,100000,16,71,0,1196,1518,787,101,265,473,74012.67200000004,11,False,False
162,17,1327.479258181293,-678.3848622094928,1.0,CLIENT,7,2,100000,12,20,0,2407,3206,783,631,287,497,20848.640000000007,22,False,False
162,18,2674.365453403667,-1915.0387422100157,1.0,CLIENT,7,2,100000,18,243,0,1238,1639,519,259,241,242,253310.97600000014,20,False,False
162,19,832.979499083751,-1346.527502209747,1.0,CLIENT,7,2,100000,16,240,0,2182,2681,613,453,265,287,250183.68000000014,21,False,False
162,20,-1557.6306431508767,816.8653777906925,1.0,CLIENT,7,2,100000,9,146,0,2158,2720,586,798,265,295,152195.07200000007,19,False,False
162,21,1682.9900555207857,-608.8098622095561,1.0,CLIENT,7,2,100000,16,66,0,2403,2811,828,529,274,494,68800.51200000003,20,False,False
162,22,-299.0479763386375,-164.75438220987513,1.0,CLIENT,7,2,100000,10,65,0,1645,2402,752,411,293,445,67758.08000000003,20,False,False
162,23,-1156.8197397565584,-388.28494220948073,1.0,CLIENT,7,2,100000,13,31,0,2189,2486,806,639,290,493,32315.392000000014,15,False,False
162,24,2478.4345751194624,-1121.995062209507,1.0,CLIENT,7,2,100000,10,202,0,1847,2202,619,263,267,294,210571.2640000001,19,False,False
162,25,-97.17739883381627,1068.1146177907121,1.0,CLIENT,7,2,100000,13,264,0,1313,1941,576,324,264,288,275202.0479999998,19,False,False
162,26,-733.1211953666104,2606.77965779044,1.0,CLIENT,7,2,100000,12,56,0,1441,1672,903,205,270,567,58376.19200000003,11,False,False
162,27,2089.899050114532,-2103.058222209898,1.0,CLIENT,7,2,100000,11,72,0,2328,2949,643,987,266,357,75055.10400000004,22,False,False
162,28,2181.687202066956,-1019.1353822097625,1.0,CLIENT,7,2,100000,17,88,0,2229,2719,754,419,276,440,91734.01600000005,20,False,False
162,29,2120.468702102205,-3278.8200622099184,1.0,CLIENT,7,2,100000,12,142,0,709,1044,593,28,263,277,148025.34400000007,11,False,False
162,30,-2312.3684240920725,-324.72122220939553,1.0,CLIENT,7,2,100000,11,182,0,1565,1791,625,283,255,290,189722.6240000001,10,False,False
162,31,-580.6689153758374,1905.908937790555,1.0,CLIENT,7,2,100000,15,46,0,1854,2183,830,687,272,557,47951.872000000025,14,False,False
162,32,788.6297449046066,-1984.8363822093904,1.0,CLIENT,7,2,100000,13,107,0,1327,2007,725,53,268,414,111540.22400000006,20,False,False
162,33,-688.6922451980606,1512.170097790393,1.0,CLIENT,7,2,100000,11,144,0,1926,2437,577,881,272,279,150110.20800000007,21,False,False
162,34,-1681.572366883588,1485.4532977906135,1.0,CLIENT,7,2,100000,13,112,0,1461,2103,668,320,285,359,116752.38400000006,20,False,False
162,35,-1349.0284065296935,-839.7988622093144,1.0,CLIENT,7,2,100000,11,234,0,1307,1903,530,195,247,261,243929.08800000013,13,False,False
162,36,898.1577985294762,559.1595777903638,1.0,CLIENT,7,2,100000,8,167,0,1189,1967,606,260,297,294,174086.1440000001,14,False,False
162,37,969.7509731328151,-1984.168462209495,1.0,CLIENT,7,2,100000,14,78,0,1455,2251,777,77,266,474,81309.69600000004,22,False,False
162,38,-290.4156134714758,2561.9176977905963,1.0,CLIENT,7,2,100000,16,113,0,1187,1441,758,110,266,420,117794.81600000006,11,False,False
162,39,1033.5829407547053,-2424.327742209521,1.0,CLIENT,7,2,100000,19,235,0,1190,1529,568,222,253,253,244971.52000000014,20,False,False
162,40,-95.9102630005123,2239.089697790162,1.0,CLIENT,7,2,100000,13,181,0,1175,1470,639,169,256,333,188680.1920000001,12,False,False
162,41,-1323.131317928771,-115.21698220997081,1.0,CLIENT,7,2,100000,12,43,0,2146,2548,796,561,280,489,44824.57600000002,17,False,False
162,42,2611.879817605049,-2830.8683822097914,1.0,CLIENT,7,2,100000,20,122,0,937,1051,716,123,262,400,127176.70400000007,13,False,False
162,43,1069.0627440979083,-2059.1981422098975,1.0,CLIENT,7,2,100000,16,36,0,1396,2229,812,108,269,527,37527.55200000002,22,False,False
162,44,-37.22603470236899,-31.504342209343292,1.0,CLIENT,7,2,100000,14,141,0,1846,2552,587,753,278,270,146982.91200000007,20,False,False
162,45,-1672.7816120370524,489.58457779042703,1.0,CLIENT,7,2,100000,17,58,0,2178,2687,721,705,261,451,60461.05600000003,18,False,False
162,46,-1181.0537125760231,-147.49978220993512,1.0,CLIENT,7,2,100000,12,129,0,2221,2557,701,647,282,364,134473.72800000006,17,False,False
162,47,2631.91640297476,-2909.1263422099532,1.0,CLIENT,7,2,100000,15,102,0,956,1035,745,113,266,420,106328.06400000006,12,False,False
162,48,2161.0170487803116,-948.5585022099824,1.0,CLIENT,7,2,100000,11,41,0,2223,2723,847,341,287,526,42739.71200000002,19,False,False
162,49,1010.2993198109219,-603.800462209548,1.0,CLIENT,7,2,100000,15,139,0,2456,3237,638,777,282,313,144898.04800000007,21,False,False
162,50,-1406.0455996278488,2758.0643200003115,1.0,CLIENT,7,2,100000,12,62,0,1183,1579,750,143,257,460,64630.784000000036,10,False,False
162,51,1812.7962022920597,-2984.8899519996658,1.0,CLIENT,3,0.0,100000,14,197,0,967,1281,597,193,262,284,205359.1040000001,11,False,False

163,0,-2382.3776789033595,1967.1349377902147,1.0,CLIENT,7,2,100000,16,251,0,920,1198,546,157,250,260,261650.43200000015,11,False,False
163,1,-1605.2274329035301,2166.954337790362,1.0,CLIENT,7,2,100000,15,131,0,1426,1983,751,399,271,423,136558.59200000006,17,False,False
163,2,160.52635134266689,12.578377790095203,1.0,CLIENT,7,2,100000,10,88,0,3864,4708,756,617,285,412,91734.01600000005,27,False,False
163,3,-755.3752684458696,2751.6069777902176,1.0,CLIENT,7,2,100000,13,98,0,1073,1149,834,19,265,453,102158.33600000005,11,False,False
163,4,-1182.2416524204841,-1034.6088622094535,1.0,CLIENT,7,2,100000,17,247,0,2272,2766,570,316,247,277,257480.70400000014,20,False,False
163,5,-534.8144373946095,934.8645777901802,1.0,CLIENT,7,2,100000,9,55,0,3405,4375,822,443,283,484,57333.76000000003,30,False,False
163,6,-810.4956772117552,165.30941779048277,1.0,CLIENT,7,2,100000,12,54,0,4368,5125,828,627,303,471,56291.32800000003,31,False,False
163,7,-402.95311470107526,2526.7405777900294,1.0,CLIENT,7,2,100000,20,216,0,960,1298,585,171,248,277,225165.31200000012,14,False,False
163,8,388.4524094277846,1072.7900577899813,1.0,CLIENT,7,2,100000,10,32,0,2087,2997,834,151,270,511,33357.824000000015,21,False,False
163,9,2077.306887766959,-10.130902209519661,1.0,CLIENT,7,2,100000,18,233,0,286,732,228,4,184,50,242886.65600000013,7,False,False
163,10,882.239404618425,-111.20946220980613,1.0,CLIENT,7,2,100000,12,239,0,2137,2683,616,351,269,304,249141.24800000014,23,False,False
163,11,894.8315669659981,-755.75226220953,1.0,CLIENT,7,2,100000,14,150,0,1971,2726,649,548,287,330,156364.80000000008,20,False,False
163,12,372.92999546488716,-1777.5585422098814,1.0,CLIENT,7,2,100000,19,253,0,1045,1360,609,161,268,295,263735.2960000001,16,False,False
163,13,-1061.3093762925025,-520.8670622093259,1.0,CLIENT,7,2,100000,17,72,0,3335,4379,836,432,278,484,75055.10400000004,26,False,False
163,14,-1705.410359754899,-308.13454220935114,1.0,CLIENT,7,2,100000,14,40,0,2730,3345,869,278,276,514,41697.28000000002,22,False,False
163,15,572.1871053125694,837.4595777901106,1.0,CLIENT,7,2,100000,9,186,0,2271,2941,683,260,259,338,193892.3520000001,21,False,False
163,16,-1130.8434551662303,581.7575377902597,1.0,CLIENT,7,2,100000,15,62,0,3904,4810,841,487,303,499,64630.784000000036,29,False,False
163,17,-1836.7173105209058,530.8842977905641,1.0,CLIENT,7,2,100000,13,175,0,2702,3625,739,387,291,389,182425.6000000001,22,False,False
163,18,2463.149749125345,-2772.2027422099954,1.0,CLIENT,7,2,100000,18,70,0,588,778,552,22,217,296,72970.24000000003,8,False,False
163,19,-112.06624487978034,-54.21362220974913,1.0,CLIENT,7,2,100000,13,52,0,4256,5118,706,799,284,400,54206.46400000003,31,False,False
163,20,1196.0139154359124,-2023.9097022096119,1.0,CLIENT,7,2,100000,11,221,0,804,1342,524,229,262,234,230377.47200000013,14,False,False
163,21,2309.3511373112997,-3192.2131022094795,1.0,CLIENT,7,2,100000,18,77,0,455,590,436,10,214,211,80267.26400000004,8,False,False
163,22,121.48272846720637,1419.3292177906646,1.0,CLIENT,7,2,100000,10,257,0,1810,2608,533,225,255,259,267905.024,23,False,False
163,23,-673.9617911314705,-319.48918220994955,1.0,CLIENT,7,2,100000,13,14,0,4062,5161,769,653,287,444,14594.048000000004,31,False,False
163,24,652.8878187206294,-676.6037422100349,1.0,CLIENT,7,2,100000,10,37,0,2161,3112,867,392,304,522,38569.98400000002,23,False,False
163,25,-539.0910208332062,845.8085777903877,1.0,CLIENT,7,2,100000,11,22,0,3677,4447,854,506,291,520,22933.504000000008,30,False,False
163,26,-142.79428884682716,-1538.4431822092838,1.0,CLIENT,7,2,100000,13,228,0,1128,2257,566,164,273,271,237674.49600000013,16,False,False
163,27,-639.2739476840123,-175.44110220978695,1.0,CLIENT,7,2,100000,11,34,0,4234,5304,744,683,278,428,35442.68800000002,31,False,False
163,28,-889.6916668171688,904.251577790746,1.0,CLIENT,7,2,100000,17,137,0,3412,4709,659,552,271,351,142813.18400000007,30,False,False
163,29,93.76413210488955,-133.80742220970205,1.0,CLIENT,7,2,100000,12,44,0,3785,4759,793,597,288,465,45867.00800000002,27,False,False
163,30,-950.7517748031088,-322.94010220993755,1.0,CLIENT,7,2,100000,10,71,0,4109,4822,758,730,286,415,74012.67200000004,28,False,False
163,31,-842.807640970854,702.5397377906307,1.0,CLIENT,7,2,100000,15,44,0,3952,4939,767,593,287,449,45867.00800000002,31,False,False
163,32,744.8343626529901,-289.98938220928665,1.0,CLIENT,7,2,100000,12,36,0,2166,3064,843,243,282,534,37527.55200000002,25,False,False
163,33,1951.9396362215698,-1889.9917422099752,1.0,CLIENT,7,2,100000,12,145,0,698,1018,563,120,259,274,151152.64000000007,12,False,False
163,34,2733.287269670027,-3041.5971422092884,1.0,CLIENT,7,2,100000,15,83,0,439,528,426,1,216,191,86521.85600000004,8,False,False
163,35,15.676886353968555,-919.6153022094961,1.0,CLIENT,7,2,100000,9,135,0,3095,3662,648,781,284,315,140728.32000000007,25,False,False
163,36,170.10906608494724,736.3810177906151,1.0,CLIENT,7,2,100000,8,65,0,3301,3957,882,429,276,501,67758.08000000003,25,False,False
163,37,-1505.7572699590633,2924.932217790023,1.0,CLIENT,7,2,100000,16,193,0,1014,1208,682,109,262,337,201189.3760000001,8,False,False
163,38,-2181.6950412429997,1062.5486177905273,1.0,CLIENT,7,2,100000,17,242,0,1280,2217,554,230,256,251,252268.54400000014,18,False,False
163,39,-158.15831083035056,388.9512977905983,1.0,CLIENT,7,2,100000,16,55,0,4168,4844,760,777,271,435,57333.76000000003,28,False,False
163,40,-1907.2017412697521,-316.26090220939943,1.0,CLIENT,7,2,100000,13,80,0,2334,3041,781,257,276,450,83394.56000000004,19,False,False
163,41,2432.263313179487,-2931.835622209568,1.0,CLIENT,7,2,100000,17,50,0,576,694,547,21,218,293,52121.60000000003,8,False,False
163,42,-1525.2394834018094,-149.05826220995522,1.0,CLIENT,7,2,100000,17,39,0,3277,4031,907,445,286,563,40654.84800000002,23,False,False
163,43,-369.2156231292985,2616.7984577904563,1.0,CLIENT,7,2,100000,16,101,0,929,1303,686,103,261,377,105285.63200000006,12,False,False
163,44,-1592.2392906083664,978.8359777906908,1.0,CLIENT,7,2,100000,15,99,0,2665,3579,816,376,280,466,103200.76800000005,25,False,False
163,45,-1350.1371503841863,1982.9423777906445,1.0,CLIENT,7,2,100000,17,83,0,1991,2807,652,826,255,376,86521.85600000004,18,False,False
163,46,1767.4129804404774,-1431.019382209989,1.0,CLIENT,7,2,100000,14,191,0,696,1227,509,74,256,216,199104.5120000001,15,False,False
163,47,2318.221088147241,-3131.4323822094866,1.0,CLIENT,7,2,100000,19,57,0,513,644,492,9,215,248,59418.62400000003,8,False,False
163,48,-1625.5016062425839,2716.9864577906183,1.0,CLIENT,7,2,100000,13,77,0,1145,1323,798,168,269,489,80267.26400000004,10,False,False
163,49,-1957.8079786276987,-466.7655422098713,1.0,CLIENT,7,2,100000,20,211,0,1920,2616,608,165,250,292,219953.15200000012,16,False,False
163,50,-1406.0455996278488,2758.0643200003115,1.0,CLIENT,7,2,100000,12,48,0,1249,1355,873,171,267,548,50036.736000000026,10,False,False
163,51,1812.7962022920597,-2984.8899519996658,1.0,CLIENT,3,0.0,100000,14,149,0,543,717,453,74,219,192,155322.36800000007,8,False,False

164,0,-1453.329524840285,2808.157537790608,1.0,CLIENT,7,2,100000,14,75,0,883,1221,685,33,241,388,78182.40000000004,11,False,False
164,1,-2464.50392012466,1161.289457790388,1.0,CLIENT,7,2,100000,15,110,0,1080,1358,725,218,276,416,114667.52000000006,14,False,False
164,2,1811.0499707127199,-371.5869422097174,1.0,CLIENT,7,2,100000,12,234,0,2359,2822,648,410,286,324,243929.08800000013,20,False,False
164,3,-2072.8005555350633,-475.4485022093053,1.0,CLIENT,7,2,100000,14,158,0,796,1067,645,46,276,299,164704.25600000008,10,False,False
164,4,-737.7145627639552,-430.1412622097945,1.0,CLIENT,7,2,100000,17,221,0,1793,2251,604,521,258,287,230377.47200000013,16,False,False
164,5,2014.029292072034,-3024.0085822094006,1.0,CLIENT,7,2,100000,10,70,0,753,1140,589,18,245,313,72970.24000000003,11,False,False
164,6,-52.90684064464043,-534.559422209559,1.0,CLIENT,7,2,100000,13,129,0,2221,2680,732,483,265,369,134473.72800000006,24,False,False
164,7,1361.8503176700033,-1759.302062209307,1.0,CLIENT,7,2,100000,17,49,0,2497,3138,857,529,284,551,51079.16800000003,21,False,False
164,8,16.62723822908721,-152.62050220966216,1.0,CLIENT,7,2,100000,10,53,0,2285,3127,773,539,291,455,55248.89600000003,23,False,False
164,9,-386.1635649048739,389.06261779031723,1.0,CLIENT,7,2,100000,15,137,0,2185,2741,650,685,290,331,142813.18400000007,23,False,False
164,10,-520.8759432237641,1561.7074977902973,1.0,CLIENT,7,2,100000,12,71,0,1295,1993,722,185,281,412,74012.67200000004,19,False,False
164,11,-2056.2485937076412,-164.42042220992732,1.0,CLIENT,7,2,100000,15,61,0,1007,1283,860,74,278,539,63588.352000000035,12,False,False
164,12,2201.0902195202966,-1300.7749822097785,1.0,CLIENT,7,2,100000,15,65,0,2161,2620,834,345,294,500,67758.08000000003,18,False,False
164,13,2172.183683314644,-785.8086622095786,1.0,CLIENT,7,2,100000,17,172,0,1870,2578,728,158,290,388,179298.3040000001,18,False,False
164,14,-416.6540209031411,1049.301537790752,1.0,CLIENT,7,2,100000,14,230,0,1597,2249,675,208,283,340,239759.36000000013,20,False,False
164,15,-1555.0171754937376,2449.039217790045,1.0,CLIENT,7,2,100000,9,50,0,1294,1620,803,261,252,512,52121.60000000003,14,False,False
164,16,2229.838363747138,-1048.6351822096344,1.0,CLIENT,7,2,100000,16,77,0,1931,2522,818,160,290,486,80267.26400000004,19,False,False
164,17,1803.4471557106453,-2375.0129822098456,1.0,CLIENT,7,2,100000,14,120,0,1843,2224,791,375,250,437,125091.84000000007,16,False,False
164,18,2307.846413508653,-1707.538262209487,1.0,CLIENT,7,2,100000,15,216,0,1883,2479,604,310,253,273,225165.31200000012,18,False,False
164,19,825.4558800710819,-2077.7885822096287,1.0,CLIENT,7,2,100000,19,244,0,1193,1996,440,123,230,186,254353.40800000014,20,False,False
164,20,-712.5302380693716,1513.1719777902365,1.0,CLIENT,7,2,100000,10,169,0,1259,2113,610,168,282,305,176171.0080000001,21,False,False
164,21,906.0773974897363,136.81149779045427,1.0,CLIENT,7,2,100000,15,88,0,2638,3199,737,741,280,405,91734.01600000005,20,False,False
164,22,1002.6965048088473,-522.8708222098038,1.0,CLIENT,7,2,100000,9,85,0,2746,3636,781,565,304,421,88606.72000000004,25,False,False
164,23,1145.56607005734,-1107.6347822093783,1.0,CLIENT,7,2,100000,13,75,0,2890,3729,743,730,297,409,78182.40000000004,24,False,False
164,24,1893.0970159446151,-2785.6724622099996,1.0,CLIENT,7,2,100000,10,53,0,1231,1627,781,153,253,496,55248.89600000003,13,False,False
164,25,-1781.280117796835,-337.8569822094519,1.0,CLIENT,7,2,100000,13,88,0,1013,1418,726,208,282,439,91734.01600000005,14,False,False
164,26,-1512.3305370966134,2410.63381779051,1.0,CLIENT,7,2,100000,12,62,0,1340,1651,807,293,249,511,64630.784000000036,14,False,False
164,27,-2476.858494502891,862.5065777901511,1.0,CLIENT,7,2,100000,13,186,0,1175,1459,610,369,282,290,193892.3520000001,13,False,False
164,28,-1552.4829038265668,1725.3478977900345,1.0,CLIENT,7,2,100000,17,128,0,1862,2329,621,732,249,341,133431.29600000006,16,False,False
164,29,-876.2283485844454,2887.9739777899986,1.0,CLIENT,7,2,100000,12,217,0,632,932,469,27,240,212,226207.74400000012,12,False,False
164,30,1861.6562080706663,-1274.6147822093847,1.0,CLIENT,7,2,100000,10,35,0,2639,3124,908,530,306,571,36485.12000000002,21,False,False
164,31,1042.5320875800523,-1808.5055022092636,1.0,CLIENT,7,2,100000,15,75,0,1939,2779,711,293,261,416,78182.40000000004,22,False,False
164,32,-1780.1713739423421,2651.864257790513,1.0,CLIENT,7,2,100000,14,162,0,1061,1198,632,218,244,305,168873.98400000008,12,False,False
164,33,2333.7435021101383,-2564.590942209748,1.0,CLIENT,7,2,100000,12,161,0,1053,1532,629,95,250,287,167831.55200000008,14,False,False
164,34,1052.114802322333,958.0191377902529,1.0,CLIENT,7,2,100000,13,135,0,1089,1752,657,20,266,334,140728.32000000007,17,False,False
164,35,-286.8517939392181,-1447.9400222099812,1.0,CLIENT,7,2,100000,10,191,0,964,1632,578,180,261,281,199104.5120000001,14,False,False
164,36,1999.932405922377,-2162.169142209361,1.0,CLIENT,7,2,100000,8,34,0,2063,2523,874,418,266,550,35442.68800000002,17,False,False
164,37,1255.7276915985801,138.92657779065104,1.0,CLIENT,7,2,100000,14,30,0,2282,2951,864,498,290,567,31272.960000000014,20,False,False
164,38,641.4044002281116,1121.1029377906043,1.0,CLIENT,7,2,100000,16,241,0,1579,2378,543,399,258,256,251226.11200000014,15,False,False
164,39,-340.4674789024574,155.62457779041438,1.0,CLIENT,7,2,100000,17,68,0,1960,2901,769,490,303,441,70885.37600000003,22,False,False
164,40,-665.7254082124625,1193.9062177903002,1.0,CLIENT,7,2,100000,13,40,0,1555,2096,796,240,294,481,41697.28000000002,25,False,False
164,41,-2373.8245120261663,1711.5442177900827,1.0,CLIENT,7,2,100000,16,225,0,989,1207,596,155,247,306,234547.20000000013,16,False,False
164,42,1370.7202685059447,469.6582977901136,1.0,CLIENT,7,2,100000,18,256,0,1622,2163,613,289,261,293,266862.592,18,False,False
164,43,1535.051946937389,-822.5442622093743,1.0,CLIENT,7,2,100000,15,50,0,2864,3441,878,553,299,543,52121.60000000003,21,False,False
164,44,-2113.34890221317,1676.7010577902547,1.0,CLIENT,7,2,100000,15,63,0,1208,1621,757,254,254,439,65673.21600000003,17,False,False
164,45,-2608.403033237677,113.65693779038168,1.0,CLIENT,7,2,100000,21,254,0,920,1011,646,116,266,324,264777.72800000006,8,False,False
164,46,326.125165607978,-65.45694220983762,1.0,CLIENT,7,2,100000,12,61,0,2566,3475,726,749,294,404,63588.352000000035,23,False,False
164,47,-1508.2915416262338,306.2405377906052,1.0,CLIENT,7,2,100000,15,188,0,1763,2547,562,697,272,261,195977.2160000001,20,False,False
164,48,-607.5163558524413,-1154.6118222094192,1.0,CLIENT,7,2,100000,14,167,0,890,1545,641,29,260,306,174086.1440000001,16,False,False
164,49,684.5662145627949,-827.2197022094347,1.0,CLIENT,7,2,100000,16,136,0,2726,3717,636,644,271,306,141770.75200000007,26,False,False
164,50,-1406.0455996278488,2758.0643200003115,1.0,CLIENT,7,2,100000,13,55,0,938,1315,725,53,245,450,57333.76000000003,11,False,False
164,51,1812.7962022920597,-2984.8899519996658,1.0,CLIENT,3,0.0,100000,14,156,0,609,927,460,2,239,186,162619.39200000008,10,False,False

165,0,68.81739537964849,-1055.3143822093816,1.0,CLIENT,7,2,100000,13,83,0,2582,3200,876,381,304,508,86521.85600000004,18,False,False
165,1,1231.6521107584892,737.2715777907397,1.0,CLIENT,7,2,100000,17,251,0,1119,1612,507,284,243,232,261650.43200000015,12,False,False
165,2,-2004.8503964533875,2.2256177901311958,1.0,CLIENT,7,2,100000,12,204,0,1637,2184,659,220,270,344,212656.1280000001,19,False,False
165,3,-2094.9754326249167,320.82345779017174,1.0,CLIENT,7,2,100000,12,82,0,2049,2635,839,311,284,504,85479.42400000004,18,False,False
165,4,2288.5225920452813,-3195.5527022097485,1.0,CLIENT,7,2,100000,18,98,0,548,655,526,18,228,242,102158.33600000005,8,False,False
165,5,-192.45017432965506,-66.68146220990991,1.0,CLIENT,7,2,100000,9,109,0,2901,3817,718,531,300,366,113625.08800000006,29,False,False
165,6,129.2439354486551,1559.0358177907149,1.0,CLIENT,7,2,100000,14,225,0,1631,2420,675,97,274,333,234547.20000000013,16,False,False
165,7,-1058.3791246771782,2128.994217790494,1.0,CLIENT,7,2,100000,18,71,0,2501,3068,816,375,290,472,74012.67200000004,21,False,False
165,8,-1156.8989357465266,2050.2909777906652,1.0,CLIENT,7,2,100000,10,100,0,2578,3242,797,401,302,443,104243.20000000006,21,False,False
165,9,-1516.6071205352102,2581.0647377905043,1.0,CLIENT,7,2,100000,17,114,0,1370,2095,759,70,254,422,118837.24800000007,16,False,False
165,10,506.05845399172534,1115.2029777904718,1.0,CLIENT,7,2,100000,12,233,0,1756,2703,633,282,281,305,242886.65600000013,19,False,False
165,11,2230.7095196328505,-1488.126542209765,1.0,CLIENT,7,2,100000,16,232,0,705,1076,522,99,248,242,241844.22400000013,13,False,False
165,12,-1403.8320313368313,1053.6430177900734,1.0,CLIENT,7,2,100000,13,59,0,3443,4061,706,958,284,403,61503.488000000034,28,False,False
165,13,-226.02927392205783,158.85285779017352,1.0,CLIENT,7,2,100000,15,63,0,3183,4441,630,691,284,309,65673.21600000003,29,False,False
165,14,-1289.314630367026,-628.2908622094118,1.0,CLIENT,7,2,100000,14,194,0,1689,2798,644,300,268,321,202231.8080000001,19,False,False
165,15,1806.2982113365638,-2414.4202622100147,1.0,CLIENT,7,2,100000,9,116,0,1011,1157,680,294,253,358,120922.11200000007,11,False,False
165,16,2173.5300151379165,-1854.7033022096898,1.0,CLIENT,7,2,100000,16,75,0,902,1256,727,141,260,445,78182.40000000004,13,False,False
165,17,824.5055281959632,-1146.8194222093186,1.0,CLIENT,7,2,100000,14,137,0,2246,2915,704,467,286,369,142813.18400000007,19,False,False
165,18,350.43833441684836,-1745.721022209584,1.0,CLIENT,7,2,100000,17,270,0,1470,2018,536,174,254,242,281456.6399999996,16,False,False
165,19,451.3340251745562,-187.01838220982324,1.0,CLIENT,7,2,100000,13,48,0,2863,3587,755,632,300,425,50036.736000000026,24,False,False
165,20,-1673.9695518815133,2779.5482977900692,1.0,CLIENT,7,2,100000,10,39,0,1168,1489,787,16,260,475,40654.84800000002,14,False,False
165,21,41.494778965485345,-833.4536222095151,1.0,CLIENT,7,2,100000,16,48,0,2872,3265,808,605,305,458,50036.736000000026,17,False,False
165,22,2672.3063576740556,-3064.3064222096946,1.0,CLIENT,7,2,100000,10,151,0,414,585,399,4,234,148,157407.23200000008,7,False,False
165,23,-1963.351697900162,3023.784377790394,1.0,CLIENT,7,2,100000,17,242,0,737,1032,460,2,246,186,252268.54400000014,9,False,False
165,24,1374.1256960588282,-863.7326622097925,1.0,CLIENT,7,2,100000,10,171,0,1690,2533,670,518,271,346,178255.8720000001,18,False,False
165,25,1770.976799972735,-15.474262209475569,1.0,CLIENT,7,2,100000,14,230,0,901,1304,551,153,259,260,239759.36000000013,11,False,False
165,26,-1058.5375166565523,1146.8178577905405,1.0,CLIENT,7,2,100000,12,41,0,3198,4414,746,625,300,444,42739.71200000002,28,False,False
165,27,1412.3773590385442,-2394.1600222097536,1.0,CLIENT,7,2,100000,13,138,0,971,1440,587,330,243,303,143855.61600000007,12,False,False
165,28,-2389.0301420303153,1179.7685777904005,1.0,CLIENT,7,2,100000,17,69,0,1913,2407,870,130,271,552,71927.80800000003,20,False,False
165,29,-11.091358132666892,-573.1874622093227,1.0,CLIENT,7,2,100000,12,29,0,2887,3417,893,504,304,540,30230.528000000013,22,False,False
165,30,1620.9795956597272,-1438.7004622095797,1.0,CLIENT,7,2,100000,11,129,0,1231,1750,750,304,269,402,134473.72800000006,18,False,False
165,31,-1226.670602589034,-552.1479822094468,1.0,CLIENT,7,2,100000,15,99,0,2124,3068,759,386,279,433,103200.76800000005,20,False,False
165,32,-782.7770808494383,992.6396577906428,1.0,CLIENT,7,2,100000,11,85,0,3414,4202,679,713,284,351,88606.72000000004,29,False,False
165,33,-269.5870682054574,126.2360977902614,1.0,CLIENT,7,2,100000,11,45,0,3245,4447,646,733,289,339,46909.440000000024,28,False,False
165,34,-694.3151604599296,1408.0858977905764,1.0,CLIENT,7,2,100000,12,48,0,2760,3725,828,399,297,495,50036.736000000026,25,False,False
165,35,1349.4957432917724,-313.81186220925485,1.0,CLIENT,7,2,100000,9,75,0,1578,2375,843,289,279,490,78182.40000000004,18,False,False
165,36,-1754.4326773207938,614.2629777904529,1.0,CLIENT,7,2,100000,7,36,0,2784,3561,923,511,297,591,37527.55200000002,22,False,False
165,37,2080.6331193304372,-2867.8266222098164,1.0,CLIENT,7,2,100000,16,61,0,741,918,664,57,237,346,63588.352000000035,8,False,False
165,38,-2375.0124518700645,801.5032177907204,1.0,CLIENT,7,2,100000,14,144,0,1976,2368,794,225,274,424,150110.20800000007,18,False,False
165,39,-1818.10625296331,744.6186977903824,1.0,CLIENT,7,2,100000,16,61,0,2773,3487,834,583,286,525,63588.352000000035,23,False,False
165,40,152.44836040303286,1272.275497790181,1.0,CLIENT,7,2,100000,13,47,0,2129,2910,882,231,288,560,48994.304000000026,18,False,False
165,41,-1841.1522859388763,1352.7598577902584,1.0,CLIENT,7,2,100000,12,45,0,3041,3713,924,489,296,603,46909.440000000024,21,False,False
165,42,-1822.1452484336899,1867.1695777902814,1.0,CLIENT,7,2,100000,17,154,0,2791,3459,676,733,296,331,160534.52800000008,21,False,False
165,43,-684.5740537388378,1281.7376977900203,1.0,CLIENT,7,2,100000,16,37,0,3001,3863,817,472,300,504,38569.98400000002,28,False,False
165,44,708.0082274859524,-263.9405022094027,1.0,CLIENT,7,2,100000,14,169,0,2946,3428,566,791,271,256,176171.0080000001,19,False,False
165,45,-2457.534673038956,1483.4495377901358,1.0,CLIENT,7,2,100000,21,272,0,1531,2212,603,45,258,302,283541.50399999955,20,False,False
165,46,-67.32051075248246,-957.1301422096974,1.0,CLIENT,7,2,100000,12,44,0,2810,3201,829,566,310,480,45867.00800000002,17,False,False
165,47,-488.48478347525963,1699.1876977904317,1.0,CLIENT,7,2,100000,15,184,0,2269,2942,721,272,285,376,191807.4880000001,21,False,False
165,48,-1300.9564408389176,90.27973779008022,1.0,CLIENT,7,2,100000,12,168,0,2862,3758,702,505,272,389,175128.5760000001,27,False,False
165,49,-556.1181585981873,-1039.6182622094616,1.0,CLIENT,7,2,100000,17,247,0,2267,2967,633,345,277,288,257480.70400000014,15,False,False
165,50,-1406.0455996278488,2758.0643200003115,1.0,CLIENT,7,2,100000,13,102,0,1196,1581,732,30,253,379,106328.06400000006,15,False,False
165,51,1812.7962022920597,-2984.8899519996658,1.0,CLIENT,3,0.0,100000,14,89,0,598,675,556,31,236,254,92776.44800000005,8,False,False

166,0,-2449.4566820993223,597.6762977904084,1.0,CLIENT,7,2,100000,16,196,0,976,1258,655,122,274,324,204316.6720000001,11,False,False
166,1,2193.1706205600367,-2142.354182209557,1.0,CLIENT,7,2,100000,17,88,0,1075,1418,753,189,252,420,91734.01600000005,13,False,False
166,2,47.830458133693355,1331.3864177904347,1.0,CLIENT,7,2,100000,12,37,0,1296,1798,855,118,262,566,38569.98400000002,19,False,False
166,3,-1112.7075735467565,-90.726582209316,1.0,CLIENT,7,2,100000,12,37,0,2495,3356,779,488,293,479,38569.98400000002,22,False,False
166,4,-2294.2325424725987,38.84989779020799,1.0,CLIENT,7,2,100000,17,253,0,1048,1257,583,109,273,266,263735.2960000001,11,False,False
166,5,1104.6217434310795,-2398.8354622098136,1.0,CLIENT,7,2,100000,10,192,0,1249,1658,571,462,249,272,200146.9440000001,16,False,False
166,6,2084.2761348521003,-141.59982220980254,1.0,CLIENT,7,2,100000,15,157,0,1348,1553,697,68,257,334,163661.82400000008,11,False,False
166,7,1906.0059622498106,-570.9610622094069,1.0,CLIENT,7,2,100000,20,181,0,1595,1829,715,199,255,341,188680.1920000001,16,False,False
166,8,2309.034353353114,-3420.9757022093218,1.0,CLIENT,7,2,100000,13,238,0,354,483,348,0,245,92,248098.81600000014,7,False,False
166,9,-1398.2091160749621,-320.37974220928305,1.0,CLIENT,7,2,100000,17,222,0,2090,2644,565,362,270,255,231419.90400000013,20,False,False
166,10,-749.3563732358468,-541.6839022097639,1.0,CLIENT,7,2,100000,12,78,0,2921,3197,911,357,318,510,81309.69600000004,22,False,False
166,11,-1806.0684625432646,2335.826777790336,1.0,CLIENT,7,2,100000,16,140,0,1030,1188,757,83,257,379,145940.48000000007,12,False,False
166,12,64.69920391986311,-1100.3989822094545,1.0,CLIENT,7,2,100000,15,133,0,3249,3767,737,622,310,376,138643.45600000006,21,False,False
166,13,1407.6255996618254,-2076.452742209837,1.0,CLIENT,7,2,100000,17,60,0,1624,2168,818,427,259,505,62545.920000000035,17,False,False
166,14,-32.47427532621299,165.64337779043058,1.0,CLIENT,7,2,100000,14,143,0,2441,3935,632,392,292,304,149067.77600000007,28,False,False
166,15,-343.31853452837606,1145.5933377904682,1.0,CLIENT,7,2,100000,9,42,0,1646,2306,849,269,264,516,43782.14400000002,23,False,False
166,16,-877.3370924389382,-1056.093622209787,1.0,CLIENT,7,2,100000,17,232,0,2262,2900,638,207,290,294,241844.22400000013,16,False,False
166,17,-361.6128081272238,-165.5336222094897,1.0,CLIENT,7,2,100000,12,71,0,3077,3735,848,516,319,465,74012.67200000004,26,False,False
166,18,1476.605306608588,-1161.847622209343,1.0,CLIENT,7,2,100000,15,136,0,1999,2853,727,389,279,386,141770.75200000007,21,False,False
166,19,-475.4966411800957,1094.6087777902628,1.0,CLIENT,7,2,100000,14,111,0,1671,2475,762,328,262,413,115709.95200000006,24,False,False
166,20,1529.42903167552,-917.2775822098615,1.0,CLIENT,7,2,100000,10,43,0,1950,2790,809,356,283,500,44824.57600000002,22,False,False
166,21,-582.3320311578577,-1053.0879822094657,1.0,CLIENT,7,2,100000,16,55,0,2782,3406,838,501,320,489,57333.76000000003,18,False,False
166,22,1352.5843868859083,422.4586177906349,1.0,CLIENT,7,2,100000,10,193,0,1412,2117,588,187,252,287,201189.3760000001,18,False,False
166,23,-878.5250322828365,-818.2027822092618,1.0,CLIENT,7,2,100000,14,24,0,2523,3109,899,221,308,552,25018.36800000001,16,False,False
166,24,1116.580337861719,-608.4759022096082,1.0,CLIENT,7,2,100000,9,24,0,2673,3410,795,673,284,480,25018.36800000001,23,False,False
166,25,-2465.216684030999,436.37361779030584,1.0,CLIENT,7,2,100000,13,58,0,1019,1363,755,119,280,454,60461.05600000003,8,False,False
166,26,217.78505182756948,-1145.4835822095274,1.0,CLIENT,7,2,100000,12,48,0,3293,3896,819,640,318,482,50036.736000000026,23,False,False
166,27,-1091.4830483320218,1966.9122977899858,1.0,CLIENT,7,2,100000,12,127,0,1650,1951,661,668,263,353,132388.86400000006,15,False,False
166,28,-1902.133197934848,1167.7460177906974,1.0,CLIENT,7,2,100000,17,153,0,1562,2068,656,529,264,350,159492.09600000008,17,False,False
166,29,289.6950103896565,1259.2510577906344,1.0,CLIENT,7,2,100000,12,109,0,1299,1810,699,177,254,376,113625.08800000006,16,False,False
166,30,546.9235846285802,-1465.528582209869,1.0,CLIENT,7,2,100000,10,71,0,2478,3331,812,433,296,487,74012.67200000004,24,False,False
166,31,251.60173938931464,-1805.1659022097854,1.0,CLIENT,7,2,100000,18,270,0,1411,2402,492,154,256,215,281456.6399999996,20,False,False
166,32,1083.0804342581594,-826.7744222097679,1.0,CLIENT,7,2,100000,11,28,0,2708,3570,743,780,287,438,29188.096000000012,24,False,False
166,33,-1546.147224657796,-22.376102209451574,1.0,CLIENT,7,2,100000,11,79,0,2036,2756,769,456,307,450,82352.12800000004,19,False,False
166,34,350.1215504586631,-271.28762220983646,1.0,CLIENT,7,2,100000,12,154,0,2869,4009,720,314,288,378,160534.52800000008,30,False,False
166,35,1042.769675548832,-556.2668222093305,1.0,CLIENT,7,2,100000,9,123,0,2805,3480,652,753,273,317,128219.13600000007,22,False,False
166,36,-2234.9939422474904,1660.3370177904392,1.0,CLIENT,7,2,100000,10,222,0,1042,1409,578,234,254,283,231419.90400000013,13,False,False
166,37,-205.7551005830044,2007.5440977902272,1.0,CLIENT,7,2,100000,16,232,0,1160,1449,651,147,253,338,241844.22400000013,15,False,False
166,38,-1278.0687998427252,2157.937417790189,1.0,CLIENT,7,2,100000,14,52,0,1501,1755,861,428,268,567,54206.46400000003,15,False,False
166,39,2079.4451794865386,-2421.7673822096576,1.0,CLIENT,7,2,100000,20,96,0,1080,1223,753,254,246,394,100073.47200000005,12,False,False
166,40,-952.969262512094,1157.1706177905046,1.0,CLIENT,7,2,100000,13,116,0,1617,2703,657,454,266,369,120922.11200000007,26,False,False
166,41,1678.1591001546615,-2821.2948622094423,1.0,CLIENT,7,2,100000,16,85,0,1049,1113,723,258,250,386,88606.72000000004,11,False,False
166,42,-1524.051543557911,2147.0280577900485,1.0,CLIENT,7,2,100000,18,43,0,1306,1570,900,236,262,567,44824.57600000002,14,False,False
166,43,218.97299167146778,1600.335537790061,1.0,CLIENT,7,2,100000,16,130,0,955,1337,669,25,250,338,135516.16000000006,16,False,False
166,44,228.63490240371652,-13.804462209736528,1.0,CLIENT,7,2,100000,14,66,0,2751,3956,745,396,294,420,68800.51200000003,31,False,False
166,45,1576.3922535118033,273.28981779074525,1.0,CLIENT,7,2,100000,20,86,0,1351,1913,742,56,252,395,89649.15200000005,15,False,False
166,46,-1588.8338630554827,2233.857657790716,1.0,CLIENT,7,2,100000,12,38,0,1250,1498,898,167,264,548,39612.41600000002,13,False,False
166,47,1886.0485728695053,-1746.5002622099894,1.0,CLIENT,7,2,100000,16,192,0,1355,1948,621,284,248,304,200146.9440000001,17,False,False
166,48,198.4612303636347,1275.9490577903978,1.0,CLIENT,7,2,100000,12,51,0,1314,1867,796,137,256,514,53164.03200000003,17,False,False
166,49,-243.84837158334625,-424.5752622096097,1.0,CLIENT,7,2,100000,15,42,0,3110,3879,917,448,312,566,43782.14400000002,27,False,False
166,50,-1406.0455996278488,2758.0643200003115,1.0,CLIENT,7,2,100000,15,228,0,654,964,456,14,250,176,237674.49600000013,10,False,False
166,51,1812.7962022920597,-2984.8899519996658,1.0,CLIENT,3,0.0,100000,14,132,0,853,957,654,139,251,305,137601.02400000006,7,False,False

167,0,-2287.2632953868947,-27.051542209511865,1.0,CLIENT,7,2,100000,13,67,0,1661,2101,785,308,283,475,69842.94400000003,14,False,False
167,1,-326.92496467976565,-625.0625822096526,1.0,CLIENT,7,2,100000,15,60,0,1823,2322,870,475,286,546,62545.920000000035,19,False,False
167,2,-2510.2792021164823,1907.1334577906273,1.0,CLIENT,7,2,100000,14,227,0,1023,1684,560,59,252,259,236632.06400000013,15,False,False
167,3,-2072.246183608098,2335.826777790336,1.0,CLIENT,7,2,100000,15,221,0,1491,1897,628,142,262,312,230377.47200000013,16,False,False
167,4,-1022.9785173233811,-374.4812622095287,1.0,CLIENT,7,2,100000,16,55,0,1768,2665,894,215,287,588,57333.76000000003,19,False,False
167,5,-502.9776495730701,-1084.8141822092534,1.0,CLIENT,7,2,100000,9,203,0,1537,1740,748,242,284,408,211613.6960000001,15,False,False
167,6,-2454.366833454852,194.14129779045908,1.0,CLIENT,7,2,100000,14,157,0,1248,1820,702,90,278,375,163661.82400000008,14,False,False
167,7,1369.8491126202316,-1615.8105822093212,1.0,CLIENT,7,2,100000,18,139,0,1926,2407,697,508,263,388,144898.04800000007,17,False,False
167,8,1872.5852546367819,-1735.145622209391,1.0,CLIENT,7,2,100000,10,167,0,1958,2460,623,588,259,321,174086.1440000001,17,False,False
167,9,1801.9424319085615,-859.8364622093468,1.0,CLIENT,7,2,100000,16,48,0,1679,2032,921,112,268,593,50036.736000000026,16,False,False
167,10,-1309.4304117267054,965.5888977901245,1.0,CLIENT,7,2,100000,12,146,0,2100,3019,679,338,275,353,152195.07200000007,30,False,False
167,11,2091.32457792721,-539.902782209515,1.0,CLIENT,7,2,100000,16,198,0,1378,1735,644,67,254,325,206401.5360000001,11,False,False
167,12,-629.4536449729522,1572.0602577902614,1.0,CLIENT,7,2,100000,15,72,0,2497,2965,791,548,291,462,75055.10400000004,22,False,False
167,13,278.3699838759501,1413.76321779048,1.0,CLIENT,7,2,100000,18,149,0,1188,1761,615,190,267,330,155322.36800000007,16,False,False
167,14,-1578.7759723756428,-718.2374222093288,1.0,CLIENT,7,2,100000,14,66,0,1709,2109,735,423,284,436,68800.51200000003,17,False,False
167,15,2275.5344497495544,-792.153902209378,1.0,CLIENT,7,2,100000,9,146,0,1534,1800,718,168,270,409,152195.07200000007,11,False,False
167,16,-992.646453304488,2419.7620577904017,1.0,CLIENT,7,2,100000,15,51,0,1930,2497,865,232,267,528,53164.03200000003,18,False,False
167,17,386.8684896357326,355.2213377903328,1.0,CLIENT,7,2,100000,14,189,0,1243,1929,593,331,284,278,197019.6480000001,19,False,False
167,18,771.5234111496571,-2234.5271422093897,1.0,CLIENT,7,2,100000,17,264,0,1024,1517,493,93,251,232,275202.0479999998,13,False,False
167,19,-2231.9844946421977,1075.9070177900217,1.0,CLIENT,7,2,100000,16,218,0,1799,2442,580,483,252,281,227250.17600000012,19,False,False
167,20,844.6213095556425,84.04581778999983,1.0,CLIENT,7,2,100000,11,251,0,998,1785,528,61,259,268,261650.43200000015,18,False,False
167,21,2533.079807947226,-3259.3390622092716,1.0,CLIENT,7,2,100000,18,93,0,483,601,458,23,205,207,96946.17600000005,6,False,False
167,22,-1222.0772351916894,1938.637017790186,1.0,CLIENT,7,2,100000,9,30,0,2734,3300,738,874,279,454,31272.960000000014,19,False,False
167,23,1481.7530459328977,-1436.4740622096638,1.0,CLIENT,7,2,100000,13,20,0,2068,2422,815,642,273,521,20848.640000000007,18,False,False
167,24,2612.1966015632343,-2889.9793022092545,1.0,CLIENT,7,2,100000,11,95,0,648,767,538,102,214,264,99031.04000000005,8,False,False
167,25,-1363.1252926793502,2425.995977790482,1.0,CLIENT,7,2,100000,12,47,0,1900,2468,797,358,267,486,48994.304000000026,18,False,False
167,26,1418.2378622691929,-1116.985662209499,1.0,CLIENT,7,2,100000,12,47,0,1979,2533,892,427,273,592,48994.304000000026,17,False,False
167,27,-2053.5559300610967,1026.2582977903983,1.0,CLIENT,7,2,100000,13,68,0,2084,2635,751,552,275,438,70885.37600000003,22,False,False
167,28,-633.5718364327377,13.023657790552932,1.0,CLIENT,7,2,100000,17,190,0,2183,2916,541,773,261,251,198062.0800000001,23,False,False
167,29,-1407.9502227960538,-733.2656222093531,1.0,CLIENT,7,2,100000,12,213,0,1613,2048,649,323,277,329,222038.01600000012,17,False,False
167,30,-733.9923512523235,-790.8180622095867,1.0,CLIENT,7,2,100000,10,71,0,1711,1839,877,293,283,542,74012.67200000004,18,False,False
167,31,2510.3505589304077,-2165.7313822098586,1.0,CLIENT,7,2,100000,18,101,0,993,1529,627,194,214,333,105285.63200000006,15,False,False
167,32,2434.9559768260315,-3018.665222209445,1.0,CLIENT,7,2,100000,15,78,0,639,783,572,61,211,294,81309.69600000004,10,False,False
167,33,-1730.357096480703,626.6194977901037,1.0,CLIENT,7,2,100000,11,72,0,2108,3012,808,496,284,480,75055.10400000004,23,False,False
167,34,-879.0794042098014,1086.8163777901623,1.0,CLIENT,7,2,100000,12,155,0,2244,3174,658,451,279,332,161576.96000000008,28,False,False
167,35,-1249.8750275434118,860.1688577905165,1.0,CLIENT,7,2,100000,9,38,0,2194,2999,771,409,279,454,39612.41600000002,30,False,False
167,36,1178.194817774624,-591.4439422098972,1.0,CLIENT,7,2,100000,8,181,0,2047,2545,616,650,273,308,188680.1920000001,17,False,False
167,37,276.6276721045241,1743.3817377903802,1.0,CLIENT,7,2,100000,16,235,0,1017,1621,551,72,256,250,244971.52000000014,16,False,False
167,38,204.55932156362576,-74.36254220950048,1.0,CLIENT,7,2,100000,14,86,0,1689,2288,809,506,295,476,89649.15200000005,23,False,False
167,39,2790.9419501030834,-1943.8706222099922,1.0,CLIENT,7,2,100000,21,175,0,636,1185,465,86,206,212,182425.6000000001,12,False,False
167,40,112.13760169370566,-1212.2755822093718,1.0,CLIENT,7,2,100000,14,263,0,1531,2527,562,379,268,278,274159.6159999998,20,False,False
167,41,-517.7872996290658,2179.088217790575,1.0,CLIENT,7,2,100000,13,106,0,2296,2581,773,521,283,410,110497.79200000006,15,False,False
167,42,-228.80113355857088,1451.9459777905768,1.0,CLIENT,7,2,100000,18,79,0,2027,2736,838,337,288,498,82352.12800000004,20,False,False
167,43,-2472.6611070537,-203.04846220969097,1.0,CLIENT,7,2,100000,17,249,0,1187,1670,528,139,255,226,259565.56800000014,13,False,False
167,44,785.937081258062,-2073.3357822097973,1.0,CLIENT,7,2,100000,15,98,0,1421,1763,724,175,272,409,102158.33600000005,14,False,False
167,45,-1409.138162640515,-808.6292622097034,1.0,CLIENT,7,2,100000,18,58,0,1549,1979,808,242,279,516,60461.05600000003,15,False,False
167,46,-1254.072414992603,2475.7560177906153,1.0,CLIENT,7,2,100000,12,26,0,1839,2363,806,271,265,495,27103.23200000001,19,False,False
167,47,1157.7622524561966,-937.6491422098417,1.0,CLIENT,7,2,100000,14,40,0,2241,2713,722,890,274,445,41697.28000000002,18,False,False
167,48,-483.97061206788334,2739.139137790057,1.0,CLIENT,7,2,100000,14,228,0,1533,1925,594,114,252,292,237674.49600000013,13,False,False
167,49,-1254.2308069719768,1863.3846977903456,1.0,CLIENT,7,2,100000,15,67,0,2831,3337,663,981,277,382,69842.94400000003,19,False,False
167,50,-1406.0455996278488,2758.0643200003115,1.0,CLIENT,7,2,100000,15,186,0,1577,1847,620,204,250,289,193892.3520000001,16,False,False
167,51,1812.7962022920597,-2984.8899519996658,1.0,CLIENT,3,0.0,100000,14,165,0,413,837,350,51,203,124,172001.2800000001,10,False,False

168,0,1758.4638336145676,-1319.3654222095097,1.0,CLIENT,7,2,100000,13,84,0,1985,2578,753,504,292,419,87564.28800000004,19,False,False
168,1,-143.7446407219458,973.8265777906827,1.0,CLIENT,7,2,100000,17,200,0,2031,2587,691,383,275,335,208486.4000000001,23,False,False
168,2,-720.2122490614147,1559.8150577903293,1.0,CLIENT,7,2,100000,10,21,0,2340,2983,796,630,298,479,21891.072000000007,23,False,False
168,3,-2228.737459068688,-34.955262209331295,1.0,CLIENT,7,2,100000,14,154,0,1086,1463,729,58,265,353,160534.52800000008,13,False,False
168,4,555.793535463959,-1234.8735422092677,1.0,CLIENT,7,2,100000,16,243,0,1787,2496,608,447,275,299,253310.97600000014,21,False,False
168,5,591.3525347971301,1310.7922177902255,1.0,CLIENT,7,2,100000,10,164,0,1130,1881,680,211,284,371,170958.8480000001,14,False,False
168,6,-2357.2725501987443,2045.3928977903763,1.0,CLIENT,7,2,100000,15,240,0,1120,1634,615,109,261,313,250183.68000000014,17,False,False
168,7,-1928.9806384114518,2232.855777790082,1.0,CLIENT,7,2,100000,18,61,0,1827,2450,854,345,262,563,63588.352000000035,18,False,False
168,8,-2126.8122204464557,1695.6254577907248,1.0,CLIENT,7,2,100000,10,47,0,1984,2598,860,341,285,527,48994.304000000026,18,False,False
168,9,-179.54122802389665,2093.4831377899795,1.0,CLIENT,7,2,100000,19,228,0,1861,2080,621,389,259,287,237674.49600000013,16,False,False
168,10,-540.1997646876989,2063.315417790212,1.0,CLIENT,7,2,100000,12,76,0,2058,2745,827,357,296,480,79224.83200000004,18,False,False
168,11,-2254.396959700831,-397.74714220932026,1.0,CLIENT,7,2,100000,15,63,0,1088,1227,793,19,264,442,65673.21600000003,12,False,False
168,12,1455.063997435668,-2114.5241822094245,1.0,CLIENT,7,2,100000,15,74,0,1922,2392,782,581,262,474,77139.96800000004,16,False,False
168,13,1258.6579432139044,-2526.0742222097033,1.0,CLIENT,7,2,100000,18,74,0,1115,1734,738,107,251,466,77139.96800000004,14,False,False
168,14,-1381.3403702887924,1083.0314977902265,1.0,CLIENT,7,2,100000,14,72,0,2289,3191,762,371,295,445,75055.10400000004,27,False,False
168,15,138.5890622221558,-929.1888222098455,1.0,CLIENT,7,2,100000,9,129,0,1639,2083,804,219,300,458,134473.72800000006,17,False,False
168,16,2593.664739995607,-2605.890662209885,1.0,CLIENT,7,2,100000,18,151,0,711,996,575,9,233,257,157407.23200000008,11,False,False
168,17,-732.3292354708658,1226.8569377901601,1.0,CLIENT,7,2,100000,13,111,0,2052,2917,738,397,297,397,115709.95200000006,26,False,False
168,18,1829.1858523327564,-2966.567462209677,1.0,CLIENT,7,2,100000,17,96,0,1180,1254,750,183,240,375,100073.47200000005,10,False,False
168,19,1950.5141084083289,-958.1320222095408,1.0,CLIENT,7,2,100000,15,115,0,1559,2176,730,127,270,399,119879.68000000007,18,False,False
168,20,-1810.899417909389,2149.2544577899644,1.0,CLIENT,7,2,100000,10,28,0,2255,2787,926,433,275,622,29188.096000000012,18,False,False
168,21,476.20156591039165,1499.0343377903366,1.0,CLIENT,7,2,100000,18,133,0,1415,1907,737,222,274,385,138643.45600000006,14,False,False
168,22,2353.859283469818,-730.4826222092606,1.0,CLIENT,7,2,100000,10,251,0,1040,1554,483,43,251,226,261650.43200000015,13,False,False
168,23,1482.3866138498313,-92.61902220928391,1.0,CLIENT,7,2,100000,14,108,0,1762,2090,765,368,303,420,112582.65600000006,14,False,False
168,24,-1986.2393388963544,586.7669377902678,1.0,CLIENT,7,2,100000,10,114,0,1616,2291,766,293,295,438,118837.24800000007,20,False,False
168,25,-482.2283002964573,-236.11050220926984,1.0,CLIENT,7,2,100000,13,140,0,1281,1904,705,168,286,372,145940.48000000007,24,False,False
168,26,-458.86548336270556,-711.5582222095816,1.0,CLIENT,7,2,100000,12,52,0,1413,1719,850,194,286,543,54206.46400000003,16,False,False
168,27,1544.3178777214841,-2594.6473422097965,1.0,CLIENT,7,2,100000,13,79,0,1315,1591,831,182,250,528,82352.12800000004,14,False,False
168,28,-1852.7149004213625,2490.3389377901817,1.0,CLIENT,7,2,100000,17,69,0,1506,2158,832,239,264,543,71927.80800000003,16,False,False
168,29,-1895.955910746014,-628.7361422098695,1.0,CLIENT,7,2,100000,12,203,0,999,1382,640,48,265,308,211613.6960000001,13,False,False
168,30,-1958.3623505552264,577.0820977901994,1.0,CLIENT,7,2,100000,10,64,0,1710,2369,808,322,290,485,66715.64800000003,19,False,False
168,31,-409.843165796811,-899.3550622100258,1.0,CLIENT,7,2,100000,16,264,0,1332,1587,640,216,277,317,275202.0479999998,13,False,False
168,32,979.7296678232493,461.3092977906274,1.0,CLIENT,7,2,100000,15,243,0,1090,1595,566,221,268,281,253310.97600000014,17,False,False
168,33,1159.0293882900635,-1175.0947022099092,1.0,CLIENT,7,2,100000,11,134,0,2033,2652,740,489,296,393,139685.88800000006,22,False,False
168,34,-1961.7677781081097,381.7154977906745,1.0,CLIENT,7,2,100000,12,109,0,1604,2089,732,388,282,410,113625.08800000006,21,False,False
168,35,1259.7666870683972,181.3394977903505,1.0,CLIENT,7,2,100000,9,38,0,1232,2044,708,120,278,429,39612.41600000002,16,False,False
168,36,-1351.2458942386788,-276.51966220928244,1.0,CLIENT,7,2,100000,8,135,0,1831,2162,697,593,303,355,140728.32000000007,17,False,False
168,37,-740.9615983380276,1554.2490577901447,1.0,CLIENT,7,2,100000,14,59,0,2357,2984,738,660,284,430,61503.488000000034,23,False,False
168,38,-896.9776978610582,2680.2508577900317,1.0,CLIENT,7,2,100000,17,240,0,1640,2068,540,292,246,253,250183.68000000014,17,False,False
168,39,2587.3290608268358,-2176.4181022097705,1.0,CLIENT,7,2,100000,20,176,0,849,1408,491,98,228,212,183468.0320000001,13,False,False
168,40,1626.444118942222,336.0742977904249,1.0,CLIENT,7,2,100000,15,221,0,921,1512,500,71,267,202,230377.47200000013,13,False,False
168,41,-1058.7751046253318,1436.9177777905525,1.0,CLIENT,7,2,100000,12,30,0,2541,3366,797,663,311,488,31272.960000000014,25,False,False
168,42,941.0820248953796,-2266.809942209354,1.0,CLIENT,7,2,100000,20,230,0,1350,1827,623,226,253,299,239759.36000000013,15,False,False
168,43,1353.9307187091804,-2415.533462209577,1.0,CLIENT,7,2,100000,16,48,0,1367,1945,829,207,258,544,50036.736000000026,14,False,False
168,44,-1840.5979140113486,2659.9906177905614,1.0,CLIENT,7,2,100000,17,201,0,1184,1740,604,204,254,277,209528.8320000001,15,False,False
168,45,-232.91932501779354,-338.85886220929535,1.0,CLIENT,7,2,100000,19,60,0,1449,1999,822,277,283,515,62545.920000000035,19,False,False
168,46,1398.9932367952263,-849.8176622093306,1.0,CLIENT,7,2,100000,12,54,0,2078,2593,788,543,291,470,56291.32800000003,20,False,False
168,47,-1729.169156636242,1250.4567777906905,1.0,CLIENT,7,2,100000,15,238,0,2336,2886,580,482,268,268,248098.81600000014,24,False,False
168,48,894.2771950384705,-999.5430622093968,1.0,CLIENT,7,2,100000,11,42,0,1941,2925,803,402,306,505,43782.14400000002,20,False,False
168,49,-942.277803915321,-337.30038220927526,1.0,CLIENT,7,2,100000,17,88,0,1457,2116,780,327,306,467,91734.01600000005,20,False,False
168,50,-1406.0455996278488,2758.0643200003115,1.0,CLIENT,7,2,100000,12,78,0,1480,2211,777,168,272,472,81309.69600000004,15,False,False
168,51,1812.7962022920597,-2984.8899519996658,1.0,CLIENT,3,0.0,100000,14,143,0,980,1150,647,88,239,298,149067.77600000007,9,False,False

169,0,1841.9364066591406,-153.9563422094534,1.0,CLIENT,7,2,100000,14,192,0,779,1289,532,68,261,229,200146.9440000001,11,False,False
169,1,299.11933315256283,-1683.7157822095187,1.0,CLIENT,7,2,100000,15,76,0,1213,1776,771,162,276,461,79224.83200000004,15,False,False
169,2,199.3323862493477,1121.3255777900422,1.0,CLIENT,7,2,100000,11,43,0,3435,4175,910,386,294,536,44824.57600000002,24,False,False
169,3,384.2550219785936,1718.3347377903397,1.0,CLIENT,7,2,100000,14,219,0,1841,2713,662,58,272,326,228292.60800000012,19,False,False
169,4,-82.92212070478553,24.26697779064142,1.0,CLIENT,7,2,100000,15,29,0,3832,4691,844,550,308,507,30230.528000000013,27,False,False
169,5,-1886.4523919931394,549.1407777903476,1.0,CLIENT,7,2,100000,10,91,0,1902,2487,795,146,248,417,94861.31200000005,24,False,False
169,6,911.225136814046,-1719.4495022094711,1.0,CLIENT,7,2,100000,13,58,0,1416,1766,744,446,269,457,60461.05600000003,18,False,False
169,7,1472.1703311906174,-2494.4593422096345,1.0,CLIENT,7,2,100000,18,108,0,1195,1377,706,314,248,419,112582.65600000006,12,False,False
169,8,-2403.2062241699405,685.9530577905864,1.0,CLIENT,7,2,100000,13,110,0,743,1325,558,3,233,252,114667.52000000006,16,False,False
169,9,-1166.7192384575867,364.01561779027674,1.0,CLIENT,7,2,100000,16,104,0,3546,4295,779,387,274,416,108412.92800000006,23,False,False
169,10,1854.053393068592,-428.9167422097222,1.0,CLIENT,7,2,100000,12,138,0,1073,1467,624,287,277,334,143855.61600000007,11,False,False
169,11,-2506.79457857363,244.9032177904357,1.0,CLIENT,7,2,100000,16,192,0,593,936,447,2,229,170,200146.9440000001,10,False,False
169,12,753.1499415614038,175.66217779044678,1.0,CLIENT,7,2,100000,15,101,0,2689,3384,807,539,307,445,105285.63200000006,23,False,False
169,13,-315.99591811421294,670.5908977906142,1.0,CLIENT,7,2,100000,15,34,0,4263,4928,804,708,297,465,35442.68800000002,28,False,False
169,14,-1827.530575726779,904.1402577902361,1.0,CLIENT,7,2,100000,14,137,0,2155,2851,713,242,243,399,142813.18400000007,24,False,False
169,15,-368.3444672435855,-252.02926220941862,1.0,CLIENT,7,2,100000,8,158,0,3466,4233,658,619,286,319,164704.25600000008,27,False,False
169,16,-2010.6317036946307,2404.5112177901483,1.0,CLIENT,7,2,100000,16,68,0,848,1164,687,46,237,430,70885.37600000003,14,False,False
169,17,2534.2677477911243,-1296.5448222093848,1.0,CLIENT,7,2,100000,15,241,0,594,850,438,56,235,199,251226.11200000014,10,False,False
169,18,165.67409066697655,532.5540977903031,1.0,CLIENT,7,2,100000,15,89,0,3859,4716,725,762,298,386,92776.44800000005,26,False,False
169,19,-108.58162133692831,718.3471777902696,1.0,CLIENT,7,2,100000,13,24,0,4347,4928,728,910,287,418,25018.36800000001,26,False,False
169,20,-1126.329283758854,130.35493779014502,1.0,CLIENT,7,2,100000,9,30,0,3515,4366,761,576,287,422,31272.960000000014,25,False,False
169,21,-1854.694800161568,2389.260377790686,1.0,CLIENT,7,2,100000,18,82,0,999,1261,743,79,239,420,85479.42400000004,17,False,False
169,22,-634.6805802872303,592.8895377906292,1.0,CLIENT,7,2,100000,10,32,0,3985,4708,872,365,304,473,33357.824000000015,28,False,False
169,23,-2342.0669201940323,2295.4176177903237,1.0,CLIENT,7,2,100000,17,192,0,470,763,424,9,228,153,200146.9440000001,13,False,False
169,24,-1072.5552068162406,2564.47805779046,1.0,CLIENT,7,2,100000,10,27,0,1185,1619,768,250,255,487,28145.66400000001,15,False,False
169,25,-359.39532041823844,-867.7401822099571,1.0,CLIENT,7,2,100000,12,48,0,2211,2992,872,410,285,527,50036.736000000026,20,False,False
169,26,-1296.679857400321,2303.8779377903197,1.0,CLIENT,7,2,100000,12,59,0,1528,2136,814,305,249,494,61503.488000000034,20,False,False
169,27,-1662.4069373990274,712.0019377904703,1.0,CLIENT,7,2,100000,12,69,0,2520,3041,799,271,252,459,71927.80800000003,25,False,False
169,28,462.8174436670739,-400.86410220936045,1.0,CLIENT,7,2,100000,17,202,0,2297,3686,619,437,281,292,210571.2640000001,28,False,False
169,29,835.4345747615159,-1871.1786622100153,1.0,CLIENT,7,2,100000,12,217,0,1317,1558,600,413,264,296,226207.74400000012,16,False,False
169,30,1846.8465580146708,-2685.261822209609,1.0,CLIENT,7,2,100000,11,116,0,864,1184,695,96,251,384,120922.11200000007,10,False,False
169,31,-807.6446215858364,2510.599177790443,1.0,CLIENT,7,2,100000,18,219,0,1063,1752,585,173,245,271,228292.60800000012,17,False,False
169,32,1873.8523904700858,-1663.5668622097674,1.0,CLIENT,7,2,100000,14,190,0,1194,1511,627,387,256,321,198062.0800000001,15,False,False
169,33,-990.8249455436563,43.30269779003942,1.0,CLIENT,7,2,100000,11,118,0,3606,4364,650,617,290,329,123006.97600000007,25,False,False
169,34,708.7209913928541,1153.7196977905164,1.0,CLIENT,7,2,100000,13,244,0,2255,3200,620,319,280,280,254353.40800000014,19,False,False
169,35,1344.506395946274,189.91113779006554,1.0,CLIENT,7,2,100000,11,249,0,1320,1953,640,244,267,338,259565.56800000014,16,False,False
169,36,-654.0835977405708,969.4850977905702,1.0,CLIENT,7,2,100000,7,27,0,4068,4794,777,659,300,432,28145.66400000001,30,False,False
169,37,242.89018053274728,-1195.911542209556,1.0,CLIENT,7,2,100000,14,134,0,1905,2448,689,563,263,358,139685.88800000006,21,False,False
169,38,-1853.190076358922,2283.7290177905684,1.0,CLIENT,7,2,100000,16,74,0,1109,1402,764,112,242,459,77139.96800000004,17,False,False
169,39,2053.944070833207,-3198.4470222095597,1.0,CLIENT,7,2,100000,20,187,0,400,482,395,0,215,153,194934.7840000001,8,False,False
169,40,-411.82306553701665,1255.9114577903654,1.0,CLIENT,7,2,100000,11,31,0,3588,4646,832,623,307,505,32315.392000000014,29,False,False
169,41,-1000.9620322129017,1070.00705779068,1.0,CLIENT,7,2,100000,13,85,0,3335,4436,774,364,282,421,88606.72000000004,31,False,False
169,42,-623.7515337216777,1020.8036177907235,1.0,CLIENT,7,2,100000,17,47,0,4040,4776,727,740,294,398,48994.304000000026,31,False,False
169,43,-17.189449332095233,-1735.3682622096198,1.0,CLIENT,7,2,100000,17,223,0,1155,1452,578,241,262,269,232462.33600000013,14,False,False
169,44,1619.95004779464,-1442.5966622100254,1.0,CLIENT,7,2,100000,14,64,0,1407,1884,695,556,262,429,66715.64800000003,17,False,False
169,45,1627.5528627967149,-2202.912262209321,1.0,CLIENT,7,2,100000,19,114,0,1281,1534,737,362,251,434,118837.24800000007,13,False,False
169,46,-818.6528641407948,-1018.4674622098669,1.0,CLIENT,7,2,100000,14,265,0,1537,2234,537,252,261,263,276244.47999999975,18,False,False
169,47,-92.5048354470659,22.597177790111402,1.0,CLIENT,7,2,100000,15,56,0,3877,4690,811,574,304,473,58376.19200000003,27,False,False
169,48,-157.12876296526352,2028.583577790103,1.0,CLIENT,7,2,100000,14,249,0,2114,2952,599,347,267,302,259565.56800000014,19,False,False
169,49,-1084.592997236286,1404.4123377903593,1.0,CLIENT,7,2,100000,16,84,0,3157,4141,614,757,287,296,87564.28800000004,31,False,False
169,50,-1406.0455996278488,2758.0643200003115,1.0,CLIENT,7,2,100000,15,126,0,861,1149,666,91,242,301,131346.43200000006,13,False,False
169,51,1812.7962022920597,-2984.8899519996658,1.0,CLIENT,3,0.0,100000,14,65,0,539,687,531,3,221,272,67758.08000000003,8,False,False

170,0,-1745.9587064330058,-790.3727822099199,1.0,CLIENT,7,2,100000,14,222,0,1575,1792,668,251,269,339,231419.90400000013,11,False,False
170,1,1958.6712953379313,-1293.6505022095735,1.0,CLIENT,7,2,100000,15,163,0,1536,2179,625,186,278,320,169916.41600000008,20,False,False
170,2,2068.4369369310175,-2586.9662622094147,1.0,CLIENT,7,2,100000,12,65,0,1256,1834,841,85,251,531,67758.08000000003,16,False,False
170,3,28.58583265972695,-1026.4825022094053,1.0,CLIENT,7,2,100000,12,56,0,2055,2840,820,326,285,496,58376.19200000003,22,False,False
170,4,1948.4550126787176,-3118.5192622096592,1.0,CLIENT,7,2,100000,17,153,0,870,972,663,8,241,324,159492.09600000008,13,False,False
170,5,-1034.3035438370875,-810.2990622094424,1.0,CLIENT,7,2,100000,9,39,0,1927,2343,845,274,282,526,40654.84800000002,17,False,False
170,6,863.7075430507977,1171.864857790581,1.0,CLIENT,7,2,100000,13,69,0,2238,2634,870,249,297,514,71927.80800000003,14,False,False
170,7,-802.100902313373,-357.33798220930765,1.0,CLIENT,7,2,100000,17,70,0,2332,3034,765,646,283,449,72970.24000000003,23,False,False
170,8,-95.3558910729846,-884.9947822098972,1.0,CLIENT,7,2,100000,11,199,0,2067,2803,683,263,275,351,207443.9680000001,20,False,False
170,9,-2199.830922862473,1261.811417790498,1.0,CLIENT,7,2,100000,19,180,0,944,1241,582,249,245,288,187637.7600000001,9,False,False
170,10,43.474678705691026,1130.1198577899863,1.0,CLIENT,7,2,100000,12,38,0,2433,2938,900,424,311,577,39612.41600000002,18,False,False
170,11,780.3141659961929,-2020.5701022093426,1.0,CLIENT,7,2,100000,16,232,0,1353,2236,551,179,272,241,241844.22400000013,18,False,False
170,12,-617.019874605316,-672.2622622099223,1.0,CLIENT,7,2,100000,15,53,0,2257,2859,885,423,294,575,55248.89600000003,19,False,False
170,13,1574.2539617922234,-1011.2316622099431,1.0,CLIENT,7,2,100000,17,192,0,1637,2275,625,298,286,301,200146.9440000001,22,False,False
170,14,549.457856295751,176.55273779057126,1.0,CLIENT,7,2,100000,14,63,0,2587,3528,720,687,305,396,65673.21600000003,25,False,False
170,15,1760.998105282301,-2887.9755422095677,1.0,CLIENT,7,2,100000,9,44,0,1065,1436,778,92,253,498,45867.00800000002,16,False,False
170,16,114.75106935084469,-1635.1802622094579,1.0,CLIENT,7,2,100000,17,259,0,1168,1725,582,119,261,282,269989.8879999999,17,False,False
170,17,319.1559185228366,-1042.178622209325,1.0,CLIENT,7,2,100000,13,51,0,2094,3154,810,373,284,494,53164.03200000003,22,False,False
170,18,1827.0475606131765,80.81753779024069,1.0,CLIENT,7,2,100000,18,238,0,1075,1982,475,192,236,214,248098.81600000014,13,False,False
170,19,-541.0709205734119,-222.75210220977556,1.0,CLIENT,7,2,100000,13,64,0,2718,3552,652,776,293,351,66715.64800000003,23,False,False
170,20,-1415.394645819317,1327.9354977904468,1.0,CLIENT,7,2,100000,10,49,0,1440,2205,795,390,281,505,51079.16800000003,17,False,False
170,21,-445.71894908816745,699.4227777905905,1.0,CLIENT,7,2,100000,17,246,0,2551,3156,610,489,270,281,256438.27200000014,27,False,False
170,22,-1762.4314722710221,371.0287777899717,1.0,CLIENT,7,2,100000,10,158,0,1708,2347,612,689,264,315,164704.25600000008,16,False,False
170,23,-2153.105288995532,1332.1656577900492,1.0,CLIENT,7,2,100000,16,134,0,961,1227,618,236,247,322,139685.88800000006,9,False,False
170,24,-1243.0641724370817,122.00593779065883,1.0,CLIENT,7,2,100000,10,126,0,2229,2968,623,800,276,336,131346.43200000006,23,False,False
170,25,1236.1662821658656,-48.20234220989761,1.0,CLIENT,7,2,100000,14,145,0,1963,2771,628,439,246,307,151152.64000000007,21,False,False
170,26,1537.4278266257484,-1138.3591022093224,1.0,CLIENT,7,2,100000,12,59,0,1824,2455,749,364,298,433,61503.488000000034,22,False,False
170,27,-2555.3417202019655,-36.8477022092992,1.0,CLIENT,7,2,100000,13,261,0,525,966,419,46,243,173,272074.75199999986,11,False,False
170,28,2383.8745635305254,-2108.624222209292,1.0,CLIENT,7,2,100000,17,82,0,1703,2049,778,278,257,506,85479.42400000004,16,False,False
170,29,128.29358357297372,2040.717457790316,1.0,CLIENT,7,2,100000,12,226,0,1380,1843,519,106,240,270,235589.63200000013,15,False,False
170,30,-2108.755534816388,2410.5224977899998,1.0,CLIENT,7,2,100000,11,222,0,556,716,409,105,229,184,231419.90400000013,6,False,False
170,31,2639.915197924988,-2266.0307022097395,1.0,CLIENT,7,2,100000,15,53,0,1265,1657,782,128,250,472,55248.89600000003,15,False,False
170,32,-310.9273747793089,2610.1192577907095,1.0,CLIENT,7,2,100000,17,221,0,570,933,380,96,225,151,230377.47200000013,10,False,False
170,33,1854.4493730167453,-1147.2647022097763,1.0,CLIENT,7,2,100000,11,37,0,1552,2208,743,208,295,440,38569.98400000002,20,False,False
170,34,322.4821500863146,278.7444977904201,1.0,CLIENT,7,2,100000,11,37,0,2723,3507,738,663,309,414,38569.98400000002,24,False,False
170,35,-230.22666137124887,1369.012577790355,1.0,CLIENT,7,2,100000,9,70,0,2217,2834,783,529,310,441,72970.24000000003,19,False,False
170,36,2151.592726016843,-2286.7362222096676,1.0,CLIENT,7,2,100000,8,29,0,1738,2238,875,281,261,569,30230.528000000013,16,False,False
170,37,2737.1678731610327,-2357.9810222093433,1.0,CLIENT,7,2,100000,16,130,0,985,1406,662,58,242,308,135516.16000000006,14,False,False
170,38,-1259.5369382750978,1083.2541377904554,1.0,CLIENT,7,2,100000,16,218,0,1620,2183,581,466,257,270,227250.17600000012,22,False,False
170,39,2711.3499805495157,-2451.601142209477,1.0,CLIENT,7,2,100000,18,89,0,997,1336,738,33,244,378,92776.44800000005,14,False,False
170,40,382.19592624898223,585.4310977904765,1.0,CLIENT,7,2,100000,13,155,0,2456,2991,720,464,288,383,161576.96000000008,21,False,False
170,41,29.06100859728628,1206.8193377901277,1.0,CLIENT,7,2,100000,13,119,0,2385,2917,812,434,306,457,124049.40800000007,18,False,False
170,42,-127.6678548320834,1038.3921777906112,1.0,CLIENT,7,2,100000,17,33,0,2472,3098,892,463,316,571,34400.256000000016,20,False,False
170,43,-1145.8906931910055,-1037.6145022097749,1.0,CLIENT,7,2,100000,16,219,0,1701,2074,685,166,263,336,228292.60800000012,14,False,False
170,44,1251.2135201912038,1013.5678177900087,1.0,CLIENT,7,2,100000,17,227,0,1696,2192,608,244,258,295,236632.06400000013,13,False,False
170,45,1954.6322998681142,-2367.554542209693,1.0,CLIENT,7,2,100000,19,90,0,1822,2301,847,370,253,523,93818.88000000005,16,False,False
170,46,-1339.4456917874131,-791.7086222097112,1.0,CLIENT,7,2,100000,12,36,0,1727,2180,874,169,275,548,37527.55200000002,15,False,False
170,47,779.2054221417004,-1791.5848622092713,1.0,CLIENT,7,2,100000,15,80,0,1886,2393,779,344,287,463,83394.56000000004,19,False,False
170,48,1772.560719764787,-1384.487622209615,1.0,CLIENT,7,2,100000,11,57,0,1771,2352,781,273,295,461,59418.62400000003,21,False,False
170,49,1038.3347001308614,1228.0814577902324,1.0,CLIENT,7,2,100000,17,65,0,1930,2498,779,238,288,463,67758.08000000003,13,False,False
170,50,-1406.0455996278488,2758.0643200003115,1.0,CLIENT,7,2,100000,15,224,0,445,604,348,87,222,127,233504.76800000013,8,False,False
170,51,1812.7962022920597,-2984.8899519996658,1.0,CLIENT,3,0.0,100000,12,111,0,819,1020,622,9,245,321,115709.95200000006,13,False,False

171,0,116.88936106986166,587.2122177907255,1.0,CLIENT,7,2,100000,13,67,0,2607,3645,735,500,294,406,69842.94400000003,25,False,False
171,1,-911.4705639588686,-986.7412622092883,1.0,CLIENT,7,2,100000,15,69,0,1845,2334,746,401,271,420,71927.80800000003,17,False,False
171,2,-139.62644926272316,-788.0350622094943,1.0,CLIENT,7,2,100000,10,42,0,2691,3708,909,469,310,551,43782.14400000002,24,False,False
171,3,1237.5918099785438,-2587.74550220982,1.0,CLIENT,7,2,100000,13,56,0,1191,1582,866,68,271,503,58376.19200000003,16,False,False
171,4,329.451397171456,1406.1934577906084,1.0,CLIENT,7,2,100000,17,262,0,1727,2111,583,167,257,294,273117.18399999983,18,False,False
171,5,473.5880982538153,740.2772177902699,1.0,CLIENT,7,2,100000,9,34,0,2344,3112,919,259,294,563,35442.68800000002,23,False,False
171,6,1540.1204902722932,-2241.9855822095424,1.0,CLIENT,7,2,100000,13,70,0,1597,2269,864,347,274,538,72970.24000000003,18,False,False
171,7,-2188.3475043699555,1712.1008177902593,1.0,CLIENT,7,2,100000,20,165,0,849,1264,555,43,236,223,172001.2800000001,12,False,False
171,8,2219.3844931191443,-2398.3901822093558,1.0,CLIENT,7,2,100000,12,209,0,1287,1616,621,359,260,312,217868.28800000012,12,False,False
171,9,-895.8689540065654,1563.2659777903175,1.0,CLIENT,7,2,100000,16,60,0,1576,2746,753,325,272,470,62545.920000000035,21,False,False
171,10,915.1849362944572,-2334.269862209885,1.0,CLIENT,7,2,100000,12,197,0,1376,1982,567,309,255,248,205359.1040000001,19,False,False
171,11,1236.641458103425,224.08637778999775,1.0,CLIENT,7,2,100000,14,52,0,2678,3129,790,465,279,456,54206.46400000003,22,False,False
171,12,-1351.4834822074586,1841.6772977905744,1.0,CLIENT,7,2,100000,15,117,0,1671,1927,758,435,252,445,121964.54400000007,15,False,False
171,13,-1073.901538639513,17.810417790332167,1.0,CLIENT,7,2,100000,17,106,0,1736,2392,819,271,264,458,110497.79200000006,22,False,False
171,14,-986.5483621050597,2699.9544977901164,1.0,CLIENT,7,2,100000,14,80,0,1206,1566,755,145,254,452,83394.56000000004,11,False,False
171,15,-566.6512252161491,1535.9925777903613,1.0,CLIENT,7,2,100000,9,91,0,1763,2877,659,358,276,354,94861.31200000005,22,False,False
171,16,-1579.9639122195413,1597.6638577904785,1.0,CLIENT,7,2,100000,16,97,0,1595,1990,732,427,261,432,101115.90400000005,15,False,False
171,17,1191.3413520491622,-742.1712222098068,1.0,CLIENT,7,2,100000,12,32,0,2939,3808,727,752,312,408,33357.824000000015,29,False,False
171,18,-54.56995642609808,-1407.9761422096353,1.0,CLIENT,7,2,100000,15,271,0,1693,2316,619,173,279,292,282499.0719999996,22,False,False
171,19,2421.17587463456,-961.8055822097576,1.0,CLIENT,7,2,100000,19,244,0,1223,1760,512,253,260,213,254353.40800000014,15,False,False
171,20,527.8373511334253,-849.5950222098927,1.0,CLIENT,7,2,100000,10,63,0,2615,3721,872,304,302,514,65673.21600000003,33,False,False
171,21,1236.4038701346453,-2518.727102209269,1.0,CLIENT,7,2,100000,17,49,0,1243,1689,875,127,271,559,51079.16800000003,17,False,False
171,22,700.7221964426257,-1293.3165422096258,1.0,CLIENT,7,2,100000,10,191,0,2437,3130,693,390,287,371,199104.5120000001,27,False,False
171,23,1814.6929862349461,-1828.543102209296,1.0,CLIENT,7,2,100000,13,81,0,2008,2657,703,812,278,406,84436.99200000004,19,False,False
171,24,-1022.5825373752274,219.07697778998966,1.0,CLIENT,7,2,100000,10,47,0,1812,2866,842,281,276,515,48994.304000000026,25,False,False
171,25,440.5633705878148,-1476.3266222094999,1.0,CLIENT,7,2,100000,12,40,0,2289,2910,847,349,298,523,41697.28000000002,23,False,False
171,26,603.8655011547348,362.12317779030883,1.0,CLIENT,7,2,100000,12,49,0,2833,3606,878,444,304,513,51079.16800000003,27,False,False
171,27,-1753.007149507553,1619.9278577904265,1.0,CLIENT,7,2,100000,12,56,0,1494,1874,792,335,264,506,58376.19200000003,14,False,False
171,28,1487.2175692153926,423.57181779019726,1.0,CLIENT,7,2,100000,17,235,0,2149,2754,595,334,258,266,244971.52000000014,18,False,False
171,29,705.1571718605963,998.8735777907232,1.0,CLIENT,7,2,100000,12,199,0,2017,2428,772,138,287,407,207443.9680000001,20,False,False
171,30,-616.1487187196029,1665.2350977907283,1.0,CLIENT,7,2,100000,10,166,0,1566,2562,589,369,264,298,173043.7120000001,22,False,False
171,31,-660.9736488363066,-844.9195822098324,1.0,CLIENT,7,2,100000,15,205,0,2170,2700,635,490,269,306,213698.5600000001,21,False,False
171,32,2004.842557277907,-190.46930220981125,1.0,CLIENT,7,2,100000,14,261,0,1854,2135,538,361,253,272,272074.75199999986,18,False,False
171,33,1957.0873755458792,-1313.576782209887,1.0,CLIENT,7,2,100000,11,63,0,2052,2723,745,643,277,424,65673.21600000003,22,False,False
171,34,255.403146890352,-1458.849382209331,1.0,CLIENT,7,2,100000,12,34,0,2208,2704,878,325,302,563,35442.68800000002,21,False,False
171,35,-2107.567594971927,2334.713577789983,1.0,CLIENT,7,2,100000,12,186,0,906,1217,617,46,244,302,193892.3520000001,10,False,False
171,36,842.8789977847792,-285.5365822094552,1.0,CLIENT,7,2,100000,8,72,0,3383,4213,711,737,295,375,75055.10400000004,28,False,False
171,37,2054.2608547919554,-1082.4764622096188,1.0,CLIENT,7,2,100000,14,45,0,1786,2495,726,480,275,442,46909.440000000024,21,False,False
171,38,2703.1927936199136,-1730.4701822093307,1.0,CLIENT,7,2,100000,19,256,0,982,1145,555,122,253,272,266862.592,13,False,False
171,39,-811.6044210662478,291.2123377905809,1.0,CLIENT,7,2,100000,17,82,0,2069,3214,667,425,271,359,85479.42400000004,25,False,False
171,40,340.06365977882336,651.2212177904775,1.0,CLIENT,7,2,100000,13,30,0,2541,3468,877,414,299,560,31272.960000000014,24,False,False
171,41,212.9540964614451,416.1133777900446,1.0,CLIENT,7,2,100000,12,72,0,2849,3991,691,602,296,386,75055.10400000004,30,False,False
171,42,-1657.6551780228713,-774.787982209719,1.0,CLIENT,7,2,100000,20,264,0,1015,1415,539,108,245,253,275202.0479999998,10,False,False
171,43,-1696.302820950178,442.1622577907195,1.0,CLIENT,7,2,100000,17,242,0,1223,1856,496,194,234,228,252268.54400000014,16,False,False
171,44,-889.9292547859485,2908.456857790489,1.0,CLIENT,7,2,100000,18,207,0,601,1152,437,10,227,178,215783.42400000012,10,False,False
171,45,1089.7328973851154,-628.8474622095885,1.0,CLIENT,7,2,100000,18,117,0,2989,3966,656,712,297,333,121964.54400000007,28,False,False
171,46,42.12834688241869,-944.7736222092556,1.0,CLIENT,7,2,100000,12,51,0,2535,3278,911,333,297,550,53164.03200000003,24,False,False
171,47,1342.1305162584774,157.29437779015342,1.0,CLIENT,7,2,100000,15,61,0,2538,3158,826,376,280,494,63588.352000000035,21,False,False
171,48,-637.4524399231807,-21.262902209889205,1.0,CLIENT,7,2,100000,12,107,0,2356,3278,687,447,272,372,111540.22400000006,28,False,False
171,49,1787.0535858625974,-2948.199662209384,1.0,CLIENT,7,2,100000,18,91,0,1047,1190,826,40,265,510,94861.31200000005,10,False,False
171,50,-1406.0455996278488,2758.0643200003115,1.0,CLIENT,7,2,100000,15,107,0,1119,1559,733,109,243,366,111540.22400000006,10,False,False
171,51,1812.7962022920597,-2984.8899519996658,1.0,CLIENT,3,0.0,100000,14,207,0,787,969,617,10,268,284,215783.42400000012,9,False,False

172,0,-1527.2985791319832,2647.077497790734,1.0,CLIENT,7,2,100000,15,105,0,458,682,445,6,202,216,109455.36000000006,7,False,False
172,1,-1982.0419514471635,-463.9825422097789,1.0,CLIENT,7,2,100000,15,71,0,1172,1416,791,42,266,489,74012.67200000004,11,False,False
172,2,342.91471540417933,140.9303377903379,1.0,CLIENT,7,2,100000,11,33,0,2731,3714,848,308,299,515,34400.256000000016,29,False,False
172,3,2317.4291282509334,-1859.0447822098022,1.0,CLIENT,7,2,100000,12,84,0,1902,2498,702,358,252,402,87564.28800000004,19,False,False
172,4,-1841.1522859388763,-323.941982209781,1.0,CLIENT,7,2,100000,16,58,0,1243,1629,821,102,268,536,60461.05600000003,11,False,False
172,5,1620.662811700979,-1168.9721022095478,1.0,CLIENT,7,2,100000,9,101,0,2993,4148,664,472,284,339,105285.63200000006,25,False,False
172,6,2894.847088465521,-2522.957262209663,1.0,CLIENT,7,2,100000,17,189,0,719,1025,532,78,236,259,197019.6480000001,12,False,False
172,7,933.1624259351197,-1364.8953022092494,1.0,CLIENT,7,2,100000,17,39,0,3441,4255,831,587,299,512,40654.84800000002,25,False,False
172,8,-554.771826774915,-1090.1575422100004,1.0,CLIENT,7,2,100000,12,224,0,1646,2332,601,342,257,304,233504.76800000013,23,False,False
172,9,647.0273154899808,-1085.7047422093779,1.0,CLIENT,7,2,100000,14,120,0,3986,4435,671,882,276,333,125091.84000000007,27,False,False
172,10,2701.7672658072356,-1767.873702209813,1.0,CLIENT,7,2,100000,12,176,0,857,1519,486,52,238,201,183468.0320000001,15,False,False
172,11,859.0349796640473,765.3242177903104,1.0,CLIENT,7,2,100000,15,226,0,2439,2925,568,533,250,269,235589.63200000013,19,False,False
172,12,-2043.6564313600684,1088.3748577901824,1.0,CLIENT,7,2,100000,19,257,0,646,1025,409,121,234,164,267905.024,15,False,False
172,13,308.30606794668955,1182.7742177907217,1.0,CLIENT,7,2,100000,17,73,0,1575,2361,819,253,282,515,76097.53600000004,17,False,False
172,14,-489.11835139219306,1830.6566177907146,1.0,CLIENT,7,2,100000,16,234,0,1154,1572,605,281,258,295,243929.08800000013,14,False,False
172,15,-978.1535872066776,-949.115102209368,1.0,CLIENT,7,2,100000,9,160,0,1267,1950,713,186,306,375,166789.12000000008,16,False,False
172,16,1535.4479268855428,-1949.9932222095626,1.0,CLIENT,7,2,100000,15,73,0,2565,3334,828,521,280,500,76097.53600000004,22,False,False
172,17,230.61480214392222,1542.6717777901083,1.0,CLIENT,7,2,100000,14,203,0,1207,1566,621,234,266,300,211613.6960000001,13,False,False
172,18,-1622.1753746791057,2476.9805377906873,1.0,CLIENT,7,2,100000,15,84,0,510,906,470,36,201,258,87564.28800000004,7,False,False
172,19,1095.9893805639176,-1883.869142209614,1.0,CLIENT,7,2,100000,14,58,0,2695,3303,831,455,289,492,60461.05600000003,26,False,False
172,20,-2238.4785657903426,-19.25914220941138,1.0,CLIENT,7,2,100000,11,214,0,1060,1322,573,191,260,265,223080.44800000012,10,False,False
172,21,577.9684125538124,-1103.4046222097757,1.0,CLIENT,7,2,100000,15,34,0,3960,4453,766,867,283,456,35442.68800000002,27,False,False
172,22,134.8668507105241,-185.01462220934542,1.0,CLIENT,7,2,100000,10,150,0,2881,3970,645,473,274,309,156364.80000000008,28,False,False
172,23,837.4144745017215,-134.14138220964986,1.0,CLIENT,7,2,100000,13,43,0,3528,4102,787,722,295,455,44824.57600000002,23,False,False
172,24,1473.27907504511,-1303.335342209642,1.0,CLIENT,7,2,100000,10,65,0,3126,4263,746,574,302,407,67758.08000000003,27,False,False
172,25,-491.8110150387377,1403.5217777902349,1.0,CLIENT,7,2,100000,12,68,0,1340,1761,836,189,277,504,70885.37600000003,16,False,False
172,26,1018.931682677521,-516.4142622094946,1.0,CLIENT,7,2,100000,12,39,0,3790,4365,819,646,285,496,40654.84800000002,24,False,False
172,27,-1805.118110668146,-669.7019022092678,1.0,CLIENT,7,2,100000,13,217,0,1153,1304,663,115,266,332,226207.74400000012,11,False,False
172,28,824.9015081441167,-2157.827662209248,1.0,CLIENT,7,2,100000,17,179,0,2363,2843,725,271,272,383,186595.3280000001,20,False,False
172,29,1282.1791521270304,-2595.203942209973,1.0,CLIENT,7,2,100000,12,182,0,1620,2424,713,200,268,371,189722.6240000001,18,False,False
172,30,2264.288619225816,-3065.196982209819,1.0,CLIENT,7,2,100000,11,110,0,1059,1350,697,160,251,360,114667.52000000006,11,False,False
172,31,48.4640260506267,1312.2393777905268,1.0,CLIENT,7,2,100000,15,74,0,1665,2007,791,443,276,478,77139.96800000004,14,False,False
172,32,-1352.5922260619511,2689.045137789976,1.0,CLIENT,7,2,100000,14,129,0,493,660,474,11,204,245,134473.72800000006,7,False,False
172,33,135.7380065962371,-1700.3024622095631,1.0,CLIENT,7,2,100000,12,256,0,1871,2819,555,249,250,290,266862.592,22,False,False
172,34,-1106.2135023986118,-479.56734220997987,1.0,CLIENT,7,2,100000,12,54,0,1591,2097,822,380,296,491,56291.32800000003,18,False,False
172,35,813.8140695991901,-298.004422209616,1.0,CLIENT,7,2,100000,9,61,0,3774,4178,814,726,292,452,63588.352000000035,25,False,False
172,36,-931.0319733910203,648.6608577906139,1.0,CLIENT,7,2,100000,8,129,0,1342,2544,560,398,263,286,134473.72800000006,22,False,False
172,37,794.0942681876644,-136.1451422093367,1.0,CLIENT,7,2,100000,14,32,0,3475,4096,844,656,295,507,33357.824000000015,24,False,False
172,38,1745.6340832987776,114.10221779004843,1.0,CLIENT,7,2,100000,17,282,0,1755,2548,606,69,267,317,293965.82399999927,18,False,False
172,39,-1319.8842823546988,-292.21578220999334,1.0,CLIENT,7,2,100000,17,95,0,1588,1947,796,414,275,464,99031.04000000005,15,False,False
172,40,1584.3118524720633,-400.53014220941265,1.0,CLIENT,7,2,100000,13,181,0,2865,3745,744,188,283,381,188680.1920000001,21,False,False
172,41,884.2193043586308,-64.56638220971314,1.0,CLIENT,7,2,100000,12,27,0,3374,4060,838,654,295,519,28145.66400000001,23,False,False
172,42,1354.2475026679285,-1241.6640622095247,1.0,CLIENT,7,2,100000,17,39,0,3365,4365,822,536,312,485,40654.84800000002,24,False,False
172,43,-1938.8801371119175,-168.9845422094777,1.0,CLIENT,7,2,100000,16,47,0,1259,1642,829,174,274,544,48994.304000000026,11,False,False
172,44,315.67129497998457,-644.7662222097372,1.0,CLIENT,7,2,100000,14,67,0,3405,4416,782,572,288,441,69842.94400000003,27,False,False
172,45,2205.5251949382673,-2474.9783422097785,1.0,CLIENT,7,2,100000,20,103,0,1629,2197,759,412,248,407,107370.49600000006,15,False,False
172,46,1841.2236427528017,-3152.1379022094147,1.0,CLIENT,7,2,100000,14,158,0,953,1379,638,86,246,315,164704.25600000008,12,False,False
172,47,1614.0895445639912,-2565.258862209643,1.0,CLIENT,7,2,100000,15,54,0,1818,2520,880,337,261,585,56291.32800000003,18,False,False
172,48,-1094.57169192672,1087.9295777905156,1.0,CLIENT,7,2,100000,14,209,0,985,1622,549,267,257,253,217868.28800000012,21,False,False
172,49,407.697034901751,561.3859777902794,1.0,CLIENT,7,2,100000,17,132,0,2563,3227,715,435,273,384,137601.02400000006,22,False,False
172,50,-1406.0455996278488,2758.0643200003115,1.0,CLIENT,7,2,100000,15,152,0,414,582,404,4,203,180,158449.66400000008,7,False,False
172,51,1812.7962022920597,-2984.8899519996658,1.0,CLIENT,3,0.0,100000,13,66,0,1038,1492,723,59,252,422,68800.51200000003,12,False,False

173,0,695.416065138942,-683.1716222092721,1.0,CLIENT,7,2,100000,13,52,0,1896,2669,747,583,303,443,54206.46400000003,19,False,False
173,1,2372.787124985599,-2188.5519822099836,1.0,CLIENT,7,2,100000,15,38,0,1332,1483,866,329,276,591,39612.41600000002,11,False,False
173,2,-802.0217063239674,-628.1795422096928,1.0,CLIENT,7,2,100000,12,48,0,1341,1942,848,149,283,512,50036.736000000026,15,False,False
173,3,-749.5147652152209,-249.91418221001283,1.0,CLIENT,7,2,100000,12,182,0,1550,2238,743,256,284,390,189722.6240000001,18,False,False
173,4,-999.6157003896293,131.5794577902173,1.0,CLIENT,7,2,100000,16,84,0,1837,2574,798,446,286,496,87564.28800000004,23,False,False
173,5,-1216.0583399816664,1824.645337790072,1.0,CLIENT,7,2,100000,9,120,0,2627,3211,705,654,283,386,125091.84000000007,24,False,False
173,6,-407.7048740772313,1871.9563377900608,1.0,CLIENT,7,2,100000,13,33,0,2787,3277,932,293,299,595,34400.256000000016,24,False,False
173,7,682.8239027913688,1383.4841777902025,1.0,CLIENT,7,2,100000,18,173,0,1872,2584,750,104,275,402,180340.7360000001,18,False,False
173,8,2337.8616935693613,-1747.0568622093751,1.0,CLIENT,7,2,100000,11,205,0,937,1442,618,121,272,306,213698.5600000001,13,False,False
173,9,2286.384300325701,-2045.0605022099976,1.0,CLIENT,7,2,100000,16,53,0,1348,1576,848,345,275,567,55248.89600000003,11,False,False
173,10,2339.2080253926333,-2961.558062209669,1.0,CLIENT,7,2,100000,12,104,0,977,1178,706,51,267,370,108412.92800000006,10,False,False
173,11,-259.133197577464,2281.279977790424,1.0,CLIENT,7,2,100000,14,53,0,2418,2882,883,209,294,522,55248.89600000003,18,False,False
173,12,-234.5824407998139,1804.273777790092,1.0,CLIENT,7,2,100000,15,46,0,2862,3241,937,362,304,586,47951.872000000025,22,False,False
173,13,251.36415142053497,1676.7010577902547,1.0,CLIENT,7,2,100000,17,65,0,2604,2787,862,408,295,512,67758.08000000003,18,False,False
173,14,-732.646019429051,2128.771577790265,1.0,CLIENT,7,2,100000,14,68,0,2570,2973,864,297,282,495,70885.37600000003,23,False,False
173,15,2580.2014217623205,-2439.2446222098265,1.0,CLIENT,7,2,100000,9,147,0,1005,1253,663,124,271,323,153237.50400000007,10,False,False
173,16,1922.0827481402357,-351.77198220991386,1.0,CLIENT,7,2,100000,17,254,0,1242,1591,554,189,270,252,264777.72800000006,12,False,False
173,17,-2198.642983018575,1818.6340577902206,1.0,CLIENT,7,2,100000,15,239,0,1138,1785,542,181,253,259,249141.24800000014,14,False,False
173,18,819.7537688198071,-182.56558220999182,1.0,CLIENT,7,2,100000,15,108,0,2071,2697,661,764,307,337,112582.65600000006,19,False,False
173,19,-1716.3394063204516,511.4032977907084,1.0,CLIENT,7,2,100000,13,18,0,1867,2380,858,533,292,564,18763.776000000005,19,False,False
173,20,169.00032223045457,1727.908257790689,1.0,CLIENT,7,2,100000,10,88,0,2703,2934,860,410,294,498,91734.01600000005,18,False,False
173,21,1977.4407448743382,-1192.0153422099015,1.0,CLIENT,7,2,100000,18,243,0,1215,2172,526,336,260,239,253310.97600000014,16,False,False
173,22,1405.5665039322141,248.79941779009044,1.0,CLIENT,7,2,100000,10,183,0,1605,2183,656,249,276,338,190765.0560000001,14,False,False
173,23,-486.02970779749467,-784.0275422093296,1.0,CLIENT,7,2,100000,14,53,0,1500,1858,821,258,294,517,55248.89600000003,16,False,False
173,24,468.7571428876909,1058.207137790415,1.0,CLIENT,7,2,100000,10,14,0,2131,2897,942,202,296,622,14594.048000000004,23,False,False
173,25,759.3272287508006,944.9946977907064,1.0,CLIENT,7,2,100000,12,196,0,2040,2557,726,298,280,396,204316.6720000001,20,False,False
173,26,1241.551609458955,-21.485542209327093,1.0,CLIENT,7,2,100000,12,90,0,1716,2284,779,407,309,440,93818.88000000005,15,False,False
173,27,-1984.180243166743,1301.1073777901572,1.0,CLIENT,7,2,100000,13,127,0,1598,2057,767,196,273,405,132388.86400000006,17,False,False
173,28,618.8335431901046,-1009.450542209694,1.0,CLIENT,7,2,100000,17,228,0,1556,2368,542,398,257,250,237674.49600000013,16,False,False
173,29,-2084.679953976297,-386.2811822097939,1.0,CLIENT,7,2,100000,12,259,0,1119,1440,638,91,276,320,269989.8879999999,12,False,False
173,30,-1481.1273171920075,625.2836577903124,1.0,CLIENT,7,2,100000,10,126,0,2074,2618,686,662,281,374,131346.43200000006,23,False,False
173,31,-727.8942600528951,2328.5909777904126,1.0,CLIENT,7,2,100000,15,62,0,2455,2733,872,246,281,518,64630.784000000036,20,False,False
173,32,-1864.5151028726282,408.7662577904018,1.0,CLIENT,7,2,100000,12,47,0,1720,2174,862,391,288,553,48994.304000000026,15,False,False
173,33,-1491.5811878194381,1625.3825377901014,1.0,CLIENT,7,2,100000,11,58,0,2439,3091,816,567,293,508,60461.05600000003,22,False,False
173,34,-1120.389584538237,2308.9986577900468,1.0,CLIENT,7,2,100000,12,29,0,2283,2772,941,264,284,587,30230.528000000013,19,False,False
173,35,-330.6471761913973,-1067.7822222095424,1.0,CLIENT,7,2,100000,9,72,0,1439,1921,736,239,278,427,75055.10400000004,13,False,False
173,36,-2234.9939422474904,606.9158577900191,1.0,CLIENT,7,2,100000,9,237,0,1333,1799,586,274,270,275,247056.38400000014,14,False,False
173,37,-703.026719316497,1463.1892977906655,1.0,CLIENT,7,2,100000,14,97,0,2979,3924,761,520,298,424,101115.90400000005,27,False,False
173,38,794.4110521458498,-1892.440782209329,1.0,CLIENT,7,2,100000,17,254,0,771,1373,497,100,247,240,264777.72800000006,17,False,False
173,39,-1467.4264109899418,-549.2536622096355,1.0,CLIENT,7,2,100000,17,219,0,1566,1933,726,215,278,355,228292.60800000012,11,False,False
173,40,179.53338884785362,1041.5091377906515,1.0,CLIENT,7,2,100000,13,43,0,2199,3074,923,152,292,570,44824.57600000002,26,False,False
173,41,1983.2220521155814,-2364.8828622093192,1.0,CLIENT,7,2,100000,13,59,0,1533,1702,900,437,275,578,61503.488000000034,10,False,False
173,42,1700.492369223326,-66.23618220945218,1.0,CLIENT,7,2,100000,18,66,0,1351,1744,787,145,285,466,68800.51200000003,13,False,False
173,43,-318.1342098337926,2311.781657790139,1.0,CLIENT,7,2,100000,16,162,0,2335,2795,773,208,287,424,168873.98400000008,18,False,False
173,44,177.87027306639595,619.049737790232,1.0,CLIENT,7,2,100000,14,168,0,2168,3359,660,462,283,333,175128.5760000001,28,False,False
173,45,282.48817533517274,1950.770897790399,1.0,CLIENT,7,2,100000,18,80,0,2525,2832,842,286,289,500,83394.56000000004,18,False,False
173,46,1993.8343147229486,-2990.835222209312,1.0,CLIENT,7,2,100000,12,51,0,1107,1269,822,98,271,524,53164.03200000003,10,False,False
173,47,1135.191395418752,-2307.8870222092623,1.0,CLIENT,7,2,100000,15,217,0,964,1617,588,216,270,287,226207.74400000012,12,False,False
173,48,-154.11931536053353,-707.5507022094168,1.0,CLIENT,7,2,100000,11,225,0,1586,2049,643,276,277,317,234547.20000000013,17,False,False
173,49,-2030.905877033684,1388.7162177904395,1.0,CLIENT,7,2,100000,17,53,0,1617,2093,851,187,274,499,55248.89600000003,17,False,False
173,50,-1406.0455996278488,2758.0643200003115,1.0,CLIENT,7,2,100000,15,242,0,1351,1950,552,111,251,277,252268.54400000014,15,False,False
173,51,1812.7962022920597,-2984.8899519996658,1.0,CLIENT,3,0.0,100000,14,218,0,846,1009,579,69,261,259,227250.17600000012,9,False,False

174,0,222.61600719369383,-162.52798220995942,1.0,CLIENT,7,2,100000,13,139,0,2911,3956,691,376,290,350,144898.04800000007,25,False,False
174,1,-695.5822962937963,1446.602617790621,1.0,CLIENT,7,2,100000,15,62,0,2841,3743,857,221,282,501,64630.784000000036,26,False,False
174,2,-824.5925633614119,1491.0192977900074,1.0,CLIENT,7,2,100000,11,35,0,2930,3896,829,392,288,512,36485.12000000002,24,False,False
174,3,-1184.934316067029,1628.8334577900896,1.0,CLIENT,7,2,100000,12,45,0,2995,3541,795,754,264,511,46909.440000000024,23,False,False
174,4,113.24634554819833,-1087.7085022098559,1.0,CLIENT,7,2,100000,16,47,0,2687,3299,893,284,269,566,48994.304000000026,23,False,False
174,5,1339.833832559524,-1108.080062209836,1.0,CLIENT,7,2,100000,9,27,0,2690,3402,827,619,282,522,28145.66400000001,21,False,False
174,6,-2035.816028389214,1025.5903777905028,1.0,CLIENT,7,2,100000,17,197,0,1265,1913,554,143,233,256,205359.1040000001,15,False,False
174,7,-211.6156038142158,1944.091697790652,1.0,CLIENT,7,2,100000,18,201,0,2711,3373,669,272,272,343,209528.8320000001,23,False,False
174,8,-388.5394445926706,-1417.215702209246,1.0,CLIENT,7,2,100000,13,208,0,1738,2149,628,118,250,302,216825.85600000012,15,False,False
174,9,229.50605828942955,-362.2360622095968,1.0,CLIENT,7,2,100000,14,44,0,3208,4004,782,635,290,471,45867.00800000002,24,False,False
174,10,1531.7257153739108,-2135.5636622093,1.0,CLIENT,7,2,100000,12,70,0,1503,1951,721,309,245,409,72970.24000000003,17,False,False
174,11,454.18508080047485,1269.2698577906506,1.0,CLIENT,7,2,100000,14,167,0,2529,3296,746,412,278,393,174086.1440000001,20,False,False
174,12,277.9740039277964,-821.8763422094787,1.0,CLIENT,7,2,100000,15,43,0,3056,3757,850,485,288,531,44824.57600000002,24,False,False
174,13,2042.3022603613158,-2497.4649822099555,1.0,CLIENT,7,2,100000,20,104,0,775,1136,667,76,229,329,108412.92800000006,10,False,False
174,14,-1097.5811395320127,2863.483577790135,1.0,CLIENT,7,2,100000,15,235,0,1388,2230,525,61,235,247,244971.52000000014,17,False,False
174,15,1556.0388841827814,-2242.2082222097715,1.0,CLIENT,7,2,100000,9,48,0,1393,1780,726,272,245,435,50036.736000000026,16,False,False
174,16,616.0616835541543,437.820777790607,1.0,CLIENT,7,2,100000,15,65,0,2567,3367,925,281,280,567,67758.08000000003,26,False,False
174,17,1555.4845122558163,-1352.5387822095986,1.0,CLIENT,7,2,100000,14,172,0,2018,2670,621,520,258,295,179298.3040000001,21,False,False
174,18,-31.048747513535005,847.03309779046,1.0,CLIENT,7,2,100000,15,89,0,3464,4149,699,786,278,377,92776.44800000005,25,False,False
174,19,-1684.9777944364719,2556.3516977904114,1.0,CLIENT,7,2,100000,14,59,0,1778,2385,805,118,245,500,61503.488000000034,18,False,False
174,20,-2223.7481117231896,1604.0090977902778,1.0,CLIENT,7,2,100000,11,188,0,1401,2042,670,68,241,339,195977.2160000001,16,False,False
174,21,56.46282100085507,1840.7867377904497,1.0,CLIENT,7,2,100000,18,99,0,2430,3166,786,157,277,449,103200.76800000005,23,False,False
174,22,566.8809740088857,1208.15517779071,1.0,CLIENT,7,2,100000,10,32,0,2427,3174,906,374,287,570,33357.824000000015,20,False,False
174,23,95.26885590753591,1866.390337790667,1.0,CLIENT,7,2,100000,14,36,0,2417,3127,854,157,294,510,37527.55200000002,22,False,False
174,24,2516.131866171651,-1150.4929822095355,1.0,CLIENT,7,2,100000,11,249,0,728,1054,437,19,246,172,259565.56800000014,10,False,False
174,25,197.51087848851606,435.48305779018136,1.0,CLIENT,7,2,100000,12,62,0,2613,3756,938,255,292,543,64630.784000000036,29,False,False
174,26,1083.318022226939,1099.395537790042,1.0,CLIENT,7,2,100000,12,273,0,1748,2263,667,94,272,357,284583.9359999995,15,False,False
174,27,1317.1045835427053,-1146.7081022095997,1.0,CLIENT,7,2,100000,11,23,0,2672,3390,825,634,281,519,23975.93600000001,21,False,False
174,28,699.5342565981646,-59.779622209933905,1.0,CLIENT,7,2,100000,17,49,0,3285,4099,866,518,291,547,51079.16800000003,24,False,False
174,29,-9.032262403055562,799.9447377907004,1.0,CLIENT,7,2,100000,12,43,0,3432,4148,740,787,286,438,44824.57600000002,26,False,False
174,30,1001.1125850162326,185.4583377902341,1.0,CLIENT,7,2,100000,10,203,0,2859,3709,623,609,271,300,211613.6960000001,23,False,False
174,31,-827.7604029455159,1555.0282977905501,1.0,CLIENT,7,2,100000,15,59,0,3014,3860,815,462,289,485,61503.488000000034,24,False,False
174,32,-2341.116568318914,-91.3945022100026,1.0,CLIENT,7,2,100000,14,197,0,186,341,179,8,164,15,205359.1040000001,5,False,False
174,33,252.8688752226186,-810.2990622094424,1.0,CLIENT,7,2,100000,11,56,0,3122,3791,837,522,287,500,58376.19200000003,23,False,False
174,34,218.1018357857548,-1503.933982209404,1.0,CLIENT,7,2,100000,13,160,0,2370,2974,700,288,263,352,166789.12000000008,20,False,False
174,35,952.1694634403065,-1247.7866622098861,1.0,CLIENT,7,2,100000,9,104,0,2881,3451,700,639,282,383,108412.92800000006,23,False,False
174,36,2349.3451120624413,-2791.015822209956,1.0,CLIENT,7,2,100000,11,137,0,442,652,424,0,231,159,142813.18400000007,7,False,False
174,37,-1420.4631891536585,2543.549897790303,1.0,CLIENT,7,2,100000,14,43,0,2149,2713,883,149,251,592,44824.57600000002,18,False,False
174,38,622.1597747535826,-839.6875422095954,1.0,CLIENT,7,2,100000,13,44,0,3284,3767,828,727,282,519,45867.00800000002,24,False,False
174,39,-1962.638933993823,2131.2206177904095,1.0,CLIENT,7,2,100000,17,73,0,2105,2553,820,350,247,512,76097.53600000004,16,False,False
174,40,-998.586152525105,-686.9565022099988,1.0,CLIENT,7,2,100000,15,225,0,875,1657,415,27,235,152,234547.20000000013,15,False,False
174,41,-1366.2139362740486,2513.3821777905355,1.0,CLIENT,7,2,100000,12,35,0,2268,2790,902,208,254,616,36485.12000000002,18,False,False
174,42,-1778.6666501402588,2367.441657790405,1.0,CLIENT,7,2,100000,18,149,0,2016,2547,733,252,238,398,155322.36800000007,17,False,False
174,43,-817.7025122656762,1708.0932977900945,1.0,CLIENT,7,2,100000,15,40,0,3087,3833,862,531,287,544,41697.28000000002,23,False,False
174,44,-1261.9128179634572,1606.4581377904224,1.0,CLIENT,7,2,100000,14,37,0,2860,3421,809,685,258,530,38569.98400000002,23,False,False
174,45,1125.2127007283182,-2169.961542209461,1.0,CLIENT,7,2,100000,21,197,0,1470,2035,572,291,234,274,205359.1040000001,18,False,False
174,46,-1257.0818625973327,1243.7775777901525,1.0,CLIENT,7,2,100000,12,117,0,2303,3243,761,276,255,428,121964.54400000007,24,False,False
174,47,-704.2938551503636,-894.9022622094035,1.0,CLIENT,7,2,100000,15,70,0,1825,2191,833,83,254,495,72970.24000000003,17,False,False
174,48,497.10930716637836,-1057.4294622095783,1.0,CLIENT,7,2,100000,11,31,0,3066,3670,820,622,286,518,32315.392000000014,22,False,False
174,49,1640.4618091024731,-540.6820222099204,1.0,CLIENT,7,2,100000,20,234,0,1930,2709,516,412,234,235,243929.08800000013,21,False,False
174,50,-1406.0455996278488,2758.0643200003115,1.0,CLIENT,7,2,100000,12,56,0,1577,2319,735,39,241,463,58376.19200000003,18,False,False
174,51,1812.7962022920597,-2984.8899519996658,1.0,CLIENT,3,0.0,100000,14,165,0,525,577,495,12,230,204,172001.2800000001,6,False,False

175,0,-2185.2588607752573,-432.81294220937696,1.0,CLIENT,7,2,100000,14,91,0,780,922,622,12,239,304,94861.31200000005,8,False,False
175,1,-1353.859361895818,132.8039777902896,1.0,CLIENT,7,2,100000,16,166,0,2212,3085,656,431,258,333,173043.7120000001,22,False,False
175,2,203.05459776097942,1386.3784977900139,1.0,CLIENT,7,2,100000,13,236,0,2735,3394,627,330,262,306,246013.95200000014,22,False,False
175,3,1721.162522510533,-1788.5792222097411,1.0,CLIENT,7,2,100000,12,42,0,2495,2736,780,761,275,501,43782.14400000002,18,False,False
175,4,-1277.1184479676065,1553.2471777903013,1.0,CLIENT,7,2,100000,16,160,0,2187,3174,618,552,261,315,166789.12000000008,24,False,False
175,5,-69.77558643024747,338.41201779005956,1.0,CLIENT,7,2,100000,9,20,0,3741,4456,878,697,308,528,20848.640000000007,26,False,False
175,6,-323.0443611893226,700.313337790715,1.0,CLIENT,7,2,100000,12,22,0,3861,4536,803,873,301,490,22933.504000000008,27,False,False
175,7,-708.8872225477083,299.56133779006706,1.0,CLIENT,7,2,100000,18,61,0,3256,4309,819,367,293,482,63588.352000000035,29,False,False
175,8,85.05257324832219,766.7713777906115,1.0,CLIENT,7,2,100000,9,56,0,3563,3999,871,568,291,519,58376.19200000003,25,False,False
175,9,-344.9024543204281,-1112.4215422099485,1.0,CLIENT,7,2,100000,19,269,0,1843,2737,573,171,263,266,280414.20799999963,20,False,False
175,10,-1075.3270664527536,2130.218737790566,1.0,CLIENT,7,2,100000,12,78,0,1849,2170,842,322,253,488,81309.69600000004,20,False,False
175,11,272.35108866592736,-1332.9464622100238,1.0,CLIENT,7,2,100000,14,121,0,2194,2806,846,206,286,485,126134.27200000007,21,False,False
175,12,-1584.8740635750712,666.8060177906784,1.0,CLIENT,7,2,100000,17,182,0,2039,2956,678,265,259,336,189722.6240000001,22,False,False
175,13,241.54384870947493,-275.62910220994894,1.0,CLIENT,7,2,100000,17,57,0,3326,4145,889,443,304,535,59418.62400000003,28,False,False
175,14,-677.1296307155745,634.5232177907142,1.0,CLIENT,7,2,100000,14,109,0,3519,4269,695,701,288,360,113625.08800000006,29,False,False
175,15,1711.9757877164066,-1309.2353022097745,1.0,CLIENT,7,2,100000,8,47,0,2388,2897,858,503,293,534,48994.304000000026,21,False,False
175,16,2071.0504045881567,-2414.8655422096813,1.0,CLIENT,7,2,100000,17,67,0,1533,1872,845,175,254,482,69842.94400000003,15,False,False
175,17,-223.25741428610752,509.8448177906883,1.0,CLIENT,7,2,100000,12,25,0,3859,4477,845,806,312,499,26060.80000000001,27,False,False
175,18,-331.75592004589,-95.4020222093763,1.0,CLIENT,7,2,100000,15,179,0,3292,4098,631,623,286,299,186595.3280000001,28,False,False
175,19,650.9079189804238,-1813.7375422095006,1.0,CLIENT,7,2,100000,15,242,0,2163,2571,664,200,275,341,252268.54400000014,20,False,False
175,20,-1353.0674019995104,356.1118977904573,1.0,CLIENT,7,2,100000,10,43,0,2622,3330,812,485,275,496,44824.57600000002,23,False,False
175,21,746.9726543720071,973.269977790506,1.0,CLIENT,7,2,100000,18,260,0,2001,2760,599,108,260,278,271032.3199999999,17,False,False
175,22,2460.3778894893944,-2439.912542209722,1.0,CLIENT,7,2,100000,10,190,0,1248,1430,635,194,254,316,198062.0800000001,11,False,False
175,23,801.6178871997707,-1200.3643422093876,1.0,CLIENT,7,2,100000,13,43,0,2940,3437,814,718,296,503,44824.57600000002,23,False,False
175,24,-707.224106765688,1511.7248177907263,1.0,CLIENT,7,2,100000,10,70,0,2861,3844,825,472,300,470,72970.24000000003,26,False,False
175,25,-14.41758969614491,-886.998542209584,1.0,CLIENT,7,2,100000,11,27,0,2755,3419,918,452,304,585,28145.66400000001,22,False,False
175,26,785.8578852686563,-1284.188302209734,1.0,CLIENT,7,2,100000,12,41,0,2876,3340,844,632,294,517,42739.71200000002,23,False,False
175,27,2474.8707555872047,-1342.2973422093535,1.0,CLIENT,7,2,100000,14,201,0,1303,1687,640,177,263,309,209528.8320000001,15,False,False
175,28,-868.1503576442486,2276.3818977901346,1.0,CLIENT,7,2,100000,17,58,0,1782,2067,896,250,250,559,60461.05600000003,18,False,False
175,29,1839.8773109295294,-1849.4712622094528,1.0,CLIENT,7,2,100000,12,40,0,2343,2694,861,631,277,556,41697.28000000002,17,False,False
175,30,1968.5707940383968,-31.8383022092911,1.0,CLIENT,7,2,100000,11,241,0,418,896,350,22,237,115,251226.11200000014,15,False,False
175,31,2322.735259554617,-1803.1621422093076,1.0,CLIENT,7,2,100000,15,68,0,1621,1953,883,183,263,531,70885.37600000003,16,False,False
175,32,-2204.582682238629,399.74933779022905,1.0,CLIENT,7,2,100000,17,161,0,847,1164,611,49,237,266,167831.55200000008,13,False,False
175,33,1031.9990209626535,-1629.836902209502,1.0,CLIENT,7,2,100000,11,42,0,2352,3014,880,257,296,579,43782.14400000002,22,False,False
175,34,510.0182534721368,1076.3522977904793,1.0,CLIENT,7,2,100000,12,27,0,2482,3418,836,215,275,513,28145.66400000001,21,False,False
175,35,-2047.5370348510742,2192.891897790527,1.0,CLIENT,7,2,100000,11,215,0,720,1102,484,34,227,235,224122.88000000012,13,False,False
175,36,-848.4305562327229,1279.5112977901047,1.0,CLIENT,7,2,100000,7,37,0,3322,4045,740,756,290,423,38569.98400000002,27,False,False
175,37,143.49921357768582,-848.927102209997,1.0,CLIENT,7,2,100000,14,67,0,2836,3397,863,507,298,512,69842.94400000003,23,False,False
175,38,-398.04296334554533,2126.0998977906825,1.0,CLIENT,7,2,100000,16,209,0,1805,2389,618,413,247,295,217868.28800000012,21,False,False
175,39,178.6622329621406,224.30901779022662,1.0,CLIENT,7,2,100000,16,69,0,3375,4135,872,508,301,520,71927.80800000003,26,False,False
175,40,1355.0394625636732,-2012.777702210033,1.0,CLIENT,7,2,100000,12,143,0,2355,2795,726,525,276,387,149067.77600000007,18,False,False
175,41,1944.9703891358656,-803.7311822094142,1.0,CLIENT,7,2,100000,16,219,0,1598,2214,585,272,253,285,228292.60800000012,19,False,False
175,42,681.1607870099112,-1605.0125422096903,1.0,CLIENT,7,2,100000,18,57,0,2404,2907,847,302,281,527,59418.62400000003,21,False,False
175,43,698.1879247748923,-95.84730220983403,1.0,CLIENT,7,2,100000,16,222,0,2867,4095,538,531,252,237,231419.90400000013,25,False,False
175,44,-532.6761456750299,1281.9603377902492,1.0,CLIENT,7,2,100000,14,41,0,3506,4195,789,728,288,483,42739.71200000002,28,False,False
175,45,1924.1418438698472,-1694.1798622099927,1.0,CLIENT,7,2,100000,18,73,0,2158,2649,814,461,268,498,76097.53600000004,17,False,False
175,46,-1062.4973161364007,1991.5140177903595,1.0,CLIENT,7,2,100000,12,32,0,1920,2457,905,371,259,613,33357.824000000015,21,False,False
175,47,-1995.4260736904812,-640.4247422096248,1.0,CLIENT,7,2,100000,18,169,0,602,860,469,3,233,179,176171.0080000001,9,False,False
175,48,-966.1157967866321,2880.7381777900746,1.0,CLIENT,7,2,100000,12,74,0,991,1390,706,83,243,429,77139.96800000004,12,False,False
175,49,-1081.5043536421504,2964.1168577907542,1.0,CLIENT,7,2,100000,21,198,0,833,1152,550,99,232,241,206401.5360000001,11,False,False
175,50,-1406.0455996278488,2758.0643200003115,1.0,CLIENT,7,2,100000,12,49,0,1138,1450,811,111,247,511,51079.16800000003,11,False,False
175,51,1812.7962022920597,-2984.8899519996658,1.0,CLIENT,3,0.0,100000,14,226,0,576,927,407,2,232,152,235589.63200000013,10,False,False

176,0,441.27613449471653,898.6855777905612,1.0,CLIENT,7,2,100000,13,131,0,2700,3297,723,656,283,386,136558.59200000006,20,False,False
176,1,204.24253760487773,-128.3527422100272,1.0,CLIENT,7,2,100000,14,16,0,4161,4912,829,810,299,511,16678.912000000004,28,False,False
176,2,-414.04055324600205,2181.3146177904905,1.0,CLIENT,7,2,100000,14,189,0,1388,1561,701,319,270,359,197019.6480000001,14,False,False
176,3,1575.75868559487,-1283.9656622095051,1.0,CLIENT,7,2,100000,12,203,0,2108,2515,627,561,259,310,211613.6960000001,23,False,False
176,4,1054.8866619588457,614.2629777904529,1.0,CLIENT,7,2,100000,16,135,0,1863,2729,751,70,263,417,140728.32000000007,22,False,False
176,5,-2388.5549660927563,907.9251377901719,1.0,CLIENT,7,2,100000,10,121,0,653,723,540,105,247,257,126134.27200000007,12,False,False
176,6,-765.274767146898,463.0904177900854,1.0,CLIENT,7,2,100000,15,272,0,2101,3089,540,263,265,249,283541.50399999955,27,False,False
176,7,-2041.2805516722715,149.7246177902818,1.0,CLIENT,7,2,100000,20,77,0,610,880,549,49,236,265,80267.26400000004,9,False,False
176,8,910.9875488452662,-1707.315622209258,1.0,CLIENT,7,2,100000,12,220,0,2323,2947,638,382,259,316,229335.04000000012,25,False,False
176,9,60.73940443945175,1738.70629779032,1.0,CLIENT,7,2,100000,19,232,0,1345,1924,646,171,260,328,241844.22400000013,18,False,False
176,10,2076.59412386062,-382.05102220940034,1.0,CLIENT,7,2,100000,12,72,0,1063,1625,660,75,261,375,75055.10400000004,16,False,False
176,11,-70.40915434718082,-585.3213422095357,1.0,CLIENT,7,2,100000,14,31,0,3953,4382,918,555,299,593,32315.392000000014,24,False,False
176,12,-347.59511796697274,1353.5390977906638,1.0,CLIENT,7,2,100000,15,53,0,1813,2353,807,468,277,502,55248.89600000003,23,False,False
176,13,933.6376018726789,-925.1813022096809,1.0,CLIENT,7,2,100000,15,46,0,3618,4643,752,737,306,425,47951.872000000025,28,False,False
176,14,569.3360496866507,-1293.2052222099069,1.0,CLIENT,7,2,100000,14,33,0,3579,4206,885,670,305,527,34400.256000000016,24,False,False
176,15,-2545.283829522126,501.71845779064,1.0,CLIENT,7,2,100000,9,56,0,673,733,607,58,246,310,58376.19200000003,7,False,False
176,16,-335.39893556755334,-1391.3894622095909,1.0,CLIENT,7,2,100000,16,61,0,2529,3281,822,85,275,478,63588.352000000035,17,False,False
176,17,2230.4719316640712,-430.92050220940905,1.0,CLIENT,7,2,100000,15,191,0,671,1201,491,23,251,199,199104.5120000001,14,False,False
176,18,2263.100679381918,-1037.057902209598,1.0,CLIENT,7,2,100000,18,144,0,852,1376,603,66,247,262,150110.20800000007,15,False,False
176,19,-1307.6880999552793,2366.2171377903323,1.0,CLIENT,7,2,100000,14,48,0,1050,1328,775,201,263,487,50036.736000000026,12,False,False
176,20,-2509.7248301895174,-163.6411822095218,1.0,CLIENT,7,2,100000,11,164,0,398,409,386,4,242,135,170958.8480000001,7,False,False
176,21,-6.022814797762855,-1307.3428622098068,1.0,CLIENT,7,2,100000,17,28,0,3297,3761,962,292,290,616,29188.096000000012,20,False,False
176,22,-38.730758505015345,-1568.2769422098945,1.0,CLIENT,7,2,100000,10,195,0,2678,3312,673,229,275,324,203274.2400000001,19,False,False
176,23,-1062.3389241575896,1969.4726577906404,1.0,CLIENT,7,2,100000,14,98,0,1542,1823,757,516,266,435,102158.33600000005,17,False,False
176,24,132.7285589909444,-1157.1721822092827,1.0,CLIENT,7,2,100000,10,35,0,3679,3994,924,466,291,570,36485.12000000002,23,False,False
176,25,-2068.2071881382813,1602.5619377899766,1.0,CLIENT,7,2,100000,14,212,0,622,973,400,156,214,177,220995.58400000012,16,False,False
176,26,865.4498548222238,-694.0809822094127,1.0,CLIENT,7,2,100000,12,99,0,3850,4779,645,797,297,323,103200.76800000005,28,False,False
176,27,-132.02363426064846,-795.6048222093659,1.0,CLIENT,7,2,100000,12,34,0,3721,4186,978,343,292,622,35442.68800000002,23,False,False
176,28,1381.2533351233435,-2289.40790220925,1.0,CLIENT,7,2,100000,17,134,0,1193,1824,642,317,252,358,139685.88800000006,16,False,False
176,29,-1287.5723185955999,2467.8522977900047,1.0,CLIENT,7,2,100000,12,61,0,971,1271,741,155,261,445,63588.352000000035,12,False,False
176,30,-2113.8240781507293,403.9794977906226,1.0,CLIENT,7,2,100000,11,53,0,725,961,625,95,247,340,55248.89600000003,9,False,False
176,31,1175.4229581386737,962.2492977906463,1.0,CLIENT,7,2,100000,17,206,0,1039,1865,527,39,245,241,214740.99200000011,17,False,False
176,32,2504.4108597097907,-2679.918462209653,1.0,CLIENT,7,2,100000,17,78,0,607,695,571,11,219,260,81309.69600000004,9,False,False
176,33,199.96595416628105,-336.8551022096085,1.0,CLIENT,7,2,100000,11,23,0,4167,4838,880,700,316,543,23975.93600000001,28,False,False
176,34,2011.178236446115,-848.4818222095394,1.0,CLIENT,7,2,100000,13,44,0,1302,1955,774,102,262,454,45867.00800000002,18,False,False
176,35,-1396.466804303536,2324.583457790248,1.0,CLIENT,7,2,100000,10,65,0,1025,1290,728,215,262,414,67758.08000000003,12,False,False
176,36,-645.5304308628147,1201.3646577904528,1.0,CLIENT,7,2,100000,9,163,0,1826,2409,675,494,279,342,169916.41600000008,26,False,False
176,37,566.5641900507003,-1232.0905422099663,1.0,CLIENT,7,2,100000,14,35,0,3702,4288,883,706,305,542,36485.12000000002,26,False,False
176,38,-1984.8138110831137,424.5736977900407,1.0,CLIENT,7,2,100000,19,92,0,813,1017,612,189,238,316,95903.74400000005,10,False,False
176,39,-96.78141888566259,1080.8050977903108,1.0,CLIENT,7,2,100000,17,45,0,2231,3116,859,552,298,534,46909.440000000024,22,False,False
176,40,-148.1796161399165,-340.6399822095443,1.0,CLIENT,7,2,100000,11,128,0,3860,4585,728,684,297,381,133431.29600000006,25,False,False
176,41,-554.8510227648834,-922.3983022095886,1.0,CLIENT,7,2,100000,16,249,0,2699,3503,639,90,264,318,259565.56800000014,19,False,False
176,42,621.4470108472436,-96.29258220950078,1.0,CLIENT,7,2,100000,18,174,0,3615,4611,698,447,283,354,181383.1680000001,30,False,False
176,43,-55.04513236365741,539.678577790508,1.0,CLIENT,7,2,100000,15,77,0,3218,3809,780,764,298,446,80267.26400000004,24,False,False
176,44,2319.963399918667,-2584.1832622093225,1.0,CLIENT,7,2,100000,18,67,0,681,824,635,16,218,293,69842.94400000003,9,False,False
176,45,1615.5150723766692,-2051.5170622095156,1.0,CLIENT,7,2,100000,19,167,0,1315,1995,659,392,257,343,174086.1440000001,18,False,False
176,46,1105.4928993167925,293.88401779016334,1.0,CLIENT,7,2,100000,12,70,0,2441,3403,793,272,273,464,72970.24000000003,25,False,False
176,47,12.429850780458906,78.70245779004392,1.0,CLIENT,7,2,100000,15,69,0,3552,4693,782,752,304,442,71927.80800000003,25,False,False
176,48,-927.7849378175107,2749.046617790354,1.0,CLIENT,7,2,100000,14,180,0,673,958,587,13,259,271,187637.7600000001,11,False,False
176,49,2369.6984813909003,-3073.879942209253,1.0,CLIENT,7,2,100000,22,137,0,451,583,425,9,211,149,142813.18400000007,5,False,False
176,50,-1406.0455996278488,2758.0643200003115,1.0,CLIENT,7,2,100000,15,101,0,739,905,637,36,257,313,105285.63200000006,10,False,False
176,51,1812.7962022920597,-2984.8899519996658,1.0,CLIENT,3,0.0,100000,14,128,0,602,629,561,12,222,237,133431.29600000006,7,False,False

177,0,433.51492751326776,-1574.9561422096417,1.0,CLIENT,7,2,100000,13,70,0,1824,2186,857,165,277,517,72970.24000000003,16,False,False
177,1,-2236.894645997728,943.2135777904574,1.0,CLIENT,7,2,100000,15,116,0,2440,2893,740,513,270,413,120922.11200000007,19,False,False
177,2,-900.1455374451622,2039.2702977900149,1.0,CLIENT,7,2,100000,14,119,0,1445,2263,658,311,242,324,124049.40800000007,20,False,False
177,3,401.4405517229486,1455.5082177902839,1.0,CLIENT,7,2,100000,13,73,0,661,1192,554,19,236,296,76097.53600000004,10,False,False
177,4,-1809.7114780654908,1136.2424577903475,1.0,CLIENT,7,2,100000,15,54,0,2908,3268,798,702,275,477,56291.32800000003,22,False,False
177,5,328.025869358778,-1529.64890220934,1.0,CLIENT,7,2,100000,9,37,0,1777,2212,895,173,288,559,38569.98400000002,18,False,False
177,6,426.9416603757174,1529.9812977905096,1.0,CLIENT,7,2,100000,15,137,0,569,1047,478,15,233,205,142813.18400000007,10,False,False
177,7,-2400.513560523396,557.8237377905725,1.0,CLIENT,7,2,100000,18,73,0,1998,2536,839,182,266,517,76097.53600000004,18,False,False
177,8,2058.4582422405833,-2339.0566222096645,1.0,CLIENT,7,2,100000,11,64,0,1581,1775,797,414,254,483,66715.64800000003,17,False,False
177,9,-1795.6937879052396,59.44409779041706,1.0,CLIENT,7,2,100000,16,151,0,2697,3280,664,568,269,324,157407.23200000008,20,False,False
177,10,1415.7035906020221,-1835.8902222097297,1.0,CLIENT,7,2,100000,12,154,0,1810,2458,645,626,278,339,160534.52800000008,22,False,False
177,11,-1190.319643360118,-989.0789822097139,1.0,CLIENT,7,2,100000,16,263,0,1417,1943,546,156,258,251,274159.6159999998,17,False,False
177,12,-6.102010787731224,-1408.532742209812,1.0,CLIENT,7,2,100000,15,65,0,1741,2154,797,307,293,470,67758.08000000003,16,False,False
177,13,2104.550308191154,-1621.265262209787,1.0,CLIENT,7,2,100000,17,65,0,1368,1891,876,156,254,560,67758.08000000003,18,False,False
177,14,-1934.5243576839152,1030.8224177907396,1.0,CLIENT,7,2,100000,14,26,0,2879,3229,831,701,277,541,27103.23200000001,22,False,False
177,15,1927.1512914745772,-2235.862982209972,1.0,CLIENT,7,2,100000,9,56,0,1659,1847,823,507,262,519,58376.19200000003,18,False,False
177,16,542.5678052000152,1293.6489377900045,1.0,CLIENT,7,2,100000,17,130,0,545,886,462,5,230,218,135516.16000000006,10,False,False
177,17,-54.1739764779444,-1108.6366622100127,1.0,CLIENT,7,2,100000,13,32,0,1919,2470,840,446,308,522,33357.824000000015,18,False,False
177,18,-60.27206767793546,982.9548177905745,1.0,CLIENT,7,2,100000,18,223,0,1527,1848,651,277,243,338,232462.33600000013,16,False,False
177,19,2670.484849912661,-1976.5987022096233,1.0,CLIENT,7,2,100000,18,130,0,1300,1479,726,230,242,367,135516.16000000006,12,False,False
177,20,-2220.8178601078653,543.6860977906726,1.0,CLIENT,7,2,100000,10,43,0,2354,2913,924,260,278,589,44824.57600000002,20,False,False
177,21,-1814.7008254104262,2181.6485777904386,1.0,CLIENT,7,2,100000,18,178,0,1628,2211,697,245,250,347,185552.8960000001,16,False,False
177,22,-1114.0539053700288,172.09993779073983,1.0,CLIENT,7,2,100000,9,83,0,2546,3593,786,623,293,438,86521.85600000004,24,False,False
177,23,-2354.896670510385,977.7227777903374,1.0,CLIENT,7,2,100000,14,29,0,2232,2739,819,410,276,501,30230.528000000013,19,False,False
177,24,822.6840204351315,-951.4528222097937,1.0,CLIENT,7,2,100000,11,192,0,1990,2270,769,338,271,409,200146.9440000001,19,False,False
177,25,-1412.860374151584,-649.2190222095687,1.0,CLIENT,7,2,100000,13,76,0,1397,2288,762,195,279,435,79224.83200000004,21,False,False
177,26,-2167.9941350409335,944.9946977907064,1.0,CLIENT,7,2,100000,12,41,0,2605,2990,793,607,277,468,42739.71200000002,20,False,False
177,27,-2378.3386834335424,1725.9044977902113,1.0,CLIENT,7,2,100000,14,243,0,1595,2143,589,74,251,292,253310.97600000014,16,False,False
177,28,2565.70855566451,-1564.3807422094487,1.0,CLIENT,7,2,100000,17,79,0,1191,1428,789,57,247,470,82352.12800000004,15,False,False
177,29,1266.5775421747271,-525.0972222097196,1.0,CLIENT,7,2,100000,12,236,0,645,1704,351,21,230,109,246013.95200000014,18,False,False
177,30,406.82587901603796,-1545.9016222094365,1.0,CLIENT,7,2,100000,10,52,0,1843,2238,885,174,282,542,54206.46400000003,16,False,False
177,31,738.1027035360657,-1863.8315422095816,1.0,CLIENT,7,2,100000,18,194,0,1726,2140,695,146,268,332,202231.8080000001,21,False,False
177,32,2407.4749684324943,-1577.0712222098384,1.0,CLIENT,7,2,100000,13,56,0,1245,1527,854,70,255,530,58376.19200000003,15,False,False
177,33,2498.233572520957,-1175.0947022099092,1.0,CLIENT,7,2,100000,11,187,0,939,1278,568,54,246,279,194934.7840000001,14,False,False
177,34,-421.564172258671,210.1713777903268,1.0,CLIENT,7,2,100000,13,208,0,1750,2779,641,308,264,330,216825.85600000012,27,False,False
177,35,-176.21499646041863,-1122.1063822100168,1.0,CLIENT,7,2,100000,9,143,0,1944,2435,725,462,304,375,149067.77600000007,17,False,False
177,36,85.36935720707022,-919.1700222098293,1.0,CLIENT,7,2,100000,9,23,0,1940,2535,889,441,317,560,23975.93600000001,19,False,False
177,37,-426.71191158298075,-498.7143822098878,1.0,CLIENT,7,2,100000,15,208,0,2152,2863,693,410,271,351,216825.85600000012,20,False,False
177,38,-2580.2092609383635,76.1420977901804,1.0,CLIENT,7,2,100000,17,262,0,1380,1903,506,24,242,246,273117.18399999983,16,False,False
177,39,2645.062937249298,-2923.1526622093434,1.0,CLIENT,7,2,100000,20,172,0,736,1025,559,68,233,240,179298.3040000001,12,False,False
177,40,1674.2784966642182,-1776.0000622098614,1.0,CLIENT,7,2,100000,11,42,0,1763,2338,746,717,281,471,43782.14400000002,21,False,False
177,41,2210.1185623356123,-2319.7982622092463,1.0,CLIENT,7,2,100000,13,73,0,1561,1686,832,382,253,513,76097.53600000004,13,False,False
177,42,-1324.1608657932954,-612.0381422093152,1.0,CLIENT,7,2,100000,18,44,0,1522,2396,843,245,286,535,45867.00800000002,22,False,False
177,43,-1127.8340075609374,700.313337790715,1.0,CLIENT,7,2,100000,15,79,0,2824,3563,707,683,276,391,82352.12800000004,26,False,False
177,44,-523.0934309327495,2693.1639777906503,1.0,CLIENT,7,2,100000,18,193,0,483,803,383,11,221,128,201189.3760000001,10,False,False
177,45,-1066.140331658627,1175.9836977904647,1.0,CLIENT,7,2,100000,17,108,0,2474,3402,683,611,278,348,112582.65600000006,27,False,False
177,46,2157.453229248054,-2841.6664222094223,1.0,CLIENT,7,2,100000,13,70,0,1146,1449,770,99,246,450,72970.24000000003,13,False,False
177,47,-1745.087550547293,1574.0640177907392,1.0,CLIENT,7,2,100000,15,76,0,2534,2989,850,437,265,490,79224.83200000004,21,False,False
177,48,-692.8896326472516,677.7153777900281,1.0,CLIENT,7,2,100000,11,64,0,1997,3040,841,331,273,501,66715.64800000003,27,False,False
177,49,-976.5696674146255,1576.0677777904261,1.0,CLIENT,7,2,100000,16,83,0,2102,3140,662,602,272,370,86521.85600000004,23,False,False
177,50,-1406.0455996278488,2758.0643200003115,1.0,CLIENT,7,2,100000,15,178,0,729,1071,554,64,237,257,185552.8960000001,9,False,False
177,51,1812.7962022920597,-2984.8899519996658,1.0,CLIENT,3,0.0,100000,14,183,0,609,964,463,28,236,193,190765.0560000001,12,False,False

178,0,2341.9798850291463,-3394.0362622093135,1.0,CLIENT,7,2,100000,16,185,0,529,627,474,0,240,207,192849.9200000001,8,False,False
178,1,-1582.656575866086,2300.8722977899984,1.0,CLIENT,7,2,100000,15,134,0,1381,1829,688,280,253,376,139685.88800000006,14,False,False
178,2,961.5145902138071,-1668.019662209599,1.0,CLIENT,7,2,100000,11,43,0,1813,2182,827,396,280,519,44824.57600000002,18,False,False
178,3,-1297.3134253172543,-609.5891022099615,1.0,CLIENT,7,2,100000,13,56,0,1749,2133,813,218,261,504,58376.19200000003,17,False,False
178,4,2379.6771760813344,-2531.1949422094303,1.0,CLIENT,7,2,100000,17,147,0,1217,1534,692,258,249,329,153237.50400000007,16,False,False
178,5,-1780.6465498799014,715.898137790125,1.0,CLIENT,7,2,100000,9,195,0,2088,3129,588,426,250,296,203274.2400000001,24,False,False
178,6,116.25579315292832,-1459.1833422092786,1.0,CLIENT,7,2,100000,16,255,0,618,1210,377,45,233,135,265820.16000000003,17,False,False
178,7,-1836.321330572752,-370.25110220992616,1.0,CLIENT,7,2,100000,18,62,0,1804,2166,828,215,257,536,64630.784000000036,17,False,False
178,8,-1496.6497311543424,-400.9754222098704,1.0,CLIENT,7,2,100000,10,27,0,2043,2358,943,276,271,640,28145.66400000001,18,False,False
178,9,-1152.0679803804023,-551.3687422098324,1.0,CLIENT,7,2,100000,16,38,0,1805,2285,844,243,264,549,39612.41600000002,20,False,False
178,10,1660.9735704103064,-1547.7940622094045,1.0,CLIENT,7,2,100000,12,39,0,1990,2225,906,484,288,605,40654.84800000002,17,False,False
178,11,-976.6488634040312,981.7302977905022,1.0,CLIENT,7,2,100000,14,61,0,2321,3426,720,550,283,410,63588.352000000035,31,False,False
178,12,873.6070417512634,-1636.738742209478,1.0,CLIENT,7,2,100000,15,182,0,1647,2033,691,279,270,366,189722.6240000001,18,False,False
178,13,-601.2598726736389,2799.697217790612,1.0,CLIENT,7,2,100000,20,214,0,769,1020,490,8,230,210,223080.44800000012,12,False,False
178,14,1825.938816758684,-1417.215702209246,1.0,CLIENT,7,2,100000,14,32,0,1943,2131,907,418,288,597,33357.824000000015,17,False,False
178,15,1890.0083723499165,-1319.3654222095097,1.0,CLIENT,7,2,100000,9,92,0,1877,2064,830,369,287,487,95903.74400000005,17,False,False
178,16,-987.023538042619,1341.9618177906275,1.0,CLIENT,7,2,100000,15,121,0,2253,3123,756,420,271,415,126134.27200000007,27,False,False
178,17,-1431.7090196779593,2126.4338577906306,1.0,CLIENT,7,2,100000,13,36,0,1742,2359,806,377,260,524,37527.55200000002,15,False,False
178,18,-1422.4430888938641,778.7939377903147,1.0,CLIENT,7,2,100000,15,68,0,2567,3542,723,641,272,420,70885.37600000003,26,False,False
178,19,1678.7926680715948,-1244.669702209846,1.0,CLIENT,7,2,100000,14,73,0,1804,2029,791,375,286,457,76097.53600000004,17,False,False
178,20,-1989.2487865010846,-152.28654220971436,1.0,CLIENT,7,2,100000,10,65,0,1929,2292,804,230,265,490,67758.08000000003,17,False,False
178,21,625.248418348281,155.17929779074763,1.0,CLIENT,7,2,100000,18,254,0,1262,1877,535,354,247,251,264777.72800000006,18,False,False
178,22,1407.1504237242661,-990.526142210015,1.0,CLIENT,7,2,100000,10,39,0,1787,2184,926,284,308,592,40654.84800000002,17,False,False
178,23,-1898.3317904338105,-569.8478622098446,1.0,CLIENT,7,2,100000,14,43,0,1561,1929,804,74,264,509,44824.57600000002,14,False,False
178,24,-2167.360567124,-516.3029422097757,1.0,CLIENT,7,2,100000,11,215,0,1391,1665,600,42,255,265,224122.88000000012,13,False,False
178,25,-1067.7242514506788,-830.8932622096515,1.0,CLIENT,7,2,100000,13,199,0,1638,1998,640,236,254,318,207443.9680000001,15,False,False
178,26,1834.49198363644,-3102.823142209739,1.0,CLIENT,7,2,100000,12,58,0,843,1072,690,38,249,359,60461.05600000003,15,False,False
178,27,-1193.8834628923757,2056.9701777904124,1.0,CLIENT,7,2,100000,12,39,0,2039,2534,825,435,260,546,40654.84800000002,17,False,False
178,28,340.6180317057883,1020.0243777903179,1.0,CLIENT,7,2,100000,17,57,0,1792,2181,902,202,262,566,59418.62400000003,15,False,False
178,29,-1564.4414982566439,2248.6632177905117,1.0,CLIENT,7,2,100000,12,75,0,1498,2002,767,302,256,460,78182.40000000004,14,False,False
178,30,645.2850037185547,506.7278577906481,1.0,CLIENT,7,2,100000,10,73,0,1604,2061,835,320,274,503,76097.53600000004,13,False,False
178,31,1395.746201221154,-490.0314222096628,1.0,CLIENT,7,2,100000,18,259,0,1362,1804,471,295,242,208,269989.8879999999,17,False,False
178,32,-466.46829836478025,1060.0995777903827,1.0,CLIENT,7,2,100000,11,124,0,2408,2998,670,666,285,340,129261.56800000007,26,False,False
178,33,1363.7510214208032,-2049.847262209777,1.0,CLIENT,7,2,100000,11,98,0,2001,2298,830,486,291,471,102158.33600000005,18,False,False
178,34,-118.8770999861104,210.28269779004575,1.0,CLIENT,7,2,100000,12,123,0,1926,2872,793,312,286,458,128219.13600000007,23,False,False
178,35,2307.5296295504677,-2137.0108222096014,1.0,CLIENT,7,2,100000,9,57,0,1566,1892,837,275,270,528,59418.62400000003,17,False,False
178,36,-469.31935399069897,1207.4872577900235,1.0,CLIENT,7,2,100000,8,25,0,2358,3015,778,554,296,455,26060.80000000001,26,False,False
178,37,-1720.0616178320836,-206.05410221001222,1.0,CLIENT,7,2,100000,14,40,0,2088,2429,893,330,264,576,41697.28000000002,19,False,False
178,38,-1315.3701109473225,-269.72914220981636,1.0,CLIENT,7,2,100000,14,66,0,2252,2618,845,463,261,515,68800.51200000003,19,False,False
178,39,-1108.5893820869712,2005.874297790488,1.0,CLIENT,7,2,100000,17,134,0,2020,2556,705,411,250,396,139685.88800000006,18,False,False
178,40,306.64295216523186,1360.8862177903065,1.0,CLIENT,7,2,100000,13,53,0,1553,2077,795,135,268,476,55248.89600000003,16,False,False
178,41,-2097.588900281493,1087.5956177905678,1.0,CLIENT,7,2,100000,13,68,0,1511,2339,784,110,261,446,70885.37600000003,22,False,False
178,42,1654.0835193145704,-2764.9669422092807,1.0,CLIENT,7,2,100000,18,92,0,1245,1809,724,221,245,409,95903.74400000005,16,False,False
178,43,-2224.2232876613116,1482.3363377905732,1.0,CLIENT,7,2,100000,17,252,0,1365,1739,551,220,243,267,262692.8640000001,16,False,False
178,44,1583.9950685138779,-2707.748462209786,1.0,CLIENT,7,2,100000,15,75,0,1388,1933,755,290,251,442,78182.40000000004,16,False,False
178,45,2282.345304855884,-1716.4438622099408,1.0,CLIENT,7,2,100000,20,233,0,1343,1857,628,100,262,302,242886.65600000013,17,False,False
178,46,-536.8735331242209,-57.44190220950827,1.0,CLIENT,7,2,100000,12,226,0,2076,3151,555,500,262,263,235589.63200000013,24,False,False
178,47,506.53362992928476,1128.0047777905804,1.0,CLIENT,7,2,100000,15,127,0,1616,1869,800,136,259,469,132388.86400000006,13,False,False
178,48,835.0385948133621,-1505.7151022096527,1.0,CLIENT,7,2,100000,12,79,0,1709,2022,815,275,284,471,82352.12800000004,17,False,False
178,49,393.9169327102796,1534.8793777900078,1.0,CLIENT,7,2,100000,20,227,0,1174,1741,517,30,239,235,236632.06400000013,14,False,False
178,50,-1406.0455996278488,2758.0643200003115,1.0,CLIENT,7,2,100000,15,102,0,934,1126,644,7,236,261,106328.06400000006,11,False,False
178,51,1812.7962022920597,-2984.8899519996658,1.0,CLIENT,3,0.0,100000,14,76,0,822,998,662,42,246,330,79224.83200000004,13,False,False

179,0,2153.335037788269,-1997.9721422094467,1.0,CLIENT,7,2,100000,13,36,0,2461,2877,943,356,277,641,37527.55200000002,19,False,False
179,1,1011.2496716860408,-2109.5147822094164,1.0,CLIENT,7,2,100000,15,153,0,2213,2896,691,248,277,361,159492.09600000008,23,False,False
179,2,-1103.0456628145078,2273.0422977906564,1.0,CLIENT,7,2,100000,12,135,0,1665,2123,737,374,271,397,140728.32000000007,16,False,False
179,3,-2066.8608563150087,1125.333097790207,1.0,CLIENT,7,2,100000,12,48,0,1757,2239,901,293,298,580,50036.736000000026,20,False,False
179,4,1435.740175972296,-1751.0643822095399,1.0,CLIENT,7,2,100000,15,52,0,2778,3408,816,582,286,501,54206.46400000003,23,False,False
179,5,1477.0012865567417,-1035.7220622098068,1.0,CLIENT,7,2,100000,9,74,0,2750,3265,708,827,278,407,77139.96800000004,21,False,False
179,6,1347.5158435515668,-2284.287182209523,1.0,CLIENT,7,2,100000,12,66,0,2480,3046,748,601,286,440,68800.51200000003,21,False,False
179,7,57.175584907194064,2109.4018977901283,1.0,CLIENT,7,2,100000,20,203,0,955,1311,536,83,245,236,211613.6960000001,14,False,False
179,8,-580.4313274070577,844.8066977905444,1.0,CLIENT,7,2,100000,10,179,0,2040,2794,660,485,296,318,186595.3280000001,21,False,False
179,9,2524.051465131911,-2660.771422209745,1.0,CLIENT,7,2,100000,19,131,0,1556,1919,754,160,250,366,136558.59200000006,14,False,False
179,10,1630.2455264432595,-1943.5366622092533,1.0,CLIENT,7,2,100000,12,32,0,2833,3331,868,628,291,564,33357.824000000015,22,False,False
179,11,410.31050255889,480.0110577900776,1.0,CLIENT,7,2,100000,16,253,0,1596,2148,494,581,250,215,263735.2960000001,18,False,False
179,12,-1584.557279616886,1724.457337790701,1.0,CLIENT,7,2,100000,15,116,0,2271,2773,710,707,285,401,120922.11200000007,21,False,False
179,13,-282.4168185212474,299.00473779068136,1.0,CLIENT,7,2,100000,17,141,0,1521,2401,741,223,303,410,146982.91200000007,19,False,False
179,14,1110.7198346305079,-258.15186220978006,1.0,CLIENT,7,2,100000,15,193,0,1610,1942,662,441,265,318,201189.3760000001,20,False,False
179,15,895.0691549347779,-1048.7465022093534,1.0,CLIENT,7,2,100000,8,53,0,2374,3113,753,696,305,422,55248.89600000003,21,False,False
179,16,-689.4050091043996,339.8591777903607,1.0,CLIENT,7,2,100000,15,100,0,1831,2501,752,409,304,408,104243.20000000006,22,False,False
179,17,1677.5255322377282,-963.4753822094967,1.0,CLIENT,7,2,100000,13,41,0,2447,3064,763,585,275,461,42739.71200000002,21,False,False
179,18,-1190.7948192976773,2563.2535377903873,1.0,CLIENT,7,2,100000,15,60,0,1250,1664,798,152,267,516,62545.920000000035,15,False,False
179,19,1936.5756142380462,-671.1490622095689,1.0,CLIENT,7,2,100000,14,147,0,1731,2337,665,309,265,326,153237.50400000007,20,False,False
179,20,-478.6644807641996,-1301.220262209445,1.0,CLIENT,7,2,100000,11,262,0,942,1322,467,336,265,195,273117.18399999983,13,False,False
179,21,1988.369791439891,-3207.9092222093996,1.0,CLIENT,7,2,100000,18,225,0,1029,1577,489,15,233,226,234547.20000000013,13,False,False
179,22,1914.7175211069407,-2101.7223822093156,1.0,CLIENT,7,2,100000,9,35,0,2610,3058,890,501,279,575,36485.12000000002,20,False,False
179,23,-387.6682887075202,1813.9586177901604,1.0,CLIENT,7,2,100000,14,48,0,1666,2302,742,432,291,441,50036.736000000026,21,False,False
179,24,-1449.132137391094,225.42221779057996,1.0,CLIENT,7,2,100000,10,168,0,2502,2877,585,891,274,275,175128.5760000001,18,False,False
179,25,-640.4618875284734,336.0742977904249,1.0,CLIENT,7,2,100000,12,44,0,1890,2519,797,454,307,468,45867.00800000002,23,False,False
179,26,2149.6920222666054,-1635.9595022098633,1.0,CLIENT,7,2,100000,12,199,0,2468,2837,665,420,268,321,207443.9680000001,22,False,False
179,27,2187.626901287573,-2412.4165022095367,1.0,CLIENT,7,2,100000,12,36,0,2221,2462,882,336,264,566,37527.55200000002,19,False,False
179,28,1898.5615392271102,-556.934742210017,1.0,CLIENT,7,2,100000,17,83,0,1559,2143,785,181,261,424,86521.85600000004,19,False,False
179,29,-21.545228760660276,1622.710857790519,1.0,CLIENT,7,2,100000,12,49,0,1443,2155,845,265,276,544,51079.16800000003,14,False,False
179,30,-2005.4047683809151,2298.423257790645,1.0,CLIENT,7,2,100000,11,104,0,1465,1803,762,220,272,417,108412.92800000006,14,False,False
179,31,-1288.9186504188722,-335.2966222095884,1.0,CLIENT,7,2,100000,15,87,0,1651,2162,735,437,287,422,90691.58400000005,17,False,False
179,32,661.6785735671651,1512.3927377906218,1.0,CLIENT,7,2,100000,17,241,0,969,1273,500,189,245,223,251226.11200000014,11,False,False
179,33,1646.8766842606494,78.25717779037717,1.0,CLIENT,7,2,100000,12,246,0,988,1353,558,77,268,254,256438.27200000014,11,False,False
179,34,-1982.6755193640968,2442.2486977905787,1.0,CLIENT,7,2,100000,13,120,0,1189,1611,745,120,268,370,125091.84000000007,14,False,False
179,35,415.775025841385,-863.1760622096158,1.0,CLIENT,7,2,100000,9,193,0,1635,2656,578,523,272,270,201189.3760000001,22,False,False
179,36,1257.0740234218524,-1810.0639822092835,1.0,CLIENT,7,2,100000,8,24,0,2670,3270,823,503,294,512,25018.36800000001,23,False,False
179,37,2654.012084075208,-2094.8205422093397,1.0,CLIENT,7,2,100000,16,203,0,1352,2041,614,44,255,296,211613.6960000001,17,False,False
179,38,-1576.4792886766893,2776.431337790029,1.0,CLIENT,7,2,100000,15,67,0,904,1115,718,2,260,404,69842.94400000003,13,False,False
179,39,-2298.3507339318217,-25.15910220954396,1.0,CLIENT,7,2,100000,19,278,0,1283,1727,542,231,259,273,289796.0959999994,12,False,False
179,40,-2196.346299320184,1311.4601377901213,1.0,CLIENT,7,2,100000,13,194,0,1488,2000,684,178,284,354,202231.8080000001,20,False,False
179,41,491.9615678420687,-1922.1632222094297,1.0,CLIENT,7,2,100000,16,225,0,1818,2200,650,249,269,319,234547.20000000013,19,False,False
179,42,-2219.3923322951873,1087.5956177905678,1.0,CLIENT,7,2,100000,18,45,0,1675,1961,893,280,297,574,46909.440000000024,19,False,False
179,43,228.71409839312219,-1448.8305822093148,1.0,CLIENT,7,2,100000,16,102,0,1576,2168,824,169,280,438,106328.06400000006,18,False,False
179,44,-1952.501847324015,719.6830177900608,1.0,CLIENT,7,2,100000,14,66,0,1979,2568,897,348,298,562,68800.51200000003,19,False,False
179,45,-2463.8703522077267,868.0725777903359,1.0,CLIENT,7,2,100000,19,174,0,1516,1752,759,151,284,422,181383.1680000001,14,False,False
179,46,-1403.6736393574572,1170.8629777907377,1.0,CLIENT,7,2,100000,12,84,0,2603,3333,685,834,294,376,87564.28800000004,24,False,False
179,47,-1278.8607597390326,-736.1599422099553,1.0,CLIENT,7,2,100000,17,261,0,1111,1574,475,295,251,201,272074.75199999986,12,False,False
179,48,2146.5241826825013,-2651.4205422096247,1.0,CLIENT,7,2,100000,11,44,0,2095,2330,947,218,265,597,45867.00800000002,16,False,False
179,49,-448.41161273471215,1595.9940577907396,1.0,CLIENT,7,2,100000,18,132,0,1906,2638,673,511,275,346,137601.02400000006,22,False,False
179,50,-1406.0455996278488,2758.0643200003115,1.0,CLIENT,7,2,100000,15,184,0,840,1157,603,14,259,277,191807.4880000001,14,False,False
179,51,1812.7962022920597,-2984.8899519996658,1.0,CLIENT,3,0.0,100000,12,74,0,1372,1943,661,65,244,391,77139.96800000004,14,False,False

180,0,1246.9369367520444,-1067.3369422098756,1.0,CLIENT,7,2,100000,11,63,0,4310,5256,676,1032,299,355,65673.21600000003,31,False,False
180,1,239.72234094808056,-83.4907822093922,1.0,CLIENT,7,2,100000,14,108,0,5604,7783,676,664,302,325,112582.65600000006,43,False,False
180,2,-778.6588893902157,1338.3995777901296,1.0,CLIENT,7,2,100000,11,51,0,4222,5667,792,478,298,422,53164.03200000003,40,False,False
180,3,-1336.8322241302742,2637.9492577900514,1.0,CLIENT,7,2,100000,12,51,0,2396,2961,875,373,279,557,53164.03200000003,22,False,False
180,4,993.8265539729059,-2234.9724222098475,1.0,CLIENT,7,2,100000,17,239,0,1612,2465,549,228,245,260,249141.24800000014,20,False,False
180,5,-523.9645868184625,-1290.1995822095855,1.0,CLIENT,7,2,100000,9,200,0,2911,3855,650,433,283,302,208486.4000000001,25,False,False
180,6,1640.8577890506267,-1601.4503022099834,1.0,CLIENT,7,2,100000,12,110,0,3065,3845,679,716,277,356,114667.52000000006,24,False,False
180,7,695.4952611283476,1290.4206577902455,1.0,CLIENT,7,2,100000,18,94,0,2708,3616,777,200,273,423,97988.60800000005,25,False,False
180,8,2207.1883107202875,-1919.6028622095662,1.0,CLIENT,7,2,100000,10,76,0,1393,2180,785,248,277,464,79224.83200000004,18,False,False
180,9,-1964.222853785875,367.2438977900359,1.0,CLIENT,7,2,100000,16,32,0,3566,4850,901,452,303,557,33357.824000000015,30,False,False
180,10,-1235.2237694662274,-222.30682220931783,1.0,CLIENT,7,2,100000,12,54,0,4258,5138,850,551,293,507,56291.32800000003,38,False,False
180,11,589.1350470881448,-162.97326220962617,1.0,CLIENT,7,2,100000,14,23,0,5749,7291,745,799,317,400,23975.93600000001,40,False,False
180,12,2331.209230442405,-1398.7365822100246,1.0,CLIENT,7,2,100000,17,235,0,1657,2453,606,206,259,293,244971.52000000014,18,False,False
180,13,-2479.5511581494357,861.3933777905888,1.0,CLIENT,7,2,100000,17,38,0,2658,3464,897,193,287,571,39612.41600000002,22,False,False
180,14,28.031460732761975,952.564457790578,1.0,CLIENT,7,2,100000,14,103,0,4360,5654,724,557,295,365,107370.49600000006,35,False,False
180,15,-2086.6598537159402,2746.3749377899803,1.0,CLIENT,7,2,100000,9,232,0,1527,2149,644,42,268,324,241844.22400000013,16,False,False
180,16,1454.8264094668884,-178.55806220982714,1.0,CLIENT,7,2,100000,15,73,0,3757,4755,889,204,291,513,76097.53600000004,31,False,False
180,17,525.0654914974749,-566.8422222095234,1.0,CLIENT,7,2,100000,12,27,0,5123,6867,799,622,318,459,28145.66400000001,41,False,False
180,18,1302.6909134348632,704.9887777899844,1.0,CLIENT,7,2,100000,15,58,0,3258,4361,843,283,286,487,60461.05600000003,25,False,False
180,19,-382.9957253207699,-614.4871822094598,1.0,CLIENT,7,2,100000,13,37,0,4427,5911,882,602,305,530,38569.98400000002,39,False,False
180,20,807.3991944410137,1220.1777377904132,1.0,CLIENT,7,2,100000,11,255,0,2639,3463,644,134,269,326,265820.16000000003,26,False,False
180,21,2371.361597172358,-2194.1179822093773,1.0,CLIENT,7,2,100000,18,200,0,1194,1476,564,298,253,255,208486.4000000001,12,False,False
180,22,1247.2537207107925,-592.2231822095116,1.0,CLIENT,7,2,100000,9,50,0,4529,5334,784,711,294,435,52121.60000000003,34,False,False
180,23,194.9766068213454,733.4866977900128,1.0,CLIENT,7,2,100000,13,22,0,4832,6043,818,671,308,464,22933.504000000008,37,False,False
180,24,-561.3450939124654,411.883217790442,1.0,CLIENT,7,2,100000,10,31,0,5145,6776,799,444,308,416,32315.392000000014,44,False,False
180,25,-2151.8381531616656,1193.2382977904047,1.0,CLIENT,7,2,100000,12,23,0,3641,4342,860,424,291,511,23975.93600000001,31,False,False
180,26,1951.0684803358565,-423.35074220953743,1.0,CLIENT,7,2,100000,12,249,0,3017,3823,600,361,266,303,259565.56800000014,23,False,False
180,27,1410.2390673189645,431.36421779029774,1.0,CLIENT,7,2,100000,13,216,0,3674,4613,602,529,264,292,225165.31200000012,23,False,False
180,28,-1960.896622222397,2839.1044977899896,1.0,CLIENT,7,2,100000,17,64,0,1650,2204,818,41,260,503,66715.64800000003,18,False,False
180,29,-1861.0304793297762,-293.55162220978457,1.0,CLIENT,7,2,100000,12,240,0,2628,4089,650,331,280,321,250183.68000000014,25,False,False
180,30,-1729.644332574364,1423.8933377902151,1.0,CLIENT,7,2,100000,10,69,0,4360,5544,764,738,297,445,71927.80800000003,34,False,False
180,31,1560.7114475695319,-423.68470220948524,1.0,CLIENT,7,2,100000,15,38,0,3945,4811,863,426,290,533,39612.41600000002,28,False,False
180,32,-2319.4168671671823,1201.6986177904007,1.0,CLIENT,7,2,100000,12,170,0,3230,3962,717,335,280,376,177213.4400000001,28,False,False
180,33,311.31551555198223,722.0207377904865,1.0,CLIENT,7,2,100000,11,61,0,4654,5838,827,602,297,463,63588.352000000035,37,False,False
180,34,-1169.0159221559777,1587.5337377907433,1.0,CLIENT,7,2,100000,11,74,0,4402,5796,711,896,282,397,77139.96800000004,37,False,False
180,35,-948.8510710523087,880.2064577905489,1.0,CLIENT,7,2,100000,9,47,0,4941,6580,776,447,301,408,48994.304000000026,44,False,False
180,36,1873.0604305743414,-209.83898220994803,1.0,CLIENT,7,2,100000,8,35,0,2997,3964,843,162,285,508,36485.12000000002,25,False,False
180,37,-834.8088460206257,-1072.4576622096026,1.0,CLIENT,7,2,100000,14,49,0,2830,3722,873,397,312,521,51079.16800000003,26,False,False
180,38,528.5501150397641,-1367.566982209623,1.0,CLIENT,7,2,100000,13,43,0,3663,4728,836,581,299,497,44824.57600000002,31,False,False
180,39,-440.2544258051098,-166.09022220966636,1.0,CLIENT,7,2,100000,16,45,0,5415,6777,734,827,292,408,46909.440000000024,44,False,False
180,40,-373.4130105784895,1216.1702177902484,1.0,CLIENT,7,2,100000,11,31,0,4345,5324,863,545,300,495,32315.392000000014,41,False,False
180,41,-2318.07053534391,1992.1819377902552,1.0,CLIENT,7,2,100000,15,224,0,2656,3230,629,343,270,297,233504.76800000013,26,False,False
180,42,770.177079326385,-1321.9257822093732,1.0,CLIENT,7,2,100000,17,69,0,3633,4951,806,538,290,458,71927.80800000003,32,False,False
180,43,-2466.4046238748974,478.4525777900575,1.0,CLIENT,7,2,100000,17,255,0,2179,3041,622,151,263,300,265820.16000000003,25,False,False
180,44,1276.9522168127523,296.8896577904846,1.0,CLIENT,7,2,100000,14,35,0,4316,5031,814,607,287,502,36485.12000000002,28,False,False
180,45,-1506.8660138135558,1477.549577790003,1.0,CLIENT,7,2,100000,17,30,0,4571,5831,707,953,290,414,31272.960000000014,35,False,False
180,46,-959.2257456908965,-587.6590622099613,1.0,CLIENT,7,2,100000,12,86,0,3521,5007,843,519,302,474,89649.15200000005,34,False,False
180,47,2037.154521037006,-1561.1524622096897,1.0,CLIENT,7,2,100000,15,39,0,2228,3276,868,346,279,553,40654.84800000002,20,False,False
180,48,597.0546460489675,313.6989777899669,1.0,CLIENT,7,2,100000,11,36,0,5277,6695,830,752,299,490,37527.55200000002,40,False,False
180,49,-2048.1706027680075,200.4865377902584,1.0,CLIENT,7,2,100000,15,53,0,3225,4332,884,483,306,547,55248.89600000003,28,False,False
180,50,2581.6269495755614,-3002.3011822096296,1.0,CLIENT,7,2,100000,15,188,0,520,676,433,6,242,177,195977.2160000001,7,False,False
180,51,-1519.85415610872,-850.9308622096839,1.0,CLIENT,7,2,100000,13,279,0,2309,3242,644,170,276,342,290838.52799999935,21,False,False
180,52,-2268.4938458504876,1085.2578977901421,1.0,CLIENT,7,2,100000,8,61,0,3338,4079,854,325,287,510,63588.352000000035,30,False,False
180,53,-563.4041896420766,2419.3167777907347,1.0,CLIENT,7,2,100000,11,256,0,1724,2577,568,75,264,295,266862.592,26,False,False
180,54,-1151.6720004322485,746.3998177906313,1.0,CLIENT,7,2,100000,10,49,0,5307,6911,734,766,300,382,51079.16800000003,41,False,False
180,55,-494.1868947265344,1645.086177790186,1.0,CLIENT,7,2,100000,10,171,0,3835,5068,651,556,283,311,178255.8720000001,34,False,False
180,56,-1883.680532357189,2111.071697790658,1.0,CLIENT,7,2,100000,10,30,0,3034,3865,926,468,286,595,31272.960000000014,26,False,False
180,57,-1931.9900860161817,1997.1913377902633,1.0,CLIENT,7,2,100000,10,30,0,3123,4082,869,503,280,547,31272.960000000014,28,False,False
180,58,-1925.0208389310405,488.4713777900737,1.0,CLIENT,7,2,100000,11,55,0,3748,5020,873,458,288,519,57333.76000000003,33,False,False
180,59,-498.62187014450507,-586.7685022098368,1.0,CLIENT,7,2,100000,10,34,0,4283,5774,835,690,306,492,35442.68800000002,37,False,False
180,60,-1256.2107067116197,735.6017777902096,1.0,CLIENT,7,2,100000,13,42,0,5316,6760,741,881,291,397,43782.14400000002,41,False,False
180,61,858.24301976774,-2108.8468622095206,1.0,CLIENT,7,2,100000,15,95,0,1699,2799,738,116,266,430,99031.04000000005,19,False,False
180,62,924.530063067958,-764.9918222099316,1.0,CLIENT,7,2,100000,9,15,0,4610,5937,836,737,316,506,15636.480000000005,37,False,False
180,63,-1776.7659463894583,2368.554857789967,1.0,CLIENT,7,2,100000,14,35,0,2679,3334,1005,323,278,683,36485.12000000002,24,False,False
180,64,1078.9622427989368,162.08113779072363,1.0,CLIENT,7,2,100000,9,31,0,4771,5644,854,676,296,517,32315.392000000014,32,False,False
180,65,1243.293921230381,-724.9166222098668,1.0,CLIENT,7,2,100000,14,33,0,4462,5429,791,763,300,462,34400.256000000016,34,False,False
180,66,-16.239097456976577,696.751097790217,1.0,CLIENT,7,2,100000,14,34,0,4912,6344,812,633,304,466,35442.68800000002,38,False,False
180,67,246.61239204381624,-1614.0294622098631,1.0,CLIENT,7,2,100000,13,182,0,2881,3890,679,425,277,336,189722.6240000001,24,False,False
180,68,-237.9086723632919,-1327.0465022098913,1.0,CLIENT,7,2,100000,10,32,0,3097,4328,902,258,299,546,33357.824000000015,26,False,False
180,69,-1159.116423455512,2693.609257790317,1.0,CLIENT,7,2,100000,13,138,0,2153,2814,746,300,273,405,143855.61600000007,19,False,False
180,70,-1119.6768206318977,2151.146897790723,1.0,CLIENT,7,2,100000,11,33,0,3210,4109,946,506,285,609,34400.256000000016,28,False,False
180,71,247.64193990890328,-871.5250622098929,1.0,CLIENT,7,2,100000,10,208,0,4523,6025,682,479,291,337,216825.85600000012,39,False,False
180,72,-975.3817275701645,-380.3812222096613,1.0,CLIENT,7,2,100000,9,25,0,4266,5524,848,696,300,523,26060.80000000001,33,False,False
180,73,-645.3720388840034,164.53017779007723,1.0,CLIENT,7,2,100000,17,60,0,5188,6968,742,566,302,385,62545.920000000035,41,False,False
180,74,-605.1404761640819,653.3362977906743,1.0,CLIENT,7,2,100000,12,125,0,5011,6612,744,419,294,374,130304.00000000007,44,False,False
180,75,-1406.0455996278488,2758.0643200003115,1.0,CLIENT,7,2,100000,13,56,0,2118,2722,854,298,275,546,58376.19200000003,19,False,False
180,76,1812.7962022920597,-2984.8899519996658,1.0,CLIENT,3,0.0,100000,17,175,0,660,1051,474,106,235,193,182425.6000000001,8,False,False

181,0,-140.81438910662146,-514.6331422092455,1.0,CLIENT,7,2,100000,13,26,0,4291,5859,885,560,310,538,27103.23200000001,37,False,False
181,1,1506.6997826587015,-1462.5229422095479,1.0,CLIENT,7,2,100000,14,119,0,2270,2756,724,607,285,389,124049.40800000007,24,False,False
181,2,1556.9892360584627,40.07441779028028,1.0,CLIENT,7,2,100000,11,67,0,1988,2653,753,427,282,410,69842.94400000003,20,False,False
181,3,-2166.093431290696,-303.9043822097486,1.0,CLIENT,7,2,100000,12,71,0,3467,4350,822,310,302,465,74012.67200000004,24,False,False
181,4,-531.4090098411632,608.1403777900914,1.0,CLIENT,7,2,100000,15,25,0,6380,8163,846,538,312,518,26060.80000000001,48,False,False
181,5,2025.6711025439254,-908.3719822094076,1.0,CLIENT,7,2,100000,9,234,0,1528,2202,591,207,267,292,243929.08800000013,22,False,False
181,6,-1180.4201446590898,-875.7552222094955,1.0,CLIENT,7,2,100000,13,37,0,3423,5034,891,226,306,540,38569.98400000002,30,False,False
181,7,-450.0747285167325,1642.3031777900937,1.0,CLIENT,7,2,100000,18,56,0,4381,5781,896,243,297,526,58376.19200000003,38,False,False
181,8,-2201.0188627063712,364.7948577906823,1.0,CLIENT,7,2,100000,10,39,0,3778,4710,966,269,294,572,40654.84800000002,31,False,False
181,9,-57.262620072642754,1533.209577790269,1.0,CLIENT,7,2,100000,16,57,0,4115,5249,809,372,299,443,59418.62400000003,32,False,False
181,10,-2313.001992009006,1285.1886177900085,1.0,CLIENT,7,2,100000,12,207,0,2771,4226,699,249,278,379,215783.42400000012,34,False,False
181,11,-503.05684556247576,-1035.388102209859,1.0,CLIENT,7,2,100000,14,283,0,2756,3785,616,334,268,319,295008.25599999924,30,False,False
181,12,911.225136814046,447.61693779039433,1.0,CLIENT,7,2,100000,15,55,0,2710,4075,875,320,274,535,57333.76000000003,29,False,False
181,13,-987.4195179902099,1538.8868977901725,1.0,CLIENT,7,2,100000,15,51,0,5531,7211,849,626,308,485,53164.03200000003,41,False,False
181,14,-150.08031989071654,623.5025377900636,1.0,CLIENT,7,2,100000,13,49,0,6129,7267,800,793,313,437,51079.16800000003,41,False,False
181,15,-617.1782665841273,-413.77722220997896,1.0,CLIENT,7,2,100000,8,46,0,5231,6715,880,634,306,514,47951.872000000025,37,False,False
181,16,-2374.4580799430996,588.3254177902879,1.0,CLIENT,7,2,100000,15,55,0,3135,4189,918,161,288,576,57333.76000000003,30,False,False
181,17,11.717086873557191,-474.6692622096907,1.0,CLIENT,7,2,100000,12,31,0,4051,5628,850,562,314,497,32315.392000000014,37,False,False
181,18,1778.2628310160617,-955.1263822100105,1.0,CLIENT,7,2,100000,15,53,0,1829,2673,799,265,290,497,55248.89600000003,23,False,False
181,19,-1199.4271821648392,2545.108377790323,1.0,CLIENT,7,2,100000,14,32,0,2738,3286,957,182,290,637,33357.824000000015,22,False,False
181,20,633.5639972566946,-1324.9314222096946,1.0,CLIENT,7,2,100000,10,144,0,2616,3368,652,626,279,325,150110.20800000007,21,False,False
181,21,-1616.7108513966107,1867.948817790687,1.0,CLIENT,7,2,100000,15,73,0,3742,4957,753,787,277,437,76097.53600000004,36,False,False
181,22,-1218.7510036282113,-651.0001422098176,1.0,CLIENT,7,2,100000,9,62,0,4531,5707,876,471,309,510,64630.784000000036,30,False,False
181,23,1984.5683839388537,-993.1978222095975,1.0,CLIENT,7,2,100000,14,64,0,1650,2348,763,222,275,455,66715.64800000003,22,False,False
181,24,-2034.6280885453157,1120.5463377904277,1.0,CLIENT,7,2,100000,9,24,0,4384,5797,857,574,302,543,25018.36800000001,36,False,False
181,25,-1773.5981068053545,115.77201779057845,1.0,CLIENT,7,2,100000,11,38,0,5019,5946,923,549,309,538,39612.41600000002,34,False,False
181,26,-1901.578826007883,2623.143697790256,1.0,CLIENT,7,2,100000,12,122,0,1772,2539,807,76,269,457,127176.70400000007,17,False,False
181,27,1042.056911642493,-2207.031102209996,1.0,CLIENT,7,2,100000,13,68,0,1478,2036,726,255,266,408,70885.37600000003,19,False,False
181,28,229.7436462582092,717.2339777907073,1.0,CLIENT,7,2,100000,17,48,0,4752,6284,782,673,295,447,50036.736000000026,35,False,False
181,29,-1932.148477995556,2225.619977790158,1.0,CLIENT,7,2,100000,12,37,0,2595,3225,920,337,281,599,38569.98400000002,24,False,False
181,30,-1081.1083736939968,181.3394977903505,1.0,CLIENT,7,2,100000,10,21,0,6122,8009,812,681,309,486,21891.072000000007,45,False,False
181,31,-2267.9394739235227,2006.8761777903317,1.0,CLIENT,7,2,100000,15,248,0,2021,2953,640,255,261,339,258523.13600000014,25,False,False
181,32,-1147.395416993652,1518.4040177904735,1.0,CLIENT,7,2,100000,11,30,0,5761,7482,753,938,301,428,31272.960000000014,40,False,False
181,33,275.67732022940544,641.7590177906379,1.0,CLIENT,7,2,100000,11,100,0,4681,6298,752,653,312,389,104243.20000000006,35,False,False
181,34,-1747.0674502874986,818.6464977901505,1.0,CLIENT,7,2,100000,11,58,0,5561,6805,791,745,303,443,60461.05600000003,42,False,False
181,35,1752.7617223632928,364.5722177904534,1.0,CLIENT,7,2,100000,10,241,0,1420,1978,579,172,262,265,251226.11200000014,15,False,False
181,36,-1422.5222848838325,2848.6780177903393,1.0,CLIENT,7,2,100000,9,232,0,1835,2424,695,99,274,356,241844.22400000013,18,False,False
181,37,-1603.8811010802578,2125.6546177902246,1.0,CLIENT,7,2,100000,14,30,0,3236,3940,953,475,284,638,31272.960000000014,32,False,False
181,38,-1105.5799344822412,622.1666977902723,1.0,CLIENT,7,2,100000,14,30,0,6207,8469,737,549,299,414,31272.960000000014,50,False,False
181,39,1947.7422487723784,-1862.4957022097901,1.0,CLIENT,7,2,100000,16,101,0,2166,2659,723,743,269,420,105285.63200000006,17,False,False
181,40,2591.368056296653,-2012.1097822093466,1.0,CLIENT,7,2,100000,13,52,0,1387,1916,764,244,255,460,54206.46400000003,15,False,False
181,41,704.1276239955093,19.814177790019016,1.0,CLIENT,7,2,100000,12,161,0,3660,4855,605,781,272,291,167831.55200000008,33,False,False
181,42,-2382.456874893328,-22.710062209399382,1.0,CLIENT,7,2,100000,18,216,0,2942,4034,703,148,269,360,225165.31200000012,22,False,False
181,43,-358.36577255315143,1050.1920977900854,1.0,CLIENT,7,2,100000,15,59,0,5537,6822,886,438,309,501,61503.488000000034,41,False,False
181,44,2671.7519857465277,-1925.9481022093655,1.0,CLIENT,7,2,100000,17,187,0,1204,1721,612,193,245,275,194934.7840000001,14,False,False
181,45,-1645.6965835922317,-517.304822209619,1.0,CLIENT,7,2,100000,18,151,0,4072,5128,803,351,309,435,157407.23200000008,30,False,False
181,46,683.2198827395225,-2019.6795422100092,1.0,CLIENT,7,2,100000,14,242,0,1157,1841,524,39,242,266,252268.54400000014,20,False,False
181,47,176.9199211912773,-782.8030222092573,1.0,CLIENT,7,2,100000,15,55,0,2668,4267,861,356,302,511,57333.76000000003,35,False,False
181,48,-728.6862199492025,2151.9261377903376,1.0,CLIENT,7,2,100000,11,161,0,3584,4248,709,442,279,370,167831.55200000008,30,False,False
181,49,-815.0098486191315,415.8907377906067,1.0,CLIENT,7,2,100000,15,30,0,6493,8548,759,568,312,427,31272.960000000014,49,False,False
181,50,110.07850596409433,1339.8467377904308,1.0,CLIENT,7,2,100000,12,52,0,4236,5375,828,449,314,459,54206.46400000003,33,False,False
181,51,-691.939280772133,960.6908177906263,1.0,CLIENT,7,2,100000,11,73,0,6153,7578,798,582,308,422,76097.53600000004,48,False,False
181,52,1924.0626478798786,-2788.67810220953,1.0,CLIENT,7,2,100000,8,68,0,1309,1603,783,188,253,473,70885.37600000003,14,False,False
181,53,-743.8918499533519,1448.0497777901312,1.0,CLIENT,7,2,100000,11,25,0,5524,6969,913,425,309,538,26060.80000000001,43,False,False
181,54,-1051.0138976438832,2393.824497790237,1.0,CLIENT,7,2,100000,10,42,0,3069,3713,925,324,295,587,43782.14400000002,24,False,False
181,55,147.69660102631414,-614.2645422100219,1.0,CLIENT,7,2,100000,10,152,0,3083,5037,711,437,298,355,158449.66400000008,38,False,False
181,56,2776.053104057119,-2498.355542209289,1.0,CLIENT,7,2,100000,11,155,0,872,1053,639,25,246,300,161576.96000000008,13,False,False
181,57,-1062.418120146995,452.96029779035024,1.0,CLIENT,7,2,100000,11,67,0,6241,8399,745,509,314,393,69842.94400000003,47,False,False
181,58,1343.7144360505295,-630.0719822096607,1.0,CLIENT,7,2,100000,10,103,0,2585,3538,717,659,299,371,107370.49600000006,26,False,False
181,59,-1715.5474464241445,-2.5611422096480396,1.0,CLIENT,7,2,100000,10,29,0,5037,5908,889,570,308,526,30230.528000000013,34,False,False
181,60,-2504.577090864645,756.4186177906475,1.0,CLIENT,7,2,100000,13,170,0,2794,3726,780,174,282,427,177213.4400000001,27,False,False
181,61,-181.99630370166167,1628.4994977901417,1.0,CLIENT,7,2,100000,14,192,0,3976,5222,723,212,291,379,200146.9440000001,33,False,False
181,62,679.8936511760445,-1007.7807422099551,1.0,CLIENT,7,2,100000,9,50,0,2937,3945,745,785,295,435,52121.60000000003,26,False,False
181,63,-1711.4292549649217,219.74489779067625,1.0,CLIENT,7,2,100000,14,26,0,5158,6302,894,615,299,554,27103.23200000001,37,False,False
181,64,-244.16515554209428,-8.795062209728428,1.0,CLIENT,7,2,100000,9,92,0,5607,7145,718,779,306,345,95903.74400000005,42,False,False
181,65,1017.9813308024023,892.8969377901476,1.0,CLIENT,7,2,100000,17,234,0,2216,3010,613,245,249,295,243929.08800000013,23,False,False
181,66,-807.8030135652104,312.36313779017564,1.0,CLIENT,7,2,100000,14,50,0,6429,8539,777,584,309,421,52121.60000000003,47,False,False
181,67,2293.828723348965,-2457.167142209662,1.0,CLIENT,7,2,100000,13,47,0,1359,1770,853,149,253,517,48994.304000000026,14,False,False
181,68,-1333.505992566796,-981.954502209509,1.0,CLIENT,7,2,100000,10,191,0,2598,4268,659,163,286,339,199104.5120000001,26,False,False
181,69,-678.8719424870005,1980.4933377905,1.0,CLIENT,7,2,100000,11,45,0,3776,4840,875,368,294,512,46909.440000000024,33,False,False
181,70,1265.072818372081,-2142.799462210015,1.0,CLIENT,7,2,100000,11,86,0,1743,2498,781,383,280,436,89649.15200000005,19,False,False
181,71,656.1348542947018,635.5250977905575,1.0,CLIENT,7,2,100000,8,24,0,3464,4968,885,494,297,560,25018.36800000001,31,False,False
181,72,2208.77223051234,-2801.7025422098677,1.0,CLIENT,7,2,100000,11,83,0,1180,1367,792,90,250,428,86521.85600000004,14,False,False
181,73,-1782.1512736825478,355.55529779028063,1.0,CLIENT,7,2,100000,16,34,0,5033,6280,893,588,295,562,35442.68800000002,37,False,False
181,74,-1408.2670067548017,327.9479377903766,1.0,CLIENT,7,2,100000,11,28,0,6090,7437,825,768,310,486,29188.096000000012,44,False,False
181,75,-1406.0455996278488,2758.0643200003115,1.0,CLIENT,7,2,100000,13,55,0,2137,2726,874,148,274,546,57333.76000000003,18,False,False
181,76,1812.7962022920597,-2984.8899519996658,1.0,CLIENT,3,0.0,100000,17,184,0,762,1124,453,50,220,193,191807.4880000001,11,False,False

182,0,563.3963504665965,530.8842977905641,1.0,CLIENT,7,2,100000,13,47,0,3280,4333,912,373,303,545,48994.304000000026,28,False,False
182,1,-1178.440244918884,2294.193097790251,1.0,CLIENT,7,2,100000,14,70,0,4470,5011,830,608,263,482,72970.24000000003,31,False,False
182,2,-641.0162594554383,2783.7784577904627,1.0,CLIENT,7,2,100000,14,191,0,1931,2803,695,146,251,354,199104.5120000001,20,False,False
182,3,-2528.256691757145,1056.5373377906758,1.0,CLIENT,7,2,100000,14,255,0,4136,4851,707,185,258,409,265820.16000000003,29,False,False
182,4,1686.8706590112286,-1226.9698222094482,1.0,CLIENT,7,2,100000,16,84,0,3193,4024,810,547,284,469,87564.28800000004,24,False,False
182,5,925.0052390055173,842.4689777901187,1.0,CLIENT,7,2,100000,9,19,0,2456,3498,905,156,292,574,19806.208000000006,27,False,False
182,6,-1276.3264880718618,-386.9491022096895,1.0,CLIENT,7,2,100000,13,51,0,3166,4020,885,233,291,537,53164.03200000003,27,False,False
182,7,-599.0423849646535,2417.7582977907146,1.0,CLIENT,7,2,100000,18,71,0,2785,3557,882,196,257,543,74012.67200000004,25,False,False
182,8,882.081012639051,-822.7669022096031,1.0,CLIENT,7,2,100000,10,50,0,3214,4536,799,480,321,441,52121.60000000003,31,False,False
182,9,1719.974582666635,-234.7746622094786,1.0,CLIENT,7,2,100000,16,49,0,2963,3871,913,274,289,531,51079.16800000003,25,False,False
182,10,-1876.2361093339255,1890.3241377903541,1.0,CLIENT,7,2,100000,12,29,0,4873,6181,766,700,275,465,30230.528000000013,35,False,False
182,11,2265.5557550596827,-1639.1877822096226,1.0,CLIENT,7,2,100000,14,207,0,1905,2545,617,368,254,320,215783.42400000012,21,False,False
182,12,-1578.3007964380836,367.2438977900359,1.0,CLIENT,7,2,100000,15,46,0,4867,6519,813,701,293,481,47951.872000000025,35,False,False
182,13,2014.8212519683411,-1707.315622209258,1.0,CLIENT,7,2,100000,17,44,0,2165,2904,815,520,270,510,45867.00800000002,22,False,False
182,14,-252.71832241928763,257.37105779059647,1.0,CLIENT,7,2,100000,14,38,0,3681,6006,803,443,305,453,39612.41600000002,37,False,False
182,15,-257.549277785412,2342.728617790312,1.0,CLIENT,7,2,100000,9,184,0,1917,2747,653,29,260,320,191807.4880000001,26,False,False
182,16,1666.7548776515494,102.97021779046986,1.0,CLIENT,7,2,100000,15,90,0,3076,3902,810,450,298,461,93818.88000000005,24,False,False
182,17,711.4928510288044,918.6118577900836,1.0,CLIENT,7,2,100000,13,33,0,2438,3504,894,139,293,546,34400.256000000016,28,False,False
182,18,347.34969082215,-892.4532222092589,1.0,CLIENT,7,2,100000,15,202,0,2377,3775,625,255,272,297,210571.2640000001,30,False,False
182,19,-1566.5005939868176,1826.9830577904977,1.0,CLIENT,7,2,100000,12,31,0,5692,6999,744,918,278,449,32315.392000000014,35,False,False
182,20,-553.504690941611,2313.22881779044,1.0,CLIENT,7,2,100000,10,27,0,2781,3767,890,161,264,563,28145.66400000001,27,False,False
182,21,91.38825241709291,483.9072577905233,1.0,CLIENT,7,2,100000,16,141,0,3416,4814,745,536,310,374,146982.91200000007,36,False,False
182,22,-1340.7128276212798,576.3028577905848,1.0,CLIENT,7,2,100000,9,24,0,5917,7177,859,731,313,504,25018.36800000001,39,False,False
182,23,2140.66367945129,72.13457779001573,1.0,CLIENT,7,2,100000,17,248,0,1665,2436,609,71,266,295,258523.13600000014,20,False,False
182,24,418.2301015191501,1103.9596577903833,1.0,CLIENT,7,2,100000,10,103,0,2722,3924,802,316,293,443,107370.49600000006,26,False,False
182,25,-1639.0441204652755,64.2308577901963,1.0,CLIENT,7,2,100000,11,126,0,3916,4989,761,536,291,420,131346.43200000006,33,False,False
182,26,624.2980664731623,-862.0628622092624,1.0,CLIENT,7,2,100000,12,60,0,2867,4205,762,424,290,437,62545.920000000035,30,False,False
182,27,-959.8593136078299,617.7138977904408,1.0,CLIENT,7,2,100000,12,43,0,5227,7043,833,516,303,484,44824.57600000002,44,False,False
182,28,1047.2046509668028,-2416.4240222097014,1.0,CLIENT,7,2,100000,17,205,0,1105,1833,551,67,238,248,213698.5600000001,18,False,False
182,29,2093.858849594381,-2279.3891022100247,1.0,CLIENT,7,2,100000,12,90,0,2109,2334,817,608,257,483,93818.88000000005,14,False,False
182,30,-2194.9999674963487,1578.7394577900086,1.0,CLIENT,7,2,100000,10,32,0,4446,5849,960,231,275,634,33357.824000000015,33,False,False
182,31,-2411.60099906776,1869.2846577904784,1.0,CLIENT,7,2,100000,15,189,0,3388,4404,694,175,251,360,197019.6480000001,30,False,False
182,32,-1243.856132333389,-351.99462220935175,1.0,CLIENT,7,2,100000,12,36,0,3240,4097,907,250,296,556,37527.55200000002,27,False,False
182,33,1642.8376887908328,-2152.1503422093447,1.0,CLIENT,7,2,100000,11,69,0,2105,2526,835,489,263,511,71927.80800000003,18,False,False
182,34,-141.60634900292882,-1375.0254222097756,1.0,CLIENT,7,2,100000,13,68,0,1486,2414,713,177,271,401,70885.37600000003,20,False,False
182,35,-2124.0403608099427,1167.0780977900108,1.0,CLIENT,7,2,100000,9,27,0,5258,6098,973,361,276,625,28145.66400000001,33,False,False
182,36,-1794.505848061341,377.81929779022875,1.0,CLIENT,7,2,100000,7,20,0,4614,6068,835,624,301,510,20848.640000000007,33,False,False
182,37,-2279.5812843954145,1033.716737790551,1.0,CLIENT,7,2,100000,14,31,0,4934,5514,960,312,273,622,32315.392000000014,31,False,False
182,38,-1567.7677298201218,664.2456577900239,1.0,CLIENT,7,2,100000,13,28,0,6108,7132,862,736,308,519,29188.096000000012,35,False,False
182,39,-1477.3259096909699,504.39013779022247,1.0,CLIENT,7,2,100000,16,39,0,5628,6984,848,744,305,505,40654.84800000002,36,False,False
182,40,943.4579045837392,-418.897942209706,1.0,CLIENT,7,2,100000,13,37,0,3622,4882,829,510,323,478,38569.98400000002,30,False,False
182,41,1544.7930536590432,-955.9056222096251,1.0,CLIENT,7,2,100000,12,39,0,3701,4356,741,922,283,459,40654.84800000002,27,False,False
182,42,-559.6027821410394,1889.0996177902819,1.0,CLIENT,7,2,100000,18,58,0,3418,4966,854,314,284,507,60461.05600000003,38,False,False
182,43,-963.3439371501191,1634.1768177900453,1.0,CLIENT,7,2,100000,15,49,0,5329,6974,733,689,288,410,51079.16800000003,41,False,False
182,44,2773.1228524417947,-2514.608262209386,1.0,CLIENT,7,2,100000,18,198,0,1132,1384,588,192,236,262,206401.5360000001,12,False,False
182,45,584.7792676601425,-338.19094220939974,1.0,CLIENT,7,2,100000,17,65,0,3696,4733,853,456,323,481,67758.08000000003,32,False,False
182,46,180.6421327023463,-156.1827422093691,1.0,CLIENT,7,2,100000,12,111,0,3486,4996,759,495,307,407,115709.95200000006,35,False,False
182,47,-1688.6208099586977,2850.681777790026,1.0,CLIENT,7,2,100000,16,238,0,2406,3503,577,198,249,276,248098.81600000014,24,False,False
182,48,-2200.62288275878,1883.533617790097,1.0,CLIENT,7,2,100000,11,72,0,4024,5055,788,405,273,466,75055.10400000004,34,False,False
182,49,1075.7152072248643,-2048.956702209652,1.0,CLIENT,7,2,100000,18,110,0,1836,2899,702,207,265,403,114667.52000000006,21,False,False
182,50,2406.7622045261555,-1800.4904622097251,1.0,CLIENT,7,2,100000,12,57,0,1798,2381,794,296,263,490,59418.62400000003,18,False,False
182,51,-417.921156736445,292.10289779070536,1.0,CLIENT,7,2,100000,12,82,0,4129,6080,765,519,306,398,85479.42400000004,40,False,False
182,52,1218.2679885151715,280.41429779015914,1.0,CLIENT,7,2,100000,8,138,0,3738,4527,659,775,283,332,143855.61600000007,23,False,False
182,53,-1575.9249167497242,2907.677617790083,1.0,CLIENT,7,2,100000,11,62,0,2353,3555,735,146,260,420,64630.784000000036,23,False,False
182,54,2368.6689335258134,-3220.37706220956,1.0,CLIENT,7,2,100000,13,183,0,618,989,526,3,245,230,190765.0560000001,10,False,False
182,55,-1959.7878783679043,834.3426177900704,1.0,CLIENT,7,2,100000,10,25,0,5568,6488,968,528,288,625,26060.80000000001,34,False,False
182,56,-236.5623405400196,-1463.6361422099012,1.0,CLIENT,7,2,100000,11,243,0,1096,2023,507,140,256,233,253310.97600000014,18,False,False
182,57,-2212.1854972412666,461.5319377900653,1.0,CLIENT,7,2,100000,11,180,0,3982,5329,761,169,277,398,187637.7600000001,31,False,False
182,58,-810.0205012741959,1452.1686177900147,1.0,CLIENT,7,2,100000,10,50,0,5357,7094,773,569,303,428,52121.60000000003,47,False,False
182,59,-1894.1344029851823,1621.4863377904467,1.0,CLIENT,7,2,100000,10,5,0,5472,6801,934,604,290,634,5212.16,35,False,False
182,60,-1508.7667175643558,-662.9113822098018,1.0,CLIENT,7,2,100000,13,177,0,1942,3027,621,45,272,307,184510.4640000001,21,False,False
182,61,-755.7712483940231,759.9808577903545,1.0,CLIENT,7,2,100000,14,187,0,4968,6927,682,442,284,326,194934.7840000001,45,False,False
182,62,-1110.173301879023,-847.4799422096959,1.0,CLIENT,7,2,100000,10,255,0,1585,2907,551,210,263,264,265820.16000000003,22,False,False
182,63,2254.2307285459765,-730.1486622093128,1.0,CLIENT,7,2,100000,16,238,0,2287,2957,576,387,247,278,248098.81600000014,21,False,False
182,64,-1398.3675080537735,1126.1123377906124,1.0,CLIENT,7,2,100000,8,37,0,6499,7359,855,886,310,500,38569.98400000002,42,False,False
182,65,1513.273049795689,-1786.5754622092632,1.0,CLIENT,7,2,100000,16,74,0,2324,3269,820,399,280,496,77139.96800000004,24,False,False
182,66,-1861.5848512573039,1524.526617790044,1.0,CLIENT,7,2,100000,14,41,0,5823,6885,914,658,283,585,42739.71200000002,36,False,False
182,67,-1693.21417735548,1835.109417790546,1.0,CLIENT,7,2,100000,12,27,0,5477,6809,773,856,284,469,28145.66400000001,35,False,False
182,68,-755.3752684458696,1452.5025777907535,1.0,CLIENT,7,2,100000,10,105,0,5206,6958,700,605,298,354,109455.36000000006,47,False,False
182,69,814.8436174642771,491.9222977900617,1.0,CLIENT,7,2,100000,11,44,0,3472,4351,924,400,302,572,45867.00800000002,26,False,False
182,70,924.530063067958,1096.6125377907406,1.0,CLIENT,7,2,100000,14,276,0,1697,2548,557,42,267,263,287711.23199999944,22,False,False
182,71,-1478.9098294830221,1691.951897790508,1.0,CLIENT,7,2,100000,6,13,0,6212,7319,765,1033,291,473,13551.616000000004,37,False,False
182,72,2082.771411050017,-268.615942209463,1.0,CLIENT,7,2,100000,10,17,0,2232,3004,923,141,285,558,17721.344000000005,23,False,False
182,73,-1767.8167995641113,1487.902337789967,1.0,CLIENT,7,2,100000,16,30,0,6089,6996,843,824,286,540,31272.960000000014,36,False,False
182,74,1298.572721975078,-538.3443022094948,1.0,CLIENT,7,2,100000,11,78,0,3655,4515,735,814,296,395,81309.69600000004,32,False,False
182,75,-1406.0455996278488,2758.0643200003115,1.0,CLIENT,7,2,100000,13,43,0,3032,4127,869,222,266,555,44824.57600000002,23,False,False
182,76,1812.7962022920597,-2984.8899519996658,1.0,CLIENT,3,0.0,100000,17,198,0,962,1452,583,165,241,273,206401.5360000001,10,False,False

183,0,-1845.270477398099,1606.0128577899648,1.0,CLIENT,7,2,100000,13,37,0,4459,5733,902,504,277,550,38569.98400000002,32,False,False
183,1,-995.655900909218,364.1269377899957,1.0,CLIENT,7,2,100000,15,24,0,3508,4881,787,505,292,466,25018.36800000001,33,False,False
183,2,-1035.0955037328322,2602.10421779038,1.0,CLIENT,7,2,100000,11,51,0,3659,4264,911,351,298,570,53164.03200000003,26,False,False
183,3,1429.958868731053,-435.1506622098026,1.0,CLIENT,7,2,100000,12,54,0,4530,5400,933,390,288,569,56291.32800000003,32,False,False
183,4,1547.4065213161825,-2218.497062209522,1.0,CLIENT,7,2,100000,16,48,0,2248,2893,821,473,274,529,50036.736000000026,21,False,False
183,5,-2323.376666647031,1998.1932177901067,1.0,CLIENT,7,2,100000,9,45,0,2487,3832,787,128,273,455,46909.440000000024,27,False,False
183,6,765.5045159396345,623.8364977900113,1.0,CLIENT,7,2,100000,13,32,0,4199,4914,872,457,315,505,33357.824000000015,31,False,False
183,7,2121.6566419461033,-2217.27254220945,1.0,CLIENT,7,2,100000,17,144,0,2210,2471,677,609,243,372,150110.20800000007,18,False,False
183,8,-25.58422423047729,-540.3480622099727,1.0,CLIENT,7,2,100000,9,93,0,3614,5354,662,692,298,326,96946.17600000005,35,False,False
183,9,481.34930523470126,1626.3844177907358,1.0,CLIENT,7,2,100000,16,208,0,2469,3454,702,299,299,357,216825.85600000012,31,False,False
183,10,114.03830544394297,-1107.5234622096593,1.0,CLIENT,7,2,100000,12,186,0,2543,3732,700,156,269,365,193892.3520000001,30,False,False
183,11,1120.8569213003157,72.46853779075451,1.0,CLIENT,7,2,100000,14,31,0,4617,5510,903,603,306,559,32315.392000000014,29,False,False
183,12,-2113.9032741406977,-186.90706220931332,1.0,CLIENT,7,2,100000,15,138,0,1995,2825,618,395,258,309,143855.61600000007,18,False,False
183,13,2223.344292599556,-3201.675302209319,1.0,CLIENT,7,2,100000,19,74,0,941,1217,649,11,225,339,77139.96800000004,11,False,False
183,14,379.4240666124691,-600.460862209279,1.0,CLIENT,7,2,100000,14,47,0,3976,5422,838,443,308,471,48994.304000000026,34,False,False
183,15,-1911.1615407501633,958.0191377902529,1.0,CLIENT,7,2,100000,8,81,0,3897,4954,767,708,267,432,84436.99200000004,32,False,False
183,16,395.73844047111123,1408.419857790524,1.0,CLIENT,7,2,100000,15,64,0,2923,4083,786,470,302,447,66715.64800000003,33,False,False
183,17,983.6102713136921,-399.86222220951703,1.0,CLIENT,7,2,100000,11,15,0,5346,5886,758,1082,301,447,15636.480000000005,29,False,False
183,18,-846.4506564925173,284.7557777902716,1.0,CLIENT,7,2,100000,15,171,0,3510,4718,597,544,272,271,178255.8720000001,37,False,False
183,19,2217.0878094207537,-1962.795022209671,1.0,CLIENT,7,2,100000,14,34,0,2213,2589,905,351,267,581,35442.68800000002,19,False,False
183,20,-1282.5037752606959,2931.945377790509,1.0,CLIENT,7,2,100000,11,196,0,2937,3586,653,103,264,335,204316.6720000001,21,False,False
183,21,861.0148794042531,1264.3717777903614,1.0,CLIENT,7,2,100000,17,120,0,2822,3593,788,220,298,432,125091.84000000007,22,False,False
183,22,-824.4341713820379,513.0730977904475,1.0,CLIENT,7,2,100000,10,24,0,3602,5245,801,301,298,456,25018.36800000001,39,False,False
183,23,1617.653364096249,-1422.670382209712,1.0,CLIENT,7,2,100000,13,29,0,3260,4153,788,685,283,490,30230.528000000013,28,False,False
183,24,-1327.4079013673677,197.9261777903949,1.0,CLIENT,7,2,100000,9,50,0,3449,4213,833,671,291,487,52121.60000000003,27,False,False
183,25,942.9035326562113,500.4939377905677,1.0,CLIENT,7,2,100000,11,28,0,4315,5059,907,449,314,546,29188.096000000012,29,False,False
183,26,-1040.1640470677362,2548.0026977901343,1.0,CLIENT,7,2,100000,12,31,0,3816,4373,934,398,291,594,32315.392000000014,28,False,False
183,27,1814.376202276198,-762.9880622094538,1.0,CLIENT,7,2,100000,12,40,0,3508,4597,827,445,301,479,41697.28000000002,29,False,False
183,28,1191.7373319973158,-2097.492222209713,1.0,CLIENT,7,2,100000,17,211,0,2226,2969,608,397,258,289,219953.15200000012,22,False,False
183,29,406.271507089073,1437.8083377906771,1.0,CLIENT,7,2,100000,12,39,0,2903,4016,813,481,301,472,40654.84800000002,32,False,False
183,30,500.7523226886044,782.8014577904793,1.0,CLIENT,7,2,100000,10,43,0,4039,5403,904,417,314,532,44824.57600000002,33,False,False
183,31,2361.9372744094517,-2790.1252622098314,1.0,CLIENT,7,2,100000,16,79,0,1310,1647,777,141,235,422,82352.12800000004,13,False,False
183,32,968.1670533407632,652.8910177902164,1.0,CLIENT,7,2,100000,12,173,0,4025,4644,762,389,306,393,180340.7360000001,27,False,False
183,33,-2087.5310096016533,2264.2480177907128,1.0,CLIENT,7,2,100000,11,204,0,3413,4023,695,274,254,354,212656.1280000001,25,False,False
183,34,2453.0918584455053,-2019.6795422100092,1.0,CLIENT,7,2,100000,12,42,0,1875,2451,814,298,263,519,43782.14400000002,17,False,False
183,35,-2410.7298431820473,1589.760137790659,1.0,CLIENT,7,2,100000,11,224,0,1771,3106,593,164,248,295,233504.76800000013,29,False,False
183,36,-989.161829761636,1792.02857779016,1.0,CLIENT,7,2,100000,7,16,0,5239,6474,858,828,303,549,16678.912000000004,36,False,False
183,37,-28.276887877021963,2226.5105377902823,1.0,CLIENT,7,2,100000,16,292,0,3175,4063,664,234,279,356,304390.143999999,28,False,False
183,38,400.49019984782996,-1570.5033422098104,1.0,CLIENT,7,2,100000,16,251,0,2364,3292,652,206,254,352,261650.43200000015,22,False,False
183,39,-1260.487290150779,1842.5678577906988,1.0,CLIENT,7,2,100000,16,49,0,5250,6077,768,952,270,456,51079.16800000003,34,False,False
183,40,-1489.601288079795,2629.2662977906175,1.0,CLIENT,7,2,100000,13,36,0,3640,4214,911,160,278,583,37527.55200000002,22,False,False
183,41,-1394.0909246151766,681.7228977901927,1.0,CLIENT,7,2,100000,12,37,0,4052,5010,847,622,292,501,38569.98400000002,33,False,False
183,42,-788.7167800700555,1814.1812577903893,1.0,CLIENT,7,2,100000,17,34,0,5040,6403,862,682,313,537,35442.68800000002,36,False,False
183,43,-1123.3990321435297,2602.5494977900466,1.0,CLIENT,7,2,100000,16,30,0,3677,4296,922,332,291,601,31272.960000000014,24,False,False
183,44,1120.2233533833826,442.2735777904384,1.0,CLIENT,7,2,100000,14,28,0,4138,5078,887,468,300,552,29188.096000000012,26,False,False
183,45,156.56655186225552,-198.59566220985954,1.0,CLIENT,7,2,100000,18,85,0,4522,5943,714,555,301,368,88606.72000000004,40,False,False
183,46,-1180.9745165866175,1210.158937790397,1.0,CLIENT,7,2,100000,12,84,0,4570,6187,770,381,293,412,87564.28800000004,39,False,False
183,47,-1246.7863839487134,-542.6857822096074,1.0,CLIENT,7,2,100000,15,59,0,2395,3291,803,212,266,486,61503.488000000034,20,False,False
183,48,-1150.72164855713,2209.1446177906237,1.0,CLIENT,7,2,100000,11,25,0,4350,5005,894,643,300,573,26060.80000000001,31,False,False
183,49,-1128.2299875090912,2433.4544177906346,1.0,CLIENT,7,2,100000,15,38,0,4075,4520,939,472,301,597,39612.41600000002,29,False,False
183,50,906.4733774378899,-913.1587422099778,1.0,CLIENT,7,2,100000,12,90,0,4425,5350,731,787,289,387,93818.88000000005,31,False,False
183,51,-524.1229787978365,2465.0692977907033,1.0,CLIENT,7,2,100000,12,121,0,3591,4308,863,281,310,495,126134.27200000007,26,False,False
183,52,832.8211071043769,-456.30146220939736,1.0,CLIENT,7,2,100000,8,25,0,5312,5930,744,1058,304,420,26060.80000000001,29,False,False
183,53,-2458.8810048622286,654.7834577901845,1.0,CLIENT,7,2,100000,11,215,0,1790,2699,618,215,250,314,224122.88000000012,22,False,False
183,54,-1370.8864996607988,-774.787982209719,1.0,CLIENT,7,2,100000,11,129,0,1473,2557,644,90,251,349,134473.72800000006,19,False,False
183,55,1523.2517444861232,168.5376977902419,1.0,CLIENT,7,2,100000,10,182,0,3640,4730,728,267,271,385,189722.6240000001,28,False,False
183,56,151.97318446547354,363.79297779004787,1.0,CLIENT,7,2,100000,10,135,0,5218,6582,635,737,297,289,140728.32000000007,38,False,False
183,57,-1175.2724053347802,-891.1173822094677,1.0,CLIENT,7,2,100000,12,231,0,1337,2368,497,99,238,236,240801.79200000013,18,False,False
183,58,1384.1043907492624,-1652.8801422098556,1.0,CLIENT,7,2,100000,10,54,0,3048,3953,797,577,277,487,56291.32800000003,28,False,False
183,59,-563.324993652671,1407.5292977903996,1.0,CLIENT,7,2,100000,10,128,0,5470,6813,556,1033,287,238,133431.29600000006,40,False,False
183,60,949.3976038037933,152.95289779004094,1.0,CLIENT,7,2,100000,13,36,0,4574,5527,911,538,317,555,37527.55200000002,31,False,False
183,61,2570.0643350930754,-1600.0031422096822,1.0,CLIENT,7,2,100000,18,253,0,1556,2120,514,79,236,268,263735.2960000001,18,False,False
183,62,851.4321646619727,-188.35422220961448,1.0,CLIENT,7,2,100000,9,46,0,4985,5806,825,778,313,471,47951.872000000025,31,False,False
183,63,1723.2216182401444,-1115.8724622099364,1.0,CLIENT,7,2,100000,14,130,0,3615,4564,607,856,277,299,135516.16000000006,28,False,False
183,64,-2392.5147655731676,114.99277779017291,1.0,CLIENT,7,2,100000,10,200,0,1260,2402,558,41,251,271,208486.4000000001,19,False,False
183,65,1295.959254317939,-1327.7144222097868,1.0,CLIENT,7,2,100000,14,30,0,3678,4733,854,653,301,521,31272.960000000014,28,False,False
183,66,-1054.6569131655465,702.3170977904019,1.0,CLIENT,7,2,100000,16,74,0,3767,5100,805,239,291,442,77139.96800000004,41,False,False
183,67,2502.747743928333,-3258.337182209428,1.0,CLIENT,7,2,100000,17,158,0,668,975,508,3,226,203,164704.25600000008,9,False,False
183,68,-1238.3124130609256,2471.3032177899927,1.0,CLIENT,7,2,100000,10,18,0,4012,4539,963,372,294,629,18763.776000000005,26,False,False
183,69,-1534.901394134058,1416.1009377901146,1.0,CLIENT,7,2,100000,11,60,0,5227,6347,712,851,273,397,62545.920000000035,33,False,False
183,70,-965.3238368903249,654.8947777906943,1.0,CLIENT,7,2,100000,11,31,0,3676,5179,803,255,287,449,32315.392000000014,39,False,False
183,71,-1159.670795382477,2030.364697790352,1.0,CLIENT,7,2,100000,8,29,0,4699,5686,816,818,290,502,30230.528000000013,34,False,False
183,72,2108.5101076715655,-221.3049422094744,1.0,CLIENT,7,2,100000,12,264,0,2214,3541,532,62,258,270,275202.0479999998,23,False,False
183,73,754.8922533328299,-1121.1045022093824,1.0,CLIENT,7,2,100000,16,43,0,3980,4709,911,521,290,563,44824.57600000002,29,False,False
183,74,-1198.5560262791262,615.3761777900152,1.0,CLIENT,7,2,100000,12,24,0,3758,5101,855,376,294,521,25018.36800000001,34,False,False
183,75,-1406.0455996278488,2758.0643200003115,1.0,CLIENT,7,2,100000,14,51,0,3352,3934,841,130,274,521,53164.03200000003,22,False,False
183,76,1812.7962022920597,-2984.8899519996658,1.0,CLIENT,3,0.0,100000,17,185,0,1017,1275,602,81,233,268,192849.9200000001,11,False,False

184,0,1403.3490162232288,-1871.1786622100153,1.0,CLIENT,7,2,100000,13,26,0,3658,4831,888,517,294,562,27103.23200000001,33,False,False
184,1,630.8713336101499,1231.1984177902727,1.0,CLIENT,7,2,100000,15,233,0,2933,4171,662,209,280,332,242886.65600000013,27,False,False
184,2,2022.1072830116677,-904.3644622100339,1.0,CLIENT,7,2,100000,11,19,0,3701,4851,903,318,286,571,19806.208000000006,30,False,False
184,3,-382.5997453726162,2181.4259377902094,1.0,CLIENT,7,2,100000,12,69,0,2743,3894,786,328,283,451,71927.80800000003,26,False,False
184,4,-1947.5124999790792,948.3342977901845,1.0,CLIENT,7,2,100000,16,142,0,2192,3133,792,248,276,441,148025.34400000007,24,False,False
184,5,-870.8430212907934,2036.9325777903803,1.0,CLIENT,7,2,100000,9,47,0,3458,4313,807,808,283,461,48994.304000000026,29,False,False
184,6,-360.66245625154244,868.6291777905126,1.0,CLIENT,7,2,100000,12,40,0,4744,5633,838,548,309,476,41697.28000000002,40,False,False
184,7,-371.1955228695042,2562.251657790544,1.0,CLIENT,7,2,100000,20,218,0,1520,2541,583,119,249,269,227250.17600000012,22,False,False
184,8,819.7537688198071,-319.71182220938744,1.0,CLIENT,7,2,100000,9,42,0,4711,6139,699,819,297,385,43782.14400000002,40,False,False
184,9,853.8872403397377,-1175.9852622100336,1.0,CLIENT,7,2,100000,16,34,0,4190,5455,888,397,311,539,35442.68800000002,35,False,False
184,10,656.1348542947018,-710.3337022095093,1.0,CLIENT,7,2,100000,12,67,0,4264,6050,809,465,307,419,69842.94400000003,37,False,False
184,11,-1023.0577133127867,1071.5655377907,1.0,CLIENT,7,2,100000,14,74,0,4306,5639,730,544,291,385,77139.96800000004,39,False,False
184,12,-1926.6839547130608,1467.9760577904447,1.0,CLIENT,7,2,100000,15,178,0,2092,2873,653,457,257,330,185552.8960000001,25,False,False
184,13,-454.43050794473487,-630.1833022093797,1.0,CLIENT,7,2,100000,15,36,0,3651,4918,838,539,298,489,37527.55200000002,32,False,False
184,14,1747.6139830389834,-2510.93470220996,1.0,CLIENT,7,2,100000,14,50,0,2807,3249,828,591,284,522,52121.60000000003,24,False,False
184,15,-749.1187852670672,2632.6058977900952,1.0,CLIENT,7,2,100000,9,39,0,1932,2547,908,189,279,584,40654.84800000002,21,False,False
184,16,423.53623282283377,669.366377790542,1.0,CLIENT,7,2,100000,15,94,0,4465,5716,774,587,302,417,97988.60800000005,37,False,False
184,17,225.8630427672035,1638.0730177904911,1.0,CLIENT,7,2,100000,14,174,0,3330,4092,760,303,287,403,181383.1680000001,25,False,False
184,18,1585.8165762747099,-1772.99442220954,1.0,CLIENT,7,2,100000,15,41,0,3943,4980,772,763,301,441,42739.71200000002,33,False,False
184,19,-1880.1167128249313,2701.0676977904695,1.0,CLIENT,7,2,100000,15,76,0,1212,1551,718,89,259,421,79224.83200000004,15,False,False
184,20,-47.996689289110414,-389.84342220950083,1.0,CLIENT,7,2,100000,9,50,0,4762,6156,731,705,298,387,52121.60000000003,39,False,False
184,21,2713.092292320942,-2594.7586622095155,1.0,CLIENT,7,2,100000,18,65,0,1428,2116,800,89,261,470,67758.08000000003,19,False,False
184,22,2579.4886578559817,-3039.148102209935,1.0,CLIENT,7,2,100000,10,56,0,1263,1571,805,12,257,471,58376.19200000003,15,False,False
184,23,-960.3344895453891,1374.133297790082,1.0,CLIENT,7,2,100000,13,49,0,4289,5623,728,735,293,389,51079.16800000003,33,False,False
184,24,-416.4164329343614,-474.55794220997177,1.0,CLIENT,7,2,100000,9,103,0,4010,5405,750,586,306,380,107370.49600000006,33,False,False
184,25,929.0442344753343,-211.620102209406,1.0,CLIENT,7,2,100000,12,57,0,4367,5988,775,544,292,436,59418.62400000003,39,False,False
184,26,1537.8238065739022,-512.7407022092777,1.0,CLIENT,7,2,100000,12,70,0,4488,5176,805,703,290,455,72970.24000000003,28,False,False
184,27,1398.359668878293,-2529.74778220992,1.0,CLIENT,7,2,100000,12,38,0,2426,3234,833,304,279,531,39612.41600000002,24,False,False
184,28,2745.4834520694467,-2573.9418222098684,1.0,CLIENT,7,2,100000,17,128,0,1357,2066,700,90,250,341,133431.29600000006,19,False,False
184,29,1806.7733872741233,-37.73826220942368,1.0,CLIENT,7,2,100000,12,133,0,2966,3867,823,166,284,471,138643.45600000006,25,False,False
184,30,-1714.9930744971794,1965.6877777907043,1.0,CLIENT,7,2,100000,10,89,0,2365,3092,800,484,280,471,92776.44800000005,22,False,False
184,31,-1669.2177925047947,2138.011137790667,1.0,CLIENT,7,2,100000,15,60,0,2189,2941,860,401,280,545,62545.920000000035,21,False,False
184,32,2057.5870863554333,-1300.8863022094974,1.0,CLIENT,7,2,100000,12,45,0,3441,4517,871,347,289,546,46909.440000000024,33,False,False
184,33,-1044.7574144650807,219.96753779011414,1.0,CLIENT,7,2,100000,11,28,0,4525,5503,728,794,287,405,29188.096000000012,33,False,False
184,34,-490.78146717365075,1650.540857790652,1.0,CLIENT,7,2,100000,11,65,0,4148,5281,798,714,307,439,67758.08000000003,30,False,False
184,35,-1720.7743817384226,-36.40242220963245,1.0,CLIENT,7,2,100000,9,45,0,2477,3576,879,490,290,539,46909.440000000024,22,False,False
184,36,-275.13078747792076,477.2280577899852,1.0,CLIENT,7,2,100000,7,55,0,5177,6475,749,642,305,390,57333.76000000003,38,False,False
184,37,-16.55588141516189,1278.6207377899802,1.0,CLIENT,7,2,100000,14,36,0,4175,4861,975,327,300,588,37527.55200000002,32,False,False
184,38,-1235.1445734768217,-234.88598220998853,1.0,CLIENT,7,2,100000,13,49,0,3361,4303,863,510,293,518,51079.16800000003,25,False,False
184,39,122.74986430107306,1198.9156177903083,1.0,CLIENT,7,2,100000,17,49,0,3962,4832,971,209,298,576,51079.16800000003,31,False,False
184,40,-12.279297976565212,-1238.6584222099943,1.0,CLIENT,7,2,100000,13,160,0,3034,4117,685,300,290,339,166789.12000000008,28,False,False
184,41,-417.84196074703937,319.4876177903805,1.0,CLIENT,7,2,100000,12,36,0,5064,6496,795,538,305,442,37527.55200000002,39,False,False
184,42,-132.34041821883378,112.54373779002833,1.0,CLIENT,7,2,100000,18,56,0,5201,6769,747,569,312,387,58376.19200000003,39,False,False
184,43,-2475.036986742059,787.9221777902063,1.0,CLIENT,7,2,100000,17,251,0,981,1755,479,162,246,197,261650.43200000015,14,False,False
184,44,-1883.7597283465946,2581.7326577903996,1.0,CLIENT,7,2,100000,17,234,0,1187,1569,586,121,251,298,243929.08800000013,16,False,False
184,45,1215.3377368998472,-1487.6812622093073,1.0,CLIENT,7,2,100000,17,66,0,4432,5391,750,785,297,417,68800.51200000003,35,False,False
184,46,287.5567186700768,1129.4519377900906,1.0,CLIENT,7,2,100000,12,30,0,3688,4883,943,170,295,584,31272.960000000014,32,False,False
184,47,1131.4691839071206,-1075.1293422099761,1.0,CLIENT,7,2,100000,15,68,0,4706,5763,764,768,297,425,70885.37600000003,33,False,False
184,48,400.8861797954209,-1406.974262209792,1.0,CLIENT,7,2,100000,11,210,0,3447,4560,686,298,288,344,218910.72000000012,28,False,False
184,49,-526.5780544756016,814.5276577902669,1.0,CLIENT,7,2,100000,15,51,0,4762,5897,874,460,307,501,53164.03200000003,38,False,False
184,50,1067.6372162852301,-2457.3897822098907,1.0,CLIENT,7,2,100000,15,231,0,2255,3010,587,214,256,304,240801.79200000013,25,False,False
184,51,2412.3851197880244,-1204.5945022097812,1.0,CLIENT,7,2,100000,12,205,0,2428,3494,636,163,266,314,213698.5600000001,31,False,False
184,52,1084.6643540502114,-1842.9033822094245,1.0,CLIENT,7,2,100000,8,101,0,3589,4547,795,396,298,435,105285.63200000006,32,False,False
184,53,2687.2743997094253,-2206.3631822093093,1.0,CLIENT,7,2,100000,11,119,0,2001,2785,633,364,262,329,124049.40800000007,20,False,False
184,54,663.8168652861821,-599.7929422093832,1.0,CLIENT,7,2,100000,10,46,0,4507,6174,767,640,305,427,47951.872000000025,41,False,False
184,55,-422.4353281443841,1211.8287377901358,1.0,CLIENT,7,2,100000,10,34,0,4755,5490,889,578,308,522,35442.68800000002,33,False,False
184,56,1190.311804184075,15.47269779069751,1.0,CLIENT,7,2,100000,11,44,0,3703,5116,885,330,298,527,45867.00800000002,39,False,False
184,57,-1276.4848800506732,929.8551777901721,1.0,CLIENT,7,2,100000,11,92,0,3890,5181,755,533,291,393,95903.74400000005,39,False,False
184,58,-849.0641241496563,-881.9891422095759,1.0,CLIENT,7,2,100000,11,209,0,2409,3432,636,263,278,304,217868.28800000012,24,False,False
184,59,1900.303850998536,-1676.479982209595,1.0,CLIENT,7,2,100000,10,79,0,3900,4736,712,774,293,389,82352.12800000004,32,False,False
184,60,-1551.4533559614797,-512.7407022092777,1.0,CLIENT,7,2,100000,15,228,0,2047,2782,694,179,266,334,237674.49600000013,20,False,False
184,61,-1180.6577326278693,358.0043377904252,1.0,CLIENT,7,2,100000,14,91,0,4287,5607,662,806,275,344,94861.31200000005,32,False,False
184,62,2208.53464254356,-720.2411822098065,1.0,CLIENT,7,2,100000,10,173,0,2876,4164,735,190,279,404,180340.7360000001,24,False,False
184,63,-812.6339689307722,2753.944697790643,1.0,CLIENT,7,2,100000,14,155,0,1744,2222,767,172,265,421,161576.96000000008,18,False,False
184,64,-1041.7479668597882,-676.0471422098581,1.0,CLIENT,7,2,100000,10,42,0,2824,3491,895,302,299,547,43782.14400000002,24,False,False
184,65,2301.8275182986304,-3279.9332622094807,1.0,CLIENT,7,2,100000,17,185,0,1211,1452,672,27,247,356,192849.9200000001,14,False,False
184,66,123.46262820741207,569.7349777905566,1.0,CLIENT,7,2,100000,14,44,0,4852,6440,840,558,306,495,45867.00800000002,38,False,False
184,67,1553.663004494985,-2696.5051422096976,1.0,CLIENT,7,2,100000,12,79,0,2478,2873,822,410,288,486,82352.12800000004,21,False,False
184,68,1470.3488234297856,400.5285777906346,1.0,CLIENT,7,2,100000,10,253,0,2434,3697,565,232,266,268,263735.2960000001,30,False,False
184,69,1599.0423065386535,301.342457790316,1.0,CLIENT,7,2,100000,12,34,0,2421,3602,820,144,282,492,35442.68800000002,27,False,False
184,70,2166.7191600315864,-2995.510662209372,1.0,CLIENT,7,2,100000,12,36,0,1692,2255,905,143,266,593,37527.55200000002,17,False,False
184,71,1912.1832494392072,-128.3527422100272,1.0,CLIENT,7,2,100000,9,42,0,3061,3829,883,281,292,516,43782.14400000002,24,False,False
184,72,-2233.172434486659,-372.9227822095086,1.0,CLIENT,7,2,100000,12,264,0,1142,1776,516,104,260,237,275202.0479999998,14,False,False
184,73,1122.757625050553,-756.0862222094778,1.0,CLIENT,7,2,100000,16,23,0,4991,5927,761,954,294,454,23975.93600000001,35,False,False
184,74,2405.1782847341033,-930.07938220997,1.0,CLIENT,7,2,100000,13,47,0,2322,3459,788,144,276,455,48994.304000000026,27,False,False
184,75,-1406.0455996278488,2758.0643200003115,1.0,CLIENT,7,2,100000,13,90,0,1634,2034,858,151,272,520,93818.88000000005,16,False,False
184,76,1812.7962022920597,-2984.8899519996658,1.0,CLIENT,3,0.0,100000,15,138,0,1582,2144,699,227,257,352,143855.61600000007,16,False,False

185,0,-1713.1715667363478,2608.5607777906894,1.0,CLIENT,7,2,100000,14,150,0,1733,2485,730,82,257,412,156364.80000000008,20,False,False
185,1,-2289.1639991376946,539.3446177905603,1.0,CLIENT,7,2,100000,15,207,0,2875,3516,737,240,283,369,215783.42400000012,24,False,False
185,2,1249.5504044091833,879.2045777907055,1.0,CLIENT,7,2,100000,14,279,0,1417,2328,572,160,286,262,290838.52799999935,16,False,False
185,3,-1466.0008831772636,-79.70590220945638,1.0,CLIENT,7,2,100000,12,40,0,4302,5124,880,677,298,535,41697.28000000002,27,False,False
185,4,-1068.6746033257978,343.8666977905254,1.0,CLIENT,7,2,100000,15,56,0,4880,6274,814,678,322,455,58376.19200000003,33,False,False
185,5,1670.7146771319606,-1304.1145822092565,1.0,CLIENT,7,2,100000,9,42,0,4170,5413,753,795,285,439,43782.14400000002,32,False,False
185,6,583.1953478675277,-2041.8322222094475,1.0,CLIENT,7,2,100000,14,190,0,2948,3371,769,226,276,392,198062.0800000001,29,False,False
185,7,586.2047954728204,-1935.8555822096628,1.0,CLIENT,7,2,100000,18,61,0,3059,3618,913,232,277,545,63588.352000000035,29,False,False
185,8,-1107.0846582843246,1347.0825377903545,1.0,CLIENT,7,2,100000,9,45,0,4664,6178,758,652,284,430,46909.440000000024,35,False,False
185,9,2413.810647601265,-1997.7495022100088,1.0,CLIENT,7,2,100000,18,215,0,2254,3109,611,496,266,283,224122.88000000012,25,False,False
185,10,901.4840300923915,-312.58734220997354,1.0,CLIENT,7,2,100000,12,98,0,3300,4878,756,452,323,370,102158.33600000005,33,False,False
185,11,576.1469047929808,-1212.1642622096529,1.0,CLIENT,7,2,100000,14,62,0,4214,5264,851,530,293,503,64630.784000000036,32,False,False
185,12,2413.652255621891,-945.2189022097133,1.0,CLIENT,7,2,100000,17,261,0,2140,2785,577,224,258,265,272074.75199999986,22,False,False
185,13,2089.582266155784,-2547.8929422099845,1.0,CLIENT,7,2,100000,17,48,0,2078,2789,996,204,278,657,50036.736000000026,21,False,False
185,14,678.4681233633665,-1623.157702209755,1.0,CLIENT,7,2,100000,14,40,0,3577,4672,955,362,291,614,41697.28000000002,33,False,False
185,15,2790.0707942173703,-2534.31190220947,1.0,CLIENT,7,2,100000,9,110,0,952,1392,692,10,270,361,114667.52000000006,15,False,False
185,16,-1249.637439574632,-62.8965822099741,1.0,CLIENT,7,2,100000,15,24,0,4508,5273,850,787,296,532,25018.36800000001,30,False,False
185,17,1056.5497777403036,-2388.8166622097974,1.0,CLIENT,7,2,100000,13,129,0,2691,3565,768,322,295,407,134473.72800000006,25,False,False
185,18,-544.9515240638549,-902.2493822098372,1.0,CLIENT,7,2,100000,15,55,0,3163,4682,805,403,327,425,57333.76000000003,28,False,False
185,19,-1528.4865189758816,1005.9980577901371,1.0,CLIENT,7,2,100000,13,47,0,4626,5774,718,767,288,393,48994.304000000026,35,False,False
185,20,-649.0942503950723,-253.14246220977196,1.0,CLIENT,7,2,100000,9,134,0,4036,5514,668,674,299,325,139685.88800000006,32,False,False
185,21,1933.0117947057886,-290.10070220979657,1.0,CLIENT,7,2,100000,17,200,0,2603,3372,724,190,286,355,208486.4000000001,22,False,False
185,22,-472.5663895642086,1348.8636577906036,1.0,CLIENT,7,2,100000,9,77,0,4453,5209,773,774,308,418,80267.26400000004,35,False,False
185,23,1562.057779392804,55.881857790710114,1.0,CLIENT,7,2,100000,14,174,0,2562,3636,700,359,317,357,181383.1680000001,23,False,False
185,24,-358.12818458437175,2116.6376977900522,1.0,CLIENT,7,2,100000,10,20,0,3158,3951,912,224,298,552,20848.640000000007,25,False,False
185,25,-1672.3064360994929,2213.9313777904026,1.0,CLIENT,7,2,100000,12,37,0,2736,3627,890,258,269,553,38569.98400000002,23,False,False
185,26,1231.9688947166746,-1281.8505822093084,1.0,CLIENT,7,2,100000,12,32,0,4800,5624,685,1063,288,378,33357.824000000015,32,False,False
185,27,2019.810599313277,-1125.223342209266,1.0,CLIENT,7,2,100000,12,53,0,3040,4198,808,382,274,464,55248.89600000003,30,False,False
185,28,-28.514475845801627,-1583.3051422099188,1.0,CLIENT,7,2,100000,17,263,0,2795,4009,592,324,264,289,274159.6159999998,26,False,False
185,29,1101.2955118676014,-2359.6508222098732,1.0,CLIENT,7,2,100000,12,47,0,2837,3729,858,345,298,510,48994.304000000026,25,False,False
185,30,1450.7082180076657,-2692.386302209814,1.0,CLIENT,7,2,100000,10,120,0,2446,3078,799,435,289,458,125091.84000000007,22,False,False
185,31,-2510.991966022821,997.426417790422,1.0,CLIENT,7,2,100000,18,264,0,1614,2708,564,125,263,257,275202.0479999998,21,False,False
185,32,2163.3137324787026,-1034.4975422097345,1.0,CLIENT,7,2,100000,12,40,0,2723,3636,811,319,274,493,41697.28000000002,28,False,False
185,33,-2202.681978488392,2088.139777790024,1.0,CLIENT,7,2,100000,11,224,0,1931,2797,560,301,235,292,233504.76800000013,19,False,False
185,34,-2228.42067510994,1106.7426577904757,1.0,CLIENT,7,2,100000,12,44,0,2602,3765,874,222,291,517,45867.00800000002,25,False,False
185,35,-582.3320311578577,-834.7894622093063,1.0,CLIENT,7,2,100000,9,76,0,3361,4777,795,436,329,421,79224.83200000004,29,False,False
185,36,2638.3312781329364,-2678.359982209633,1.0,CLIENT,7,2,100000,9,160,0,1034,1355,733,18,274,391,166789.12000000008,15,False,False
185,37,-944.89127157246,-346.8739022096247,1.0,CLIENT,7,2,100000,14,29,0,3825,4889,947,452,306,593,30230.528000000013,31,False,False
185,38,-963.8191130882411,1840.1188177905542,1.0,CLIENT,7,2,100000,13,37,0,4237,4855,765,819,282,459,38569.98400000002,29,False,False
185,39,2013.9500960826283,-2982.1522622098782,1.0,CLIENT,7,2,100000,17,93,0,1561,1893,870,148,271,534,96946.17600000005,18,False,False
185,40,-906.7980005721182,1744.4949377907335,1.0,CLIENT,7,2,100000,11,18,0,4301,5003,823,770,289,520,18763.776000000005,32,False,False
185,41,1883.5934971917402,-763.5446622096305,1.0,CLIENT,7,2,100000,12,42,0,3357,4093,939,281,299,579,43782.14400000002,28,False,False
185,42,-520.4007672862049,2509.040697790423,1.0,CLIENT,7,2,100000,18,234,0,2584,3156,680,213,263,326,243929.08800000013,22,False,False
185,43,-1579.2511483132023,31.28013779033637,1.0,CLIENT,7,2,100000,15,53,0,4265,5212,807,738,287,487,55248.89600000003,29,False,False
185,44,-336.9036593701997,1158.061177790629,1.0,CLIENT,7,2,100000,14,45,0,4272,5534,808,678,311,472,46909.440000000024,34,False,False
185,45,-1840.9938939595024,-526.4330622095108,1.0,CLIENT,7,2,100000,18,62,0,3077,3758,902,224,287,563,64630.784000000036,21,False,False
185,46,-619.5541462724866,-282.75358220936283,1.0,CLIENT,7,2,100000,12,22,0,4055,5460,804,670,316,462,22933.504000000008,32,False,False
185,47,-1265.7142254644943,201.59973779061175,1.0,CLIENT,7,2,100000,14,31,0,4795,5962,688,1038,286,400,32315.392000000014,31,False,False
185,48,-2049.2793466225003,-423.68470220948524,1.0,CLIENT,7,2,100000,13,250,0,2516,3488,593,236,264,292,260608.00000000015,20,False,False
185,49,-193.0837422465884,978.2793777905141,1.0,CLIENT,7,2,100000,15,29,0,3838,5612,836,556,311,505,30230.528000000013,34,False,False
185,50,-1747.3050382562785,317.14989779074585,1.0,CLIENT,7,2,100000,12,43,0,4023,4947,846,618,285,499,44824.57600000002,31,False,False
185,51,-156.89117499648387,2307.7741377899742,1.0,CLIENT,7,2,100000,12,101,0,2453,3325,756,117,287,408,105285.63200000006,22,False,False
185,52,795.2030120421571,-991.9733022095252,1.0,CLIENT,7,2,100000,8,51,0,4350,5604,818,669,314,467,53164.03200000003,34,False,False
185,53,1423.0688176353174,-572.2969022099892,1.0,CLIENT,7,2,100000,11,36,0,3942,4696,881,551,302,522,37527.55200000002,28,False,False
185,54,-1251.6965353042433,1072.4560977900337,1.0,CLIENT,7,2,100000,10,22,0,4852,6274,748,698,292,433,22933.504000000008,37,False,False
185,55,-1280.0486995829308,1900.0089777904225,1.0,CLIENT,7,2,100000,10,26,0,4028,4765,728,848,271,442,27103.23200000001,28,False,False
185,56,-908.1443323953906,2289.072377790524,1.0,CLIENT,7,2,100000,11,38,0,3325,4059,884,435,282,522,39612.41600000002,23,False,False
185,57,1226.0291954966203,-1708.0948622096637,1.0,CLIENT,7,2,100000,10,22,0,4046,5277,900,565,305,581,22933.504000000008,32,False,False
185,58,-1454.4382686947777,1126.891577790227,1.0,CLIENT,7,2,100000,10,89,0,4752,5863,627,886,275,320,92776.44800000005,35,False,False
185,59,310.5235556556749,342.6421777904531,1.0,CLIENT,7,2,100000,10,125,0,3280,4760,624,851,296,295,130304.00000000007,33,False,False
185,60,-1344.5142351223171,-900.3569422098692,1.0,CLIENT,7,2,100000,15,217,0,3156,3623,717,203,274,344,226207.74400000012,19,False,False
185,61,-236.8791244982049,2178.3089777901696,1.0,CLIENT,7,2,100000,14,39,0,2888,3693,877,169,292,520,40654.84800000002,22,False,False
185,62,1456.0935453007548,-417.8960622098626,1.0,CLIENT,7,2,100000,9,27,0,3625,4622,885,548,306,545,28145.66400000001,27,False,False
185,63,460.20397601049757,-524.4293022098238,1.0,CLIENT,7,2,100000,14,166,0,3811,5476,596,569,285,276,173043.7120000001,38,False,False
185,64,971.0973049560874,-1711.7684222098806,1.0,CLIENT,7,2,100000,10,37,0,3709,4861,955,414,298,600,38569.98400000002,32,False,False
185,65,-1314.7365430303892,1843.681057790261,1.0,CLIENT,7,2,100000,14,73,0,3978,4927,692,815,269,376,76097.53600000004,29,False,False
185,66,-74.44814981699783,1821.751017790261,1.0,CLIENT,7,2,100000,16,148,0,3228,3998,713,457,293,369,154279.93600000007,25,False,False
185,67,1028.4352014303956,898.1289777903845,1.0,CLIENT,7,2,100000,12,30,0,1772,2853,866,183,305,523,31272.960000000014,20,False,False
185,68,1543.446721835771,-1701.6383022093544,1.0,CLIENT,7,2,100000,10,80,0,4144,5189,633,931,286,310,83394.56000000004,32,False,False
185,69,852.3825165370913,-322.82878220942763,1.0,CLIENT,7,2,100000,11,24,0,3321,5068,798,476,320,473,25018.36800000001,34,False,False
185,70,651.4622909079515,1222.5154577900478,1.0,CLIENT,7,2,100000,15,275,0,2088,2855,644,312,284,319,286668.79999999946,22,False,False
185,71,-990.4289655955025,-997.5393022097101,1.0,CLIENT,7,2,100000,9,83,0,3156,3911,791,371,305,429,86521.85600000004,24,False,False
185,72,2522.942721277418,-2462.6218222093366,1.0,CLIENT,7,2,100000,10,26,0,1405,2189,927,82,278,610,27103.23200000001,18,False,False
185,73,-362.56316000234244,624.504417790698,1.0,CLIENT,7,2,100000,17,246,0,4124,6007,612,507,289,289,256438.27200000014,38,False,False
185,74,178.5038409833293,-1263.1488222098583,1.0,CLIENT,7,2,100000,12,39,0,3704,4957,834,477,293,512,40654.84800000002,30,False,False
185,75,-1406.0455996278488,2758.0643200003115,1.0,CLIENT,7,2,100000,15,169,0,1994,2596,689,197,255,348,176171.0080000001,19,False,False
185,76,1812.7962022920597,-2984.8899519996658,1.0,CLIENT,3,0.0,100000,16,171,0,1351,1721,668,141,262,324,178255.8720000001,15,False,False

186,0,2433.7680369815703,-2991.7257822094366,1.0,CLIENT,7,2,100000,14,49,0,1439,1782,863,39,246,526,51079.16800000003,14,False,False
186,1,1353.29715079281,-1562.154342209533,1.0,CLIENT,7,2,100000,14,25,0,3091,3948,856,510,289,516,26060.80000000001,28,False,False
186,2,-1586.3787873777176,1029.7092177903864,1.0,CLIENT,7,2,100000,10,76,0,4214,5398,810,572,296,470,79224.83200000004,40,False,False
186,3,588.0263032336521,676.8248177906946,1.0,CLIENT,7,2,100000,12,237,0,3036,3955,607,549,276,288,247056.38400000014,24,False,False
186,4,-1579.0135603444228,1700.078257790556,1.0,CLIENT,7,2,100000,15,30,0,5173,6220,843,789,299,538,31272.960000000014,38,False,False
186,5,-656.0634974807764,2175.525977790077,1.0,CLIENT,7,2,100000,9,22,0,3668,4554,935,336,293,622,22933.504000000008,31,False,False
186,6,1493.315660415384,-1277.397782209477,1.0,CLIENT,7,2,100000,13,48,0,3271,4246,859,458,295,525,50036.736000000026,28,False,False
186,7,-1759.3428286763237,924.957097790674,1.0,CLIENT,7,2,100000,17,40,0,3839,4755,839,525,286,539,41697.28000000002,37,False,False
186,8,-1919.5563156485453,998.6509377904943,1.0,CLIENT,7,2,100000,9,30,0,3795,4567,959,411,295,625,31272.960000000014,36,False,False
186,9,1815.2473581619108,-657.1227422093881,1.0,CLIENT,7,2,100000,17,81,0,2290,2918,820,125,273,457,84436.99200000004,25,False,False
186,10,1003.1716807464065,-1456.845622209644,1.0,CLIENT,7,2,100000,12,65,0,3578,4350,756,701,284,426,67758.08000000003,28,False,False
186,11,-2202.0484105714586,497.5996177899654,1.0,CLIENT,7,2,100000,14,41,0,2778,3484,863,402,268,566,42739.71200000002,24,False,False
186,12,-2518.1988010773052,635.4137777900476,1.0,CLIENT,7,2,100000,17,194,0,2608,3167,682,359,254,335,202231.8080000001,23,False,False
186,13,-2147.878353681254,1481.0004977899912,1.0,CLIENT,7,2,100000,17,169,0,3864,4663,739,376,274,410,176171.0080000001,34,False,False
186,14,2248.4494213047333,-2209.480142209349,1.0,CLIENT,7,2,100000,14,68,0,2448,2817,857,425,262,524,70885.37600000003,20,False,False
186,15,-962.3935852750005,2341.949377790698,1.0,CLIENT,7,2,100000,9,22,0,3757,4583,946,402,302,616,22933.504000000008,30,False,False
186,16,-2271.0281175182213,1500.8154577905857,1.0,CLIENT,7,2,100000,15,69,0,3829,4433,831,361,281,505,71927.80800000003,32,False,False
186,17,-583.9951469393154,2741.365537789972,1.0,CLIENT,7,2,100000,14,245,0,2596,3168,629,162,269,301,255395.84000000014,22,False,False
186,18,-912.1833278652076,2467.629657790567,1.0,CLIENT,7,2,100000,15,44,0,3593,4157,933,342,294,606,45867.00800000002,29,False,False
186,19,-1776.6867504000527,499.1580977899855,1.0,CLIENT,7,2,100000,13,31,0,3334,4065,882,610,286,571,32315.392000000014,31,False,False
186,20,-2107.1716150237735,2783.555817790234,1.0,CLIENT,7,2,100000,11,249,0,2421,3278,651,41,261,340,259565.56800000014,24,False,False
186,21,1671.744224996485,-15.14030220952776,1.0,CLIENT,7,2,100000,18,240,0,1598,2213,606,130,259,291,250183.68000000014,21,False,False
186,22,1018.4565067399618,-148.7243022100074,1.0,CLIENT,7,2,100000,9,99,0,3467,4511,735,608,324,371,103200.76800000005,26,False,False
186,23,1622.8802994099644,-1968.8063022095228,1.0,CLIENT,7,2,100000,13,75,0,2896,3347,721,717,281,389,78182.40000000004,24,False,False
186,24,1966.5908942981912,-1041.7333422096585,1.0,CLIENT,7,2,100000,11,233,0,2558,3453,559,410,250,269,242886.65600000013,22,False,False
186,25,577.9684125538124,-856.9421422095354,1.0,CLIENT,7,2,100000,11,25,0,3978,5013,889,507,302,552,26060.80000000001,28,False,False
186,26,-1654.8041223969526,2414.4186977904455,1.0,CLIENT,7,2,100000,12,25,0,4139,4781,982,514,289,655,26060.80000000001,29,False,False
186,27,1421.0097219051431,-20.14970220953586,1.0,CLIENT,7,2,100000,12,64,0,2081,3073,744,311,291,408,66715.64800000003,24,False,False
186,28,2655.1208279297007,-2199.461342209333,1.0,CLIENT,7,2,100000,17,112,0,1547,2248,702,137,245,376,116752.38400000006,19,False,False
186,29,-1997.4851694200922,710.666097790679,1.0,CLIENT,7,2,100000,12,38,0,3444,4107,918,495,283,598,39612.41600000002,28,False,False
186,30,-0.0039195877401615896,-1136.0213822096878,1.0,CLIENT,7,2,100000,10,54,0,2728,3728,757,275,284,423,56291.32800000003,25,False,False
186,31,24.54683718990994,-756.0862222094778,1.0,CLIENT,7,2,100000,15,134,0,3113,3981,755,209,289,400,139685.88800000006,27,False,False
186,32,-2074.4636713170835,289.54253779005086,1.0,CLIENT,7,2,100000,12,41,0,2650,3284,924,282,268,597,42739.71200000002,22,False,False
186,33,-472.32880159542896,147.49821779036608,1.0,CLIENT,7,2,100000,11,200,0,3131,4245,711,397,287,359,208486.4000000001,32,False,False
186,34,-1635.1635169748324,2308.887337790328,1.0,CLIENT,7,2,100000,11,36,0,4368,5005,973,579,294,626,37527.55200000002,32,False,False
186,35,-2314.585911801058,-396.0773422095812,1.0,CLIENT,7,2,100000,11,184,0,1216,1649,604,0,259,282,191807.4880000001,16,False,False
186,36,-539.0118248438006,2258.793337790247,1.0,CLIENT,7,2,100000,8,17,0,3327,4200,935,289,298,602,17721.344000000005,31,False,False
186,37,187.1362038499283,-1157.5061422100214,1.0,CLIENT,7,2,100000,14,186,0,3081,3974,681,350,285,338,193892.3520000001,28,False,False
186,38,-2351.7288309262813,2270.704577790231,1.0,CLIENT,7,2,100000,14,138,0,2872,3719,817,152,266,433,143855.61600000007,28,False,False
186,39,-712.6094340587773,2365.103937789979,1.0,CLIENT,7,2,100000,17,38,0,3395,4171,873,273,279,573,39612.41600000002,29,False,False
186,40,-2117.3087016935815,1992.9611777906607,1.0,CLIENT,7,2,100000,13,59,0,3883,4850,923,371,288,580,61503.488000000034,31,False,False
186,41,-375.15532234935284,2272.8196577904278,1.0,CLIENT,7,2,100000,12,71,0,2927,3889,858,315,289,536,74012.67200000004,26,False,False
186,42,103.03006288898462,170.096177790262,1.0,CLIENT,7,2,100000,17,36,0,3721,4419,913,538,322,554,37527.55200000002,27,False,False
186,43,-1637.5393966626293,1753.6231777906253,1.0,CLIENT,7,2,100000,15,38,0,5086,6058,865,738,298,542,39612.41600000002,36,False,False
186,44,-1699.0746805861284,31.83673779051304,1.0,CLIENT,7,2,100000,17,157,0,2666,3128,728,414,259,348,163661.82400000008,28,False,False
186,45,2674.682237361852,-2988.2748622094487,1.0,CLIENT,7,2,100000,20,78,0,1122,1473,786,17,239,448,81309.69600000004,13,False,False
186,46,2660.50615522279,-3274.8125422097537,1.0,CLIENT,7,2,100000,14,151,0,848,1085,662,9,242,315,157407.23200000008,12,False,False
186,47,151.6564005067255,31.391457790055313,1.0,CLIENT,7,2,100000,14,55,0,3912,4533,880,597,319,511,57333.76000000003,25,False,False
186,48,-67.47890273185648,1945.650177790672,1.0,CLIENT,7,2,100000,13,229,0,2557,3350,608,411,266,292,238716.92800000013,26,False,False
186,49,-162.43489426894723,988.4094977902492,1.0,CLIENT,7,2,100000,15,115,0,3068,4313,654,796,299,326,119879.68000000007,36,False,False
186,50,-1954.402551074815,1119.4331377900744,1.0,CLIENT,7,2,100000,12,36,0,3879,4620,940,413,298,609,37527.55200000002,36,False,False
186,51,8.786835258232854,-561.2762222093386,1.0,CLIENT,7,2,100000,12,43,0,3324,4127,862,252,298,487,44824.57600000002,27,False,False
186,52,748.8733581228072,-314.5911022096604,1.0,CLIENT,7,2,100000,8,57,0,4131,4939,653,959,311,321,59418.62400000003,28,False,False
186,53,-1335.8026762657498,1985.8366977904557,1.0,CLIENT,7,2,100000,9,39,0,5170,5963,713,1140,282,413,40654.84800000002,35,False,False
186,54,2491.0267374664727,-2165.50874220963,1.0,CLIENT,7,2,100000,10,64,0,2022,2601,814,293,258,497,66715.64800000003,19,False,False
186,55,-1832.4407270823092,1978.0442977903554,1.0,CLIENT,7,2,100000,10,21,0,4578,5433,935,533,295,623,21891.072000000007,33,False,False
186,56,1399.4684127327857,-2125.7675022095127,1.0,CLIENT,7,2,100000,10,39,0,2750,3273,751,599,278,431,40654.84800000002,23,False,False
186,57,-2267.3851019959952,-372.5888222095608,1.0,CLIENT,7,2,100000,12,92,0,1371,1804,713,2,258,364,95903.74400000005,17,False,False
186,58,-760.04783183262,2044.6136577899708,1.0,CLIENT,7,2,100000,10,46,0,4030,5150,857,501,287,531,47951.872000000025,34,False,False
186,59,-70.48835033658646,-334.85134220992165,1.0,CLIENT,7,2,100000,11,58,0,3507,4220,881,391,322,489,60461.05600000003,26,False,False
186,60,-897.5320697880233,722.0207377904865,1.0,CLIENT,7,2,100000,13,173,0,3824,5583,680,427,301,357,180340.7360000001,43,False,False
186,61,-1976.9734081122594,757.420497790491,1.0,CLIENT,7,2,100000,14,29,0,3547,4206,944,484,282,645,30230.528000000013,29,False,False
186,62,544.706096919595,1526.9756577901885,1.0,CLIENT,7,2,100000,10,270,0,1462,2304,611,126,275,318,281456.6399999996,23,False,False
186,63,1684.7323672922116,-2233.7479022097755,1.0,CLIENT,7,2,100000,14,39,0,2739,3190,763,692,285,458,40654.84800000002,22,False,False
186,64,-647.5895265929888,395.5191777906265,1.0,CLIENT,7,2,100000,10,37,0,3278,4512,859,366,313,516,38569.98400000002,40,False,False
186,65,1211.219545440062,-950.0056622094926,1.0,CLIENT,7,2,100000,14,66,0,3698,4849,730,839,283,406,68800.51200000003,28,False,False
186,66,2254.0723365666026,-2682.1448622095686,1.0,CLIENT,7,2,100000,16,49,0,1880,2197,896,135,247,533,51079.16800000003,18,False,False
186,67,2818.1853705272783,-2531.0836222097114,1.0,CLIENT,7,2,100000,15,76,0,1140,1612,753,18,246,398,79224.83200000004,16,False,False
186,68,-51.164528873214415,564.8368977902675,1.0,CLIENT,7,2,100000,10,36,0,3263,4078,949,505,321,566,37527.55200000002,30,False,False
186,69,1433.5226882633106,-2225.510222210008,1.0,CLIENT,7,2,100000,12,56,0,2582,3144,687,582,281,373,58376.19200000003,23,False,False
186,70,-1562.6199904958123,2753.944697790643,1.0,CLIENT,7,2,100000,11,39,0,3672,4097,895,400,286,560,40654.84800000002,25,False,False
186,71,-285.90144206409946,1094.274817790315,1.0,CLIENT,7,2,100000,8,46,0,3445,4877,703,890,298,392,47951.872000000025,39,False,False
186,72,1176.452506003198,-1799.7112222093197,1.0,CLIENT,7,2,100000,10,103,0,2926,3628,803,420,287,437,107370.49600000006,28,False,False
186,73,-90.52493570686022,-215.9615822095185,1.0,CLIENT,7,2,100000,16,35,0,3710,4256,870,560,315,526,36485.12000000002,25,False,False
186,74,507.0088058674068,-2122.093942209296,1.0,CLIENT,7,2,100000,16,265,0,2123,2726,536,122,243,286,276244.47999999975,20,False,False
186,75,-1406.0455996278488,2758.0643200003115,1.0,CLIENT,7,2,100000,14,158,0,3726,4050,758,413,278,416,164704.25600000008,25,False,False
186,76,1812.7962022920597,-2984.8899519996658,1.0,CLIENT,3,0.0,100000,17,202,0,1522,1819,628,122,241,302,210571.2640000001,15,False,False

187,0,-1292.1656859929446,-1.2253022098568067,1.0,CLIENT,7,2,100000,13,21,0,4779,5814,861,630,286,528,21891.072000000007,33,False,False
187,1,-100.58282638669994,2211.816297790206,1.0,CLIENT,7,2,100000,15,44,0,2862,3865,846,261,278,513,45867.00800000002,25,False,False
187,2,1969.6795378928896,-1378.0310622093057,1.0,CLIENT,7,2,100000,11,53,0,2430,2965,795,511,295,465,55248.89600000003,24,False,False
187,3,2480.8896507972277,-2051.8510222094637,1.0,CLIENT,7,2,100000,12,59,0,1911,2490,798,193,257,492,61503.488000000034,19,False,False
187,4,-46.88794543461774,162.8603777903382,1.0,CLIENT,7,2,100000,15,38,0,4570,6244,838,532,321,483,39612.41600000002,36,False,False
187,5,-1412.7811781621783,-211.06350221002032,1.0,CLIENT,7,2,100000,9,54,0,4268,5163,826,522,278,473,56291.32800000003,30,False,False
187,6,-2262.2373626716853,-340.75130220926326,1.0,CLIENT,7,2,100000,15,229,0,2421,3049,643,28,243,347,238716.92800000013,22,False,False
187,7,-1560.8776787243862,727.3640977904424,1.0,CLIENT,7,2,100000,17,43,0,4699,6064,811,689,301,475,44824.57600000002,36,False,False
187,8,-912.5793078133612,537.0068977901346,1.0,CLIENT,7,2,100000,10,39,0,5227,6897,797,505,285,443,40654.84800000002,49,False,False
187,9,693.990537326264,-431.3657822098668,1.0,CLIENT,7,2,100000,16,126,0,2708,3976,802,260,301,443,131346.43200000006,33,False,False
187,10,1402.5570563274841,-2516.278062209916,1.0,CLIENT,7,2,100000,12,168,0,2016,2363,769,364,254,394,175128.5760000001,16,False,False
187,11,-150.55549582827587,2232.855777790082,1.0,CLIENT,7,2,100000,14,164,0,2859,3898,728,250,273,386,170958.8480000001,24,False,False
187,12,-1233.1646737366161,-571.1837022096358,1.0,CLIENT,7,2,100000,15,48,0,3607,4654,789,587,286,452,50036.736000000026,30,False,False
187,13,-1135.5952145423862,1181.8836577905972,1.0,CLIENT,7,2,100000,15,110,0,5229,6897,651,705,278,311,114667.52000000006,46,False,False
187,14,-806.3774857519699,2351.745537790485,1.0,CLIENT,7,2,100000,14,86,0,3117,3759,895,291,285,529,89649.15200000005,28,False,False
187,15,1479.5355582239126,-2106.509142209886,1.0,CLIENT,7,2,100000,9,28,0,2251,2482,1008,236,262,645,29188.096000000012,22,False,False
187,16,-2148.036745660628,59.88937779008381,1.0,CLIENT,7,2,100000,15,87,0,3149,3736,841,171,252,499,90691.58400000005,23,False,False
187,17,-647.7479185718001,382.49473779028904,1.0,CLIENT,7,2,100000,12,97,0,5457,6961,719,574,284,370,101115.90400000005,46,False,False
187,18,-316.62948603114626,2232.0765377904672,1.0,CLIENT,7,2,100000,15,56,0,3114,4146,832,346,283,503,58376.19200000003,26,False,False
187,19,-923.9043343265049,-181.00710220997172,1.0,CLIENT,7,2,100000,13,48,0,4922,6428,831,722,306,467,50036.736000000026,33,False,False
187,20,976.1658482909916,-2015.8946622092824,1.0,CLIENT,7,2,100000,11,200,0,1393,1972,614,43,244,320,208486.4000000001,23,False,False
187,21,-1549.8694361694277,1775.8871777905733,1.0,CLIENT,7,2,100000,15,52,0,3851,4954,735,830,272,424,54206.46400000003,32,False,False
187,22,-1066.140331658627,1953.3312577902625,1.0,CLIENT,7,2,100000,9,21,0,3802,5313,878,653,293,558,21891.072000000007,33,False,False
187,23,-602.3686165281315,-1275.616662210019,1.0,CLIENT,7,2,100000,16,273,0,1694,2520,525,132,253,251,284583.9359999995,22,False,False
187,24,432.1685956899954,325.1649377902842,1.0,CLIENT,7,2,100000,9,51,0,4089,5108,722,797,315,374,53164.03200000003,32,False,False
187,25,2508.8458351277613,-2847.1211022098882,1.0,CLIENT,7,2,100000,14,95,0,1422,1652,809,24,245,385,99031.04000000005,16,False,False
187,26,372.45481952732786,-396.74526220947683,1.0,CLIENT,7,2,100000,12,34,0,3236,4531,861,381,314,508,35442.68800000002,35,False,False
187,27,2380.785919935827,-728.8128222095215,1.0,CLIENT,7,2,100000,13,216,0,1567,2157,562,202,251,257,225165.31200000012,19,False,False
187,28,-411.42708558886306,2407.071577790012,1.0,CLIENT,7,2,100000,17,78,0,2852,3722,808,250,277,457,81309.69600000004,24,False,False
187,29,-1909.2608369993634,788.7014177906119,1.0,CLIENT,7,2,100000,12,78,0,3782,5010,743,572,290,407,81309.69600000004,30,False,False
187,30,-1144.069185430174,2809.38205779068,1.0,CLIENT,7,2,100000,10,151,0,2654,2955,721,278,262,354,157407.23200000008,17,False,False
187,31,2176.460266753241,-494.0389422098275,1.0,CLIENT,7,2,100000,15,72,0,1627,2030,823,127,261,505,75055.10400000004,19,False,False
187,32,1980.2126045102887,-603.3551822098811,1.0,CLIENT,7,2,100000,12,50,0,1890,2431,867,213,267,526,52121.60000000003,23,False,False
187,33,618.5167592319193,302.01037779021163,1.0,CLIENT,7,2,100000,11,53,0,3780,4719,773,698,324,427,55248.89600000003,29,False,False
187,34,2139.8717195555455,-2567.37394220984,1.0,CLIENT,7,2,100000,12,47,0,2024,2363,958,197,257,589,48994.304000000026,17,False,False
187,35,1246.9369367520444,-65.01166220937989,1.0,CLIENT,7,2,100000,9,154,0,2404,3330,725,317,296,375,160534.52800000008,26,False,False
187,36,2239.817058437572,-3321.7895822097944,1.0,CLIENT,7,2,100000,10,177,0,905,1271,558,7,245,252,184510.4640000001,13,False,False
187,37,-1701.371364285082,1951.9954177904715,1.0,CLIENT,7,2,100000,14,41,0,3383,4180,775,689,263,458,42739.71200000002,28,False,False
187,38,-1779.7753939941883,403.4228977904459,1.0,CLIENT,7,2,100000,13,61,0,4068,4976,828,564,276,493,63588.352000000035,33,False,False
187,39,-361.85039609600346,901.6912177900915,1.0,CLIENT,7,2,100000,16,42,0,4767,7002,823,572,302,483,43782.14400000002,46,False,False
187,40,-2335.256065088265,1563.3772977900364,1.0,CLIENT,7,2,100000,14,243,0,2260,3025,594,173,240,304,253310.97600000014,24,False,False
187,41,2370.728029255987,-2409.0769022092677,1.0,CLIENT,7,2,100000,13,45,0,1905,2258,927,150,254,583,46909.440000000024,18,False,False
187,42,-874.565232802425,2056.413577790236,1.0,CLIENT,7,2,100000,17,53,0,3542,4739,865,456,287,514,55248.89600000003,33,False,False
187,43,1576.0754695530552,-1276.6185422098624,1.0,CLIENT,7,2,100000,15,91,0,2530,3407,653,722,272,336,94861.31200000005,26,False,False
187,44,1826.3347967068376,119.89085779046206,1.0,CLIENT,7,2,100000,17,233,0,1260,2017,592,102,251,287,242886.65600000013,18,False,False
187,45,1227.692311278078,-332.62494221000594,1.0,CLIENT,7,2,100000,17,78,0,2734,3441,785,553,286,475,81309.69600000004,25,False,False
187,46,1580.0352690334666,-1556.6996622098582,1.0,CLIENT,7,2,100000,12,40,0,2484,3057,860,516,274,529,41697.28000000002,26,False,False
187,47,-2249.5660043347066,-205.27486220960668,1.0,CLIENT,7,2,100000,15,71,0,2805,3318,831,77,250,489,74012.67200000004,21,False,False
187,48,25.259601096248932,609.5875377903926,1.0,CLIENT,7,2,100000,11,40,0,4362,5831,792,611,305,454,41697.28000000002,41,False,False
187,49,-1462.0410836968524,338.8572977905173,1.0,CLIENT,7,2,100000,15,46,0,4674,5778,819,651,275,484,47951.872000000025,36,False,False
187,50,1036.4339963806242,-1753.4021022099655,1.0,CLIENT,7,2,100000,12,98,0,1695,2554,730,170,247,416,102158.33600000005,26,False,False
187,51,-1412.2268062346504,-610.8136222100338,1.0,CLIENT,7,2,100000,12,148,0,3369,4253,640,555,263,322,154279.93600000007,29,False,False
187,52,-593.6570576715642,1453.3931377900872,1.0,CLIENT,7,2,100000,8,78,0,5096,6492,697,817,287,356,81309.69600000004,41,False,False
187,53,-2064.2473886578696,1096.8351777901785,1.0,CLIENT,7,2,100000,11,118,0,3040,4243,768,197,289,401,123006.97600000007,31,False,False
187,54,451.88839710152115,1679.818017790295,1.0,CLIENT,7,2,100000,10,127,0,2795,3739,806,178,275,457,132388.86400000006,24,False,False
187,55,-1308.6384518309608,2028.694897790613,1.0,CLIENT,7,2,100000,10,19,0,3677,4713,826,821,279,540,19806.208000000006,30,False,False
187,56,712.9975748314507,1289.084817790454,1.0,CLIENT,7,2,100000,11,242,0,2464,3606,593,106,262,290,252268.54400000014,28,False,False
187,57,-1809.1571061379627,734.3772577901373,1.0,CLIENT,7,2,100000,10,30,0,4043,5343,787,629,292,459,31272.960000000014,34,False,False
187,58,2513.360006535138,-2115.6373822097776,1.0,CLIENT,7,2,100000,11,74,0,1876,2394,762,182,251,458,77139.96800000004,19,False,False
187,59,-679.0303344663746,-961.5829422095288,1.0,CLIENT,7,2,100000,11,29,0,2738,3713,847,234,281,517,30230.528000000013,29,False,False
187,60,-2055.8526137594877,2599.877817790464,1.0,CLIENT,7,2,100000,16,242,0,1738,2192,571,197,245,277,252268.54400000014,17,False,False
187,61,2001.357933735055,-1748.837982209624,1.0,CLIENT,7,2,100000,14,89,0,2457,2751,821,540,265,472,92776.44800000005,23,False,False
187,62,-1245.5192481148467,41.632897790300376,1.0,CLIENT,7,2,100000,9,21,0,4991,5974,862,648,285,545,21891.072000000007,34,False,False
187,63,-198.1522855809297,778.1260177904189,1.0,CLIENT,7,2,100000,14,91,0,4469,6382,742,558,296,386,94861.31200000005,47,False,False
187,64,2556.7594088391634,-2069.9961822095283,1.0,CLIENT,7,2,100000,10,62,0,1800,2363,744,146,248,440,64630.784000000036,19,False,False
187,65,145.55830930729715,1532.5416577903732,1.0,CLIENT,7,2,100000,16,42,0,3692,4840,920,374,280,562,43782.14400000002,29,False,False
187,66,229.98123422698887,1346.30329779074,1.0,CLIENT,7,2,100000,16,53,0,3757,4832,898,366,275,538,55248.89600000003,29,False,False
187,67,324.06606987836665,-157.7412222093892,1.0,CLIENT,7,2,100000,12,102,0,3739,4847,767,477,305,394,106328.06400000006,37,False,False
187,68,-555.3261987024426,-624.1720222095282,1.0,CLIENT,7,2,100000,10,57,0,3930,5033,875,481,298,502,59418.62400000003,32,False,False
187,69,-603.0021844450649,-490.0314222096628,1.0,CLIENT,7,2,100000,11,66,0,4365,5475,792,660,299,426,68800.51200000003,33,False,False
187,70,-1613.4638158225382,1999.195097790741,1.0,CLIENT,7,2,100000,11,66,0,3389,4298,750,720,267,428,68800.51200000003,28,False,False
187,71,-505.9079011883945,597.4536577901796,1.0,CLIENT,7,2,100000,8,34,0,5267,7116,759,500,290,419,35442.68800000002,48,False,False
187,72,559.436550986185,1331.2750977907158,1.0,CLIENT,7,2,100000,10,35,0,2992,3949,860,203,273,515,36485.12000000002,28,False,False
187,73,2096.947493189079,-2112.9657022094043,1.0,CLIENT,7,2,100000,16,42,0,2348,2632,931,453,266,624,43782.14400000002,19,False,False
187,74,139.7770020660541,-834.1215422094106,1.0,CLIENT,7,2,100000,13,227,0,2802,4094,649,359,276,327,236632.06400000013,31,False,False
187,75,-1406.0455996278488,2758.0643200003115,1.0,CLIENT,7,2,100000,15,123,0,2306,2849,801,99,263,459,128219.13600000007,17,False,False
187,76,1812.7962022920597,-2984.8899519996658,1.0,CLIENT,3,0.0,100000,17,112,0,1202,1680,697,41,242,316,116752.38400000006,16,False,False

188,0,-1526.4274232462703,-237.22370220962318,1.0,CLIENT,7,2,100000,13,57,0,3236,3973,893,395,285,563,59418.62400000003,26,False,False
188,1,2422.918186405986,-2606.447262209271,1.0,CLIENT,7,2,100000,15,49,0,2371,2804,818,281,268,489,51079.16800000003,18,False,False
188,2,2099.956940794372,-2103.9487822100223,1.0,CLIENT,7,2,100000,10,22,0,3293,3718,906,678,314,585,22933.504000000008,22,False,False
188,3,-708.095262651401,-1077.8010222095586,1.0,CLIENT,7,2,100000,12,68,0,3576,4316,912,327,310,541,70885.37600000003,27,False,False
188,4,2482.711158558059,-3248.318382209412,1.0,CLIENT,7,2,100000,17,101,0,1414,1842,702,15,250,374,105285.63200000006,14,False,False
188,5,-1668.109048650302,-55.3268222093115,1.0,CLIENT,7,2,100000,9,109,0,3094,3817,798,382,272,452,113625.08800000006,26,False,False
188,6,1333.7357413600955,194.02997779074013,1.0,CLIENT,7,2,100000,13,39,0,2465,3792,862,260,303,525,40654.84800000002,25,False,False
188,7,309.65239976996185,-1745.498382209355,1.0,CLIENT,7,2,100000,20,284,0,2944,3665,583,405,258,290,296050.6879999992,27,False,False
188,8,-314.4119983221609,-1295.7655822097704,1.0,CLIENT,7,2,100000,10,196,0,3321,3878,725,361,282,371,204316.6720000001,26,False,False
188,9,-420.85140835176935,1218.1739777907262,1.0,CLIENT,7,2,100000,14,29,0,4716,5368,799,906,297,488,30230.528000000013,33,False,False
188,10,325.0164217534853,-684.841422209802,1.0,CLIENT,7,2,100000,12,37,0,3996,5541,797,643,301,462,38569.98400000002,41,False,False
188,11,2209.1682104604934,-3230.395862209576,1.0,CLIENT,7,2,100000,14,53,0,1555,2008,770,25,254,468,55248.89600000003,15,False,False
188,12,1700.7299571921058,-1218.0642222097854,1.0,CLIENT,7,2,100000,15,43,0,3801,5087,863,515,303,533,44824.57600000002,30,False,False
188,13,245.9788241268829,-1160.7344222097804,1.0,CLIENT,7,2,100000,17,31,0,3555,4625,972,290,299,636,32315.392000000014,30,False,False
188,14,-1358.294337313226,-878.9835022092547,1.0,CLIENT,7,2,100000,14,73,0,2336,3274,773,217,275,436,76097.53600000004,27,False,False
188,15,180.72132869231464,-821.4310622098119,1.0,CLIENT,7,2,100000,8,11,0,3792,5108,907,503,300,597,11466.752000000002,38,False,False
188,16,1032.949372837772,-2281.7268222096595,1.0,CLIENT,7,2,100000,17,250,0,2113,3796,521,297,254,233,260608.00000000015,30,False,False
188,17,2291.928019598165,-1720.5627022098245,1.0,CLIENT,7,2,100000,13,134,0,3001,3635,769,274,292,422,139685.88800000006,23,False,False
188,18,347.11210285337035,-981.3979022093324,1.0,CLIENT,7,2,100000,15,36,0,3822,4932,925,433,302,588,37527.55200000002,35,False,False
188,19,2275.376057770743,-1792.030142209729,1.0,CLIENT,7,2,100000,14,42,0,3023,3686,853,302,302,516,43782.14400000002,23,False,False
188,20,-776.362205691262,551.1445377900344,1.0,CLIENT,7,2,100000,9,46,0,4743,5993,835,565,317,470,47951.872000000025,43,False,False
188,21,2158.8787570607324,-2134.6731022099666,1.0,CLIENT,7,2,100000,15,21,0,3237,3629,896,684,309,574,21891.072000000007,22,False,False
188,22,-1351.7210701762383,439.15661779039823,1.0,CLIENT,7,2,100000,10,16,0,3972,5295,897,376,296,579,16678.912000000004,32,False,False
188,23,-157.04956697585789,2296.085537790219,1.0,CLIENT,7,2,100000,14,191,0,2160,3062,723,202,270,398,199104.5120000001,24,False,False
188,24,417.51733761281105,1206.262737790742,1.0,CLIENT,7,2,100000,10,38,0,3107,4267,852,378,295,516,39612.41600000002,26,False,False
188,25,10.766734998438535,221.30337779069635,1.0,CLIENT,7,2,100000,11,201,0,4970,6630,609,638,282,296,209528.8320000001,46,False,False
188,26,77.92493418380681,-1136.8006222093024,1.0,CLIENT,7,2,100000,12,49,0,3364,4597,956,232,297,618,51079.16800000003,30,False,False
188,27,-551.9999671389646,912.4892577905132,1.0,CLIENT,7,2,100000,11,74,0,4727,5589,774,652,309,412,77139.96800000004,37,False,False
188,28,2192.2994646743236,-1776.1113822095804,1.0,CLIENT,7,2,100000,17,42,0,3131,3751,875,356,300,549,43782.14400000002,24,False,False
188,29,-1456.8933443725427,2166.843017790643,1.0,CLIENT,7,2,100000,12,50,0,2079,2797,900,155,256,546,52121.60000000003,22,False,False
188,30,1625.3353750877295,-1044.293702209522,1.0,CLIENT,7,2,100000,10,43,0,4027,5424,819,636,313,500,44824.57600000002,30,False,False
188,31,-1279.8903076041195,-522.9821422095227,1.0,CLIENT,7,2,100000,15,44,0,3213,4465,905,404,287,583,45867.00800000002,28,False,False
188,32,37.53497948507398,1186.2251377907096,1.0,CLIENT,7,2,100000,11,166,0,4170,4594,694,663,284,353,173043.7120000001,31,False,False
188,33,-1856.5955039118053,-143.7149022099993,1.0,CLIENT,7,2,100000,11,86,0,2559,3194,846,254,267,492,89649.15200000005,20,False,False
188,34,1357.7321262107807,-1005.1090622095817,1.0,CLIENT,7,2,100000,11,43,0,4576,5950,736,887,310,407,44824.57600000002,32,False,False
188,35,-901.8878492165882,654.2268577900077,1.0,CLIENT,7,2,100000,9,36,0,4648,5747,821,556,309,483,37527.55200000002,40,False,False
188,36,1853.9741970791863,-205.83146220978335,1.0,CLIENT,7,2,100000,8,162,0,2381,2924,816,136,305,439,168873.98400000008,24,False,False
188,37,-1090.374304477529,1635.1786977906797,1.0,CLIENT,7,2,100000,13,38,0,4041,4875,688,1011,271,402,39612.41600000002,30,False,False
188,38,-540.041372708325,1022.9186977901293,1.0,CLIENT,7,2,100000,13,25,0,4793,5535,835,732,310,492,26060.80000000001,35,False,False
188,39,1025.8217337732567,-863.6213422092826,1.0,CLIENT,7,2,100000,16,58,0,4346,5529,718,825,304,380,60461.05600000003,33,False,False
188,40,167.65399040718225,857.1632177901952,1.0,CLIENT,7,2,100000,13,22,0,3558,4950,982,250,305,611,22933.504000000008,33,False,False
188,41,2432.1049212001126,-1618.0369822100279,1.0,CLIENT,7,2,100000,13,57,0,2799,3445,817,172,287,481,59418.62400000003,24,False,False
188,42,-764.3244152712166,1916.9296177904148,1.0,CLIENT,7,2,100000,17,76,0,3430,4512,767,728,272,449,79224.83200000004,29,False,False
188,43,-247.4913871055723,-602.7985822097046,1.0,CLIENT,7,2,100000,15,118,0,4383,5711,756,667,298,402,123006.97600000007,39,False,False
188,44,1603.0813020084702,284.087857790376,1.0,CLIENT,7,2,100000,17,279,0,1691,2697,583,110,281,271,290838.52799999935,21,False,False
188,45,1646.7182922812756,107.7569777902491,1.0,CLIENT,7,2,100000,18,56,0,2138,2973,815,198,288,513,58376.19200000003,23,False,False
188,46,-2138.6916188871273,1879.6374177904422,1.0,CLIENT,7,2,100000,12,126,0,1121,1817,555,22,243,284,131346.43200000006,19,False,False
188,47,-1068.991387283983,2756.059777790049,1.0,CLIENT,7,2,100000,15,63,0,1828,2212,821,178,251,503,65673.21600000003,15,False,False
188,48,-1481.048121202039,1801.6020977905096,1.0,CLIENT,7,2,100000,11,48,0,2747,3776,882,369,265,565,50036.736000000026,26,False,False
188,49,-1397.9715281056197,661.2400177904937,1.0,CLIENT,7,2,100000,17,214,0,4110,5180,606,421,269,289,223080.44800000012,33,False,False
188,50,1692.572770263066,-2682.924102209974,1.0,CLIENT,7,2,100000,12,97,0,2632,3004,770,533,291,435,101115.90400000005,20,False,False
188,51,2170.837351491372,-1128.896902209483,1.0,CLIENT,7,2,100000,12,230,0,3237,3902,696,238,277,342,239759.36000000013,25,False,False
188,52,-920.6572987529954,-791.2633422092534,1.0,CLIENT,7,2,100000,8,27,0,3642,5017,898,370,305,547,28145.66400000001,29,False,False
188,53,-1552.0077278890074,1926.5031377899732,1.0,CLIENT,7,2,100000,11,52,0,2260,3227,893,232,264,555,54206.46400000003,24,False,False
188,54,-896.5817179129044,1614.8071377906995,1.0,CLIENT,7,2,100000,10,40,0,4279,5138,686,1060,275,395,41697.28000000002,31,False,False
188,55,-1120.706368496422,78.70245779004392,1.0,CLIENT,7,2,100000,10,58,0,4290,5286,881,620,305,527,60461.05600000003,40,False,False
188,56,-2476.3041225759257,5.34257779017139,1.0,CLIENT,7,2,100000,11,242,0,900,1550,415,6,233,179,252268.54400000014,14,False,False
188,57,667.7766647665935,676.6021777904657,1.0,CLIENT,7,2,100000,11,214,0,2855,4403,617,465,286,288,223080.44800000012,35,False,False
188,58,-1244.8856801984762,-803.7311822094142,1.0,CLIENT,7,2,100000,11,186,0,2552,3870,687,241,273,354,193892.3520000001,28,False,False
188,59,1633.5717580067376,-556.0441822098926,1.0,CLIENT,7,2,100000,11,55,0,3096,4442,868,413,316,500,57333.76000000003,31,False,False
188,60,185.235500099691,-817.6461822098761,1.0,CLIENT,7,2,100000,13,25,0,3795,5161,888,503,300,573,26060.80000000001,38,False,False
188,61,2018.7018554587842,-2165.50874220963,1.0,CLIENT,7,2,100000,14,64,0,3323,3738,857,704,306,520,66715.64800000003,22,False,False
188,62,-754.7417005289362,1599.7789377906752,1.0,CLIENT,7,2,100000,9,23,0,4342,5271,709,966,276,421,23975.93600000001,31,False,False
188,63,-2022.1943181771164,2159.829857790157,1.0,CLIENT,7,2,100000,17,209,0,1261,1736,606,22,241,300,217868.28800000012,17,False,False
188,64,483.329204974907,-866.8496222098327,1.0,CLIENT,7,2,100000,9,84,0,4030,5206,758,630,298,419,87564.28800000004,36,False,False
188,65,-609.5754515820526,654.4494977902366,1.0,CLIENT,7,2,100000,14,29,0,4701,5943,840,573,319,495,30230.528000000013,39,False,False
188,66,-758.0679320924143,-207.38994220980345,1.0,CLIENT,7,2,100000,12,40,0,5137,6256,756,969,298,444,41697.28000000002,39,False,False
188,67,538.6872017095723,1010.0055777903017,1.0,CLIENT,7,2,100000,12,52,0,2971,4150,813,402,293,468,54206.46400000003,31,False,False
188,68,1200.5280868432887,-327.5042222094879,1.0,CLIENT,7,2,100000,10,81,0,3897,4931,802,601,302,448,84436.99200000004,32,False,False
188,69,-912.7376997921725,2734.3523777902774,1.0,CLIENT,7,2,100000,14,192,0,1770,2222,693,161,248,346,200146.9440000001,17,False,False
188,70,1232.8400506023877,-1716.5551822096597,1.0,CLIENT,7,2,100000,10,97,0,4384,5436,680,943,315,341,101115.90400000005,32,False,False
188,71,2466.9511566263823,-2626.484862209303,1.0,CLIENT,7,2,100000,11,128,0,2329,2667,753,249,269,372,133431.29600000006,18,False,False
188,72,206.30163333448905,1986.1706577904035,1.0,CLIENT,7,2,100000,10,225,0,2333,3258,640,115,254,332,234547.20000000013,24,False,False
188,73,-483.33704415095,434.48117779033794,1.0,CLIENT,7,2,100000,16,29,0,4788,6391,830,674,317,483,30230.528000000013,43,False,False
188,74,2463.704121052873,-3401.2720622100283,1.0,CLIENT,7,2,100000,15,163,0,1027,1474,592,2,251,259,169916.41600000008,14,False,False
188,75,-1406.0455996278488,2758.0643200003115,1.0,CLIENT,7,2,100000,14,97,0,1606,2035,793,108,254,422,101115.90400000005,14,False,False
188,76,1812.7962022920597,-2984.8899519996658,1.0,CLIENT,3,0.0,100000,17,133,0,1768,2223,725,190,255,372,138643.45600000006,15,False,False

189,0,-833.7001021661329,-525.6538222098961,1.0,CLIENT,7,2,100000,13,32,0,3623,4521,847,500,312,498,33357.824000000015,30,False,False
189,1,-1113.6579254218752,1265.9302577903816,1.0,CLIENT,7,2,100000,14,32,0,4438,5510,873,650,299,530,33357.824000000015,38,False,False
189,2,566.2474060919524,780.9090177905114,1.0,CLIENT,7,2,100000,11,51,0,2217,2859,964,250,287,616,53164.03200000003,27,False,False
189,3,1239.6509057087176,842.8029377900666,1.0,CLIENT,7,2,100000,12,92,0,1624,2247,822,74,279,472,95903.74400000005,16,False,False
189,4,2466.792764647571,-3200.4507822092464,1.0,CLIENT,7,2,100000,18,112,0,687,977,567,18,252,283,116752.38400000006,9,False,False
189,5,724.0058173864091,172.21125779045877,1.0,CLIENT,7,2,100000,9,23,0,3039,4097,813,691,300,498,23975.93600000001,34,False,False
189,6,-1494.2738514665455,2685.594217789988,1.0,CLIENT,7,2,100000,13,42,0,2511,3183,924,140,267,609,43782.14400000002,22,False,False
189,7,2154.2853896633874,-1869.3975422097662,1.0,CLIENT,7,2,100000,18,70,0,2374,3469,823,288,281,501,72970.24000000003,23,False,False
189,8,561.178862757611,-1123.664862209246,1.0,CLIENT,7,2,100000,9,63,0,3818,5225,702,887,286,387,65673.21600000003,36,False,False
189,9,0.31286437044515014,-1706.2024222096957,1.0,CLIENT,7,2,100000,17,232,0,1946,2979,637,240,270,318,241844.22400000013,25,False,False
189,10,1301.1069936422484,-1440.9268622094953,1.0,CLIENT,7,2,100000,12,33,0,4030,4642,750,844,308,427,34400.256000000016,30,False,False
189,11,-2408.195571514876,260.15405779068885,1.0,CLIENT,7,2,100000,14,93,0,1862,2973,707,173,263,379,96946.17600000005,26,False,False
189,12,-1598.6541657665425,2844.4478577907366,1.0,CLIENT,7,2,100000,15,81,0,2058,2791,759,38,254,450,84436.99200000004,20,False,False
189,13,-1180.5785366384637,-621.3890222094358,1.0,CLIENT,7,2,100000,17,50,0,3073,3968,813,376,302,467,52121.60000000003,29,False,False
189,14,-1515.102396732564,-7.013942209479467,1.0,CLIENT,7,2,100000,14,86,0,4215,5144,753,610,275,410,89649.15200000005,31,False,False
189,15,2000.169993891157,-467.322142209257,1.0,CLIENT,7,2,100000,9,61,0,2702,3338,787,210,282,456,63588.352000000035,22,False,False
189,16,821.4960805912332,-2243.6553822092815,1.0,CLIENT,7,2,100000,15,71,0,2194,3086,792,216,280,452,74012.67200000004,26,False,False
189,17,-1520.0917440774995,1831.4358577903292,1.0,CLIENT,7,2,100000,12,18,0,4371,4939,864,812,291,560,18763.776000000005,30,False,False
189,18,-972.6098679342141,2500.8030177906558,1.0,CLIENT,7,2,100000,15,81,0,2657,3469,912,92,260,552,84436.99200000004,24,False,False
189,19,-1472.0197783872866,2024.1307777902716,1.0,CLIENT,7,2,100000,13,36,0,4193,4599,792,853,272,497,37527.55200000002,26,False,False
189,20,-1008.0896712774171,-377.5982222095689,1.0,CLIENT,7,2,100000,10,21,0,3652,4480,849,497,316,491,21891.072000000007,31,False,False
189,21,133.91649883540543,1200.1401377903808,1.0,CLIENT,7,2,100000,18,230,0,2633,3722,598,504,264,276,239759.36000000013,27,False,False
189,22,-828.4731668518549,-413.8885422096979,1.0,CLIENT,7,2,100000,9,44,0,3768,4551,807,540,315,427,45867.00800000002,33,False,False
189,23,1290.177947076696,-737.0505022092889,1.0,CLIENT,7,2,100000,14,45,0,3731,4778,804,457,295,463,46909.440000000024,31,False,False
189,24,1535.2895349061685,-779.3521022092693,1.0,CLIENT,7,2,100000,10,17,0,3495,4300,884,408,299,547,17721.344000000005,32,False,False
189,25,-1834.6582147912945,2032.034497790091,1.0,CLIENT,7,2,100000,12,108,0,3700,4161,794,467,278,446,112582.65600000006,26,False,False
189,26,-1530.0704387679336,-21.596862209837013,1.0,CLIENT,7,2,100000,12,54,0,4187,5084,787,587,277,444,56291.32800000003,30,False,False
189,27,548.5075044206322,-1355.7670622093576,1.0,CLIENT,7,2,100000,11,69,0,3532,4576,793,651,287,466,71927.80800000003,34,False,False
189,28,920.1742836393929,1146.5952177903116,1.0,CLIENT,7,2,100000,17,266,0,1534,1729,685,88,270,361,277286.9119999997,17,False,False
189,29,2237.2827867704013,-1680.2648622095307,1.0,CLIENT,7,2,100000,12,165,0,2485,3436,694,272,280,370,172001.2800000001,23,False,False
189,30,869.4888502920406,-2098.8280622095044,1.0,CLIENT,7,2,100000,11,224,0,2431,3561,650,254,276,330,233504.76800000013,26,False,False
189,31,1376.976751684747,-588.7722622095237,1.0,CLIENT,7,2,100000,15,54,0,3546,4436,800,375,289,469,56291.32800000003,32,False,False
189,32,1747.6139830389834,-521.7576222094505,1.0,CLIENT,7,2,100000,14,213,0,2994,3714,638,266,273,321,222038.01600000012,27,False,False
189,33,-1043.886258579368,-809.4085022093179,1.0,CLIENT,7,2,100000,11,61,0,2991,3938,704,437,303,359,63588.352000000035,24,False,False
189,34,1985.5979318039406,-1171.8664222093591,1.0,CLIENT,7,2,100000,12,94,0,2906,3608,850,204,299,486,97988.60800000005,25,False,False
189,35,2033.3531135359685,-2807.2685422092613,1.0,CLIENT,7,2,100000,9,39,0,1533,2112,878,175,269,554,40654.84800000002,14,False,False
189,36,-2178.289613690116,1700.412217790504,1.0,CLIENT,7,2,100000,9,26,0,2955,3736,838,69,264,498,27103.23200000001,30,False,False
189,37,-1895.718322777234,-388.95286220937635,1.0,CLIENT,7,2,100000,16,196,0,2722,3371,698,192,252,347,204316.6720000001,23,False,False
189,38,888.0207118596682,242.34285779057217,1.0,CLIENT,7,2,100000,13,46,0,3001,3729,798,657,292,492,47951.872000000025,30,False,False
189,39,-1016.7220341445787,508.1750177901583,1.0,CLIENT,7,2,100000,16,88,0,4957,6207,711,679,298,360,91734.01600000005,39,False,False
189,40,-463.4588507600502,2194.561697790266,1.0,CLIENT,7,2,100000,14,244,0,2429,3522,536,354,248,264,254353.40800000014,28,False,False
189,41,-2284.729023719724,1588.8695777905345,1.0,CLIENT,7,2,100000,16,250,0,2573,3406,585,31,243,310,260608.00000000015,29,False,False
189,42,-692.2560647303183,1109.1916977906203,1.0,CLIENT,7,2,100000,17,141,0,3994,5281,674,594,288,336,146982.91200000007,39,False,False
189,43,-955.6619261586387,887.8875377901395,1.0,CLIENT,7,2,100000,16,37,0,4484,6055,795,516,293,466,38569.98400000002,41,False,False
189,44,1267.68628602922,-2314.6775422095193,1.0,CLIENT,7,2,100000,14,105,0,2261,3434,742,373,305,428,109455.36000000006,26,False,False
189,45,1150.6346133916813,156.18117779059105,1.0,CLIENT,7,2,100000,18,204,0,2943,3734,615,537,271,304,212656.1280000001,26,False,False
189,46,128.61036753172175,-981.5092222098423,1.0,CLIENT,7,2,100000,12,44,0,3314,5013,922,370,303,578,45867.00800000002,37,False,False
189,47,-1759.263632686355,1441.259257790665,1.0,CLIENT,7,2,100000,15,43,0,3923,5152,911,304,277,586,44824.57600000002,32,False,False
189,48,25.02201312746927,381.4928577904456,1.0,CLIENT,7,2,100000,11,104,0,3651,4967,692,808,307,353,108412.92800000006,38,False,False
189,49,-218.42645891998313,-927.9643022097732,1.0,CLIENT,7,2,100000,17,244,0,3052,3860,687,316,280,345,254353.40800000014,35,False,False
189,50,1864.3488717177738,-1561.5977422093565,1.0,CLIENT,7,2,100000,12,32,0,3519,3996,810,721,302,496,33357.824000000015,27,False,False
189,51,-1681.572366883588,1631.393817790744,1.0,CLIENT,7,2,100000,11,33,0,4130,5070,930,432,284,604,34400.256000000016,31,False,False
189,52,-1467.4264109899418,2635.6115377904166,1.0,CLIENT,7,2,100000,8,34,0,2696,3359,941,180,270,618,35442.68800000002,22,False,False
189,53,-921.2908666699287,491.81097779034275,1.0,CLIENT,7,2,100000,10,58,0,4892,6113,733,691,308,368,60461.05600000003,40,False,False
189,54,-1739.3854392954556,1089.4880577905358,1.0,CLIENT,7,2,100000,10,112,0,4533,5175,730,591,283,395,116752.38400000006,36,False,False
189,55,1719.1826227703275,-1045.4069022098752,1.0,CLIENT,7,2,100000,10,22,0,3217,4087,947,261,304,623,22933.504000000008,28,False,False
189,56,-1566.4213979968495,1137.578297790139,1.0,CLIENT,7,2,100000,10,36,0,4509,5294,791,584,281,454,37527.55200000002,37,False,False
189,57,220.31932349474013,-1530.4281422097456,1.0,CLIENT,7,2,100000,11,23,0,2454,3775,895,339,294,562,23975.93600000001,29,False,False
189,58,-1431.7090196779593,1410.423617790211,1.0,CLIENT,7,2,100000,10,24,0,4524,5410,857,604,289,547,25018.36800000001,34,False,False
189,59,1586.2125562228632,-1460.4078622093512,1.0,CLIENT,7,2,100000,10,112,0,3812,4289,720,772,301,375,116752.38400000006,29,False,False
189,60,-1188.1813516405387,1745.0515377901193,1.0,CLIENT,7,2,100000,12,54,0,4752,5324,734,944,279,414,56291.32800000003,30,False,False
189,61,1404.0617801295678,-688.8489422099667,1.0,CLIENT,7,2,100000,14,31,0,3533,4434,834,377,291,525,32315.392000000014,32,False,False
189,62,-1336.277852203309,3018.329697790719,1.0,CLIENT,7,2,100000,10,216,0,1687,2178,629,27,258,309,225165.31200000012,18,False,False
189,63,853.33286841221,572.6292977903679,1.0,CLIENT,7,2,100000,14,54,0,2114,3031,975,217,288,636,56291.32800000003,25,False,False
189,64,-870.4470413432025,2241.6500577900256,1.0,CLIENT,7,2,100000,10,37,0,3281,4177,935,325,274,596,38569.98400000002,26,False,False
189,65,-888.5037269732705,-680.4999422096896,1.0,CLIENT,7,2,100000,16,115,0,3313,4283,756,463,310,378,119879.68000000007,26,False,False
189,66,-65.02382705409147,-1715.7759422092543,1.0,CLIENT,7,2,100000,16,63,0,2014,3003,832,225,283,489,65673.21600000003,23,False,False
189,67,-1770.351071231282,-62.673942209745235,1.0,CLIENT,7,2,100000,12,27,0,3756,4559,882,425,278,550,28145.66400000001,30,False,False
189,68,2617.0275569293585,-2241.8742622098234,1.0,CLIENT,7,2,100000,12,215,0,1370,1948,593,187,254,270,224122.88000000012,16,False,False
189,69,2258.5073119845733,-3287.2803822099145,1.0,CLIENT,7,2,100000,15,133,0,654,979,531,11,250,240,138643.45600000006,10,False,False
189,70,-1935.8706895071875,1074.0145777900536,1.0,CLIENT,7,2,100000,11,40,0,4257,5045,853,497,290,517,41697.28000000002,33,False,False
189,71,-63.04392731388579,-245.79534220933823,1.0,CLIENT,7,2,100000,8,143,0,3988,5724,699,563,304,345,149067.77600000007,39,False,False
189,72,1552.3958686611181,-630.9625422097852,1.0,CLIENT,7,2,100000,10,19,0,3431,4159,848,369,286,532,19806.208000000006,31,False,False
189,73,-2459.9105527273155,-109.65098220978604,1.0,CLIENT,7,2,100000,18,233,0,1210,2040,502,12,239,220,242886.65600000013,22,False,False
189,74,-676.4960627986412,718.1245377900407,1.0,CLIENT,7,2,100000,12,38,0,4215,5917,749,597,317,405,39612.41600000002,42,False,False
189,75,-1406.0455996278488,2758.0643200003115,1.0,CLIENT,7,2,100000,14,32,0,2294,2952,921,77,265,609,33357.824000000015,21,False,False
189,76,1812.7962022920597,-2984.8899519996658,1.0,CLIENT,3,0.0,100000,17,173,0,902,1464,561,56,249,243,180340.7360000001,12,False,False

190,0,-1346.1773509037748,2482.5465377900814,1.0,CLIENT,7,2,100000,13,40,0,1764,2333,869,191,264,558,41697.28000000002,19,False,False
190,1,2251.9340448475855,-2492.1216222099997,1.0,CLIENT,7,2,100000,15,37,0,3376,3997,958,252,273,612,38569.98400000002,22,False,False
190,2,2574.499310511046,-2461.8425822097224,1.0,CLIENT,7,2,100000,12,145,0,2884,3545,754,261,270,399,151152.64000000007,21,False,False
190,3,-918.6773990127897,-244.57082220926594,1.0,CLIENT,7,2,100000,13,211,0,2085,3256,620,452,271,295,219953.15200000012,28,False,False
190,4,2122.3694058524425,-443.2770222098509,1.0,CLIENT,7,2,100000,17,233,0,3430,4647,631,401,271,289,242886.65600000013,27,False,False
190,5,-1418.0873094658618,1840.0074977900442,1.0,CLIENT,7,2,100000,9,72,0,2824,3466,751,699,283,442,75055.10400000004,23,False,False
190,6,986.8573068877646,-2307.4417422095958,1.0,CLIENT,7,2,100000,13,94,0,3497,5013,797,351,284,454,97988.60800000005,30,False,False
190,7,1236.799850082799,-1209.937862209737,1.0,CLIENT,7,2,100000,17,41,0,6339,7544,737,1004,308,399,42739.71200000002,41,False,False
190,8,-423.6232679882824,1590.4280577905547,1.0,CLIENT,7,2,100000,10,51,0,3111,3942,802,538,310,458,53164.03200000003,29,False,False
190,9,-98.2069466989033,1459.2930977902197,1.0,CLIENT,7,2,100000,16,187,0,2908,3881,651,428,296,324,194934.7840000001,31,False,False
190,10,-1766.312075761465,78.81377779055384,1.0,CLIENT,7,2,100000,12,101,0,1772,2363,767,400,265,445,105285.63200000006,16,False,False
190,11,1710.0750839656064,-582.4270222097243,1.0,CLIENT,7,2,100000,14,24,0,5012,6438,881,603,290,557,25018.36800000001,37,False,False
190,12,1020.2780145007935,492.8128577901862,1.0,CLIENT,7,2,100000,15,46,0,4656,5784,925,476,307,543,47951.872000000025,33,False,False
190,13,235.52495349945224,-37.18166220924701,1.0,CLIENT,7,2,100000,15,112,0,5135,6416,654,737,297,313,116752.38400000006,36,False,False
190,14,1590.4099436714916,-1582.5259022095133,1.0,CLIENT,7,2,100000,11,29,0,6052,7516,708,1138,285,402,30230.528000000013,37,False,False
190,15,636.7318368413613,-593.7816622095318,1.0,CLIENT,7,2,100000,9,40,0,5294,7110,863,358,323,488,41697.28000000002,39,False,False
190,16,1131.8651638552742,-387.17174220991836,1.0,CLIENT,7,2,100000,15,99,0,6205,7309,626,1013,287,305,103200.76800000005,37,False,False
190,17,-1785.7150932148054,2620.91729779034,1.0,CLIENT,7,2,100000,14,220,0,1191,1606,544,36,247,266,229335.04000000012,17,False,False
190,18,544.0725290026616,906.4779777906617,1.0,CLIENT,7,2,100000,15,101,0,3753,4584,829,332,315,439,105285.63200000006,29,False,False
190,19,65.64955579498177,492.8128577901862,1.0,CLIENT,7,2,100000,13,37,0,4448,5684,778,706,307,428,38569.98400000002,34,False,False
190,20,1528.557875789807,-2403.288262209645,1.0,CLIENT,7,2,100000,9,33,0,4038,4741,934,525,280,587,34400.256000000016,29,False,False
190,21,25.02201312746927,943.6588577901241,1.0,CLIENT,7,2,100000,17,156,0,3575,4653,734,386,297,381,162619.39200000008,31,False,False
190,22,-1097.8187275007924,2686.150817790164,1.0,CLIENT,7,2,100000,10,157,0,1566,1989,700,138,256,344,163661.82400000008,16,False,False
190,23,-551.2080072426573,2430.2261377900845,1.0,CLIENT,7,2,100000,14,39,0,2079,2418,861,231,269,546,40654.84800000002,20,False,False
190,24,27.477088805234278,277.96525779001456,1.0,CLIENT,7,2,100000,9,41,0,4466,6152,727,717,316,380,42739.71200000002,35,False,False
190,25,566.1682101025467,-1011.7882622093288,1.0,CLIENT,7,2,100000,12,33,0,4549,6376,826,495,309,465,34400.256000000016,39,False,False
190,26,-736.8434068782421,-962.6961422098822,1.0,CLIENT,7,2,100000,12,270,0,1469,2787,553,113,268,263,281456.6399999996,18,False,False
190,27,525.0654914974749,-2192.8934622093047,1.0,CLIENT,7,2,100000,13,249,0,2656,3691,534,124,241,271,259565.56800000014,29,False,False
190,28,522.5312198297415,-1080.5840222096508,1.0,CLIENT,7,2,100000,17,45,0,4301,6061,796,539,297,437,46909.440000000024,39,False,False
190,29,1925.6465676724933,-427.46958220942105,1.0,CLIENT,7,2,100000,12,37,0,4043,5484,858,452,290,519,38569.98400000002,30,False,False
190,30,-2488.0251290372235,1020.2470177905468,1.0,CLIENT,7,2,100000,11,46,0,1360,1875,833,39,266,504,47951.872000000025,16,False,False
190,31,487.9225723722517,-1294.541062209698,1.0,CLIENT,7,2,100000,15,180,0,4056,5751,622,525,275,286,187637.7600000001,38,False,False
190,32,1330.4887057860233,-2347.0716622099935,1.0,CLIENT,7,2,100000,12,32,0,4090,5010,844,597,285,513,33357.824000000015,30,False,False
190,33,2529.5159884149684,-1253.6866222100186,1.0,CLIENT,7,2,100000,11,272,0,3319,4166,640,239,266,350,283541.50399999955,28,False,False
190,34,392.09542494944793,1044.4034577904629,1.0,CLIENT,7,2,100000,12,21,0,3531,4247,886,245,313,511,21891.072000000007,29,False,False
190,35,-1103.6000347420354,1131.6783377900063,1.0,CLIENT,7,2,100000,9,163,0,2854,4213,643,534,293,295,169916.41600000008,32,False,False
190,36,1302.928501403643,-61.783382209620754,1.0,CLIENT,7,2,100000,7,14,0,5604,7022,865,797,303,518,14594.048000000004,34,False,False
190,37,-334.8445636405884,1454.3950177907213,1.0,CLIENT,7,2,100000,14,40,0,3184,3957,800,488,307,454,41697.28000000002,32,False,False
190,38,1806.7733872741233,-605.3589422095681,1.0,CLIENT,7,2,100000,13,30,0,4611,6098,841,581,288,527,31272.960000000014,35,False,False
190,39,1367.156448973687,-2424.7730222099785,1.0,CLIENT,7,2,100000,17,54,0,3883,4760,836,553,272,512,56291.32800000003,29,False,False
190,40,-1220.0973354514836,571.2934577905767,1.0,CLIENT,7,2,100000,13,84,0,2283,3914,712,501,294,396,87564.28800000004,29,False,False
190,41,1461.4788725938442,-960.6923822094043,1.0,CLIENT,7,2,100000,12,54,0,5724,7452,791,810,297,444,56291.32800000003,41,False,False
190,42,1131.5483798970888,459.0828977907117,1.0,CLIENT,7,2,100000,17,29,0,4748,5855,976,455,315,580,30230.528000000013,32,False,False
190,43,-2452.7829136628,1207.5985777905335,1.0,CLIENT,7,2,100000,17,193,0,1294,1877,656,56,256,307,201189.3760000001,17,False,False
190,44,1916.3806368883986,-1288.1958222098988,1.0,CLIENT,7,2,100000,14,46,0,4841,6728,924,473,288,568,47951.872000000025,38,False,False
190,45,1916.1430489196186,-1790.137702209761,1.0,CLIENT,7,2,100000,17,49,0,4832,6029,790,737,290,475,51079.16800000003,35,False,False
190,46,496.7925232081931,-164.75438220987513,1.0,CLIENT,7,2,100000,12,20,0,5701,7149,801,731,325,448,20848.640000000007,37,False,False
190,47,2307.0544536129087,-2589.7492622095074,1.0,CLIENT,7,2,100000,15,59,0,3023,3705,935,120,270,579,61503.488000000034,22,False,False
190,48,278.92435580291504,-1138.1364622098845,1.0,CLIENT,7,2,100000,11,38,0,3827,4980,788,597,302,448,39612.41600000002,35,False,False
190,49,1707.69920427781,333.06865779010366,1.0,CLIENT,7,2,100000,20,271,0,3149,4451,598,312,258,290,282499.0719999996,29,False,False
190,50,1186.5103966830377,602.3517377904687,1.0,CLIENT,7,2,100000,12,26,0,4105,5386,939,323,310,587,27103.23200000001,31,False,False
190,51,1963.0270747659335,-3075.215782209835,1.0,CLIENT,7,2,100000,14,236,0,2449,3016,672,53,259,349,246013.95200000014,19,False,False
190,52,1196.2515034046921,948.4456177906943,1.0,CLIENT,7,2,100000,8,245,0,2814,4076,609,177,278,277,255395.84000000014,25,False,False
190,53,-1561.27365867254,838.6840977901829,1.0,CLIENT,7,2,100000,11,47,0,2201,3159,888,424,284,568,48994.304000000026,27,False,False
190,54,675.0626958104829,-706.9941022100312,1.0,CLIENT,7,2,100000,10,38,0,5129,7041,866,308,319,476,39612.41600000002,41,False,False
190,55,-281.3872706567231,2496.0162577900855,1.0,CLIENT,7,2,100000,13,237,0,1686,2112,572,144,251,292,247056.38400000014,17,False,False
190,56,-2499.7461354990833,375.37025779008417,1.0,CLIENT,7,2,100000,11,242,0,1392,1626,605,256,255,300,252268.54400000014,12,False,False
190,57,1812.95067446352,-1098.0612622098197,1.0,CLIENT,7,2,100000,10,46,0,4806,6716,936,428,297,567,47951.872000000025,40,False,False
190,58,-1949.6507916986588,1393.7256177904476,1.0,CLIENT,7,2,100000,11,146,0,2235,2725,742,471,283,400,152195.07200000007,22,False,False
190,59,-416.337236944393,-369.3605422098017,1.0,CLIENT,7,2,100000,10,105,0,3342,4416,821,297,289,442,109455.36000000006,31,False,False
190,60,2338.1784775275464,-1757.9662222095158,1.0,CLIENT,7,2,100000,13,97,0,3967,5199,869,309,300,503,101115.90400000005,29,False,False
190,61,1770.897603982767,-2695.503262209854,1.0,CLIENT,7,2,100000,15,42,0,3402,3904,982,221,275,641,43782.14400000002,23,False,False
190,62,-2044.210803287596,-480.4579022093134,1.0,CLIENT,7,2,100000,10,246,0,862,1357,487,149,252,215,256438.27200000014,13,False,False
190,63,-1748.7305660689563,641.8703377903569,1.0,CLIENT,7,2,100000,14,44,0,2053,2493,879,540,276,541,45867.00800000002,24,False,False
190,64,223.5663590688125,769.443057790194,1.0,CLIENT,7,2,100000,10,26,0,3927,5027,842,420,306,494,27103.23200000001,33,False,False
190,65,1483.0201817667646,-2440.9144222095656,1.0,CLIENT,7,2,100000,14,59,0,3903,4674,891,503,276,536,61503.488000000034,28,False,False
190,66,-1487.2254083914358,2286.9572977903276,1.0,CLIENT,7,2,100000,16,42,0,2011,2693,862,296,268,547,43782.14400000002,20,False,False
190,67,-888.5037269732705,2039.158977790296,1.0,CLIENT,7,2,100000,12,78,0,2617,3193,802,650,279,458,81309.69600000004,25,False,False
190,68,237.26726527031553,-547.3612222096676,1.0,CLIENT,7,2,100000,10,88,0,4376,5858,847,494,303,475,91734.01600000005,37,False,False
190,69,1001.1125850162326,-2063.094342209552,1.0,CLIENT,7,2,100000,11,48,0,4283,5619,871,346,279,539,50036.736000000026,34,False,False
190,70,1672.773772861572,-276.18570220933464,1.0,CLIENT,7,2,100000,11,40,0,4761,6115,948,393,314,579,41697.28000000002,35,False,False
190,71,2340.4751612265,-2445.033262209449,1.0,CLIENT,7,2,100000,9,31,0,3339,3955,954,284,283,596,32315.392000000014,22,False,False
190,72,-1952.6602393033888,1149.378217790404,1.0,CLIENT,7,2,100000,10,32,0,2095,2575,915,299,280,592,33357.824000000015,23,False,False
190,73,2017.1179356667321,-2113.077022209914,1.0,CLIENT,7,2,100000,16,48,0,4373,4940,890,648,283,557,50036.736000000026,30,False,False
190,74,-1174.718033407815,2042.8325377905128,1.0,CLIENT,7,2,100000,11,36,0,2694,3159,787,717,280,483,37527.55200000002,23,False,False
190,75,-1406.0455996278488,2758.0643200003115,1.0,CLIENT,7,2,100000,14,37,0,1518,1790,833,76,253,501,38569.98400000002,16,False,False
190,76,1812.7962022920597,-2984.8899519996658,1.0,CLIENT,3,0.0,100000,15,70,0,2531,3022,813,73,261,491,72970.24000000003,18,False,False

191,0,190.46243541340633,-1519.073502209938,1.0,CLIENT,7,2,100000,14,238,0,1481,2753,513,180,258,231,248098.81600000014,25,False,False
191,1,2764.9656655121926,-1907.9142622098109,1.0,CLIENT,7,2,100000,17,238,0,1888,2580,578,131,251,285,248098.81600000014,21,False,False
191,2,-2113.507294192544,167.98109779006523,1.0,CLIENT,7,2,100000,11,174,0,2731,3517,746,252,301,398,181383.1680000001,27,False,False
191,3,1181.204265379917,-350.43614220933165,1.0,CLIENT,7,2,100000,12,43,0,2910,4530,904,234,297,561,44824.57600000002,34,False,False
191,4,1851.4399254120153,-258.70846220995674,1.0,CLIENT,7,2,100000,16,65,0,2551,3291,854,272,293,513,67758.08000000003,25,False,False
191,5,1285.3469917111343,-239.7840622094867,1.0,CLIENT,7,2,100000,9,39,0,2806,4077,895,263,305,533,40654.84800000002,33,False,False
191,6,-1064.3188238972325,1534.4340977903412,1.0,CLIENT,7,2,100000,12,46,0,4520,5755,751,797,297,423,47951.872000000025,36,False,False
191,7,-149.4467519737832,812.8578577905279,1.0,CLIENT,7,2,100000,17,32,0,5745,7117,865,658,308,522,33357.824000000015,41,False,False
191,8,545.7356447841192,-47.20046220926321,1.0,CLIENT,7,2,100000,9,92,0,4487,6314,721,683,306,368,95903.74400000005,38,False,False
191,9,-1209.5642688340847,1422.7801377906528,1.0,CLIENT,7,2,100000,14,36,0,4181,6072,773,587,297,452,37527.55200000002,38,False,False
191,10,116.96855705983003,1239.213457790602,1.0,CLIENT,7,2,100000,12,40,0,4959,5822,812,649,305,472,41697.28000000002,34,False,False
191,11,-1756.0957931022513,-125.23578220998701,1.0,CLIENT,7,2,100000,14,71,0,3372,4378,852,463,306,483,74012.67200000004,32,False,False
191,12,1512.7978738581298,-2299.983302209443,1.0,CLIENT,7,2,100000,15,44,0,2288,3006,847,327,267,531,45867.00800000002,21,False,False
191,13,-311.16496274808856,-499.60494221001227,1.0,CLIENT,7,2,100000,15,70,0,3974,5252,796,566,300,461,72970.24000000003,36,False,False
191,14,-1769.0047394080098,-41.07786220969274,1.0,CLIENT,7,2,100000,14,23,0,3388,4583,900,454,314,535,23975.93600000001,34,False,False
191,15,1741.1199118914014,-2311.4492622097605,1.0,CLIENT,7,2,100000,9,35,0,2693,3162,886,499,276,551,36485.12000000002,21,False,False
191,16,-1239.2627649360443,-110.98682220957727,1.0,CLIENT,7,2,100000,15,43,0,5039,6543,844,683,298,505,44824.57600000002,36,False,False
191,17,745.626322548735,695.8605377900926,1.0,CLIENT,7,2,100000,13,53,0,4226,5275,880,422,305,506,55248.89600000003,33,False,False
191,18,-1126.4876757376653,736.3810177906151,1.0,CLIENT,7,2,100000,15,58,0,6194,7980,700,746,302,365,60461.05600000003,44,False,False
191,19,146.1918772242305,1880.6392977902856,1.0,CLIENT,7,2,100000,15,225,0,2931,4255,676,272,279,341,234547.20000000013,25,False,False
191,20,-1820.2445446828895,-88.61150220991021,1.0,CLIENT,7,2,100000,10,30,0,3242,4223,904,406,314,546,31272.960000000014,33,False,False
191,21,-986.0731861669375,-891.7853022093632,1.0,CLIENT,7,2,100000,17,216,0,2929,3974,675,307,268,354,225165.31200000012,27,False,False
191,22,1104.9385273892647,-2286.8475422093866,1.0,CLIENT,7,2,100000,10,167,0,1867,2375,603,311,250,300,174086.1440000001,21,False,False
191,23,2454.7549742275255,-971.0451422093684,1.0,CLIENT,7,2,100000,14,176,0,2722,3239,734,360,275,389,183468.0320000001,23,False,False
191,24,-431.4636709591367,-503.3898222099481,1.0,CLIENT,7,2,100000,9,27,0,4190,5476,850,618,300,518,28145.66400000001,37,False,False
191,25,1779.3715748705545,-244.1255422095992,1.0,CLIENT,7,2,100000,12,184,0,2505,3341,776,229,298,431,191807.4880000001,24,False,False
191,26,2094.2548295425345,-3033.916062209698,1.0,CLIENT,7,2,100000,12,149,0,1212,1871,554,72,248,279,155322.36800000007,14,False,False
191,27,-825.3845232571564,1335.950537789985,1.0,CLIENT,7,2,100000,11,56,0,4956,6025,764,702,285,406,58376.19200000003,42,False,False
191,28,-1438.9158547318802,788.367457790664,1.0,CLIENT,7,2,100000,17,92,0,5233,6914,667,752,290,343,95903.74400000005,40,False,False
191,29,27.79387276398231,130.0209777901972,1.0,CLIENT,7,2,100000,12,30,0,5498,7179,772,629,307,429,31272.960000000014,43,False,False
191,30,-1602.7723572257653,2930.0529377905414,1.0,CLIENT,7,2,100000,11,207,0,787,1198,539,22,262,231,215783.42400000012,10,False,False
191,31,-428.9293992919661,892.1176977905329,1.0,CLIENT,7,2,100000,15,38,0,5539,7257,856,407,301,500,39612.41600000002,43,False,False
191,32,1540.5956662098522,-1785.4622622097008,1.0,CLIENT,7,2,100000,12,49,0,3035,4063,862,479,309,511,51079.16800000003,26,False,False
191,33,1398.4388648676986,-2057.417022209648,1.0,CLIENT,7,2,100000,11,25,0,2452,3448,819,392,283,521,26060.80000000001,26,False,False
191,34,30.486536410526984,1249.454897790056,1.0,CLIENT,7,2,100000,11,34,0,5186,5936,807,717,304,454,35442.68800000002,34,False,False
191,35,-1586.0620034189694,-576.081782209925,1.0,CLIENT,7,2,100000,9,241,0,2776,3686,648,190,274,320,251226.11200000014,27,False,False
191,36,-639.82831961154,803.2843377901784,1.0,CLIENT,7,2,100000,8,58,0,5811,7715,796,389,280,424,60461.05600000003,44,False,False
191,37,-683.0693299361916,-389.7321022097819,1.0,CLIENT,7,2,100000,14,39,0,4816,6179,818,688,300,469,40654.84800000002,37,False,False
191,38,1201.2408507496277,151.39441779002084,1.0,CLIENT,7,2,100000,14,238,0,2987,4103,686,382,282,339,248098.81600000014,31,False,False
191,39,1921.7659641814878,-1446.0475822100134,1.0,CLIENT,7,2,100000,16,68,0,3656,4166,836,719,292,512,70885.37600000003,26,False,False
191,40,-1748.3345861208027,1392.7237377906042,1.0,CLIENT,7,2,100000,12,92,0,3660,4853,695,800,274,378,95903.74400000005,33,False,False
191,41,-160.3757985393359,349.0987377899714,1.0,CLIENT,7,2,100000,12,41,0,5946,7449,761,525,293,425,42739.71200000002,42,False,False
191,42,-1960.5006422742433,159.63209779057905,1.0,CLIENT,7,2,100000,18,47,0,3004,4130,854,347,298,515,48994.304000000026,29,False,False
191,43,-2023.5406500003887,2172.6316577902658,1.0,CLIENT,7,2,100000,17,226,0,1850,2445,586,379,246,288,235589.63200000013,17,False,False
191,44,1608.22904133278,-480.5692222098233,1.0,CLIENT,7,2,100000,14,52,0,2854,3616,878,335,294,545,54206.46400000003,31,False,False
191,45,-1373.8167512761233,2023.1288977904283,1.0,CLIENT,7,2,100000,17,72,0,2945,4158,806,643,269,481,75055.10400000004,26,False,False
191,46,2652.428164282593,-1917.3764622096505,1.0,CLIENT,7,2,100000,12,48,0,2262,2941,793,193,269,479,50036.736000000026,22,False,False
191,47,-2440.1115553258214,668.3644977906986,1.0,CLIENT,7,2,100000,15,240,0,2323,3031,665,225,271,327,250183.68000000014,22,False,False
191,48,-1155.1566239751005,2383.8056977902206,1.0,CLIENT,7,2,100000,11,117,0,2222,3033,727,434,265,391,121964.54400000007,24,False,False
191,49,-322.0148133242356,510.5127377905839,1.0,CLIENT,7,2,100000,16,53,0,6314,7530,761,562,288,421,55248.89600000003,45,False,False
191,50,2034.7786413486467,-2637.95082220962,1.0,CLIENT,7,2,100000,12,74,0,2259,2614,806,395,264,488,77139.96800000004,18,False,False
191,51,1504.9574708872753,-1102.6253822093702,1.0,CLIENT,7,2,100000,11,122,0,3632,4494,711,705,298,367,127176.70400000007,27,False,False
191,52,-624.8602775761702,-371.69826220943634,1.0,CLIENT,7,2,100000,8,37,0,4865,6188,800,707,305,465,38569.98400000002,37,False,False
191,53,-330.96396014958265,2387.813217790385,1.0,CLIENT,7,2,100000,11,265,0,2157,3167,575,224,265,292,276244.47999999975,22,False,False
191,54,-2062.9010568345975,905.4760977900273,1.0,CLIENT,7,2,100000,10,32,0,3595,4624,898,520,292,558,33357.824000000015,27,False,False
191,55,1841.6988186903611,-499.7162622097312,1.0,CLIENT,7,2,100000,10,35,0,2841,3387,881,345,297,549,36485.12000000002,25,False,False
191,56,2086.3352305822746,-1015.5731422092646,1.0,CLIENT,7,2,100000,10,28,0,3305,3940,957,395,294,642,29188.096000000012,24,False,False
191,57,1917.2517927741114,-790.150142209691,1.0,CLIENT,7,2,100000,11,42,0,3095,3761,971,307,303,603,43782.14400000002,26,False,False
191,58,1097.8108883247494,997.7603777903698,1.0,CLIENT,7,2,100000,11,80,0,2359,4006,732,238,291,400,83394.56000000004,24,False,False
191,59,-2569.121822393437,1643.416377790447,1.0,CLIENT,7,2,100000,12,242,0,1264,2002,571,138,264,280,252268.54400000014,20,False,False
191,60,37.29739151629432,189.02057779073203,1.0,CLIENT,7,2,100000,13,41,0,5596,7235,769,620,307,431,42739.71200000002,43,False,False
191,61,-230.30585736121722,264.9408177904681,1.0,CLIENT,7,2,100000,14,63,0,5975,7387,765,491,294,410,65673.21600000003,43,False,False
191,62,-49.184629133008734,-1171.1985022094634,1.0,CLIENT,7,2,100000,10,215,0,2151,3346,688,124,274,374,224122.88000000012,25,False,False
191,63,-750.2275291215599,1215.0570177906861,1.0,CLIENT,7,2,100000,14,66,0,5080,6262,786,611,292,427,68800.51200000003,45,False,False
191,64,-311.87772665442753,1190.6779377905411,1.0,CLIENT,7,2,100000,10,20,0,5301,6366,864,603,306,538,20848.640000000007,37,False,False
191,65,2521.8339774229253,-1516.0678622096168,1.0,CLIENT,7,2,100000,16,63,0,2578,3335,871,161,273,550,65673.21600000003,24,False,False
191,66,-155.9408231213652,-501.72002220941806,1.0,CLIENT,7,2,100000,16,65,0,3932,5160,823,472,293,477,67758.08000000003,36,False,False
191,67,54.403725271243744,1322.9260977904387,1.0,CLIENT,7,2,100000,12,78,0,5056,5857,755,723,298,406,81309.69600000004,33,False,False
191,68,-839.9565853449353,970.1530177904658,1.0,CLIENT,7,2,100000,10,18,0,5518,7375,824,411,284,483,18763.776000000005,46,False,False
191,69,956.8420268270567,1077.020217790375,1.0,CLIENT,7,2,100000,12,251,0,2716,4161,569,320,278,258,261650.43200000015,27,False,False
191,70,-1087.2856608833933,-567.510142209419,1.0,CLIENT,7,2,100000,11,38,0,3772,5217,917,365,293,584,39612.41600000002,30,False,False
191,71,-2402.1766763048536,1031.935617790302,1.0,CLIENT,7,2,100000,9,52,0,2377,3439,850,341,289,514,54206.46400000003,22,False,False
191,72,2553.512373265654,-1268.1582222098664,1.0,CLIENT,7,2,100000,10,50,0,2555,3290,911,170,293,571,52121.60000000003,23,False,False
191,73,2402.3272291081844,-1401.519582209326,1.0,CLIENT,7,2,100000,17,54,0,2872,3614,938,227,286,608,56291.32800000003,24,False,False
191,74,1131.7859678658685,-2006.209822210005,1.0,CLIENT,7,2,100000,13,104,0,1956,2926,677,253,274,363,108412.92800000006,26,False,False
191,75,-1406.0455996278488,2758.0643200003115,1.0,CLIENT,7,2,100000,15,90,0,1210,1792,728,168,264,417,93818.88000000005,14,False,False
191,76,1812.7962022920597,-2984.8899519996658,1.0,CLIENT,3,0.0,100000,16,217,0,1114,1513,516,10,240,251,226207.74400000012,13,False,False

192,0,-2307.933448674102,1739.8194977906733,1.0,CLIENT,7,2,100000,14,222,0,2038,2845,591,107,257,294,231419.90400000013,19,False,False
192,1,2186.8349413912656,-1352.2048222096507,1.0,CLIENT,7,2,100000,15,30,0,2686,3341,863,380,307,555,31272.960000000014,23,False,False
192,2,1656.5385949923354,-1256.803582209268,1.0,CLIENT,7,2,100000,10,33,0,3102,3867,872,519,322,513,34400.256000000016,27,False,False
192,3,2491.739501372812,-2179.8690222097584,1.0,CLIENT,7,2,100000,12,62,0,2174,2589,776,474,269,478,64630.784000000036,20,False,False
192,4,1640.6202010818472,-2781.6649422098353,1.0,CLIENT,7,2,100000,16,58,0,1264,1832,825,66,249,526,60461.05600000003,19,False,False
192,5,848.3435210672742,-1342.0747022099156,1.0,CLIENT,7,2,100000,9,21,0,2610,4258,814,420,305,506,21891.072000000007,31,False,False
192,6,455.2938246549676,1392.7237377906042,1.0,CLIENT,7,2,100000,13,51,0,3969,5149,843,500,327,466,53164.03200000003,29,False,False
192,7,-152.2186116097335,402.30969779009257,1.0,CLIENT,7,2,100000,17,42,0,5429,6779,820,566,321,442,43782.14400000002,39,False,False
192,8,-504.40317738574805,835.121857790476,1.0,CLIENT,7,2,100000,9,92,0,5486,7335,715,684,306,364,95903.74400000005,41,False,False
192,9,-55.91628824937042,794.1560977902867,1.0,CLIENT,7,2,100000,14,59,0,5443,6836,776,625,314,413,61503.488000000034,41,False,False
192,10,-289.62365357573117,2557.019617790307,1.0,CLIENT,7,2,100000,12,251,0,2117,2823,635,191,262,318,261650.43200000015,21,False,False
192,11,-1194.8338147674945,2055.968297790569,1.0,CLIENT,7,2,100000,14,32,0,3542,4277,818,823,285,524,33357.824000000015,26,False,False
192,12,-1512.4889290754247,2651.1963377906177,1.0,CLIENT,7,2,100000,15,37,0,2244,2821,889,215,274,575,38569.98400000002,19,False,False
192,13,379.5824585918432,-1160.5117822095517,1.0,CLIENT,7,2,100000,16,97,0,3348,4458,813,473,295,451,101115.90400000005,27,False,False
192,14,-1076.7525942654315,2167.8448977904864,1.0,CLIENT,7,2,100000,14,89,0,3302,4107,777,710,287,431,92776.44800000005,24,False,False
192,15,2061.0717098977225,-1692.7327022096915,1.0,CLIENT,7,2,100000,8,120,0,3060,3557,735,617,305,390,125091.84000000007,24,False,False
192,16,520.8681040482838,26.71601778999502,1.0,CLIENT,7,2,100000,15,46,0,4716,6562,746,658,309,403,47951.872000000025,40,False,False
192,17,1954.553103878146,-50.874022209480074,1.0,CLIENT,7,2,100000,14,272,0,2187,3558,581,327,270,283,283541.50399999955,24,False,False
192,18,-398.2013553249193,-406.9867022097219,1.0,CLIENT,7,2,100000,15,76,0,4213,5395,868,424,301,506,79224.83200000004,35,False,False
192,19,-1311.4895074563167,182.0074177902461,1.0,CLIENT,7,2,100000,13,38,0,3793,4898,769,847,299,433,39612.41600000002,31,False,False
192,20,2593.1895640580474,-2196.455702209803,1.0,CLIENT,7,2,100000,10,69,0,2003,2442,746,402,270,432,71927.80800000003,18,False,False
192,21,-1508.7667175643558,2844.7818177906847,1.0,CLIENT,7,2,100000,18,232,0,1681,2412,596,76,250,282,241844.22400000013,16,False,False
192,22,-2271.9784693933398,-259.71034220980016,1.0,CLIENT,7,2,100000,10,42,0,1309,1883,732,12,254,401,43782.14400000002,14,False,False
192,23,619.3879151176322,45.08381779028838,1.0,CLIENT,7,2,100000,13,11,0,4647,6470,814,622,315,468,11466.752000000002,37,False,False
192,24,1725.043126001539,-2664.890262209629,1.0,CLIENT,7,2,100000,10,27,0,1502,2182,911,116,259,617,28145.66400000001,19,False,False
192,25,2312.1229969478127,-1279.9581422093406,1.0,CLIENT,7,2,100000,12,38,0,2492,3100,847,339,307,532,39612.41600000002,21,False,False
192,26,1933.8829505915014,-730.0373422095938,1.0,CLIENT,7,2,100000,12,48,0,2681,3585,916,360,316,543,50036.736000000026,23,False,False
192,27,-1031.056508263015,2146.582777790382,1.0,CLIENT,7,2,100000,11,39,0,3359,4211,781,754,288,464,40654.84800000002,25,False,False
192,28,1371.4330324122836,772.5600177902343,1.0,CLIENT,7,2,100000,17,59,0,3219,4023,883,335,295,541,61503.488000000034,22,False,False
192,29,1439.2247995145854,585.9876977906532,1.0,CLIENT,7,2,100000,12,235,0,3080,4018,714,313,286,376,244971.52000000014,23,False,False
192,30,692.0898335754639,1115.9822177900865,1.0,CLIENT,7,2,100000,10,49,0,4546,5236,884,525,315,507,51079.16800000003,28,False,False
192,31,-1936.5042574241209,563.6123777901952,1.0,CLIENT,7,2,100000,15,132,0,2813,3482,727,451,269,389,137601.02400000006,27,False,False
192,32,-1998.1187373370256,98.29477779040957,1.0,CLIENT,7,2,100000,13,62,0,2204,2859,854,162,266,485,64630.784000000036,21,False,False
192,33,-1363.36288064813,75.02889779061803,1.0,CLIENT,7,2,100000,11,109,0,3538,4639,660,850,287,316,113625.08800000006,28,False,False
192,34,2461.8034173020724,-1086.9292622094504,1.0,CLIENT,7,2,100000,12,225,0,2178,2648,628,251,295,303,234547.20000000013,20,False,False
192,35,780.3141659961929,-1447.8287022094714,1.0,CLIENT,7,2,100000,9,125,0,2364,3792,726,350,297,381,130304.00000000007,31,False,False
192,36,-1862.0600271948633,2245.7688977907,1.0,CLIENT,7,2,100000,9,134,0,2541,2928,850,156,273,451,139685.88800000006,19,False,False
192,37,-14.971961623109886,94.6212177901927,1.0,CLIENT,7,2,100000,14,57,0,4969,6548,795,550,314,421,59418.62400000003,38,False,False
192,38,-141.8439369717085,-1737.7059822092544,1.0,CLIENT,7,2,100000,17,265,0,1755,2365,572,125,264,271,276244.47999999975,18,False,False
192,39,2774.706772233847,-2332.822702209584,1.0,CLIENT,7,2,100000,19,168,0,1506,2070,617,193,246,288,175128.5760000001,16,False,False
192,40,-2152.234133109819,-439.04686220945734,1.0,CLIENT,7,2,100000,15,204,0,1241,1778,580,82,242,277,212656.1280000001,17,False,False
192,41,1912.6584253767667,-2912.4659422094314,1.0,CLIENT,7,2,100000,14,49,0,1271,1511,879,45,252,524,51079.16800000003,18,False,False
192,42,997.6279614739433,-1555.1411822098382,1.0,CLIENT,7,2,100000,18,58,0,2496,3657,740,431,309,417,60461.05600000003,31,False,False
192,43,-295.7217447751595,-416.6715422097903,1.0,CLIENT,7,2,100000,15,37,0,4389,5597,895,516,305,544,38569.98400000002,33,False,False
192,44,-2198.088611091047,1788.688977790682,1.0,CLIENT,7,2,100000,15,67,0,2492,3047,817,199,266,484,69842.94400000003,21,False,False
192,45,-1115.8754131308604,784.5825777907282,1.0,CLIENT,7,2,100000,18,122,0,4157,5849,725,458,291,335,127176.70400000007,42,False,False
192,46,-316.3918980623666,1899.229737790017,1.0,CLIENT,7,2,100000,12,57,0,3213,4610,878,297,284,527,59418.62400000003,32,False,False
192,47,1163.0683837598804,1040.0619777903503,1.0,CLIENT,7,2,100000,15,50,0,3189,4390,894,199,293,546,52121.60000000003,22,False,False
192,48,-336.9036593701997,-1004.8864222093528,1.0,CLIENT,7,2,100000,11,122,0,2819,4337,820,398,307,455,127176.70400000007,26,False,False
192,49,158.78403957124087,-1798.5980222097573,1.0,CLIENT,7,2,100000,18,83,0,1878,2381,779,122,279,445,86521.85600000004,20,False,False
192,50,696.3664170140606,205.05065779059976,1.0,CLIENT,7,2,100000,12,28,0,4616,6084,889,569,315,545,29188.096000000012,37,False,False
192,51,179.53338884785362,116.99653779065073,1.0,CLIENT,7,2,100000,11,33,0,4969,6737,805,527,320,450,34400.256000000016,38,False,False
192,52,739.8450153074917,973.8265777906827,1.0,CLIENT,7,2,100000,8,21,0,4633,5293,954,480,318,570,21891.072000000007,28,False,False
192,53,-1634.2131650991512,1370.2370977904272,1.0,CLIENT,7,2,100000,11,51,0,3420,4540,802,524,288,459,53164.03200000003,32,False,False
192,54,1455.3015854044477,-2493.9027422094578,1.0,CLIENT,7,2,100000,12,139,0,1779,2793,662,232,252,328,144898.04800000007,22,False,False
192,55,-1722.0415175717264,875.5310177904886,1.0,CLIENT,7,2,100000,10,52,0,3279,4351,783,565,301,451,54206.46400000003,31,False,False
192,56,-1556.6802912757578,1149.0442577904562,1.0,CLIENT,7,2,100000,10,79,0,3830,4756,757,662,300,406,82352.12800000004,33,False,False
192,57,254.92797095279266,1361.776777790431,1.0,CLIENT,7,2,100000,11,107,0,4031,5547,753,526,313,379,111540.22400000006,34,False,False
192,58,-556.2765505775612,1520.6304177903892,1.0,CLIENT,7,2,100000,10,103,0,4377,5851,658,793,278,329,107370.49600000006,39,False,False
192,59,2165.768808156468,-684.6187822095732,1.0,CLIENT,7,2,100000,11,100,0,2147,2910,836,176,316,464,104243.20000000006,22,False,False
192,60,-396.142259595308,-947.6679422098579,1.0,CLIENT,7,2,100000,13,51,0,2852,4428,877,368,305,520,53164.03200000003,27,False,False
192,61,2182.1623780045156,-1065.3331822093978,1.0,CLIENT,7,2,100000,14,34,0,2521,3195,890,307,309,559,35442.68800000002,22,False,False
192,62,143.10323362953213,2024.2420977899906,1.0,CLIENT,7,2,100000,10,205,0,2585,3797,656,218,265,321,213698.5600000001,28,False,False
192,63,2516.448650129836,-3093.9175422092853,1.0,CLIENT,7,2,100000,18,182,0,971,1124,654,21,244,304,189722.6240000001,11,False,False
192,64,1155.227980789026,1182.328937790264,1.0,CLIENT,7,2,100000,10,191,0,2848,4089,705,140,284,362,199104.5120000001,22,False,False
192,65,-1191.5075832040166,1678.7048177907327,1.0,CLIENT,7,2,100000,13,31,0,3989,5063,786,904,293,478,32315.392000000014,30,False,False
192,66,-1608.236880508823,1610.910937790254,1.0,CLIENT,7,2,100000,14,40,0,3407,4299,890,540,286,564,41697.28000000002,30,False,False
192,67,891.4261394125518,-243.56894220942252,1.0,CLIENT,7,2,100000,12,147,0,4474,6339,549,884,277,245,153237.50400000007,40,False,False
192,68,480.478149349551,635.0798177900998,1.0,CLIENT,7,2,100000,10,83,0,5075,6026,777,672,304,399,86521.85600000004,31,False,False
192,69,-2484.6197014843397,58.330897790063716,1.0,CLIENT,7,2,100000,15,149,0,1266,1726,609,17,244,265,155322.36800000007,16,False,False
192,70,-911.5497599482743,256.59181779019093,1.0,CLIENT,7,2,100000,11,26,0,4306,5835,821,657,311,485,27103.23200000001,38,False,False
192,71,-160.7717784874896,1432.798937790669,1.0,CLIENT,7,2,100000,8,19,0,4375,6051,892,598,307,539,19806.208000000006,39,False,False
192,72,-907.5107644784572,-713.3393422098305,1.0,CLIENT,7,2,100000,10,243,0,2588,3822,642,271,275,314,253310.97600000014,29,False,False
192,73,1158.237428393756,-1194.1304222093072,1.0,CLIENT,7,2,100000,17,172,0,3034,4448,635,495,303,301,179298.3040000001,32,False,False
192,74,-615.4359548127012,64.34217779070622,1.0,CLIENT,7,2,100000,12,124,0,4412,5834,729,549,304,365,129261.56800000007,38,False,False
192,75,-1406.0455996278488,2758.0643200003115,1.0,CLIENT,7,2,100000,14,80,0,2030,2708,804,152,272,473,83394.56000000004,18,False,False
192,76,1812.7962022920597,-2984.8899519996658,1.0,CLIENT,3,0.0,100000,17,147,0,868,1167,596,17,242,278,153237.50400000007,11,False,False

193,0,869.2512623232611,-1540.8922222094284,1.0,CLIENT,7,2,100000,13,26,0,3822,5030,813,650,288,507,27103.23200000001,36,False,False
193,1,661.203397629043,-230.655822209595,1.0,CLIENT,7,2,100000,14,46,0,5349,6836,787,738,307,443,47951.872000000025,36,False,False
193,2,-1352.988206010105,911.3760577901598,1.0,CLIENT,7,2,100000,11,39,0,3447,4327,723,616,275,409,40654.84800000002,34,False,False
193,3,1349.3373513123986,-2408.0750222094243,1.0,CLIENT,7,2,100000,12,48,0,3075,3810,849,523,293,514,50036.736000000026,23,False,False
193,4,-620.8212821063534,-659.6831022092516,1.0,CLIENT,7,2,100000,16,41,0,2902,3751,873,325,292,531,42739.71200000002,30,False,False
193,5,-74.36895382759218,2099.494417790622,1.0,CLIENT,7,2,100000,9,192,0,2682,3637,675,222,269,335,200146.9440000001,29,False,False
193,6,636.9694248101409,-508.3992222099562,1.0,CLIENT,7,2,100000,12,52,0,5479,6830,745,746,312,387,54206.46400000003,39,False,False
193,7,-219.2184188162905,-651.8907022099421,1.0,CLIENT,7,2,100000,17,39,0,3978,5193,832,616,285,517,40654.84800000002,29,False,False
193,8,1081.5757104560755,-540.0141022100249,1.0,CLIENT,7,2,100000,9,54,0,4479,5957,820,526,310,461,56291.32800000003,41,False,False
193,9,-573.541276311322,-831.672502209266,1.0,CLIENT,7,2,100000,16,48,0,2906,3706,796,397,279,466,50036.736000000026,28,False,False
193,10,158.7048435818352,-1543.0073022096253,1.0,CLIENT,7,2,100000,12,58,0,3605,4404,808,497,283,487,60461.05600000003,29,False,False
193,11,1009.269771945835,128.01721779051036,1.0,CLIENT,7,2,100000,14,40,0,4271,5570,978,400,297,623,41697.28000000002,33,False,False
193,12,-1029.1558045127779,2429.0016177900125,1.0,CLIENT,7,2,100000,15,51,0,2698,3556,890,222,263,563,53164.03200000003,24,False,False
193,13,816.0315573081754,-1193.1285422094638,1.0,CLIENT,7,2,100000,15,48,0,4115,5685,684,817,295,361,50036.736000000026,40,False,False
193,14,-1235.9365333725664,1041.3978177901415,1.0,CLIENT,7,2,100000,14,35,0,3827,4665,710,709,275,407,36485.12000000002,35,False,False
193,15,-1081.9795295797096,-13.3591822092788,1.0,CLIENT,7,2,100000,9,248,0,3657,4281,559,578,255,285,258523.13600000014,30,False,False
193,16,1023.5250500748658,624.7270577901359,1.0,CLIENT,7,2,100000,15,63,0,3890,4654,887,495,302,524,65673.21600000003,29,False,False
193,17,585.0960516183278,477.67333779044293,1.0,CLIENT,7,2,100000,12,32,0,4777,5677,845,723,317,480,33357.824000000015,38,False,False
193,18,-1244.410504260354,717.4566177901452,1.0,CLIENT,7,2,100000,15,59,0,3272,4524,770,469,298,428,61503.488000000034,35,False,False
193,19,-1362.808508721165,1353.4277777901539,1.0,CLIENT,7,2,100000,14,49,0,3783,4608,800,506,278,480,51079.16800000003,31,False,False
193,20,-2266.7515340790615,-285.5365822094552,1.0,CLIENT,7,2,100000,11,217,0,340,1020,244,32,191,53,226207.74400000012,15,False,False
193,21,362.79290879564184,549.0294577906286,1.0,CLIENT,7,2,100000,16,51,0,4524,6174,860,441,319,491,53164.03200000003,45,False,False
193,22,1129.8852641150684,-1180.660702209303,1.0,CLIENT,7,2,100000,9,97,0,3944,5561,707,656,305,356,101115.90400000005,41,False,False
193,23,1288.1188513470845,413.9982977906388,1.0,CLIENT,7,2,100000,14,46,0,3678,4153,918,273,287,572,47951.872000000025,26,False,False
193,24,786.4122571956214,1036.1657777906955,1.0,CLIENT,7,2,100000,10,24,0,3582,4729,882,342,309,525,25018.36800000001,29,False,False
193,25,-230.22666137124887,-463.20330220937336,1.0,CLIENT,7,2,100000,11,31,0,4048,5358,851,569,290,522,32315.392000000014,37,False,False
193,26,2170.9957434701832,-2651.5318622093437,1.0,CLIENT,7,2,100000,12,50,0,2295,2690,959,140,272,625,52121.60000000003,19,False,False
193,27,-535.8439852591339,-880.096702209608,1.0,CLIENT,7,2,100000,12,42,0,2909,3806,800,380,280,476,43782.14400000002,26,False,False
193,28,1408.8135395062866,-2614.239662209371,1.0,CLIENT,7,2,100000,17,77,0,2613,3334,792,482,282,466,80267.26400000004,22,False,False
193,29,2373.8958688400917,-1218.509502209452,1.0,CLIENT,7,2,100000,12,235,0,1546,2464,576,88,248,292,244971.52000000014,22,False,False
193,30,-1186.4390398691125,2567.261057790552,1.0,CLIENT,7,2,100000,10,49,0,2264,3080,837,146,262,522,51079.16800000003,23,False,False
193,31,594.0451984436748,-2184.3218222095898,1.0,CLIENT,7,2,100000,18,261,0,2431,3120,607,286,252,295,272074.75199999986,27,False,False
193,32,-1061.3093762925025,1072.3447777903148,1.0,CLIENT,7,2,100000,11,23,0,3984,5042,752,646,290,440,23975.93600000001,36,False,False
193,33,-1472.0197783872866,806.8465777906763,1.0,CLIENT,7,2,100000,11,118,0,3013,4042,672,520,267,351,123006.97600000007,32,False,False
193,34,1889.4540004223888,-2242.2082222097715,1.0,CLIENT,7,2,100000,11,27,0,3166,3767,904,723,282,582,28145.66400000001,22,False,False
193,35,1731.2996091803411,-1301.7768622096219,1.0,CLIENT,7,2,100000,9,111,0,3350,4463,746,517,289,391,115709.95200000006,32,False,False
193,36,-137.01298160558412,-1632.5085822098754,1.0,CLIENT,7,2,100000,9,254,0,2976,3624,533,405,258,254,264777.72800000006,24,False,False
193,37,2337.7824975799554,-1779.5623022095683,1.0,CLIENT,7,2,100000,14,44,0,2195,3036,872,170,273,539,45867.00800000002,22,False,False
193,38,16.785630208461228,-773.00686220947,1.0,CLIENT,7,2,100000,13,43,0,4517,5703,878,543,307,555,44824.57600000002,31,False,False
193,39,1569.8189863742527,213.288337790367,1.0,CLIENT,7,2,100000,17,40,0,3232,3915,946,131,280,600,41697.28000000002,26,False,False
193,40,-284.5551102408271,485.3544177900335,1.0,CLIENT,7,2,100000,11,126,0,5202,7559,583,911,286,264,131346.43200000006,44,False,False
193,41,-2320.921590969266,1105.8520977903513,1.0,CLIENT,7,2,100000,13,72,0,1963,2342,737,35,250,398,75055.10400000004,20,False,False
193,42,1744.8421234024704,293.4387377904966,1.0,CLIENT,7,2,100000,20,281,0,2638,3469,641,70,268,313,292923.3919999993,20,False,False
193,43,-892.9387023912411,1796.0360977903247,1.0,CLIENT,7,2,100000,15,44,0,4335,4826,788,827,277,488,45867.00800000002,32,False,False
193,44,-473.9919173774493,1553.9150977901968,1.0,CLIENT,7,2,100000,14,62,0,4506,5612,773,659,286,444,64630.784000000036,35,False,False
193,45,-156.57439103829856,-122.56410220961357,1.0,CLIENT,7,2,100000,18,127,0,4237,5893,739,444,273,392,132388.86400000006,43,False,False
193,46,2476.058695431103,-2124.3203422100028,1.0,CLIENT,7,2,100000,12,145,0,2425,2761,716,501,261,389,151152.64000000007,20,False,False
193,47,-573.3036883425424,-816.199022209575,1.0,CLIENT,7,2,100000,15,196,0,2861,3686,644,395,272,337,204316.6720000001,28,False,False
193,48,1787.2119778414087,-1795.481062209717,1.0,CLIENT,7,2,100000,11,56,0,3529,4097,783,720,286,461,58376.19200000003,24,False,False
193,49,2125.220461478361,-2610.0095022097685,1.0,CLIENT,7,2,100000,17,59,0,2363,2788,949,177,267,604,61503.488000000034,19,False,False
193,50,-1417.057761600775,1086.8163777901623,1.0,CLIENT,7,2,100000,12,22,0,3493,4356,787,535,276,478,22933.504000000008,31,False,False
193,51,1950.9100883564827,-1696.2949422093984,1.0,CLIENT,7,2,100000,11,25,0,3236,3940,950,420,288,630,26060.80000000001,24,False,False
193,52,310.1275757075212,1348.0844177901981,1.0,CLIENT,7,2,100000,8,209,0,3524,4764,672,379,283,342,217868.28800000012,37,False,False
193,53,-273.6260636752744,164.64149779058715,1.0,CLIENT,7,2,100000,10,27,0,4729,6804,797,642,292,471,28145.66400000001,44,False,False
193,54,-1133.6945107921488,2133.1130577903778,1.0,CLIENT,7,2,100000,10,40,0,3636,4258,888,462,277,555,41697.28000000002,26,False,False
193,55,617.2496233980526,1206.262737790742,1.0,CLIENT,7,2,100000,10,30,0,3533,4607,840,374,299,500,31272.960000000014,31,False,False
193,56,2514.9439263277523,-1581.301382209441,1.0,CLIENT,7,2,100000,11,80,0,1688,2322,735,42,262,412,83394.56000000004,21,False,False
193,57,-1378.251726694094,1241.4398577905176,1.0,CLIENT,7,2,100000,11,32,0,3664,4562,807,497,278,482,33357.824000000015,31,False,False
193,58,-2046.7450749547666,1650.6521777903708,1.0,CLIENT,7,2,100000,12,174,0,2617,3439,671,202,249,339,181383.1680000001,21,False,False
193,59,202.42102984404607,2005.5403377905404,1.0,CLIENT,7,2,100000,11,74,0,2595,3448,787,180,282,447,77139.96800000004,29,False,False
193,60,971.8892648518322,384.38717779025694,1.0,CLIENT,7,2,100000,13,46,0,4205,5039,891,564,296,553,47951.872000000025,31,False,False
193,61,893.8020191009111,15.806657790645318,1.0,CLIENT,7,2,100000,14,27,0,4885,5960,939,596,296,611,28145.66400000001,33,False,False
193,62,-2389.5845139578432,1022.4734177904625,1.0,CLIENT,7,2,100000,10,202,0,1766,2234,593,72,247,289,210571.2640000001,15,False,False
193,63,2345.860488519589,-3177.0735822097363,1.0,CLIENT,7,2,100000,17,249,0,1229,1630,603,3,254,307,259565.56800000014,13,False,False
193,64,1112.382950412528,-2035.0417022099814,1.0,CLIENT,7,2,100000,10,64,0,3260,4104,901,364,303,512,66715.64800000003,27,False,False
193,65,-815.2474365879112,2284.508257790183,1.0,CLIENT,7,2,100000,16,93,0,3150,3911,838,309,271,492,96946.17600000005,26,False,False
193,66,798.6084395950407,-1447.1607822095757,1.0,CLIENT,7,2,100000,14,54,0,3901,5279,763,673,289,445,56291.32800000003,36,False,False
193,67,-1.271055421606851,1501.1494177905333,1.0,CLIENT,7,2,100000,12,33,0,3840,5272,889,403,302,529,34400.256000000016,37,False,False
193,68,-458.7070913833316,1633.6202177906598,1.0,CLIENT,7,2,100000,10,36,0,4361,5505,831,572,287,502,37527.55200000002,34,False,False
193,69,-519.5296114004918,1958.118017790042,1.0,CLIENT,7,2,100000,11,48,0,3702,4630,854,503,282,536,50036.736000000026,30,False,False
193,70,1459.974148791198,-2642.403622209452,1.0,CLIENT,7,2,100000,11,117,0,2548,3253,772,452,286,448,121964.54400000007,22,False,False
193,71,1403.824192160788,-377.04162220939224,1.0,CLIENT,7,2,100000,9,182,0,3806,5032,676,458,277,333,189722.6240000001,33,False,False
193,72,-746.5053176104909,1932.6257377903346,1.0,CLIENT,7,2,100000,9,18,0,4061,4692,851,666,287,550,18763.776000000005,31,False,False
193,73,-1051.8058575396278,2815.1706977903027,1.0,CLIENT,7,2,100000,17,142,0,1761,2360,653,39,242,356,148025.34400000007,19,False,False
193,74,867.2713625830554,1076.2409777899693,1.0,CLIENT,7,2,100000,12,166,0,3380,4423,733,301,298,378,173043.7120000001,28,False,False
193,75,-1406.0455996278488,2758.0643200003115,1.0,CLIENT,7,2,100000,15,200,0,1544,2122,544,25,232,272,208486.4000000001,21,False,False
193,76,1812.7962022920597,-2984.8899519996658,1.0,CLIENT,3,0.0,100000,16,109,0,1567,2078,754,19,254,347,113625.08800000006,16,False,False

194,0,1638.7986933210157,-1397.1781022100047,1.0,CLIENT,7,2,100000,11,87,0,4753,5756,618,1032,280,306,90691.58400000005,35,False,False
194,1,-413.96135725659644,-126.34898220954938,1.0,CLIENT,7,2,100000,14,21,0,4568,6165,845,546,302,508,21891.072000000007,39,False,False
194,2,2331.1300344529996,-1385.4895022094584,1.0,CLIENT,7,2,100000,11,40,0,3193,4411,890,297,285,565,41697.28000000002,29,False,False
194,3,787.1250211019603,885.6611377902237,1.0,CLIENT,7,2,100000,12,169,0,3100,4292,729,359,297,372,176171.0080000001,36,False,False
194,4,-752.2074288617655,349.766657790658,1.0,CLIENT,7,2,100000,16,44,0,4483,5769,760,486,293,427,45867.00800000002,38,False,False
194,5,-1962.401346025043,-566.8422222095234,1.0,CLIENT,7,2,100000,9,76,0,1366,2222,683,247,260,380,79224.83200000004,17,False,False
194,6,2789.8332062485906,-2536.7609422096148,1.0,CLIENT,7,2,100000,15,182,0,2265,2705,689,217,262,318,189722.6240000001,20,False,False
194,7,76.57860236053448,135.14169779071523,1.0,CLIENT,7,2,100000,17,108,0,5780,7298,673,765,293,328,112582.65600000006,43,False,False
194,8,1399.4684127327857,-1355.7670622093576,1.0,CLIENT,7,2,100000,8,33,0,4722,5958,731,975,289,419,34400.256000000016,40,False,False
194,9,876.616489356556,-1282.7411422094328,1.0,CLIENT,7,2,100000,16,46,0,4104,5398,889,412,287,532,47951.872000000025,42,False,False
194,10,-1703.0344800665398,1884.4241777902216,1.0,CLIENT,7,2,100000,12,159,0,1841,2479,651,278,253,311,165746.68800000008,22,False,False
194,11,1878.92093380499,-2822.0741022098478,1.0,CLIENT,7,2,100000,14,42,0,2582,3211,871,255,276,561,43782.14400000002,21,False,False
194,12,-2336.2064169633836,310.3593777904888,1.0,CLIENT,7,2,100000,19,169,0,979,1490,674,52,246,326,176171.0080000001,17,False,False
194,13,-1597.5454219120502,2961.1112177904333,1.0,CLIENT,7,2,100000,20,167,0,598,905,488,4,243,207,174086.1440000001,9,False,False
194,14,-319.2429536882853,-753.0805822099476,1.0,CLIENT,7,2,100000,14,63,0,4199,5007,837,526,317,456,65673.21600000003,33,False,False
194,15,-752.5242128205135,1147.1518177904884,1.0,CLIENT,7,2,100000,8,30,0,4051,5136,817,654,311,482,31272.960000000014,33,False,False
194,16,-911.4705639588686,615.3761777900152,1.0,CLIENT,7,2,100000,15,110,0,4177,5532,715,382,295,365,114667.52000000006,37,False,False
194,17,1258.8163351932785,533.1106977904799,1.0,CLIENT,7,2,100000,13,28,0,3444,4291,930,162,293,563,29188.096000000012,29,False,False
194,18,1255.7276915985801,532.776737790532,1.0,CLIENT,7,2,100000,15,244,0,3354,4231,719,158,282,362,254353.40800000014,29,False,False
194,19,115.70142122596334,1851.3621377906427,1.0,CLIENT,7,2,100000,16,230,0,2174,2890,632,147,268,329,239759.36000000013,24,False,False
194,20,1845.7378141601782,-2905.5641022094555,1.0,CLIENT,7,2,100000,10,38,0,2421,3015,873,184,277,563,39612.41600000002,21,False,False
194,21,2128.5466930418393,-2958.2184622094,1.0,CLIENT,7,2,100000,18,50,0,2070,2692,860,39,268,556,52121.60000000003,19,False,False
194,22,1545.6642095447564,-384.5000622095449,1.0,CLIENT,7,2,100000,9,22,0,4665,5683,793,642,307,447,22933.504000000008,35,False,False
194,23,-2460.306532675469,812.6352177902991,1.0,CLIENT,7,2,100000,18,206,0,662,1244,464,43,239,176,214740.99200000011,16,False,False
194,24,-566.7304212055548,-453.8524222092528,1.0,CLIENT,7,2,100000,10,81,0,3690,4976,829,334,310,455,84436.99200000004,34,False,False
194,25,419.65562933239073,762.6525377907279,1.0,CLIENT,7,2,100000,11,53,0,4190,6188,764,615,309,419,55248.89600000003,38,False,False
194,26,1783.9649422678992,-1955.3365822095184,1.0,CLIENT,7,2,100000,12,46,0,3884,4777,811,760,305,485,47951.872000000025,30,False,False
194,27,-687.3459133747882,1832.3264177904537,1.0,CLIENT,7,2,100000,12,32,0,2716,3206,898,420,288,562,33357.824000000015,25,False,False
194,28,-524.598154735396,1938.748337790696,1.0,CLIENT,7,2,100000,17,150,0,2521,3035,812,255,275,447,156364.80000000008,22,False,False
194,29,158.07127566490186,1595.4374577905628,1.0,CLIENT,7,2,100000,12,97,0,2581,3785,753,236,292,417,101115.90400000005,27,False,False
194,30,2109.5396555366524,-1477.9964222100298,1.0,CLIENT,7,2,100000,10,34,0,3752,5152,890,500,285,563,35442.68800000002,32,False,False
194,31,-17.506233290843266,-1099.1744622093822,1.0,CLIENT,7,2,100000,15,178,0,3821,4709,736,476,297,380,185552.8960000001,30,False,False
194,32,2506.8659353875555,-1520.4093422097294,1.0,CLIENT,7,2,100000,13,202,0,2857,3736,688,312,267,348,210571.2640000001,29,False,False
194,33,-1752.5319735699936,2556.1290577901827,1.0,CLIENT,7,2,100000,12,96,0,919,1240,636,19,253,303,100073.47200000005,12,False,False
194,34,896.5738787368614,-864.0666222097402,1.0,CLIENT,7,2,100000,11,58,0,4924,7040,724,814,299,390,60461.05600000003,40,False,False
194,35,2260.5664077141846,-2361.877222209789,1.0,CLIENT,7,2,100000,9,43,0,3336,3729,888,470,278,546,44824.57600000002,21,False,False
194,36,-1030.8189202942353,162.97169779005714,1.0,CLIENT,7,2,100000,7,59,0,4224,5217,773,649,301,403,61503.488000000034,34,False,False
194,37,387.73964552088285,-1670.2460622095145,1.0,CLIENT,7,2,100000,14,48,0,2798,3747,876,167,284,495,50036.736000000026,29,False,False
194,38,-2138.6916188871273,-476.11642220999187,1.0,CLIENT,7,2,100000,19,220,0,1029,1657,568,188,249,255,229335.04000000012,16,False,False
194,39,285.33923096109146,-530.9971822098521,1.0,CLIENT,7,2,100000,16,59,0,5069,6753,792,572,310,429,61503.488000000034,40,False,False
194,40,-109.37358123323567,1256.2454177903132,1.0,CLIENT,7,2,100000,12,42,0,3869,5262,820,559,304,467,43782.14400000002,34,False,False
194,41,749.3485340603664,387.726777790526,1.0,CLIENT,7,2,100000,12,38,0,4405,6064,945,312,302,554,39612.41600000002,39,False,False
194,42,1421.0889178951115,-268.2819822095152,1.0,CLIENT,7,2,100000,17,57,0,4587,5728,803,607,300,447,59418.62400000003,36,False,False
194,43,418.3092975091184,-1487.5699422095884,1.0,CLIENT,7,2,100000,16,229,0,3121,4133,726,230,279,386,238716.92800000013,30,False,False
194,44,965.6327816730299,-1985.1703422093383,1.0,CLIENT,7,2,100000,15,227,0,3063,4216,681,195,275,335,236632.06400000013,33,False,False
194,45,2342.534256956111,-755.9749022097589,1.0,CLIENT,7,2,100000,20,269,0,2914,3710,608,236,250,318,280414.20799999963,29,False,False
194,46,-1674.4447278190726,496.9316977900698,1.0,CLIENT,7,2,100000,12,66,0,2857,3995,723,519,268,403,68800.51200000003,27,False,False
194,47,-810.9708531493144,-63.11922220941199,1.0,CLIENT,7,2,100000,15,40,0,4215,5378,776,605,295,440,41697.28000000002,35,False,False
194,48,-1237.203669206433,1857.3734177904942,1.0,CLIENT,7,2,100000,11,64,0,2416,3200,839,358,273,504,66715.64800000003,22,False,False
194,49,-1091.4038523426161,-895.681502209809,1.0,CLIENT,7,2,100000,20,266,0,2782,3515,564,307,253,257,277286.9119999997,22,False,False
194,50,2145.098654869261,-3175.626422209435,1.0,CLIENT,7,2,100000,15,189,0,1695,2103,654,8,262,323,197019.6480000001,18,False,False
194,51,881.0514647745268,-745.399502209566,1.0,CLIENT,7,2,100000,11,30,0,5125,7239,711,915,307,371,31272.960000000014,40,False,False
194,52,1739.9319720469405,46.75361779002742,1.0,CLIENT,7,2,100000,8,144,0,3465,4451,745,366,304,388,150110.20800000007,26,False,False
194,53,2141.9308152851568,-2367.220582209745,1.0,CLIENT,7,2,100000,10,37,0,3518,3801,907,547,281,576,38569.98400000002,22,False,False
194,54,-837.3431176877963,1209.1570577905534,1.0,CLIENT,7,2,100000,10,39,0,3739,4865,828,646,311,481,40654.84800000002,33,False,False
194,55,-532.0425777580965,-90.05866220942039,1.0,CLIENT,7,2,100000,10,29,0,4493,5988,852,539,302,488,30230.528000000013,39,False,False
194,56,644.4930438222474,395.40785779011657,1.0,CLIENT,7,2,100000,11,34,0,4697,6478,922,389,304,534,35442.68800000002,39,False,False
194,57,1106.9184271294705,-2164.952142209453,1.0,CLIENT,7,2,100000,11,67,0,3282,4200,782,364,307,432,69842.94400000003,29,False,False
194,58,1683.8612114064986,-271.51026220927434,1.0,CLIENT,7,2,100000,10,31,0,4248,5325,781,582,297,451,32315.392000000014,33,False,False
194,59,650.8287229910181,-313.47790220930705,1.0,CLIENT,7,2,100000,10,53,0,5947,7146,649,1064,298,320,55248.89600000003,42,False,False
194,60,1030.8110811187553,566.1727377900587,1.0,CLIENT,7,2,100000,13,24,0,3496,4725,945,180,299,590,25018.36800000001,32,False,False
194,61,-317.89662186445025,1245.1134177907347,1.0,CLIENT,7,2,100000,14,81,0,3827,5251,804,547,295,445,84436.99200000004,35,False,False
194,62,2002.387481600142,-1959.566742209912,1.0,CLIENT,7,2,100000,9,49,0,3829,4452,863,766,296,533,51079.16800000003,30,False,False
194,63,-1017.8307779990713,2442.8052977899642,1.0,CLIENT,7,2,100000,17,129,0,1598,2375,724,232,252,341,134473.72800000006,16,False,False
194,64,2064.9523133887283,-2608.0057422092905,1.0,CLIENT,7,2,100000,10,23,0,3074,3605,988,349,281,655,23975.93600000001,21,False,False
194,65,-437.9577421067188,-54.99286220936369,1.0,CLIENT,7,2,100000,14,53,0,4746,6204,838,533,304,457,55248.89600000003,40,False,False
194,66,-194.8260540174517,-490.14274220938177,1.0,CLIENT,7,2,100000,14,40,0,4630,5763,851,568,313,487,41697.28000000002,40,False,False
194,67,2556.205036912198,-2210.5933422097028,1.0,CLIENT,7,2,100000,12,74,0,2949,3495,859,305,283,522,77139.96800000004,21,False,False
194,68,-1697.6491527734504,409.3228577905785,1.0,CLIENT,7,2,100000,10,124,0,2851,3966,656,540,260,341,129261.56800000007,26,False,False
194,69,1717.6778989676811,-1634.5123422095621,1.0,CLIENT,7,2,100000,11,25,0,4232,5623,758,833,302,455,26060.80000000001,34,False,False
194,70,2178.4401664934467,-382.71894220929596,1.0,CLIENT,7,2,100000,11,49,0,2789,4130,826,230,286,472,51079.16800000003,27,False,False
194,71,2004.0505973815998,-278.18946220981246,1.0,CLIENT,7,2,100000,9,77,0,3266,4606,829,345,306,452,80267.26400000004,27,False,False
194,72,-971.1051441315678,1637.9616977899811,1.0,CLIENT,7,2,100000,9,62,0,2929,3650,833,526,284,484,64630.784000000036,29,False,False
194,73,-977.6784112691183,994.3094577903819,1.0,CLIENT,7,2,100000,17,60,0,3886,5046,778,519,311,424,62545.920000000035,36,False,False
194,74,951.7734834921526,213.9562577902626,1.0,CLIENT,7,2,100000,12,43,0,4306,5533,934,316,300,538,44824.57600000002,37,False,False
194,75,-1406.0455996278488,2758.0643200003115,1.0,CLIENT,7,2,100000,15,59,0,1104,1306,744,44,250,406,61503.488000000034,13,False,False
194,76,1812.7962022920597,-2984.8899519996658,1.0,CLIENT,3,0.0,100000,16,119,0,1950,2399,701,42,262,380,124049.40800000007,19,False,False

195,0,2224.690624422828,-2001.8683422098925,1.0,CLIENT,7,2,100000,13,27,0,3256,3682,791,669,279,487,28145.66400000001,23,False,False
195,1,-2534.433978945979,-101.7472622099666,1.0,CLIENT,7,2,100000,15,65,0,1732,2658,763,66,263,464,67758.08000000003,22,False,False
195,2,1171.4631586582625,-1916.3745822098072,1.0,CLIENT,7,2,100000,11,39,0,4134,5042,777,508,284,441,40654.84800000002,30,False,False
195,3,-165.5235378636456,-1005.9996222097061,1.0,CLIENT,7,2,100000,12,133,0,4229,5137,732,562,303,368,138643.45600000006,31,False,False
195,4,-1747.2258422663099,-413.44326221003115,1.0,CLIENT,7,2,100000,16,183,0,3206,3744,701,590,285,361,190765.0560000001,27,False,False
195,5,-628.8200770565817,-146.1639422093529,1.0,CLIENT,7,2,100000,9,67,0,4041,5712,757,714,315,388,69842.94400000003,38,False,False
195,6,-1619.007535095002,1917.8201777905392,1.0,CLIENT,7,2,100000,12,43,0,3678,4594,858,642,303,513,44824.57600000002,27,False,False
195,7,-474.46709331500864,191.6922577903145,1.0,CLIENT,7,2,100000,18,56,0,3544,5335,764,483,301,416,58376.19200000003,39,False,False
195,8,17.97357005235955,-1398.291302209567,1.0,CLIENT,7,2,100000,10,54,0,3675,4894,824,308,312,456,56291.32800000003,27,False,False
195,9,-1514.548024805599,2449.9297777901693,1.0,CLIENT,7,2,100000,16,83,0,2414,3209,818,356,274,485,86521.85600000004,23,False,False
195,10,-2382.932050830887,289.31989779061297,1.0,CLIENT,7,2,100000,12,42,0,2935,3606,863,283,277,531,43782.14400000002,26,False,False
195,11,-646.3223907591221,1221.0682977905376,1.0,CLIENT,7,2,100000,14,37,0,3399,5032,837,267,279,505,38569.98400000002,34,False,False
195,12,-895.5521700478175,1926.2804977905353,1.0,CLIENT,7,2,100000,15,149,0,2848,3942,705,525,273,363,155322.36800000007,27,False,False
195,13,1177.482053868285,-1591.9881022093527,1.0,CLIENT,7,2,100000,15,30,0,4503,5652,849,557,308,512,31272.960000000014,33,False,False
195,14,705.1571718605963,-883.1023422099292,1.0,CLIENT,7,2,100000,14,34,0,4605,5763,884,523,310,514,35442.68800000002,37,False,False
195,15,440.24658662962946,429.6944177905587,1.0,CLIENT,7,2,100000,9,122,0,2740,3791,792,406,287,428,127176.70400000007,27,False,False
195,16,2443.429947713819,-1198.137942209472,1.0,CLIENT,7,2,100000,17,234,0,2212,2839,626,80,249,304,243929.08800000013,23,False,False
195,17,987.4908748041352,730.4810577904825,1.0,CLIENT,7,2,100000,14,222,0,1417,2040,607,20,258,278,231419.90400000013,15,False,False
195,18,-2446.7640184527772,1685.6066577907086,1.0,CLIENT,7,2,100000,15,65,0,2411,3409,783,62,265,451,67758.08000000003,26,False,False
195,19,-861.8938744654464,1306.8960177905708,1.0,CLIENT,7,2,100000,14,78,0,3923,5288,830,317,287,468,81309.69600000004,33,False,False
195,20,-2217.887608492541,-270.7310222096598,1.0,CLIENT,7,2,100000,10,132,0,2178,3268,764,212,272,421,137601.02400000006,22,False,False
195,21,287.7151106494508,-1364.3387022098636,1.0,CLIENT,7,2,100000,17,43,0,3941,4754,894,278,303,519,44824.57600000002,32,False,False
195,22,-1547.2559685122887,681.0549777902972,1.0,CLIENT,7,2,100000,9,17,0,4522,5928,802,854,301,485,17721.344000000005,35,False,False
195,23,50.36472980142673,-1060.4351022098995,1.0,CLIENT,7,2,100000,14,16,0,4266,5558,934,401,328,555,16678.912000000004,30,False,False
195,24,-1514.548024805599,2974.5809377904375,1.0,CLIENT,7,2,100000,11,179,0,1556,1881,639,69,252,304,186595.3280000001,15,False,False
195,25,1226.821155392365,7.902937790034912,1.0,CLIENT,7,2,100000,12,46,0,2344,3208,774,385,279,449,47951.872000000025,27,False,False
195,26,2040.639144579858,-614.7098222096886,1.0,CLIENT,7,2,100000,12,222,0,2142,3586,581,231,256,270,231419.90400000013,26,False,False
195,27,-1493.561087559644,1181.9949777903162,1.0,CLIENT,7,2,100000,11,83,0,4660,5369,734,855,291,389,86521.85600000004,36,False,False
195,28,794.4110521458498,-925.2926222093998,1.0,CLIENT,7,2,100000,17,53,0,4622,5731,797,639,294,461,55248.89600000003,37,False,False
195,29,-2570.3889582273036,214.51285779043928,1.0,CLIENT,7,2,100000,12,226,0,2269,3049,637,190,264,329,235589.63200000013,19,False,False
195,30,2282.2661088664786,-780.2426622093938,1.0,CLIENT,7,2,100000,10,60,0,1919,3245,708,49,257,411,62545.920000000035,21,False,False
195,31,-971.4219280903158,-1107.5234622096593,1.0,CLIENT,7,2,100000,15,155,0,2557,3585,700,220,280,360,161576.96000000008,26,False,False
195,32,-1767.4208196159577,1959.7878177905718,1.0,CLIENT,7,2,100000,12,56,0,3434,4295,853,544,300,483,58376.19200000003,27,False,False
195,33,2289.314551941026,-2214.8235022093054,1.0,CLIENT,7,2,100000,11,100,0,3017,3417,720,601,267,402,104243.20000000006,20,False,False
195,34,2365.897073889863,-2873.949222209387,1.0,CLIENT,7,2,100000,13,51,0,1817,2120,813,30,246,458,53164.03200000003,17,False,False
195,35,-723.6176766142984,-352.66254220924736,1.0,CLIENT,7,2,100000,9,37,0,4041,5339,756,698,301,417,38569.98400000002,35,False,False
195,36,-596.6665052762942,2733.1278577902053,1.0,CLIENT,7,2,100000,9,173,0,1342,1871,652,24,254,322,180340.7360000001,14,False,False
195,37,261.1052581416266,-385.61326220989827,1.0,CLIENT,7,2,100000,14,100,0,4632,5493,726,720,306,364,104243.20000000006,35,False,False
195,38,-1395.278864459075,-909.1512222098131,1.0,CLIENT,7,2,100000,16,242,0,1703,3088,614,143,269,290,252268.54400000014,25,False,False
195,39,-1099.48184328225,-1080.0274222094743,1.0,CLIENT,7,2,100000,17,52,0,2265,3406,793,190,284,458,54206.46400000003,27,False,False
195,40,2003.4962254546347,-1240.4395422094524,1.0,CLIENT,7,2,100000,13,50,0,3404,4066,930,262,275,584,52121.60000000003,27,False,False
195,41,1570.2149663224066,-2683.146742209412,1.0,CLIENT,7,2,100000,16,175,0,2714,3092,754,202,255,363,182425.6000000001,21,False,False
195,42,-582.4904231372318,2615.796577790613,1.0,CLIENT,7,2,100000,18,99,0,1547,2185,722,82,245,409,103200.76800000005,15,False,False
195,43,-1262.467189890422,478.67521779028635,1.0,CLIENT,7,2,100000,15,25,0,4447,5778,724,751,287,419,26060.80000000001,37,False,False
195,44,873.7654337306375,-266.50086220926624,1.0,CLIENT,7,2,100000,14,70,0,3547,5230,807,593,288,462,72970.24000000003,30,False,False
195,45,2078.6532195902314,-2048.400102209476,1.0,CLIENT,7,2,100000,17,29,0,3330,3717,807,657,273,508,30230.528000000013,23,False,False
195,46,1985.9939117515319,-3143.2323022097517,1.0,CLIENT,7,2,100000,14,83,0,1473,2084,725,32,243,330,86521.85600000004,16,False,False
195,47,2109.5396555366524,-1842.4581022097577,1.0,CLIENT,7,2,100000,15,35,0,3373,3851,852,592,282,536,36485.12000000002,24,False,False
195,48,-1063.5268640014879,448.61881779023776,1.0,CLIENT,7,2,100000,11,93,0,4216,5499,678,622,278,341,96946.17600000005,39,False,False
195,49,2123.2405617381555,-1888.5445822096742,1.0,CLIENT,7,2,100000,15,69,0,3286,3791,795,565,287,470,71927.80800000003,24,False,False
195,50,-2039.2214559426604,1357.6579377905475,1.0,CLIENT,7,2,100000,12,41,0,3884,4836,945,358,289,604,42739.71200000002,29,False,False
195,51,-1799.415999416871,570.2915777907333,1.0,CLIENT,7,2,100000,11,39,0,3969,5224,818,683,288,484,40654.84800000002,35,False,False
195,52,-1277.1976439575749,2288.9610577900144,1.0,CLIENT,7,2,100000,8,31,0,2817,3525,931,439,285,598,32315.392000000014,26,False,False
195,53,-1094.413299947346,529.3258177905441,1.0,CLIENT,7,2,100000,11,54,0,4287,5636,717,611,282,388,56291.32800000003,38,False,False
195,54,-15.367941571263568,147.8321777903139,1.0,CLIENT,7,2,100000,10,37,0,3768,5289,784,647,302,448,38569.98400000002,35,False,False
195,55,-2157.857048371688,1162.8479377904082,1.0,CLIENT,7,2,100000,10,29,0,3705,4681,892,414,278,576,30230.528000000013,28,False,False
195,56,2729.089882220836,-3028.2387422097945,1.0,CLIENT,7,2,100000,11,199,0,1197,1619,531,0,243,232,207443.9680000001,12,False,False
195,57,-1781.9136857137682,581.200937790083,1.0,CLIENT,7,2,100000,10,64,0,4036,5289,782,722,284,427,66715.64800000003,35,False,False
195,58,982.818311417385,-1269.2714222094287,1.0,CLIENT,7,2,100000,10,47,0,4536,5748,906,474,312,541,48994.304000000026,33,False,False
195,59,2244.568817813728,-1954.223382209956,1.0,CLIENT,7,2,100000,10,27,0,3235,3697,829,619,296,506,28145.66400000001,23,False,False
195,60,218.57701172331411,-1403.1893822098561,1.0,CLIENT,7,2,100000,13,28,0,3909,4727,910,292,308,559,29188.096000000012,29,False,False
195,61,-2244.893440947956,1859.4884977906909,1.0,CLIENT,7,2,100000,15,216,0,2691,3568,687,147,263,357,225165.31200000012,27,False,False
195,62,1318.7676993247258,296.44437779002686,1.0,CLIENT,7,2,100000,10,203,0,1562,2406,620,162,268,305,211613.6960000001,20,False,False
195,63,-2456.980301111991,1250.1228177907428,1.0,CLIENT,7,2,100000,14,175,0,3010,3668,741,251,269,394,182425.6000000001,27,False,False
195,64,-359.7121043764238,1278.7320577904902,1.0,CLIENT,7,2,100000,10,238,0,2656,4079,583,297,256,271,248098.81600000014,31,False,False
195,65,757.7433089587486,210.06005779060786,1.0,CLIENT,7,2,100000,16,51,0,2542,3455,919,146,279,544,53164.03200000003,30,False,False
195,66,1281.3079962413171,-1602.4521822098268,1.0,CLIENT,7,2,100000,15,32,0,4488,5539,780,761,296,458,33357.824000000015,33,False,False
195,67,-1079.5244539019448,1981.3838977906244,1.0,CLIENT,7,2,100000,12,21,0,3282,4241,815,746,288,493,21891.072000000007,27,False,False
195,68,-1893.1048551200954,1234.7606577899796,1.0,CLIENT,7,2,100000,10,18,0,4373,5087,947,555,297,619,18763.776000000005,32,False,False
195,69,-72.46825007679215,-1262.035622209505,1.0,CLIENT,7,2,100000,11,49,0,3704,5091,852,319,323,482,51079.16800000003,28,False,False
195,70,-2001.6033608798778,951.7852177901725,1.0,CLIENT,7,2,100000,11,34,0,4119,4926,820,687,287,506,35442.68800000002,31,False,False
195,71,1144.378130212879,-2037.8247022092828,1.0,CLIENT,7,2,100000,9,170,0,3956,4870,650,475,270,317,177213.4400000001,31,False,False
195,72,450.62126126821715,-1536.550742209316,1.0,CLIENT,7,2,100000,10,228,0,3694,4256,677,225,278,330,237674.49600000013,32,False,False
195,73,-141.36876103358645,111.76449779041377,1.0,CLIENT,7,2,100000,17,122,0,3666,5387,708,516,304,358,127176.70400000007,35,False,False
195,74,1392.0239897095223,-1595.7729822092888,1.0,CLIENT,7,2,100000,11,54,0,4462,5295,757,873,291,444,56291.32800000003,32,False,False
195,75,-1406.0455996278488,2758.0643200003115,1.0,CLIENT,7,2,100000,14,58,0,1851,2247,831,149,257,517,60461.05600000003,20,False,False
195,76,1812.7962022920597,-2984.8899519996658,1.0,CLIENT,3,0.0,100000,17,87,0,1529,2174,711,103,243,352,90691.58400000005,15,False,False

196,0,-2558.27197181729,117.10785779036968,1.0,CLIENT,7,2,100000,15,225,0,1416,2120,553,48,241,262,234547.20000000013,19,False,False
196,1,-1676.6622155280581,647.6589777899795,1.0,CLIENT,7,2,100000,14,58,0,3942,5178,788,674,280,443,60461.05600000003,38,False,False
196,2,-98.76131862586827,1615.809017790543,1.0,CLIENT,7,2,100000,11,22,0,3724,4729,914,408,304,566,22933.504000000008,33,False,False
196,3,-941.406648029608,386.056977789996,1.0,CLIENT,7,2,100000,12,119,0,5539,7196,674,622,297,324,124049.40800000007,45,False,False
196,4,2624.6303719314333,-3175.9603822093827,1.0,CLIENT,7,2,100000,18,133,0,652,873,545,14,256,235,138643.45600000006,10,False,False
196,5,-1356.9480054899534,2273.821537790271,1.0,CLIENT,7,2,100000,9,47,0,2925,3803,861,527,278,522,48994.304000000026,24,False,False
196,6,216.5179159937028,-50.540062209532266,1.0,CLIENT,7,2,100000,12,46,0,5469,6648,796,607,308,420,47951.872000000025,41,False,False
196,7,-379.1151218297642,1298.4356977905747,1.0,CLIENT,7,2,100000,17,41,0,4662,6427,909,511,304,558,42739.71200000002,35,False,False
196,8,1743.8917715273515,-1065.3331822093978,1.0,CLIENT,7,2,100000,10,35,0,1973,2460,922,261,311,551,36485.12000000002,22,False,False
196,9,-1309.9055876642647,231.21085779020262,1.0,CLIENT,7,2,100000,14,46,0,4692,6363,788,695,308,444,47951.872000000025,38,False,False
196,10,-2312.526816071447,2292.85725779046,1.0,CLIENT,7,2,100000,12,152,0,1815,2430,677,242,250,350,158449.66400000008,18,False,False
196,11,1207.6557259078043,-1701.4156622099165,1.0,CLIENT,7,2,100000,14,122,0,2293,3021,661,569,276,356,127176.70400000007,24,False,False
196,12,-1832.995099009274,2769.6408177905632,1.0,CLIENT,7,2,100000,16,55,0,1556,1989,832,43,249,504,57333.76000000003,18,False,False
196,13,450.62126126821715,994.3094577903819,1.0,CLIENT,7,2,100000,15,36,0,4410,5400,982,478,310,617,37527.55200000002,34,False,False
196,14,-846.846636440671,-84.27002220979773,1.0,CLIENT,7,2,100000,14,82,0,5442,6515,806,594,296,429,85479.42400000004,42,False,False
196,15,-997.6358006494236,2097.824617790092,1.0,CLIENT,7,2,100000,8,144,0,3216,3996,644,613,287,315,150110.20800000007,30,False,False
196,16,-1255.8147267640288,-842.9158222093545,1.0,CLIENT,7,2,100000,16,227,0,2953,4039,658,84,260,344,236632.06400000013,27,False,False
196,17,-1526.5858152256442,2858.0288977904597,1.0,CLIENT,7,2,100000,15,241,0,1403,1948,627,35,246,335,251226.11200000014,20,False,False
196,18,-2404.710947972024,848.1462977900225,1.0,CLIENT,7,2,100000,15,131,0,2006,2784,758,197,255,415,136558.59200000006,26,False,False
196,19,674.1123439348015,384.1645377900281,1.0,CLIENT,7,2,100000,14,43,0,4082,5391,898,414,309,525,44824.57600000002,34,False,False
196,20,2600.8715750495276,-2673.1279422093958,1.0,CLIENT,7,2,100000,11,117,0,1112,1409,729,170,269,373,121964.54400000007,13,False,False
196,21,-157.92072286157088,-13.3591822092788,1.0,CLIENT,7,2,100000,15,21,0,5883,7135,824,658,313,463,21891.072000000007,41,False,False
196,22,-222.9406303273595,717.4566177901452,1.0,CLIENT,7,2,100000,9,86,0,6217,7585,669,897,298,328,89649.15200000005,42,False,False
196,23,-2055.931809749456,330.95357779069786,1.0,CLIENT,7,2,100000,14,73,0,3005,4052,862,384,269,505,76097.53600000004,28,False,False
196,24,-2358.8564699907965,1901.7900977906716,1.0,CLIENT,7,2,100000,10,64,0,2110,2907,784,294,273,466,66715.64800000003,21,False,False
196,25,1365.8893131398204,-598.0118222099253,1.0,CLIENT,7,2,100000,12,47,0,2401,3696,820,208,303,488,48994.304000000026,28,False,False
196,26,27.239500836454614,-14.917662209298896,1.0,CLIENT,7,2,100000,12,75,0,5655,6900,712,683,306,344,78182.40000000004,41,False,False
196,27,2369.3816974321526,-3111.2834622097353,1.0,CLIENT,7,2,100000,13,52,0,831,1208,693,34,262,398,54206.46400000003,11,False,False
196,28,-850.5688479517399,1345.6353777900536,1.0,CLIENT,7,2,100000,17,100,0,4538,6089,773,583,305,400,104243.20000000006,43,False,False
196,29,-1389.1807732596467,-585.4326622092547,1.0,CLIENT,7,2,100000,12,38,0,3302,4396,855,205,282,509,39612.41600000002,29,False,False
196,30,-2342.7004881109656,2165.395857790342,1.0,CLIENT,7,2,100000,10,44,0,1987,2617,802,275,267,513,45867.00800000002,19,False,False
196,31,-1209.4058768547106,1542.2264977904415,1.0,CLIENT,7,2,100000,15,27,0,3877,5793,767,766,304,446,28145.66400000001,37,False,False
196,32,-2095.5298045518816,2457.499537790041,1.0,CLIENT,7,2,100000,13,60,0,1890,2490,846,174,256,502,62545.920000000035,19,False,False
196,33,1666.2797017139899,-1727.2419022095714,1.0,CLIENT,7,2,100000,11,91,0,2060,2555,838,378,287,483,94861.31200000005,22,False,False
196,34,-1179.153008825786,-761.3182622097147,1.0,CLIENT,7,2,100000,12,30,0,3391,4603,875,144,280,520,31272.960000000014,29,False,False
196,35,-230.7018373088082,423.1265377905305,1.0,CLIENT,7,2,100000,9,19,0,5991,7754,831,628,322,469,19806.208000000006,44,False,False
196,36,886.2784000882422,130.13229779070713,1.0,CLIENT,7,2,100000,7,19,0,4127,5094,809,612,291,484,19806.208000000006,32,False,False
196,37,-2512.971865763027,89.05521779000793,1.0,CLIENT,7,2,100000,15,98,0,1541,2354,668,66,249,369,102158.33600000005,19,False,False
196,38,-1964.064461806501,1036.3884177901334,1.0,CLIENT,7,2,100000,13,68,0,3106,4241,828,553,278,487,70885.37600000003,33,False,False
196,39,-677.8423946219135,108.64753779037358,1.0,CLIENT,7,2,100000,16,33,0,5875,7474,820,727,311,474,34400.256000000016,41,False,False
196,40,1478.5060103588255,-2007.3230222095674,1.0,CLIENT,7,2,100000,13,27,0,1913,2726,808,429,286,505,28145.66400000001,21,False,False
196,41,-923.1123744307604,5.231257790452446,1.0,CLIENT,7,2,100000,12,19,0,5413,6679,829,672,302,509,19806.208000000006,40,False,False
196,42,-22.57477662518458,2018.6760977905967,1.0,CLIENT,7,2,100000,18,73,0,2659,3625,800,146,289,440,76097.53600000004,22,False,False
196,43,72.22282293253215,-795.0482222099802,1.0,CLIENT,7,2,100000,15,37,0,4339,6189,743,691,289,425,38569.98400000002,38,False,False
196,44,117.28534101801534,-1851.9203022095974,1.0,CLIENT,7,2,100000,17,243,0,1558,2191,530,91,240,243,253310.97600000014,21,False,False
196,45,1007.4482641850034,1167.5233777904687,1.0,CLIENT,7,2,100000,21,297,0,2241,3460,559,103,261,254,309602.30399999884,21,False,False
196,46,-780.0844172028936,-995.0902622095655,1.0,CLIENT,7,2,100000,12,64,0,3985,4930,856,378,302,491,66715.64800000003,26,False,False
196,47,103.82202278529198,-1651.6556222097834,1.0,CLIENT,7,2,100000,15,69,0,1869,2716,735,95,253,426,71927.80800000003,26,False,False
196,48,-2036.4495963061472,2220.276617790202,1.0,CLIENT,7,2,100000,11,46,0,2411,2986,852,371,262,538,47951.872000000025,21,False,False
196,49,-196.17238584072402,-1011.3429822096621,1.0,CLIENT,7,2,100000,15,168,0,3928,5065,661,560,275,329,175128.5760000001,31,False,False
196,50,328.8178292545226,-1632.1746222099275,1.0,CLIENT,7,2,100000,12,93,0,2003,3048,706,182,260,378,96946.17600000005,24,False,False
196,51,-75.95287361964418,2044.6136577899708,1.0,CLIENT,7,2,100000,12,46,0,2583,3630,809,105,287,449,47951.872000000025,23,False,False
196,52,-909.1738802599148,-21.37422220960815,1.0,CLIENT,7,2,100000,8,29,0,5398,6623,821,647,300,469,30230.528000000013,41,False,False
196,53,202.65861781282572,-897.1286622093191,1.0,CLIENT,7,2,100000,10,49,0,3776,5667,764,611,297,426,51079.16800000003,39,False,False
196,54,-1462.5162596344117,-584.65342220964,1.0,CLIENT,7,2,100000,10,91,0,3227,4218,788,224,286,445,94861.31200000005,28,False,False
196,55,-337.85401124531836,1898.2278577901734,1.0,CLIENT,7,2,100000,10,168,0,3065,3986,774,153,296,412,175128.5760000001,28,False,False
196,56,1867.9918872394371,-2947.420422209769,1.0,CLIENT,7,2,100000,11,51,0,1273,1586,797,134,272,463,53164.03200000003,13,False,False
196,57,2386.7256191558813,-2341.616982209528,1.0,CLIENT,7,2,100000,12,97,0,1514,1836,823,281,277,460,101115.90400000005,14,False,False
196,58,-842.7284449808856,1660.3370177904392,1.0,CLIENT,7,2,100000,11,39,0,3563,5204,874,437,300,534,40654.84800000002,39,False,False
196,59,1703.3434248492447,-658.4585822099702,1.0,CLIENT,7,2,100000,11,259,0,1663,2429,541,211,270,250,269989.8879999999,21,False,False
196,60,2125.537245436546,-3240.8599422092593,1.0,CLIENT,7,2,100000,15,85,0,790,1138,628,20,260,323,88606.72000000004,11,False,False
196,61,-444.7685972130488,-649.3303422092877,1.0,CLIENT,7,2,100000,14,46,0,4939,5966,873,526,305,512,47951.872000000025,34,False,False
196,62,2469.564624283521,-1770.2114222094476,1.0,CLIENT,7,2,100000,10,243,0,1395,1981,573,180,261,275,253310.97600000014,16,False,False
196,63,-2441.7746711078416,1458.4025377900953,1.0,CLIENT,7,2,100000,14,156,0,2113,2937,674,269,247,361,162619.39200000008,23,False,False
196,64,1250.1047763367112,-734.1561822094775,1.0,CLIENT,7,2,100000,10,66,0,2799,4089,794,362,299,458,68800.51200000003,27,False,False
196,65,441.4345264735278,814.9729377907247,1.0,CLIENT,7,2,100000,14,40,0,4417,5572,936,466,306,558,41697.28000000002,34,False,False
196,66,997.4695694945693,-36.40242220963245,1.0,CLIENT,7,2,100000,16,235,0,3739,4882,603,518,265,282,244971.52000000014,30,False,False
196,67,203.05459776097942,1447.8271377906933,1.0,CLIENT,7,2,100000,12,172,0,3765,4811,738,445,293,368,179298.3040000001,30,False,False
196,68,-49.976589028753374,737.0489377905108,1.0,CLIENT,7,2,100000,10,28,0,6019,7423,783,926,298,450,29188.096000000012,38,False,False
196,69,-1308.0048839140275,1087.9295777905156,1.0,CLIENT,7,2,100000,11,122,0,4515,6116,673,717,284,326,127176.70400000007,44,False,False
196,70,1441.91746316113,-2155.4899422096137,1.0,CLIENT,7,2,100000,11,123,0,1854,2588,706,427,276,364,128219.13600000007,20,False,False
196,71,95.42724788690992,-253.47642220971977,1.0,CLIENT,7,2,100000,8,43,0,5592,6851,751,679,303,394,44824.57600000002,41,False,False
196,72,1728.369357564454,-1119.8799822093101,1.0,CLIENT,7,2,100000,10,82,0,1935,2448,893,218,311,515,85479.42400000004,22,False,False
196,73,557.4566512459793,446.1697777900932,1.0,CLIENT,7,2,100000,17,98,0,4189,5712,859,402,303,482,102158.33600000005,34,False,False
196,74,-2265.088418297604,1188.1175777906776,1.0,CLIENT,7,2,100000,12,59,0,2575,3352,774,503,265,452,61503.488000000034,27,False,False
196,75,-1406.0455996278488,2758.0643200003115,1.0,CLIENT,7,2,100000,14,59,0,1730,2441,819,68,255,472,61503.488000000034,21,False,False
196,76,1812.7962022920597,-2984.8899519996658,1.0,CLIENT,3,0.0,100000,17,135,0,985,1274,634,69,262,294,140728.32000000007,11,False,False

197,0,-1639.440100413429,2770.1974177907396,1.0,CLIENT,7,2,100000,13,32,0,2534,3410,846,156,272,542,33357.824000000015,22,False,False
197,1,226.8925906322905,-1411.5383822093422,1.0,CLIENT,7,2,100000,15,31,0,4661,5635,855,450,306,492,32315.392000000014,29,False,False
197,2,-79.67508513127588,-664.1359022098741,1.0,CLIENT,7,2,100000,10,37,0,5648,6304,835,803,313,493,38569.98400000002,33,False,False
197,3,-1500.2927466765682,-31.281702209905404,1.0,CLIENT,7,2,100000,12,203,0,2737,3777,589,671,258,279,211613.6960000001,29,False,False
197,4,2599.5252432262555,-3311.3255022093203,1.0,CLIENT,7,2,100000,18,226,0,824,1036,464,1,242,186,235589.63200000013,8,False,False
197,5,-1332.476444702272,2943.967937790212,1.0,CLIENT,7,2,100000,10,212,0,2337,3053,622,186,257,299,220995.58400000012,21,False,False
197,6,176.60313723252926,-1056.204942209506,1.0,CLIENT,7,2,100000,12,21,0,5338,6147,911,581,317,563,21891.072000000007,33,False,False
197,7,-2217.8084125031355,1747.5005777902638,1.0,CLIENT,7,2,100000,18,59,0,2799,3925,836,189,266,531,61503.488000000034,24,False,False
197,8,154.8242400908295,-891.3400222096965,1.0,CLIENT,7,2,100000,9,27,0,5514,6266,875,694,317,533,28145.66400000001,32,False,False
197,9,-603.873340330778,1134.6839777903276,1.0,CLIENT,7,2,100000,16,46,0,3697,4977,786,447,300,427,47951.872000000025,35,False,False
197,10,-938.6347883936577,1992.9611777906607,1.0,CLIENT,7,2,100000,11,35,0,4629,5373,726,1001,281,425,36485.12000000002,29,False,False
197,11,-480.40679253562564,413.4416977904621,1.0,CLIENT,7,2,100000,14,174,0,3862,6040,525,727,274,224,181383.1680000001,39,False,False
197,12,486.33865258019966,-476.33906220942976,1.0,CLIENT,7,2,100000,15,66,0,4872,6178,844,433,326,457,68800.51200000003,35,False,False
197,13,-450.62910044369755,-949.0037822096491,1.0,CLIENT,7,2,100000,17,50,0,4489,5444,954,255,308,572,52121.60000000003,30,False,False
197,14,240.67269282376193,-1672.917742209888,1.0,CLIENT,7,2,100000,14,91,0,3929,4995,758,361,301,401,94861.31200000005,28,False,False
197,15,1615.5942683660749,-1282.1845422092563,1.0,CLIENT,7,2,100000,8,96,0,2940,4497,668,826,273,343,100073.47200000005,33,False,False
197,16,2320.517771845632,-2225.8441822099558,1.0,CLIENT,7,2,100000,15,65,0,1702,2155,768,473,271,482,67758.08000000003,17,False,False
197,17,1808.7532870143286,-414.11118220992677,1.0,CLIENT,7,2,100000,13,45,0,2385,2946,915,217,274,593,46909.440000000024,25,False,False
197,18,-529.8250900491112,-956.3509022092919,1.0,CLIENT,7,2,100000,15,42,0,4375,5325,953,231,304,608,43782.14400000002,29,False,False
197,19,-1658.5263339080216,2475.1994177904385,1.0,CLIENT,7,2,100000,14,20,0,3152,3894,958,249,281,634,20848.640000000007,25,False,False
197,20,-1009.9111790382487,-812.1915022094104,1.0,CLIENT,7,2,100000,10,46,0,3365,4742,774,300,290,439,47951.872000000025,28,False,False
197,21,546.6859966598006,257.92765778998216,1.0,CLIENT,7,2,100000,15,179,0,3648,4854,642,626,292,308,186595.3280000001,36,False,False
197,22,2266.3477149554274,-2456.2765822095375,1.0,CLIENT,7,2,100000,10,32,0,1537,1972,875,264,268,576,33357.824000000015,15,False,False
197,23,2032.7987416084409,-701.3167822093365,1.0,CLIENT,7,2,100000,14,49,0,2028,2566,937,133,270,572,51079.16800000003,21,False,False
197,24,-597.4584651726016,498.37885779037094,1.0,CLIENT,7,2,100000,10,38,0,3500,5668,725,552,301,385,39612.41600000002,40,False,False
197,25,-1017.9891699784454,-784.6954622100162,1.0,CLIENT,7,2,100000,13,222,0,3283,4669,615,326,280,303,231419.90400000013,29,False,False
197,26,-1247.4199518656467,909.7062577904208,1.0,CLIENT,7,2,100000,12,138,0,3656,4614,689,548,303,349,143855.61600000007,35,False,False
197,27,40.861211048552,-80.15118220991411,1.0,CLIENT,7,2,100000,12,67,0,4647,6475,792,523,326,435,69842.94400000003,36,False,False
197,28,-301.1862680582172,2331.373977790505,1.0,CLIENT,7,2,100000,17,59,0,2659,3698,828,275,271,509,61503.488000000034,25,False,False
197,29,1016.080627052165,-2104.17142220946,1.0,CLIENT,7,2,100000,12,207,0,2209,3409,659,343,265,351,215783.42400000012,32,False,False
197,30,1244.0858811266883,-622.2795822095602,1.0,CLIENT,7,2,100000,10,43,0,3967,5236,885,542,299,535,44824.57600000002,31,False,False
197,31,-2155.639560662703,1698.0744977900783,1.0,CLIENT,7,2,100000,15,76,0,3116,4135,807,305,272,483,79224.83200000004,25,False,False
197,32,-589.3804742329675,-1220.8472222098776,1.0,CLIENT,7,2,100000,12,128,0,3871,4665,812,136,293,451,133431.29600000006,27,False,False
197,33,-1381.6571542469776,2260.7970977907244,1.0,CLIENT,7,2,100000,11,29,0,4145,4855,936,633,278,612,30230.528000000013,26,False,False
197,34,-1329.1502131387938,591.553697790047,1.0,CLIENT,7,2,100000,11,42,0,3273,4396,790,571,298,459,43782.14400000002,34,False,False
197,35,2073.7430682347012,-827.6649822098923,1.0,CLIENT,7,2,100000,9,37,0,2076,2641,918,193,273,575,38569.98400000002,24,False,False
197,36,-1218.6718076388056,1597.5525377899685,1.0,CLIENT,7,2,100000,7,10,0,4715,5794,847,739,293,544,10424.320000000002,30,False,False
197,37,694.6241052426346,-238.11426220974766,1.0,CLIENT,7,2,100000,14,30,0,4090,5738,885,316,316,530,31272.960000000014,37,False,False
197,38,-1933.811593777576,2480.8767377903423,1.0,CLIENT,7,2,100000,16,219,0,2708,3190,684,229,254,351,228292.60800000012,24,False,False
197,39,-1377.538962787755,1356.5447377901942,1.0,CLIENT,7,2,100000,16,44,0,4225,5320,814,558,293,501,45867.00800000002,32,False,False
197,40,594.5995703712025,-1977.8232222096954,1.0,CLIENT,7,2,100000,13,116,0,2642,4112,689,267,275,350,120922.11200000007,29,False,False
197,41,173.59368962779928,1473.3194177904006,1.0,CLIENT,7,2,100000,14,244,0,2547,3642,637,472,280,321,254353.40800000014,25,False,False
197,42,-1319.7258903753248,2498.353977790511,1.0,CLIENT,7,2,100000,17,43,0,3606,4282,928,455,277,586,44824.57600000002,26,False,False
197,43,2384.349739468085,-1139.9175822093425,1.0,CLIENT,7,2,100000,17,215,0,1642,2252,560,219,241,242,224122.88000000012,18,False,False
197,44,718.6204900933197,1155.9460977904323,1.0,CLIENT,7,2,100000,15,55,0,1234,2362,771,117,285,454,57333.76000000003,23,False,False
197,45,2024.6415546794012,-2092.482822209705,1.0,CLIENT,7,2,100000,17,124,0,1985,2519,702,584,262,397,129261.56800000007,21,False,False
197,46,-65.34061101227678,-1029.9334222093933,1.0,CLIENT,7,2,100000,12,25,0,5188,5882,928,487,313,582,26060.80000000001,29,False,False
197,47,2038.184068902093,-975.3866222094808,1.0,CLIENT,7,2,100000,15,46,0,2162,2786,882,280,271,570,47951.872000000025,25,False,False
197,48,-1294.779153649521,811.7446577901745,1.0,CLIENT,7,2,100000,11,25,0,3552,4517,789,580,311,464,26060.80000000001,32,False,False
197,49,-31.365531471720317,-708.997862209718,1.0,CLIENT,7,2,100000,15,31,0,5636,6270,834,832,309,507,32315.392000000014,31,False,False
197,50,2050.0634673427644,-2377.1280622092513,1.0,CLIENT,7,2,100000,12,35,0,1751,2156,895,434,270,605,36485.12000000002,16,False,False
197,51,881.2098567539008,-1104.5178222093382,1.0,CLIENT,7,2,100000,11,98,0,5111,6345,637,855,290,312,102158.33600000005,35,False,False
197,52,-254.38143820130801,2596.3155777899665,1.0,CLIENT,7,2,100000,8,222,0,2054,2919,606,194,264,283,231419.90400000013,22,False,False
197,53,-1729.5651365843958,2007.766737790456,1.0,CLIENT,7,2,100000,11,38,0,3825,4586,941,406,277,592,39612.41600000002,27,False,False
197,54,-2354.183906604046,1675.9218177906403,1.0,CLIENT,7,2,100000,11,202,0,2258,3438,591,195,252,279,210571.2640000001,25,False,False
197,55,-998.9029364832903,-876.3118222096722,1.0,CLIENT,7,2,100000,10,31,0,3356,4650,804,291,292,482,32315.392000000014,28,False,False
197,56,-794.9732632488576,1404.6349777905882,1.0,CLIENT,7,2,100000,10,82,0,4250,5267,739,617,309,380,85479.42400000004,34,False,False
197,57,1186.985572620597,-124.90182220924822,1.0,CLIENT,7,2,100000,11,207,0,3421,4630,659,512,278,314,215783.42400000012,30,False,False
197,58,1042.5320875800523,-623.8380622095804,1.0,CLIENT,7,2,100000,10,51,0,4654,5702,830,623,309,468,53164.03200000003,33,False,False
197,59,1848.8264577548764,-2703.740942209621,1.0,CLIENT,7,2,100000,11,55,0,1564,1826,885,266,268,544,57333.76000000003,16,False,False
197,60,-116.42202430834539,2026.913777790364,1.0,CLIENT,7,2,100000,13,106,0,2516,3733,814,200,280,467,110497.79200000006,28,False,False
197,61,-2067.6528162107534,-125.68106220965376,1.0,CLIENT,7,2,100000,15,72,0,1406,2134,756,123,261,451,75055.10400000004,20,False,False
197,62,-127.6678548320834,-1634.1783822096145,1.0,CLIENT,7,2,100000,10,101,0,3992,4810,816,293,311,433,105285.63200000006,25,False,False
197,63,-329.53843233690463,2505.255817790487,1.0,CLIENT,7,2,100000,14,60,0,2449,3328,789,268,272,464,62545.920000000035,23,False,False
197,64,-1148.6625528275188,1113.310537790504,1.0,CLIENT,7,2,100000,10,30,0,3837,4979,793,487,305,455,31272.960000000014,36,False,False
197,65,341.014011653942,-456.969382209293,1.0,CLIENT,7,2,100000,14,44,0,5156,6246,784,683,321,421,45867.00800000002,37,False,False
197,66,-2345.7099357162583,10.35197779017949,1.0,CLIENT,7,2,100000,18,220,0,808,1430,517,4,253,220,229335.04000000012,17,False,False
197,67,-1545.1968727826772,1594.6582177901573,1.0,CLIENT,7,2,100000,12,61,0,4346,5180,792,575,276,457,63588.352000000035,32,False,False
197,68,-839.7189973761556,1913.9239777900934,1.0,CLIENT,7,2,100000,10,37,0,4575,5379,756,954,294,445,38569.98400000002,30,False,False
197,69,2024.7207506688069,-210.6182222095626,1.0,CLIENT,7,2,100000,14,242,0,1789,2281,648,145,260,330,252268.54400000014,17,False,False
197,70,819.9913567885868,1146.038617790135,1.0,CLIENT,7,2,100000,15,283,0,1016,1977,524,107,270,223,295008.25599999924,21,False,False
197,71,-2281.006812208092,520.8654977905479,1.0,CLIENT,7,2,100000,11,187,0,2002,2678,734,276,272,366,194934.7840000001,21,False,False
197,72,1310.2145324469695,-2547.5589822092456,1.0,CLIENT,7,2,100000,10,194,0,1479,2124,687,185,264,332,202231.8080000001,20,False,False
197,73,-161.72213036260825,-1351.759542209984,1.0,CLIENT,7,2,100000,17,64,0,4552,5238,886,374,301,516,66715.64800000003,30,False,False
197,74,2606.652882290771,-2547.225022209298,1.0,CLIENT,7,2,100000,17,104,0,1197,1503,716,65,250,325,108412.92800000006,13,False,False
197,75,-1406.0455996278488,2758.0643200003115,1.0,CLIENT,7,2,100000,13,42,0,2831,3664,868,227,274,530,43782.14400000002,23,False,False
197,76,1812.7962022920597,-2984.8899519996658,1.0,CLIENT,3,0.0,100000,17,147,0,1322,1452,732,168,257,345,153237.50400000007,11,False,False

198,0,2505.440407574878,-1769.654822209271,1.0,CLIENT,7,2,100000,14,215,0,2273,2708,677,179,260,348,224122.88000000012,19,False,False
198,1,2124.507697572022,-673.5981022097135,1.0,CLIENT,7,2,100000,15,157,0,3460,4321,663,434,258,350,163661.82400000008,28,False,False
198,2,-1552.1661198678187,2659.322697790666,1.0,CLIENT,7,2,100000,11,37,0,1883,2312,876,298,277,566,38569.98400000002,21,False,False
198,3,-2102.815835595771,2516.9444177902424,1.0,CLIENT,7,2,100000,13,54,0,1725,2071,905,74,271,553,56291.32800000003,19,False,False
198,4,-982.984542572802,1094.274817790315,1.0,CLIENT,7,2,100000,16,134,0,4179,6121,678,360,279,336,139685.88800000006,44,False,False
198,5,-2393.9402933858455,2104.1698577906823,1.0,CLIENT,7,2,100000,10,155,0,1930,2546,731,228,271,367,161576.96000000008,19,False,False
198,6,-1557.7890351302506,706.3246177905665,1.0,CLIENT,7,2,100000,12,39,0,4079,5140,835,782,289,505,40654.84800000002,34,False,False
198,7,1766.6210205441703,-833.2309822092861,1.0,CLIENT,7,2,100000,17,51,0,4143,4917,834,506,277,512,53164.03200000003,29,False,False
198,8,727.4904409292611,297.7802177906091,1.0,CLIENT,7,2,100000,9,41,0,4510,5752,752,694,304,420,42739.71200000002,37,False,False
198,9,634.1183691842224,1400.5161377907048,1.0,CLIENT,7,2,100000,16,168,0,3201,4169,743,191,281,398,175128.5760000001,25,False,False
198,10,-1555.096371483143,2379.24157779067,1.0,CLIENT,7,2,100000,12,40,0,2272,3061,903,434,280,595,41697.28000000002,26,False,False
198,11,2225.6409762985095,-976.1658622098864,1.0,CLIENT,7,2,100000,14,65,0,3047,4045,851,209,275,513,67758.08000000003,25,False,False
198,12,191.88796322664703,1059.654297790716,1.0,CLIENT,7,2,100000,15,90,0,4071,4726,836,451,311,452,93818.88000000005,35,False,False
198,13,-1412.3851982140245,903.6949777905693,1.0,CLIENT,7,2,100000,15,27,0,4240,5587,760,744,290,455,28145.66400000001,37,False,False
198,14,2219.1469051503645,-1354.4312222095664,1.0,CLIENT,7,2,100000,14,54,0,2886,3548,929,190,280,575,56291.32800000003,25,False,False
198,15,31.753672243830955,-1434.9155822096438,1.0,CLIENT,7,2,100000,9,69,0,2025,2563,831,241,276,470,71927.80800000003,21,False,False
198,16,1886.998924744624,-2202.689622209883,1.0,CLIENT,7,2,100000,15,82,0,2438,3202,789,420,262,485,85479.42400000004,22,False,False
198,17,567.7521298945987,1071.5655377907,1.0,CLIENT,7,2,100000,12,25,0,4067,4943,826,586,307,473,26060.80000000001,28,False,False
198,18,310.7611436244545,-877.7589822099733,1.0,CLIENT,7,2,100000,15,176,0,3300,4509,610,769,272,292,183468.0320000001,26,False,False
198,19,-843.7579928459727,2315.7891777903037,1.0,CLIENT,7,2,100000,14,89,0,2539,3853,770,509,278,442,92776.44800000005,28,False,False
198,20,984.4814271994053,-71.13426220974134,1.0,CLIENT,7,2,100000,10,63,0,4016,5600,802,497,300,440,65673.21600000003,36,False,False
198,21,-1956.4616468044262,1931.2898977905434,1.0,CLIENT,7,2,100000,16,62,0,2917,3530,836,538,276,518,64630.784000000036,26,False,False
198,22,-1953.8481791478498,2179.310857790013,1.0,CLIENT,7,2,100000,10,31,0,2244,3074,927,250,279,594,32315.392000000014,22,False,False
198,23,214.45882026409146,332.2894177904891,1.0,CLIENT,7,2,100000,13,24,0,4541,5992,797,681,320,440,25018.36800000001,38,False,False
198,24,436.84115907674584,193.02809779010573,1.0,CLIENT,7,2,100000,9,161,0,5022,6145,581,926,288,258,167831.55200000008,37,False,False
198,25,-2049.5961305806854,2929.830297790312,1.0,CLIENT,7,2,100000,14,242,0,1316,1554,640,16,266,322,252268.54400000014,12,False,False
198,26,137.40112237769475,-1869.6201822099952,1.0,CLIENT,7,2,100000,12,254,0,1346,1855,618,3,264,310,264777.72800000006,15,False,False
198,27,-252.40153846110232,1081.2503777899774,1.0,CLIENT,7,2,100000,11,29,0,4579,5783,855,590,311,496,30230.528000000013,34,False,False
198,28,43.87065865384471,1363.55789779068,1.0,CLIENT,7,2,100000,17,34,0,3887,4750,990,398,300,647,35442.68800000002,32,False,False
198,29,1562.4537593409577,193.36205779005354,1.0,CLIENT,7,2,100000,12,34,0,3040,4431,834,223,286,498,35442.68800000002,27,False,False
198,30,-262.142645182194,1650.540857790652,1.0,CLIENT,7,2,100000,10,41,0,3614,4826,831,576,276,508,42739.71200000002,31,False,False
198,31,1182.7881851719687,-859.8364622093468,1.0,CLIENT,7,2,100000,15,39,0,4322,5419,745,746,292,440,40654.84800000002,33,False,False
198,32,781.2645178713117,-707.5507022094168,1.0,CLIENT,7,2,100000,11,32,0,4221,5459,766,701,309,428,33357.824000000015,36,False,False
198,33,188.7993196319487,2051.181537789999,1.0,CLIENT,7,2,100000,11,57,0,2858,3207,834,329,276,481,59418.62400000003,23,False,False
198,34,2344.0389807587576,-3323.5707022092524,1.0,CLIENT,7,2,100000,15,203,0,462,660,358,1,218,104,211613.6960000001,7,False,False
198,35,-1402.8816794611498,224.19769779050768,1.0,CLIENT,7,2,100000,9,61,0,4143,4661,736,920,296,413,63588.352000000035,28,False,False
198,36,2445.4098474540247,-1421.6685022098684,1.0,CLIENT,7,2,100000,8,27,0,2448,3015,883,111,278,552,28145.66400000001,24,False,False
198,37,-2308.2502326328495,320.378177790505,1.0,CLIENT,7,2,100000,14,65,0,2749,3137,953,191,285,571,67758.08000000003,22,False,False
198,38,-748.4060213607282,-292.54974220994114,1.0,CLIENT,7,2,100000,14,69,0,2678,4140,805,254,305,445,71927.80800000003,35,False,False
198,39,1873.8523904700858,-1050.3049822093735,1.0,CLIENT,7,2,100000,17,44,0,3918,4730,878,460,284,529,45867.00800000002,29,False,False
198,40,1490.3062128100912,-135.1432622094933,1.0,CLIENT,7,2,100000,13,56,0,3825,4772,861,385,293,499,58376.19200000003,30,False,False
198,41,-424.8904038221491,225.97881778996566,1.0,CLIENT,7,2,100000,12,68,0,4394,6089,765,639,324,397,70885.37600000003,37,False,False
198,42,619.4671111070379,1036.3884177901334,1.0,CLIENT,7,2,100000,17,67,0,4145,4970,756,655,312,401,69842.94400000003,27,False,False
198,43,-374.04657849486017,2580.285497790099,1.0,CLIENT,7,2,100000,17,268,0,1516,2256,554,191,255,269,279371.77599999966,24,False,False
198,44,-1619.482711032561,1297.7677777906792,1.0,CLIENT,7,2,100000,14,87,0,3706,4925,747,597,289,404,90691.58400000005,37,False,False
198,45,2440.103716150341,-1537.1073422094926,1.0,CLIENT,7,2,100000,19,85,0,2453,2882,844,162,267,502,88606.72000000004,22,False,False
198,46,1495.374756144995,6.901057790191487,1.0,CLIENT,7,2,100000,12,92,0,3611,4679,815,322,291,457,95903.74400000005,30,False,False
198,47,-569.9774567796271,-424.4639422098908,1.0,CLIENT,7,2,100000,15,267,0,2559,3842,556,362,274,247,278329.3439999997,35,False,False
198,48,-371.3539148483155,223.19581779066425,1.0,CLIENT,7,2,100000,11,58,0,4356,6120,785,608,323,403,60461.05600000003,41,False,False
198,49,268.7872691336697,1183.887417790284,1.0,CLIENT,7,2,100000,17,38,0,3917,4624,923,365,306,577,39612.41600000002,31,False,False
198,50,843.7501536699297,-1033.4956622098912,1.0,CLIENT,7,2,100000,12,53,0,3731,5047,786,652,285,460,55248.89600000003,35,False,False
198,51,1679.10945202978,-2498.355542209289,1.0,CLIENT,7,2,100000,13,198,0,1668,2376,603,375,247,302,206401.5360000001,21,False,False
198,52,999.6870572035546,-1057.0955022096305,1.0,CLIENT,7,2,100000,8,57,0,3964,5241,769,710,289,441,59418.62400000003,34,False,False
198,53,1821.5038413407133,-2106.6204622096047,1.0,CLIENT,7,2,100000,11,39,0,2699,3493,872,442,275,565,40654.84800000002,23,False,False
198,54,1660.1816105145617,-1343.2992222099879,1.0,CLIENT,7,2,100000,10,48,0,3943,4688,857,675,283,509,50036.736000000026,30,False,False
198,55,-1411.9892182658707,1062.1033377900696,1.0,CLIENT,7,2,100000,10,48,0,4034,5607,746,557,287,426,50036.736000000026,39,False,False
198,56,1430.1172607098642,169.4282577903664,1.0,CLIENT,7,2,100000,11,29,0,3370,4702,855,274,288,517,30230.528000000013,31,False,False
198,57,1640.4618091024731,500.3826177900578,1.0,CLIENT,7,2,100000,12,254,0,2206,3474,533,111,248,261,264777.72800000006,24,False,False
198,58,-2132.5935276871364,-196.92586220932952,1.0,CLIENT,7,2,100000,11,45,0,2216,2803,909,85,278,558,46909.440000000024,19,False,False
198,59,-2410.0962752656765,970.1530177904658,1.0,CLIENT,7,2,100000,11,73,0,2839,3571,825,359,288,482,76097.53600000004,22,False,False
198,60,-2214.244592970878,-123.3433422100191,1.0,CLIENT,7,2,100000,15,249,0,2125,2650,705,95,268,374,259565.56800000014,19,False,False
198,61,-2507.269754511752,747.9582977906514,1.0,CLIENT,7,2,100000,15,212,0,2631,3292,666,272,261,323,220995.58400000012,21,False,False
198,62,-1600.2380855585945,2197.1220577901295,1.0,CLIENT,7,2,100000,10,44,0,2606,3584,879,477,278,529,45867.00800000002,26,False,False
198,63,78.55850210074016,1942.199257790684,1.0,CLIENT,7,2,100000,14,222,0,3011,3377,669,385,264,332,231419.90400000013,26,False,False
198,64,-1687.908046051796,835.6784577906526,1.0,CLIENT,7,2,100000,9,42,0,3772,4890,848,684,289,521,43782.14400000002,33,False,False
198,65,1944.4160172089005,-1066.3350622100322,1.0,CLIENT,7,2,100000,16,31,0,3733,4562,920,386,284,592,32315.392000000014,27,False,False
198,66,-458.7862873732999,1431.01781779042,1.0,CLIENT,7,2,100000,14,79,0,4505,5667,815,728,293,467,82352.12800000004,35,False,False
198,67,-2205.2954461455306,1615.809017790543,1.0,CLIENT,7,2,100000,12,116,0,2792,3477,763,353,285,424,120922.11200000007,26,False,False
198,68,422.82346891649473,-1379.9235022092737,1.0,CLIENT,7,2,100000,10,41,0,2211,3120,931,102,272,574,42739.71200000002,30,False,False
198,69,-1539.890741478994,-305.9081422094354,1.0,CLIENT,7,2,100000,11,204,0,2639,3510,652,345,276,317,212656.1280000001,21,False,False
198,70,-482.2283002964573,873.7498977902396,1.0,CLIENT,7,2,100000,11,50,0,5199,6306,822,704,316,461,52121.60000000003,36,False,False
198,71,-1457.8436962476615,139.14921779008893,1.0,CLIENT,7,2,100000,8,27,0,4011,4527,824,829,300,504,28145.66400000001,26,False,False
198,72,746.4182824450421,-1938.5272622092452,1.0,CLIENT,7,2,100000,10,148,0,2433,3059,750,350,269,360,154279.93600000007,24,False,False
198,73,1207.180549970245,-1651.989582209731,1.0,CLIENT,7,2,100000,16,96,0,3739,4472,686,878,290,359,100073.47200000005,28,False,False
198,74,-1734.0793079917719,-94.06618220958507,1.0,CLIENT,7,2,100000,12,22,0,2978,3859,953,390,295,650,22933.504000000008,21,False,False
198,75,-1406.0455996278488,2758.0643200003115,1.0,CLIENT,7,2,100000,16,171,0,1701,2075,723,288,268,371,178255.8720000001,19,False,False
198,76,1812.7962022920597,-2984.8899519996658,1.0,CLIENT,3,0.0,100000,17,98,0,719,873,517,7,217,235,102158.33600000005,11,False,False

199,0,513.8196609731741,890.6705377902318,1.0,CLIENT,7,2,100000,13,32,0,4079,4957,882,480,291,532,33357.824000000015,29,False,False
199,1,-1023.136909302755,2712.533657789996,1.0,CLIENT,7,2,100000,15,36,0,1499,2027,876,156,268,577,37527.55200000002,15,False,False
199,2,2377.142904413601,-2063.650942209729,1.0,CLIENT,7,2,100000,11,81,0,2098,2477,840,425,287,517,84436.99200000004,22,False,False
199,3,-1163.2346149147347,1313.1299377906512,1.0,CLIENT,7,2,100000,12,89,0,3044,4525,759,512,304,377,92776.44800000005,35,False,False
199,4,-243.68997960453495,-1404.7478622098763,1.0,CLIENT,7,2,100000,16,238,0,2306,3583,603,331,267,280,248098.81600000014,23,False,False
199,5,-1297.3134253172543,-897.3513022095481,1.0,CLIENT,7,2,100000,9,98,0,2575,3407,798,305,305,428,102158.33600000005,20,False,False
199,6,899.4249343627802,-156.29406220987903,1.0,CLIENT,7,2,100000,13,80,0,4875,6022,859,416,306,469,83394.56000000004,35,False,False
199,7,1148.6547136514757,-616.3796222094277,1.0,CLIENT,7,2,100000,17,33,0,4251,5518,754,841,305,433,34400.256000000016,32,False,False
199,8,-1295.1751335976746,-52.8777822099579,1.0,CLIENT,7,2,100000,9,46,0,3466,4396,814,691,293,458,47951.872000000025,30,False,False
199,9,282.09219538701905,-436.26386220936496,1.0,CLIENT,7,2,100000,14,110,0,5495,7167,605,885,289,291,114667.52000000006,39,False,False
199,10,1048.7093747694494,-818.7593822094385,1.0,CLIENT,7,2,100000,12,36,0,4284,5424,718,914,307,391,37527.55200000002,34,False,False
199,11,930.9449382261345,127.34929779061474,1.0,CLIENT,7,2,100000,14,34,0,4998,5748,888,636,303,528,35442.68800000002,32,False,False
199,12,2185.8053935267417,-3199.894182209861,1.0,CLIENT,7,2,100000,16,56,0,1587,1755,915,12,266,567,58376.19200000003,14,False,False
199,13,571.870321354384,366.24201779019245,1.0,CLIENT,7,2,100000,15,53,0,4978,6109,865,544,298,518,55248.89600000003,34,False,False
199,14,-2441.7746711078416,16.697217789978822,1.0,CLIENT,7,2,100000,15,236,0,1478,2017,583,84,259,280,246013.95200000014,18,False,False
199,15,623.3477145980437,696.973737790446,1.0,CLIENT,7,2,100000,9,34,0,4322,5437,953,420,312,582,35442.68800000002,29,False,False
199,16,2032.244369681476,-2653.3129822095925,1.0,CLIENT,7,2,100000,15,53,0,1977,2315,968,175,271,661,55248.89600000003,19,False,False
199,17,39.910859173433344,879.3158977904244,1.0,CLIENT,7,2,100000,12,14,0,4803,5764,829,834,297,516,14594.048000000004,31,False,False
199,18,1363.9094133996146,-440.93930220942525,1.0,CLIENT,7,2,100000,15,56,0,3919,5127,855,489,305,492,58376.19200000003,31,False,False
199,19,1077.853498944444,-846.1441022099046,1.0,CLIENT,7,2,100000,13,76,0,4183,5290,694,866,305,358,79224.83200000004,33,False,False
199,20,2489.6012096537947,-2323.9171022099213,1.0,CLIENT,7,2,100000,10,82,0,2164,2242,806,493,281,482,85479.42400000004,18,False,False
199,21,-2480.4223140351487,1826.9830577904977,1.0,CLIENT,7,2,100000,18,232,0,1070,1547,591,52,250,289,241844.22400000013,16,False,False
199,22,-1099.0858633340965,774.3411377904831,1.0,CLIENT,7,2,100000,9,145,0,3737,4916,667,558,300,318,151152.64000000007,37,False,False
199,23,1863.1609318733128,-3029.351942209357,1.0,CLIENT,7,2,100000,14,55,0,1727,1948,953,55,272,592,57333.76000000003,18,False,False
199,24,150.54765665223283,505.61465779029476,1.0,CLIENT,7,2,100000,9,22,0,5051,6232,769,873,293,449,22933.504000000008,36,False,False
199,25,-593.4194697027845,1580.1866177903096,1.0,CLIENT,7,2,100000,12,172,0,2768,4373,710,362,300,370,179298.3040000001,35,False,False
199,26,2665.574698557131,-3125.087142209687,1.0,CLIENT,7,2,100000,12,208,0,1390,1524,722,0,269,345,216825.85600000012,14,False,False
199,27,-100.82041435604232,704.3208577900887,1.0,CLIENT,7,2,100000,10,83,0,5200,6149,628,1050,290,311,86521.85600000004,36,False,False
199,28,2093.0668896986363,-2968.9051822093115,1.0,CLIENT,7,2,100000,17,61,0,1756,1956,950,54,267,608,63588.352000000035,17,False,False
199,29,1231.8105027378633,479.00917779023416,1.0,CLIENT,7,2,100000,12,217,0,3997,5037,628,498,270,285,226207.74400000012,26,False,False
199,30,-1226.1162306615063,1856.9281377900365,1.0,CLIENT,7,2,100000,10,66,0,3013,3802,568,1284,265,298,68800.51200000003,24,False,False
199,31,-726.6271242190284,-1003.8845422095094,1.0,CLIENT,7,2,100000,15,181,0,2817,3442,769,280,289,393,188680.1920000001,30,False,False
199,32,297.53541336051086,463.5356977905431,1.0,CLIENT,7,2,100000,11,34,0,4896,6237,821,675,295,489,35442.68800000002,36,False,False
199,33,-1116.2713930790142,-1054.4238222092572,1.0,CLIENT,7,2,100000,11,46,0,2593,3128,788,386,294,438,47951.872000000025,20,False,False
199,34,1057.5793256053907,-531.5537822100288,1.0,CLIENT,7,2,100000,11,21,0,4438,5830,806,696,308,480,21891.072000000007,34,False,False
199,35,1697.0869416704425,-1734.4777022094954,1.0,CLIENT,7,2,100000,9,125,0,3279,3995,758,576,284,414,130304.00000000007,27,False,False
199,36,1803.4471557106453,-2581.2889422095113,1.0,CLIENT,7,2,100000,8,10,0,2141,2724,988,297,283,692,10424.320000000002,20,False,False
199,37,-200.21138131054104,898.9082177899991,1.0,CLIENT,7,2,100000,14,25,0,4814,5887,753,866,301,432,26060.80000000001,29,False,False
199,38,-755.6920524046175,-193.80890220928933,1.0,CLIENT,7,2,100000,13,43,0,4263,5537,737,730,294,414,44824.57600000002,36,False,False
199,39,2190.081976965338,-2108.178942209625,1.0,CLIENT,7,2,100000,17,63,0,2248,2812,855,478,290,538,65673.21600000003,23,False,False
199,40,2048.9547234882716,-2600.8812622098767,1.0,CLIENT,7,2,100000,13,34,0,2042,2365,991,227,278,673,35442.68800000002,19,False,False
199,41,-1782.3888616513277,2549.115897790488,1.0,CLIENT,7,2,100000,12,80,0,1742,2151,815,331,275,495,83394.56000000004,15,False,False
199,42,-2134.573427427342,1242.775697790309,1.0,CLIENT,7,2,100000,18,183,0,2079,2792,659,431,261,335,190765.0560000001,21,False,False
199,43,-2218.0460004719152,132.24737779011292,1.0,CLIENT,7,2,100000,16,67,0,1977,2709,822,215,273,475,69842.94400000003,19,False,False
199,44,-1999.7818531190462,-529.7726622097798,1.0,CLIENT,7,2,100000,17,213,0,2068,2763,654,142,260,313,222038.01600000012,16,False,False
199,45,2143.1979511190234,-1284.522262209682,1.0,CLIENT,7,2,100000,21,259,0,2554,3562,561,268,249,269,269989.8879999999,23,False,False
199,46,2383.953759519931,-3297.7444622095973,1.0,CLIENT,7,2,100000,12,57,0,1482,1646,878,5,270,570,59418.62400000003,14,False,False
199,47,-970.4715762146345,419.45297779031364,1.0,CLIENT,7,2,100000,15,60,0,3894,5597,780,436,294,440,62545.920000000035,34,False,False
199,48,-25.9010081886626,1688.723617790749,1.0,CLIENT,7,2,100000,11,211,0,2952,4066,669,355,284,328,219953.15200000012,27,False,False
199,49,-2014.037131248077,2395.049017790309,1.0,CLIENT,7,2,100000,19,193,0,1575,1993,660,293,258,324,201189.3760000001,15,False,False
199,50,-1075.9606343696869,-928.9661822096167,1.0,CLIENT,7,2,100000,12,45,0,2798,3463,782,487,291,437,46909.440000000024,23,False,False
199,51,-2086.89744168472,1638.9635777906155,1.0,CLIENT,7,2,100000,12,46,0,1809,2529,859,223,273,526,47951.872000000025,21,False,False
199,52,1931.4278749137366,-1724.1249422095314,1.0,CLIENT,7,2,100000,8,31,0,2879,3874,885,372,294,561,32315.392000000014,26,False,False
199,53,892.5348832670445,871.6348177900429,1.0,CLIENT,7,2,100000,11,31,0,3723,4720,953,253,308,580,32315.392000000014,25,False,False
199,54,-162.5140902583529,-1086.2613422095546,1.0,CLIENT,7,2,100000,10,28,0,3350,4853,857,497,297,523,29188.096000000012,29,False,False
199,55,-808.7533654403292,2854.132697790014,1.0,CLIENT,7,2,100000,11,56,0,1295,1805,768,83,263,455,58376.19200000003,13,False,False
199,56,-1532.7631024144785,-512.2954222096109,1.0,CLIENT,7,2,100000,10,73,0,2923,3441,837,464,290,476,76097.53600000004,23,False,False
199,57,-1447.4690216096362,447.95089779034214,1.0,CLIENT,7,2,100000,10,50,0,3237,4447,776,702,288,439,52121.60000000003,30,False,False
199,58,-604.6653002265225,2779.8822577900173,1.0,CLIENT,7,2,100000,12,224,0,1249,1788,594,122,260,281,233504.76800000013,13,False,False
199,59,-91.71287555132126,1467.8647377907257,1.0,CLIENT,7,2,100000,11,49,0,3481,4500,890,370,309,527,51079.16800000003,31,False,False
199,60,856.1047280487231,547.5822977903274,1.0,CLIENT,7,2,100000,13,26,0,4641,5555,961,479,317,624,27103.23200000001,28,False,False
199,61,1088.1489775930634,-1368.3462222100284,1.0,CLIENT,7,2,100000,14,39,0,3445,4650,850,453,327,496,40654.84800000002,31,False,False
199,62,-1293.7496057849967,58.55353779029258,1.0,CLIENT,7,2,100000,9,58,0,3554,4596,797,731,298,438,60461.05600000003,32,False,False
199,63,746.8934583826015,1273.1660577903053,1.0,CLIENT,7,2,100000,16,280,0,3334,3768,599,295,271,297,291880.9599999993,24,False,False
199,64,1115.234006038447,-1173.3135822096601,1.0,CLIENT,7,2,100000,10,21,0,3683,4732,848,555,321,511,21891.072000000007,31,False,False
199,65,-591.9939418895437,4.118057790099101,1.0,CLIENT,7,2,100000,14,115,0,4564,6086,663,630,303,320,119879.68000000007,42,False,False
199,66,-63.67749523081913,-1291.09014220971,1.0,CLIENT,7,2,100000,16,76,0,3108,4327,795,431,293,451,79224.83200000004,28,False,False
199,67,1867.0415353643186,-104.8642222100068,1.0,CLIENT,7,2,100000,17,279,0,2603,3530,575,188,267,288,290838.52799999935,24,False,False
199,68,-2294.1533464826302,2097.156697790196,1.0,CLIENT,7,2,100000,10,36,0,1418,1945,828,137,267,522,37527.55200000002,16,False,False
199,69,1496.325108020114,-2656.8752222092994,1.0,CLIENT,7,2,100000,12,164,0,2149,2746,765,312,270,420,170958.8480000001,21,False,False
199,70,634.4351531424076,-1706.7590222098725,1.0,CLIENT,7,2,100000,11,239,0,2766,3733,586,318,266,286,249141.24800000014,28,False,False
199,71,-1752.1359936218398,822.3200577903674,1.0,CLIENT,7,2,100000,9,85,0,2688,3745,797,499,302,428,88606.72000000004,26,False,False
199,72,869.6472422714147,-1673.029062209607,1.0,CLIENT,7,2,100000,10,71,0,3184,4246,754,439,296,419,74012.67200000004,30,False,False
199,73,-1288.6810624500927,2868.159017790195,1.0,CLIENT,7,2,100000,18,206,0,1246,1617,662,84,254,323,214740.99200000011,15,False,False
199,74,53.136589437377054,-138.37154220925242,1.0,CLIENT,7,2,100000,11,65,0,5499,7417,728,627,311,364,67758.08000000003,44,False,False
199,75,-1406.0455996278488,2758.0643200003115,1.0,CLIENT,7,2,100000,14,47,0,1482,1988,820,146,263,518,48994.304000000026,15,False,False
199,76,1812.7962022920597,-2984.8899519996658,1.0,CLIENT,3,0.0,100000,15,72,0,1623,1865,906,24,266,539,75055.10400000004,15,False,False

200,0,-46.41276949649569,-1278.956262209497,1.0,CLIENT,7,2,100000,13,32,0,5308,7293,927,332,290,583,33357.824000000015,44,False,False
200,1,301.89119278851314,-892.230582209821,1.0,CLIENT,7,2,100000,14,53,0,7346,9149,800,656,303,437,55248.89600000003,58,False,False
200,2,2338.020085548735,-2091.146982209914,1.0,CLIENT,7,2,100000,11,66,0,2396,3163,790,360,283,446,68800.51200000003,21,False,False
200,3,1328.904785993971,-2344.733942209568,1.0,CLIENT,7,2,100000,12,42,0,3608,4953,841,433,281,503,43782.14400000002,30,False,False
200,4,215.9635440667378,1702.8612577906486,1.0,CLIENT,7,2,100000,15,44,0,5318,6087,812,550,286,474,45867.00800000002,38,False,False
200,5,1089.3369174369616,-187.7976222094378,1.0,CLIENT,7,2,100000,9,22,0,7598,9686,840,693,314,490,22933.504000000008,52,False,False
200,6,542.7261971793893,-1120.325262209768,1.0,CLIENT,7,2,100000,12,24,0,7159,9010,826,602,306,482,25018.36800000001,54,False,False
200,7,-1723.308653405593,932.1928977905977,1.0,CLIENT,7,2,100000,17,35,0,5262,6913,749,947,296,440,36485.12000000002,40,False,False
200,8,-1004.6842437245333,-62.228662209287506,1.0,CLIENT,7,2,100000,9,77,0,6237,8571,735,868,294,397,80267.26400000004,50,False,False
200,9,2279.969425167525,-2969.573102209998,1.0,CLIENT,7,2,100000,19,81,0,1216,1551,738,10,255,348,84436.99200000004,12,False,False
200,10,-664.1414884204104,-1183.4437022093953,1.0,CLIENT,7,2,100000,12,57,0,4410,6186,862,418,310,495,59418.62400000003,37,False,False
200,11,-1084.4346052574747,-127.79614220985053,1.0,CLIENT,7,2,100000,14,28,0,5700,7757,810,771,300,485,29188.096000000012,49,False,False
200,12,-250.58003069970795,841.0218177906086,1.0,CLIENT,7,2,100000,15,25,0,8106,10304,881,675,316,523,26060.80000000001,52,False,False
200,13,96.85277569958791,1014.792337790081,1.0,CLIENT,7,2,100000,15,33,0,7686,9597,874,728,307,521,34400.256000000016,50,False,False
200,14,-2049.9129145394336,-53.99098220952027,1.0,CLIENT,7,2,100000,14,235,0,3862,5036,627,414,275,311,244971.52000000014,25,False,False
200,15,1337.4579528717272,-1546.0129422099465,1.0,CLIENT,7,2,100000,8,43,0,5902,7285,791,769,303,430,44824.57600000002,43,False,False
200,16,222.77439917250513,1670.5784577906843,1.0,CLIENT,7,2,100000,15,164,0,5315,6146,699,535,275,364,170958.8480000001,38,False,False
200,17,-341.9722027051037,1924.4993777902864,1.0,CLIENT,7,2,100000,13,53,0,4758,6182,856,377,311,496,55248.89600000003,32,False,False
200,18,650.51193903227,4.785977789994718,1.0,CLIENT,7,2,100000,15,33,0,8231,11235,841,718,318,484,34400.256000000016,67,False,False
200,19,-997.5566046600179,720.4622577904663,1.0,CLIENT,7,2,100000,14,32,0,7330,9464,826,453,308,475,33357.824000000015,51,False,False
200,20,2511.0633228367465,-2663.3317822096087,1.0,CLIENT,7,2,100000,11,136,0,1129,1744,642,16,260,293,141770.75200000007,14,False,False
200,21,-1504.7277220939761,988.1868577900204,1.0,CLIENT,7,2,100000,14,96,0,6262,7912,616,1024,280,294,100073.47200000005,45,False,False
200,22,-719.7370731232927,1519.294577790598,1.0,CLIENT,7,2,100000,9,106,0,6514,7822,687,737,295,338,110497.79200000006,46,False,False
200,23,2255.6562563586544,-848.927102209997,1.0,CLIENT,7,2,100000,15,263,0,3289,4666,642,208,266,342,274159.6159999998,34,False,False
200,24,1128.380540312985,506.17125779047143,1.0,CLIENT,7,2,100000,9,24,0,6299,7972,939,480,328,552,25018.36800000001,47,False,False
200,25,1208.4476858041116,70.68741779050555,1.0,CLIENT,7,2,100000,11,19,0,6743,8434,928,590,322,552,19806.208000000006,53,False,False
200,26,1159.6629562069968,-948.7811422094203,1.0,CLIENT,7,2,100000,12,25,0,7885,9974,777,909,304,452,26060.80000000001,50,False,False
200,27,731.1334564509244,-280.8611422093949,1.0,CLIENT,7,2,100000,11,21,0,8463,11032,816,694,318,450,21891.072000000007,62,False,False
200,28,438.4250788687978,-1506.1603822093196,1.0,CLIENT,7,2,100000,17,44,0,5693,7512,887,405,310,520,45867.00800000002,41,False,False
200,29,-787.2912522573774,2769.863457790001,1.0,CLIENT,7,2,100000,12,151,0,1426,2145,738,69,266,381,157407.23200000008,21,False,False
200,30,-871.7933731664747,-1112.7555022098963,1.0,CLIENT,7,2,100000,10,195,0,4009,5720,654,415,287,319,203274.2400000001,36,False,False
200,31,473.66729424322097,569.5123377903278,1.0,CLIENT,7,2,100000,15,83,0,8731,10508,784,843,299,421,86521.85600000004,54,False,False
200,32,-1566.4213979968495,321.3800577903484,1.0,CLIENT,7,2,100000,11,58,0,5676,7036,835,671,292,471,60461.05600000003,41,False,False
200,33,1840.4316828564945,370.1382177906382,1.0,CLIENT,7,2,100000,11,43,0,3918,5370,830,254,307,471,44824.57600000002,32,False,False
200,34,-204.09198480154677,-1549.2412222097055,1.0,CLIENT,7,2,100000,13,236,0,4051,5374,687,198,267,358,246013.95200000014,40,False,False
200,35,-2499.7461354990833,712.3358977904181,1.0,CLIENT,7,2,100000,10,244,0,2824,3651,634,309,277,318,254353.40800000014,22,False,False
200,36,-2316.4074195618896,959.1323377906062,1.0,CLIENT,7,2,100000,7,25,0,3254,4080,936,470,309,582,26060.80000000001,26,False,False
200,37,-223.73259022366685,1205.1495377903889,1.0,CLIENT,7,2,100000,14,16,0,6698,8711,958,478,312,619,16678.912000000004,50,False,False
200,38,190.3832394240007,-51.20798220942788,1.0,CLIENT,7,2,100000,14,111,0,8793,12482,666,601,308,314,115709.95200000006,68,False,False
200,39,107.62343028632932,1370.571057790375,1.0,CLIENT,7,2,100000,16,32,0,5923,7664,883,507,299,546,33357.824000000015,46,False,False
200,40,-23.60432449027161,-1074.1274622093417,1.0,CLIENT,7,2,100000,11,20,0,6238,8061,956,457,300,594,20848.640000000007,48,False,False
200,41,-1367.9562480454747,-52.32118220978123,1.0,CLIENT,7,2,100000,12,25,0,5304,6884,894,605,307,565,26060.80000000001,43,False,False
200,42,-382.9957253207699,2254.897137790592,1.0,CLIENT,7,2,100000,18,83,0,3635,4865,853,333,298,507,86521.85600000004,30,False,False
200,43,-2534.0379989983876,1497.2532177900875,1.0,CLIENT,7,2,100000,16,222,0,2193,2507,750,110,283,373,231419.90400000013,19,False,False
200,44,997.7863534533172,1154.72157779036,1.0,CLIENT,7,2,100000,17,285,0,5457,7492,594,331,259,299,297093.1199999992,38,False,False
200,45,-362.3255720335628,1091.9370977906804,1.0,CLIENT,7,2,100000,17,37,0,7297,9360,909,519,310,543,38569.98400000002,49,False,False
200,46,-1904.905057571361,-207.27862220929353,1.0,CLIENT,7,2,100000,12,53,0,3927,5350,877,347,303,527,55248.89600000003,26,False,False
200,47,-642.441787268679,182.11873778996505,1.0,CLIENT,7,2,100000,14,25,0,8066,10775,801,662,315,455,26060.80000000001,59,False,False
200,48,-1492.5315396951196,2850.904417790255,1.0,CLIENT,7,2,100000,14,239,0,997,1567,551,178,258,260,249141.24800000014,15,False,False
200,49,271.47993278021437,1388.4935777902106,1.0,CLIENT,7,2,100000,16,45,0,5817,7707,904,436,303,552,46909.440000000024,43,False,False
200,50,1861.5770120812606,-184.45802220995972,1.0,CLIENT,7,2,100000,12,203,0,5117,6525,696,334,278,358,211613.6960000001,36,False,False
200,51,1470.3488234297856,416.5586577905023,1.0,CLIENT,7,2,100000,12,146,0,5183,6639,743,383,300,388,152195.07200000007,39,False,False
200,52,1842.3323866072944,-288.8761822097243,1.0,CLIENT,7,2,100000,8,32,0,5408,6830,875,365,291,516,33357.824000000015,39,False,False
200,53,-1633.4212052034065,-729.2581022099794,1.0,CLIENT,7,2,100000,11,214,0,3208,4117,706,203,275,353,223080.44800000012,28,False,False
200,54,-1519.6957641299086,1092.8276577900137,1.0,CLIENT,7,2,100000,10,26,0,5888,7743,703,968,302,387,27103.23200000001,45,False,False
200,55,-918.43981104401,566.2840577905686,1.0,CLIENT,7,2,100000,10,27,0,7557,9739,819,500,313,444,28145.66400000001,53,False,False
200,56,2183.98388576591,-2010.6626222098364,1.0,CLIENT,7,2,100000,11,175,0,2845,3745,690,502,280,338,182425.6000000001,28,False,False
200,57,-331.43913608714195,2638.060577790561,1.0,CLIENT,7,2,100000,12,211,0,2015,3009,640,228,262,342,219953.15200000012,20,False,False
200,58,-412.0606535057963,997.5377377901409,1.0,CLIENT,7,2,100000,10,31,0,7853,9797,902,570,313,529,32315.392000000014,50,False,False
200,59,742.7752669228162,-948.8924622099302,1.0,CLIENT,7,2,100000,10,51,0,7918,9826,767,743,307,399,53164.03200000003,52,False,False
200,60,1119.5105894770436,128.68513779040597,1.0,CLIENT,7,2,100000,13,31,0,6760,8616,874,624,316,496,32315.392000000014,54,False,False
200,61,321.2942102418536,756.1959777904187,1.0,CLIENT,7,2,100000,13,24,0,8819,10376,786,947,308,453,25018.36800000001,54,False,False
200,62,379.66165458124885,-1416.4364622096314,1.0,CLIENT,7,2,100000,10,17,0,5882,7856,901,466,303,542,17721.344000000005,42,False,False
200,63,1995.022254566847,-1130.0101022098363,1.0,CLIENT,7,2,100000,14,55,0,3986,5800,863,372,294,517,57333.76000000003,40,False,False
200,64,-1803.5341908760938,1303.6677377900207,1.0,CLIENT,7,2,100000,10,31,0,3937,5766,876,576,304,535,32315.392000000014,36,False,False
200,65,-515.4906159306748,1253.017137790554,1.0,CLIENT,7,2,100000,15,38,0,6925,8814,895,440,311,529,39612.41600000002,46,False,False
200,66,1321.1435790125224,-2274.4910222097355,1.0,CLIENT,7,2,100000,16,49,0,3948,5211,826,479,284,488,51079.16800000003,31,False,False
200,67,939.418909113922,-1460.7418222092988,1.0,CLIENT,7,2,100000,11,19,0,6540,8126,853,644,308,502,19806.208000000006,42,False,False
200,68,-1100.0362152097778,119.33425779028539,1.0,CLIENT,7,2,100000,10,15,0,6436,8601,853,733,314,509,15636.480000000005,50,False,False
200,69,-374.9177343805732,1540.3340577904737,1.0,CLIENT,7,2,100000,11,38,0,5998,7561,921,441,303,570,39612.41600000002,43,False,False
200,70,-2456.188341215684,832.6728177903315,1.0,CLIENT,7,2,100000,11,28,0,3030,3784,887,399,298,536,29188.096000000012,23,False,False
200,71,564.90107426868,589.5499377903602,1.0,CLIENT,7,2,100000,8,19,0,8446,10262,871,779,315,516,19806.208000000006,53,False,False
200,72,-1694.5605091787522,1934.9634577899692,1.0,CLIENT,7,2,100000,9,117,0,2886,4348,669,627,284,339,121964.54400000007,31,False,False
200,73,1359.0784580340528,-2423.4371822093963,1.0,CLIENT,7,2,100000,17,122,0,3164,4447,787,375,274,420,127176.70400000007,29,False,False
200,74,1677.1295522901369,-1514.1754222096488,1.0,CLIENT,7,2,100000,11,37,0,5095,6448,835,665,314,488,38569.98400000002,41,False,False
200,75,-2464.899900072251,1908.5806177901375,1.0,CLIENT,7,2,100000,14,48,0,1920,2561,836,123,285,494,50036.736000000026,17,False,False
200,76,-668.6556598277867,589.3272977901313,1.0,CLIENT,7,2,100000,14,117,0,8459,10170,732,572,307,368,121964.54400000007,55,False,False
200,77,-2352.599986811994,2034.0382577905689,1.0,CLIENT,7,2,100000,15,231,0,1819,2527,616,190,277,302,240801.79200000013,16,False,False
200,78,-181.52112776410235,956.7946177901806,1.0,CLIENT,7,2,100000,14,18,0,7598,9863,922,617,322,559,18763.776000000005,53,False,False
200,79,330.9561209741023,-1693.8459022092538,1.0,CLIENT,7,2,100000,15,77,0,5097,6336,841,351,304,467,80267.26400000004,38,False,False
200,80,1237.354222009764,-1071.3444622092493,1.0,CLIENT,7,2,100000,9,33,0,7432,9548,780,889,302,447,34400.256000000016,48,False,False
200,81,1283.8422679084879,582.5367777906652,1.0,CLIENT,7,2,100000,16,44,0,5632,7126,921,374,323,533,45867.00800000002,41,False,False
200,82,696.0496330558752,-1248.009302209324,1.0,CLIENT,7,2,100000,10,24,0,7201,8871,830,690,302,482,25018.36800000001,49,False,False
200,83,305.5342083107392,-70.80030220979353,1.0,CLIENT,7,2,100000,15,28,0,8687,12474,763,605,315,413,29188.096000000012,67,False,False
200,84,-211.9323877724011,-670.9264222093401,1.0,CLIENT,7,2,100000,11,68,0,6999,9430,771,744,308,402,70885.37600000003,56,False,False
200,85,-1696.302820950178,190.57905779075213,1.0,CLIENT,7,2,100000,11,26,0,5430,6217,837,682,291,500,27103.23200000001,37,False,False
200,86,1649.0941719696348,-768.2201022096908,1.0,CLIENT,7,2,100000,13,46,0,6215,8198,925,464,294,571,47951.872000000025,46,False,False
200,87,1503.2151591158495,137.03413779068313,1.0,CLIENT,7,2,100000,15,22,0,5853,7326,928,520,310,573,22933.504000000008,41,False,False
200,88,-1306.4209641219754,-912.2681822098534,1.0,CLIENT,7,2,100000,10,74,0,3665,4778,867,345,309,493,77139.96800000004,31,False,False
200,89,1371.1162484540985,456.856497790005,1.0,CLIENT,7,2,100000,11,32,0,5421,6954,858,410,314,473,33357.824000000015,41,False,False
200,90,-467.577042219273,-82.2662622093199,1.0,CLIENT,7,2,100000,15,51,0,7951,10790,777,689,315,398,53164.03200000003,62,False,False
200,91,1256.0444755567655,-421.79226220951733,1.0,CLIENT,7,2,100000,13,55,0,8142,9594,809,858,298,436,57333.76000000003,49,False,False
200,92,945.6753922927244,-2244.879902209354,1.0,CLIENT,7,2,100000,11,133,0,4151,5583,704,306,277,362,138643.45600000006,30,False,False
200,93,1371.9082083498429,-1151.8288222093267,1.0,CLIENT,7,2,100000,15,25,0,6859,8800,766,954,303,445,26060.80000000001,46,False,False
200,94,-783.173060797592,-406.3187822098263,1.0,CLIENT,7,2,100000,13,38,0,5970,8206,806,771,314,468,39612.41600000002,50,False,False
200,95,653.4421906481572,-1628.278422209482,1.0,CLIENT,7,2,100000,12,57,0,5719,7140,823,496,313,444,59418.62400000003,43,False,False
200,96,138.35147425337613,1020.1356977900368,1.0,CLIENT,7,2,100000,15,28,0,7761,9629,899,716,314,554,29188.096000000012,50,False,False
200,97,488.31855232040533,-186.46178220964657,1.0,CLIENT,7,2,100000,13,51,0,8501,11947,773,551,317,405,53164.03200000003,67,False,False
200,98,21.458193595211586,-1586.8673822096257,1.0,CLIENT,7,2,100000,14,42,0,4320,5987,876,263,285,522,43782.14400000002,40,False,False
200,99,1802.8927837836802,-1493.9151822093877,1.0,CLIENT,7,2,100000,14,90,0,4683,6049,824,591,314,452,93818.88000000005,40,False,False
200,100,-1406.0455996278488,2758.0643200003115,1.0,CLIENT,7,2,100000,12,71,0,1300,1963,750,231,268,439,74012.67200000004,16,False,False
200,101,1812.7962022920597,-2984.8899519996658,1.0,CLIENT,3,0.0,100000,15,178,0,1265,1522,640,55,258,272,185552.8960000001,11,False,False

201,0,646.4729435624531,1382.1483377904112,1.0,CLIENT,7,2,100000,14,276,0,2886,4138,599,400,267,292,287711.23199999944,34,False,False
201,1,634.2767611635963,599.6800577900954,1.0,CLIENT,7,2,100000,14,112,0,5513,7128,766,540,307,402,116752.38400000006,48,False,False
201,2,-1664.6244251080127,825.5483377901265,1.0,CLIENT,7,2,100000,10,25,0,7243,9043,962,518,313,606,26060.80000000001,46,False,False
201,3,2079.8411594341296,-3109.0570622098194,1.0,CLIENT,7,2,100000,13,62,0,1329,1649,830,150,252,486,64630.784000000036,15,False,False
201,4,176.60313723252926,-1687.5006622094545,1.0,CLIENT,7,2,100000,16,191,0,4347,5160,792,181,276,422,199104.5120000001,40,False,False
201,5,-878.6042282722422,-324.3872622094477,1.0,CLIENT,7,2,100000,9,14,0,6432,8184,917,519,324,545,14594.048000000004,49,False,False
201,6,-1881.779828606389,379.9343777904255,1.0,CLIENT,7,2,100000,13,85,0,6713,8023,932,354,317,545,88606.72000000004,41,False,False
201,7,2106.9261878795132,-2403.399582209364,1.0,CLIENT,7,2,100000,17,54,0,2447,3632,845,473,258,546,56291.32800000003,25,False,False
201,8,1753.7120742384118,-1040.0635422099194,1.0,CLIENT,7,2,100000,10,24,0,6291,7759,841,447,298,502,25018.36800000001,42,False,False
201,9,2966.2026751000803,-2612.013262209455,1.0,CLIENT,7,2,100000,19,107,0,880,1044,607,1,238,313,111540.22400000006,11,False,False
201,10,-68.98362653450283,-663.6906222094162,1.0,CLIENT,7,2,100000,12,76,0,6646,9372,793,621,315,427,79224.83200000004,56,False,False
201,11,-1469.3271147407418,2347.626697790601,1.0,CLIENT,7,2,100000,14,28,0,3847,4978,953,511,291,611,29188.096000000012,30,False,False
201,12,-942.9113718322543,-281.4177422095716,1.0,CLIENT,7,2,100000,15,61,0,6570,8248,894,490,323,500,63588.352000000035,48,False,False
201,13,-1440.2621865551525,939.2060577902928,1.0,CLIENT,7,2,100000,15,29,0,7686,9648,926,600,312,562,30230.528000000013,49,False,False
201,14,834.3258309070233,381.27021779021675,1.0,CLIENT,7,2,100000,13,39,0,6034,7405,903,572,318,534,40654.84800000002,48,False,False
201,15,1820.6326854550002,-8.46110220978062,1.0,CLIENT,7,2,100000,9,32,0,4735,6075,940,214,302,574,33357.824000000015,33,False,False
201,16,-99.94925847032931,1023.0300177906392,1.0,CLIENT,7,2,100000,15,40,0,6274,8483,774,761,305,444,41697.28000000002,54,False,False
201,17,-1244.6480922296964,511.84857779037515,1.0,CLIENT,7,2,100000,11,11,0,9006,10100,883,864,320,544,11466.752000000002,46,False,False
201,18,2024.007986762468,-2530.7496622097633,1.0,CLIENT,7,2,100000,15,27,0,2217,3347,924,363,256,633,28145.66400000001,25,False,False
201,19,-1969.9249650377124,2352.5247777900995,1.0,CLIENT,7,2,100000,14,72,0,3011,3789,849,356,281,497,75055.10400000004,26,False,False
201,20,-1130.6058671974506,1276.1716977906267,1.0,CLIENT,7,2,100000,9,16,0,7333,9353,850,578,306,516,16678.912000000004,52,False,False
201,21,383.70065005106585,-766.3276622097228,1.0,CLIENT,7,2,100000,15,24,0,7731,10478,849,631,312,499,25018.36800000001,55,False,False
201,22,365.0895924940328,-460.5316222097909,1.0,CLIENT,7,2,100000,9,60,0,7894,10847,722,769,310,363,62545.920000000035,59,False,False
201,23,1297.7807620793333,-85.04926220941229,1.0,CLIENT,7,2,100000,13,28,0,6737,8224,945,523,312,570,29188.096000000012,42,False,False
201,24,-1595.0903462342849,1532.2076977904253,1.0,CLIENT,7,2,100000,9,24,0,6656,8007,797,876,296,472,25018.36800000001,41,False,False
201,25,691.6146576379045,-252.02926220941862,1.0,CLIENT,7,2,100000,11,33,0,7639,10069,767,833,305,416,34400.256000000016,55,False,False
201,26,14.884926458223916,442.1622577907195,1.0,CLIENT,7,2,100000,12,67,0,7691,10714,730,718,315,370,69842.94400000003,56,False,False
201,27,345.4489870719127,-1475.1021022094276,1.0,CLIENT,7,2,100000,12,20,0,5044,6687,971,269,296,612,20848.640000000007,42,False,False
201,28,961.6729821931812,-1642.5273822098916,1.0,CLIENT,7,2,100000,17,32,0,5979,7487,902,685,319,552,33357.824000000015,41,False,False
201,29,-1076.6733982760259,-639.0889022098336,1.0,CLIENT,7,2,100000,12,150,0,4813,6411,746,288,305,379,156364.80000000008,39,False,False
201,30,-1179.3905967945655,1573.1734577906147,1.0,CLIENT,7,2,100000,10,22,0,6653,8541,817,733,306,499,22933.504000000008,46,False,False
201,31,-1687.0368901660831,394.9625777904498,1.0,CLIENT,7,2,100000,15,38,0,7585,8564,933,570,313,574,39612.41600000002,42,False,False
201,32,775.562406620037,-991.1940622099107,1.0,CLIENT,7,2,100000,11,35,0,8391,9557,740,1050,299,405,36485.12000000002,49,False,False
201,33,-1237.5996491545868,2986.158217790474,1.0,CLIENT,7,2,100000,11,255,0,1625,2274,584,74,272,272,265820.16000000003,20,False,False
201,34,1224.682863673348,-1229.6415022098217,1.0,CLIENT,7,2,100000,11,26,0,7677,8858,878,747,315,532,27103.23200000001,43,False,False
201,35,-2388.3173781239766,712.3358977904181,1.0,CLIENT,7,2,100000,9,219,0,3794,5419,632,244,267,301,228292.60800000012,36,False,False
201,36,-843.9955808147523,-347.2078622095725,1.0,CLIENT,7,2,100000,7,20,0,6416,8110,895,533,321,509,20848.640000000007,49,False,False
201,37,-944.4952916243064,2496.461537790543,1.0,CLIENT,7,2,100000,14,91,0,3321,4484,819,419,302,451,94861.31200000005,28,False,False
201,38,2002.5458735795162,-2189.442542209317,1.0,CLIENT,7,2,100000,13,99,0,3599,4652,707,741,260,398,103200.76800000005,30,False,False
201,39,1648.0646241045479,-1145.1496222095795,1.0,CLIENT,7,2,100000,16,40,0,6739,8152,809,602,295,478,41697.28000000002,42,False,False
201,40,-941.6442359983877,-55.66078220925931,1.0,CLIENT,7,2,100000,11,22,0,7532,9154,933,513,321,548,22933.504000000008,48,False,False
201,41,-1157.8492876216453,1989.176297790725,1.0,CLIENT,7,2,100000,12,72,0,5484,6732,704,952,284,384,75055.10400000004,39,False,False
201,42,-1070.179327128444,1097.614417790584,1.0,CLIENT,7,2,100000,17,22,0,7712,10036,831,571,304,496,22933.504000000008,54,False,False
201,43,1615.9902483142287,-781.2445422100282,1.0,CLIENT,7,2,100000,16,27,0,6774,8102,956,323,308,592,28145.66400000001,44,False,False
201,44,-1207.029997166914,-285.870542209403,1.0,CLIENT,7,2,100000,14,36,0,6120,7832,944,263,312,564,37527.55200000002,41,False,False
201,45,-1724.3382012706802,165.97733779037839,1.0,CLIENT,7,2,100000,18,57,0,6759,7946,871,461,296,526,59418.62400000003,40,False,False
201,46,107.62343028632932,1924.1654177903386,1.0,CLIENT,7,2,100000,12,139,0,2715,4383,794,179,301,431,144898.04800000007,31,False,False
201,47,-98.12775070893493,38.627257789979126,1.0,CLIENT,7,2,100000,14,93,0,7853,10838,682,704,310,320,96946.17600000005,61,False,False
201,48,-1858.3378156832314,2726.11469779051,1.0,CLIENT,7,2,100000,13,183,0,2373,2945,732,250,274,367,190765.0560000001,21,False,False
201,49,-1191.428387214611,914.1590577902523,1.0,CLIENT,7,2,100000,15,30,0,8518,10268,828,788,309,486,31272.960000000014,51,False,False
201,50,-1009.119219142504,1325.709097790531,1.0,CLIENT,7,2,100000,12,73,0,6994,9187,784,554,300,433,76097.53600000004,52,False,False
201,51,812.5469337653234,-833.1196622095672,1.0,CLIENT,7,2,100000,10,19,0,8639,10068,746,1069,306,426,19806.208000000006,48,False,False
201,52,1438.8288195664315,-2719.771022209489,1.0,CLIENT,7,2,100000,8,185,0,2301,3344,720,174,261,382,192849.9200000001,27,False,False
201,53,-344.2688864034947,758.1997377901055,1.0,CLIENT,7,2,100000,10,59,0,7740,10492,750,682,312,382,61503.488000000034,59,False,False
201,54,-80.30865304820922,1353.8730577906117,1.0,CLIENT,7,2,100000,10,79,0,5440,7235,819,637,315,443,82352.12800000004,45,False,False
201,55,-724.9640084375708,-303.9043822097486,1.0,CLIENT,7,2,100000,10,22,0,6594,8482,880,587,329,502,22933.504000000008,50,False,False
201,56,692.802597481803,-2063.4283022095,1.0,CLIENT,7,2,100000,11,65,0,4110,5332,857,274,304,497,67758.08000000003,34,False,False
201,57,2371.4407931623264,-3030.353822209991,1.0,CLIENT,7,2,100000,13,114,0,1201,1362,769,123,252,391,118837.24800000007,13,False,False
201,58,1224.207687735226,-135.8111822093889,1.0,CLIENT,7,2,100000,10,18,0,7092,8562,909,638,310,555,18763.776000000005,43,False,False
201,59,-870.6846293119821,673.0399377899678,1.0,CLIENT,7,2,100000,10,54,0,9179,10638,789,755,318,408,56291.32800000003,54,False,False
201,60,-558.414842297141,1543.562337790233,1.0,CLIENT,7,2,100000,13,54,0,5897,7672,832,581,309,478,56291.32800000003,49,False,False
201,61,1337.537148861133,-1432.8005022094471,1.0,CLIENT,7,2,100000,14,25,0,6523,8245,915,579,321,553,26060.80000000001,43,False,False
201,62,3033.519266264823,-2695.169302209906,1.0,CLIENT,7,2,100000,10,179,0,820,964,525,2,244,217,186595.3280000001,10,False,False
201,63,-2179.7943374921992,779.0165777905435,1.0,CLIENT,7,2,100000,14,53,0,5064,6625,863,360,288,519,55248.89600000003,39,False,False
201,64,-929.5272495889368,877.3121377907376,1.0,CLIENT,7,2,100000,9,18,0,8905,10593,817,708,317,480,18763.776000000005,54,False,False
201,65,598.1633899034603,-1491.2435022098052,1.0,CLIENT,7,2,100000,14,84,0,5853,7469,864,508,297,508,87564.28800000004,43,False,False
201,66,1002.775700798253,-178.00146220965047,1.0,CLIENT,7,2,100000,14,23,0,7724,9310,828,843,310,496,23975.93600000001,49,False,False
201,67,-1913.7750084073025,1477.2156177900551,1.0,CLIENT,7,2,100000,12,120,0,5901,7268,709,718,281,373,125091.84000000007,40,False,False
201,68,737.4691356196951,-1535.3262222100348,1.0,CLIENT,7,2,100000,10,21,0,6084,7630,951,575,312,597,21891.072000000007,41,False,False
201,69,953.278207294799,29.27637779064952,1.0,CLIENT,7,2,100000,11,30,0,6817,8595,870,628,317,516,31272.960000000014,48,False,False
201,70,1368.0276048593998,-1879.7503022097303,1.0,CLIENT,7,2,100000,11,46,0,5348,6268,830,613,300,477,47951.872000000025,42,False,False
201,71,744.8343626529901,531.6635377901787,1.0,CLIENT,7,2,100000,8,24,0,5700,7047,889,536,322,529,25018.36800000001,47,False,False
201,72,1799.804140188982,-1197.3587022098573,1.0,CLIENT,7,2,100000,10,149,0,5972,7557,675,553,280,346,155322.36800000007,40,False,False
201,73,-1442.796458222886,201.48841779010183,1.0,CLIENT,7,2,100000,16,34,0,7502,8978,949,533,320,584,35442.68800000002,43,False,False
201,74,-138.35931342885647,-1131.2346222099086,1.0,CLIENT,7,2,100000,13,249,0,5300,7416,656,389,272,345,259565.56800000014,49,False,False
201,75,1260.5586469647046,-1680.0422222093018,1.0,CLIENT,7,2,100000,12,33,0,5868,7062,853,655,308,504,34400.256000000016,42,False,False
201,76,-1609.7416043114692,1489.1268577900394,1.0,CLIENT,7,2,100000,14,38,0,6754,8022,779,885,292,454,39612.41600000002,42,False,False
201,77,1232.2856786754228,-400.9754222098704,1.0,CLIENT,7,2,100000,13,41,0,7605,9264,814,776,302,468,42739.71200000002,43,False,False
201,78,-2286.788119449335,1913.3673777907077,1.0,CLIENT,7,2,100000,14,48,0,3057,4593,818,277,282,484,50036.736000000026,31,False,False
201,79,2056.8743224485315,-190.02402220935352,1.0,CLIENT,7,2,100000,17,256,0,4103,5306,627,244,266,313,266862.592,31,False,False
201,80,-2515.7437253995404,1917.5975377903103,1.0,CLIENT,7,2,100000,10,249,0,1997,3345,559,161,262,275,259565.56800000014,26,False,False
201,81,-846.4506564925173,129.57569779053046,1.0,CLIENT,7,2,100000,15,44,0,8141,9841,862,609,324,478,45867.00800000002,50,False,False
201,82,-220.56475063956285,2258.570697790018,1.0,CLIENT,7,2,100000,13,246,0,2851,4166,621,323,282,301,256438.27200000014,29,False,False
201,83,-1594.377582327946,-233.32750220996843,1.0,CLIENT,7,2,100000,15,155,0,5566,6708,827,182,303,429,161576.96000000008,37,False,False
201,84,1204.0919063755464,-206.49938220967897,1.0,CLIENT,7,2,100000,11,17,0,7293,8909,876,703,313,534,17721.344000000005,43,False,False
201,85,1074.1312874328123,-1229.084902209645,1.0,CLIENT,7,2,100000,11,15,0,7864,8877,828,885,313,504,15636.480000000005,44,False,False
201,86,-62.09357543876713,67.57045779046535,1.0,CLIENT,7,2,100000,13,30,0,7873,10817,741,706,320,393,31272.960000000014,62,False,False
201,87,573.2958491670621,-1807.61494220993,1.0,CLIENT,7,2,100000,15,30,0,4622,5931,922,320,302,588,31272.960000000014,37,False,False
201,88,2418.0872310398618,-2761.8499822100316,1.0,CLIENT,7,2,100000,12,52,0,1305,1680,851,125,255,508,54206.46400000003,19,False,False
201,89,1368.0276048593998,518.0824977904556,1.0,CLIENT,7,2,100000,11,242,0,4316,5593,666,405,276,320,252268.54400000014,35,False,False
201,90,675.1418917998885,860.836777790412,1.0,CLIENT,7,2,100000,15,42,0,4906,6312,892,466,317,520,43782.14400000002,42,False,False
201,91,1097.5733003559696,-2130.776902209521,1.0,CLIENT,7,2,100000,13,155,0,4589,5625,722,561,286,388,161576.96000000008,33,False,False
201,92,1592.0730594535119,-521.4236622095027,1.0,CLIENT,7,2,100000,10,61,0,6573,7937,961,388,302,573,63588.352000000035,43,False,False
201,93,1881.534401462129,-927.1850622093677,1.0,CLIENT,7,2,100000,16,70,0,5680,7159,836,245,298,482,72970.24000000003,40,False,False
201,94,1360.8207698049164,-92.39638220984602,1.0,CLIENT,7,2,100000,13,37,0,6588,7962,966,482,314,588,38569.98400000002,42,False,False
201,95,-2048.8833666743462,492.5902177907483,1.0,CLIENT,7,2,100000,12,33,0,5664,7504,922,274,307,567,34400.256000000016,38,False,False
201,96,-694.7111404080832,1226.9682577906701,1.0,CLIENT,7,2,100000,15,32,0,7005,9415,800,674,319,452,33357.824000000015,54,False,False
201,97,-1093.858928020381,381.93813779011236,1.0,CLIENT,7,2,100000,12,27,0,8977,10129,890,740,322,520,28145.66400000001,48,False,False
201,98,-1103.4416427626613,2053.073977789967,1.0,CLIENT,7,2,100000,13,33,0,5315,6467,711,968,285,401,34400.256000000016,37,False,False
201,99,-1286.146790782922,-516.9708622096712,1.0,CLIENT,7,2,100000,14,53,0,4847,6549,849,157,299,469,55248.89600000003,37,False,False
201,100,-1406.0455996278488,2758.0643200003115,1.0,CLIENT,7,2,100000,12,36,0,2273,3349,872,125,286,546,37527.55200000002,22,False,False
201,101,1812.7962022920597,-2984.8899519996658,1.0,CLIENT,3,0.0,100000,14,129,0,1182,1703,704,58,251,358,134473.72800000006,16,False,False

202,0,-1506.5492298553706,1530.3152577904575,1.0,CLIENT,7,2,100000,11,28,0,5108,6419,770,989,307,447,29188.096000000012,37,False,False
202,1,-223.25741428610752,1026.2582977903983,1.0,CLIENT,7,2,100000,14,58,0,6359,7901,778,754,292,435,60461.05600000003,46,False,False
202,2,-1902.3707859041906,-107.42458220987032,1.0,CLIENT,7,2,100000,11,16,0,4503,5505,1000,342,298,626,16678.912000000004,33,False,False
202,3,1414.5948467475296,-84.71530220946448,1.0,CLIENT,7,2,100000,12,31,0,5579,7413,959,362,291,603,32315.392000000014,42,False,False
202,4,159.57599946754823,-901.6927822096604,1.0,CLIENT,7,2,100000,15,33,0,5773,8218,836,561,320,486,34400.256000000016,49,False,False
202,5,359.0706972840101,-414.7791022098224,1.0,CLIENT,7,2,100000,9,20,0,7364,9834,804,663,328,450,20848.640000000007,54,False,False
202,6,735.6476278583008,-275.62910220994894,1.0,CLIENT,7,2,100000,12,57,0,7515,9265,845,701,320,450,59418.62400000003,53,False,False
202,7,-857.7756830062237,-497.3785422093056,1.0,CLIENT,7,2,100000,17,44,0,6127,7912,854,619,324,466,45867.00800000002,40,False,False
202,8,-2411.4426070889485,-34.06470220999779,1.0,CLIENT,7,2,100000,10,37,0,3001,3877,876,176,284,536,38569.98400000002,26,False,False
202,9,759.3272287508006,534.7804977902189,1.0,CLIENT,7,2,100000,14,38,0,6537,8158,886,582,325,509,39612.41600000002,41,False,False
202,10,-189.20313875558267,376.8174177903853,1.0,CLIENT,7,2,100000,12,25,0,7686,9750,805,641,299,455,26060.80000000001,52,False,False
202,11,1382.916450905364,-1232.424502209914,1.0,CLIENT,7,2,100000,14,17,0,6781,8581,830,794,309,496,17721.344000000005,48,False,False
202,12,1197.0434633009995,-773.8974222095944,1.0,CLIENT,7,2,100000,15,39,0,7450,9386,753,900,297,431,40654.84800000002,48,False,False
202,13,115.14704929843565,1512.170097790393,1.0,CLIENT,7,2,100000,17,66,0,3670,5384,872,256,294,515,68800.51200000003,35,False,False
202,14,1862.1313840087882,-101.07934220928001,1.0,CLIENT,7,2,100000,14,277,0,3887,5373,649,128,266,353,288753.6639999994,38,False,False
202,15,-1980.2996396757371,2228.1803377900214,1.0,CLIENT,7,2,100000,9,69,0,2629,3125,928,243,273,544,71927.80800000003,23,False,False
202,16,-2510.4375940958566,-232.10298220989614,1.0,CLIENT,7,2,100000,17,270,0,2328,3213,593,72,260,291,281456.6399999996,22,False,False
202,17,-2030.351505106719,447.06033779021766,1.0,CLIENT,7,2,100000,12,26,0,4742,6091,839,716,299,497,27103.23200000001,36,False,False
202,18,1504.4030989603107,-523.6500622094184,1.0,CLIENT,7,2,100000,15,40,0,6000,8088,926,444,298,567,41697.28000000002,45,False,False
202,19,96.14001179324892,-1608.5747822093972,1.0,CLIENT,7,2,100000,18,242,0,3393,5205,565,473,257,262,252268.54400000014,34,False,False
202,20,1549.3864210558254,-1728.6890622098726,1.0,CLIENT,7,2,100000,9,21,0,6312,7451,789,818,303,450,21891.072000000007,43,False,False
202,21,-831.0866345089939,1490.4626977906216,1.0,CLIENT,7,2,100000,15,106,0,4974,6667,728,610,286,370,110497.79200000006,44,False,False
202,22,2365.184309983524,-2323.1378622095153,1.0,CLIENT,7,2,100000,10,27,0,4173,5010,997,318,282,681,28145.66400000001,28,False,False
202,23,1322.7274988045745,-549.1423422099166,1.0,CLIENT,7,2,100000,13,31,0,7023,8720,916,644,299,558,32315.392000000014,49,False,False
202,24,1007.4482641850034,77.25529779053375,1.0,CLIENT,7,2,100000,9,20,0,6876,8510,889,636,313,527,20848.640000000007,44,False,False
202,25,671.7364642470048,-2267.9231422097073,1.0,CLIENT,7,2,100000,14,235,0,2695,4173,620,60,266,297,244971.52000000014,34,False,False
202,26,-2476.700102523517,1219.1758577905696,1.0,CLIENT,7,2,100000,12,150,0,3226,4408,727,113,280,370,156364.80000000008,29,False,False
202,27,-2310.230132372493,1798.8190977904171,1.0,CLIENT,7,2,100000,12,66,0,2750,3819,809,345,285,476,68800.51200000003,25,False,False
202,28,-298.0184284735505,147.8321777903139,1.0,CLIENT,7,2,100000,17,66,0,7945,9799,742,732,305,382,68800.51200000003,55,False,False
202,29,-1868.8708823006305,-132.0263022094531,1.0,CLIENT,7,2,100000,12,36,0,4543,5588,977,344,294,590,37527.55200000002,33,False,False
202,30,-940.2979041751155,-738.49766220959,1.0,CLIENT,7,2,100000,10,37,0,4442,6741,831,411,313,483,38569.98400000002,37,False,False
202,31,1033.107764817146,421.1227777900527,1.0,CLIENT,7,2,100000,15,75,0,5899,7657,855,538,320,468,78182.40000000004,40,False,False
202,32,705.0779758706279,-2007.5456622097963,1.0,CLIENT,7,2,100000,13,45,0,3645,5225,902,99,285,518,46909.440000000024,37,False,False
202,33,-1690.7591016777146,1157.7272177906812,1.0,CLIENT,7,2,100000,11,82,0,5389,6699,768,669,291,408,85479.42400000004,41,False,False
202,34,2498.391964499768,-2025.8021422095796,1.0,CLIENT,7,2,100000,12,30,0,4218,5084,957,303,288,639,31272.960000000014,32,False,False
202,35,38.326939381381344,-387.06042220940844,1.0,CLIENT,7,2,100000,9,22,0,7301,9513,848,706,335,473,22933.504000000008,50,False,False
202,36,-766.9378829283556,322.82721779064957,1.0,CLIENT,7,2,100000,8,16,0,7302,9531,802,574,307,443,16678.912000000004,53,False,False
202,37,-4.20130703693119,-30.836422209447676,1.0,CLIENT,7,2,100000,14,16,0,7596,9899,753,719,308,428,16678.912000000004,53,False,False
202,38,319.47270248102194,1011.230097790374,1.0,CLIENT,7,2,100000,13,30,0,5922,7235,936,595,310,565,31272.960000000014,39,False,False
202,39,1286.8517155137806,-1820.3054222095286,1.0,CLIENT,7,2,100000,16,22,0,5824,7436,806,729,307,479,22933.504000000008,43,False,False
202,40,-1999.6234611396721,2310.1118577904,1.0,CLIENT,7,2,100000,13,46,0,2543,2970,953,195,270,580,47951.872000000025,22,False,False
202,41,-335.636523536333,1913.9239777900934,1.0,CLIENT,7,2,100000,15,243,0,2635,4166,570,279,245,284,253310.97600000014,32,False,False
202,42,2054.102462812581,-2118.9769822092558,1.0,CLIENT,7,2,100000,17,42,0,5274,5874,876,730,281,553,43782.14400000002,34,False,False
202,43,-2287.1840993974893,1604.7883377906833,1.0,CLIENT,7,2,100000,16,129,0,3036,4350,764,244,288,418,134473.72800000006,28,False,False
202,44,687.6548581574932,370.02689779012826,1.0,CLIENT,7,2,100000,14,23,0,7228,8792,887,718,331,522,23975.93600000001,44,False,False
202,45,-1966.5195374842658,1737.7044177904763,1.0,CLIENT,7,2,100000,17,48,0,3800,4837,852,624,283,552,50036.736000000026,32,False,False
202,46,-169.40414135408858,-55.3268222093115,1.0,CLIENT,7,2,100000,12,38,0,7649,9559,735,819,317,382,39612.41600000002,52,False,False
202,47,-1079.286865933165,2077.5643777906216,1.0,CLIENT,7,2,100000,15,95,0,3015,4346,783,499,296,451,99031.04000000005,33,False,False
202,48,181.03811265049995,-829.2234622099124,1.0,CLIENT,7,2,100000,11,121,0,6027,8540,704,636,299,346,126134.27200000007,51,False,False
202,49,-754.6625045395306,-1044.5163422097507,1.0,CLIENT,7,2,100000,18,277,0,3389,4968,587,353,263,271,288753.6639999994,34,False,False
202,50,-1241.8762325931834,-424.4639422098908,1.0,CLIENT,7,2,100000,12,156,0,5396,7238,723,571,297,376,162619.39200000008,37,False,False
202,51,1864.7448516653649,-2851.9078622096677,1.0,CLIENT,7,2,100000,12,58,0,3367,4420,853,230,261,554,60461.05600000003,26,False,False
202,52,1953.4443600236532,-1457.068262209873,1.0,CLIENT,7,2,100000,8,36,0,5990,7117,891,443,303,531,37527.55200000002,44,False,False
202,53,1965.7989344024468,-1246.339502209585,1.0,CLIENT,7,2,100000,11,25,0,6047,6955,840,599,304,498,26060.80000000001,44,False,False
202,54,2120.7854860603907,-2257.5703822097435,1.0,CLIENT,7,2,100000,10,38,0,4934,5579,878,588,279,561,39612.41600000002,32,False,False
202,55,537.6576538444853,717.4566177901452,1.0,CLIENT,7,2,100000,10,40,0,6270,7805,835,499,305,478,41697.28000000002,41,False,False
202,56,2356.235163158177,-1667.90834220988,1.0,CLIENT,7,2,100000,11,33,0,4696,5800,918,304,300,561,34400.256000000016,36,False,False
202,57,-1817.2350970781595,2839.9950577901145,1.0,CLIENT,7,2,100000,12,237,0,1691,2101,643,8,257,341,247056.38400000014,15,False,False
202,58,1609.0210012290872,-1248.4545822097816,1.0,CLIENT,7,2,100000,10,22,0,6430,8056,859,683,309,521,22933.504000000008,48,False,False
202,59,1359.3952419922382,351.88173779006377,1.0,CLIENT,7,2,100000,11,136,0,4769,6285,790,304,295,421,141770.75200000007,39,False,False
202,60,-1927.2383266400257,-553.9291022096959,1.0,CLIENT,7,2,100000,13,174,0,3457,4368,760,237,276,393,181383.1680000001,26,False,False
202,61,1066.2116884725524,-2134.7844222096855,1.0,CLIENT,7,2,100000,14,76,0,4519,6051,783,417,291,443,79224.83200000004,39,False,False
202,62,2169.966195605659,-1433.5797422098526,1.0,CLIENT,7,2,100000,10,89,0,5406,6607,858,331,308,476,92776.44800000005,38,False,False
202,63,-1412.7019821727727,477.7846577901619,1.0,CLIENT,7,2,100000,14,54,0,6496,8185,780,779,309,424,56291.32800000003,45,False,False
202,64,1842.1739946279204,-1912.2557422099235,1.0,CLIENT,7,2,100000,9,31,0,5801,6725,864,824,301,522,32315.392000000014,38,False,False
202,65,-1871.5635459471753,2615.4626177906653,1.0,CLIENT,7,2,100000,16,47,0,2153,2534,919,43,260,568,48994.304000000026,17,False,False
202,66,2485.403822204604,-2289.296582209531,1.0,CLIENT,7,2,100000,16,45,0,3822,4734,977,266,278,635,46909.440000000024,28,False,False
202,67,319.94787841858124,-779.3521022092693,1.0,CLIENT,7,2,100000,11,38,0,6532,9126,793,672,316,432,39612.41600000002,53,False,False
202,68,517.4626764954002,1132.9028577900785,1.0,CLIENT,7,2,100000,10,32,0,4696,6302,891,398,309,531,33357.824000000015,35,False,False
202,69,-1189.6068794537791,2271.4838177906363,1.0,CLIENT,7,2,100000,11,114,0,2709,3420,731,487,275,412,118837.24800000007,28,False,False
202,70,2594.0607199437604,-2855.5814222098843,1.0,CLIENT,7,2,100000,15,196,0,2356,2945,703,134,255,354,204316.6720000001,23,False,False
202,71,-1907.5185252285,402.53233779032144,1.0,CLIENT,7,2,100000,8,58,0,5144,6600,784,782,297,438,60461.05600000003,38,False,False
202,72,436.28678714921807,1518.7379777904212,1.0,CLIENT,7,2,100000,10,195,0,3095,4536,704,179,286,353,203274.2400000001,29,False,False
202,73,377.60255885163747,51.0950977901399,1.0,CLIENT,7,2,100000,16,32,0,7886,9624,822,667,320,453,33357.824000000015,51,False,False
202,74,-1712.775586788194,1748.0571777904404,1.0,CLIENT,7,2,100000,11,40,0,4159,5322,856,746,290,548,41697.28000000002,33,False,False
202,75,-639.9867115909141,591.6650177905569,1.0,CLIENT,7,2,100000,12,20,0,6949,9673,816,536,304,476,20848.640000000007,53,False,False
202,76,793.302308291357,1010.6734977901974,1.0,CLIENT,7,2,100000,14,168,0,4323,5987,721,259,289,370,175128.5760000001,36,False,False
202,77,1326.2121223474264,-1509.9452622092554,1.0,CLIENT,7,2,100000,13,67,0,6437,8207,712,832,297,371,69842.94400000003,47,False,False
202,78,1935.4668703835534,-936.5359422094883,1.0,CLIENT,7,2,100000,14,142,0,5354,6853,761,454,297,395,148025.34400000007,43,False,False
202,79,523.0063957673008,-1411.5383822093422,1.0,CLIENT,7,2,100000,15,64,0,5281,7115,857,448,292,487,66715.64800000003,44,False,False
202,80,-510.1052886375855,598.3442177903041,1.0,CLIENT,7,2,100000,9,32,0,7044,9690,788,573,293,448,33357.824000000015,53,False,False
202,81,-1568.1637097682756,718.4584977899885,1.0,CLIENT,7,2,100000,15,24,0,5908,7702,817,748,309,486,25018.36800000001,42,False,False
202,82,1286.297343586253,-2071.1093822098815,1.0,CLIENT,7,2,100000,11,32,0,5495,6684,815,684,321,463,33357.824000000015,40,False,False
202,83,1733.6754888681378,-298.8949822097405,1.0,CLIENT,7,2,100000,15,42,0,4770,6371,910,248,287,568,43782.14400000002,40,False,False
202,84,-1144.7027533471073,-659.2378222095849,1.0,CLIENT,7,2,100000,11,51,0,4097,6745,843,291,320,478,53164.03200000003,37,False,False
202,85,2574.9744864486056,-2414.5315822097336,1.0,CLIENT,7,2,100000,13,56,0,3315,4210,941,213,273,616,58376.19200000003,26,False,False
202,86,-1248.3703037407654,589.772577790589,1.0,CLIENT,7,2,100000,13,31,0,6595,8386,769,676,301,428,32315.392000000014,49,False,False
202,87,-890.1668427547282,618.6044577905653,1.0,CLIENT,7,2,100000,15,122,0,6700,9072,688,543,298,327,127176.70400000007,55,False,False
202,88,-222.14867043161485,747.8469777901415,1.0,CLIENT,7,2,100000,9,41,0,6975,8655,813,759,310,446,42739.71200000002,52,False,False
202,89,2008.4063768101646,-2812.6119022100083,1.0,CLIENT,7,2,100000,11,32,0,3368,4402,924,201,268,616,33357.824000000015,27,False,False
202,90,1304.8292051538804,-401.53202220925607,1.0,CLIENT,7,2,100000,15,38,0,6706,8529,943,535,295,582,39612.41600000002,46,False,False
202,91,2491.501913404032,-2878.0680622092705,1.0,CLIENT,7,2,100000,13,57,0,2493,3229,868,112,256,530,59418.62400000003,23,False,False
202,92,2261.199975631118,-2273.489142209892,1.0,CLIENT,7,2,100000,10,26,0,4613,5293,982,441,284,657,27103.23200000001,30,False,False
202,93,-1031.6108801905427,938.0928577907304,1.0,CLIENT,7,2,100000,15,34,0,6057,8325,786,616,306,443,35442.68800000002,53,False,False
202,94,1063.8358087841927,-1047.521982209281,1.0,CLIENT,7,2,100000,12,44,0,7399,9156,728,1000,307,391,45867.00800000002,50,False,False
202,95,221.2696753704215,-1.559262209804615,1.0,CLIENT,7,2,100000,11,76,0,7805,9916,767,614,315,389,79224.83200000004,50,False,False
202,96,-1815.0176093691744,92.50613778999593,1.0,CLIENT,7,2,100000,15,27,0,5065,6160,945,536,305,594,28145.66400000001,36,False,False
202,97,2663.8323867862678,-1772.6604622095922,1.0,CLIENT,7,2,100000,13,197,0,3644,4635,715,218,267,362,205359.1040000001,31,False,False
202,98,-1822.3828364024694,495.4845377905596,1.0,CLIENT,7,2,100000,13,31,0,5468,6872,819,835,295,497,32315.392000000014,40,False,False
202,99,-2322.9014907094715,797.2730577903269,1.0,CLIENT,7,2,100000,14,126,0,4331,5075,735,461,284,380,131346.43200000006,32,False,False
202,100,-1406.0455996278488,2758.0643200003115,1.0,CLIENT,7,2,100000,12,93,0,1794,2495,757,56,259,434,96946.17600000005,16,False,False
202,101,1812.7962022920597,-2984.8899519996658,1.0,CLIENT,3,0.0,100000,14,192,0,2272,3136,609,77,249,278,200146.9440000001,23,False,False

203,0,-1277.5936239051657,-502.27662220959473,1.0,CLIENT,7,2,100000,13,17,0,6136,7728,980,328,319,618,17721.344000000005,41,False,False
203,1,415.775025841385,-858.6119422092745,1.0,CLIENT,7,2,100000,14,41,0,6154,8056,750,835,294,407,42739.71200000002,44,False,False
203,2,-1534.2678262171246,1033.82805779027,1.0,CLIENT,7,2,100000,10,22,0,6677,9592,819,565,319,467,22933.504000000008,57,False,False
203,3,-502.5816696249164,225.08825779063216,1.0,CLIENT,7,2,100000,12,38,0,7415,10672,741,624,314,386,39612.41600000002,60,False,False
203,4,225.3086708402385,-458.8618222092609,1.0,CLIENT,7,2,100000,15,45,0,6739,8622,794,690,316,430,46909.440000000024,47,False,False
203,5,-1814.1464534834613,1055.3128177906035,1.0,CLIENT,7,2,100000,9,40,0,5906,8399,842,589,312,478,41697.28000000002,53,False,False
203,6,952.0902674509008,-1787.13206220944,1.0,CLIENT,7,2,100000,13,36,0,3895,5405,842,381,302,519,37527.55200000002,34,False,False
203,7,2051.4889951554424,-1441.1495022097242,1.0,CLIENT,7,2,100000,17,64,0,3637,4406,802,607,298,465,66715.64800000003,29,False,False
203,8,2071.842364484464,-1594.8824222099552,1.0,CLIENT,7,2,100000,9,26,0,3494,4326,794,645,302,480,27103.23200000001,28,False,False
203,9,2438.2030123995414,-2577.3927422098564,1.0,CLIENT,7,2,100000,16,79,0,1721,1917,886,123,263,502,82352.12800000004,16,False,False
203,10,2253.834748597823,-3206.684702209327,1.0,CLIENT,7,2,100000,12,166,0,883,1122,613,5,249,258,173043.7120000001,12,False,False
203,11,65.01598787861114,-578.6421422097885,1.0,CLIENT,7,2,100000,14,64,0,6996,8747,722,807,302,373,66715.64800000003,46,False,False
203,12,2390.051850719359,-758.3126222093936,1.0,CLIENT,7,2,100000,19,259,0,2393,3105,582,133,235,326,269989.8879999999,24,False,False
203,13,-1839.6475621362301,900.5780177905291,1.0,CLIENT,7,2,100000,15,19,0,5950,8439,852,596,312,503,19806.208000000006,50,False,False
203,14,-444.84779320245445,-7.793182209885003,1.0,CLIENT,7,2,100000,14,105,0,7364,9447,750,562,313,369,109455.36000000006,63,False,False
203,15,-464.0132226870153,1788.577657790172,1.0,CLIENT,7,2,100000,9,88,0,5722,7493,783,504,304,420,91734.01600000005,40,False,False
203,16,-1469.4063107301474,1577.0696577902695,1.0,CLIENT,7,2,100000,15,24,0,7224,7952,752,1055,287,445,25018.36800000001,45,False,False
203,17,-2433.6174841782395,-27.830782209917402,1.0,CLIENT,7,2,100000,13,219,0,3468,4847,685,204,292,354,228292.60800000012,30,False,False
203,18,-2388.1589861446027,1294.0942177904622,1.0,CLIENT,7,2,100000,15,157,0,3910,5317,750,269,279,401,163661.82400000008,38,False,False
203,19,-98.76131862586827,-1019.6919822099392,1.0,CLIENT,7,2,100000,13,54,0,6168,8112,899,453,314,528,56291.32800000003,42,False,False
203,20,128.29358357297372,1479.330697790252,1.0,CLIENT,7,2,100000,10,37,0,4822,5899,902,305,303,518,38569.98400000002,35,False,False
203,21,-1386.6465015924762,742.6149377906955,1.0,CLIENT,7,2,100000,15,64,0,8457,10992,670,896,311,323,66715.64800000003,57,False,False
203,22,-636.0269121105027,-670.4811422096734,1.0,CLIENT,7,2,100000,9,24,0,6878,7948,896,649,314,539,25018.36800000001,40,False,False
203,23,-977.5992152791499,1031.3790177901253,1.0,CLIENT,7,2,100000,14,116,0,7498,10030,769,456,314,383,120922.11200000007,61,False,False
203,24,748.7149661434331,-1208.9359822098936,1.0,CLIENT,7,2,100000,9,30,0,5347,6339,767,807,297,427,31272.960000000014,42,False,False
203,25,-1894.2927949639936,-463.75990220955003,1.0,CLIENT,7,2,100000,12,29,0,4886,6291,958,251,319,571,30230.528000000013,32,False,False
203,26,-636.1853040898767,-175.32978220927703,1.0,CLIENT,7,2,100000,12,27,0,7374,9254,852,605,321,487,28145.66400000001,54,False,False
203,27,2479.226535015207,-2448.372862209718,1.0,CLIENT,7,2,100000,13,97,0,1818,2003,846,173,265,482,101115.90400000005,17,False,False
203,28,1240.126081646277,-1352.7614222098273,1.0,CLIENT,7,2,100000,17,84,0,4864,6196,706,814,292,376,87564.28800000004,34,False,False
203,29,-233.07771699716756,1209.7136577907302,1.0,CLIENT,7,2,100000,12,131,0,6309,7744,722,680,304,353,136558.59200000006,44,False,False
203,30,-2429.7368806877967,2074.670057790019,1.0,CLIENT,7,2,100000,11,260,0,3005,4268,609,241,260,323,271032.3199999999,27,False,False
203,31,-1885.8980200661742,-355.3342222096208,1.0,CLIENT,7,2,100000,15,102,0,5203,6608,872,325,307,498,106328.06400000006,34,False,False
203,32,-1997.0891894725014,2348.9625377903926,1.0,CLIENT,7,2,100000,12,32,0,4009,5327,955,333,288,620,33357.824000000015,31,False,False
203,33,2577.5879541057443,-2232.8573422096506,1.0,CLIENT,7,2,100000,11,60,0,1838,2212,860,161,268,515,62545.920000000035,19,False,False
203,34,881.7642286808658,-170.76566220972666,1.0,CLIENT,7,2,100000,11,168,0,4996,6697,659,589,271,330,175128.5760000001,44,False,False
203,35,-354.6435610415197,-990.4148222095051,1.0,CLIENT,7,2,100000,9,32,0,6424,7719,968,412,332,579,33357.824000000015,41,False,False
203,36,-749.1979812570356,-145.38470220973835,1.0,CLIENT,7,2,100000,7,12,0,7563,9481,862,670,330,506,12509.184000000003,57,False,False
203,37,-614.960778875142,1402.7425377906204,1.0,CLIENT,7,2,100000,14,22,0,6713,8714,902,428,325,534,22933.504000000008,49,False,False
203,38,138.66825821156144,537.6748177900301,1.0,CLIENT,7,2,100000,13,34,0,5601,7733,762,746,301,415,35442.68800000002,55,False,False
203,39,-1115.0834532345532,1597.7751777901974,1.0,CLIENT,7,2,100000,16,28,0,6991,8172,877,617,308,528,29188.096000000012,48,False,False
203,40,2068.6745248997977,-2445.4785422099067,1.0,CLIENT,7,2,100000,13,33,0,2077,2765,948,261,273,642,34400.256000000016,22,False,False
203,41,-752.9201927681046,1784.6814577905172,1.0,CLIENT,7,2,100000,12,50,0,6466,7883,810,502,307,448,52121.60000000003,43,False,False
203,42,-1589.3882349824478,-765.2144622093695,1.0,CLIENT,7,2,100000,18,211,0,5111,6208,735,205,298,377,219953.15200000012,36,False,False
203,43,51.473473655919406,202.82425779068404,1.0,CLIENT,7,2,100000,16,93,0,5866,9045,671,587,297,332,96946.17600000005,56,False,False
203,44,1682.2772916144468,-1096.057502209342,1.0,CLIENT,7,2,100000,14,38,0,4327,5334,887,647,281,565,39612.41600000002,32,False,False
203,45,-864.4281461331797,-896.9060222098813,1.0,CLIENT,7,2,100000,17,159,0,6418,7373,728,577,302,370,165746.68800000008,38,False,False
203,46,1221.198240130496,-154.06766220996332,1.0,CLIENT,7,2,100000,12,29,0,3885,5512,889,356,285,556,30230.528000000013,37,False,False
203,47,-1065.6651557210678,-884.9947822098972,1.0,CLIENT,7,2,100000,15,38,0,6240,7274,907,470,313,526,39612.41600000002,35,False,False
203,48,-1157.2949156946804,1544.675537790586,1.0,CLIENT,7,2,100000,11,30,0,6984,8347,863,640,310,505,31272.960000000014,51,False,False
203,49,1651.4700516574317,-2149.367342209252,1.0,CLIENT,7,2,100000,15,160,0,3328,4097,597,805,254,308,166789.12000000008,26,False,False
203,50,-1760.6099645101904,2822.5178177907364,1.0,CLIENT,7,2,100000,13,216,0,2565,3655,661,215,268,322,225165.31200000012,26,False,False
203,51,1534.1015950622702,258.81821779010664,1.0,CLIENT,7,2,100000,14,249,0,1996,3356,565,134,244,285,259565.56800000014,27,False,False
203,52,-877.5746804077178,2718.6562577903574,1.0,CLIENT,7,2,100000,8,220,0,3651,4914,604,179,261,281,229335.04000000012,31,False,False
203,53,79.66724595523283,-990.1921822092763,1.0,CLIENT,7,2,100000,10,14,0,6234,8182,891,664,302,562,14594.048000000004,40,False,False
203,54,-1127.1212436545986,-329.3966622094558,1.0,CLIENT,7,2,100000,10,46,0,6757,8712,931,433,324,543,47951.872000000025,46,False,False
203,55,1740.16956001572,-404.8716222095251,1.0,CLIENT,7,2,100000,10,91,0,3188,4014,818,355,269,480,94861.31200000005,29,False,False
203,56,420.36839323872965,1462.6326977904887,1.0,CLIENT,7,2,100000,11,25,0,3739,4843,897,131,285,532,26060.80000000001,30,False,False
203,57,1349.4957432917724,-468.76930220955813,1.0,CLIENT,7,2,100000,11,40,0,4029,5667,894,435,286,544,41697.28000000002,35,False,False
203,58,-1855.407564067907,1827.5396577906745,1.0,CLIENT,7,2,100000,10,44,0,6146,7284,884,771,284,551,45867.00800000002,35,False,False
203,59,-1011.0991188827097,-630.8512222092753,1.0,CLIENT,7,2,100000,10,19,0,6703,7898,956,476,328,566,19806.208000000006,41,False,False
203,60,2370.252853317865,-1888.989862209341,1.0,CLIENT,7,2,100000,13,127,0,2214,3154,808,266,297,453,132388.86400000006,24,False,False
203,61,-888.4245309833021,2303.432657790653,1.0,CLIENT,7,2,100000,14,65,0,5490,6674,900,372,292,551,67758.08000000003,36,False,False
203,62,-2014.1955232268883,33.729177790480946,1.0,CLIENT,7,2,100000,10,23,0,5373,6993,924,428,308,573,23975.93600000001,37,False,False
203,63,702.7020961828313,887.9988577906494,1.0,CLIENT,7,2,100000,14,95,0,3154,4657,821,416,300,456,99031.04000000005,33,False,False
203,64,-28.276887877021963,-1010.2297822093087,1.0,CLIENT,7,2,100000,9,21,0,6212,8225,927,536,310,576,21891.072000000007,41,False,False
203,65,2248.6870092735135,-1451.1683022097404,1.0,CLIENT,7,2,100000,16,89,0,3078,3853,785,484,299,436,92776.44800000005,28,False,False
203,66,-223.49500225488717,-1539.2224222096893,1.0,CLIENT,7,2,100000,17,269,0,4226,5793,611,335,265,293,280414.20799999963,34,False,False
203,67,773.5825068798313,-2068.9943022096845,1.0,CLIENT,7,2,100000,15,267,0,2556,4133,544,241,259,262,278329.3439999997,32,False,False
203,68,1310.1353364575639,-730.7052622094895,1.0,CLIENT,7,2,100000,10,31,0,4916,5998,844,711,287,510,32315.392000000014,35,False,False
203,69,-1138.8422501164587,-421.4583022095695,1.0,CLIENT,7,2,100000,11,27,0,6615,8410,958,401,320,578,28145.66400000001,45,False,False
203,70,723.2138574906644,1327.9354977904468,1.0,CLIENT,7,2,100000,12,63,0,2665,3936,780,107,276,429,65673.21600000003,28,False,False
203,71,-2030.1931131273448,2377.7944177903687,1.0,CLIENT,7,2,100000,9,45,0,3798,5110,937,304,289,592,46909.440000000024,31,False,False
203,72,-751.0194890178673,1113.310537790504,1.0,CLIENT,7,2,100000,10,27,0,7411,9437,870,453,319,488,28145.66400000001,57,False,False
203,73,718.937274051505,1403.7444177904638,1.0,CLIENT,7,2,100000,17,268,0,2590,3779,583,72,254,277,279371.77599999966,26,False,False
203,74,-1967.3114973805734,2457.499537790041,1.0,CLIENT,7,2,100000,12,34,0,3701,4971,955,287,288,611,35442.68800000002,31,False,False
203,75,1420.613741957552,-710.4450222100193,1.0,CLIENT,7,2,100000,12,33,0,4611,5703,792,735,278,486,34400.256000000016,35,False,False
203,76,-2248.1404765220286,-14.3610622099132,1.0,CLIENT,7,2,100000,14,44,0,4524,5680,894,323,308,531,45867.00800000002,35,False,False
203,77,-525.3901146311405,1609.018497790286,1.0,CLIENT,7,2,100000,13,27,0,6262,8092,880,528,308,532,28145.66400000001,44,False,False
203,78,1754.345642155345,-713.5619822092684,1.0,CLIENT,7,2,100000,14,56,0,3711,4659,834,510,275,482,58376.19200000003,31,False,False
203,79,-1324.3192577726695,-154.17898220968226,1.0,CLIENT,7,2,100000,14,42,0,6878,8695,870,619,317,521,43782.14400000002,50,False,False
203,80,2040.639144579858,-2569.9343022097037,1.0,CLIENT,7,2,100000,10,45,0,1942,2602,950,167,267,606,46909.440000000024,20,False,False
203,81,-1456.8141483825743,2426.9978577903253,1.0,CLIENT,7,2,100000,15,46,0,4928,6223,975,400,282,623,47951.872000000025,33,False,False
203,82,-2097.034528354528,-255.25754220996873,1.0,CLIENT,7,2,100000,12,32,0,4608,6021,935,273,311,559,33357.824000000015,32,False,False
203,83,716.48219837374,-1636.738742209478,1.0,CLIENT,7,2,100000,15,41,0,4295,5571,845,459,291,493,42739.71200000002,33,False,False
203,84,-1789.7540886846225,1274.3905777903776,1.0,CLIENT,7,2,100000,11,28,0,6073,8016,863,577,302,505,29188.096000000012,50,False,False
203,85,-2539.977698218442,254.0314577903274,1.0,CLIENT,7,2,100000,13,53,0,3338,4588,837,158,290,482,55248.89600000003,30,False,False
203,86,-1102.6496828663542,2592.085417790364,1.0,CLIENT,7,2,100000,13,38,0,4501,5530,909,207,277,576,39612.41600000002,34,False,False
203,87,-1768.608759459856,1891.9939377900932,1.0,CLIENT,7,2,100000,14,27,0,6434,7379,823,928,281,516,28145.66400000001,34,False,False
203,88,1023.4458540854602,-1155.3910622098247,1.0,CLIENT,7,2,100000,9,17,0,5563,6506,750,919,287,434,17721.344000000005,38,False,False
203,89,-1431.3922357192112,1411.6481377902833,1.0,CLIENT,7,2,100000,10,41,0,6930,8288,818,780,304,469,42739.71200000002,53,False,False
203,90,-568.4727329769808,-226.87094220965918,1.0,CLIENT,7,2,100000,15,20,0,7253,8997,910,565,321,561,20848.640000000007,54,False,False
203,91,-503.29443353125544,1485.8985777902803,1.0,CLIENT,7,2,100000,13,20,0,6441,8342,873,558,324,512,20848.640000000007,45,False,False
203,92,-1649.339599113895,-124.79050220952928,1.0,CLIENT,7,2,100000,10,28,0,6813,7875,923,638,319,579,29188.096000000012,43,False,False
203,93,166.07007061513025,624.8383777906457,1.0,CLIENT,7,2,100000,15,70,0,5529,7453,737,727,299,382,72970.24000000003,51,False,False
203,94,-2371.5278283277753,790.4825377900698,1.0,CLIENT,7,2,100000,13,182,0,4046,5472,738,302,294,381,189722.6240000001,38,False,False
203,95,490.14006008123704,-1273.83554220977,1.0,CLIENT,7,2,100000,11,82,0,4884,6340,814,548,295,450,85479.42400000004,40,False,False
203,96,-877.4162884283438,1696.849977790006,1.0,CLIENT,7,2,100000,15,19,0,6827,8068,876,543,311,524,19806.208000000006,46,False,False
203,97,-832.5913583116402,1763.6419777906415,1.0,CLIENT,7,2,100000,13,28,0,6656,7927,845,537,311,493,29188.096000000012,44,False,False
203,98,-1348.7908185609137,-458.75050220954193,1.0,CLIENT,7,2,100000,14,22,0,6154,7647,985,381,318,637,22933.504000000008,42,False,False
203,99,80.22161788276054,1268.3792977905262,1.0,CLIENT,7,2,100000,14,40,0,5214,6357,911,399,295,560,41697.28000000002,39,False,False
203,100,-1406.0455996278488,2758.0643200003115,1.0,CLIENT,7,2,100000,12,27,0,3502,4760,916,157,278,601,28145.66400000001,29,False,False
203,101,1812.7962022920597,-2984.8899519996658,1.0,CLIENT,3,0.0,100000,15,171,0,932,1267,659,12,247,318,178255.8720000001,13,False,False

204,0,-1124.0326000599002,809.9635377907166,1.0,CLIENT,7,2,100000,13,25,0,8404,10628,813,633,314,455,26060.80000000001,60,False,False
204,1,-2027.9756254183596,652.111777790602,1.0,CLIENT,7,2,100000,15,45,0,4440,6506,928,409,298,561,46909.440000000024,37,False,False
204,2,2530.862320238241,-3319.34054220965,1.0,CLIENT,7,2,100000,14,217,0,910,1686,448,5,245,178,226207.74400000012,17,False,False
204,3,-1881.9382205857628,-177.110902209526,1.0,CLIENT,7,2,100000,12,48,0,4259,5594,914,405,297,561,50036.736000000026,30,False,False
204,4,-2448.427134234798,289.87649778999867,1.0,CLIENT,7,2,100000,17,248,0,2722,3786,650,225,265,307,258523.13600000014,28,False,False
204,5,-632.5422885676506,1304.780937790374,1.0,CLIENT,7,2,100000,9,47,0,9206,11626,787,715,313,411,48994.304000000026,57,False,False
204,6,1275.2891010312944,364.7948577906823,1.0,CLIENT,7,2,100000,13,141,0,4206,5754,777,285,312,395,146982.91200000007,36,False,False
204,7,429.0007561058914,-1248.5659022095006,1.0,CLIENT,7,2,100000,17,152,0,3616,5179,814,384,318,428,158449.66400000008,36,False,False
204,8,1104.7009394204852,195.25449779002145,1.0,CLIENT,7,2,100000,10,36,0,4664,6613,899,349,323,517,37527.55200000002,39,False,False
204,9,-1975.3102923308015,1446.491297790111,1.0,CLIENT,7,2,100000,16,55,0,3928,5410,869,292,303,494,57333.76000000003,38,False,False
204,10,618.5167592319193,-1833.9977822097617,1.0,CLIENT,7,2,100000,12,43,0,3965,4944,889,194,297,512,44824.57600000002,32,False,False
204,11,-684.9700336864289,1139.136777790159,1.0,CLIENT,7,2,100000,14,26,0,9375,11948,816,653,318,443,27103.23200000001,60,False,False
204,12,1178.749189701589,467.7658577901457,1.0,CLIENT,7,2,100000,15,52,0,4672,6338,869,312,324,465,54206.46400000003,38,False,False
204,13,259.7589263183543,1331.4977377901537,1.0,CLIENT,7,2,100000,17,30,0,7488,9473,952,307,318,552,31272.960000000014,47,False,False
204,14,-1308.242471882807,1813.6246577902125,1.0,CLIENT,7,2,100000,14,75,0,6083,7970,674,929,263,371,78182.40000000004,46,False,False
204,15,-1984.1010471767747,1352.8711777899773,1.0,CLIENT,7,2,100000,9,108,0,4176,5667,798,380,292,443,112582.65600000006,39,False,False
204,16,1757.3550897606376,-1224.1868222093558,1.0,CLIENT,7,2,100000,15,37,0,4719,6218,891,627,293,547,38569.98400000002,34,False,False
204,17,-729.0821998967933,-512.7407022092777,1.0,CLIENT,7,2,100000,13,19,0,4762,6712,963,280,322,598,19806.208000000006,41,False,False
204,18,1434.0770601902755,536.6729377901868,1.0,CLIENT,7,2,100000,15,61,0,3911,5081,821,252,306,438,63588.352000000035,32,False,False
204,19,461.3127198649902,960.8021377903452,1.0,CLIENT,7,2,100000,13,31,0,7939,9125,924,468,320,521,32315.392000000014,49,False,False
204,20,-838.0558815941351,1685.2726977899697,1.0,CLIENT,7,2,100000,9,21,0,8244,10194,751,934,294,444,21891.072000000007,52,False,False
204,21,-1184.5383361188751,60.00069779059373,1.0,CLIENT,7,2,100000,15,20,0,6705,8239,875,767,313,545,20848.640000000007,46,False,False
204,22,-1713.4091547051275,1124.6651777903114,1.0,CLIENT,7,2,100000,9,25,0,5950,7677,833,661,300,484,26060.80000000001,47,False,False
204,23,-1515.656768659529,1715.2177777902994,1.0,CLIENT,7,2,100000,13,13,0,5354,7286,849,658,288,524,13551.616000000004,46,False,False
204,24,1682.2772916144468,-1972.8138222096873,1.0,CLIENT,7,2,100000,9,20,0,4903,5810,849,768,299,524,20848.640000000007,29,False,False
204,25,387.5812535420716,369.1363377900038,1.0,CLIENT,7,2,100000,11,26,0,7998,10424,808,682,319,444,27103.23200000001,53,False,False
204,26,286.2895828362101,1640.2994177904068,1.0,CLIENT,7,2,100000,12,115,0,6891,8430,846,300,316,438,119879.68000000007,43,False,False
204,27,574.879768959114,1012.3432977907273,1.0,CLIENT,7,2,100000,12,25,0,7367,8660,884,430,315,502,26060.80000000001,45,False,False
204,28,-311.16496274808856,-318.26466220987726,1.0,CLIENT,7,2,100000,17,73,0,6374,8340,840,612,310,465,76097.53600000004,51,False,False
204,29,-723.5384806243301,354.7760577906661,1.0,CLIENT,7,2,100000,12,92,0,7472,10667,804,474,318,406,95903.74400000005,60,False,False
204,30,-697.7997840027816,2632.3832577906574,1.0,CLIENT,7,2,100000,10,54,0,3257,4540,861,109,270,503,56291.32800000003,33,False,False
204,31,1493.6324443735691,-2353.639542210022,1.0,CLIENT,7,2,100000,15,29,0,4423,5111,853,640,290,535,30230.528000000013,28,False,False
204,32,1452.5297257684972,-2516.6120222098634,1.0,CLIENT,7,2,100000,12,94,0,4066,4774,828,454,289,481,97988.60800000005,27,False,False
204,33,-207.65580433380444,938.4268177906781,1.0,CLIENT,7,2,100000,11,64,0,8968,11155,840,542,303,443,66715.64800000003,62,False,False
204,34,709.9089312367523,983.7340577901889,1.0,CLIENT,7,2,100000,12,114,0,6712,8129,767,368,307,378,118837.24800000007,43,False,False
204,35,-1246.7863839487134,-605.4702622092871,1.0,CLIENT,7,2,100000,9,146,0,4048,5249,722,433,301,373,152195.07200000007,33,False,False
204,36,-371.27471885890986,624.7270577901359,1.0,CLIENT,7,2,100000,7,19,0,9286,11713,841,581,326,464,19806.208000000006,62,False,False
204,37,2009.0399447270984,-2720.4389422093845,1.0,CLIENT,7,2,100000,14,46,0,3501,3907,916,323,265,589,47951.872000000025,23,False,False
204,38,1768.1257443468164,-1736.5927822096921,1.0,CLIENT,7,2,100000,13,29,0,5050,6009,851,799,297,526,30230.528000000013,32,False,False
204,39,1308.234632706764,-2302.6549822098164,1.0,CLIENT,7,2,100000,16,50,0,4274,5290,804,552,297,469,52121.60000000003,28,False,False
204,40,-329.53843233690463,2521.063257790126,1.0,CLIENT,7,2,100000,13,38,0,3947,5420,837,283,275,489,39612.41600000002,34,False,False
204,41,2228.333639945054,-2657.8771022099336,1.0,CLIENT,7,2,100000,13,97,0,3476,3767,870,337,265,508,101115.90400000005,23,False,False
204,42,993.0345940765986,-1710.5439022098083,1.0,CLIENT,7,2,100000,18,73,0,4822,5775,901,316,305,513,76097.53600000004,34,False,False
204,43,1722.6672463131797,-2693.165542209428,1.0,CLIENT,7,2,100000,16,52,0,3584,4319,872,358,273,555,54206.46400000003,23,False,False
204,44,-1956.3824508150205,1240.1040177907266,1.0,CLIENT,7,2,100000,14,44,0,4480,5988,800,495,280,466,45867.00800000002,40,False,False
204,45,-1443.2716341604453,245.68245779005025,1.0,CLIENT,7,2,100000,16,60,0,6923,8587,709,1040,287,380,62545.920000000035,42,False,False
204,46,2097.660257095418,-1981.0515022094546,1.0,CLIENT,7,2,100000,12,39,0,4002,4891,936,419,301,583,40654.84800000002,29,False,False
204,47,-115.55086842263238,1476.3250577907218,1.0,CLIENT,7,2,100000,14,32,0,8644,9906,921,610,320,546,33357.824000000015,56,False,False
204,48,681.8735509162502,-993.5317822095453,1.0,CLIENT,7,2,100000,11,37,0,4215,6166,808,559,323,447,38569.98400000002,40,False,False
204,49,141.12333388932646,1618.0354177904587,1.0,CLIENT,7,2,100000,17,44,0,7438,8884,900,401,311,505,45867.00800000002,45,False,False
204,50,-208.68535219889148,1806.3888577902887,1.0,CLIENT,7,2,100000,12,31,0,7690,9206,879,550,310,507,32315.392000000014,46,False,False
204,51,-1000.8036402335276,-432.47898220942915,1.0,CLIENT,7,2,100000,11,26,0,4984,6362,942,430,326,572,27103.23200000001,37,False,False
204,52,1839.7981149395612,-15.474262209475569,1.0,CLIENT,7,2,100000,8,248,0,2714,3633,629,236,279,292,258523.13600000014,27,False,False
204,53,2512.0136747118654,-1833.663822209814,1.0,CLIENT,7,2,100000,11,73,0,3068,4019,765,249,278,435,76097.53600000004,24,False,False
204,54,-489.98950727790606,568.2878177902555,1.0,CLIENT,7,2,100000,10,33,0,8811,11718,816,521,331,430,34400.256000000016,61,False,False
204,55,113.72152148575766,1468.3100177903925,1.0,CLIENT,7,2,100000,10,17,0,7856,9430,970,369,320,576,17721.344000000005,49,False,False
204,56,-599.1215809540591,407.0964577906628,1.0,CLIENT,7,2,100000,11,15,0,7881,11146,832,463,321,483,15636.480000000005,62,False,False
204,57,2192.4578566536975,-3281.046462209834,1.0,CLIENT,7,2,100000,11,53,0,1647,2560,732,24,253,436,55248.89600000003,17,False,False
204,58,605.9245968843461,-1121.995062209507,1.0,CLIENT,7,2,100000,10,36,0,4067,5877,875,486,324,512,37527.55200000002,38,False,False
204,59,2419.3543668737284,-1576.6259422093808,1.0,CLIENT,7,2,100000,11,216,0,3075,4220,672,171,272,341,225165.31200000012,29,False,False
204,60,-2327.019682169257,936.2004177899714,1.0,CLIENT,7,2,100000,13,154,0,3305,4499,772,230,294,411,160534.52800000008,32,False,False
204,61,-507.57101697041486,-891.0060622097487,1.0,CLIENT,7,2,100000,16,269,0,3709,5344,595,322,269,289,280414.20799999963,35,False,False
204,62,617.6456033462063,1423.4480577905483,1.0,CLIENT,7,2,100000,10,59,0,6187,7977,845,254,314,463,61503.488000000034,42,False,False
204,63,-272.121339872628,1035.497857790009,1.0,CLIENT,7,2,100000,14,30,0,9056,11124,869,592,309,475,31272.960000000014,61,False,False
204,64,593.6492184955212,-263.71786220996484,1.0,CLIENT,7,2,100000,9,119,0,5318,8072,642,748,309,287,124049.40800000007,51,False,False
204,65,-175.10625260592596,2095.598217790176,1.0,CLIENT,7,2,100000,16,122,0,6103,7735,848,303,306,468,127176.70400000007,41,False,False
204,66,557.2982592666053,443.1641377905629,1.0,CLIENT,7,2,100000,14,69,0,7349,9582,846,547,320,442,71927.80800000003,50,False,False
204,67,1855.003744944273,-2045.6171022093831,1.0,CLIENT,7,2,100000,11,19,0,4385,5448,931,540,301,609,19806.208000000006,29,False,False
204,68,-403.0323106904809,2610.0079377901993,1.0,CLIENT,7,2,100000,10,162,0,3517,4872,705,218,265,373,168873.98400000008,31,False,False
204,69,-1846.4584172425602,858.4990577899864,1.0,CLIENT,7,2,100000,11,31,0,5573,7615,888,532,298,551,32315.392000000014,42,False,False
204,70,206.0640453657094,-723.9147422100234,1.0,CLIENT,7,2,100000,11,96,0,4387,6786,833,466,332,431,100073.47200000005,46,False,False
204,71,-693.6023965535906,2353.9719377904007,1.0,CLIENT,7,2,100000,9,32,0,4517,6084,939,249,280,565,33357.824000000015,40,False,False
204,72,1144.2989342234732,-2168.959662209618,1.0,CLIENT,7,2,100000,10,66,0,4625,5485,908,419,313,532,68800.51200000003,30,False,False
204,73,880.3387008681877,36.84613779052114,1.0,CLIENT,7,2,100000,16,36,0,5431,7514,823,588,313,465,37527.55200000002,46,False,False
204,74,-518.7376515047472,2411.858337790582,1.0,CLIENT,7,2,100000,12,36,0,4455,5846,879,320,271,530,37527.55200000002,41,False,False
204,75,-1524.6059154854386,-579.9779822095797,1.0,CLIENT,7,2,100000,13,72,0,3815,5077,889,367,324,524,75055.10400000004,27,False,False
204,76,-1243.14336842705,1759.4118177902478,1.0,CLIENT,7,2,100000,12,30,0,6574,8640,711,995,280,412,31272.960000000014,49,False,False
204,77,-82.20935679844654,729.5904977903581,1.0,CLIENT,7,2,100000,13,29,0,9265,11343,862,614,312,474,30230.528000000013,56,False,False
204,78,1792.597305135061,-407.43198220938865,1.0,CLIENT,7,2,100000,14,56,0,3198,4598,893,273,293,529,58376.19200000003,33,False,False
204,79,1457.9150530615866,-718.2374222093288,1.0,CLIENT,7,2,100000,14,74,0,4623,6523,703,879,289,366,77139.96800000004,35,False,False
204,80,-1076.6733982760259,2556.796977790078,1.0,CLIENT,7,2,100000,9,58,0,3389,4520,879,216,268,529,60461.05600000003,33,False,False
204,81,569.4152456766191,-1963.9082222100246,1.0,CLIENT,7,2,100000,16,38,0,3605,4615,884,142,295,510,39612.41600000002,28,False,False
204,82,-2061.3171370425453,176.55273779057126,1.0,CLIENT,7,2,100000,11,25,0,4435,5729,926,511,293,597,26060.80000000001,34,False,False
204,83,1310.689708384529,-963.1414222095489,1.0,CLIENT,7,2,100000,14,35,0,5400,7101,564,1299,274,285,36485.12000000002,37,False,False
204,84,-995.5767049198124,686.3983377902531,1.0,CLIENT,7,2,100000,11,65,0,8573,11213,755,566,313,395,67758.08000000003,61,False,False
204,85,2293.9079193383704,-1796.2603022093317,1.0,CLIENT,7,2,100000,13,33,0,3731,4578,854,383,288,532,34400.256000000016,29,False,False
204,86,1655.1130671796575,-1912.4783822093614,1.0,CLIENT,7,2,100000,13,51,0,5056,5948,830,810,293,498,53164.03200000003,31,False,False
204,87,-911.1537800001205,-94.95674220970955,1.0,CLIENT,7,2,100000,15,27,0,6235,8000,917,526,329,549,28145.66400000001,51,False,False
204,88,-929.6064455783425,156.06985779008113,1.0,CLIENT,7,2,100000,9,35,0,7126,8968,861,564,325,495,36485.12000000002,54,False,False
204,89,203.68816567791276,1144.034857790448,1.0,CLIENT,7,2,100000,11,14,0,7994,9981,985,348,324,585,14594.048000000004,52,False,False
204,90,545.0228808777803,-1845.463742209288,1.0,CLIENT,7,2,100000,15,247,0,3635,4786,672,152,282,323,257480.70400000014,31,False,False
204,91,-1750.0768978922285,1729.1327777899705,1.0,CLIENT,7,2,100000,13,28,0,4475,5852,882,444,277,527,29188.096000000012,42,False,False
204,92,-2251.7834920436917,2109.624537790357,1.0,CLIENT,7,2,100000,11,254,0,2376,3132,578,185,255,299,264777.72800000006,23,False,False
204,93,2267.7732427686683,-765.4371022095984,1.0,CLIENT,7,2,100000,18,262,0,2499,3553,564,294,250,272,273117.18399999983,27,False,False
204,94,-616.544698667194,891.3384577901274,1.0,CLIENT,7,2,100000,13,28,0,9437,12102,821,572,323,451,29188.096000000012,64,False,False
204,95,-2150.333429359019,-462.7580222097066,1.0,CLIENT,7,2,100000,15,271,0,2525,3683,608,147,271,301,282499.0719999996,24,False,False
204,96,797.0245198029887,1137.9122577900866,1.0,CLIENT,7,2,100000,16,34,0,6277,7613,839,314,309,458,35442.68800000002,40,False,False
204,97,480.5573453389567,1399.4029377903512,1.0,CLIENT,7,2,100000,13,25,0,6729,8679,906,243,312,529,26060.80000000001,44,False,False
204,98,-860.7851306109537,-386.83778220997056,1.0,CLIENT,7,2,100000,14,68,0,5235,6875,937,348,314,552,70885.37600000003,39,False,False
204,99,-859.676386756461,1806.6114977905177,1.0,CLIENT,7,2,100000,14,43,0,7540,9639,780,869,285,454,44824.57600000002,51,False,False
204,100,-1406.0455996278488,2758.0643200003115,1.0,CLIENT,7,2,100000,15,244,0,2678,3398,568,279,245,282,254353.40800000014,22,False,False
204,101,1812.7962022920597,-2984.8899519996658,1.0,CLIENT,3,0.0,100000,14,166,0,2525,3100,683,123,251,332,173043.7120000001,21,False,False

205,0,-154.04011937056518,2007.878057790175,1.0,CLIENT,7,2,100000,13,28,0,4799,5793,927,209,294,544,29188.096000000012,32,False,False
205,1,93.68493611548391,-573.7440622094994,1.0,CLIENT,7,2,100000,14,31,0,7140,9922,841,519,322,473,32315.392000000014,58,False,False
205,2,1782.5394144552213,-2676.133582209717,1.0,CLIENT,7,2,100000,11,32,0,3698,4520,948,267,274,632,33357.824000000015,27,False,False
205,3,-1811.6913778056962,1117.3180577906687,1.0,CLIENT,7,2,100000,12,109,0,4257,5931,718,536,287,378,113625.08800000006,40,False,False
205,4,1614.7231124809246,-787.1445022093699,1.0,CLIENT,7,2,100000,15,45,0,6290,7670,806,665,300,445,46909.440000000024,45,False,False
205,5,350.27994243747435,287.538777790364,1.0,CLIENT,7,2,100000,9,99,0,8199,10618,766,647,310,387,103200.76800000005,60,False,False
205,6,-1361.8581568454836,488.1374177901259,1.0,CLIENT,7,2,100000,12,37,0,6990,8439,724,921,297,387,38569.98400000002,49,False,False
205,7,815.7939693393959,-786.6992222097031,1.0,CLIENT,7,2,100000,17,29,0,7753,9331,856,763,321,491,30230.528000000013,52,False,False
205,8,835.9097506990752,-1762.752982209295,1.0,CLIENT,7,2,100000,10,43,0,5160,7009,905,229,281,549,44824.57600000002,46,False,False
205,9,2299.0556586626803,-2061.0905822098653,1.0,CLIENT,7,2,100000,16,38,0,4112,5084,980,258,271,642,39612.41600000002,29,False,False
205,10,1946.316720959138,-2690.0485822093883,1.0,CLIENT,7,2,100000,12,28,0,3447,4259,963,174,270,652,29188.096000000012,25,False,False
205,11,-2290.747918929747,2276.1592577906968,1.0,CLIENT,7,2,100000,16,229,0,1821,2305,596,159,243,296,238716.92800000013,16,False,False
205,12,-622.1676139296256,127.01533779066693,1.0,CLIENT,7,2,100000,15,31,0,8568,10336,837,758,305,487,32315.392000000014,56,False,False
205,13,-1166.3232585094331,185.34701779051517,1.0,CLIENT,7,2,100000,15,36,0,7081,9069,820,740,295,477,37527.55200000002,46,False,False
205,14,1753.2368983008523,-1469.5361022100337,1.0,CLIENT,7,2,100000,13,23,0,6166,7853,841,758,290,509,23975.93600000001,42,False,False
205,15,-632.2255046094654,-553.1498622092903,1.0,CLIENT,7,2,100000,8,24,0,7064,8518,958,466,313,583,25018.36800000001,44,False,False
205,16,-305.54204748621953,451.06785779038233,1.0,CLIENT,7,2,100000,15,82,0,8994,11483,702,773,311,340,85479.42400000004,61,False,False
205,17,1925.5673716825252,-1308.5673822098788,1.0,CLIENT,7,2,100000,13,51,0,5432,7426,806,504,302,447,53164.03200000003,41,False,False
205,18,1292.8706107238033,239.44853778996986,1.0,CLIENT,7,2,100000,15,79,0,5050,7019,804,356,291,438,82352.12800000004,39,False,False
205,19,-2097.351312312713,1398.7350177904557,1.0,CLIENT,7,2,100000,14,190,0,2581,4069,612,250,254,293,198062.0800000001,28,False,False
205,20,418.78447344667774,-833.6762622097439,1.0,CLIENT,7,2,100000,9,40,0,7030,9555,885,519,334,507,41697.28000000002,54,False,False
205,21,392.7289928663812,1097.9483777905318,1.0,CLIENT,7,2,100000,17,161,0,5578,7547,741,408,301,390,167831.55200000008,46,False,False
205,22,1502.1856112513253,-644.9888622099661,1.0,CLIENT,7,2,100000,9,36,0,6322,7912,867,583,304,483,37527.55200000002,44,False,False
205,23,-1134.8032546466416,-681.279182209304,1.0,CLIENT,7,2,100000,14,30,0,5272,6619,954,306,289,598,31272.960000000014,34,False,False
205,24,-1634.925929006053,-703.6545022097621,1.0,CLIENT,7,2,100000,10,202,0,3744,4700,741,102,271,374,210571.2640000001,28,False,False
205,25,-928.8144856820348,1353.7617377901017,1.0,CLIENT,7,2,100000,10,24,0,7684,9275,725,1003,294,388,25018.36800000001,46,False,False
205,26,-542.8924283342435,2014.7798977901512,1.0,CLIENT,7,2,100000,12,55,0,5241,6320,884,406,296,489,57333.76000000003,35,False,False
205,27,-1041.7479668597882,84.82505779040537,1.0,CLIENT,7,2,100000,11,10,0,7431,9200,870,761,304,541,10424.320000000002,48,False,False
205,28,540.7462974391835,-1332.8351422095138,1.0,CLIENT,7,2,100000,17,182,0,6492,8174,663,548,277,322,189722.6240000001,51,False,False
205,29,1505.5910388042087,-1760.3039422099414,1.0,CLIENT,7,2,100000,12,20,0,6096,7293,769,967,277,464,20848.640000000007,40,False,False
205,30,-1721.249557675982,1529.536017790052,1.0,CLIENT,7,2,100000,10,39,0,4066,5614,851,445,275,533,40654.84800000002,39,False,False
205,31,133.20373492850374,930.3004577906299,1.0,CLIENT,7,2,100000,15,31,0,6800,9455,914,497,316,550,32315.392000000014,55,False,False
205,32,933.7167978620846,-365.79830220930376,1.0,CLIENT,7,2,100000,11,35,0,7309,8991,808,768,306,445,36485.12000000002,47,False,False
205,33,-160.05901458058787,2040.4948177900872,1.0,CLIENT,7,2,100000,11,43,0,4732,5710,911,201,293,524,44824.57600000002,32,False,False
205,34,1926.0425476200844,-420.1224622097783,1.0,CLIENT,7,2,100000,12,40,0,4760,5742,896,264,300,517,41697.28000000002,36,False,False
205,35,-362.8799439605278,-865.0685022095837,1.0,CLIENT,7,2,100000,9,139,0,6154,8087,707,426,292,357,144898.04800000007,48,False,False
205,36,-1023.8496732090941,2476.312617790001,1.0,CLIENT,7,2,100000,8,96,0,3479,4696,780,231,283,430,100073.47200000005,27,False,False
205,37,-581.9360512097041,2032.8137377904966,1.0,CLIENT,7,2,100000,14,31,0,5222,6272,907,412,303,539,32315.392000000014,35,False,False
205,38,-383.70848922710894,438.93397779016937,1.0,CLIENT,7,2,100000,13,29,0,8915,11314,774,732,309,427,30230.528000000013,60,False,False
205,39,2474.3163836596773,-2468.8557422094173,1.0,CLIENT,7,2,100000,18,187,0,2930,3684,712,232,257,343,194934.7840000001,26,False,False
205,40,1498.3842037502877,-939.7642222092475,1.0,CLIENT,7,2,100000,11,15,0,6739,8320,792,836,308,460,15636.480000000005,47,False,False
205,41,-461.16216706109657,1343.4089777901377,1.0,CLIENT,7,2,100000,12,46,0,7165,8824,868,619,306,492,47951.872000000025,50,False,False
205,42,-804.0016060641731,-120.4490222094168,1.0,CLIENT,7,2,100000,17,43,0,7559,9068,843,761,297,486,44824.57600000002,51,False,False
205,43,-38.097190588082,-499.15966220955454,1.0,CLIENT,7,2,100000,15,101,0,7437,9662,757,582,310,399,105285.63200000006,56,False,False
205,44,74.20272267273783,1841.6772977905744,1.0,CLIENT,7,2,100000,14,171,0,4709,5746,815,105,285,439,178255.8720000001,32,False,False
205,45,-1071.8424429099016,-808.8519022099322,1.0,CLIENT,7,2,100000,18,139,0,4989,6462,855,232,280,467,144898.04800000007,34,False,False
205,46,1333.5773493807214,-2273.934422209559,1.0,CLIENT,7,2,100000,12,36,0,4825,5640,865,706,292,535,37527.55200000002,32,False,False
205,47,48.14724209244139,-351.32670220945613,1.0,CLIENT,7,2,100000,14,29,0,7824,10458,837,641,324,481,30230.528000000013,59,False,False
205,48,85.52774918644424,-223.97662220984785,1.0,CLIENT,7,2,100000,11,27,0,8288,10901,845,742,325,471,28145.66400000001,59,False,False
205,49,1344.2688079774946,-1311.1277422097423,1.0,CLIENT,7,2,100000,15,88,0,6909,8570,727,866,296,373,91734.01600000005,48,False,False
205,50,1891.4339001625947,-2847.343742209326,1.0,CLIENT,7,2,100000,12,44,0,3090,3879,896,75,263,578,45867.00800000002,23,False,False
205,51,-1151.434412463469,-228.65206220990814,1.0,CLIENT,7,2,100000,11,26,0,6314,7725,990,446,294,627,27103.23200000001,43,False,False
205,52,-478.90206873297933,-237.44634220985205,1.0,CLIENT,7,2,100000,8,14,0,8003,10072,948,579,320,574,14594.048000000004,52,False,False
205,53,1811.208362692094,-2658.990302209496,1.0,CLIENT,7,2,100000,11,16,0,3677,4554,982,252,280,660,16678.912000000004,27,False,False
205,54,-1447.0730416614826,2629.822897790003,1.0,CLIENT,7,2,100000,11,41,0,2674,3538,820,172,259,504,42739.71200000002,23,False,False
205,55,496.3173472706337,773.7845377903066,1.0,CLIENT,7,2,100000,10,41,0,6318,8798,860,445,316,485,42739.71200000002,53,False,False
205,56,2144.6234789317014,-116.9981022094288,1.0,CLIENT,7,2,100000,11,252,0,3118,4407,571,29,258,279,262692.8640000001,25,False,False
205,57,1005.785148402983,407.54173779032953,1.0,CLIENT,7,2,100000,11,134,0,5657,8167,695,454,296,333,139685.88800000006,45,False,False
205,58,1234.344774405034,-1380.1461422095026,1.0,CLIENT,7,2,100000,10,17,0,6772,8554,835,738,293,517,17721.344000000005,49,False,False
205,59,1506.1454107311738,-970.8225022099305,1.0,CLIENT,7,2,100000,10,21,0,6745,8431,791,826,306,446,21891.072000000007,47,False,False
205,60,1595.082507058242,-39.51938220967264,1.0,CLIENT,7,2,100000,13,96,0,4580,6162,882,118,286,486,100073.47200000005,36,False,False
205,61,329.13461321327065,1467.5307777899868,1.0,CLIENT,7,2,100000,14,37,0,5095,6234,927,252,306,536,38569.98400000002,36,False,False
205,62,-604.9820841852705,1028.484697790314,1.0,CLIENT,7,2,100000,9,16,0,8462,10331,780,888,306,436,16678.912000000004,58,False,False
205,63,132.5701670121331,1506.1588177905414,1.0,CLIENT,7,2,100000,14,38,0,5458,6472,962,239,307,571,39612.41600000002,42,False,False
205,64,2081.8210591743355,-2446.1464622098024,1.0,CLIENT,7,2,100000,10,26,0,3926,4647,995,270,271,663,27103.23200000001,28,False,False
205,65,-1064.8731958247604,566.3953777902875,1.0,CLIENT,7,2,100000,15,85,0,7213,9795,732,567,306,367,88606.72000000004,55,False,False
205,66,-317.1838579581112,484.4638577907,1.0,CLIENT,7,2,100000,14,29,0,8949,11399,782,750,320,425,30230.528000000013,61,False,False
205,67,-805.7439178350363,1173.5346577903201,1.0,CLIENT,7,2,100000,10,70,0,8145,9817,661,984,298,317,72970.24000000003,53,False,False
205,68,-1333.2684045980166,1459.7383777906773,1.0,CLIENT,7,2,100000,10,27,0,5416,7689,812,632,293,488,28145.66400000001,44,False,False
205,69,-2581.8723767198217,274.7369777902554,1.0,CLIENT,7,2,100000,14,272,0,1144,2342,451,77,247,197,283541.50399999955,20,False,False
205,70,147.69660102631414,-255.81414220935443,1.0,CLIENT,7,2,100000,11,20,0,8085,10797,829,745,326,467,20848.640000000007,60,False,False
205,71,1354.1683066785229,-2523.4025422093296,1.0,CLIENT,7,2,100000,9,117,0,4140,4881,784,456,286,428,121964.54400000007,29,False,False
205,72,851.5905566413466,-489.0295422098194,1.0,CLIENT,7,2,100000,9,66,0,7370,9284,715,827,307,352,68800.51200000003,49,False,False
205,73,1119.668981455855,-1878.303142209429,1.0,CLIENT,7,2,100000,16,34,0,5580,7002,938,420,289,603,35442.68800000002,43,False,False
205,74,1696.8493537016627,-2323.805782209411,1.0,CLIENT,7,2,100000,11,25,0,4808,5352,908,716,277,609,26060.80000000001,29,False,False
205,75,-728.2902400010487,-667.698142209581,1.0,CLIENT,7,2,100000,13,28,0,6511,7921,929,403,305,565,29188.096000000012,41,False,False
205,76,681.3191789892852,-2087.362102209978,1.0,CLIENT,7,2,100000,16,261,0,3375,5143,616,76,250,306,272074.75199999986,40,False,False
205,77,1400.814744556058,-334.0721022095161,1.0,CLIENT,7,2,100000,13,34,0,6150,7727,943,397,297,558,35442.68800000002,42,False,False
205,78,-1539.3363695520288,1532.3190177901442,1.0,CLIENT,7,2,100000,14,45,0,4864,6299,855,585,283,517,46909.440000000024,41,False,False
205,79,-1193.329090964848,198.48277779057156,1.0,CLIENT,7,2,100000,14,38,0,6983,8959,799,764,288,471,39612.41600000002,45,False,False
205,80,-1363.4420766380983,-572.2969022099892,1.0,CLIENT,7,2,100000,9,26,0,4683,5960,992,214,284,639,27103.23200000001,32,False,False
205,81,-1522.5468197552646,61.336537790384966,1.0,CLIENT,7,2,100000,15,31,0,5484,7284,903,588,284,571,32315.392000000014,41,False,False
205,82,2430.521001408061,-1578.2957422099107,1.0,CLIENT,7,2,100000,13,248,0,3775,5174,571,187,249,291,258523.13600000014,34,False,False
205,83,172.72253374208628,1655.55025779066,1.0,CLIENT,7,2,100000,15,53,0,4862,6040,926,130,298,531,55248.89600000003,35,False,False
205,84,1362.0087096493774,-1967.6931022099602,1.0,CLIENT,7,2,100000,10,17,0,5676,6677,891,839,296,556,17721.344000000005,38,False,False
205,85,-461.16216706109657,2158.382697790647,1.0,CLIENT,7,2,100000,13,90,0,4859,5793,824,357,295,439,93818.88000000005,34,False,False
205,86,-1931.910890026776,-119.00186220990662,1.0,CLIENT,7,2,100000,13,201,0,3804,4781,728,361,273,382,209528.8320000001,32,False,False
205,87,-983.4597185103612,-328.7287422095602,1.0,CLIENT,7,2,100000,15,37,0,6809,7739,914,586,293,559,38569.98400000002,44,False,False
205,88,1010.2201238209537,148.83405779015732,1.0,CLIENT,7,2,100000,9,22,0,6704,8520,873,563,308,516,22933.504000000008,46,False,False
205,89,738.0235075466601,-221.75022220993213,1.0,CLIENT,7,2,100000,10,18,0,7653,9823,887,674,321,521,18763.776000000005,54,False,False
205,90,559.3573549962166,-728.0335822099071,1.0,CLIENT,7,2,100000,15,21,0,7434,9712,859,671,325,498,21891.072000000007,53,False,False
205,91,2467.0303526163507,-2149.144702209814,1.0,CLIENT,7,2,100000,13,48,0,3425,4325,920,177,267,586,50036.736000000026,28,False,False
205,92,1093.2175209279674,-2253.006262209402,1.0,CLIENT,7,2,100000,10,26,0,4382,5528,882,426,296,550,27103.23200000001,33,False,False
205,93,1404.5369560676897,-118.22262220950108,1.0,CLIENT,7,2,100000,16,43,0,5573,7316,950,257,291,568,44824.57600000002,41,False,False
205,94,-1336.5154401720888,2326.2532577899865,1.0,CLIENT,7,2,100000,13,39,0,3726,4769,883,412,269,553,40654.84800000002,28,False,False
205,95,2157.374033258086,-2062.2037822094276,1.0,CLIENT,7,2,100000,11,24,0,4634,5406,1021,363,276,676,25018.36800000001,31,False,False
205,96,-1969.5289850895585,1735.8119777905085,1.0,CLIENT,7,2,100000,16,52,0,2741,3953,915,166,267,564,54206.46400000003,29,False,False
205,97,-1049.9051537893904,1932.4030977901057,1.0,CLIENT,7,2,100000,13,48,0,5275,6490,812,758,290,443,50036.736000000026,37,False,False
205,98,70.95568709866546,1045.2940177905873,1.0,CLIENT,7,2,100000,13,40,0,6605,9001,931,476,312,535,41697.28000000002,56,False,False
205,99,-533.3097135919633,1096.2785777900017,1.0,CLIENT,7,2,100000,14,31,0,8244,9912,763,899,309,422,32315.392000000014,56,False,False
205,100,-1406.0455996278488,2758.0643200003115,1.0,CLIENT,7,2,100000,15,223,0,2167,3111,570,128,251,264,232462.33600000013,22,False,False
205,101,1812.7962022920597,-2984.8899519996658,1.0,CLIENT,3,0.0,100000,14,213,0,2401,2939,638,10,257,293,222038.01600000012,22,False,False

206,0,-1431.788215667365,2741.0315777900246,1.0,CLIENT,7,2,100000,13,45,0,4191,5884,904,203,290,551,46909.440000000024,33,False,False
206,1,1215.1793449204733,-1070.008622209458,1.0,CLIENT,7,2,100000,13,53,0,5481,6984,672,1009,281,360,55248.89600000003,44,False,False
206,2,-1889.303447619058,2500.5803777904266,1.0,CLIENT,7,2,100000,11,36,0,5245,6682,941,243,297,596,37527.55200000002,34,False,False
206,3,-2299.776261745062,1973.8141377907527,1.0,CLIENT,7,2,100000,12,64,0,6386,7191,872,377,301,503,66715.64800000003,37,False,False
206,4,-1809.8698700448647,2159.1619377902616,1.0,CLIENT,7,2,100000,15,27,0,6928,7805,997,481,305,653,28145.66400000001,39,False,False
206,5,2228.6504239032392,-501.05210220952245,1.0,CLIENT,7,2,100000,10,265,0,1538,2236,629,12,261,348,276244.47999999975,23,False,False
206,6,2055.6863826046333,-2317.126582209664,1.0,CLIENT,7,2,100000,12,37,0,3582,3979,918,529,270,605,38569.98400000002,23,False,False
206,7,1086.3274698322316,-2064.2075422099056,1.0,CLIENT,7,2,100000,18,105,0,4545,5419,803,423,296,464,109455.36000000006,31,False,False
206,8,1637.1355775389952,-264.1631422096316,1.0,CLIENT,7,2,100000,10,33,0,2881,4350,889,310,275,560,34400.256000000016,32,False,False
206,9,198.30283838482342,1917.9314977902582,1.0,CLIENT,7,2,100000,17,82,0,2236,3981,730,201,266,393,85479.42400000004,36,False,False
206,10,-2590.504739586983,316.81593779000707,1.0,CLIENT,7,2,100000,12,245,0,2344,3857,589,87,255,289,255395.84000000014,27,False,False
206,11,250.33460355544796,-498.4917422096589,1.0,CLIENT,7,2,100000,14,29,0,6486,8430,754,792,308,418,30230.528000000013,47,False,False
206,12,879.9427209200342,819.2030977903272,1.0,CLIENT,7,2,100000,15,42,0,4121,5591,788,300,304,397,43782.14400000002,30,False,False
206,13,-488.1679995165117,84.93637779012431,1.0,CLIENT,7,2,100000,17,83,0,6377,8492,758,541,302,385,86521.85600000004,50,False,False
206,14,2245.8359536475946,-3125.309782209916,1.0,CLIENT,7,2,100000,15,145,0,1834,2461,741,103,242,346,151152.64000000007,16,False,False
206,15,-1448.8945494223144,1400.070857790247,1.0,CLIENT,7,2,100000,8,10,0,8625,10046,816,750,311,483,10424.320000000002,51,False,False
206,16,623.1893226186696,652.111777790602,1.0,CLIENT,7,2,100000,15,25,0,5253,6642,885,387,313,547,26060.80000000001,36,False,False
206,17,-1400.030623835794,1383.5954977907124,1.0,CLIENT,7,2,100000,12,9,0,8555,10193,821,711,300,492,9381.888,52,False,False
206,18,-731.9332555227121,2635.5002177906977,1.0,CLIENT,7,2,100000,15,258,0,3290,4821,628,356,255,323,268947.45599999995,32,False,False
206,19,1640.7785930606585,-2823.5212622093577,1.0,CLIENT,7,2,100000,14,80,0,2922,3523,890,141,261,518,83394.56000000004,23,False,False
206,20,-776.9957736081953,854.7141777900506,1.0,CLIENT,7,2,100000,9,26,0,7608,10014,800,528,316,432,27103.23200000001,60,False,False
206,21,-228.4051536104172,-1359.2179822093456,1.0,CLIENT,7,2,100000,17,49,0,3448,4797,863,203,297,492,51079.16800000003,35,False,False
206,22,-1022.9785173233811,1579.2960577901852,1.0,CLIENT,7,2,100000,9,23,0,8172,10185,742,950,295,432,23975.93600000001,53,False,False
206,23,2032.244369681476,-2680.6977022092674,1.0,CLIENT,7,2,100000,14,33,0,3005,3414,965,275,264,643,34400.256000000016,21,False,False
206,24,-114.83810451573066,152.50761779037418,1.0,CLIENT,7,2,100000,9,46,0,7080,8343,744,815,313,371,47951.872000000025,52,False,False
206,25,545.8148407740877,964.4756977905621,1.0,CLIENT,7,2,100000,12,100,0,4831,6178,737,418,303,376,104243.20000000006,34,False,False
206,26,-2424.2723574047386,-16.03086220965224,1.0,CLIENT,7,2,100000,12,122,0,2179,3331,680,310,277,358,127176.70400000007,25,False,False
206,27,-2424.1139654253648,1730.3572977900426,1.0,CLIENT,7,2,100000,12,108,0,6241,7201,833,296,299,465,112582.65600000006,36,False,False
206,28,-776.7581856394156,1553.0245377900724,1.0,CLIENT,7,2,100000,17,72,0,7229,9497,726,781,292,378,75055.10400000004,56,False,False
206,29,-2364.2417972838857,1181.4383777901394,1.0,CLIENT,7,2,100000,12,70,0,5898,7260,841,399,290,487,72970.24000000003,40,False,False
206,30,1995.8934104525601,-1122.7743022099125,1.0,CLIENT,7,2,100000,10,160,0,3678,4571,708,510,289,357,166789.12000000008,30,False,False
206,31,2925.6543284219733,-2595.315262209692,1.0,CLIENT,7,2,100000,18,224,0,1216,1768,528,4,233,248,233504.76800000013,16,False,False
206,32,1295.088098432226,-243.90290220937032,1.0,CLIENT,7,2,100000,11,81,0,4427,5996,761,673,281,435,84436.99200000004,41,False,False
206,33,-2151.600565192886,813.6370977901424,1.0,CLIENT,7,2,100000,11,38,0,5923,7393,915,418,283,560,39612.41600000002,43,False,False
206,34,-1607.9992925400434,1271.2736177903375,1.0,CLIENT,7,2,100000,11,17,0,8213,9735,833,652,297,499,17721.344000000005,51,False,False
206,35,1904.8180224059122,-1850.4731422092962,1.0,CLIENT,7,2,100000,9,41,0,3939,4676,906,510,297,549,42739.71200000002,31,False,False
206,36,-346.6447660912914,2122.0923777905177,1.0,CLIENT,7,2,100000,8,89,0,3379,5685,837,216,284,479,92776.44800000005,42,False,False
206,37,-1066.2987236374381,-529.5500222095509,1.0,CLIENT,7,2,100000,14,137,0,3267,5601,786,181,273,428,142813.18400000007,37,False,False
206,38,68.02543548334113,1829.6547377900802,1.0,CLIENT,7,2,100000,15,256,0,2955,5001,593,312,251,287,266862.592,40,False,False
206,39,1585.3414003371504,-1264.3733422099306,1.0,CLIENT,7,2,100000,16,73,0,4759,5891,716,826,299,375,76097.53600000004,36,False,False
206,40,-1190.9532112770514,1334.5033777904748,1.0,CLIENT,7,2,100000,12,40,0,7962,10443,797,543,316,447,41697.28000000002,58,False,False
206,41,-1441.925302337173,46.19701779064172,1.0,CLIENT,7,2,100000,12,69,0,5121,7486,748,678,296,399,71927.80800000003,43,False,False
206,42,1221.35663210987,-2413.0844222094324,1.0,CLIENT,7,2,100000,18,125,0,3860,4712,757,323,268,413,130304.00000000007,28,False,False
206,43,-1660.902213596381,-699.7583022093164,1.0,CLIENT,7,2,100000,17,262,0,1717,2713,527,117,240,266,273117.18399999983,23,False,False
206,44,-552.31675109715,-464.3165022097267,1.0,CLIENT,7,2,100000,14,55,0,5735,7467,793,752,305,438,57333.76000000003,42,False,False
206,45,-1201.96145383201,-55.883422209488174,1.0,CLIENT,7,2,100000,17,69,0,5060,7509,805,530,286,449,71927.80800000003,45,False,False
206,46,-2037.1623602124862,1899.229737790017,1.0,CLIENT,7,2,100000,12,40,0,7195,7848,911,522,304,543,41697.28000000002,39,False,False
206,47,-595.9537413699552,638.9760177905455,1.0,CLIENT,7,2,100000,14,44,0,7772,9997,786,581,312,409,45867.00800000002,50,False,False
206,48,-1646.5677394779445,1565.937657790691,1.0,CLIENT,7,2,100000,11,32,0,8478,9538,832,834,294,486,33357.824000000015,48,False,False
206,49,-94.16795122908628,-1553.805342209256,1.0,CLIENT,7,2,100000,18,243,0,3158,4568,676,108,275,347,253310.97600000014,31,False,False
206,50,1130.5980280214076,-1603.4540622096702,1.0,CLIENT,7,2,100000,12,32,0,5202,6345,854,623,306,505,33357.824000000015,37,False,False
206,51,1050.134902582127,-492.59178220952634,1.0,CLIENT,7,2,100000,11,33,0,5137,7405,783,733,297,468,34400.256000000016,43,False,False
206,52,728.5991847837537,333.2912977903325,1.0,CLIENT,7,2,100000,8,30,0,5307,6327,939,325,314,519,31272.960000000014,34,False,False
206,53,-1565.3918501323253,1947.8765777905878,1.0,CLIENT,7,2,100000,9,29,0,7805,8936,907,799,306,547,30230.528000000013,43,False,False
206,54,-2102.815835595771,2264.915937790608,1.0,CLIENT,7,2,100000,10,20,0,5928,7069,961,237,305,606,20848.640000000007,35,False,False
206,55,-1820.8781125998228,774.8977377906599,1.0,CLIENT,7,2,100000,10,44,0,6807,8483,798,681,292,448,45867.00800000002,47,False,False
206,56,-1441.3709304096453,2460.727817790591,1.0,CLIENT,7,2,100000,10,23,0,6099,7040,997,423,311,625,23975.93600000001,40,False,False
206,57,420.28919724932405,-1564.046782209501,1.0,CLIENT,7,2,100000,11,32,0,4610,5755,927,350,313,535,33357.824000000015,37,False,False
206,58,141.28172586870048,-1678.261102209844,1.0,CLIENT,7,2,100000,11,29,0,3541,4969,875,211,296,514,30230.528000000013,32,False,False
206,59,239.24716501052123,399.74933779022905,1.0,CLIENT,7,2,100000,10,61,0,6172,7609,850,420,328,451,63588.352000000035,43,False,False
206,60,-2184.1501169207645,1353.0938177902062,1.0,CLIENT,7,2,100000,13,29,0,6758,8151,934,441,300,587,30230.528000000013,41,False,False
206,61,760.1983846365135,-1670.9139822094103,1.0,CLIENT,7,2,100000,14,54,0,4931,5968,822,522,311,471,56291.32800000003,37,False,False
206,62,-2538.63136639517,993.5302177899763,1.0,CLIENT,7,2,100000,10,163,0,4835,6225,747,283,273,375,169916.41600000008,38,False,False
206,63,262.2931979860877,-1086.4839822097836,1.0,CLIENT,7,2,100000,14,72,0,5027,6932,895,378,298,495,75055.10400000004,41,False,False
206,64,2575.6872503549444,-2040.0511022099895,1.0,CLIENT,7,2,100000,10,124,0,2515,3452,707,261,255,353,129261.56800000007,21,False,False
206,65,-1524.2891315266907,2501.804897790499,1.0,CLIENT,7,2,100000,15,31,0,5873,6937,948,406,307,598,32315.392000000014,40,False,False
206,66,-2266.672338089656,2116.303737790104,1.0,CLIENT,7,2,100000,16,33,0,6000,7038,935,309,307,567,34400.256000000016,36,False,False
206,67,-2002.1577328068427,1305.6714977904985,1.0,CLIENT,7,2,100000,11,21,0,7330,8850,925,535,296,576,21891.072000000007,44,False,False
206,68,1439.779171442113,-1730.3588622096117,1.0,CLIENT,7,2,100000,10,30,0,4527,5726,908,429,307,553,31272.960000000014,35,False,False
206,69,856.975883934436,174.4376577903745,1.0,CLIENT,7,2,100000,11,88,0,5194,6210,829,374,295,429,91734.01600000005,38,False,False
206,70,-1520.8045079844014,1197.913737790465,1.0,CLIENT,7,2,100000,11,33,0,8115,9760,815,636,303,472,34400.256000000016,54,False,False
206,71,99.46624335672693,46.75361779002742,1.0,CLIENT,7,2,100000,8,16,0,6955,8201,803,747,316,429,16678.912000000004,47,False,False
206,72,862.3612112275252,745.286617790278,1.0,CLIENT,7,2,100000,10,160,0,4341,5748,709,291,305,361,166789.12000000008,33,False,False
206,73,1730.7452372528135,-8.238462209551756,1.0,CLIENT,7,2,100000,17,212,0,2548,3830,648,298,259,306,220995.58400000012,27,False,False
206,74,-1501.0847065723128,2341.50409779024,1.0,CLIENT,7,2,100000,11,26,0,6668,7426,972,525,308,613,27103.23200000001,41,False,False
206,75,1341.4177523515757,-2065.5433822096966,1.0,CLIENT,7,2,100000,12,24,0,4413,5185,876,502,286,566,25018.36800000001,33,False,False
206,76,-1929.5350103384167,2658.54345779026,1.0,CLIENT,7,2,100000,15,199,0,4177,5751,752,169,282,413,207443.9680000001,34,False,False
206,77,434.0692994402327,-1782.9019022098373,1.0,CLIENT,7,2,100000,13,112,0,4158,5298,838,279,311,442,116752.38400000006,33,False,False
206,78,-1703.7472439728788,889.4460177901595,1.0,CLIENT,7,2,100000,14,23,0,7484,8910,808,811,296,478,23975.93600000001,52,False,False
206,79,390.1155252092422,-274.40458220987665,1.0,CLIENT,7,2,100000,14,53,0,6352,8502,761,722,308,400,55248.89600000003,45,False,False
206,80,-399.864471106377,2094.5963377903327,1.0,CLIENT,7,2,100000,9,31,0,3824,6129,919,256,283,551,32315.392000000014,44,False,False
206,81,1342.4473002166628,-2040.496382209656,1.0,CLIENT,7,2,100000,15,34,0,4403,5180,882,488,290,560,35442.68800000002,33,False,False
206,82,-2149.3038814939323,2430.8940577899803,1.0,CLIENT,7,2,100000,12,38,0,4929,6341,896,120,296,552,39612.41600000002,34,False,False
206,83,192.67992312239167,15.027417790239781,1.0,CLIENT,7,2,100000,15,33,0,6704,8122,784,701,312,413,34400.256000000016,47,False,False
206,84,73.48995876639884,440.7150977904183,1.0,CLIENT,7,2,100000,11,22,0,6295,8085,848,477,317,497,22933.504000000008,48,False,False
206,85,-1881.8590245963571,1526.6416977902406,1.0,CLIENT,7,2,100000,11,27,0,7863,8987,911,613,302,569,28145.66400000001,44,False,False
206,86,-861.7354824866351,-509.9577022099763,1.0,CLIENT,7,2,100000,13,61,0,4410,6538,857,387,288,501,63588.352000000035,40,False,False
206,87,-471.69523367905833,780.4637377900536,1.0,CLIENT,7,2,100000,15,22,0,7657,10090,808,668,317,443,22933.504000000008,51,False,False
206,88,-443.5806573685878,-847.7025822099247,1.0,CLIENT,7,2,100000,9,114,0,4757,6272,749,609,313,385,118837.24800000007,38,False,False
206,89,-1029.2350005021835,659.2362577900158,1.0,CLIENT,7,2,100000,11,26,0,7666,9622,803,469,312,427,27103.23200000001,58,False,False
206,90,2220.176453015452,-2119.7562222096612,1.0,CLIENT,7,2,100000,15,48,0,3634,4008,835,646,270,520,50036.736000000026,23,False,False
206,91,5.460603694754835,811.9672977904033,1.0,CLIENT,7,2,100000,13,50,0,6402,8158,784,708,321,407,52121.60000000003,46,False,False
206,92,-1443.9052020773786,1349.754217790728,1.0,CLIENT,7,2,100000,10,17,0,8415,10029,805,688,309,477,17721.344000000005,51,False,False
206,93,1792.3597171662811,-2060.8679422096366,1.0,CLIENT,7,2,100000,15,57,0,4026,4587,861,601,275,534,59418.62400000003,30,False,False
206,94,39.11889927712598,420.3435377904381,1.0,CLIENT,7,2,100000,13,26,0,6413,8169,838,510,308,488,27103.23200000001,49,False,False
206,95,-633.6510324221433,956.6832977904617,1.0,CLIENT,7,2,100000,11,97,0,7705,9910,703,689,301,343,101115.90400000005,55,False,False
206,96,-1314.578151051015,615.2648577902962,1.0,CLIENT,7,2,100000,15,67,0,7372,9372,761,664,313,376,69842.94400000003,53,False,False
206,97,82.67669356052555,-1592.9899822099874,1.0,CLIENT,7,2,100000,13,28,0,3593,5073,878,181,300,521,29188.096000000012,31,False,False
206,98,591.6693187553154,-638.5323022096568,1.0,CLIENT,7,2,100000,13,82,0,6495,8330,643,899,299,297,85479.42400000004,47,False,False
206,99,1562.057779392804,-2333.2679822092505,1.0,CLIENT,7,2,100000,14,38,0,3884,4606,955,418,276,635,39612.41600000002,27,False,False
206,100,-1406.0455996278488,2758.0643200003115,1.0,CLIENT,7,2,100000,12,128,0,4083,5675,837,177,291,481,133431.29600000006,33,False,False
206,101,1812.7962022920597,-2984.8899519996658,1.0,CLIENT,3,0.0,100000,12,133,0,2225,2851,703,92,248,387,138643.45600000006,17,False,False

207,0,1440.8879152966058,159.96605779052686,1.0,CLIENT,7,2,100000,13,42,0,3226,4048,943,285,282,580,43782.14400000002,30,False,False
207,1,-388.4602486032649,-1057.7634222095262,1.0,CLIENT,7,2,100000,15,48,0,3526,5315,809,261,304,443,50036.736000000026,36,False,False
207,2,285.1016429923118,1009.3376577904062,1.0,CLIENT,7,2,100000,11,28,0,5901,7645,928,408,317,572,29188.096000000012,42,False,False
207,3,529.4212709254772,235.2183777903673,1.0,CLIENT,7,2,100000,12,37,0,5810,7655,820,546,319,464,38569.98400000002,45,False,False
207,4,2163.868104405668,-2758.955662209429,1.0,CLIENT,7,2,100000,16,45,0,1872,2147,958,171,271,642,46909.440000000024,16,False,False
207,5,-2426.4106491243183,1023.0300177906392,1.0,CLIENT,7,2,100000,9,152,0,4188,5897,747,332,287,392,158449.66400000008,35,False,False
207,6,-1844.4785175023544,13.468937790219684,1.0,CLIENT,7,2,100000,12,23,0,5505,6537,985,401,301,651,23975.93600000001,42,False,False
207,7,1692.0183983355384,-711.0016222094049,1.0,CLIENT,7,2,100000,18,53,0,2888,3730,874,437,280,552,55248.89600000003,29,False,False
207,8,138.0346902946281,2016.672337790119,1.0,CLIENT,7,2,100000,10,80,0,3543,4626,864,205,311,510,83394.56000000004,32,False,False
207,9,958.2675546397347,541.0144177902993,1.0,CLIENT,7,2,100000,16,81,0,4365,5812,806,458,320,448,84436.99200000004,39,False,False
207,10,844.7005055456109,-2295.9757822092783,1.0,CLIENT,7,2,100000,12,104,0,1836,2790,741,193,288,416,108412.92800000006,26,False,False
207,11,-2426.09386516557,1952.3293777904191,1.0,CLIENT,7,2,100000,14,76,0,3009,4033,797,194,271,457,79224.83200000004,28,False,False
207,12,-187.064847036003,2176.3052177904824,1.0,CLIENT,7,2,100000,15,36,0,3905,5019,897,278,307,548,37527.55200000002,31,False,False
207,13,-619.474950283081,240.89569779027102,1.0,CLIENT,7,2,100000,15,13,0,7973,10358,873,627,331,507,13551.616000000004,54,False,False
207,14,-1890.6497794423303,-268.50462220974407,1.0,CLIENT,7,2,100000,14,136,0,4562,5995,772,222,290,402,141770.75200000007,36,False,False
207,15,-230.46424934002852,110.31733779011262,1.0,CLIENT,7,2,100000,8,18,0,6961,9155,842,648,323,478,18763.776000000005,53,False,False
207,16,2248.2910293253594,-2204.248102209903,1.0,CLIENT,7,2,100000,15,133,0,2173,2659,780,503,276,442,138643.45600000006,23,False,False
207,17,-799.4082386668285,481.012937790712,1.0,CLIENT,7,2,100000,12,108,0,8606,10671,719,636,306,363,112582.65600000006,60,False,False
207,18,2102.8079964197277,-2954.5449022099738,1.0,CLIENT,7,2,100000,15,52,0,1736,1970,938,62,268,620,54206.46400000003,15,False,False
207,19,-65.10302304349712,121.89461779014891,1.0,CLIENT,7,2,100000,13,20,0,6810,8761,887,626,326,532,20848.640000000007,55,False,False
207,20,102.55488695142529,-1028.374942209373,1.0,CLIENT,7,2,100000,10,29,0,4016,5566,876,442,317,521,30230.528000000013,41,False,False
207,21,-499.65141800959213,-983.846942209477,1.0,CLIENT,7,2,100000,18,173,0,3856,5809,695,197,299,337,180340.7360000001,38,False,False
207,22,-1739.6230272642354,1004.439577790117,1.0,CLIENT,7,2,100000,9,25,0,6957,8843,797,703,314,463,26060.80000000001,54,False,False
207,23,-666.7549560775494,2551.1196577901746,1.0,CLIENT,7,2,100000,14,28,0,4139,4583,966,217,291,603,29188.096000000012,29,False,False
207,24,563.475546456002,402.86629779026924,1.0,CLIENT,7,2,100000,10,162,0,5431,6838,688,501,312,341,168873.98400000008,46,False,False
207,25,-72.15146611860683,443.60941779022966,1.0,CLIENT,7,2,100000,11,28,0,6254,8678,936,433,321,547,29188.096000000012,57,False,False
207,26,-550.891223284472,2263.134817790359,1.0,CLIENT,7,2,100000,12,31,0,4314,5238,973,322,298,635,32315.392000000014,37,False,False
207,27,-807.1694456482771,2564.255417790231,1.0,CLIENT,7,2,100000,13,249,0,4185,4512,746,261,278,423,259565.56800000014,30,False,False
207,28,-2403.523008128126,2161.0543777902294,1.0,CLIENT,7,2,100000,17,244,0,2546,3475,639,162,253,312,254353.40800000014,27,False,False
207,29,-1501.5598825098723,1972.2556577907326,1.0,CLIENT,7,2,100000,12,53,0,5510,6629,738,879,282,423,55248.89600000003,43,False,False
207,30,-222.5446503797685,-105.86610220985023,1.0,CLIENT,7,2,100000,10,85,0,7009,8770,707,756,315,350,88606.72000000004,51,False,False
207,31,2656.7047477217525,-2988.942782209344,1.0,CLIENT,7,2,100000,18,227,0,1297,1703,603,24,257,285,236632.06400000013,12,False,False
207,32,-121.17378368450139,852.8217377900828,1.0,CLIENT,7,2,100000,11,98,0,6958,8728,827,526,309,457,102158.33600000005,55,False,False
207,33,422.5066849577467,-2113.74494220981,1.0,CLIENT,7,2,100000,11,268,0,1910,2704,578,214,267,282,279371.77599999966,24,False,False
207,34,2063.526785575488,31.948057790231985,1.0,CLIENT,7,2,100000,14,260,0,2318,2709,695,67,264,381,271032.3199999999,18,False,False
207,35,-1542.0290331985734,246.12773779050798,1.0,CLIENT,7,2,100000,9,20,0,6775,8849,924,611,306,569,20848.640000000007,47,False,False
207,36,-939.1891603206227,-385.7245822096172,1.0,CLIENT,7,2,100000,7,148,0,7036,8629,696,631,303,335,154279.93600000007,45,False,False
207,37,263.8771177781397,1398.8463377901746,1.0,CLIENT,7,2,100000,14,235,0,5200,7038,666,412,288,326,244971.52000000014,40,False,False
207,38,-898.2448336943622,407.0964577906628,1.0,CLIENT,7,2,100000,13,26,0,8685,10679,817,660,324,439,27103.23200000001,59,False,False
207,39,1219.2975363796959,-136.36778220956558,1.0,CLIENT,7,2,100000,16,37,0,3975,5463,915,502,280,599,38569.98400000002,35,False,False
207,40,-1829.8272594251698,2256.1216577906644,1.0,CLIENT,7,2,100000,13,22,0,3880,5112,1006,350,291,680,22933.504000000008,31,False,False
207,41,-2508.299302376277,337.52145779072606,1.0,CLIENT,7,2,100000,13,210,0,4315,4909,802,123,291,422,218910.72000000012,31,False,False
207,42,1937.9219460613185,-847.1459822097481,1.0,CLIENT,7,2,100000,18,151,0,2699,3384,667,556,278,357,157407.23200000008,27,False,False
207,43,-188.807158807429,1873.180857790133,1.0,CLIENT,7,2,100000,16,37,0,4677,5942,921,357,311,551,38569.98400000002,41,False,False
207,44,-41.74020610974534,961.024777790574,1.0,CLIENT,7,2,100000,14,37,0,6982,8386,917,565,316,550,38569.98400000002,50,False,False
207,45,-363.4343158880555,586.4329777903199,1.0,CLIENT,7,2,100000,17,39,0,7400,9608,878,581,304,526,40654.84800000002,58,False,False
207,46,-2171.4787585837853,1357.9918977904954,1.0,CLIENT,7,2,100000,12,67,0,5098,6287,795,571,305,450,69842.94400000003,42,False,False
207,47,2480.09769090092,-2767.1933422099873,1.0,CLIENT,7,2,100000,15,57,0,1821,2010,885,218,271,584,59418.62400000003,14,False,False
207,48,1841.4612307215816,-758.9805422092891,1.0,CLIENT,7,2,100000,11,49,0,2843,3483,821,535,286,497,51079.16800000003,27,False,False
207,49,-11.328946101446556,-1149.7137422099208,1.0,CLIENT,7,2,100000,17,165,0,3474,4809,736,411,303,375,172001.2800000001,37,False,False
207,50,-1962.3221500356374,2572.1591377900504,1.0,CLIENT,7,2,100000,13,148,0,2525,3631,810,145,276,461,154279.93600000007,28,False,False
207,51,-2242.1215813120057,1087.484297790058,1.0,CLIENT,7,2,100000,11,33,0,5030,6705,843,491,304,514,34400.256000000016,39,False,False
207,52,-1519.458176161129,742.0583377905189,1.0,CLIENT,7,2,100000,8,12,0,7768,9708,826,794,310,500,12509.184000000003,56,False,False
207,53,2567.7676513946844,-1567.27506220926,1.0,CLIENT,7,2,100000,11,210,0,1745,2378,590,128,239,302,218910.72000000012,21,False,False
207,54,-1760.6099645101904,899.2421777907379,1.0,CLIENT,7,2,100000,10,74,0,6976,8774,811,668,304,465,77139.96800000004,53,False,False
207,55,-858.7260348813423,1582.4130177902252,1.0,CLIENT,7,2,100000,9,67,0,7305,9366,653,1050,283,332,69842.94400000003,53,False,False
207,56,-580.9856993345854,-574.300662209676,1.0,CLIENT,7,2,100000,11,25,0,6156,7843,904,376,326,505,26060.80000000001,46,False,False
207,57,2085.068094748408,-2658.767662209267,1.0,CLIENT,7,2,100000,11,33,0,2007,2256,986,265,279,660,34400.256000000016,17,False,False
207,58,1385.6883105413144,116.551257790193,1.0,CLIENT,7,2,100000,11,38,0,3337,4374,941,303,282,587,39612.41600000002,31,False,False
207,59,-1517.2406884521438,-433.81482221001136,1.0,CLIENT,7,2,100000,10,57,0,5141,6992,834,340,312,463,59418.62400000003,41,False,False
207,60,-2554.866544264406,562.4991777906328,1.0,CLIENT,7,2,100000,13,43,0,4082,5029,927,113,293,562,44824.57600000002,33,False,False
207,61,1131.7859678658685,-719.6845822096299,1.0,CLIENT,7,2,100000,14,109,0,3827,5347,775,560,295,430,113625.08800000006,39,False,False
207,62,1349.6541352705838,171.76597779000105,1.0,CLIENT,7,2,100000,10,141,0,3304,4573,821,283,287,450,146982.91200000007,31,False,False
207,63,-1546.464008616544,-243.79158220965138,1.0,CLIENT,7,2,100000,14,23,0,5758,7585,909,410,310,557,23975.93600000001,44,False,False
207,64,-112.8582047760877,2274.6007777906766,1.0,CLIENT,7,2,100000,10,144,0,3467,4556,771,225,301,423,150110.20800000007,28,False,False
207,65,546.6859966598006,-2058.7528622094396,1.0,CLIENT,7,2,100000,16,44,0,2167,3024,811,249,279,499,45867.00800000002,26,False,False
207,66,-2115.962369870309,255.03333779017083,1.0,CLIENT,7,2,100000,16,31,0,5118,5881,1025,238,298,658,32315.392000000014,38,False,False
207,67,-2193.020067756706,1847.243297789968,1.0,CLIENT,7,2,100000,12,28,0,3946,5025,883,339,285,555,29188.096000000012,33,False,False
207,68,-474.2295053462289,769.1090977902462,1.0,CLIENT,7,2,100000,10,18,0,7832,10105,838,663,315,497,18763.776000000005,58,False,False
207,69,1870.7637468753876,-2374.122422209721,1.0,CLIENT,7,2,100000,11,24,0,2287,2887,961,496,288,657,25018.36800000001,23,False,False
207,70,-1577.7464245105557,88.49861779062223,1.0,CLIENT,7,2,100000,11,31,0,6300,8294,915,519,307,559,32315.392000000014,47,False,False
207,71,-2236.7362540189165,-58.555102209861616,1.0,CLIENT,7,2,100000,9,28,0,4474,5282,966,153,301,583,29188.096000000012,28,False,False
207,72,1533.7056151141167,-688.6263022097378,1.0,CLIENT,7,2,100000,10,27,0,3034,4147,906,372,285,588,28145.66400000001,32,False,False
207,73,-1710.6372950686145,416.1133777900446,1.0,CLIENT,7,2,100000,16,47,0,6385,8061,902,582,297,544,48994.304000000026,50,False,False
207,74,685.6749584172876,-1246.6734622095328,1.0,CLIENT,7,2,100000,12,144,0,3368,5011,717,479,293,363,150110.20800000007,38,False,False
207,75,-1625.0264303050244,2305.102457790392,1.0,CLIENT,7,2,100000,12,29,0,4079,5359,898,465,286,567,30230.528000000013,31,False,False
207,76,2644.270977353553,-1514.3980622098777,1.0,CLIENT,7,2,100000,15,106,0,1613,2350,656,94,238,357,110497.79200000006,19,False,False
207,77,-2141.3842825336724,-171.2109422093934,1.0,CLIENT,7,2,100000,13,47,0,4328,5340,912,175,295,543,48994.304000000026,28,False,False
207,78,1530.0625995924534,-2805.4874222098033,1.0,CLIENT,7,2,100000,14,36,0,1993,2309,912,282,287,608,37527.55200000002,18,False,False
207,79,-101.77076623116098,97.51553779000403,1.0,CLIENT,7,2,100000,14,39,0,6878,8794,839,678,328,471,40654.84800000002,53,False,False
207,80,-256.2821419515453,424.9076577899885,1.0,CLIENT,7,2,100000,9,26,0,6911,9285,902,543,321,525,27103.23200000001,58,False,False
207,81,-40.156286317693336,2015.6704577902756,1.0,CLIENT,7,2,100000,16,39,0,4087,5020,917,266,309,552,40654.84800000002,35,False,False
207,82,1306.7299089046803,-2574.721062209483,1.0,CLIENT,7,2,100000,13,191,0,2020,2523,651,403,281,330,199104.5120000001,23,False,False
207,83,-552.7919270347093,2217.7162577903387,1.0,CLIENT,7,2,100000,15,39,0,4358,5396,983,324,304,634,40654.84800000002,38,False,False
207,84,-1723.2294574161874,2173.633537790109,1.0,CLIENT,7,2,100000,11,26,0,4462,5638,937,526,291,600,27103.23200000001,33,False,False
207,85,-1746.829862318719,-433.14690220932476,1.0,CLIENT,7,2,100000,13,44,0,4361,6194,808,233,290,462,45867.00800000002,38,False,False
207,86,-1074.6934985358203,1540.6680177904216,1.0,CLIENT,7,2,100000,13,14,0,7353,9748,672,1007,302,362,14594.048000000004,55,False,False
207,87,-507.88780092860014,-777.2370222098635,1.0,CLIENT,7,2,100000,15,43,0,4964,7027,874,238,313,496,44824.57600000002,43,False,False
207,88,1656.301007023556,-2146.6956622096695,1.0,CLIENT,7,2,100000,9,53,0,2789,3778,760,846,295,452,55248.89600000003,24,False,False
207,89,1729.1613174607617,376.26081779020865,1.0,CLIENT,7,2,100000,11,43,0,2586,3248,878,151,279,521,44824.57600000002,22,False,False
207,90,-541.625292500377,1505.8248577905938,1.0,CLIENT,7,2,100000,15,30,0,6850,8925,825,763,304,505,31272.960000000014,50,False,False
207,91,-1323.2105139181767,833.452057790737,1.0,CLIENT,7,2,100000,12,43,0,7967,10579,772,707,301,429,44824.57600000002,62,False,False
207,92,636.652640851393,-1336.5087022097307,1.0,CLIENT,7,2,100000,10,44,0,3217,4690,842,446,305,486,45867.00800000002,35,False,False
207,93,-1938.8801371119175,903.5836577900593,1.0,CLIENT,7,2,100000,15,26,0,6408,8063,914,562,304,583,27103.23200000001,45,False,False
207,94,1652.3412075431445,-1085.0368222094824,1.0,CLIENT,7,2,100000,13,51,0,2937,4059,746,609,294,441,53164.03200000003,32,False,False
207,95,189.43288754888204,-992.8638622096497,1.0,CLIENT,7,2,100000,12,14,0,4160,5925,885,476,326,527,14594.048000000004,42,False,False
207,96,-1274.029804372908,1772.5475777903043,1.0,CLIENT,7,2,100000,14,25,0,6298,8166,714,997,286,417,26060.80000000001,49,False,False
207,97,-1060.6758083755692,1543.8962977901806,1.0,CLIENT,7,2,100000,12,26,0,7327,9746,657,998,285,365,27103.23200000001,55,False,False
207,98,250.49299553482197,341.4176577903808,1.0,CLIENT,7,2,100000,13,26,0,6061,7848,907,502,327,545,27103.23200000001,51,False,False
207,99,-1258.6657823893847,91.83821779010032,1.0,CLIENT,7,2,100000,14,34,0,7697,9531,925,578,321,546,35442.68800000002,52,False,False
207,100,-1406.0455996278488,2758.0643200003115,1.0,CLIENT,7,2,100000,12,173,0,3083,4239,764,213,269,419,180340.7360000001,26,False,False
207,101,1812.7962022920597,-2984.8899519996658,1.0,CLIENT,3,0.0,100000,13,173,0,1683,1809,790,96,271,414,180340.7360000001,15,False,False

208,0,-2037.8751241193881,1330.829817790258,1.0,CLIENT,7,2,100000,13,93,0,3624,5069,671,624,272,341,96946.17600000005,32,False,False
208,1,416.72537771706635,-1754.8492622094755,1.0,CLIENT,7,2,100000,15,183,0,3657,4810,667,407,284,341,190765.0560000001,36,False,False
208,2,2438.4406003683207,-1558.926062209774,1.0,CLIENT,7,2,100000,12,207,0,3354,4781,649,239,270,344,215783.42400000012,35,False,False
208,3,-527.9243862988739,105.86453779028119,1.0,CLIENT,7,2,100000,12,76,0,6953,8955,737,751,319,360,79224.83200000004,50,False,False
208,4,-732.3292354708658,1640.9673377903025,1.0,CLIENT,7,2,100000,15,71,0,5544,7634,743,763,285,394,74012.67200000004,47,False,False
208,5,1604.0316538841516,-333.0702222096727,1.0,CLIENT,7,2,100000,9,25,0,3719,5362,1005,214,302,637,26060.80000000001,38,False,False
208,6,969.9885611015949,966.25681779002,1.0,CLIENT,7,2,100000,13,39,0,3807,5340,878,248,303,521,40654.84800000002,34,False,False
208,7,-1014.029370498034,-554.7083422093103,1.0,CLIENT,7,2,100000,17,36,0,5381,6686,913,450,308,558,37527.55200000002,35,False,False
208,8,-76.1112655990182,-796.3840622097714,1.0,CLIENT,7,2,100000,9,51,0,4477,6433,838,557,309,471,53164.03200000003,48,False,False
208,9,-300.9486800888748,612.8158177901516,1.0,CLIENT,7,2,100000,14,52,0,7360,9347,726,799,309,367,54206.46400000003,53,False,False
208,10,1785.5488620599513,-132.3602622094009,1.0,CLIENT,7,2,100000,12,32,0,3215,4532,958,130,294,595,33357.824000000015,34,False,False
208,11,2548.5230259201553,-1217.9529022092754,1.0,CLIENT,7,2,100000,14,82,0,2842,4298,795,243,297,463,85479.42400000004,30,False,False
208,12,-1241.4802526450299,2471.6371777907316,1.0,CLIENT,7,2,100000,15,43,0,3629,4422,813,558,273,510,44824.57600000002,27,False,False
208,13,-436.84899825222607,2009.659177790424,1.0,CLIENT,7,2,100000,15,26,0,4588,5888,954,447,290,621,27103.23200000001,39,False,False
208,14,608.4588685520795,-1954.0007422097274,1.0,CLIENT,7,2,100000,14,33,0,3593,5096,871,307,298,515,34400.256000000016,37,False,False
208,15,-2582.1891606785694,489.91853779037484,1.0,CLIENT,7,2,100000,9,249,0,1822,3063,546,80,259,265,259565.56800000014,26,False,False
208,16,1215.4169328892528,-1710.7665422092462,1.0,CLIENT,7,2,100000,15,71,0,5019,6669,798,587,292,431,74012.67200000004,43,False,False
208,17,-1255.8147267640288,1171.3082577904042,1.0,CLIENT,7,2,100000,13,93,0,5851,7813,744,486,285,387,96946.17600000005,48,False,False
208,18,174.14806155476427,-1008.2260222096218,1.0,CLIENT,7,2,100000,15,73,0,4341,6305,825,538,298,472,76097.53600000004,45,False,False
208,19,-1424.343792644664,568.5104577904843,1.0,CLIENT,7,2,100000,12,42,0,6277,7375,850,800,302,484,43782.14400000002,40,False,False
208,20,-1783.49760550582,-134.03006220993092,1.0,CLIENT,7,2,100000,10,93,0,4501,5449,839,413,280,488,96946.17600000005,32,False,False
208,21,1097.4149083771586,-450.62414220949364,1.0,CLIENT,7,2,100000,15,70,0,4840,7027,775,623,308,406,72970.24000000003,47,False,False
208,22,-1431.3130397298057,-700.2035822097741,1.0,CLIENT,7,2,100000,10,146,0,4136,5409,753,214,295,399,152195.07200000007,32,False,False
208,23,1795.6067527397906,-1035.6107422092969,1.0,CLIENT,7,2,100000,13,27,0,4820,5670,859,640,307,513,28145.66400000001,39,False,False
208,24,1862.3689719775682,-2750.495342209433,1.0,CLIENT,7,2,100000,10,18,0,3456,4323,888,423,278,573,18763.776000000005,25,False,False
208,25,-933.4078530793796,-921.507742209464,1.0,CLIENT,7,2,100000,12,196,0,4521,5604,745,371,300,402,204316.6720000001,32,False,False
208,26,2645.1421332392665,-3173.400022209519,1.0,CLIENT,7,2,100000,12,240,0,1621,1862,545,0,256,244,250183.68000000014,16,False,False
208,27,1996.3685863901194,-1378.2537022095346,1.0,CLIENT,7,2,100000,11,28,0,4696,6323,881,481,295,550,29188.096000000012,38,False,False
208,28,1486.3464133302425,-859.9477822098567,1.0,CLIENT,7,2,100000,17,44,0,4885,6148,832,653,302,512,45867.00800000002,44,False,False
208,29,2125.1412654889555,-2472.974582209301,1.0,CLIENT,7,2,100000,12,26,0,3963,4665,825,660,283,523,27103.23200000001,27,False,False
208,30,-1151.038432515878,-134.58666220931661,1.0,CLIENT,7,2,100000,10,31,0,5801,7346,914,517,314,560,32315.392000000014,40,False,False
208,31,-1186.2014519003328,1619.259937790531,1.0,CLIENT,7,2,100000,15,43,0,5614,7306,731,972,287,423,44824.57600000002,42,False,False
208,32,358.43712936707675,949.8927777902045,1.0,CLIENT,7,2,100000,11,29,0,5052,6804,962,414,304,590,30230.528000000013,46,False,False
208,33,-275.28917945673203,-1414.0987422099968,1.0,CLIENT,7,2,100000,11,241,0,3067,4056,662,234,284,334,251226.11200000014,33,False,False
208,34,-119.74825587126068,-1139.360982209957,1.0,CLIENT,7,2,100000,12,34,0,3670,5267,891,349,300,544,35442.68800000002,39,False,False
208,35,-763.6116513648776,359.2288577904975,1.0,CLIENT,7,2,100000,9,21,0,6826,8943,846,585,326,458,21891.072000000007,53,False,False
208,36,1661.8447262960192,-2709.306942209806,1.0,CLIENT,7,2,100000,8,14,0,3745,4509,924,413,283,616,14594.048000000004,27,False,False
208,37,1037.7011322144908,-2440.357822209389,1.0,CLIENT,7,2,100000,14,191,0,3810,4517,676,328,270,337,199104.5120000001,29,False,False
208,38,1730.270061315254,-304.5723022096442,1.0,CLIENT,7,2,100000,14,42,0,3511,4878,965,186,291,598,43782.14400000002,34,False,False
208,39,-1119.9936045900831,2737.8032977902653,1.0,CLIENT,7,2,100000,17,76,0,3086,3780,753,413,272,444,79224.83200000004,23,False,False
208,40,1869.0214351045242,-1676.257342209366,1.0,CLIENT,7,2,100000,11,46,0,5022,6252,893,593,304,546,47951.872000000025,38,False,False
208,41,-1050.3011337375442,389.73053779021285,1.0,CLIENT,7,2,100000,12,33,0,6504,8450,844,599,308,479,34400.256000000016,47,False,False
208,42,-2044.4483912563755,335.6290177899672,1.0,CLIENT,7,2,100000,18,81,0,4255,5365,888,351,279,522,84436.99200000004,30,False,False
208,43,779.5222060998857,1252.7944977903253,1.0,CLIENT,7,2,100000,16,212,0,3627,4950,692,189,282,350,220995.58400000012,36,False,False
208,44,-1520.9628999632127,1668.1294177905397,1.0,CLIENT,7,2,100000,14,57,0,4324,5955,851,531,279,500,59418.62400000003,40,False,False
208,45,2044.6781400496752,-2822.8533422094624,1.0,CLIENT,7,2,100000,18,46,0,2921,3856,890,272,263,562,47951.872000000025,24,False,False
208,46,163.1398189998059,-1692.1761022095147,1.0,CLIENT,7,2,100000,12,53,0,3476,4439,865,322,306,511,55248.89600000003,32,False,False
208,47,1946.5543089279174,-25.493062209491768,1.0,CLIENT,7,2,100000,15,53,0,2997,4046,909,75,289,558,55248.89600000003,29,False,False
208,48,-259.687569504429,-790.5954222093578,1.0,CLIENT,7,2,100000,11,33,0,4754,6487,925,515,318,552,34400.256000000016,42,False,False
208,49,225.8630427672035,68.68365779002772,1.0,CLIENT,7,2,100000,16,38,0,5706,8220,795,537,316,440,39612.41600000002,54,False,False
208,50,2115.0041788191475,-48.09102220938769,1.0,CLIENT,7,2,100000,13,213,0,2821,3607,732,40,283,374,222038.01600000012,27,False,False
208,51,-208.52696021951746,2165.7298177902894,1.0,CLIENT,7,2,100000,12,28,0,3673,5192,892,245,280,565,29188.096000000012,32,False,False
208,52,-166.23630176998458,921.506177790686,1.0,CLIENT,7,2,100000,8,69,0,7433,8884,680,1043,300,341,71927.80800000003,47,False,False
208,53,-15.684725530011601,-220.30306220963098,1.0,CLIENT,7,2,100000,10,65,0,6156,8401,729,736,317,356,67758.08000000003,52,False,False
208,54,1285.42618770054,-280.5271822094471,1.0,CLIENT,7,2,100000,10,27,0,4391,6264,875,461,303,536,28145.66400000001,43,False,False
208,55,1195.221955539605,-1919.4915422098472,1.0,CLIENT,7,2,100000,10,24,0,4976,6073,901,504,309,540,25018.36800000001,39,False,False
208,56,1228.3258791950113,-2544.5533422097155,1.0,CLIENT,7,2,100000,11,49,0,3863,4608,813,386,284,480,51079.16800000003,29,False,False
208,57,361.12979301362145,1479.330697790252,1.0,CLIENT,7,2,100000,10,38,0,4767,5896,913,448,305,536,39612.41600000002,34,False,False
208,58,33.25839604647731,395.63049779034543,1.0,CLIENT,7,2,100000,10,38,0,6142,8844,887,488,315,511,39612.41600000002,54,False,False
208,59,2252.8843967227044,-1477.3285022093432,1.0,CLIENT,7,2,100000,11,35,0,3986,5502,837,363,289,496,36485.12000000002,36,False,False
208,60,-1795.3770039464914,2183.2070577904587,1.0,CLIENT,7,2,100000,13,37,0,3043,3855,921,233,270,596,38569.98400000002,26,False,False
208,61,-1141.8516977211887,194.69789779063575,1.0,CLIENT,7,2,100000,14,24,0,6167,7957,854,659,316,501,25018.36800000001,43,False,False
208,62,-790.4590918414815,-688.29234220979,1.0,CLIENT,7,2,100000,9,34,0,5484,6627,873,524,306,508,35442.68800000002,34,False,False
208,63,-1624.5512543674652,-282.75358220936283,1.0,CLIENT,7,2,100000,14,51,0,4424,5557,834,406,286,499,53164.03200000003,34,False,False
208,64,-2231.271730735859,2300.8722977899984,1.0,CLIENT,7,2,100000,10,52,0,2025,2645,787,106,259,449,54206.46400000003,19,False,False
208,65,-2336.9983768596912,72.57985779047345,1.0,CLIENT,7,2,100000,16,139,0,2920,3956,736,116,263,392,144898.04800000007,25,False,False
208,66,-166.7114777075439,1372.6861377905718,1.0,CLIENT,7,2,100000,14,36,0,6355,8018,779,886,295,441,37527.55200000002,45,False,False
208,67,1643.3128647283918,-229.98790220969937,1.0,CLIENT,7,2,100000,12,19,0,3522,5129,1008,181,303,646,19806.208000000006,35,False,False
208,68,-530.6962459348242,2606.111737790545,1.0,CLIENT,7,2,100000,10,61,0,3083,3889,845,219,267,500,63588.352000000035,27,False,False
208,69,660.9658096602634,-2136.6768622096533,1.0,CLIENT,7,2,100000,11,75,0,3371,4773,824,209,290,467,78182.40000000004,32,False,False
208,70,2270.4659064152133,-595.6741022094997,1.0,CLIENT,7,2,100000,11,164,0,3752,4163,809,336,289,414,170958.8480000001,25,False,False
208,71,-2052.447186206604,1563.822577790494,1.0,CLIENT,7,2,100000,9,105,0,3284,4527,766,369,281,419,109455.36000000006,31,False,False
208,72,-1258.6657823893847,26.493377790557133,1.0,CLIENT,7,2,100000,9,29,0,5700,7384,850,645,298,501,30230.528000000013,41,False,False
208,73,95.58563986628394,1867.8374977901772,1.0,CLIENT,7,2,100000,17,179,0,4315,5756,679,442,269,355,186595.3280000001,35,False,False
208,74,1384.0251947598567,9.1274577901072,1.0,CLIENT,7,2,100000,12,143,0,4413,5596,774,455,299,407,149067.77600000007,38,False,False
208,75,-110.719913056508,2110.9603777901484,1.0,CLIENT,7,2,100000,13,41,0,3654,5313,884,261,281,534,42739.71200000002,32,False,False
208,76,2392.6653183764984,-2279.6117422094626,1.0,CLIENT,7,2,100000,16,192,0,3637,4527,646,527,272,317,200146.9440000001,26,False,False
208,77,534.8857942085349,780.7976977900014,1.0,CLIENT,7,2,100000,13,31,0,4660,6288,968,378,308,607,32315.392000000014,44,False,False
208,78,692.0106375860582,871.7461377905528,1.0,CLIENT,7,2,100000,14,28,0,4338,5858,949,317,304,589,29188.096000000012,39,False,False
208,79,420.9227651656947,19.814177790019016,1.0,CLIENT,7,2,100000,15,113,0,5473,7693,705,517,301,334,117794.81600000006,51,False,False
208,80,-138.4385094182621,2228.4029777902506,1.0,CLIENT,7,2,100000,9,52,0,3377,4863,859,203,273,527,54206.46400000003,30,False,False
208,81,1884.0686731292994,-2875.173742209459,1.0,CLIENT,7,2,100000,16,48,0,2955,3856,838,325,264,510,50036.736000000026,25,False,False
208,82,719.2540580102531,897.127097790541,1.0,CLIENT,7,2,100000,12,20,0,4242,5702,950,297,306,581,20848.640000000007,38,False,False
208,83,-498.62187014450507,-1210.4944622099138,1.0,CLIENT,7,2,100000,15,47,0,3410,4780,904,303,307,537,48994.304000000026,32,False,False
208,84,-2083.9671900693957,2247.2160577902105,1.0,CLIENT,7,2,100000,12,243,0,2210,2924,639,128,255,343,253310.97600000014,23,False,False
208,85,-2119.5261894025666,932.0815777900879,1.0,CLIENT,7,2,100000,12,57,0,4089,5468,842,467,292,506,59418.62400000003,31,False,False
208,86,1331.4390576617045,-1541.6714622098339,1.0,CLIENT,7,2,100000,13,41,0,5423,7139,711,837,292,392,42739.71200000002,44,False,False
208,87,1295.4840783803797,-1915.1500622097346,1.0,CLIENT,7,2,100000,15,39,0,5144,6040,864,669,301,499,40654.84800000002,38,False,False
208,88,742.3792869752251,487.3581777905113,1.0,CLIENT,7,2,100000,10,148,0,5128,6371,773,467,311,414,154279.93600000007,40,False,False
208,89,1718.073878915835,-2582.2908222093547,1.0,CLIENT,7,2,100000,11,9,0,4039,4805,954,506,289,634,9381.888,27,False,False
208,90,-208.52696021951746,2528.5216977902787,1.0,CLIENT,7,2,100000,15,227,0,2800,3680,646,161,253,315,236632.06400000013,28,False,False
208,91,1602.6061260709112,-1066.3350622100322,1.0,CLIENT,7,2,100000,13,69,0,4982,6358,753,737,303,405,71927.80800000003,44,False,False
208,92,-1438.5198747837267,2558.5780977903273,1.0,CLIENT,7,2,100000,10,36,0,3026,4005,907,295,274,587,37527.55200000002,24,False,False
208,93,-1019.4146977911234,1439.700777790645,1.0,CLIENT,7,2,100000,15,22,0,6078,8158,758,780,303,422,22933.504000000008,49,False,False
208,94,-1118.4888807879995,960.3568577906785,1.0,CLIENT,7,2,100000,13,37,0,6211,7904,767,549,293,413,38569.98400000002,54,False,False
208,95,-1315.3701109473225,314.36689779065347,1.0,CLIENT,7,2,100000,11,10,0,6066,7694,876,694,310,537,10424.320000000002,41,False,False
208,96,693.9113413362955,1316.2468977906915,1.0,CLIENT,7,2,100000,16,55,0,3902,5129,871,200,290,504,57333.76000000003,36,False,False
208,97,1743.5749875691663,-2407.6297422097578,1.0,CLIENT,7,2,100000,13,39,0,4463,5217,919,639,293,576,40654.84800000002,28,False,False
208,98,-852.7863356607253,854.6028577903317,1.0,CLIENT,7,2,100000,14,104,0,6314,8840,723,409,295,354,108412.92800000006,57,False,False
208,99,-1315.6868949055076,0.3331777901632904,1.0,CLIENT,7,2,100000,14,49,0,5536,7068,845,615,302,498,51079.16800000003,40,False,False
208,100,-1406.0455996278488,2758.0643200003115,1.0,CLIENT,7,2,100000,13,190,0,2365,3465,632,251,252,324,198062.0800000001,22,False,False
208,101,1812.7962022920597,-2984.8899519996658,1.0,CLIENT,3,0.0,100000,13,169,0,2377,2927,667,222,252,316,176171.0080000001,21,False,False

209,0,1119.9857654146028,863.5084577899945,1.0,CLIENT,7,2,100000,13,29,0,4827,6230,938,352,297,579,30230.528000000013,36,False,False
209,1,-1263.8927177036628,-312.6986622096925,1.0,CLIENT,7,2,100000,15,122,0,4346,5626,778,436,287,411,127176.70400000007,36,False,False
209,2,2284.008420637342,-2564.368302209519,1.0,CLIENT,7,2,100000,14,158,0,1544,1966,707,271,248,337,164704.25600000008,18,False,False
209,3,-859.834778735835,1453.3931377900872,1.0,CLIENT,7,2,100000,12,28,0,6039,7912,811,648,324,458,29188.096000000012,51,False,False
209,4,-1594.773562275537,1960.1217777905197,1.0,CLIENT,7,2,100000,15,23,0,6100,6828,847,835,290,538,23975.93600000001,36,False,False
209,5,-882.9600077008072,-53.768342209291404,1.0,CLIENT,7,2,100000,9,22,0,5551,7039,881,577,318,513,22933.504000000008,48,False,False
209,6,-2479.630354139404,1178.4327377906093,1.0,CLIENT,7,2,100000,14,214,0,3145,4400,642,45,248,309,223080.44800000012,29,False,False
209,7,1531.1713434469461,824.3238177900542,1.0,CLIENT,7,2,100000,20,274,0,4084,5554,676,193,257,360,285626.3679999995,31,False,False
209,8,-1672.9400040164262,864.1763777906812,1.0,CLIENT,7,2,100000,9,51,0,6103,7281,852,678,297,490,53164.03200000003,38,False,False
209,9,-704.6898350985174,325.61021779074196,1.0,CLIENT,7,2,100000,16,153,0,5870,8688,665,554,307,303,159492.09600000008,56,False,False
209,10,-24.71306834476428,-1161.958942209853,1.0,CLIENT,7,2,100000,12,40,0,4975,6071,949,348,292,574,41697.28000000002,33,False,False
209,11,-1897.0646546005069,-462.9806622099355,1.0,CLIENT,7,2,100000,16,261,0,2030,2997,547,17,243,274,272074.75199999986,26,False,False
209,12,-1583.844515709984,1355.6541777900698,1.0,CLIENT,7,2,100000,15,33,0,5653,7012,880,524,297,532,34400.256000000016,44,False,False
209,13,-1780.48815790109,1485.4532977906135,1.0,CLIENT,7,2,100000,17,43,0,5321,6574,864,366,286,526,44824.57600000002,41,False,False
209,14,2278.8606813130323,-888.4457022098852,1.0,CLIENT,7,2,100000,14,35,0,3781,4769,896,127,288,534,36485.12000000002,31,False,False
209,15,1069.1419400878765,-1622.712422209297,1.0,CLIENT,7,2,100000,9,59,0,3524,5734,796,520,304,444,61503.488000000034,44,False,False
209,16,-1977.369388060413,2472.3050977906273,1.0,CLIENT,7,2,100000,16,120,0,4317,5376,820,278,278,459,125091.84000000007,29,False,False
209,17,655.9764623153278,8.570857790721504,1.0,CLIENT,7,2,100000,12,61,0,7137,9310,754,679,308,386,63588.352000000035,53,False,False
209,18,-420.4554284041784,-1352.2048222096507,1.0,CLIENT,7,2,100000,15,198,0,3568,4902,706,156,273,357,206401.5360000001,32,False,False
209,19,-430.27573111523844,2564.8120177904075,1.0,CLIENT,7,2,100000,18,248,0,2907,4576,569,234,243,282,258523.13600000014,32,False,False
209,20,2588.8337846294826,-3295.1841022097337,1.0,CLIENT,7,2,100000,11,234,0,468,654,389,0,241,135,243929.08800000013,9,False,False
209,21,2182.7167499320435,-714.452542209393,1.0,CLIENT,7,2,100000,17,41,0,4229,5189,894,180,301,524,42739.71200000002,33,False,False
209,22,353.84376196973204,1096.5012177902306,1.0,CLIENT,7,2,100000,9,23,0,4279,6078,887,475,318,515,23975.93600000001,40,False,False
209,23,-929.0520736513773,1017.7979777904022,1.0,CLIENT,7,2,100000,14,24,0,6087,8372,833,522,345,437,25018.36800000001,56,False,False
209,24,-348.7038618214654,366.01937779075456,1.0,CLIENT,7,2,100000,9,41,0,6521,9168,732,646,315,362,42739.71200000002,54,False,False
209,25,2165.610416177094,-1205.9303422095722,1.0,CLIENT,7,2,100000,12,29,0,3667,4902,884,179,287,536,30230.528000000013,31,False,False
209,26,1758.3054416357566,-1893.2200222097345,1.0,CLIENT,7,2,100000,12,85,0,2931,4061,776,661,286,461,88606.72000000004,30,False,False
209,27,-1533.159082362632,183.45457779054726,1.0,CLIENT,7,2,100000,11,31,0,4827,6983,945,465,289,608,32315.392000000014,39,False,False
209,28,1067.3996283164506,-316.1495822096805,1.0,CLIENT,7,2,100000,17,42,0,6687,9103,828,525,315,480,43782.14400000002,50,False,False
209,29,1847.0049499940449,124.56629779052236,1.0,CLIENT,7,2,100000,12,105,0,5125,6264,759,453,316,382,109455.36000000006,33,False,False
209,30,878.2004091486082,-616.3796222094277,1.0,CLIENT,7,2,100000,10,56,0,7238,9347,715,749,302,366,58376.19200000003,51,False,False
209,31,1441.1255032653853,310.47069779020774,1.0,CLIENT,7,2,100000,15,45,0,5748,6910,951,350,305,563,46909.440000000024,39,False,False
209,32,1325.895338389241,-2102.835582209669,1.0,CLIENT,7,2,100000,12,78,0,2386,3100,805,459,278,459,81309.69600000004,31,False,False
209,33,247.8003318882773,1469.8684977904124,1.0,CLIENT,7,2,100000,11,39,0,3300,4871,837,233,310,458,40654.84800000002,36,False,False
209,34,1339.992224538898,-2621.030182209628,1.0,CLIENT,7,2,100000,13,148,0,1596,2155,718,227,266,378,154279.93600000007,16,False,False
209,35,1779.133986901775,-1370.2386622099962,1.0,CLIENT,7,2,100000,9,38,0,4462,5959,840,619,304,500,39612.41600000002,38,False,False
209,36,543.5181570751339,1578.1828577906228,1.0,CLIENT,7,2,100000,8,163,0,2664,3795,679,193,295,337,169916.41600000008,28,False,False
209,37,-1288.7602584394983,1620.1504977906554,1.0,CLIENT,7,2,100000,14,32,0,6138,7397,806,831,308,476,33357.824000000015,45,False,False
209,38,2183.587905817756,-667.586822209862,1.0,CLIENT,7,2,100000,14,44,0,4305,5235,889,209,298,527,45867.00800000002,32,False,False
209,39,2080.316335372252,-1466.3078222094837,1.0,CLIENT,7,2,100000,17,165,0,3339,4653,735,317,289,399,172001.2800000001,33,False,False
209,40,484.358752839994,1348.0844177901981,1.0,CLIENT,7,2,100000,13,33,0,3244,4689,843,302,306,485,34400.256000000016,32,False,False
209,41,-1053.5481693110537,2662.773617790654,1.0,CLIENT,7,2,100000,12,62,0,3726,4965,926,294,278,577,64630.784000000036,31,False,False
209,42,-2259.623895014546,1189.34209779075,1.0,CLIENT,7,2,100000,18,73,0,4076,5309,847,144,272,504,76097.53600000004,36,False,False
209,43,615.0321356890672,-1772.99442220954,1.0,CLIENT,7,2,100000,16,239,0,2940,4372,637,392,268,302,249141.24800000014,37,False,False
209,44,-621.1380660645386,2745.707017790085,1.0,CLIENT,7,2,100000,15,56,0,2702,4138,795,127,269,471,58376.19200000003,30,False,False
209,45,821.1001006430796,256.8144577904198,1.0,CLIENT,7,2,100000,17,60,0,6704,8571,829,646,299,476,62545.920000000035,50,False,False
209,46,2167.5903159172994,-582.983622209901,1.0,CLIENT,7,2,100000,12,42,0,4414,5329,893,210,304,506,43782.14400000002,30,False,False
209,47,-160.7717784874896,-953.1226222095327,1.0,CLIENT,7,2,100000,15,49,0,5545,6722,960,402,302,588,51079.16800000003,34,False,False
209,48,1676.8919643213574,-2791.6837422098515,1.0,CLIENT,7,2,100000,12,42,0,1484,1979,821,180,250,504,43782.14400000002,14,False,False
209,49,1523.4893324549028,209.50345779043118,1.0,CLIENT,7,2,100000,16,49,0,5782,6815,913,421,313,527,51079.16800000003,40,False,False
209,50,-2032.41060083633,251.91637779013064,1.0,CLIENT,7,2,100000,12,161,0,3850,5169,672,533,266,342,167831.55200000008,32,False,False
209,51,1409.8430873708107,-2288.183382209969,1.0,CLIENT,7,2,100000,12,64,0,2114,2622,801,415,272,466,66715.64800000003,25,False,False
209,52,494.89181945739307,-1541.7827822095528,1.0,CLIENT,7,2,100000,8,34,0,3808,5675,870,357,282,533,35442.68800000002,37,False,False
209,53,709.6713432679727,1111.529417790255,1.0,CLIENT,7,2,100000,11,26,0,3810,5432,851,416,303,513,27103.23200000001,36,False,False
209,54,700.326216494472,-293.77426221001343,1.0,CLIENT,7,2,100000,10,18,0,6938,9408,809,471,310,458,18763.776000000005,54,False,False
209,55,-329.4592363469363,-436.4865022095938,1.0,CLIENT,7,2,100000,10,37,0,6070,7304,859,582,325,464,38569.98400000002,40,False,False
209,56,-1600.2380855585945,2959.107457790746,1.0,CLIENT,7,2,100000,11,21,0,2818,3679,934,103,275,623,21891.072000000007,25,False,False
209,57,372.6132115067019,-157.0733022094936,1.0,CLIENT,7,2,100000,11,36,0,6716,9095,801,449,307,436,37527.55200000002,54,False,False
209,58,-1279.65271963534,2173.856177790338,1.0,CLIENT,7,2,100000,10,29,0,5902,6672,832,893,292,501,30230.528000000013,33,False,False
209,59,-599.3591689228389,-826.1065022098722,1.0,CLIENT,7,2,100000,11,71,0,4954,6408,876,404,335,472,74012.67200000004,34,False,False
209,60,-601.6558526217925,1103.9596577903833,1.0,CLIENT,7,2,100000,13,110,0,5492,8180,730,416,317,350,114667.52000000006,55,False,False
209,61,-311.87772665442753,-151.39598220958987,1.0,CLIENT,7,2,100000,14,78,0,6106,7950,841,442,320,427,81309.69600000004,49,False,False
209,62,-960.6512735035745,2704.518617790458,1.0,CLIENT,7,2,100000,10,34,0,3545,4703,964,258,285,604,35442.68800000002,30,False,False
209,63,822.6048244457259,-411.6621422097822,1.0,CLIENT,7,2,100000,14,38,0,6935,9466,776,568,319,420,39612.41600000002,52,False,False
209,64,608.7756525102649,-1063.8860222098876,1.0,CLIENT,7,2,100000,10,58,0,5828,7658,859,591,291,489,60461.05600000003,47,False,False
209,65,-1871.405153968364,1483.5608577906455,1.0,CLIENT,7,2,100000,16,65,0,5175,6369,850,315,284,498,67758.08000000003,40,False,False
209,66,1935.229282414774,-697.9771822098585,1.0,CLIENT,7,2,100000,16,54,0,5107,6087,902,315,301,513,56291.32800000003,35,False,False
209,67,1778.8172029435893,-2916.362142209877,1.0,CLIENT,7,2,100000,13,66,0,1337,1650,778,146,248,432,68800.51200000003,14,False,False
209,68,1453.2424896748364,-326.94762220931125,1.0,CLIENT,7,2,100000,10,47,0,6368,7713,844,654,319,462,48994.304000000026,44,False,False
209,69,-1562.3824025270324,2320.9098977900308,1.0,CLIENT,7,2,100000,11,47,0,5427,6217,900,611,285,576,48994.304000000026,31,False,False
209,70,1903.9468665201994,-94.06618220958507,1.0,CLIENT,7,2,100000,11,24,0,5282,6288,832,524,315,479,25018.36800000001,33,False,False
209,71,-72.3890540873865,-471.5523022096505,1.0,CLIENT,7,2,100000,8,17,0,6462,7338,859,657,316,496,17721.344000000005,45,False,False
209,72,-1867.2077665191728,-161.63742220983494,1.0,CLIENT,7,2,100000,10,32,0,2556,4055,845,100,270,515,33357.824000000015,34,False,False
209,73,-1706.0439276718323,34.50841779009551,1.0,CLIENT,7,2,100000,17,36,0,3512,5703,935,241,272,634,37527.55200000002,36,False,False
209,74,222.14083125557178,1547.6811777901164,1.0,CLIENT,7,2,100000,12,43,0,3276,4745,828,264,311,455,44824.57600000002,35,False,False
209,75,-1473.682894168744,1433.1328977906169,1.0,CLIENT,7,2,100000,12,17,0,5701,7238,869,598,298,560,17721.344000000005,44,False,False
209,76,-1264.2886976518166,2854.466657790753,1.0,CLIENT,7,2,100000,14,139,0,3199,4118,788,263,264,447,144898.04800000007,27,False,False
209,77,117.91890893494869,-697.4205822096817,1.0,CLIENT,7,2,100000,13,41,0,6207,7279,883,610,311,507,42739.71200000002,43,False,False
209,78,1745.1589073612183,-486.02390220949815,1.0,CLIENT,7,2,100000,14,33,0,5807,6834,867,557,311,504,34400.256000000016,39,False,False
209,79,653.2837986687831,923.3986177906538,1.0,CLIENT,7,2,100000,14,49,0,4739,6514,806,606,295,470,51079.16800000003,38,False,False
209,80,-1614.0973837394715,1275.2811377905023,1.0,CLIENT,7,2,100000,9,22,0,5726,6997,898,521,296,567,22933.504000000008,44,False,False
209,81,-245.3530953859926,1504.6003377905213,1.0,CLIENT,7,2,100000,16,205,0,4625,6373,682,452,292,330,213698.5600000001,45,False,False
209,82,1768.6009202843757,-84.8266222099744,1.0,CLIENT,7,2,100000,11,22,0,5703,6623,821,601,320,473,22933.504000000008,35,False,False
209,83,-1571.6483333111275,2794.6878177906037,1.0,CLIENT,7,2,100000,15,30,0,3336,4538,982,167,273,656,31272.960000000014,29,False,False
209,84,-2010.8692916634102,1497.6984977905454,1.0,CLIENT,7,2,100000,11,40,0,4939,6011,925,224,288,561,41697.28000000002,37,False,False
209,85,-1085.3057611431877,1824.2000577904055,1.0,CLIENT,7,2,100000,11,44,0,6267,7331,722,962,294,400,45867.00800000002,42,False,False
209,86,-1957.2536067007336,1331.2750977907158,1.0,CLIENT,7,2,100000,13,42,0,5191,6086,915,298,283,569,43782.14400000002,40,False,False
209,87,-1338.5745359017003,-115.10566220946089,1.0,CLIENT,7,2,100000,15,55,0,4326,6041,869,367,281,533,57333.76000000003,38,False,False
209,88,128.05599560419404,-133.3621422100353,1.0,CLIENT,7,2,100000,10,66,0,6455,8554,774,454,310,399,68800.51200000003,53,False,False
209,89,-1718.9528739775908,2188.216457790467,1.0,CLIENT,7,2,100000,11,17,0,5546,6408,839,694,292,513,17721.344000000005,31,False,False
209,90,-2159.4409681637403,984.4019777900846,1.0,CLIENT,7,2,100000,15,49,0,4304,5707,892,147,272,549,51079.16800000003,32,False,False
209,91,2463.783317042278,-940.2095022097052,1.0,CLIENT,7,2,100000,13,216,0,3367,4052,659,74,271,308,225165.31200000012,26,False,False
209,92,-1013.8709785186601,-239.22746220931003,1.0,CLIENT,7,2,100000,10,38,0,5189,6347,851,610,318,472,39612.41600000002,43,False,False
209,93,30.090556462373304,-1529.9828622092878,1.0,CLIENT,7,2,100000,16,131,0,3558,4828,830,134,274,479,136558.59200000006,30,False,False
209,94,993.509770014158,1106.8539777901947,1.0,CLIENT,7,2,100000,13,139,0,3598,5152,786,245,292,422,144898.04800000007,32,False,False
209,95,-1195.5465786738334,1397.6218177901023,1.0,CLIENT,7,2,100000,11,48,0,5793,7809,781,603,319,425,50036.736000000026,48,False,False
209,96,-536.2399652072876,-538.121662209266,1.0,CLIENT,7,2,100000,15,28,0,5459,6971,893,508,326,505,29188.096000000012,37,False,False
209,97,1886.2069648488794,-190.02402220935352,1.0,CLIENT,7,2,100000,13,45,0,5421,6329,810,579,314,447,46909.440000000024,33,False,False
209,98,-1942.2063686753954,3029.4616977902974,1.0,CLIENT,7,2,100000,15,248,0,2187,2858,572,2,251,265,258523.13600000014,25,False,False
209,99,-210.5860559491288,-803.7311822094142,1.0,CLIENT,7,2,100000,14,30,0,5929,6934,929,542,322,564,31272.960000000014,33,False,False
209,100,-1406.0455996278488,2758.0643200003115,1.0,CLIENT,7,2,100000,12,36,0,3533,4700,979,235,275,646,37527.55200000002,30,False,False
209,101,1812.7962022920597,-2984.8899519996658,1.0,CLIENT,3,0.0,100000,13,101,0,1192,1305,718,116,247,362,105285.63200000006,12,False,False

210,0,-531.4090098411632,-391.290582209802,1.0,CLIENT,7,2,100000,13,83,0,6995,8642,736,794,298,379,86521.85600000004,45,False,False
210,1,-1571.173157373568,1305.8941377907274,1.0,CLIENT,7,2,100000,14,40,0,5966,7519,838,691,295,485,41697.28000000002,48,False,False
210,2,-315.0455662390943,2362.209617790168,1.0,CLIENT,7,2,100000,11,82,0,2728,3969,706,395,283,382,85479.42400000004,30,False,False
210,3,1024.5545979399526,-1589.6503822097181,1.0,CLIENT,7,2,100000,12,72,0,6374,7801,829,491,305,470,75055.10400000004,39,False,False
210,4,-2312.9227960196,1578.8507777905184,1.0,CLIENT,7,2,100000,16,47,0,3572,4674,803,337,275,467,48994.304000000026,29,False,False
210,5,-221.91108246283517,-16.36482220960005,1.0,CLIENT,7,2,100000,9,13,0,7584,9825,797,741,324,440,13551.616000000004,53,False,False
210,6,-381.17421755937556,640.2005377906178,1.0,CLIENT,7,2,100000,12,19,0,7934,9678,816,731,306,463,19806.208000000006,53,False,False
210,7,-266.49842461075906,850.2613777902193,1.0,CLIENT,7,2,100000,17,36,0,7323,9075,832,646,318,465,37527.55200000002,48,False,False
210,8,-1212.9696963869683,272.62189779005865,1.0,CLIENT,7,2,100000,9,25,0,7921,9514,779,831,301,431,26060.80000000001,49,False,False
210,9,-1759.5804166451032,-443.6109822097987,1.0,CLIENT,7,2,100000,16,98,0,4065,5211,884,372,296,512,102158.33600000005,34,False,False
210,10,-794.6564792906725,1383.5954977907124,1.0,CLIENT,7,2,100000,12,38,0,6911,8959,763,804,300,406,39612.41600000002,49,False,False
210,11,-2478.6800022637226,-164.86570220959408,1.0,CLIENT,7,2,100000,14,77,0,1972,3066,780,52,273,435,80267.26400000004,26,False,False
210,12,-1342.6135313715172,-271.9555422097321,1.0,CLIENT,7,2,100000,15,44,0,6086,8233,848,682,300,491,45867.00800000002,41,False,False
210,13,-2298.905105859349,1551.5773777905622,1.0,CLIENT,7,2,100000,17,86,0,3619,4782,740,362,274,412,89649.15200000005,31,False,False
210,14,-387.11391677999256,1502.7078977905535,1.0,CLIENT,7,2,100000,13,45,0,5745,7642,813,574,300,450,46909.440000000024,48,False,False
210,15,-2471.710755178581,515.5221377905921,1.0,CLIENT,7,2,100000,9,245,0,3118,4455,602,390,262,304,255395.84000000014,28,False,False
210,16,1097.9692803041235,-117.22074220965766,1.0,CLIENT,7,2,100000,15,97,0,5547,7869,702,823,303,359,101115.90400000005,47,False,False
210,17,-457.99432747699257,2555.7950977902346,1.0,CLIENT,7,2,100000,14,218,0,2576,3561,633,255,252,313,227250.17600000012,27,False,False
210,18,-1669.2177925047947,2510.487857790724,1.0,CLIENT,7,2,100000,15,43,0,3160,3895,893,299,293,544,44824.57600000002,25,False,False
210,19,-1198.5560262791262,1019.6904177903701,1.0,CLIENT,7,2,100000,14,68,0,6638,9276,760,466,311,391,70885.37600000003,56,False,False
210,20,-1177.0939130956117,2243.8764577907323,1.0,CLIENT,7,2,100000,10,34,0,4198,5381,956,412,286,598,35442.68800000002,36,False,False
210,21,-242.26445179129425,-135.92250220989882,1.0,CLIENT,7,2,100000,15,30,0,7572,9514,754,828,314,395,31272.960000000014,54,False,False
210,22,-45.462417621377035,200.59785778997735,1.0,CLIENT,7,2,100000,9,43,0,7374,9849,768,688,315,395,44824.57600000002,52,False,False
210,23,-143.5862487425718,381.1588977904978,1.0,CLIENT,7,2,100000,13,21,0,7969,10060,775,817,314,417,21891.072000000007,49,False,False
210,24,1584.866224399591,-1932.182022209446,1.0,CLIENT,7,2,100000,9,39,0,6885,7282,825,827,298,484,40654.84800000002,34,False,False
210,25,-2125.1491046644355,126.68137779071913,1.0,CLIENT,7,2,100000,12,41,0,3770,5381,962,229,286,598,42739.71200000002,34,False,False
210,26,810.5670340256804,-1479.554902209259,1.0,CLIENT,7,2,100000,12,28,0,6311,7706,770,666,304,433,29188.096000000012,45,False,False
210,27,-1192.9331110172573,-657.3453822096169,1.0,CLIENT,7,2,100000,12,33,0,4790,6704,891,423,303,542,34400.256000000016,37,False,False
210,28,-1279.7319156247456,-896.6833822096523,1.0,CLIENT,7,2,100000,17,217,0,3642,5230,666,321,270,333,226207.74400000012,35,False,False
210,29,1054.9658579482514,686.1756977900243,1.0,CLIENT,7,2,100000,12,40,0,3493,5020,878,289,316,503,41697.28000000002,32,False,False
210,30,-2391.802001666266,1710.653657790749,1.0,CLIENT,7,2,100000,11,218,0,3029,4124,607,224,260,291,227250.17600000012,28,False,False
210,31,-30.89035553416099,948.5569377904133,1.0,CLIENT,7,2,100000,15,45,0,6639,8441,907,515,318,522,46909.440000000024,45,False,False
210,32,-1963.351697900162,1615.2524177903663,1.0,CLIENT,7,2,100000,12,38,0,4607,5592,877,436,287,530,39612.41600000002,36,False,False
210,33,937.9141853112758,-39.4080622099537,1.0,CLIENT,7,2,100000,11,44,0,5654,8326,793,749,310,435,45867.00800000002,47,False,False
210,34,1581.8567767942984,-1820.4167422092476,1.0,CLIENT,7,2,100000,11,24,0,6905,7307,830,762,297,491,25018.36800000001,35,False,False
210,35,2315.607620490102,-1476.215302209781,1.0,CLIENT,7,2,100000,9,139,0,5530,6349,770,320,285,419,144898.04800000007,32,False,False
210,36,1495.0579721868098,-2348.296182209275,1.0,CLIENT,7,2,100000,8,23,0,5492,6745,933,517,285,605,23975.93600000001,31,False,False
210,37,33.57518000466262,-645.5454622093519,1.0,CLIENT,7,2,100000,14,24,0,6191,8710,922,434,320,546,25018.36800000001,50,False,False
210,38,1932.5366187682291,-2104.728022209637,1.0,CLIENT,7,2,100000,13,32,0,6146,6884,850,779,290,544,33357.824000000015,31,False,False
210,39,-700.88842759748,805.0654577904274,1.0,CLIENT,7,2,100000,17,80,0,7596,9342,816,453,301,420,83394.56000000004,58,False,False
210,40,1177.5612498576907,-1424.7854622099087,1.0,CLIENT,7,2,100000,11,16,0,6873,8220,901,661,302,578,16678.912000000004,40,False,False
210,41,-1207.188389145725,803.0616977907405,1.0,CLIENT,7,2,100000,12,24,0,6960,9643,821,417,308,469,25018.36800000001,55,False,False
210,42,1825.226052852345,-2717.6559422092923,1.0,CLIENT,7,2,100000,18,42,0,3339,4589,869,325,264,555,43782.14400000002,29,False,False
210,43,273.45983252042004,1513.1719777902365,1.0,CLIENT,7,2,100000,16,215,0,4234,5402,654,366,289,308,224122.88000000012,35,False,False
210,44,787.837785008862,91.39293779043356,1.0,CLIENT,7,2,100000,14,38,0,5340,8227,809,551,312,466,39612.41600000002,47,False,False
210,45,1647.193468218835,-1884.7597022097384,1.0,CLIENT,7,2,100000,17,36,0,6834,7257,829,780,297,512,37527.55200000002,34,False,False
210,46,-1487.3046043808415,470.88281779018587,1.0,CLIENT,7,2,100000,12,23,0,6642,9147,804,763,307,448,23975.93600000001,47,False,False
210,47,1078.0118909238179,-2474.087782209654,1.0,CLIENT,7,2,100000,17,237,0,4128,5455,621,221,254,304,247056.38400000014,32,False,False
210,48,-490.1478992567173,736.1583777903863,1.0,CLIENT,7,2,100000,11,24,0,7672,9418,840,594,301,456,25018.36800000001,53,False,False
210,49,1811.7627346196216,-1519.7414222098337,1.0,CLIENT,7,2,100000,15,31,0,6789,7283,990,609,310,624,32315.392000000014,36,False,False
210,50,1714.9060393317309,-968.2621422092759,1.0,CLIENT,7,2,100000,12,44,0,6610,7646,895,580,319,528,45867.00800000002,40,False,False
210,51,1924.8546077761862,-1689.6157422096512,1.0,CLIENT,7,2,100000,11,22,0,6570,7243,955,576,305,619,22933.504000000008,34,False,False
210,52,-1378.1725307046884,833.5633777904559,1.0,CLIENT,7,2,100000,8,30,0,6585,9145,822,606,316,446,31272.960000000014,52,False,False
210,53,-293.66264904554816,-1218.0642222097854,1.0,CLIENT,7,2,100000,11,244,0,4476,5845,645,389,279,321,254353.40800000014,37,False,False
210,54,1076.269579152392,758.8676577900012,1.0,CLIENT,7,2,100000,10,75,0,3322,4715,810,293,315,447,78182.40000000004,30,False,False
210,55,42.04915089245032,270.9520977903196,1.0,CLIENT,7,2,100000,10,13,0,7417,9564,771,813,319,415,13551.616000000004,49,False,False
210,56,-885.1774954097924,-211.620102209406,1.0,CLIENT,7,2,100000,10,34,0,7847,9294,794,812,300,439,35442.68800000002,45,False,False
210,57,-1220.5725113896056,954.0116177900882,1.0,CLIENT,7,2,100000,11,32,0,6647,9321,816,438,310,440,33357.824000000015,57,False,False
210,58,-1059.329476552297,2730.6788177900607,1.0,CLIENT,7,2,100000,11,40,0,2592,3395,899,104,271,549,41697.28000000002,24,False,False
210,59,-1026.0671609180795,414.10961779035773,1.0,CLIENT,7,2,100000,10,96,0,8064,9586,759,546,312,365,100073.47200000005,54,False,False
210,60,1729.082121471356,-1062.4388622095864,1.0,CLIENT,7,2,100000,13,36,0,6644,7608,905,559,311,537,37527.55200000002,38,False,False
210,61,1841.3028387422073,-802.9519422097997,1.0,CLIENT,7,2,100000,14,53,0,5957,7246,850,563,310,493,55248.89600000003,39,False,False
210,62,-1312.5190553214038,1983.832937789978,1.0,CLIENT,7,2,100000,9,33,0,5312,6342,804,902,295,480,34400.256000000016,38,False,False
210,63,-1660.8230176069753,2406.960257790293,1.0,CLIENT,7,2,100000,14,108,0,3323,4159,851,316,296,481,112582.65600000006,26,False,False
210,64,-5.38924688082951,-364.4624622095125,1.0,CLIENT,7,2,100000,9,42,0,6917,9270,816,701,316,444,43782.14400000002,55,False,False
210,65,2408.3461243182073,-1566.1618622096978,1.0,CLIENT,7,2,100000,16,58,0,5074,6171,830,255,288,468,60461.05600000003,31,False,False
210,66,1641.2537689987805,-1192.794582209516,1.0,CLIENT,7,2,100000,14,25,0,6732,7758,884,627,306,547,26060.80000000001,37,False,False
210,67,2066.53623318078,-404.09238220991057,1.0,CLIENT,7,2,100000,16,264,0,3580,5301,547,338,251,265,275202.0479999998,32,False,False
210,68,2184.7758456616543,-2429.003182209581,1.0,CLIENT,7,2,100000,10,75,0,4021,5159,842,471,272,494,78182.40000000004,30,False,False
210,69,-1286.3051827617332,-816.7556222097517,1.0,CLIENT,7,2,100000,11,48,0,3967,5589,810,399,290,469,50036.736000000026,36,False,False
210,70,2364.313154097811,-1800.4904622097251,1.0,CLIENT,7,2,100000,11,51,0,5170,6378,846,300,293,491,53164.03200000003,31,False,False
210,71,-591.3603739726104,-245.1274222094426,1.0,CLIENT,7,2,100000,8,22,0,7652,9155,749,911,304,407,22933.504000000008,49,False,False
210,72,-2103.0534235645505,-126.01502220960157,1.0,CLIENT,7,2,100000,10,36,0,3608,4774,939,331,287,593,37527.55200000002,33,False,False
210,73,-564.9881094341287,-1072.5689822093216,1.0,CLIENT,7,2,100000,17,69,0,4424,5672,901,260,295,516,71927.80800000003,37,False,False
210,74,-1858.9713836001647,644.5420177907304,1.0,CLIENT,7,2,100000,11,76,0,5254,6733,764,776,298,409,79224.83200000004,46,False,False
210,75,2264.68459917397,-2369.224342209432,1.0,CLIENT,7,2,100000,13,78,0,4019,5218,820,438,268,484,81309.69600000004,28,False,False
210,76,-231.96897314267488,630.9609777902162,1.0,CLIENT,7,2,100000,14,71,0,7973,9654,742,796,314,372,74012.67200000004,51,False,False
210,77,150.9436366003865,-1086.2613422095546,1.0,CLIENT,7,2,100000,13,50,0,5502,7726,890,264,315,503,52121.60000000003,46,False,False
210,78,-1716.7353862686055,2409.6319377906666,1.0,CLIENT,7,2,100000,14,43,0,3334,4134,908,307,297,547,44824.57600000002,26,False,False
210,79,-1754.9870492477585,2002.646017790729,1.0,CLIENT,7,2,100000,15,50,0,4160,5311,868,411,294,531,52121.60000000003,33,False,False
210,80,-2384.2783826541595,-357.5606222095365,1.0,CLIENT,7,2,100000,10,217,0,2185,3122,640,168,271,309,226207.74400000012,23,False,False
210,81,-832.8289462804199,-572.742182209656,1.0,CLIENT,7,2,100000,15,27,0,5883,7765,921,490,311,559,28145.66400000001,42,False,False
210,82,2273.0001780823836,-1393.3932222092778,1.0,CLIENT,7,2,100000,12,31,0,5612,6360,882,330,293,518,32315.392000000014,33,False,False
210,83,2556.7594088391634,-2980.1485022094002,1.0,CLIENT,7,2,100000,19,226,0,1287,2292,470,21,233,187,235589.63200000013,17,False,False
210,84,-250.50083471030229,1759.7457777901957,1.0,CLIENT,7,2,100000,11,92,0,4392,6401,796,374,300,419,95903.74400000005,41,False,False
210,85,1271.7252814990368,-1140.585502210029,1.0,CLIENT,7,2,100000,11,14,0,7192,8366,889,774,319,546,14594.048000000004,46,False,False
210,86,715.1358665504677,-1222.183062209669,1.0,CLIENT,7,2,100000,13,140,0,6514,8254,713,579,309,357,145940.48000000007,47,False,False
210,87,309.33561581177656,1384.374737790327,1.0,CLIENT,7,2,100000,15,50,0,4583,5748,887,280,305,495,52121.60000000003,36,False,False
210,88,1448.886710246834,-953.4565822094805,1.0,CLIENT,7,2,100000,9,39,0,7027,8163,767,838,306,429,40654.84800000002,44,False,False
210,89,-1250.9045754084989,2779.7709377902984,1.0,CLIENT,7,2,100000,11,198,0,2423,3240,728,69,269,369,206401.5360000001,22,False,False
210,90,1562.9289352785172,414.8888577899723,1.0,CLIENT,7,2,100000,16,274,0,2066,3105,605,192,265,295,285626.3679999995,30,False,False
210,91,352.0222542089004,-683.2829422097819,1.0,CLIENT,7,2,100000,13,128,0,6813,8827,736,528,312,354,133431.29600000006,53,False,False
210,92,-1745.4043345054781,1562.5980577904218,1.0,CLIENT,7,2,100000,10,27,0,5112,6481,877,535,296,540,28145.66400000001,39,False,False
210,93,1252.4806560245077,-1494.917062210022,1.0,CLIENT,7,2,100000,15,19,0,6850,8006,905,645,316,552,19806.208000000006,39,False,False
210,94,653.0462107000034,-1295.988222209999,1.0,CLIENT,7,2,100000,13,40,0,6258,8054,812,575,317,459,41697.28000000002,46,False,False
210,95,469.3115148146559,1612.1354577903262,1.0,CLIENT,7,2,100000,12,48,0,3312,4743,755,286,300,391,50036.736000000026,31,False,False
210,96,795.4406000109368,705.7680177903899,1.0,CLIENT,7,2,100000,16,193,0,4803,6074,618,576,280,289,201189.3760000001,35,False,False
210,97,1281.3871922307228,-2060.088702210022,1.0,CLIENT,7,2,100000,13,54,0,6449,7148,909,584,295,543,56291.32800000003,35,False,False
210,98,-1607.6825085812955,2415.754537790237,1.0,CLIENT,7,2,100000,14,48,0,3471,4303,912,376,295,570,50036.736000000026,26,False,False
210,99,1215.4961288786585,-1346.304862209518,1.0,CLIENT,7,2,100000,14,22,0,7013,8291,893,729,311,565,22933.504000000008,40,False,False
210,100,-1406.0455996278488,2758.0643200003115,1.0,CLIENT,7,2,100000,12,61,0,2559,3443,854,98,272,518,63588.352000000035,22,False,False
210,101,1812.7962022920597,-2984.8899519996658,1.0,CLIENT,3,0.0,100000,15,190,0,1987,2676,644,160,245,322,198062.0800000001,20,False,False

211,0,1880.0296776594823,-105.19818220995461,1.0,CLIENT,7,2,100000,13,167,0,3470,5058,708,360,292,377,174086.1440000001,30,False,False
211,1,1094.167872803086,-2010.8852622092743,1.0,CLIENT,7,2,100000,15,199,0,3249,4340,568,456,267,276,207443.9680000001,33,False,False
211,2,666.1927449745415,-1014.5712622094211,1.0,CLIENT,7,2,100000,10,34,0,5661,6867,854,664,316,500,35442.68800000002,39,False,False
211,3,1374.7592639757618,489.4732577907081,1.0,CLIENT,7,2,100000,12,58,0,4324,5133,831,386,300,475,60461.05600000003,35,False,False
211,4,-1193.012307006663,95.17781779036937,1.0,CLIENT,7,2,100000,15,45,0,7471,8654,745,1024,290,416,46909.440000000024,48,False,False
211,5,-319.7181296258446,723.4678977899966,1.0,CLIENT,7,2,100000,9,55,0,8709,11315,787,709,319,407,57333.76000000003,58,False,False
211,6,-1373.4999673179382,1347.8617777899692,1.0,CLIENT,7,2,100000,12,24,0,6788,8931,773,733,306,438,25018.36800000001,47,False,False
211,7,1569.8981823636584,-423.5733822097663,1.0,CLIENT,7,2,100000,17,32,0,4935,6412,890,497,296,545,33357.824000000015,34,False,False
211,8,2625.5807238065518,-2136.120262209477,1.0,CLIENT,7,2,100000,10,114,0,2389,3064,747,423,273,414,118837.24800000007,22,False,False
211,9,-1131.4770230831637,2765.5219777906796,1.0,CLIENT,7,2,100000,18,223,0,3121,3855,667,107,242,348,232462.33600000013,25,False,False
211,10,2524.4474450800644,-1204.4831822092713,1.0,CLIENT,7,2,100000,12,245,0,1964,3348,565,227,255,289,255395.84000000014,25,False,False
211,11,-764.2452192818109,1789.2455777900677,1.0,CLIENT,7,2,100000,13,18,0,6955,8143,722,1018,301,399,18763.776000000005,43,False,False
211,12,-1051.3306816020686,-1027.4843822092487,1.0,CLIENT,7,2,100000,15,53,0,4062,5415,867,284,309,497,55248.89600000003,34,False,False
211,13,-738.5065226602626,-900.5795822093071,1.0,CLIENT,7,2,100000,16,34,0,5204,6798,940,418,327,567,35442.68800000002,38,False,False
211,14,-2171.082778635632,294.7745777902878,1.0,CLIENT,7,2,100000,14,208,0,2797,4441,670,123,262,331,216825.85600000012,31,False,False
211,15,408.40979880809,1228.860697790638,1.0,CLIENT,7,2,100000,8,41,0,5944,8150,835,629,318,463,42739.71200000002,46,False,False
211,16,-1598.8917537353223,2285.3988177903075,1.0,CLIENT,7,2,100000,15,59,0,3780,4728,853,325,262,513,61503.488000000034,31,False,False
211,17,-524.4397627560219,1760.747657790039,1.0,CLIENT,7,2,100000,12,24,0,6852,8388,903,725,309,525,25018.36800000001,44,False,False
211,18,1700.967545161448,-1012.3448622095054,1.0,CLIENT,7,2,100000,15,84,0,4126,5551,779,677,285,429,87564.28800000004,38,False,False
211,19,-1439.7870106175933,1292.2017777904944,1.0,CLIENT,7,2,100000,13,61,0,6719,8786,708,813,307,358,63588.352000000035,48,False,False
211,20,-841.3821131576132,632.853417790184,1.0,CLIENT,7,2,100000,10,18,0,7518,9956,891,329,312,509,18763.776000000005,60,False,False
211,21,-2259.3863070457664,348.2081777906379,1.0,CLIENT,7,2,100000,18,60,0,2455,4012,776,105,263,421,62545.920000000035,30,False,False
211,22,2461.6450253226985,-1367.455662209904,1.0,CLIENT,7,2,100000,10,56,0,2350,3809,797,297,278,477,58376.19200000003,27,False,False
211,23,1628.8199986305815,-2695.7259022092917,1.0,CLIENT,7,2,100000,14,135,0,2476,2900,766,355,279,433,140728.32000000007,22,False,False
211,24,516.1955406615335,-314.2571422097126,1.0,CLIENT,7,2,100000,9,23,0,6687,9631,774,714,315,422,23975.93600000001,54,False,False
211,25,-1441.05414645146,815.9748177905681,1.0,CLIENT,7,2,100000,11,66,0,6958,9072,755,609,305,400,68800.51200000003,48,False,False
211,26,2064.7147254199485,-1850.2505022098583,1.0,CLIENT,7,2,100000,12,98,0,3584,4222,701,778,283,361,102158.33600000005,29,False,False
211,27,1272.5964373847498,821.0955377902951,1.0,CLIENT,7,2,100000,12,200,0,3708,4850,701,191,281,362,208486.4000000001,33,False,False
211,28,-784.8361765796125,367.6891777904936,1.0,CLIENT,7,2,100000,17,51,0,7260,10452,857,366,303,479,53164.03200000003,57,False,False
211,29,-2508.457694355651,1834.3301777901406,1.0,CLIENT,7,2,100000,12,113,0,1530,2599,565,37,224,286,117794.81600000006,22,False,False
211,30,333.8071765994583,-374.59258220924767,1.0,CLIENT,7,2,100000,10,79,0,6976,9705,755,698,312,383,82352.12800000004,56,False,False
211,31,-822.295879663021,-472.55418220949394,1.0,CLIENT,7,2,100000,15,44,0,6535,8359,864,639,308,505,45867.00800000002,44,False,False
211,32,331.03531696350797,-1378.1423822098157,1.0,CLIENT,7,2,100000,13,251,0,4343,5638,653,402,286,330,261650.43200000015,35,False,False
211,33,1248.8376405028444,-1371.1292222093298,1.0,CLIENT,7,2,100000,11,27,0,4255,6244,853,564,302,530,28145.66400000001,40,False,False
211,34,-63.994279189004445,2114.2999777904174,1.0,CLIENT,7,2,100000,12,27,0,4160,5623,861,231,293,507,28145.66400000001,39,False,False
211,35,-896.8985018710898,1792.3625377901078,1.0,CLIENT,7,2,100000,9,44,0,6888,8014,685,1038,291,347,45867.00800000002,43,False,False
211,36,2140.9804634100383,-2613.3491022092467,1.0,CLIENT,7,2,100000,8,20,0,2458,3070,985,272,283,667,20848.640000000007,21,False,False
211,37,-1230.4720100900713,1934.4068577905837,1.0,CLIENT,7,2,100000,14,21,0,5668,7024,865,799,289,545,21891.072000000007,41,False,False
211,38,-2042.5476875055756,-462.20142220952994,1.0,CLIENT,7,2,100000,17,252,0,2631,4025,581,242,253,277,262692.8640000001,26,False,False
211,39,-1577.033660604217,2168.0675377907155,1.0,CLIENT,7,2,100000,17,49,0,4114,5067,852,389,263,527,51079.16800000003,31,False,False
211,40,82.35990960177752,-629.0701022098174,1.0,CLIENT,7,2,100000,11,22,0,6505,8759,868,606,318,507,22933.504000000008,53,False,False
211,41,-699.0669198366484,1918.2654577902058,1.0,CLIENT,7,2,100000,12,31,0,6374,7639,758,883,291,429,32315.392000000014,41,False,False
211,42,-868.229553634217,1758.9665377905812,1.0,CLIENT,7,2,100000,15,22,0,7041,8206,713,1032,289,402,22933.504000000008,43,False,False
211,43,-1013.4749985705064,1102.735137790311,1.0,CLIENT,7,2,100000,16,30,0,7834,9482,875,422,321,488,31272.960000000014,51,False,False
211,44,648.2152553338791,1147.9310577901028,1.0,CLIENT,7,2,100000,14,165,0,4969,6824,736,439,303,362,172001.2800000001,42,False,False
211,45,-632.304700598871,-335.51926220981727,1.0,CLIENT,7,2,100000,17,41,0,7432,9259,793,769,306,454,42739.71200000002,50,False,False
211,46,-467.89382617745827,767.9958977906838,1.0,CLIENT,7,2,100000,12,19,0,8597,10900,864,613,331,484,19806.208000000006,62,False,False
211,47,-234.0280688722862,406.65117779020505,1.0,CLIENT,7,2,100000,14,48,0,8393,10912,736,658,309,387,50036.736000000026,61,False,False
211,48,-2212.1854972412666,587.2122177907255,1.0,CLIENT,7,2,100000,12,73,0,2882,4425,719,295,266,389,76097.53600000004,35,False,False
211,49,-1440.182990565747,918.5005377903647,1.0,CLIENT,7,2,100000,15,38,0,7248,9116,726,728,296,393,39612.41600000002,48,False,False
211,50,705.8699357669353,806.8465777906763,1.0,CLIENT,7,2,100000,12,27,0,5509,7327,947,351,317,548,28145.66400000001,48,False,False
211,51,1843.9163063993465,-2607.8944222095715,1.0,CLIENT,7,2,100000,12,33,0,2647,3199,878,446,280,593,34400.256000000016,21,False,False
211,52,-143.5862487425718,2393.26789779006,1.0,CLIENT,7,2,100000,8,70,0,3656,4772,774,220,285,436,72970.24000000003,31,False,False
211,53,124.2545881031567,-1269.0487822099908,1.0,CLIENT,7,2,100000,11,22,0,4597,6097,909,375,303,556,22933.504000000008,38,False,False
211,54,-612.7432911661566,-1019.9146222093771,1.0,CLIENT,7,2,100000,10,68,0,4891,6412,876,411,323,484,70885.37600000003,38,False,False
211,55,888.0999078490738,588.5480577905167,1.0,CLIENT,7,2,100000,10,22,0,5339,7229,963,365,314,582,22933.504000000008,42,False,False
211,56,2044.2029641121158,-2609.78686220954,1.0,CLIENT,7,2,100000,11,18,0,2549,3159,958,355,284,664,18763.776000000005,21,False,False
211,57,-1291.3737260966373,-830.6706222094226,1.0,CLIENT,7,2,100000,11,35,0,4141,5463,868,335,300,499,36485.12000000002,34,False,False
211,58,-1742.0781029420004,-22.153462210013686,1.0,CLIENT,7,2,100000,10,43,0,5291,6778,951,496,287,586,44824.57600000002,33,False,False
211,59,2147.632926536994,-447.9524622099112,1.0,CLIENT,7,2,100000,11,191,0,2647,3825,709,177,267,361,199104.5120000001,29,False,False
211,60,1811.6835386296532,-1171.1985022094634,1.0,CLIENT,7,2,100000,13,41,0,3932,5108,843,666,291,520,42739.71200000002,37,False,False
211,61,1050.610078520249,1128.2274177900183,1.0,CLIENT,7,2,100000,15,51,0,3419,5066,799,158,294,440,53164.03200000003,32,False,False
211,62,-1669.138596515389,2162.5015377905306,1.0,CLIENT,7,2,100000,10,109,0,3930,4856,784,379,265,441,113625.08800000006,32,False,False
211,63,1066.3700804513637,-1833.775142209533,1.0,CLIENT,7,2,100000,14,70,0,3440,4691,752,410,280,421,72970.24000000003,38,False,False
211,64,-1298.5805611511212,-971.9357022094928,1.0,CLIENT,7,2,100000,10,186,0,3749,4787,693,295,290,351,193892.3520000001,31,False,False
211,65,-138.20092144948245,1415.0990577902712,1.0,CLIENT,7,2,100000,14,34,0,7065,9145,844,603,314,473,35442.68800000002,52,False,False
211,66,-1021.394597531329,2662.328337790196,1.0,CLIENT,7,2,100000,16,50,0,3507,4294,881,186,262,535,52121.60000000003,28,False,False
211,67,1596.0328589339233,-293.21766220983676,1.0,CLIENT,7,2,100000,12,20,0,4914,6202,901,522,310,544,20848.640000000007,33,False,False
211,68,1156.811900581078,-732.8203422096863,1.0,CLIENT,7,2,100000,10,72,0,5844,7113,665,931,303,315,75055.10400000004,39,False,False
211,69,903.3055378537858,44.081937790444954,1.0,CLIENT,7,2,100000,11,37,0,5935,7904,841,634,307,491,38569.98400000002,49,False,False
211,70,1834.6503756152513,-2991.5031422099987,1.0,CLIENT,7,2,100000,11,36,0,2083,2526,913,198,276,605,37527.55200000002,18,False,False
211,71,-1490.3932479755397,1945.650177790672,1.0,CLIENT,7,2,100000,8,37,0,4822,6005,831,573,275,513,38569.98400000002,38,False,False
211,72,2593.268760047453,-3259.5617022095003,1.0,CLIENT,7,2,100000,12,236,0,1486,1624,660,9,262,357,246013.95200000014,13,False,False
211,73,165.51569868760254,1691.3952977903314,1.0,CLIENT,7,2,100000,17,125,0,5088,6900,804,261,295,423,130304.00000000007,47,False,False
211,74,407.538642922377,-779.908702209446,1.0,CLIENT,7,2,100000,12,57,0,5792,8002,832,553,317,465,59418.62400000003,48,False,False
211,75,1188.6486884026174,852.0424977904681,1.0,CLIENT,7,2,100000,13,49,0,3762,5261,881,159,292,509,51079.16800000003,32,False,False
211,76,-290.4156134714758,-1261.3677022096092,1.0,CLIENT,7,2,100000,14,198,0,4068,5592,758,280,304,406,206401.5360000001,35,False,False
211,77,-272.67571180015574,-703.5431822092522,1.0,CLIENT,7,2,100000,13,52,0,6803,8409,854,706,318,471,54206.46400000003,43,False,False
211,78,2032.6403496296296,-2890.3132622099934,1.0,CLIENT,7,2,100000,14,38,0,2100,2532,967,151,276,636,39612.41600000002,20,False,False
211,79,-2329.3955618570535,1956.114257790355,1.0,CLIENT,7,2,100000,17,227,0,1757,2977,535,43,219,273,236632.06400000013,24,False,False
211,80,2832.9158245938684,-2488.4480622097826,1.0,CLIENT,7,2,100000,10,127,0,1928,2300,735,209,272,365,132388.86400000006,19,False,False
211,81,-800.4377865319154,106.42113779045786,1.0,CLIENT,7,2,100000,15,21,0,7585,9935,838,622,307,497,21891.072000000007,56,False,False
211,82,-452.7673921632772,1993.7404177902752,1.0,CLIENT,7,2,100000,11,21,0,5721,7271,900,579,308,550,21891.072000000007,39,False,False
211,83,-757.4343641760435,311.3612577903322,1.0,CLIENT,7,2,100000,15,33,0,7448,10473,851,419,306,483,34400.256000000016,56,False,False
211,84,-430.9092990321718,151.83969779047857,1.0,CLIENT,7,2,100000,11,58,0,8132,10798,774,569,308,395,60461.05600000003,61,False,False
211,85,1596.5080348714828,-42.19106220925511,1.0,CLIENT,7,2,100000,13,68,0,4541,5879,830,425,309,458,70885.37600000003,33,False,False
211,86,-1020.9986175831754,-22.932702209628246,1.0,CLIENT,7,2,100000,12,39,0,7399,9032,755,954,300,415,40654.84800000002,47,False,False
211,87,-218.98083084751084,1052.64113779023,1.0,CLIENT,7,2,100000,15,30,0,8325,10605,771,824,315,416,31272.960000000014,54,False,False
211,88,747.7646142683145,98.0721377901807,1.0,CLIENT,7,2,100000,9,26,0,6385,8650,811,681,313,467,27103.23200000001,49,False,False
211,89,1057.5001296154223,-1208.6020222099457,1.0,CLIENT,7,2,100000,10,43,0,4976,6549,863,544,312,495,44824.57600000002,39,False,False
211,90,1362.9590615244958,-1759.524702209536,1.0,CLIENT,7,2,100000,15,40,0,3798,5125,780,622,290,463,41697.28000000002,36,False,False
211,91,-1027.6510807101315,803.0616977907405,1.0,CLIENT,7,2,100000,13,97,0,7920,9501,788,463,299,402,101115.90400000005,60,False,False
211,92,2374.2918487882453,-2688.490102209368,1.0,CLIENT,7,2,100000,11,31,0,2037,2610,967,100,274,641,32315.392000000014,20,False,False
211,93,564.0299183829669,203.2695377903508,1.0,CLIENT,7,2,100000,15,103,0,7181,9458,677,786,306,331,107370.49600000006,52,False,False
211,94,-16.793469384504274,2208.9219777903945,1.0,CLIENT,7,2,100000,13,217,0,3824,5076,646,184,280,330,226207.74400000012,36,False,False
211,95,-315.2831542078739,1235.0946177907185,1.0,CLIENT,7,2,100000,11,78,0,8193,9848,735,813,296,369,81309.69600000004,55,False,False
211,96,587.4719313066872,-129.13198220964176,1.0,CLIENT,7,2,100000,15,24,0,6715,9772,740,764,315,409,25018.36800000001,53,False,False
211,97,-524.3605667666162,484.90913779036674,1.0,CLIENT,7,2,100000,13,21,0,7942,11177,857,464,320,480,21891.072000000007,62,False,False
211,98,-1487.3838003708097,-477.7862222097309,1.0,CLIENT,7,2,100000,13,52,0,4900,6433,908,482,302,548,54206.46400000003,34,False,False
211,99,2210.672934262577,-2488.0027822093252,1.0,CLIENT,7,2,100000,14,44,0,2581,3276,954,376,279,640,45867.00800000002,21,False,False
211,100,-1406.0455996278488,2758.0643200003115,1.0,CLIENT,7,2,100000,12,83,0,2774,3809,765,112,250,452,86521.85600000004,25,False,False
211,101,1812.7962022920597,-2984.8899519996658,1.0,CLIENT,3,0.0,100000,12,105,0,1701,2308,725,95,262,386,109455.36000000006,16,False,False

212,0,-900.3831254139418,2728.6750577903736,1.0,CLIENT,7,2,100000,13,93,0,3865,4947,848,199,277,496,96946.17600000005,31,False,False
212,1,1701.0467411508537,-193.25230220990363,1.0,CLIENT,7,2,100000,15,167,0,4779,6153,732,456,287,394,174086.1440000001,36,False,False
212,2,891.1093554543664,223.3071377903832,1.0,CLIENT,7,2,100000,10,41,0,4885,6406,937,429,299,532,42739.71200000002,39,False,False
212,3,-512.3227763465708,-906.2569022100018,1.0,CLIENT,7,2,100000,12,198,0,3650,5421,719,282,317,365,206401.5360000001,30,False,False
212,4,-1388.6264013326816,2573.7176177900706,1.0,CLIENT,7,2,100000,16,26,0,4207,5720,941,338,292,601,27103.23200000001,33,False,False
212,5,-706.828126818097,-491.9238622096307,1.0,CLIENT,7,2,100000,9,23,0,4054,5438,841,606,324,483,23975.93600000001,37,False,False
212,6,1532.1216953220646,314.92349779003916,1.0,CLIENT,7,2,100000,13,164,0,3520,5283,792,214,284,428,170958.8480000001,31,False,False
212,7,-1270.7035728094302,2758.5088177901935,1.0,CLIENT,7,2,100000,18,77,0,3641,4665,852,220,277,516,80267.26400000004,32,False,False
212,8,-222.3862584003945,2515.1632977899935,1.0,CLIENT,7,2,100000,12,256,0,3713,4909,645,156,261,352,266862.592,28,False,False
212,9,-2658.138114709911,145.27181779045037,1.0,CLIENT,7,2,100000,19,258,0,1618,2299,593,37,261,294,268947.45599999995,17,False,False
212,10,-891.6715665573745,-365.0190622096892,1.0,CLIENT,7,2,100000,12,200,0,3483,4866,681,454,309,328,208486.4000000001,38,False,False
212,11,1903.2341026138604,-2137.1221422093204,1.0,CLIENT,7,2,100000,14,21,0,5279,6439,843,852,279,550,21891.072000000007,33,False,False
212,12,-1313.706995165302,1246.115297790578,1.0,CLIENT,7,2,100000,15,34,0,6598,8286,693,843,289,372,35442.68800000002,52,False,False
212,13,-1044.6782184751123,-457.85994220941745,1.0,CLIENT,7,2,100000,17,50,0,3231,4250,868,351,321,491,52121.60000000003,36,False,False
212,14,-1888.6698797021245,995.5339777904542,1.0,CLIENT,7,2,100000,14,30,0,4553,6259,859,573,303,506,31272.960000000014,43,False,False
212,15,2581.4685575961876,-2841.4437822099844,1.0,CLIENT,7,2,100000,9,31,0,2295,2828,934,20,267,574,32315.392000000014,22,False,False
212,16,-44.195281787510346,1413.76321779048,1.0,CLIENT,7,2,100000,15,35,0,4946,6350,760,676,301,431,36485.12000000002,40,False,False
212,17,768.1179835967736,-1887.208742209883,1.0,CLIENT,7,2,100000,13,34,0,4952,6268,881,450,285,542,35442.68800000002,38,False,False
212,18,-387.50989672814626,1851.0281777906948,1.0,CLIENT,7,2,100000,15,38,0,5465,6880,922,394,307,564,39612.41600000002,42,False,False
212,19,2735.029581441453,-2371.005462209681,1.0,CLIENT,7,2,100000,15,112,0,2501,3735,745,129,262,426,116752.38400000006,25,False,False
212,20,2309.271941321894,-975.4979422099907,1.0,CLIENT,7,2,100000,10,40,0,3929,5151,855,167,281,503,41697.28000000002,38,False,False
212,21,-1424.2645966546959,1270.4943777907229,1.0,CLIENT,7,2,100000,15,82,0,6337,8206,704,736,288,364,85479.42400000004,49,False,False
212,22,496.07975930185404,-2030.2549422094112,1.0,CLIENT,7,2,100000,10,254,0,3748,4991,642,291,267,340,264777.72800000006,34,False,False
212,23,-994.388765075914,1205.7061377905654,1.0,CLIENT,7,2,100000,13,45,0,6315,8408,755,623,317,385,46909.440000000024,52,False,False
212,24,-1857.941835735078,2006.096937790717,1.0,CLIENT,7,2,100000,10,24,0,5298,6202,960,378,287,575,25018.36800000001,36,False,False
212,25,-1395.4372564384491,2296.196857790729,1.0,CLIENT,7,2,100000,11,25,0,5758,6802,962,624,290,625,26060.80000000001,35,False,False
212,26,-749.1979812570356,2017.7855377904723,1.0,CLIENT,7,2,100000,12,74,0,6189,7026,821,704,288,462,77139.96800000004,40,False,False
212,27,1242.264373365294,-135.8111822093889,1.0,CLIENT,7,2,100000,11,28,0,5652,7089,919,525,303,570,29188.096000000012,38,False,False
212,28,-1643.6374878626202,2707.19029779004,1.0,CLIENT,7,2,100000,17,137,0,3484,4631,753,137,260,421,142813.18400000007,30,False,False
212,29,2017.0387396773265,-2699.9560622096856,1.0,CLIENT,7,2,100000,12,44,0,3399,3958,985,197,266,639,45867.00800000002,31,False,False
212,30,1051.2436464366199,-1166.968342209861,1.0,CLIENT,7,2,100000,10,39,0,6870,8391,799,788,306,456,40654.84800000002,45,False,False
212,31,-669.5268157134998,2123.984817790486,1.0,CLIENT,7,2,100000,15,34,0,6015,6599,909,603,282,581,35442.68800000002,40,False,False
212,32,-1833.2326869780536,-163.7525022100317,1.0,CLIENT,7,2,100000,12,46,0,3014,4040,803,423,277,474,47951.872000000025,26,False,False
212,33,-1494.6698314141363,2280.5007377900183,1.0,CLIENT,7,2,100000,11,20,0,5608,6698,948,548,285,621,20848.640000000007,35,False,False
212,34,1092.6631490004397,974.4944977905783,1.0,CLIENT,7,2,100000,13,275,0,2743,4223,639,156,267,326,286668.79999999946,26,False,False
212,35,2489.759601633169,-1026.7051422096342,1.0,CLIENT,7,2,100000,10,241,0,3256,4453,610,132,264,308,251226.11200000014,32,False,False
212,36,282.5673713251411,602.5743777906976,1.0,CLIENT,7,2,100000,7,27,0,5722,7409,821,679,312,453,28145.66400000001,43,False,False
212,37,834.5634188758029,-398.5263822097258,1.0,CLIENT,7,2,100000,14,72,0,6173,7985,756,644,310,388,75055.10400000004,45,False,False
212,38,-733.9131552629178,402.7549777905503,1.0,CLIENT,7,2,100000,13,33,0,6029,7938,761,809,318,425,34400.256000000016,45,False,False
212,39,-1837.034094479091,2543.8838577902507,1.0,CLIENT,7,2,100000,17,61,0,3761,4890,853,196,269,503,63588.352000000035,30,False,False
212,40,-1152.9391362661154,1336.7297777903905,1.0,CLIENT,7,2,100000,11,28,0,6928,8568,691,898,302,365,29188.096000000012,51,False,False
212,41,2045.23251197664,-2050.2925422094436,1.0,CLIENT,7,2,100000,12,56,0,5354,6290,746,976,266,446,58376.19200000003,34,False,False
212,42,575.8301208342327,-132.91686220957757,1.0,CLIENT,7,2,100000,17,32,0,5865,7881,830,659,312,474,33357.824000000015,45,False,False
212,43,2445.6474354228044,-2593.2001822094953,1.0,CLIENT,7,2,100000,16,44,0,2884,3762,977,82,266,672,45867.00800000002,26,False,False
212,44,-1125.9333038107002,34.73105779032437,1.0,CLIENT,7,2,100000,14,47,0,4406,6038,905,535,329,532,48994.304000000026,39,False,False
212,45,776.7503464639352,-809.9651022094946,1.0,CLIENT,7,2,100000,17,56,0,6933,8557,731,904,307,385,58376.19200000003,44,False,False
212,46,-397.88457136617126,1227.6361777905659,1.0,CLIENT,7,2,100000,12,25,0,5574,7239,842,513,313,470,26060.80000000001,49,False,False
212,47,2646.1716811037904,-2854.5795422092497,1.0,CLIENT,7,2,100000,15,176,0,2073,2590,763,14,259,377,183468.0320000001,21,False,False
212,48,-2301.5977695058937,1662.7860577905838,1.0,CLIENT,7,2,100000,12,167,0,3591,5124,682,174,263,347,174086.1440000001,32,False,False
212,49,1355.6730304806065,239.44853778996986,1.0,CLIENT,7,2,100000,17,81,0,4499,5805,907,318,293,530,84436.99200000004,33,False,False
212,50,1867.7542992706576,-2494.5706622093535,1.0,CLIENT,7,2,100000,12,38,0,3889,4960,934,348,270,604,39612.41600000002,32,False,False
212,51,-1948.4628518541979,523.7598177903592,1.0,CLIENT,7,2,100000,11,91,0,4196,5290,788,640,286,445,94861.31200000005,31,False,False
212,52,2513.122418566358,-1181.7739022096564,1.0,CLIENT,7,2,100000,8,69,0,3632,4720,784,183,278,459,71927.80800000003,35,False,False
212,53,-631.3543487237523,496.0411377907363,1.0,CLIENT,7,2,100000,10,150,0,6148,8210,585,811,293,258,156364.80000000008,45,False,False
212,54,571.7911253644157,-408.2112222097942,1.0,CLIENT,7,2,100000,10,17,0,6168,8061,771,765,316,427,17721.344000000005,46,False,False
212,55,1600.3886383619256,-1824.6469022096412,1.0,CLIENT,7,2,100000,10,37,0,6213,7250,772,958,305,427,38569.98400000002,41,False,False
212,56,-2171.082778635632,1514.1738577900799,1.0,CLIENT,7,2,100000,11,35,0,4046,5587,832,228,277,480,36485.12000000002,38,False,False
212,57,1500.9184754174587,-2591.641702209475,1.0,CLIENT,7,2,100000,11,34,0,3934,4879,922,440,290,572,35442.68800000002,32,False,False
212,58,-1229.3632662355785,2514.27273779066,1.0,CLIENT,7,2,100000,10,23,0,4701,6121,921,435,294,607,23975.93600000001,33,False,False
212,59,-2243.9430890728377,1394.393537790343,1.0,CLIENT,7,2,100000,11,58,0,3765,5076,790,283,285,422,60461.05600000003,38,False,False
212,60,-2121.9812650803315,2182.316497790334,1.0,CLIENT,7,2,100000,13,134,0,4026,5132,798,187,272,412,139685.88800000006,31,False,False
212,61,-1940.7016448733118,903.9176177900072,1.0,CLIENT,7,2,100000,14,56,0,4361,5738,831,591,302,471,58376.19200000003,38,False,False
212,62,1524.2812923512104,-1588.5371822093648,1.0,CLIENT,7,2,100000,9,11,0,6396,7740,785,934,305,464,11466.752000000002,44,False,False
212,63,-1425.135752540409,502.0524177905878,1.0,CLIENT,7,2,100000,14,79,0,5197,6659,741,770,305,385,82352.12800000004,42,False,False
212,64,-727.6566720841155,1347.8617777899692,1.0,CLIENT,7,2,100000,10,26,0,5899,8376,861,489,321,495,27103.23200000001,50,False,False
212,65,535.1233821773145,-1164.4079822099975,1.0,CLIENT,7,2,100000,14,66,0,6147,7920,857,642,306,483,68800.51200000003,44,False,False
212,66,610.5179642816909,-1759.190742209588,1.0,CLIENT,7,2,100000,16,30,0,4680,6359,910,365,286,583,31272.960000000014,39,False,False
212,67,435.81161121165877,598.0102577903563,1.0,CLIENT,7,2,100000,11,94,0,5602,6934,784,669,300,388,97988.60800000005,43,False,False
212,68,99.07026340857325,-1212.8321822095484,1.0,CLIENT,7,2,100000,10,23,0,5054,6435,873,513,305,539,23975.93600000001,39,False,False
212,69,-12.120905997753917,1322.258177790543,1.0,CLIENT,7,2,100000,11,165,0,5062,6439,646,680,291,317,172001.2800000001,42,False,False
212,70,469.4699067940299,1086.4824177902144,1.0,CLIENT,7,2,100000,11,32,0,4275,5998,882,359,314,492,33357.824000000015,36,False,False
212,71,1447.5403784229989,-2694.0561022095526,1.0,CLIENT,7,2,100000,9,105,0,3703,4518,819,390,292,453,109455.36000000006,30,False,False
212,72,999.8454491829286,-1299.4391422099873,1.0,CLIENT,7,2,100000,9,52,0,6680,8251,780,762,294,442,54206.46400000003,44,False,False
212,73,-2454.208441475478,312.14049779073775,1.0,CLIENT,7,2,100000,17,54,0,2430,3212,869,162,272,551,56291.32800000003,23,False,False
212,74,1931.1110909549884,-850.2629422097882,1.0,CLIENT,7,2,100000,12,44,0,5235,6677,929,379,300,563,45867.00800000002,41,False,False
212,75,1924.300235849221,-1081.5859022094944,1.0,CLIENT,7,2,100000,13,30,0,5190,6854,918,329,295,586,31272.960000000014,42,False,False
212,76,-1188.4981355992866,2555.0158577906204,1.0,CLIENT,7,2,100000,14,34,0,4464,5854,930,369,290,597,35442.68800000002,33,False,False
212,77,-1769.4007193561636,-282.6422622096439,1.0,CLIENT,7,2,100000,13,234,0,2854,3838,597,438,267,275,243929.08800000013,24,False,False
212,78,-476.1302090964662,1295.0960977903057,1.0,CLIENT,7,2,100000,14,36,0,5504,7536,849,479,315,456,37527.55200000002,52,False,False
212,79,1602.2893421127255,-1951.106422209916,1.0,CLIENT,7,2,100000,14,19,0,6039,7072,807,962,300,492,19806.208000000006,40,False,False
212,80,-2612.3628327180886,273.28981779074525,1.0,CLIENT,7,2,100000,10,55,0,2088,2782,827,100,273,500,57333.76000000003,21,False,False
212,81,2335.0898339334103,-2092.0375422092475,1.0,CLIENT,7,2,100000,15,50,0,4507,5355,833,683,277,514,52121.60000000003,31,False,False
212,82,752.4371776550649,1155.8347777907134,1.0,CLIENT,7,2,100000,12,66,0,3284,4932,793,277,298,428,68800.51200000003,30,False,False
212,83,1229.117839090756,-1045.963502209261,1.0,CLIENT,7,2,100000,15,33,0,6972,8520,831,700,307,479,34400.256000000016,45,False,False
212,84,-1073.8223426501074,1920.1578977901738,1.0,CLIENT,7,2,100000,10,31,0,6993,8015,732,1119,283,433,32315.392000000014,40,False,False
212,85,-599.6759528815869,2670.3433777905257,1.0,CLIENT,7,2,100000,13,37,0,3835,5107,923,144,285,576,38569.98400000002,28,False,False
212,86,141.3609218581061,16.25193779031207,1.0,CLIENT,7,2,100000,13,44,0,6007,8220,728,777,319,382,45867.00800000002,45,False,False
212,87,-220.64394662896848,1779.783377790228,1.0,CLIENT,7,2,100000,15,86,0,4958,6637,860,325,310,492,89649.15200000005,38,False,False
212,88,1611.2384889380726,-1068.8954222098957,1.0,CLIENT,7,2,100000,9,39,0,6368,7995,830,604,299,493,40654.84800000002,43,False,False
212,89,693.1985774299566,-606.4721422099215,1.0,CLIENT,7,2,100000,10,15,0,6575,8474,759,824,314,425,15636.480000000005,46,False,False
212,90,2760.530690094222,-2362.8791022096325,1.0,CLIENT,7,2,100000,15,76,0,2426,3743,762,123,258,454,79224.83200000004,25,False,False
212,91,1072.1513876926065,-2318.796382209403,1.0,CLIENT,7,2,100000,13,123,0,4195,5519,811,326,300,452,128219.13600000007,35,False,False
212,92,-2153.9764448806827,1441.8158577900508,1.0,CLIENT,7,2,100000,10,34,0,4080,5563,831,278,281,469,35442.68800000002,38,False,False
212,93,-37.30523069233736,51.54037779059763,1.0,CLIENT,7,2,100000,15,92,0,5986,8133,686,676,303,333,95903.74400000005,45,False,False
212,94,1900.3830469879417,-1342.4086622098635,1.0,CLIENT,7,2,100000,13,40,0,5317,7184,921,424,291,581,41697.28000000002,44,False,False
212,95,533.9354423328535,-237.78030220979986,1.0,CLIENT,7,2,100000,11,18,0,6063,8058,780,738,309,440,18763.776000000005,46,False,False
212,96,-358.36577255315143,-396.0773422095812,1.0,CLIENT,7,2,100000,15,30,0,5212,6421,908,538,332,528,31272.960000000014,43,False,False
212,97,1681.9605076556986,-839.6875422095954,1.0,CLIENT,7,2,100000,13,72,0,6081,7512,829,591,306,455,75055.10400000004,45,False,False
212,98,-92.02965950950657,-1433.2457822099047,1.0,CLIENT,7,2,100000,14,259,0,3625,5290,641,281,277,309,269989.8879999999,30,False,False
212,99,1468.4481196789857,-1690.5063022097759,1.0,CLIENT,7,2,100000,14,49,0,6266,7590,742,896,298,416,51079.16800000003,42,False,False
212,100,-1406.0455996278488,2758.0643200003115,1.0,CLIENT,7,2,100000,12,41,0,3567,4704,865,179,276,535,42739.71200000002,30,False,False
212,101,1812.7962022920597,-2984.8899519996658,1.0,CLIENT,3,0.0,100000,14,196,0,2446,3037,711,131,258,342,204316.6720000001,21,False,False

213,0,-58.054579968950115,1627.3862977905792,1.0,CLIENT,7,2,100000,13,35,0,5531,6435,895,467,304,526,36485.12000000002,40,False,False
213,1,-1941.8895847172103,2524.1802177901664,1.0,CLIENT,7,2,100000,15,119,0,2454,3351,805,135,283,448,124049.40800000007,22,False,False
213,2,622.7933426705159,1091.9370977906804,1.0,CLIENT,7,2,100000,10,123,0,6257,8098,707,627,307,343,128219.13600000007,45,False,False
213,3,2197.209616029854,-2700.7353022093,1.0,CLIENT,7,2,100000,12,33,0,3060,3333,964,432,280,630,34400.256000000016,19,False,False
213,4,-469.9529219076323,-1352.6501022093175,1.0,CLIENT,7,2,100000,16,274,0,2429,3975,566,412,269,270,285626.3679999995,30,False,False
213,5,-1046.3413342571328,-971.0451422093684,1.0,CLIENT,7,2,100000,9,98,0,3380,4603,884,201,296,512,102158.33600000005,33,False,False
213,6,-1723.1502614262192,2936.2868577906215,1.0,CLIENT,7,2,100000,15,242,0,1737,2492,545,50,250,249,252268.54400000014,19,False,False
213,7,-1789.0413247782835,664.8022577902007,1.0,CLIENT,7,2,100000,17,61,0,5476,6813,791,795,292,464,63588.352000000035,43,False,False
213,8,-1788.1701688925705,-128.5753822094651,1.0,CLIENT,7,2,100000,9,57,0,4770,5629,838,694,312,480,59418.62400000003,35,False,False
213,9,625.565202307029,-520.5331022093782,1.0,CLIENT,7,2,100000,16,33,0,6367,8668,869,440,331,508,34400.256000000016,45,False,False
213,10,418.3092975091184,1548.6830577907508,1.0,CLIENT,7,2,100000,12,115,0,4382,6343,753,278,295,379,119879.68000000007,38,False,False
213,11,296.5058654954238,-45.41934220980522,1.0,CLIENT,7,2,100000,14,77,0,8111,9728,809,633,316,421,80267.26400000004,48,False,False
213,12,1529.6666196442998,150.72649779012522,1.0,CLIENT,7,2,100000,15,36,0,4883,6385,940,398,312,585,37527.55200000002,34,False,False
213,13,25.655581044402613,1908.8032577903664,1.0,CLIENT,7,2,100000,17,183,0,4273,5449,721,241,279,388,190765.0560000001,30,False,False
213,14,82.99347751871086,714.5622977903338,1.0,CLIENT,7,2,100000,14,19,0,7814,10187,845,656,320,484,19806.208000000006,53,False,False
213,15,-6.339598756510888,522.423977790568,1.0,CLIENT,7,2,100000,8,27,0,8141,10313,799,661,324,429,28145.66400000001,54,False,False
213,16,2100.9072926694907,-2768.529182209779,1.0,CLIENT,7,2,100000,15,31,0,3031,3290,932,463,283,619,32315.392000000014,20,False,False
213,17,63.35287209659077,917.3873377900113,1.0,CLIENT,7,2,100000,12,29,0,7211,9638,881,583,318,500,30230.528000000013,51,False,False
213,18,-135.03308186537845,1607.126057790318,1.0,CLIENT,7,2,100000,15,40,0,5611,6544,887,503,300,541,41697.28000000002,42,False,False
213,19,2832.6782366250886,-2348.9641022099618,1.0,CLIENT,7,2,100000,19,230,0,2379,2733,620,243,262,307,239759.36000000013,19,False,False
213,20,-106.28493763853731,2193.1145377899647,1.0,CLIENT,7,2,100000,10,41,0,3684,4810,851,133,284,490,42739.71200000002,31,False,False
213,21,-793.4685394462114,-942.1019422096731,1.0,CLIENT,7,2,100000,17,48,0,3423,5401,924,211,297,549,50036.736000000026,36,False,False
213,22,-1919.9522955961365,1260.141617789968,1.0,CLIENT,7,2,100000,10,96,0,4533,5929,818,437,308,447,100073.47200000005,39,False,False
213,23,-492.76136691385636,-899.2437422095159,1.0,CLIENT,7,2,100000,13,30,0,4652,6367,872,540,305,530,31272.960000000014,39,False,False
213,24,188.16575171501532,-14.3610622099132,1.0,CLIENT,7,2,100000,9,19,0,8162,9755,835,650,322,456,19806.208000000006,47,False,False
213,25,522.2936318609618,-1702.9741422099366,1.0,CLIENT,7,2,100000,12,158,0,2510,3989,676,455,296,353,164704.25600000008,34,False,False
213,26,2239.658666458198,-2983.2654622094406,1.0,CLIENT,7,2,100000,12,41,0,2598,3038,908,164,277,594,42739.71200000002,17,False,False
213,27,305.45501232077083,1436.027217790428,1.0,CLIENT,7,2,100000,12,29,0,5154,7112,887,375,308,519,30230.528000000013,40,False,False
213,28,-98.44453466768296,375.1476177906463,1.0,CLIENT,7,2,100000,17,40,0,8027,10142,788,633,319,416,41697.28000000002,54,False,False
213,29,1089.0201334787764,-1891.2162622092567,1.0,CLIENT,7,2,100000,12,72,0,2845,4324,844,459,297,495,75055.10400000004,32,False,False
213,30,2340.8711411746535,-1591.3201822094572,1.0,CLIENT,7,2,100000,11,240,0,2405,3256,581,343,269,267,250183.68000000014,25,False,False
213,31,-1982.8339113434706,-125.12446220947709,1.0,CLIENT,7,2,100000,15,33,0,4321,5219,886,580,297,564,34400.256000000016,29,False,False
213,32,379.89924255002853,-241.23122220978786,1.0,CLIENT,7,2,100000,12,28,0,7572,9407,909,467,331,524,29188.096000000012,46,False,False
213,33,-1940.543252893938,1194.240177790248,1.0,CLIENT,7,2,100000,11,50,0,4574,6136,867,432,311,499,52121.60000000003,38,False,False
213,34,-2597.9491626096838,674.0418177906022,1.0,CLIENT,7,2,100000,13,228,0,3491,3882,688,350,279,347,237674.49600000013,26,False,False
213,35,1943.1488813750339,-2394.3826622099823,1.0,CLIENT,7,2,100000,9,29,0,3384,3685,768,855,286,453,30230.528000000013,21,False,False
213,36,-2418.8078341222435,-350.6587822095605,1.0,CLIENT,7,2,100000,8,175,0,2861,3599,711,245,294,369,182425.6000000001,23,False,False
213,37,-1077.702946141113,57.32901779022029,1.0,CLIENT,7,2,100000,14,21,0,5891,8788,755,742,315,421,21891.072000000007,49,False,False
213,38,-1982.6755193640968,820.8728977900662,1.0,CLIENT,7,2,100000,13,56,0,4821,6302,851,585,305,509,58376.19200000003,35,False,False
213,39,942.5075527086203,164.86413779002504,1.0,CLIENT,7,2,100000,16,32,0,7510,8500,862,755,311,520,33357.824000000015,40,False,False
213,40,66.59990767066314,-466.87686220959023,1.0,CLIENT,7,2,100000,11,26,0,7454,8640,792,812,323,422,27103.23200000001,45,False,False
213,41,-2123.010812944856,-343.4229822096367,1.0,CLIENT,7,2,100000,12,38,0,3642,4562,880,396,307,532,39612.41600000002,25,False,False
213,42,-175.42303656411127,2146.9167377903295,1.0,CLIENT,7,2,100000,18,43,0,3858,5105,877,143,286,519,44824.57600000002,31,False,False
213,43,-1492.689931673931,-871.6363822096118,1.0,CLIENT,7,2,100000,16,254,0,3655,4386,575,561,271,264,264777.72800000006,30,False,False
213,44,1071.1218398280823,50.20453779001542,1.0,CLIENT,7,2,100000,14,33,0,7097,8233,876,765,306,528,34400.256000000016,37,False,False
213,45,965.5535856836242,-94.17750220930401,1.0,CLIENT,7,2,100000,17,22,0,7136,8385,894,759,323,552,22933.504000000008,41,False,False
213,46,-2470.7604033034627,350.2119377903247,1.0,CLIENT,7,2,100000,12,37,0,3456,4111,943,172,292,575,38569.98400000002,25,False,False
213,47,1508.9964663570925,310.47069779020774,1.0,CLIENT,7,2,100000,15,50,0,4805,6491,905,375,301,554,52121.60000000003,33,False,False
213,48,-1893.8176190264344,1721.0064177907132,1.0,CLIENT,7,2,100000,11,40,0,4209,5253,910,479,305,558,41697.28000000002,34,False,False
213,49,-303.6413437359822,455.7432977904426,1.0,CLIENT,7,2,100000,16,125,0,7298,9938,736,470,320,346,130304.00000000007,62,False,False
213,50,466.5396551787056,1074.5711777902304,1.0,CLIENT,7,2,100000,12,28,0,6609,8557,793,716,306,441,29188.096000000012,47,False,False
213,51,485.6258886738607,-2127.6599422094805,1.0,CLIENT,7,2,100000,13,216,0,1423,2396,614,164,274,290,225165.31200000012,25,False,False
213,52,-11.249750112040909,-843.806382209479,1.0,CLIENT,7,2,100000,8,71,0,5633,7733,772,623,322,400,74012.67200000004,38,False,False
213,53,988.9164026173759,-495.8200622092855,1.0,CLIENT,7,2,100000,10,31,0,6193,7677,836,685,322,482,32315.392000000014,42,False,False
213,54,-1684.4234225095067,92.61745779050585,1.0,CLIENT,7,2,100000,10,45,0,5206,6252,751,928,300,425,46909.440000000024,40,False,False
213,55,-848.113772273975,916.8307377906257,1.0,CLIENT,7,2,100000,10,87,0,6825,9398,691,626,308,323,90691.58400000005,57,False,False
213,56,247.87952787768293,-100.63406220961326,1.0,CLIENT,7,2,100000,10,14,0,7992,9650,866,602,320,505,14594.048000000004,48,False,False
213,57,1579.0057211683795,-2037.602062209845,1.0,CLIENT,7,2,100000,10,50,0,3562,4056,720,994,295,402,52121.60000000003,27,False,False
213,58,-2251.387512095538,1742.4911777902557,1.0,CLIENT,7,2,100000,11,195,0,3409,4411,644,401,277,320,203274.2400000001,27,False,False
213,59,631.900881475237,-813.8613022099403,1.0,CLIENT,7,2,100000,10,146,0,5422,7533,636,604,313,284,152195.07200000007,46,False,False
213,60,2050.3802513009496,-2646.5224622093356,1.0,CLIENT,7,2,100000,13,19,0,3215,3410,873,650,284,562,19806.208000000006,20,False,False
213,61,-2318.466515291501,-425.57714220945314,1.0,CLIENT,7,2,100000,14,65,0,2883,3812,805,270,297,465,67758.08000000003,24,False,False
213,62,-654.9547536262838,-394.07358220989437,1.0,CLIENT,7,2,100000,9,93,0,6139,7689,704,838,301,341,96946.17600000005,47,False,False
213,63,-1956.6200387838003,874.640457790364,1.0,CLIENT,7,2,100000,14,36,0,4863,6412,882,544,304,541,37527.55200000002,35,False,False
213,64,2158.720365081358,-2202.021702209988,1.0,CLIENT,7,2,100000,10,52,0,3392,3664,893,672,292,552,54206.46400000003,21,False,False
213,65,2161.0170487803116,-1588.0919022096982,1.0,CLIENT,7,2,100000,16,50,0,2731,3693,830,397,287,513,52121.60000000003,28,False,False
213,66,1463.0627923858965,454.51877779037034,1.0,CLIENT,7,2,100000,16,39,0,4697,6578,911,334,302,554,40654.84800000002,32,False,False
213,67,2331.0508384635937,-2705.967342209537,1.0,CLIENT,7,2,100000,12,34,0,2949,3241,964,337,281,618,35442.68800000002,18,False,False
213,68,-644.9760589358498,2298.089297790697,1.0,CLIENT,7,2,100000,10,199,0,4213,5186,691,378,280,352,207443.9680000001,31,False,False
213,69,-579.0057995943798,2322.468377790051,1.0,CLIENT,7,2,100000,11,37,0,4154,5053,873,337,292,509,38569.98400000002,31,False,False
213,70,-901.4126732790289,161.52453779054696,1.0,CLIENT,7,2,100000,11,39,0,6382,9077,787,583,324,410,40654.84800000002,56,False,False
213,71,-1737.16795158647,2462.9542177905064,1.0,CLIENT,7,2,100000,9,22,0,3194,3937,947,302,293,606,22933.504000000008,26,False,False
213,72,1604.8236137798963,379.37777779024884,1.0,CLIENT,7,2,100000,10,58,0,4168,5738,890,265,305,519,60461.05600000003,32,False,False
213,73,878.7547810761358,-426.4677022095776,1.0,CLIENT,7,2,100000,16,19,0,6392,8264,887,579,325,540,19806.208000000006,44,False,False
213,74,2101.5408605864236,-278.41210220925035,1.0,CLIENT,7,2,100000,13,258,0,3030,4099,620,234,275,313,268947.45599999995,24,False,False
213,75,-693.3648085848109,1383.4841777902025,1.0,CLIENT,7,2,100000,12,46,0,6618,8721,786,790,298,437,47951.872000000025,49,False,False
213,76,657.7187740867538,185.01305779056736,1.0,CLIENT,7,2,100000,14,63,0,7956,9011,775,784,304,428,65673.21600000003,48,False,False
213,77,2412.7019037467726,-3365.427022209566,1.0,CLIENT,7,2,100000,16,219,0,1987,2298,635,36,260,293,228292.60800000012,16,False,False
213,78,1022.5746981997471,-2424.7730222099785,1.0,CLIENT,7,2,100000,14,204,0,2553,3144,676,280,291,354,212656.1280000001,23,False,False
213,79,1466.7058079075598,782.8014577904793,1.0,CLIENT,7,2,100000,15,206,0,3803,5800,682,193,262,326,214740.99200000011,35,False,False
213,80,1882.5639493266533,-2837.8815422094867,1.0,CLIENT,7,2,100000,9,36,0,2974,3349,877,440,280,559,37527.55200000002,20,False,False
213,81,-2367.6472248367695,-326.1683822096967,1.0,CLIENT,7,2,100000,16,53,0,3042,3829,854,271,290,504,55248.89600000003,23,False,False
213,82,1799.566552220202,-2685.373142209328,1.0,CLIENT,7,2,100000,11,25,0,3172,3530,855,611,286,552,26060.80000000001,20,False,False
213,83,15.201710416409227,411.1039777900365,1.0,CLIENT,7,2,100000,15,38,0,8254,10359,788,647,328,410,39612.41600000002,53,False,False
213,84,1324.2322226072206,-2603.664262209969,1.0,CLIENT,7,2,100000,11,62,0,2954,3514,791,432,296,471,64630.784000000036,20,False,False
213,85,1294.7713144740408,-356.78138220992196,1.0,CLIENT,7,2,100000,11,98,0,5741,6894,752,721,299,401,102158.33600000005,37,False,False
213,86,-907.3523724990831,81.26281779069842,1.0,CLIENT,7,2,100000,13,102,0,6261,8828,694,651,304,345,106328.06400000006,55,False,False
213,87,-715.3020977058848,1505.045617790188,1.0,CLIENT,7,2,100000,15,26,0,6044,8370,899,646,307,563,27103.23200000001,47,False,False
213,88,-1011.257510861521,1736.2572577901753,1.0,CLIENT,7,2,100000,9,21,0,5351,7097,850,749,309,513,21891.072000000007,43,False,False
213,89,-613.0600751249046,-26.606262209845113,1.0,CLIENT,7,2,100000,10,11,0,6462,8534,837,613,322,477,11466.752000000002,57,False,False
213,90,-1535.1389821028379,2101.38685779059,1.0,CLIENT,7,2,100000,15,45,0,4235,5249,833,621,289,494,46909.440000000024,28,False,False
213,91,-1631.9956773901656,2416.3111377904133,1.0,CLIENT,7,2,100000,13,34,0,3445,4205,945,343,288,580,35442.68800000002,26,False,False
213,92,-2444.784118712572,63.89689779024849,1.0,CLIENT,7,2,100000,10,45,0,3284,4047,936,133,295,580,46909.440000000024,26,False,False
213,93,-2314.3483238322783,406.5398577904861,1.0,CLIENT,7,2,100000,16,39,0,3655,4630,930,250,289,589,40654.84800000002,30,False,False
213,94,1814.7721822243518,-1084.257582209868,1.0,CLIENT,7,2,100000,13,189,0,3017,4734,678,432,281,349,197019.6480000001,38,False,False
213,95,-1035.1746997228006,1546.1226977900965,1.0,CLIENT,7,2,100000,11,20,0,5691,7935,767,797,305,434,20848.640000000007,45,False,False
213,96,2091.6413618853953,-621.9456222096125,1.0,CLIENT,7,2,100000,16,73,0,2883,4141,785,318,296,458,76097.53600000004,27,False,False
213,97,904.4142817082785,688.179457790502,1.0,CLIENT,7,2,100000,13,54,0,7149,8329,911,488,317,508,56291.32800000003,44,False,False
213,98,-1154.1270761100136,2160.7204177902813,1.0,CLIENT,7,2,100000,13,61,0,4743,5547,843,723,299,492,63588.352000000035,31,False,False
213,99,-1216.533515919226,1496.3626577907542,1.0,CLIENT,7,2,100000,14,88,0,5374,7468,705,750,282,352,91734.01600000005,47,False,False
213,100,-1406.0455996278488,2758.0643200003115,1.0,CLIENT,7,2,100000,12,83,0,2610,3589,827,113,279,485,86521.85600000004,22,False,False
213,101,1812.7962022920597,-2984.8899519996658,1.0,CLIENT,3,0.0,100000,13,159,0,2541,2857,720,181,269,355,165746.68800000008,18,False,False

214,0,-484.36659201547434,2427.109177790044,1.0,CLIENT,7,2,100000,13,38,0,4099,5008,868,287,286,538,39612.41600000002,29,False,False
214,1,-1407.1582629003092,-134.80930220954548,1.0,CLIENT,7,2,100000,14,45,0,5641,6869,775,854,304,439,46909.440000000024,37,False,False
214,2,1706.1944804751633,-1277.7317422094247,1.0,CLIENT,7,2,100000,10,15,0,5516,6565,864,670,302,527,15636.480000000005,37,False,False
214,3,-983.2221305415816,1696.738657790287,1.0,CLIENT,7,2,100000,11,34,0,6722,8354,651,1205,297,344,35442.68800000002,47,False,False
214,4,2275.930429697708,-3245.0901022096527,1.0,CLIENT,7,2,100000,17,66,0,1008,1349,684,1,243,364,68800.51200000003,13,False,False
214,5,1893.5721918821741,-1519.7414222098337,1.0,CLIENT,7,2,100000,9,23,0,4896,5850,861,623,305,526,23975.93600000001,36,False,False
214,6,-124.81679920616472,-604.4683822094436,1.0,CLIENT,7,2,100000,12,70,0,6457,8704,830,549,322,434,72970.24000000003,50,False,False
214,7,1321.4603629712706,-406.87538221000295,1.0,CLIENT,7,2,100000,17,135,0,5455,7243,701,670,302,350,140728.32000000007,43,False,False
214,8,-1137.0999383450326,2522.955697790094,1.0,CLIENT,7,2,100000,10,55,0,3764,4693,851,396,286,510,57333.76000000003,30,False,False
214,9,176.28635327434395,1910.8070177900531,1.0,CLIENT,7,2,100000,16,43,0,4391,5282,863,325,298,500,44824.57600000002,36,False,False
214,10,-1588.7546670655145,1565.2697377900042,1.0,CLIENT,7,2,100000,12,69,0,5413,6999,755,816,292,425,71927.80800000003,43,False,False
214,11,382.03753426960816,567.0632977901832,1.0,CLIENT,7,2,100000,14,22,0,5649,7915,827,727,315,479,22933.504000000008,47,False,False
214,12,-383.39170526836085,1777.2230177903646,1.0,CLIENT,7,2,100000,15,27,0,5679,7253,897,547,303,558,28145.66400000001,41,False,False
214,13,-2329.474757847022,-141.93378220975035,1.0,CLIENT,7,2,100000,18,266,0,2527,3400,637,155,269,316,277286.9119999997,23,False,False
214,14,57.09638891778842,1885.0920977901171,1.0,CLIENT,7,2,100000,14,168,0,4557,5605,747,346,291,386,175128.5760000001,37,False,False
214,15,909.5620210325883,185.56965779074403,1.0,CLIENT,7,2,100000,9,58,0,5155,6930,861,428,307,481,60461.05600000003,47,False,False
214,16,646.789727521201,-367.02282220937605,1.0,CLIENT,7,2,100000,15,75,0,7218,9311,774,594,314,399,78182.40000000004,51,False,False
214,17,-1367.6394640867265,-298.3383822095638,1.0,CLIENT,7,2,100000,12,34,0,5371,6860,849,693,312,487,35442.68800000002,35,False,False
214,18,2195.229716289648,-1767.0944622094075,1.0,CLIENT,7,2,100000,15,65,0,3823,4730,780,558,295,439,67758.08000000003,31,False,False
214,19,-579.7977594906872,-195.36738220930943,1.0,CLIENT,7,2,100000,13,34,0,7070,8808,840,797,322,481,35442.68800000002,46,False,False
214,20,1551.9206927235587,-895.0135822099134,1.0,CLIENT,7,2,100000,9,31,0,5916,7107,914,592,303,560,32315.392000000014,42,False,False
214,21,1633.6509539961432,-1028.597582209602,1.0,CLIENT,7,2,100000,15,53,0,5731,6834,929,552,305,556,55248.89600000003,39,False,False
214,22,-1894.926362880927,592.1102977902237,1.0,CLIENT,7,2,100000,9,21,0,4743,5910,874,581,314,518,21891.072000000007,35,False,False
214,23,-1471.386210470353,2124.6527377903813,1.0,CLIENT,7,2,100000,13,32,0,4332,5690,929,551,286,581,33357.824000000015,36,False,False
214,24,-1536.0101379885507,286.09161779006286,1.0,CLIENT,7,2,100000,9,31,0,5414,6982,809,924,316,451,32315.392000000014,40,False,False
214,25,1935.942046321113,-2454.7181022095174,1.0,CLIENT,7,2,100000,12,103,0,2667,3561,789,350,264,439,107370.49600000006,26,False,False
214,26,-682.6733499880379,-19.593102209359188,1.0,CLIENT,7,2,100000,12,122,0,6847,8729,712,763,316,336,127176.70400000007,52,False,False
214,27,447.6910096523302,-2117.5298222097454,1.0,CLIENT,7,2,100000,13,278,0,2962,4205,634,96,268,325,289796.0959999994,33,False,False
214,28,-265.07289679751835,2618.2456177899667,1.0,CLIENT,7,2,100000,17,79,0,3432,4191,796,152,276,453,82352.12800000004,25,False,False
214,29,2030.0268819724906,-2719.882342209999,1.0,CLIENT,7,2,100000,12,50,0,1957,2595,898,136,261,591,52121.60000000003,23,False,False
214,30,-573.6996682906961,1832.7716977901205,1.0,CLIENT,7,2,100000,10,44,0,5832,7277,860,618,301,508,45867.00800000002,44,False,False
214,31,946.8633321366227,310.47069779020774,1.0,CLIENT,7,2,100000,15,87,0,4628,6451,858,347,294,447,90691.58400000005,44,False,False
214,32,995.4104737649579,-626.064462209496,1.0,CLIENT,7,2,100000,12,24,0,6529,8946,848,449,309,500,25018.36800000001,49,False,False
214,33,-1591.4473307126216,-667.1415422094043,1.0,CLIENT,7,2,100000,11,235,0,3286,5260,598,388,272,295,244971.52000000014,29,False,False
214,34,270.133600956942,-768.7767022098674,1.0,CLIENT,7,2,100000,11,42,0,7426,9237,778,824,327,410,43782.14400000002,50,False,False
214,35,-413.72376928725396,-1384.8215822095628,1.0,CLIENT,7,2,100000,9,124,0,4419,5837,777,346,305,415,129261.56800000007,29,False,False
214,36,-423.94005194646775,2529.1896177901745,1.0,CLIENT,7,2,100000,8,136,0,3803,4637,754,224,286,415,141770.75200000007,26,False,False
214,37,-985.7564022087522,417.33789779011687,1.0,CLIENT,7,2,100000,14,22,0,6039,8652,856,509,312,491,22933.504000000008,53,False,False
214,38,-2146.532021857982,1579.4073777906951,1.0,CLIENT,7,2,100000,14,43,0,3423,4735,840,313,282,524,44824.57600000002,31,False,False
214,39,-1589.3882349824478,829.889817790239,1.0,CLIENT,7,2,100000,16,37,0,5551,7238,827,682,316,473,38569.98400000002,39,False,False
214,40,634.1975651736279,-1024.1447822097707,1.0,CLIENT,7,2,100000,11,29,0,7183,9017,780,894,310,442,30230.528000000013,48,False,False
214,41,2181.924790035736,-2000.977782209768,1.0,CLIENT,7,2,100000,12,71,0,3495,4519,785,633,287,470,74012.67200000004,30,False,False
214,42,544.2309209820356,1365.450337790648,1.0,CLIENT,7,2,100000,18,150,0,4389,5593,729,472,293,373,156364.80000000008,34,False,False
214,43,2164.7392602913806,-1244.0017822099503,1.0,CLIENT,7,2,100000,16,43,0,4173,5041,940,279,287,580,44824.57600000002,31,False,False
214,44,-2256.297663451631,1915.5937777906233,1.0,CLIENT,7,2,100000,15,189,0,2517,3497,758,177,274,391,197019.6480000001,27,False,False
214,45,-446.2733210151325,985.403857790719,1.0,CLIENT,7,2,100000,17,145,0,7133,8971,671,770,297,317,151152.64000000007,54,False,False
214,46,1129.726872136257,-2008.7701822098686,1.0,CLIENT,7,2,100000,12,175,0,4692,6078,707,525,298,363,182425.6000000001,41,False,False
214,47,2247.5782654190207,-821.5423822095308,1.0,CLIENT,7,2,100000,15,64,0,3731,4404,874,108,267,509,66715.64800000003,30,False,False
214,48,155.61619998713687,1785.6833377903606,1.0,CLIENT,7,2,100000,11,43,0,4727,5802,883,369,309,515,44824.57600000002,37,False,False
214,49,2328.3581748164866,-776.5691022099679,1.0,CLIENT,7,2,100000,20,271,0,3484,4059,647,82,255,351,282499.0719999996,28,False,False
214,50,1722.7464423025854,-2110.9619422097176,1.0,CLIENT,7,2,100000,12,63,0,4048,5206,809,627,301,463,65673.21600000003,33,False,False
214,51,-676.8920427467948,1885.7600177900126,1.0,CLIENT,7,2,100000,11,40,0,5792,7272,829,694,295,478,41697.28000000002,44,False,False
214,52,-608.7042956963395,-782.2464222098716,1.0,CLIENT,7,2,100000,8,36,0,5553,7004,872,513,313,497,37527.55200000002,44,False,False
214,53,2538.3067432609414,-3030.353822209991,1.0,CLIENT,7,2,100000,11,106,0,1155,1468,685,12,249,344,110497.79200000006,14,False,False
214,54,1471.1407833255303,-931.749182209709,1.0,CLIENT,7,2,100000,10,29,0,6178,7380,855,691,300,513,30230.528000000013,42,False,False
214,55,605.6078129261608,-1746.3889422094794,1.0,CLIENT,7,2,100000,10,25,0,4973,6791,954,333,297,586,26060.80000000001,40,False,False
214,56,1751.177802571241,-1420.2213422095674,1.0,CLIENT,7,2,100000,10,38,0,5400,6389,858,677,304,501,39612.41600000002,39,False,False
214,57,-1252.8844751487045,670.7022177903332,1.0,CLIENT,7,2,100000,10,100,0,6193,8056,710,675,306,338,104243.20000000006,49,False,False
214,58,-293.4250610767685,-1137.9138222096558,1.0,CLIENT,7,2,100000,11,23,0,5364,6700,927,423,318,571,23975.93600000001,41,False,False
214,59,812.9429137134771,-1612.6936222092809,1.0,CLIENT,7,2,100000,10,22,0,6090,7699,930,541,304,571,22933.504000000008,43,False,False
214,60,-952.8108705327202,-868.074142209905,1.0,CLIENT,7,2,100000,13,190,0,4279,5938,748,256,286,388,198062.0800000001,37,False,False
214,61,-2210.2847934904667,258.92953779061656,1.0,CLIENT,7,2,100000,14,47,0,3585,4516,940,307,299,578,48994.304000000026,27,False,False
214,62,-380.69904162181615,-306.24210220938323,1.0,CLIENT,7,2,100000,9,15,0,7043,9153,843,716,322,491,15636.480000000005,47,False,False
214,63,279.7955116886281,-1479.7775422094878,1.0,CLIENT,7,2,100000,14,34,0,5145,6857,951,397,303,597,35442.68800000002,40,False,False
214,64,-2640.477409027996,123.23045779073112,1.0,CLIENT,7,2,100000,10,129,0,2120,3005,686,85,286,357,134473.72800000006,20,False,False
214,65,-142.0023289505198,-1032.9390622097144,1.0,CLIENT,7,2,100000,14,27,0,5819,7084,911,494,317,542,28145.66400000001,43,False,False
214,66,-1894.055206995214,2555.6837777905157,1.0,CLIENT,7,2,100000,16,229,0,2196,3208,700,78,259,361,238716.92800000013,24,False,False
214,67,2447.9441191211954,-2581.400262210021,1.0,CLIENT,7,2,100000,15,82,0,1883,2487,793,121,251,415,85479.42400000004,20,False,False
214,68,2316.5579723652204,-1427.5684622100011,1.0,CLIENT,7,2,100000,10,83,0,3768,4661,845,266,289,484,86521.85600000004,29,False,False
214,69,83.6270454356442,1477.772217790232,1.0,CLIENT,7,2,100000,11,36,0,5553,7045,952,481,321,579,37527.55200000002,40,False,False
214,70,1259.7666870683972,788.367457790664,1.0,CLIENT,7,2,100000,15,287,0,2650,4021,574,93,264,297,299177.9839999991,29,False,False
214,71,-142.23991691929945,12.244417790147395,1.0,CLIENT,7,2,100000,8,37,0,7386,9639,804,702,333,424,38569.98400000002,55,False,False
214,72,360.6546170760621,454.9640577900371,1.0,CLIENT,7,2,100000,9,57,0,5970,8097,776,770,304,402,59418.62400000003,51,False,False
214,73,515.7203647239741,871.0782177906572,1.0,CLIENT,7,2,100000,16,81,0,4631,6538,845,507,305,468,84436.99200000004,41,False,False
214,74,1485.0000815069702,-879.5401022094313,1.0,CLIENT,7,2,100000,11,27,0,6077,7292,870,663,300,534,28145.66400000001,41,False,False
214,75,104.53478669163097,-1758.9681022093591,1.0,CLIENT,7,2,100000,13,97,0,4057,5155,867,233,295,481,101115.90400000005,34,False,False
214,76,1693.0479462006253,-576.4157422098729,1.0,CLIENT,7,2,100000,14,45,0,4974,6220,919,352,302,568,46909.440000000024,38,False,False
214,77,552.2297159317013,-509.62374221002847,1.0,CLIENT,7,2,100000,13,41,0,7736,9493,751,699,312,393,42739.71200000002,51,False,False
214,78,-89.09940789418224,2159.718537790438,1.0,CLIENT,7,2,100000,14,42,0,4176,5216,928,215,299,563,43782.14400000002,33,False,False
214,79,-446.19412502572686,2463.622137790402,1.0,CLIENT,7,2,100000,15,35,0,3975,4875,876,262,285,538,36485.12000000002,28,False,False
214,80,1420.3761539887726,-436.82046220954163,1.0,CLIENT,7,2,100000,9,36,0,5337,6944,776,626,312,434,37527.55200000002,43,False,False
214,81,2414.2066275494185,-3177.407542209684,1.0,CLIENT,7,2,100000,18,107,0,1023,1343,654,5,242,333,111540.22400000006,13,False,False
214,82,307.4349120609765,1117.5406977901066,1.0,CLIENT,7,2,100000,11,27,0,5276,6893,829,667,308,481,28145.66400000001,41,False,False
214,83,-2123.010812944856,1238.3228977904776,1.0,CLIENT,7,2,100000,15,133,0,4040,5217,754,361,299,397,138643.45600000006,32,False,False
214,84,-1573.5490370613647,2188.6617377901334,1.0,CLIENT,7,2,100000,11,27,0,3878,5139,952,424,284,600,28145.66400000001,36,False,False
214,85,923.5797111928393,-1377.585782209639,1.0,CLIENT,7,2,100000,11,60,0,6827,8220,729,874,301,378,62545.920000000035,44,False,False
214,86,-929.6064455783425,962.3606177903653,1.0,CLIENT,7,2,100000,13,39,0,6627,9413,792,541,321,424,40654.84800000002,56,False,False
214,87,-65.4990029916508,-1286.5260222093686,1.0,CLIENT,7,2,100000,15,53,0,5321,6441,831,530,297,479,55248.89600000003,42,False,False
214,88,392.88738484575526,377.81929779022875,1.0,CLIENT,7,2,100000,9,30,0,6139,7986,794,790,303,455,31272.960000000014,53,False,False
214,89,-2042.8644714643237,672.9286177902488,1.0,CLIENT,7,2,100000,10,31,0,4528,5549,857,530,315,488,32315.392000000014,33,False,False
214,90,-1526.1898352774908,1813.7359777907225,1.0,CLIENT,7,2,100000,15,33,0,5079,6769,830,777,295,515,34400.256000000016,37,False,False
214,91,-1127.4380276133465,727.3640977904424,1.0,CLIENT,7,2,100000,13,20,0,6422,8420,790,589,310,427,20848.640000000007,53,False,False
214,92,362.4761248368938,-1279.5128622096738,1.0,CLIENT,7,2,100000,10,43,0,6098,7967,853,629,307,492,44824.57600000002,43,False,False
214,93,-260.4003334113307,951.2286177899957,1.0,CLIENT,7,2,100000,15,22,0,6848,8636,804,729,312,445,22933.504000000008,51,False,False
214,94,-678.8719424870005,-952.1207422096893,1.0,CLIENT,7,2,100000,13,46,0,4943,6342,886,406,305,514,47951.872000000025,36,False,False
214,95,-2405.106927920178,1920.1578977901738,1.0,CLIENT,7,2,100000,12,53,0,2283,3194,837,139,282,499,55248.89600000003,23,False,False
214,96,-547.8817756791793,2513.6048177899734,1.0,CLIENT,7,2,100000,16,48,0,4005,4740,850,287,288,496,50036.736000000026,28,False,False
214,97,-210.7444479285028,307.68769779011535,1.0,CLIENT,7,2,100000,12,52,0,6940,9316,820,600,322,443,54206.46400000003,54,False,False
214,98,-2178.6855936377065,742.3922977904667,1.0,CLIENT,7,2,100000,14,144,0,4075,5166,724,474,301,361,150110.20800000007,29,False,False
214,99,-817.8609042450503,510.5127377905839,1.0,CLIENT,7,2,100000,14,73,0,6310,9064,819,354,308,438,76097.53600000004,54,False,False
214,100,-1406.0455996278488,2758.0643200003115,1.0,CLIENT,7,2,100000,12,177,0,3050,3848,720,292,272,378,184510.4640000001,24,False,False
214,101,1812.7962022920597,-2984.8899519996658,1.0,CLIENT,3,0.0,100000,15,163,0,1181,1579,642,43,247,273,169916.41600000008,16,False,False

215,0,2152.9390578401153,-1440.5929022095474,1.0,CLIENT,7,2,100000,13,186,0,3941,4920,749,209,286,398,193892.3520000001,31,False,False
215,1,-661.2904327944918,-770.3351822098875,1.0,CLIENT,7,2,100000,14,47,0,5111,6546,742,806,285,405,48994.304000000026,35,False,False
215,2,-1843.3697736478616,726.9188177899846,1.0,CLIENT,7,2,100000,11,97,0,4473,6097,824,450,297,460,101115.90400000005,39,False,False
215,3,-911.1537800001205,100.52117779032528,1.0,CLIENT,7,2,100000,12,35,0,6190,7470,823,830,318,462,36485.12000000002,45,False,False
215,4,2097.7394530853867,-1207.8227822095403,1.0,CLIENT,7,2,100000,16,68,0,4456,5294,853,279,296,511,70885.37600000003,28,False,False
215,5,-75.24010971330519,55.770537790200194,1.0,CLIENT,7,2,100000,9,30,0,6091,9123,828,396,316,446,31272.960000000014,56,False,False
215,6,1187.4607485587192,-1212.3869022098816,1.0,CLIENT,7,2,100000,12,33,0,6061,7098,919,562,320,578,34400.256000000016,35,False,False
215,7,1589.8555717445265,-1825.5374622097656,1.0,CLIENT,7,2,100000,18,54,0,4870,5877,851,470,300,521,56291.32800000003,32,False,False
215,8,1538.219786521493,-1523.7489422099984,1.0,CLIENT,7,2,100000,10,29,0,5426,5989,959,375,314,591,30230.528000000013,35,False,False
215,9,1727.8941816268948,-767.3295422095663,1.0,CLIENT,7,2,100000,14,33,0,5487,6232,833,629,317,482,34400.256000000016,34,False,False
215,10,2755.8581267074715,-2475.0896622094974,1.0,CLIENT,7,2,100000,12,52,0,1172,1841,807,206,267,498,54206.46400000003,17,False,False
215,11,-314.0160183740072,-716.011022209413,1.0,CLIENT,7,2,100000,13,39,0,5838,7556,763,771,305,425,40654.84800000002,41,False,False
215,12,593.6492184955212,-932.8623822092715,1.0,CLIENT,7,2,100000,15,61,0,7159,8173,780,820,314,418,63588.352000000035,42,False,False
215,13,-632.146308619497,2588.523177790657,1.0,CLIENT,7,2,100000,17,174,0,3659,5506,699,208,265,356,181383.1680000001,35,False,False
215,14,-121.80735160143473,1656.3294977902747,1.0,CLIENT,7,2,100000,14,57,0,5150,7014,848,420,316,467,59418.62400000003,46,False,False
215,15,2909.419150552737,-2575.7229422093264,1.0,CLIENT,7,2,100000,9,104,0,852,1280,699,83,270,363,108412.92800000006,16,False,False
215,16,2606.098510363806,-2009.883382209431,1.0,CLIENT,7,2,100000,17,238,0,1928,2861,576,278,265,271,248098.81600000014,22,False,False
215,17,-408.5760299629443,1170.3063777905609,1.0,CLIENT,7,2,100000,12,61,0,6486,8983,813,592,329,406,63588.352000000035,55,False,False
215,18,-1595.803110140624,1607.6826577904947,1.0,CLIENT,7,2,100000,14,28,0,6341,7811,714,1046,285,414,29188.096000000012,43,False,False
215,19,998.2615293908766,856.3839777905807,1.0,CLIENT,7,2,100000,14,53,0,4286,5950,763,526,301,411,55248.89600000003,40,False,False
215,20,-909.4114682286945,-1091.9386622094585,1.0,CLIENT,7,2,100000,11,236,0,2852,4547,542,458,252,245,246013.95200000014,29,False,False
215,21,-850.4104559729286,761.7619777906034,1.0,CLIENT,7,2,100000,16,30,0,6415,8931,860,453,301,492,31272.960000000014,58,False,False
215,22,1321.3019709918965,-1687.7233022096834,1.0,CLIENT,7,2,100000,10,120,0,5474,6074,781,439,304,426,125091.84000000007,35,False,False
215,23,1315.1246838024997,144.3812577903259,1.0,CLIENT,7,2,100000,14,137,0,5423,7246,747,453,267,378,142813.18400000007,45,False,False
215,24,445.7903059020929,872.8593377901152,1.0,CLIENT,7,2,100000,9,30,0,6434,7472,903,602,312,516,31272.960000000014,41,False,False
215,25,1543.9218977733303,-1260.4771422094848,1.0,CLIENT,7,2,100000,12,24,0,5515,6267,998,348,328,618,25018.36800000001,34,False,False
215,26,-218.90163485754246,-480.9031822097711,1.0,CLIENT,7,2,100000,12,110,0,6092,8042,761,686,309,391,114667.52000000006,43,False,False
215,27,279.2411397616631,-273.4027022100332,1.0,CLIENT,7,2,100000,11,25,0,6698,8934,773,617,306,406,26060.80000000001,57,False,False
215,28,-1655.0417103657321,2457.7221777902696,1.0,CLIENT,7,2,100000,17,40,0,4653,5354,972,336,299,615,41697.28000000002,32,False,False
215,29,-1469.0895267719623,-634.0795022098255,1.0,CLIENT,7,2,100000,12,54,0,2858,3959,844,119,276,487,56291.32800000003,28,False,False
215,30,1989.1617513361982,-1099.0631422096633,1.0,CLIENT,7,2,100000,10,47,0,4887,5644,898,428,314,546,48994.304000000026,33,False,False
215,31,-1097.4227475526386,2381.022697790128,1.0,CLIENT,7,2,100000,15,45,0,4963,6321,985,254,284,646,46909.440000000024,37,False,False
215,32,-613.2184671042786,1819.413297790626,1.0,CLIENT,7,2,100000,11,51,0,6374,8289,731,756,317,383,53164.03200000003,51,False,False
215,33,512.8693090980555,80.92885779075061,1.0,CLIENT,7,2,100000,11,39,0,6708,9315,728,680,297,384,40654.84800000002,54,False,False
215,34,2165.1352402395346,-3347.5045022097306,1.0,CLIENT,7,2,100000,14,96,0,698,882,630,14,258,308,100073.47200000005,12,False,False
215,35,956.5252428683087,1014.9036577905908,1.0,CLIENT,7,2,100000,9,31,0,3921,5778,804,334,292,469,32315.392000000014,34,False,False
215,36,319.07672253286825,1522.411537790638,1.0,CLIENT,7,2,100000,8,26,0,4645,5806,906,212,308,514,27103.23200000001,36,False,False
215,37,-1441.5293223890192,54.76865779035677,1.0,CLIENT,7,2,100000,14,54,0,4722,6188,801,724,307,441,56291.32800000003,33,False,False
215,38,-1451.428821089485,-532.2217022099244,1.0,CLIENT,7,2,100000,14,60,0,3156,4426,882,175,274,524,62545.920000000035,28,False,False
215,39,27.79387276398231,-1560.8185022097418,1.0,CLIENT,7,2,100000,18,287,0,3708,5091,622,236,261,329,299177.9839999991,34,False,False
215,40,640.9292242899896,1324.039297790001,1.0,CLIENT,7,2,100000,13,27,0,4389,5740,914,157,297,545,28145.66400000001,32,False,False
215,41,-1110.886065785362,2630.6021377904085,1.0,CLIENT,7,2,100000,12,36,0,4256,5153,974,121,280,629,37527.55200000002,34,False,False
215,42,-1297.7886012548136,101.1890977902209,1.0,CLIENT,7,2,100000,17,29,0,5169,6707,801,781,308,465,30230.528000000013,35,False,False
215,43,1414.6740427369352,-779.2407822095504,1.0,CLIENT,7,2,100000,15,24,0,6322,7251,826,827,321,488,25018.36800000001,38,False,False
215,44,307.5141080509449,1526.8643377904696,1.0,CLIENT,7,2,100000,14,42,0,4673,5885,891,220,294,519,43782.14400000002,37,False,False
215,45,-386.0843689149055,406.8738177904339,1.0,CLIENT,7,2,100000,17,74,0,6476,9040,773,481,309,407,77139.96800000004,53,False,False
215,46,-2317.912143364536,2009.659177790424,1.0,CLIENT,7,2,100000,12,130,0,3983,5020,800,232,289,438,135516.16000000006,28,False,False
215,47,1943.3864693438136,150.16989779073953,1.0,CLIENT,7,2,100000,16,266,0,2236,4107,509,102,235,251,277286.9119999997,32,False,False
215,48,-2036.7663802648954,2188.995697790081,1.0,CLIENT,7,2,100000,11,43,0,4570,5357,837,455,303,499,44824.57600000002,31,False,False
215,49,-1821.2740925479766,2418.0922577906626,1.0,CLIENT,7,2,100000,17,81,0,4640,5262,912,384,298,555,84436.99200000004,32,False,False
215,50,-728.7654159386082,2221.3898177905553,1.0,CLIENT,7,2,100000,12,52,0,5738,7174,847,527,299,499,54206.46400000003,40,False,False
215,51,-1999.9402450978575,1317.1374577900249,1.0,CLIENT,7,2,100000,11,30,0,4526,6115,953,457,283,621,31272.960000000014,40,False,False
215,52,811.4381899108308,1283.8527777902173,1.0,CLIENT,7,2,100000,8,79,0,3962,5383,826,149,291,448,82352.12800000004,31,False,False
215,53,1105.8888792649461,-1000.7675822094691,1.0,CLIENT,7,2,100000,10,19,0,6839,7789,888,814,323,545,19806.208000000006,37,False,False
215,54,1048.9469627382289,965.9228577900723,1.0,CLIENT,7,2,100000,10,135,0,3788,5440,670,405,281,340,140728.32000000007,34,False,False
215,55,-1040.2432430571419,68.23837779036097,1.0,CLIENT,7,2,100000,10,50,0,5941,7184,780,859,304,415,52121.60000000003,38,False,False
215,56,1218.9015564321048,-307.91190220991325,1.0,CLIENT,7,2,100000,10,105,0,6490,8260,759,594,298,403,109455.36000000006,43,False,False
215,57,1000.4790170998621,-890.449462209572,1.0,CLIENT,7,2,100000,10,29,0,7187,8184,809,938,320,473,30230.528000000013,41,False,False
215,58,-2605.4727816223526,1550.018897790542,1.0,CLIENT,7,2,100000,12,247,0,3142,3843,699,143,264,363,257480.70400000014,26,False,False
215,59,-1797.7528836348508,-666.2509822092798,1.0,CLIENT,7,2,100000,12,224,0,2307,3083,596,74,260,275,233504.76800000013,20,False,False
215,60,954.5453431286658,-1034.7201822099635,1.0,CLIENT,7,2,100000,13,17,0,6965,7968,859,841,312,534,17721.344000000005,38,False,False
215,61,-288.9900856587978,1774.77397779022,1.0,CLIENT,7,2,100000,14,78,0,5286,7353,812,429,318,428,81309.69600000004,49,False,False
215,62,-1661.1398015651607,1146.7065377900306,1.0,CLIENT,7,2,100000,9,62,0,5748,7723,786,784,297,451,64630.784000000036,45,False,False
215,63,2469.168644335368,-3263.680542209384,1.0,CLIENT,7,2,100000,17,76,0,825,942,718,53,255,386,79224.83200000004,11,False,False
215,64,560.9412747888314,-980.8413022099467,1.0,CLIENT,7,2,100000,9,28,0,7055,8173,842,745,316,483,29188.096000000012,42,False,False
215,65,-488.5639794646653,1202.7004977902443,1.0,CLIENT,7,2,100000,14,43,0,6514,9148,826,565,324,439,44824.57600000002,55,False,False
215,66,-1452.6959569233518,2537.983897790118,1.0,CLIENT,7,2,100000,16,34,0,4456,5327,956,239,283,616,35442.68800000002,31,False,False
215,67,61.214580377011075,32.39333779068971,1.0,CLIENT,7,2,100000,12,22,0,6241,9390,811,449,306,443,22933.504000000008,57,False,False
215,68,-426.15753965545304,178.77913779048697,1.0,CLIENT,7,2,100000,10,79,0,6065,8157,766,482,307,382,82352.12800000004,55,False,False
215,69,273.61822449923136,-278.6347422094792,1.0,CLIENT,7,2,100000,11,23,0,6706,8877,781,602,303,432,23975.93600000001,57,False,False
215,70,2384.0329555093367,-2951.7619022098816,1.0,CLIENT,7,2,100000,14,46,0,1005,1378,832,89,262,507,47951.872000000025,16,False,False
215,71,-293.34586508680013,610.589417790236,1.0,CLIENT,7,2,100000,8,35,0,7468,9429,791,757,320,425,36485.12000000002,53,False,False
215,72,-1255.8147267640288,2145.4695777900283,1.0,CLIENT,7,2,100000,9,24,0,5866,6932,996,526,300,642,25018.36800000001,39,False,False
215,73,1002.2213288707253,-965.4791422099745,1.0,CLIENT,7,2,100000,16,19,0,7067,8035,837,907,312,506,19806.208000000006,37,False,False
215,74,-1368.5106199724396,1198.6929777900796,1.0,CLIENT,7,2,100000,11,23,0,6734,8911,817,825,316,478,23975.93600000001,50,False,False
215,75,2613.3845414071325,-2833.762702209603,1.0,CLIENT,7,2,100000,16,71,0,978,1317,786,114,259,455,74012.67200000004,16,False,False
215,76,-1906.488977363413,658.1230577904535,1.0,CLIENT,7,2,100000,14,35,0,4352,5752,889,456,301,528,36485.12000000002,34,False,False
215,77,1543.6843098045508,-1600.8937022098066,1.0,CLIENT,7,2,100000,13,53,0,5345,5975,913,386,307,552,55248.89600000003,36,False,False
215,78,818.9618089234998,-859.1685422094511,1.0,CLIENT,7,2,100000,13,16,0,7358,8366,774,961,314,437,16678.912000000004,43,False,False
215,79,-2424.905925321672,662.2418977903371,1.0,CLIENT,7,2,100000,17,212,0,2597,4114,614,167,251,273,220995.58400000012,25,False,False
215,80,-1806.7812264501663,1986.2819777901225,1.0,CLIENT,7,2,100000,9,22,0,5278,6342,875,642,309,543,22933.504000000008,33,False,False
215,81,-1014.2669584668137,2733.7957777901006,1.0,CLIENT,7,2,100000,16,45,0,3884,4762,925,100,276,576,46909.440000000024,31,False,False
215,82,366.9902962442701,-103.8623422093724,1.0,CLIENT,7,2,100000,11,113,0,6650,9175,676,556,299,318,117794.81600000006,58,False,False
215,83,-1483.1072169316506,2597.4287777903196,1.0,CLIENT,7,2,100000,15,41,0,4319,5105,945,228,281,597,42739.71200000002,30,False,False
215,84,-1571.8067252899389,2946.194337790128,1.0,CLIENT,7,2,100000,11,60,0,3562,4130,862,121,273,530,62545.920000000035,25,False,False
215,85,355.11089780359873,1625.7164977900493,1.0,CLIENT,7,2,100000,13,191,0,4429,5368,739,194,295,388,199104.5120000001,35,False,False
215,86,-2032.0146208881768,1391.6105377902509,1.0,CLIENT,7,2,100000,13,61,0,4397,5950,912,416,275,568,63588.352000000035,38,False,False
215,87,515.8787567027854,1579.8526577903617,1.0,CLIENT,7,2,100000,15,53,0,4196,5072,854,143,290,468,55248.89600000003,32,False,False
215,88,542.8845891587633,-1564.1581022100108,1.0,CLIENT,7,2,100000,10,149,0,4855,6547,792,189,304,428,155322.36800000007,34,False,False
215,89,-1668.9010085466093,69.12893779048545,1.0,CLIENT,7,2,100000,11,82,0,3987,5390,768,515,307,405,85479.42400000004,30,False,False
215,90,1671.2690490589255,-985.405422209497,1.0,CLIENT,7,2,100000,15,34,0,5552,6334,946,531,323,567,35442.68800000002,32,False,False
215,91,-1371.2032836189842,2916.917177790485,1.0,CLIENT,7,2,100000,13,166,0,3523,4209,777,73,266,426,173043.7120000001,26,False,False
215,92,1577.4218013763275,-742.1712222098068,1.0,CLIENT,7,2,100000,10,61,0,5854,6809,802,706,311,448,63588.352000000035,38,False,False
215,93,-1613.147031864353,1672.69353779009,1.0,CLIENT,7,2,100000,14,26,0,6258,7579,759,1017,292,444,27103.23200000001,42,False,False
215,94,-1026.304748886859,796.1598577899736,1.0,CLIENT,7,2,100000,13,176,0,6196,8399,692,465,288,338,183468.0320000001,59,False,False
215,95,2505.361211585472,-3328.9140622099994,1.0,CLIENT,7,2,100000,15,77,0,781,915,684,46,257,359,80267.26400000004,9,False,False
215,96,111.02885783921299,1406.5274177905562,1.0,CLIENT,7,2,100000,16,22,0,5355,6887,943,372,316,580,22933.504000000008,40,False,False
215,97,175.89037332619029,-1449.3871822094914,1.0,CLIENT,7,2,100000,13,23,0,4576,6193,893,345,287,559,23975.93600000001,35,False,False
215,98,-1896.827066631727,2028.0269777907174,1.0,CLIENT,7,2,100000,13,27,0,5032,5943,876,574,303,544,28145.66400000001,33,False,False
215,99,778.5718542247669,820.0936577904517,1.0,CLIENT,7,2,100000,14,43,0,5387,6822,788,611,299,454,44824.57600000002,43,False,False
215,100,-1406.0455996278488,2758.0643200003115,1.0,CLIENT,7,2,100000,12,40,0,3972,4618,939,127,274,598,41697.28000000002,28,False,False
215,101,1812.7962022920597,-2984.8899519996658,1.0,CLIENT,3,0.0,100000,15,196,0,663,1155,492,21,256,192,204316.6720000001,13,False,False

216,0,1380.2237872582566,-2270.7061422098,1.0,CLIENT,7,2,100000,13,48,0,3398,4208,943,386,312,604,50036.736000000026,27,False,False
216,1,139.6186100866801,1990.7347777907448,1.0,CLIENT,7,2,100000,15,66,0,3892,5243,818,293,298,451,68800.51200000003,34,False,False
216,2,1613.7727606052433,-2425.552262209593,1.0,CLIENT,7,2,100000,11,68,0,3070,3696,895,418,292,551,70885.37600000003,24,False,False
216,3,-1713.8051346532811,875.6423377902075,1.0,CLIENT,7,2,100000,12,47,0,5776,7820,827,597,301,462,48994.304000000026,44,False,False
216,4,2093.858849594381,-2166.621942209983,1.0,CLIENT,7,2,100000,16,140,0,2828,3587,756,385,272,436,145940.48000000007,26,False,False
216,5,375.8602470802115,1255.8001377906464,1.0,CLIENT,7,2,100000,9,18,0,6261,7712,910,518,330,518,18763.776000000005,42,False,False
216,6,-2227.9454991723806,92.50613778999593,1.0,CLIENT,7,2,100000,13,26,0,4218,5095,929,366,300,610,27103.23200000001,31,False,False
216,7,-1950.6803395631832,3042.708777790073,1.0,CLIENT,7,2,100000,20,243,0,1527,2102,581,56,252,260,253310.97600000014,14,False,False
216,8,-1114.9250612557419,1727.4629777902314,1.0,CLIENT,7,2,100000,9,17,0,5225,7193,833,784,307,505,17721.344000000005,42,False,False
216,9,-1941.256016800277,-38.740142209267105,1.0,CLIENT,7,2,100000,14,63,0,4774,5995,871,514,294,536,65673.21600000003,32,False,False
216,10,-1608.395272488197,-810.6330222093902,1.0,CLIENT,7,2,100000,12,247,0,3840,4731,623,348,279,286,257480.70400000014,27,False,False
216,11,-1585.270043523225,2837.8799777907084,1.0,CLIENT,7,2,100000,14,41,0,2494,3018,871,279,281,546,42739.71200000002,20,False,False
216,12,147.85499300568816,2024.6873777904484,1.0,CLIENT,7,2,100000,15,241,0,3724,5058,612,282,278,289,251226.11200000014,34,False,False
216,13,384.1758259886252,337.85541779067387,1.0,CLIENT,7,2,100000,15,47,0,7449,8856,801,740,305,428,48994.304000000026,51,False,False
216,14,-2247.2693206363156,2112.0735777905015,1.0,CLIENT,7,2,100000,14,55,0,2967,4038,819,326,280,492,57333.76000000003,25,False,False
216,15,1050.6892745096548,1023.5866177900249,1.0,CLIENT,7,2,100000,9,209,0,5027,6475,713,208,282,380,217868.28800000012,38,False,False
216,16,492.3575477902224,-831.3385422093182,1.0,CLIENT,7,2,100000,15,177,0,4969,7549,600,602,303,254,184510.4640000001,51,False,False
216,17,-808.9117574197032,-1123.664862209246,1.0,CLIENT,7,2,100000,14,258,0,3622,4719,576,452,266,265,268947.45599999995,31,False,False
216,18,-350.44617359289145,244.56925779048788,1.0,CLIENT,7,2,100000,15,39,0,7313,10405,833,432,317,459,40654.84800000002,56,False,False
216,19,253.66083511892597,165.19809778997285,1.0,CLIENT,7,2,100000,13,25,0,7334,9126,859,648,314,495,26060.80000000001,57,False,False
216,20,-1437.1735429604541,1427.678217790151,1.0,CLIENT,7,2,100000,9,77,0,5430,7415,720,798,293,371,80267.26400000004,48,False,False
216,21,-1991.1494902518843,195.36581779053137,1.0,CLIENT,7,2,100000,15,27,0,5080,5994,931,540,300,597,28145.66400000001,36,False,False
216,22,725.4313451996497,-2327.701982209857,1.0,CLIENT,7,2,100000,10,44,0,2831,3474,842,221,308,502,45867.00800000002,23,False,False
216,23,-459.8950312277926,-127.46218220990272,1.0,CLIENT,7,2,100000,13,72,0,6799,8589,754,704,319,381,75055.10400000004,56,False,False
216,24,1853.0238452040674,-1944.2045822099399,1.0,CLIENT,7,2,100000,9,27,0,3675,4665,916,544,305,586,28145.66400000001,28,False,False
216,25,-1281.8702073443253,-250.35946220967958,1.0,CLIENT,7,2,100000,11,53,0,6006,7608,822,707,316,459,55248.89600000003,41,False,False
216,26,1700.5715652132947,-402.3112622096616,1.0,CLIENT,7,2,100000,12,36,0,4489,5799,964,302,296,622,37527.55200000002,36,False,False
216,27,404.1332153694933,1328.2694577903944,1.0,CLIENT,7,2,100000,11,85,0,5959,7424,861,467,324,457,88606.72000000004,42,False,False
216,28,-1878.6119890222851,2477.871097790021,1.0,CLIENT,7,2,100000,17,66,0,2871,3851,978,223,281,603,68800.51200000003,23,False,False
216,29,-749.2771772464413,549.2520977900665,1.0,CLIENT,7,2,100000,12,109,0,7791,10458,743,524,318,362,113625.08800000006,59,False,False
216,30,-497.1171463424214,1212.4966577900316,1.0,CLIENT,7,2,100000,10,61,0,7125,9321,739,796,321,371,63588.352000000035,52,False,False
216,31,-880.4257360330738,1062.5486177905273,1.0,CLIENT,7,2,100000,15,61,0,6946,9648,777,468,311,403,63588.352000000035,57,False,False
216,32,-295.8801367545335,442.38489779015737,1.0,CLIENT,7,2,100000,12,24,0,7639,10710,828,480,322,445,25018.36800000001,56,False,False
216,33,1465.2010841054762,-819.761262209282,1.0,CLIENT,7,2,100000,11,55,0,5400,6985,810,732,304,462,57333.76000000003,41,False,False
216,34,209.46947291915578,1356.4334177904752,1.0,CLIENT,7,2,100000,11,28,0,6289,7945,910,543,328,536,29188.096000000012,40,False,False
216,35,-1211.8609525324755,-197.37114220978725,1.0,CLIENT,7,2,100000,9,20,0,6315,8031,842,730,322,479,20848.640000000007,41,False,False
216,36,-805.9023098144104,-1051.8634622093937,1.0,CLIENT,7,2,100000,8,31,0,3859,4989,842,452,307,491,32315.392000000014,33,False,False
216,37,-413.327789339663,-194.0315422095182,1.0,CLIENT,7,2,100000,14,23,0,6744,8358,778,701,319,431,23975.93600000001,56,False,False
216,38,1494.5827962492506,-682.9489822098342,1.0,CLIENT,7,2,100000,13,29,0,5257,6898,866,654,299,528,30230.528000000013,40,False,False
216,39,1879.0793257843638,-1094.276382209884,1.0,CLIENT,7,2,100000,17,48,0,3884,5392,879,354,298,557,50036.736000000026,36,False,False
216,40,-2451.911757777087,785.139177790114,1.0,CLIENT,7,2,100000,13,241,0,3342,4218,661,310,275,312,251226.11200000014,30,False,False
216,41,1387.4306223127405,-662.466102209344,1.0,CLIENT,7,2,100000,12,40,0,5617,7229,794,778,298,447,41697.28000000002,41,False,False
216,42,1800.5961000852892,-1846.7995822098703,1.0,CLIENT,7,2,100000,17,27,0,3890,4915,915,521,313,594,28145.66400000001,29,False,False
216,43,-1257.3194505661124,2194.005097790089,1.0,CLIENT,7,2,100000,15,71,0,4433,5362,884,673,301,525,74012.67200000004,33,False,False
216,44,-1442.4004782747322,1155.7234577902034,1.0,CLIENT,7,2,100000,14,47,0,6026,8326,765,693,308,415,48994.304000000026,50,False,False
216,45,-1647.042915415504,470.54885779023806,1.0,CLIENT,7,2,100000,17,49,0,6244,8039,770,831,282,451,51079.16800000003,42,False,False
216,46,825.8518600192356,1156.6140177903278,1.0,CLIENT,7,2,100000,12,32,0,5268,6760,902,334,312,518,33357.824000000015,38,False,False
216,47,-708.8080265577399,2484.3276577903302,1.0,CLIENT,7,2,100000,15,248,0,2996,4189,623,311,267,304,258523.13600000014,31,False,False
216,48,2038.9760287978377,-911.6002622099577,1.0,CLIENT,7,2,100000,11,62,0,3628,4727,913,212,298,550,64630.784000000036,34,False,False
216,49,1036.7507803388094,479.00917779023416,1.0,CLIENT,7,2,100000,15,31,0,6314,7962,900,505,310,550,32315.392000000014,41,False,False
216,50,963.3360979746387,925.6250177905696,1.0,CLIENT,7,2,100000,12,46,0,5526,6948,929,254,297,550,47951.872000000025,41,False,False
216,51,-464.6467906039486,1830.4339777904856,1.0,CLIENT,7,2,100000,11,69,0,5331,6766,894,504,307,507,71927.80800000003,43,False,False
216,52,399.7774359409282,1237.0983777904053,1.0,CLIENT,7,2,100000,8,53,0,6199,7646,864,531,322,467,55248.89600000003,41,False,False
216,53,-1704.5392038691862,1055.4241377903224,1.0,CLIENT,7,2,100000,11,19,0,5528,7560,845,586,310,502,19806.208000000006,45,False,False
216,54,514.2948369107335,-1643.9745422094018,1.0,CLIENT,7,2,100000,10,26,0,3006,4796,880,262,312,536,27103.23200000001,35,False,False
216,55,-1379.281274559181,-299.2289422096883,1.0,CLIENT,7,2,100000,10,24,0,5719,7183,861,678,312,517,25018.36800000001,38,False,False
216,56,1974.4312972690457,-2644.073422209982,1.0,CLIENT,7,2,100000,11,72,0,2494,2857,891,217,275,537,75055.10400000004,20,False,False
216,57,-91.71287555132126,816.6427377904637,1.0,CLIENT,7,2,100000,10,19,0,7947,10026,831,844,321,479,19806.208000000006,51,False,False
216,58,1794.8147928440462,107.97961779047796,1.0,CLIENT,7,2,100000,11,85,0,4363,5348,835,332,299,475,88606.72000000004,31,False,False
216,59,747.0518503619755,-1593.8805422093208,1.0,CLIENT,7,2,100000,10,67,0,3945,5325,885,469,313,515,69842.94400000003,37,False,False
216,60,487.84337638284603,192.69413779015792,1.0,CLIENT,7,2,100000,13,68,0,7382,9050,790,751,318,406,70885.37600000003,55,False,False
216,61,-406.59613022273857,613.7063777902762,1.0,CLIENT,7,2,100000,14,34,0,7801,10901,801,573,316,450,35442.68800000002,60,False,False
216,62,369.28697994322386,-1571.171262209706,1.0,CLIENT,7,2,100000,10,41,0,2897,4761,862,360,304,532,42739.71200000002,35,False,False
216,63,-1284.7212629696812,20.593417790424553,1.0,CLIENT,7,2,100000,13,21,0,7143,8714,780,929,307,460,21891.072000000007,40,False,False
216,64,-2246.556556729977,2302.2081377905806,1.0,CLIENT,7,2,100000,10,88,0,2346,3548,840,107,277,449,91734.01600000005,23,False,False
216,65,-846.7674404507026,1533.5435377902168,1.0,CLIENT,7,2,100000,14,29,0,6062,8016,823,739,319,480,30230.528000000013,52,False,False
216,66,-2542.1951859274277,-139.2621022093769,1.0,CLIENT,7,2,100000,17,262,0,2721,3816,595,236,267,277,273117.18399999983,20,False,False
216,67,826.5646239255746,-2275.4929022095794,1.0,CLIENT,7,2,100000,13,231,0,3032,3668,665,327,293,314,240801.79200000013,24,False,False
216,68,-2001.6825568692832,422.56993779035383,1.0,CLIENT,7,2,100000,10,32,0,5061,6178,962,444,299,595,33357.824000000015,38,False,False
216,69,70.79729511929145,-349.21162220925936,1.0,CLIENT,7,2,100000,11,120,0,6329,8952,741,569,327,360,125091.84000000007,52,False,False
216,70,119.18604476881538,-1734.700342209724,1.0,CLIENT,7,2,100000,13,265,0,2342,3312,600,347,271,285,276244.47999999975,29,False,False
216,71,-1054.8945011343262,1948.5444977904833,1.0,CLIENT,7,2,100000,8,41,0,4863,6456,813,762,301,481,42739.71200000002,38,False,False
216,72,623.8228905356029,-1667.1291022094742,1.0,CLIENT,7,2,100000,10,31,0,3325,4931,898,313,315,543,32315.392000000014,35,False,False
216,73,-150.3179078594962,708.996297790149,1.0,CLIENT,7,2,100000,16,68,0,7824,10365,767,726,312,411,70885.37600000003,54,False,False
216,74,909.1660410844346,-184.90330220962647,1.0,CLIENT,7,2,100000,11,56,0,5853,8351,766,738,321,408,58376.19200000003,49,False,False
216,75,1794.3396169059242,259.82009779074104,1.0,CLIENT,7,2,100000,13,60,0,4267,5372,827,356,296,462,62545.920000000035,30,False,False
216,76,-1792.446752331167,2757.395617790631,1.0,CLIENT,7,2,100000,14,33,0,2378,3009,919,239,280,592,34400.256000000016,20,False,False
216,77,-1400.1890158146052,-480.7918622092612,1.0,CLIENT,7,2,100000,13,33,0,4984,6164,869,524,316,527,34400.256000000016,35,False,False
216,78,937.7557933319017,332.6233777904369,1.0,CLIENT,7,2,100000,14,21,0,6982,8468,862,748,317,521,21891.072000000007,42,False,False
216,79,-1149.2169247544837,-682.5037022093763,1.0,CLIENT,7,2,100000,15,51,0,4300,5751,940,191,308,554,53164.03200000003,38,False,False
216,80,2162.5217725823954,-868.2967822093428,1.0,CLIENT,7,2,100000,9,86,0,3486,4279,854,186,291,487,89649.15200000005,31,False,False
216,81,1904.2636504789473,-1487.2359822096405,1.0,CLIENT,7,2,100000,15,164,0,4037,4940,717,505,301,373,170958.8480000001,34,False,False
216,82,-2082.937642204871,1091.3804977905036,1.0,CLIENT,7,2,100000,12,66,0,4200,5789,860,353,319,482,68800.51200000003,37,False,False
216,83,1840.7484668152422,-2561.919262209374,1.0,CLIENT,7,2,100000,15,71,0,2711,3139,880,360,273,538,74012.67200000004,23,False,False
216,84,-2260.178266942074,1862.7167777904501,1.0,CLIENT,7,2,100000,11,167,0,3422,4434,646,497,275,328,174086.1440000001,28,False,False
216,85,1420.3761539887726,-1946.097022209908,1.0,CLIENT,7,2,100000,11,30,0,4160,5054,932,571,312,605,31272.960000000014,29,False,False
216,86,-2239.666505634241,316.0366977903925,1.0,CLIENT,7,2,100000,13,55,0,4237,5304,947,247,297,585,57333.76000000003,31,False,False
216,87,1615.5150723766692,-1661.3404622098517,1.0,CLIENT,7,2,100000,15,46,0,4575,5381,826,694,312,505,47951.872000000025,32,False,False
216,88,639.5036964773117,1344.9674577901578,1.0,CLIENT,7,2,100000,10,40,0,5168,6565,912,322,321,501,41697.28000000002,38,False,False
216,89,2480.0184949115146,-3084.9006222099033,1.0,CLIENT,7,2,100000,12,230,0,911,1398,487,0,248,218,239759.36000000013,13,False,False
216,90,1194.7467796020458,244.45793778997796,1.0,CLIENT,7,2,100000,15,73,0,5797,7549,792,662,316,425,76097.53600000004,39,False,False
216,91,1851.8359053596064,-448.73170220952574,1.0,CLIENT,7,2,100000,13,28,0,3958,5299,973,221,295,607,29188.096000000012,36,False,False
216,92,-1392.269416854345,1113.6444977904516,1.0,CLIENT,7,2,100000,10,54,0,6301,8571,735,723,311,380,56291.32800000003,51,False,False
216,93,791.0848205823717,464.31493779015767,1.0,CLIENT,7,2,100000,15,28,0,6913,8574,913,550,311,554,29188.096000000012,45,False,False
216,94,1981.4005443547496,118.77765779010872,1.0,CLIENT,7,2,100000,13,76,0,3748,4771,820,213,285,458,79224.83200000004,27,False,False
216,95,-652.7372659172985,-753.971142209281,1.0,CLIENT,7,2,100000,11,32,0,4787,6565,859,560,313,487,33357.824000000015,37,False,False
216,96,-738.7441106290422,2171.4071377901932,1.0,CLIENT,7,2,100000,16,31,0,3940,5577,869,449,302,546,32315.392000000014,35,False,False
216,97,-890.0876467653226,37.18009779046895,1.0,CLIENT,7,2,100000,12,35,0,7470,9286,764,895,307,411,36485.12000000002,50,False,False
216,98,620.1006790239712,-171.2109422093934,1.0,CLIENT,7,2,100000,13,26,0,6346,8824,871,497,344,492,27103.23200000001,53,False,False
216,99,2065.6650772950675,-343.31166220991776,1.0,CLIENT,7,2,100000,14,210,0,3318,4360,776,113,278,410,218910.72000000012,30,False,False
216,100,-1406.0455996278488,2758.0643200003115,1.0,CLIENT,7,2,100000,12,122,0,2700,3386,817,268,285,454,127176.70400000007,24,False,False
216,101,1812.7962022920597,-2984.8899519996658,1.0,CLIENT,3,0.0,100000,15,117,0,1665,2243,695,64,251,318,121964.54400000007,13,False,False

217,0,1041.18575575678,-1761.4171422095037,1.0,CLIENT,7,2,100000,13,26,0,4622,5984,865,259,287,543,27103.23200000001,38,False,False
217,1,2726.9515905018193,-2360.430062209488,1.0,CLIENT,7,2,100000,17,153,0,1674,2510,647,69,239,298,159492.09600000008,19,False,False
217,2,821.9712565287925,-837.3498222099607,1.0,CLIENT,7,2,100000,10,44,0,7658,9329,762,848,309,418,45867.00800000002,48,False,False
217,3,-718.4699372899887,835.7897777903715,1.0,CLIENT,7,2,100000,12,127,0,6956,9413,700,580,296,334,132388.86400000006,59,False,False
217,4,-1979.270091811213,821.5408177907528,1.0,CLIENT,7,2,100000,15,28,0,4410,6009,848,622,301,529,29188.096000000012,39,False,False
217,5,-880.2673440542625,1343.2976577904187,1.0,CLIENT,7,2,100000,9,22,0,6640,8686,791,663,318,435,22933.504000000008,53,False,False
217,6,1969.2835579447358,-1201.032262209283,1.0,CLIENT,7,2,100000,13,51,0,5405,6450,909,464,289,547,53164.03200000003,36,False,False
217,7,-2330.1875217533607,1627.0523377906316,1.0,CLIENT,7,2,100000,18,82,0,2677,3952,783,44,271,467,85479.42400000004,30,False,False
217,8,1156.0199406853333,508.1750177901583,1.0,CLIENT,7,2,100000,10,40,0,5743,7356,993,207,301,590,41697.28000000002,39,False,False
217,9,-1943.3151125298882,1583.192257790631,1.0,CLIENT,7,2,100000,16,51,0,4224,5703,889,279,292,541,53164.03200000003,38,False,False
217,10,400.7277878166096,126.5700577902092,1.0,CLIENT,7,2,100000,12,18,0,7898,9679,830,780,328,480,18763.776000000005,49,False,False
217,11,-579.9561514694984,1642.8597777902703,1.0,CLIENT,7,2,100000,14,79,0,5652,7180,801,570,297,426,82352.12800000004,48,False,False
217,12,-1579.8847162301356,-190.35798220930133,1.0,CLIENT,7,2,100000,15,47,0,3622,4957,904,303,273,566,48994.304000000026,34,False,False
217,13,826.4062319467632,-1808.9507822097212,1.0,CLIENT,7,2,100000,17,53,0,4152,5529,799,270,280,459,55248.89600000003,38,False,False
217,14,-130.8356944161874,-215.51630220985174,1.0,CLIENT,7,2,100000,14,133,0,7267,9248,673,754,307,310,138643.45600000006,51,False,False
217,15,-2062.10909693829,1189.34209779075,1.0,CLIENT,7,2,100000,9,21,0,3753,5166,927,197,295,573,21891.072000000007,39,False,False
217,16,2406.44542056797,-973.1602222095651,1.0,CLIENT,7,2,100000,17,265,0,3323,4711,603,117,252,309,276244.47999999975,30,False,False
217,17,-1314.4197590722038,2593.0872977902072,1.0,CLIENT,7,2,100000,13,42,0,3459,4479,928,174,280,579,43782.14400000002,30,False,False
217,18,750.9324538524186,-318.82126220926295,1.0,CLIENT,7,2,100000,15,37,0,7624,9732,774,819,322,422,38569.98400000002,52,False,False
217,19,-618.999774344959,2622.1418177904125,1.0,CLIENT,7,2,100000,15,211,0,3602,4108,708,406,271,351,219953.15200000012,24,False,False
217,20,1865.6160075510777,-415.66966220994686,1.0,CLIENT,7,2,100000,10,33,0,5620,7078,808,489,308,452,34400.256000000016,42,False,False
217,21,826.6438199155427,-1759.9699822099935,1.0,CLIENT,7,2,100000,17,223,0,4327,5743,655,289,262,351,232462.33600000013,38,False,False
217,22,-289.3860656069515,855.9386977901229,1.0,CLIENT,7,2,100000,9,25,0,7094,9282,860,571,335,473,26060.80000000001,54,False,False
217,23,2355.918379199429,-2018.232382209708,1.0,CLIENT,7,2,100000,14,100,0,3263,4215,755,460,262,420,104243.20000000006,27,False,False
217,24,1155.782352715991,-179.89390220961837,1.0,CLIENT,7,2,100000,9,29,0,7572,9030,919,664,316,544,30230.528000000013,46,False,False
217,25,-194.1132901111127,493.8147377900296,1.0,CLIENT,7,2,100000,11,62,0,7369,9857,844,509,330,454,64630.784000000036,53,False,False
217,26,160.92233129082055,1204.592937790212,1.0,CLIENT,7,2,100000,12,66,0,6356,8092,744,679,320,370,68800.51200000003,45,False,False
217,27,-1224.9282908176078,2309.2212977902755,1.0,CLIENT,7,2,100000,12,31,0,4286,5435,935,402,285,591,32315.392000000014,36,False,False
217,28,-1644.4294477583646,-639.868142209448,1.0,CLIENT,7,2,100000,17,219,0,2703,3611,622,191,250,298,228292.60800000012,24,False,False
217,29,-2183.99172494139,1484.2287777905412,1.0,CLIENT,7,2,100000,12,31,0,3101,4620,867,69,280,538,32315.392000000014,35,False,False
217,30,-558.414842297141,1001.3226177900767,1.0,CLIENT,7,2,100000,10,34,0,6576,9089,844,479,324,463,35442.68800000002,57,False,False
217,31,-1461.9618877074467,255.81257779057637,1.0,CLIENT,7,2,100000,15,40,0,5448,7257,764,874,279,452,41697.28000000002,42,False,False
217,32,200.7579140625884,2040.2721777906493,1.0,CLIENT,7,2,100000,14,252,0,2948,5035,575,198,256,277,262692.8640000001,32,False,False
217,33,410.6272865170753,410.3247377904219,1.0,CLIENT,7,2,100000,11,29,0,7565,9284,836,668,322,464,30230.528000000013,50,False,False
217,34,-706.828126818097,2670.6773377904733,1.0,CLIENT,7,2,100000,12,30,0,3513,4048,890,377,279,534,31272.960000000014,26,False,False
217,35,-1236.9660812376535,1693.399057790018,1.0,CLIENT,7,2,100000,9,37,0,6549,8306,696,1089,299,373,38569.98400000002,41,False,False
217,36,1708.5703601635228,186.79417779002534,1.0,CLIENT,7,2,100000,8,28,0,5134,6713,895,319,297,536,29188.096000000012,36,False,False
217,37,1182.4714012132208,691.8530177907189,1.0,CLIENT,7,2,100000,14,28,0,4940,6768,957,127,296,578,29188.096000000012,38,False,False
217,38,1826.9683646237709,-744.0636622097747,1.0,CLIENT,7,2,100000,14,49,0,5566,7548,905,398,310,546,51079.16800000003,41,False,False
217,39,-1149.296120744452,495.59585779027856,1.0,CLIENT,7,2,100000,16,48,0,6381,8675,773,672,306,419,50036.736000000026,51,False,False
217,40,274.48938038494435,-956.128262209854,1.0,CLIENT,7,2,100000,12,174,0,6007,7636,656,621,270,335,181383.1680000001,48,False,False
217,41,-468.84417805313956,652.000457790092,1.0,CLIENT,7,2,100000,12,27,0,7210,9469,803,590,320,435,28145.66400000001,57,False,False
217,42,-1259.6161342650662,-341.08526221000204,1.0,CLIENT,7,2,100000,17,31,0,4037,5567,914,425,303,565,32315.392000000014,35,False,False
217,43,1398.7556488264468,-1431.3533422099367,1.0,CLIENT,7,2,100000,15,38,0,6047,6922,926,666,316,551,39612.41600000002,41,False,False
217,44,1603.5564779460296,-1994.2985822100209,1.0,CLIENT,7,2,100000,14,48,0,4469,5625,826,641,300,494,50036.736000000026,32,False,False
217,45,1028.9895733579235,997.6490577906509,1.0,CLIENT,7,2,100000,18,203,0,4690,6262,698,272,272,351,211613.6960000001,36,False,False
217,46,-47.917493299142045,1474.6552577901916,1.0,CLIENT,7,2,100000,12,77,0,5550,7358,817,553,321,432,80267.26400000004,44,False,False
217,47,1740.2487560056882,-1350.8689822098595,1.0,CLIENT,7,2,100000,14,35,0,5831,6668,833,734,288,508,36485.12000000002,37,False,False
217,48,-883.9895555653314,-395.63206220991447,1.0,CLIENT,7,2,100000,11,106,0,4854,6582,726,739,319,348,110497.79200000006,38,False,False
217,49,-1845.8248493256267,803.5069777904073,1.0,CLIENT,7,2,100000,15,65,0,5042,6723,799,718,302,474,67758.08000000003,39,False,False
217,50,709.8297352473467,99.51929779048186,1.0,CLIENT,7,2,100000,12,52,0,7634,9255,737,943,303,386,54206.46400000003,50,False,False
217,51,-2070.9790477742313,-382.2736622096292,1.0,CLIENT,7,2,100000,12,44,0,2704,3548,872,101,267,522,45867.00800000002,23,False,False
217,52,1650.1237198341594,-1518.1829422098135,1.0,CLIENT,7,2,100000,8,31,0,5727,6576,836,750,299,495,32315.392000000014,37,False,False
217,53,182.3844444737723,152.39629779065524,1.0,CLIENT,7,2,100000,10,22,0,8071,9748,828,761,310,479,22933.504000000008,52,False,False
217,54,-1043.0151026936549,1514.062537790361,1.0,CLIENT,7,2,100000,10,33,0,6886,8798,728,854,315,389,34400.256000000016,46,False,False
217,55,530.2924268111902,59.555417790136005,1.0,CLIENT,7,2,100000,10,20,0,7762,9658,809,822,321,455,20848.640000000007,50,False,False
217,56,-2015.7002470295345,-485.9125822097792,1.0,CLIENT,7,2,100000,11,46,0,2571,3395,846,73,267,510,47951.872000000025,22,False,False
217,57,1961.9975269014092,-2950.871342209757,1.0,CLIENT,7,2,100000,11,44,0,1732,2318,828,45,245,475,45867.00800000002,19,False,False
217,58,-391.2321082397779,-1365.340582209707,1.0,CLIENT,7,2,100000,12,255,0,1949,3952,544,165,252,263,265820.16000000003,31,False,False
217,59,-970.7883601733824,2772.757777790603,1.0,CLIENT,7,2,100000,11,53,0,3096,3815,891,124,279,537,55248.89600000003,24,False,False
217,60,1844.6290703056854,-1534.9922622092959,1.0,CLIENT,7,2,100000,13,31,0,5497,6175,844,763,302,496,32315.392000000014,35,False,False
217,61,862.6779951857106,46.30833779036067,1.0,CLIENT,7,2,100000,14,34,0,7447,8954,780,885,298,430,35442.68800000002,51,False,False
217,62,-786.5784883504757,1836.1112977903895,1.0,CLIENT,7,2,100000,9,19,0,5650,7236,857,684,295,509,19806.208000000006,43,False,False
217,63,2537.5939793546027,-2093.0394222098816,1.0,CLIENT,7,2,100000,14,59,0,2690,3512,772,367,267,462,61503.488000000034,26,False,False
217,64,-119.11468795489006,1971.587737790046,1.0,CLIENT,7,2,100000,10,37,0,4502,5874,918,279,295,550,38569.98400000002,35,False,False
217,65,-2358.5396860320484,1773.4381377904288,1.0,CLIENT,7,2,100000,16,215,0,2718,3841,633,108,264,309,224122.88000000012,29,False,False
217,66,2092.037341833549,-2002.0909822093304,1.0,CLIENT,7,2,100000,14,39,0,4027,5060,776,708,275,481,40654.84800000002,28,False,False
217,67,1712.6093556333399,-519.7538622097636,1.0,CLIENT,7,2,100000,12,136,0,6201,7761,671,599,293,321,141770.75200000007,44,False,False
217,68,-2292.3318387217987,1332.0543377903302,1.0,CLIENT,7,2,100000,10,33,0,2810,4044,846,39,286,517,34400.256000000016,33,False,False
217,69,-856.4293511829515,-105.86610220985023,1.0,CLIENT,7,2,100000,11,36,0,5654,7505,789,655,321,430,37527.55200000002,45,False,False
217,70,-2398.058484845631,-143.26962220954158,1.0,CLIENT,7,2,100000,15,242,0,2507,3284,605,235,248,301,252268.54400000014,22,False,False
217,71,-2244.3390690209912,1071.0089377905233,1.0,CLIENT,7,2,100000,9,26,0,3316,4397,916,213,292,571,27103.23200000001,35,False,False
217,72,693.8321453468899,-579.5327022099129,1.0,CLIENT,7,2,100000,9,9,0,7322,9828,842,708,315,497,9381.888,50,False,False
217,73,-1108.3517941181915,2245.880217790419,1.0,CLIENT,7,2,100000,17,48,0,4351,5731,909,416,282,578,50036.736000000026,36,False,False
217,74,-1999.4650691602983,1458.1798977906574,1.0,CLIENT,7,2,100000,13,49,0,3919,5470,895,174,293,538,51079.16800000003,37,False,False
217,75,-1338.3369479329206,-409.10178220991867,1.0,CLIENT,7,2,100000,13,38,0,3692,5095,893,380,294,552,39612.41600000002,31,False,False
217,76,1669.28914931872,394.40597779027314,1.0,CLIENT,7,2,100000,15,272,0,4613,6039,638,241,268,307,283541.50399999955,35,False,False
217,77,1192.9252718412142,-1971.5893022096152,1.0,CLIENT,7,2,100000,13,92,0,4054,5515,786,251,300,435,95903.74400000005,35,False,False
217,78,-317.73822988563893,-1034.8315022096824,1.0,CLIENT,7,2,100000,14,67,0,3371,5889,837,197,293,494,69842.94400000003,40,False,False
217,79,-1672.9400040164262,2909.458737790332,1.0,CLIENT,7,2,100000,17,246,0,2027,3028,578,66,254,265,256438.27200000014,23,False,False
217,80,-750.4651170903394,267.27853779010275,1.0,CLIENT,7,2,100000,9,68,0,6433,8790,852,436,319,455,70885.37600000003,52,False,False
217,81,1022.257914240999,-1191.2361022094958,1.0,CLIENT,7,2,100000,15,26,0,6496,8251,917,540,316,557,27103.23200000001,43,False,False
217,82,464.55975543849996,721.9094177899765,1.0,CLIENT,7,2,100000,11,83,0,6938,8736,838,608,322,438,86521.85600000004,44,False,False
217,83,1037.2259562769314,-683.0603022095531,1.0,CLIENT,7,2,100000,15,24,0,7916,9660,781,897,330,432,25018.36800000001,47,False,False
217,84,1059.4008333662223,-1345.1916622099557,1.0,CLIENT,7,2,100000,11,25,0,6077,7606,923,488,313,558,26060.80000000001,43,False,False
217,85,1951.0684803358565,-2890.5359022094312,1.0,CLIENT,7,2,100000,13,56,0,1876,2570,830,67,245,467,58376.19200000003,19,False,False
217,86,639.8996764254654,-164.6430622093652,1.0,CLIENT,7,2,100000,13,17,0,7580,9647,802,836,321,454,17721.344000000005,53,False,False
217,87,-1307.6880999552793,2841.6648577906444,1.0,CLIENT,7,2,100000,15,53,0,2575,3548,837,39,272,505,55248.89600000003,25,False,False
217,88,1910.678525636561,-2155.6012622093326,1.0,CLIENT,7,2,100000,9,62,0,4048,4848,781,698,275,456,64630.784000000036,28,False,False
217,89,2365.421897952304,-3166.4981822095433,1.0,CLIENT,7,2,100000,13,144,0,1148,1469,634,8,241,288,150110.20800000007,12,False,False
217,90,-956.4538860549461,2179.5334977902417,1.0,CLIENT,7,2,100000,15,29,0,4568,5934,952,493,280,631,30230.528000000013,37,False,False
217,91,821.0209046531112,831.1143377903113,1.0,CLIENT,7,2,100000,13,27,0,5897,7491,885,415,303,530,28145.66400000001,41,False,False
217,92,-534.4184574464559,1953.3312577902625,1.0,CLIENT,7,2,100000,10,58,0,5110,6191,906,439,294,524,60461.05600000003,40,False,False
217,93,1268.6366379043386,-683.1716222092721,1.0,CLIENT,7,2,100000,14,35,0,7537,9269,759,998,322,408,36485.12000000002,47,False,False
217,94,-201.32012516503372,744.0620977902057,1.0,CLIENT,7,2,100000,13,31,0,7304,9646,835,624,328,455,32315.392000000014,52,False,False
217,95,1995.418234515001,-809.8537822097757,1.0,CLIENT,7,2,100000,12,24,0,4984,6787,881,324,298,544,25018.36800000001,38,False,False
217,96,-2315.7738516449563,948.4456177906943,1.0,CLIENT,7,2,100000,16,194,0,3144,4159,710,299,279,384,202231.8080000001,33,False,False
217,97,1203.6959264273928,600.7932577904487,1.0,CLIENT,7,2,100000,13,33,0,5260,6898,989,166,300,593,34400.256000000016,37,False,False
217,98,-1605.623412851684,312.36313779017564,1.0,CLIENT,7,2,100000,13,77,0,5290,6959,702,898,283,388,80267.26400000004,38,False,False
217,99,-102.40433414809432,-391.4019022095209,1.0,CLIENT,7,2,100000,14,41,0,6805,8942,790,628,296,454,42739.71200000002,50,False,False
217,100,-1406.0455996278488,2758.0643200003115,1.0,CLIENT,7,2,100000,12,46,0,2788,3903,865,103,272,542,47951.872000000025,26,False,False
217,101,1812.7962022920597,-2984.8899519996658,1.0,CLIENT,3,0.0,100000,15,156,0,1294,1870,583,24,235,240,162619.39200000008,17,False,False

218,0,-1173.6092895533225,357.78169779019635,1.0,CLIENT,7,2,100000,13,63,0,7593,9273,739,868,307,381,65673.21600000003,46,False,False
218,1,-1528.0113430383224,-685.7319822099265,1.0,CLIENT,7,2,100000,15,35,0,3331,4618,905,322,296,548,36485.12000000002,27,False,False
218,2,1685.7619151567362,43.52533779026828,1.0,CLIENT,7,2,100000,11,29,0,4239,5490,852,426,294,514,30230.528000000013,29,False,False
218,3,2362.412450347011,-2508.0403822093576,1.0,CLIENT,7,2,100000,12,45,0,3013,3313,930,495,267,606,46909.440000000024,22,False,False
218,4,782.6900456839896,-763.3220222094017,1.0,CLIENT,7,2,100000,15,98,0,5841,8228,652,753,303,315,102158.33600000005,48,False,False
218,5,340.93481566397367,662.9098177902326,1.0,CLIENT,7,2,100000,9,70,0,7041,8966,786,745,314,411,72970.24000000003,48,False,False
218,6,-320.35169754277797,-181.89766220930522,1.0,CLIENT,7,2,100000,12,109,0,6599,8590,745,655,326,365,113625.08800000006,52,False,False
218,7,330.56014102594867,1670.2444977907364,1.0,CLIENT,7,2,100000,18,88,0,4843,6103,746,502,285,407,91734.01600000005,38,False,False
218,8,-598.9631889752478,-1206.598262209468,1.0,CLIENT,7,2,100000,12,268,0,3189,4727,538,391,268,246,279371.77599999966,33,False,False
218,9,-1671.593672193154,-216.40686220997623,1.0,CLIENT,7,2,100000,16,43,0,3668,5295,961,266,300,587,44824.57600000002,37,False,False
218,10,-1853.3484683382958,-756.6428222096545,1.0,CLIENT,7,2,100000,12,267,0,2060,2953,590,70,267,282,278329.3439999997,23,False,False
218,11,-1052.7562094153093,2852.796857790223,1.0,CLIENT,7,2,100000,14,200,0,2985,3965,718,247,265,382,208486.4000000001,27,False,False
218,12,-1841.3106779182506,2376.6812177900156,1.0,CLIENT,7,2,100000,15,52,0,3946,5013,846,333,269,534,54206.46400000003,28,False,False
218,13,-254.5398301801193,-598.5684222093109,1.0,CLIENT,7,2,100000,15,43,0,5297,7620,880,508,330,499,44824.57600000002,45,False,False
218,14,397.4807522425373,1009.4489777901251,1.0,CLIENT,7,2,100000,14,40,0,5612,7801,924,432,312,552,41697.28000000002,49,False,False
218,15,-2230.162986881366,881.5422977903402,1.0,CLIENT,7,2,100000,9,242,0,3843,4849,684,113,274,340,252268.54400000014,35,False,False
218,16,2637.856102195377,-1778.337782209496,1.0,CLIENT,7,2,100000,15,127,0,2731,3720,724,386,286,386,132388.86400000006,25,False,False
218,17,-1849.1510808891048,136.2548977902776,1.0,CLIENT,7,2,100000,12,40,0,4117,5840,796,584,295,460,41697.28000000002,36,False,False
218,18,-905.8476486964369,1752.8439377902196,1.0,CLIENT,7,2,100000,14,32,0,6691,8195,805,873,288,488,33357.824000000015,47,False,False
218,19,1028.5143974198013,-794.3803022092936,1.0,CLIENT,7,2,100000,13,28,0,5803,7754,726,816,314,394,29188.096000000012,46,False,False
218,20,-691.3849088446053,2483.437097790206,1.0,CLIENT,7,2,100000,10,37,0,4262,5874,910,327,288,564,38569.98400000002,32,False,False
218,21,-1454.1214847360295,1356.8786977901418,1.0,CLIENT,7,2,100000,15,31,0,6200,7909,860,532,291,516,32315.392000000014,48,False,False
218,22,-460.60779513413155,313.8102977904768,1.0,CLIENT,7,2,100000,10,34,0,7137,9904,805,498,306,421,35442.68800000002,58,False,False
218,23,-679.2679224351542,1223.6286577904011,1.0,CLIENT,7,2,100000,13,43,0,7854,10008,753,697,300,387,44824.57600000002,59,False,False
218,24,1538.2989825114614,-1817.4111022097172,1.0,CLIENT,7,2,100000,9,29,0,4049,5831,830,668,321,479,30230.528000000013,35,False,False
218,25,-1613.2262278537587,1388.2709377899819,1.0,CLIENT,7,2,100000,11,22,0,5987,7471,886,566,292,551,22933.504000000008,42,False,False
218,26,382.67110218654153,674.1531377903211,1.0,CLIENT,7,2,100000,12,31,0,6858,8851,842,723,311,480,32315.392000000014,48,False,False
218,27,2838.934719803891,-2449.7087022095093,1.0,CLIENT,7,2,100000,13,57,0,2064,2664,821,164,270,511,59418.62400000003,18,False,False
218,28,1598.2503466429084,250.13525779067265,1.0,CLIENT,7,2,100000,17,86,0,4339,5702,782,502,292,427,89649.15200000005,30,False,False
218,29,-1575.132956853417,130.9115377903217,1.0,CLIENT,7,2,100000,12,20,0,5355,7426,828,714,294,498,20848.640000000007,40,False,False
218,30,912.1754886891646,-425.57714220945314,1.0,CLIENT,7,2,100000,10,31,0,5924,8283,825,612,325,474,32315.392000000014,46,False,False
218,31,237.90083318724888,624.6157377904169,1.0,CLIENT,7,2,100000,15,35,0,7196,9103,797,783,317,431,36485.12000000002,50,False,False
218,32,1307.521868800425,-1158.2853822096358,1.0,CLIENT,7,2,100000,11,37,0,5274,6905,676,874,306,353,38569.98400000002,39,False,False
218,33,213.74605635775245,-112.76794220982623,1.0,CLIENT,7,2,100000,11,66,0,6753,8667,825,463,317,443,68800.51200000003,50,False,False
218,34,-2055.5358298013025,1415.544337790729,1.0,CLIENT,7,2,100000,12,141,0,4123,5773,762,318,285,406,146982.91200000007,34,False,False
218,35,-1299.2933250574602,1207.7098977902524,1.0,CLIENT,7,2,100000,9,23,0,6579,8452,897,495,299,540,23975.93600000001,53,False,False
218,36,1731.6955891279324,-2398.056222209408,1.0,CLIENT,7,2,100000,7,20,0,3657,4195,897,814,301,586,20848.640000000007,27,False,False
218,37,1822.058213268241,-382.2736622096292,1.0,CLIENT,7,2,100000,14,42,0,4268,5186,974,308,318,575,43782.14400000002,32,False,False
218,38,-2044.6859792251553,-548.363102209511,1.0,CLIENT,7,2,100000,15,71,0,2124,2959,785,26,273,449,74012.67200000004,22,False,False
218,39,-1040.32243904711,1446.71393779034,1.0,CLIENT,7,2,100000,16,26,0,6547,9015,811,613,304,481,27103.23200000001,51,False,False
218,40,2295.0166631928632,-1559.1487022100027,1.0,CLIENT,7,2,100000,13,79,0,3429,4527,766,495,297,426,82352.12800000004,31,False,False
218,41,-1194.4378348193407,1420.665057790456,1.0,CLIENT,7,2,100000,12,20,0,6419,8687,839,586,305,511,20848.640000000007,51,False,False
218,42,-283.44636638633443,-173.43734220930912,1.0,CLIENT,7,2,100000,17,24,0,6616,8543,823,656,325,464,25018.36800000001,51,False,False
218,43,573.850221094027,-719.3506222096821,1.0,CLIENT,7,2,100000,15,24,0,5896,8357,769,732,316,417,25018.36800000001,44,False,False
218,44,-992.9632372626731,-405.20558220947294,1.0,CLIENT,7,2,100000,14,165,0,5418,6391,661,772,286,324,172001.2800000001,45,False,False
218,45,2184.459061703469,-745.1768622093371,1.0,CLIENT,7,2,100000,18,66,0,3591,4472,835,397,290,480,68800.51200000003,30,False,False
218,46,-1794.189064102593,267.8351377902794,1.0,CLIENT,7,2,100000,12,26,0,4879,6654,856,664,299,509,27103.23200000001,36,False,False
218,47,1404.6161520570954,-2012.6663822095234,1.0,CLIENT,7,2,100000,14,66,0,3534,5049,835,539,316,488,68800.51200000003,33,False,False
218,48,890.4757875374331,1022.3620977907435,1.0,CLIENT,7,2,100000,11,48,0,4192,5732,856,438,298,494,50036.736000000026,38,False,False
218,49,-242.66043173944792,728.1433377900569,1.0,CLIENT,7,2,100000,15,76,0,8097,10190,739,788,298,365,79224.83200000004,58,False,False
218,50,1450.2330420701064,-1457.5135422095398,1.0,CLIENT,7,2,100000,12,116,0,5127,6210,589,967,294,268,120922.11200000007,40,False,False
218,51,2672.3063576740556,-2999.518182209537,1.0,CLIENT,7,2,100000,13,164,0,1724,2172,717,99,262,364,170958.8480000001,15,False,False
218,52,-18.218997197182258,2233.5236977899776,1.0,CLIENT,7,2,100000,8,50,0,3470,5039,851,156,289,460,52121.60000000003,34,False,False
218,53,-1600.5548695167802,1845.6848177907389,1.0,CLIENT,7,2,100000,10,64,0,5688,6733,803,813,296,469,66715.64800000003,38,False,False
218,54,-753.712152664412,2052.6286977903,1.0,CLIENT,7,2,100000,10,17,0,6133,7205,841,741,296,527,17721.344000000005,40,False,False
218,55,945.9921762509098,964.4756977905621,1.0,CLIENT,7,2,100000,10,26,0,4275,5678,868,474,291,521,27103.23200000001,39,False,False
218,56,82.83508553933684,-1811.288502209356,1.0,CLIENT,7,2,100000,11,259,0,2195,3604,568,219,265,267,269989.8879999999,25,False,False
218,57,-1891.045759390484,135.9209377903298,1.0,CLIENT,7,2,100000,11,143,0,3990,5611,724,534,284,366,149067.77600000007,36,False,False
218,58,-607.0411799148818,837.4595777901106,1.0,CLIENT,7,2,100000,10,27,0,8191,10695,749,622,308,398,28145.66400000001,55,False,False
218,59,652.8086227312237,-1771.1019822095723,1.0,CLIENT,7,2,100000,11,40,0,3545,4503,921,314,304,556,41697.28000000002,34,False,False
218,60,772.6321550041499,-1991.5155822099287,1.0,CLIENT,7,2,100000,13,196,0,3159,3986,706,272,288,347,204316.6720000001,30,False,False
218,61,-1251.4589473354638,1287.4150177907152,1.0,CLIENT,7,2,100000,14,44,0,6419,8569,850,487,293,500,45867.00800000002,51,False,False
218,62,1796.08192867735,-2839.2173822092777,1.0,CLIENT,7,2,100000,10,35,0,2590,3377,924,283,284,614,36485.12000000002,21,False,False
218,63,1169.404062928651,-353.9983822098296,1.0,CLIENT,7,2,100000,14,59,0,5318,7229,871,508,312,479,61503.488000000034,44,False,False
218,64,630.7129416313386,28.83109779019179,1.0,CLIENT,7,2,100000,9,107,0,7334,8717,717,804,300,345,111540.22400000006,48,False,False
218,65,-2093.0747288741163,2468.63153779041,1.0,CLIENT,7,2,100000,17,249,0,2244,3735,556,149,247,265,259565.56800000014,26,False,False
218,66,271.9551087177737,-1804.4979822098899,1.0,CLIENT,7,2,100000,16,51,0,3010,4193,846,371,290,494,53164.03200000003,26,False,False
218,67,264.82746965325833,1777.0003777901356,1.0,CLIENT,7,2,100000,12,180,0,4956,6057,659,555,284,323,187637.7600000001,36,False,False
218,68,1093.7718928549323,1092.2710577906282,1.0,CLIENT,7,2,100000,10,233,0,3710,4732,613,409,269,289,242886.65600000013,36,False,False
218,69,-315.75833014543326,85.60429779001993,1.0,CLIENT,7,2,100000,11,23,0,6822,9236,849,510,316,479,23975.93600000001,54,False,False
218,70,-1045.3909823820143,561.8312577907373,1.0,CLIENT,7,2,100000,11,41,0,7893,9858,752,814,310,394,42739.71200000002,50,False,False
218,71,24.309249221130276,-433.9261422097303,1.0,CLIENT,7,2,100000,8,35,0,6380,7958,770,717,317,408,36485.12000000002,50,False,False
218,72,2912.42859815803,-2493.5687822095097,1.0,CLIENT,7,2,100000,10,165,0,1850,2446,672,105,259,326,172001.2800000001,18,False,False
218,73,1387.9057982502998,-2498.800822209747,1.0,CLIENT,7,2,100000,17,178,0,2853,3869,656,424,294,315,185552.8960000001,24,False,False
218,74,-548.0401676585533,-26.717582209564057,1.0,CLIENT,7,2,100000,12,30,0,6451,9024,869,530,327,489,31272.960000000014,55,False,False
218,75,847.0763852334077,401.64177779019695,1.0,CLIENT,7,2,100000,12,54,0,6253,8152,866,657,316,490,56291.32800000003,41,False,False
218,76,2391.2397905638204,-2956.548662209661,1.0,CLIENT,7,2,100000,14,49,0,2098,2657,914,175,271,599,51079.16800000003,18,False,False
218,77,-1428.5411800938552,2856.3590977907206,1.0,CLIENT,7,2,100000,13,55,0,2711,3826,857,185,269,506,57333.76000000003,25,False,False
218,78,2540.2866430011472,-2455.163382209975,1.0,CLIENT,7,2,100000,14,30,0,2807,3189,954,432,274,642,31272.960000000014,22,False,False
218,79,-548.9113235442663,2567.48369778999,1.0,CLIENT,7,2,100000,15,162,0,3401,5184,734,251,275,383,168873.98400000008,31,False,False
218,80,-698.0373719715612,43.747977790497146,1.0,CLIENT,7,2,100000,9,37,0,6716,9213,834,605,317,452,38569.98400000002,52,False,False
218,81,-1883.4429443884094,2696.0582977904614,1.0,CLIENT,7,2,100000,16,58,0,2283,3645,778,120,263,461,60461.05600000003,26,False,False
218,82,-434.31472658505544,1152.3838577907254,1.0,CLIENT,7,2,100000,10,15,0,7933,10154,757,683,297,423,15636.480000000005,57,False,False
218,83,1993.9135107123543,-625.7305022095483,1.0,CLIENT,7,2,100000,15,86,0,3997,4999,789,454,296,439,89649.15200000005,29,False,False
218,84,843.4333697117443,-1992.9627422094386,1.0,CLIENT,7,2,100000,11,46,0,3161,4123,851,269,290,464,47951.872000000025,32,False,False
218,85,-272.7549077895614,2376.7925377905253,1.0,CLIENT,7,2,100000,13,89,0,3708,5204,762,302,281,410,92776.44800000005,36,False,False
218,86,-1460.8531438529542,1635.1786977906797,1.0,CLIENT,7,2,100000,13,25,0,6191,7531,781,882,295,464,26060.80000000001,43,False,False
218,87,1731.933177096712,-382.38498220934815,1.0,CLIENT,7,2,100000,15,42,0,4457,5354,969,353,315,578,43782.14400000002,33,False,False
218,88,-660.8152568569325,1257.8038977903334,1.0,CLIENT,7,2,100000,9,44,0,7832,9873,758,690,293,407,45867.00800000002,59,False,False
218,89,2218.434141244026,-727.8109422096782,1.0,CLIENT,7,2,100000,11,150,0,3425,4323,753,357,299,388,156364.80000000008,29,False,False
218,90,-1899.7573182470512,1110.8614977903594,1.0,CLIENT,7,2,100000,15,42,0,5048,6431,941,260,281,588,43782.14400000002,41,False,False
218,91,823.2383923620964,-75.25310220962496,1.0,CLIENT,7,2,100000,12,27,0,6864,8366,809,768,326,429,28145.66400000001,45,False,False
218,92,-623.5931417423037,1784.9040977907462,1.0,CLIENT,7,2,100000,10,66,0,6436,8065,764,729,283,402,68800.51200000003,47,False,False
218,93,1788.558309665244,217.51849778996956,1.0,CLIENT,7,2,100000,16,204,0,3777,4892,652,386,269,343,212656.1280000001,29,False,False
218,94,-1882.1758085545428,799.8334177901904,1.0,CLIENT,7,2,100000,13,53,0,4991,6526,940,231,280,583,55248.89600000003,39,False,False
218,95,2446.122611360364,-1344.4124222095502,1.0,CLIENT,7,2,100000,12,141,0,3023,3992,748,243,284,399,146982.91200000007,31,False,False
218,96,-197.1227377164054,-1288.9750622095132,1.0,CLIENT,7,2,100000,16,37,0,3616,5297,866,398,311,489,38569.98400000002,30,False,False
218,97,-742.0703421925202,2355.419097790702,1.0,CLIENT,7,2,100000,13,28,0,5142,6341,933,490,290,571,29188.096000000012,33,False,False
218,98,302.20797674726117,1409.9783377905442,1.0,CLIENT,7,2,100000,14,47,0,5084,6861,849,427,300,483,48994.304000000026,43,False,False
218,99,2591.9224282241807,-2813.2798222099036,1.0,CLIENT,7,2,100000,14,45,0,2133,2700,910,200,272,603,46909.440000000024,16,False,False
218,100,-1406.0455996278488,2758.0643200003115,1.0,CLIENT,7,2,100000,12,59,0,3163,4347,891,213,274,520,61503.488000000034,26,False,False
218,101,1812.7962022920597,-2984.8899519996658,1.0,CLIENT,3,0.0,100000,15,255,0,1831,2388,615,92,259,309,265820.16000000003,18,False,False

219,0,1753.2368983008523,-2051.628382210026,1.0,CLIENT,7,2,100000,13,47,0,4749,5738,811,763,307,480,48994.304000000026,34,False,False
219,1,-2650.0601237702767,138.25865778996445,1.0,CLIENT,7,2,100000,16,174,0,2002,2841,699,127,260,337,181383.1680000001,23,False,False
219,2,1667.3884455684827,-1514.3980622098777,1.0,CLIENT,7,2,100000,11,5,0,5416,6586,920,456,333,564,5212.16,42,False,False
219,3,-2154.689208787584,-60.3362222093196,1.0,CLIENT,7,2,100000,12,46,0,2916,4393,909,187,271,571,47951.872000000025,27,False,False
219,4,2754.9869708223214,-2375.3469422097933,1.0,CLIENT,7,2,100000,17,156,0,1578,2680,649,115,238,294,162619.39200000008,23,False,False
219,5,-1393.7741406569914,1121.2142577903232,1.0,CLIENT,7,2,100000,9,28,0,5875,7995,803,625,319,449,29188.096000000012,49,False,False
219,6,1370.0075045996057,-2235.1950622092854,1.0,CLIENT,7,2,100000,13,57,0,4498,5468,870,458,312,505,59418.62400000003,36,False,False
219,7,-2311.0220922688,-404.98294221003505,1.0,CLIENT,7,2,100000,20,205,0,1822,2571,635,22,252,289,213698.5600000001,22,False,False
219,8,1381.6493150714973,-1485.6775022096203,1.0,CLIENT,7,2,100000,9,56,0,6016,7218,826,641,322,452,58376.19200000003,44,False,False
219,9,1270.6165376445442,-791.9312622099401,1.0,CLIENT,7,2,100000,14,32,0,7177,8825,809,808,307,461,33357.824000000015,45,False,False
219,10,-1450.0824892662126,2115.8584577904376,1.0,CLIENT,7,2,100000,12,43,0,5463,6386,827,826,299,498,44824.57600000002,32,False,False
219,11,-1038.1841473275306,621.2761377901478,1.0,CLIENT,7,2,100000,14,77,0,6229,8123,803,423,325,417,80267.26400000004,48,False,False
219,12,1930.9526989756143,-1676.7026222098239,1.0,CLIENT,7,2,100000,15,100,0,4919,5851,756,571,324,384,104243.20000000006,37,False,False
219,13,743.4088348397495,156.9604177902056,1.0,CLIENT,7,2,100000,15,72,0,5896,7275,860,629,300,478,75055.10400000004,47,False,False
219,14,-1145.969889180974,1692.5084977906845,1.0,CLIENT,7,2,100000,11,29,0,6275,7532,795,964,312,457,30230.528000000013,40,False,False
219,15,244.15731636605125,786.1410577907484,1.0,CLIENT,7,2,100000,8,61,0,5500,7624,782,639,319,413,63588.352000000035,43,False,False
219,16,-284.0007383132994,1717.1102177902674,1.0,CLIENT,7,2,100000,15,175,0,4276,6058,740,259,287,398,182425.6000000001,40,False,False
219,17,189.8288674970357,136.2548977902776,1.0,CLIENT,7,2,100000,12,55,0,6647,8724,774,813,324,396,57333.76000000003,46,False,False
219,18,-2569.5969983309965,383.7192577903613,1.0,CLIENT,7,2,100000,15,77,0,2776,3539,819,371,277,472,80267.26400000004,25,False,False
219,19,1486.979981246613,117.44181779031749,1.0,CLIENT,7,2,100000,13,27,0,4390,5896,987,498,304,646,28145.66400000001,36,False,False
219,20,1715.3812152692901,-1295.5429422095415,1.0,CLIENT,7,2,100000,10,19,0,5516,6955,924,376,327,549,19806.208000000006,42,False,False
219,21,-957.0082579819111,1023.8092577902537,1.0,CLIENT,7,2,100000,15,27,0,6639,8068,821,669,329,453,28145.66400000001,53,False,False
219,22,-351.7133094261954,100.29853779009642,1.0,CLIENT,7,2,100000,9,81,0,6998,8457,739,734,310,372,84436.99200000004,50,False,False
219,23,725.1145612409017,986.6283777900003,1.0,CLIENT,7,2,100000,15,244,0,3584,5039,651,236,277,322,254353.40800000014,35,False,False
219,24,-1767.7376035741431,1222.7380977902767,1.0,CLIENT,7,2,100000,9,72,0,5284,6904,682,790,285,339,75055.10400000004,46,False,False
219,25,1013.0711794468724,-365.57566220986587,1.0,CLIENT,7,2,100000,10,71,0,7069,8801,689,1021,277,368,74012.67200000004,49,False,False
219,26,-1398.9218799813011,2787.3406977901695,1.0,CLIENT,7,2,100000,12,50,0,3103,3688,834,208,278,486,52121.60000000003,26,False,False
219,27,2206.9507227515082,-2752.387782209401,1.0,CLIENT,7,2,100000,13,47,0,2515,3571,925,173,253,602,48994.304000000026,23,False,False
219,28,-851.9943757649805,1014.1244177901854,1.0,CLIENT,7,2,100000,17,36,0,6649,8154,818,682,324,438,37527.55200000002,54,False,False
219,29,-278.9321949789581,1783.122977790497,1.0,CLIENT,7,2,100000,12,48,0,4176,5971,862,241,306,493,50036.736000000026,39,False,False
219,30,1652.4995995225186,-1657.444262209406,1.0,CLIENT,7,2,100000,10,32,0,5327,6397,851,554,322,496,33357.824000000015,42,False,False
219,31,-913.371267709106,892.7856177904287,1.0,CLIENT,7,2,100000,15,57,0,6633,8214,775,649,315,412,59418.62400000003,51,False,False
219,32,-498.85945811328475,2180.312737790647,1.0,CLIENT,7,2,100000,12,189,0,4071,5326,758,287,298,390,197019.6480000001,32,False,False
219,33,-1136.8623503762528,2870.162777790673,1.0,CLIENT,7,2,100000,11,36,0,3010,3634,859,97,290,525,37527.55200000002,25,False,False
219,34,348.53763066661105,-505.0596222096871,1.0,CLIENT,7,2,100000,11,73,0,6215,8373,754,675,308,379,76097.53600000004,51,False,False
219,35,1150.5554174022757,-2061.313222209303,1.0,CLIENT,7,2,100000,9,34,0,4829,5818,893,388,305,534,35442.68800000002,39,False,False
219,36,734.4596880144024,-1194.9096622097127,1.0,CLIENT,7,2,100000,7,67,0,7189,8602,681,988,284,350,69842.94400000003,42,False,False
219,37,-623.513945752898,2013.3327377906407,1.0,CLIENT,7,2,100000,14,31,0,4995,6247,918,428,310,556,32315.392000000014,33,False,False
219,38,1150.6346133916813,-1988.5099422096073,1.0,CLIENT,7,2,100000,14,39,0,4982,6047,890,406,303,545,40654.84800000002,40,False,False
219,39,2351.6417957608323,-3113.509862209651,1.0,CLIENT,7,2,100000,17,57,0,1287,1838,811,29,239,489,59418.62400000003,21,False,False
219,40,-2115.5663899221554,1455.5082177902839,1.0,CLIENT,7,2,100000,13,40,0,3628,5682,891,306,269,537,41697.28000000002,40,False,False
219,41,2771.538932649743,-2509.2649022094297,1.0,CLIENT,7,2,100000,15,72,0,1508,2338,764,103,245,426,75055.10400000004,22,False,False
219,42,-1386.7256975818818,2843.4459777901025,1.0,CLIENT,7,2,100000,18,42,0,2956,3519,819,204,282,500,43782.14400000002,26,False,False
219,43,769.5435114100142,-1370.795262209382,1.0,CLIENT,7,2,100000,15,37,0,6946,8044,796,842,296,465,38569.98400000002,42,False,False
219,44,-630.166408879854,2145.2469377905904,1.0,CLIENT,7,2,100000,14,48,0,4591,5748,900,364,304,537,50036.736000000026,33,False,False
219,45,-2502.834779093782,1072.6787377902624,1.0,CLIENT,7,2,100000,18,142,0,2839,3870,757,336,268,420,148025.34400000007,28,False,False
219,46,1989.9537112319429,-35.51186220950797,1.0,CLIENT,7,2,100000,12,241,0,3049,4301,652,261,271,308,251226.11200000014,31,False,False
219,47,-780.005221213488,16.919857790207686,1.0,CLIENT,7,2,100000,15,31,0,5758,7809,857,444,315,493,32315.392000000014,48,False,False
219,48,-951.4645387094478,-179.55994220967057,1.0,CLIENT,7,2,100000,11,128,0,5187,7278,801,408,322,421,133431.29600000006,44,False,False
219,49,810.1710540775268,225.97881778996566,1.0,CLIENT,7,2,100000,15,51,0,5693,6992,909,572,301,530,53164.03200000003,46,False,False
219,50,160.6847433220409,-930.4133422099178,1.0,CLIENT,7,2,100000,12,28,0,5336,7303,877,585,304,531,29188.096000000012,45,False,False
219,51,-1600.5548695167802,2681.3640577903852,1.0,CLIENT,7,2,100000,12,34,0,3089,4032,873,159,290,534,35442.68800000002,27,False,False
219,52,-2126.8914164358616,674.1531377903211,1.0,CLIENT,7,2,100000,8,57,0,4467,5852,865,669,297,507,59418.62400000003,31,False,False
219,53,-2241.963189332632,2147.4733377905063,1.0,CLIENT,7,2,100000,11,226,0,3199,4164,619,406,261,315,235589.63200000013,29,False,False
219,54,1520.0047089126138,-409.2131022096376,1.0,CLIENT,7,2,100000,10,44,0,5748,7557,908,629,297,558,45867.00800000002,40,False,False
219,55,1393.6079095015743,611.5912977900794,1.0,CLIENT,7,2,100000,12,259,0,3410,4551,689,292,275,373,269989.8879999999,25,False,False
219,56,-180.57077588842097,-1367.010382209446,1.0,CLIENT,7,2,100000,11,221,0,3153,4711,666,284,275,339,230377.47200000013,37,False,False
219,57,1399.3100207534117,-1665.7932622096832,1.0,CLIENT,7,2,100000,10,32,0,5612,6749,872,599,322,516,33357.824000000015,43,False,False
219,58,180.16695676478696,-309.0251022094756,1.0,CLIENT,7,2,100000,10,28,0,6744,8387,816,768,310,468,29188.096000000012,48,False,False
219,59,-2260.25746293148,-48.20234220989761,1.0,CLIENT,7,2,100000,11,26,0,2558,3990,907,123,274,565,27103.23200000001,25,False,False
219,60,1814.4553982661662,83.60053779033308,1.0,CLIENT,7,2,100000,13,55,0,3505,4585,914,290,295,552,57333.76000000003,32,False,False
219,61,2006.1888891011795,-917.2775822098615,1.0,CLIENT,7,2,100000,14,224,0,4416,5947,648,297,280,308,233504.76800000013,37,False,False
219,62,-252.2431464817283,-1045.629542209313,1.0,CLIENT,7,2,100000,10,30,0,4272,5607,888,402,304,537,31272.960000000014,38,False,False
219,63,-776.2830097018564,-240.34066220966338,1.0,CLIENT,7,2,100000,14,40,0,5325,7294,883,418,315,520,41697.28000000002,45,False,False
219,64,-2629.389970483069,1603.4524977901012,1.0,CLIENT,7,2,100000,11,233,0,1896,2864,655,54,258,341,242886.65600000013,28,False,False
219,65,2028.2845702010645,-604.9136622099013,1.0,CLIENT,7,2,100000,16,54,0,3976,5452,872,192,298,490,56291.32800000003,33,False,False
219,66,-1026.2255528974536,1585.4186577905466,1.0,CLIENT,7,2,100000,14,30,0,5933,7809,873,666,317,516,31272.960000000014,45,False,False
219,67,-1252.2509072317712,2601.770257790432,1.0,CLIENT,7,2,100000,12,15,0,3526,4539,935,287,295,610,15636.480000000005,27,False,False
219,68,186.89861588114863,208.50157779058776,1.0,CLIENT,7,2,100000,10,17,0,6567,8778,810,758,321,449,17721.344000000005,46,False,False
219,69,-1721.962321582321,1180.547817790015,1.0,CLIENT,7,2,100000,11,30,0,5374,7054,705,808,285,390,31272.960000000014,46,False,False
219,70,-1619.6411030119352,204.8280177903709,1.0,CLIENT,7,2,100000,11,85,0,5502,6603,704,843,304,346,88606.72000000004,36,False,False
219,71,2075.4853800061273,-2616.5773822097967,1.0,CLIENT,7,2,100000,9,33,0,3466,4193,933,352,262,599,34400.256000000016,26,False,False
219,72,-2148.828705556373,263.60497779067686,1.0,CLIENT,7,2,100000,10,33,0,3913,5131,948,410,292,573,34400.256000000016,30,False,False
219,73,306.2469722170782,-1899.3426222093049,1.0,CLIENT,7,2,100000,17,190,0,3746,5205,751,206,279,397,198062.0800000001,31,False,False
219,74,12.588242759270202,-736.716542209341,1.0,CLIENT,7,2,100000,11,39,0,5707,7027,889,599,307,524,40654.84800000002,47,False,False
219,75,-1220.6517073790112,193.9186577902302,1.0,CLIENT,7,2,100000,12,38,0,5961,7538,783,764,324,420,39612.41600000002,42,False,False
219,76,-2037.0039682336749,-445.72606220999546,1.0,CLIENT,7,2,100000,15,100,0,2493,3413,759,137,273,411,104243.20000000006,26,False,False
219,77,-1102.4912908875428,2897.2135377904,1.0,CLIENT,7,2,100000,13,68,0,2890,3568,804,62,285,467,70885.37600000003,25,False,False
219,78,-578.6890156361944,-711.0016222094049,1.0,CLIENT,7,2,100000,14,243,0,4234,5944,686,239,274,350,253310.97600000014,39,False,False
219,79,1633.3341700379576,-1372.0197822094542,1.0,CLIENT,7,2,100000,15,33,0,5622,6958,920,417,329,546,34400.256000000016,43,False,False
219,80,-946.158407405764,284.4218177903238,1.0,CLIENT,7,2,100000,9,29,0,6127,8012,884,528,332,477,30230.528000000013,51,False,False
219,81,-292.3163172222758,825.1030577904598,1.0,CLIENT,7,2,100000,15,71,0,6663,8512,753,745,327,372,74012.67200000004,44,False,False
219,82,2348.6323481555396,-3429.3247022095993,1.0,CLIENT,7,2,100000,14,173,0,917,1149,645,5,242,311,180340.7360000001,16,False,False
219,83,-1093.0669681240736,2762.4050177906392,1.0,CLIENT,7,2,100000,15,53,0,3240,3879,874,134,285,536,55248.89600000003,26,False,False
219,84,2460.2986934994265,-3202.6771822099536,1.0,CLIENT,7,2,100000,12,44,0,1129,1523,813,10,245,477,45867.00800000002,18,False,False
219,85,475.9639779416119,-949.0037822096491,1.0,CLIENT,7,2,100000,11,19,0,6349,8664,811,822,311,490,19806.208000000006,49,False,False
219,86,782.1356737570246,-123.23202220950918,1.0,CLIENT,7,2,100000,13,21,0,6545,8274,825,836,306,496,21891.072000000007,45,False,False
219,87,2452.2998985497607,-2745.597262209935,1.0,CLIENT,7,2,100000,15,55,0,1891,2852,889,96,245,561,57333.76000000003,23,False,False
219,88,1671.2690490589255,-898.4645022099014,1.0,CLIENT,7,2,100000,10,29,0,6028,7463,876,483,300,522,30230.528000000013,41,False,False
219,89,-163.5436381234399,643.9854177905536,1.0,CLIENT,7,2,100000,10,24,0,6807,8654,724,870,315,370,25018.36800000001,44,False,False
219,90,792.3519564162384,-2180.536942209654,1.0,CLIENT,7,2,100000,15,215,0,4136,5354,725,239,288,389,224122.88000000012,33,False,False
219,91,1691.780810366759,-2835.9891022095185,1.0,CLIENT,7,2,100000,13,89,0,3125,3969,777,477,256,470,92776.44800000005,26,False,False
219,92,-1633.5795971827804,2717.5430577900042,1.0,CLIENT,7,2,100000,11,54,0,2910,3848,837,148,295,499,56291.32800000003,27,False,False
219,93,1309.8185524993787,-2042.722782209572,1.0,CLIENT,7,2,100000,16,37,0,4908,5863,901,467,308,557,38569.98400000002,39,False,False
219,94,532.6683064995495,714.2283377903859,1.0,CLIENT,7,2,100000,13,34,0,4592,6471,893,365,306,548,35442.68800000002,41,False,False
219,95,958.5051426085145,843.804817790701,1.0,CLIENT,7,2,100000,12,16,0,3695,4929,956,139,299,585,16678.912000000004,30,False,False
219,96,-1756.8085570085902,1160.6215377904925,1.0,CLIENT,7,2,100000,15,34,0,5383,6909,689,854,279,363,35442.68800000002,46,False,False
219,97,-779.846829234114,1255.8001377906464,1.0,CLIENT,7,2,100000,13,86,0,6038,7765,819,487,308,435,89649.15200000005,50,False,False
219,98,572.1871053125694,-1310.9051022095136,1.0,CLIENT,7,2,100000,13,28,0,6558,7998,829,767,303,504,29188.096000000012,44,False,False
219,99,738.1027035360657,-432.3676622097102,1.0,CLIENT,7,2,100000,14,24,0,6627,9270,787,717,313,463,25018.36800000001,51,False,False
219,100,-1406.0455996278488,2758.0643200003115,1.0,CLIENT,7,2,100000,12,172,0,3089,3767,710,217,275,389,179298.3040000001,26,False,False
219,101,1812.7962022920597,-2984.8899519996658,1.0,CLIENT,3,0.0,100000,13,119,0,1828,2761,706,116,245,350,124049.40800000007,22,False,False

