simulation_id,node_id,x_position_m,y_position_m,height_m,role,hop_limit,antenna_gain_dbi,message_period_ms,messages_created,packets_sent,rebroadcast_packets,packets_sensed,packets_detected,packets_received,collisions,useful_packets,packets_dropped_by_delay,tx_airtime_ms,direct_neighbor_count,is_moving,gps_enabled
0,0,389.25166507740204,395.1859999996722,1.0,CLIENT,7,2,100000,16,49,0,91,94,86,5,32,32,51079.16800000003,2,False,False
0,1,35.9626080472689,-668.365280000483,1.0,CLIENT,7,2,100000,17,47,0,43,57,43,0,28,1,48994.304000000026,2,False,False
0,2,585.2241150980332,842.8037199998511,1.0,CLIENT,7,2,100000,15,47,0,49,59,49,0,33,1,48994.304000000026,2,False,False

1,0,-568.3517901774792,512.2946399998264,1.0,CLIENT,7,2,100000,16,38,0,45,75,45,0,22,7,39612.41600000002,2,False,False
1,1,-991.110466717421,801.6153200002238,1.0,CLIENT,7,2,100000,17,40,0,38,42,38,0,21,0,41697.28000000002,2,False,False
1,2,-786.0285454952664,-870.7450400004939,1.0,CLIENT,7,2,100000,13,47,0,4,30,4,0,3,0,48994.304000000026,2,False,False

2,0,-279.7795850745342,126.79348000022259,1.0,CLIENT,7,2,100000,16,46,0,50,51,50,0,32,2,47951.872000000025,2,False,False
2,1,-563.678235387152,917.8333999994627,1.0,CLIENT,7,2,100000,17,29,0,68,68,67,1,31,19,30230.528000000013,2,False,False
2,2,-593.8583095412946,582.203599999711,1.0,CLIENT,7,2,100000,15,22,0,74,75,74,0,33,26,22933.504000000008,2,False,False

3,0,642.3365388913402,-120.33691999991333,1.0,CLIENT,7,2,100000,16,49,0,73,98,72,1,28,22,51079.16800000003,2,False,False
3,1,-550.4496989469823,504.7248799999548,1.0,CLIENT,7,2,100000,17,53,0,14,50,14,0,8,1,55248.89600000003,2,False,False
3,2,851.537525352141,-389.2860400003306,1.0,CLIENT,7,2,100000,14,54,0,49,55,49,0,30,5,56291.32800000003,2,False,False

4,0,750.6996397919717,602.6864800002011,1.0,CLIENT,7,2,100000,16,55,0,47,58,47,0,31,3,57333.76000000003,2,False,False
4,1,364.9333376086789,489.3627199999827,1.0,CLIENT,7,2,100000,17,45,0,86,99,84,2,30,24,46909.440000000024,2,False,False
4,2,-448.66125986972605,-403.20104000000157,1.0,CLIENT,7,2,100000,14,45,0,33,66,33,0,21,2,46909.440000000024,2,False,False

5,0,981.7633571362037,368.0239200002259,1.0,CLIENT,7,2,100000,16,48,0,53,55,53,0,32,5,50036.736000000026,2,False,False
5,1,-419.0356752667015,-791.0399200000311,1.0,CLIENT,7,2,100000,17,44,0,41,52,41,0,23,4,45867.00800000002,2,False,False
5,2,71.21230095714473,268.9491199996263,1.0,CLIENT,7,2,100000,15,53,0,85,92,71,14,33,28,55248.89600000003,2,False,False

6,0,724.7970564627503,32.61675999991212,1.0,CLIENT,7,2,100000,16,52,0,50,85,50,0,31,5,54206.46400000003,2,False,False
6,1,-506.9618755592509,598.6789600000363,1.0,CLIENT,7,2,100000,17,58,0,51,81,51,0,31,9,60461.05600000003,2,False,False
6,2,-104.24403566198531,437.59892000016265,1.0,CLIENT,7,2,100000,15,36,0,110,110,109,1,33,32,37527.55200000002,2,False,False

7,0,-473.0588001313052,593.7808799997472,1.0,CLIENT,7,2,100000,16,28,0,70,70,70,0,32,23,29188.096000000012,2,False,False
7,1,-232.8063987921309,987.5197199999093,1.0,CLIENT,7,2,100000,17,35,0,63,63,63,0,31,13,36485.12000000002,2,False,False
7,2,-881.0046843700162,866.5148800001003,1.0,CLIENT,7,2,100000,15,35,0,63,63,63,0,33,13,36485.12000000002,2,False,False

8,0,509.8927489016793,196.47979999987825,1.0,CLIENT,7,2,100000,16,24,0,74,75,73,1,32,25,25018.36800000001,2,False,False
8,1,326.67355856295586,-313.0318399998558,1.0,CLIENT,7,2,100000,17,44,0,54,55,52,2,31,5,45867.00800000002,2,False,False
8,2,454.3645809694334,321.8261199997997,1.0,CLIENT,7,2,100000,15,31,0,66,68,66,0,33,18,32315.392000000014,2,False,False

9,0,318.43542808510045,-514.9663200001999,1.0,CLIENT,7,2,100000,16,47,0,61,68,61,0,32,10,48994.304000000026,2,False,False
9,1,-221.32054379873435,-207.72311999996674,1.0,CLIENT,7,2,100000,17,27,0,88,88,88,0,31,28,28145.66400000001,2,False,False
9,2,-830.6253479863595,-240.33987999987886,1.0,CLIENT,7,2,100000,15,41,0,62,74,62,0,33,14,42739.71200000002,2,False,False

10,0,330.31734704334013,-865.7356400004858,1.0,CLIENT,7,2,100000,16,51,0,50,66,50,0,31,5,53164.03200000003,2,False,False
10,1,905.2437990441947,553.4830399994536,1.0,CLIENT,7,2,100000,17,46,0,20,65,20,0,15,2,47951.872000000025,2,False,False
10,2,192.487087125959,-481.0137200004965,1.0,CLIENT,7,2,100000,15,47,0,77,97,77,0,32,23,48994.304000000026,2,False,False

11,0,-18.77343195472784,138.25943999974896,1.0,CLIENT,7,2,100000,16,31,0,66,68,66,0,32,18,32315.392000000014,2,False,False
11,1,-184.09053106239145,842.2471199996744,1.0,CLIENT,7,2,100000,17,27,0,71,72,71,0,31,22,28145.66400000001,2,False,False
11,2,-972.2578219704001,602.6864800002011,1.0,CLIENT,7,2,100000,15,41,0,57,58,56,1,33,8,42739.71200000002,2,False,False

12,0,146.78130553262963,598.9015999994742,1.0,CLIENT,7,2,100000,16,34,0,31,31,31,0,15,1,35442.68800000002,1,False,False
12,1,-950.8703678452309,-985.7386000004512,1.0,CLIENT,7,2,100000,15,60,0,0,0,0,0,0,0,62545.920000000035,0,False,False
12,2,491.11931694695147,321.8261199997997,1.0,CLIENT,7,2,100000,15,31,0,34,34,34,0,16,1,32315.392000000014,1,False,False

13,0,136.0875784700451,-992.1951599999695,1.0,CLIENT,7,2,100000,16,45,0,51,51,51,0,32,3,46909.440000000024,2,False,False
13,1,526.0521586848402,-200.26467999981406,1.0,CLIENT,7,2,100000,17,24,0,72,72,72,0,31,24,25018.36800000001,2,False,False
13,2,744.2041907614524,-550.2547600004855,1.0,CLIENT,7,2,100000,15,27,0,69,69,69,0,33,21,28145.66400000001,2,False,False

14,0,846.4679065964077,-343.0882399999044,1.0,CLIENT,7,2,100000,16,29,0,69,71,68,1,32,21,30230.528000000013,2,False,False
14,1,886.7872182620168,686.2877999995277,1.0,CLIENT,7,2,100000,17,44,0,55,56,53,2,31,6,45867.00800000002,2,False,False
14,2,278.59139317775345,-90.72580000032247,1.0,CLIENT,7,2,100000,15,27,0,71,73,71,0,33,22,28145.66400000001,2,False,False

15,0,-944.4541316075677,401.7538799997004,1.0,CLIENT,7,2,100000,16,45,0,65,82,65,0,31,15,46909.440000000024,2,False,False
15,1,-412.9362902015882,-631.4070400004584,1.0,CLIENT,7,2,100000,17,42,0,78,86,78,0,31,22,43782.14400000002,2,False,False
15,2,-641.8612621336409,-791.0399200000311,1.0,CLIENT,7,2,100000,15,41,0,70,87,70,0,33,19,42739.71200000002,2,False,False

16,0,10.614514269165644,-798.053080000517,1.0,CLIENT,7,2,100000,16,45,0,69,75,69,0,32,14,46909.440000000024,2,False,False
16,1,54.97367838056493,355.6673999997841,1.0,CLIENT,7,2,100000,17,41,0,65,80,65,0,31,18,42739.71200000002,2,False,False
16,2,-870.1525317211567,-357.6711600002619,1.0,CLIENT,7,2,100000,15,35,0,73,86,73,0,33,20,36485.12000000002,2,False,False

17,0,-940.9687687134582,390.95584000006966,1.0,CLIENT,7,2,100000,14,66,0,17,61,17,0,13,4,68800.51200000003,2,False,False
17,1,444.22534345796697,474.22320000023944,1.0,CLIENT,7,2,100000,16,70,0,27,96,27,0,18,4,72970.24000000003,2,False,False
17,2,477.8115677139256,-853.6017600002729,1.0,CLIENT,7,2,100000,13,57,0,16,60,16,0,13,1,59418.62400000003,2,False,False

18,0,908.8083747317229,638.3088799996435,1.0,CLIENT,7,2,100000,14,57,0,3,24,3,0,3,0,59418.62400000003,1,False,False
18,1,-804.8019774499943,-878.5374399998034,1.0,CLIENT,7,2,100000,17,38,0,31,41,31,0,14,3,39612.41600000002,1,False,False
18,2,336.7335832810034,-743.8402399997614,1.0,CLIENT,7,2,100000,14,42,0,32,63,32,0,18,3,43782.14400000002,2,False,False

19,0,940.1766407820835,-126.45952000027478,1.0,CLIENT,7,2,100000,16,47,0,57,84,57,0,32,7,48994.304000000026,2,False,False
19,1,-383.15228001228866,-126.12556000032697,1.0,CLIENT,7,2,100000,17,52,0,56,83,56,0,31,8,54206.46400000003,2,False,False
19,2,101.15473673215632,218.2985200001596,1.0,CLIENT,7,2,100000,15,40,0,99,99,99,0,33,31,41697.28000000002,2,False,False

20,0,214.1121796302591,802.7285199997863,1.0,CLIENT,7,2,100000,16,65,0,106,158,106,0,66,23,67758.08000000003,4,False,False
20,1,-435.4327234295563,302.01115999999615,1.0,CLIENT,7,2,100000,17,62,0,185,208,164,21,65,58,64630.784000000036,4,False,False
20,2,-26.694711260033333,-697.1971600004593,1.0,CLIENT,7,2,100000,15,56,0,139,181,138,1,66,53,58376.19200000003,4,False,False
20,3,133.94883305730303,490.3645999998261,1.0,CLIENT,7,2,100000,16,39,0,203,237,189,14,66,81,40654.84800000002,4,False,False
20,4,350.04133251459206,-678.1614400002704,1.0,CLIENT,7,2,100000,18,57,0,126,193,126,0,62,42,59418.62400000003,4,False,False

21,0,661.5852476037671,518.08328000024,1.0,CLIENT,7,2,100000,16,31,0,182,182,181,0,67,72,32315.392000000014,4,False,False
21,1,982.0009955153347,653.7823600001254,1.0,CLIENT,7,2,100000,17,49,0,135,160,134,0,66,40,51079.16800000003,4,False,False
21,2,849.3987799399619,872.9714399996186,1.0,CLIENT,7,2,100000,15,35,0,167,177,166,0,68,65,36485.12000000002,4,False,False
21,3,164.04969441858958,677.0482399999171,1.0,CLIENT,7,2,100000,17,38,0,175,175,174,0,66,65,39612.41600000002,4,False,False
21,4,-274.1554767671201,606.9166399998037,1.0,CLIENT,7,2,100000,18,60,0,117,147,117,0,62,33,62545.920000000035,4,False,False

22,0,48.240590970914546,-643.6522400003903,1.0,CLIENT,7,2,100000,16,35,0,135,135,134,1,67,49,36485.12000000002,4,False,False
22,1,83.0942199153844,-287.0942800004818,1.0,CLIENT,7,2,100000,17,33,0,137,137,136,1,66,51,34400.256000000016,4,False,False
22,2,-186.38770206140845,-739.276120000211,1.0,CLIENT,7,2,100000,15,25,0,144,145,144,0,68,59,26060.80000000001,4,False,False
22,3,-721.4701191549161,-221.63812000042867,1.0,CLIENT,7,2,100000,17,43,0,126,127,126,0,66,41,44824.57600000002,4,False,False
22,4,-597.8981619876475,-429.6952000003432,1.0,CLIENT,7,2,100000,18,34,0,136,136,135,1,65,53,35442.68800000002,4,False,False

23,0,-826.1894315751633,797.6078000000592,1.0,CLIENT,7,2,100000,16,57,0,130,159,129,1,63,41,59418.62400000003,3,False,False
23,1,433.1355524299764,-889.3354800002251,1.0,CLIENT,7,2,100000,17,56,0,34,81,34,0,25,3,58376.19200000003,2,False,False
23,2,-562.3316179052218,329.0619199997235,1.0,CLIENT,7,2,100000,15,41,0,181,196,177,4,64,71,42739.71200000002,4,False,False
23,3,-881.7968123002653,562.4999599996263,1.0,CLIENT,7,2,100000,16,51,0,126,161,126,0,63,42,53164.03200000003,3,False,False
23,4,369.8445307781372,394.8520399997244,1.0,CLIENT,7,2,100000,18,71,0,125,191,111,14,54,35,74012.67200000004,4,False,False

24,0,-235.26199537686,-441.6064400003273,1.0,CLIENT,7,2,100000,16,51,0,88,125,82,6,35,26,53164.03200000003,4,False,False
24,1,-734.1441660439676,-566.9527600002488,1.0,CLIENT,7,2,100000,17,52,0,51,63,51,0,34,0,54206.46400000003,2,False,False
24,2,433.84846756793235,988.2989599995238,1.0,CLIENT,7,2,100000,14,43,0,41,55,41,0,21,6,44824.57600000002,2,False,False
24,3,659.2880766053131,803.6190799999108,1.0,CLIENT,7,2,100000,16,40,0,47,66,47,0,19,12,41697.28000000002,3,False,False
24,4,869.9941061343188,-928.5201200001654,1.0,CLIENT,7,2,100000,18,48,0,35,58,35,0,24,0,50036.736000000026,3,False,False

25,0,973.5252266583482,422.1254399996806,1.0,CLIENT,7,2,100000,16,73,0,82,173,82,0,52,18,76097.53600000004,3,False,False
25,1,-266.1549846683957,264.0510400001281,1.0,CLIENT,7,2,100000,17,68,0,241,284,176,65,62,76,70885.37600000003,4,False,False
25,2,-394.7173477985412,950.116200000218,1.0,CLIENT,7,2,100000,15,78,0,77,125,76,1,58,5,81309.69600000004,4,False,False
25,3,327.386473700349,-712.0027200002548,1.0,CLIENT,7,2,100000,16,69,0,129,205,107,22,62,25,71927.80800000003,4,False,False
25,4,-864.2907850351743,-580.533799999972,1.0,CLIENT,7,2,100000,18,69,0,111,152,111,0,60,27,71927.80800000003,3,False,False

26,0,-332.21845407751397,-344.9806799998723,1.0,CLIENT,7,2,100000,16,53,0,190,194,168,22,66,71,55248.89600000003,4,False,False
26,1,433.7692547745135,367.2446799998204,1.0,CLIENT,7,2,100000,17,47,0,126,138,126,0,65,40,48994.304000000026,4,False,False
26,2,-494.76310542846136,-974.272640000134,1.0,CLIENT,7,2,100000,15,70,0,76,100,76,0,59,6,72970.24000000003,4,False,False
26,3,-375.70627746524525,204.60615999992655,1.0,CLIENT,7,2,100000,16,35,0,196,210,173,23,66,68,36485.12000000002,4,False,False
26,4,-112.40295334698466,678.4954000002182,1.0,CLIENT,7,2,100000,18,42,0,131,140,131,0,64,46,43782.14400000002,4,False,False

27,0,-411.03518316797715,-660.4615599998726,1.0,CLIENT,7,2,100000,16,32,0,65,73,65,0,32,17,33357.824000000015,3,False,False
27,1,-981.6049315510544,261.3793599997547,1.0,CLIENT,7,2,100000,17,44,0,57,59,56,1,31,6,45867.00800000002,3,False,False
27,2,-648.9112007152784,-444.16680000019085,1.0,CLIENT,7,2,100000,15,27,0,74,77,74,0,33,24,28145.66400000001,3,False,False
27,3,887.8169845719597,518.8625199998546,1.0,CLIENT,7,2,100000,16,34,0,37,38,37,0,18,1,35442.68800000002,4,False,False
27,4,855.7358033842061,959.9123600000053,1.0,CLIENT,7,2,100000,18,37,0,34,34,34,0,16,1,38569.98400000002,1,False,False

28,0,-50.06248521166951,-450.17808000004237,1.0,CLIENT,7,2,100000,16,51,0,176,206,161,15,67,67,53164.03200000003,4,False,False
28,1,512.5859838655394,-447.1724400005121,1.0,CLIENT,7,2,100000,17,52,0,144,202,137,7,66,45,54206.46400000003,4,False,False
28,2,-72.40049285336269,261.60199999998355,1.0,CLIENT,7,2,100000,15,64,0,181,215,158,23,68,62,66715.64800000003,4,False,False
28,3,-973.60443945233,-809.7416800002723,1.0,CLIENT,7,2,100000,17,57,0,66,123,66,0,43,3,59418.62400000003,3,False,False
28,4,705.6275605431795,804.5096400000352,1.0,CLIENT,7,2,100000,18,66,0,95,137,95,0,58,14,68800.51200000003,3,False,False

29,0,76.36113250573402,867.7394000001726,1.0,CLIENT,7,2,100000,16,75,0,118,189,118,0,64,29,78182.40000000004,4,False,False
29,1,-832.1303910540018,177.889360000147,1.0,CLIENT,7,2,100000,17,68,0,135,207,127,8,58,32,70885.37600000003,4,False,False
29,2,385.68708938987385,-503.72300000011137,1.0,CLIENT,7,2,100000,15,60,0,113,181,112,1,67,29,62545.920000000035,4,False,False
29,3,-65.0337030991753,-483.1287999999023,1.0,CLIENT,7,2,100000,16,51,0,181,229,176,5,66,65,53164.03200000003,4,False,False
29,4,429.5709767424483,-158.29703999978136,1.0,CLIENT,7,2,100000,18,38,0,206,248,195,11,64,79,39612.41600000002,4,False,False

30,0,-961.0888181495534,679.2746399998327,1.0,CLIENT,7,2,100000,16,74,0,78,85,78,0,59,3,77139.96800000004,4,False,False
30,1,96.95645870009113,-851.9319600005338,1.0,CLIENT,7,2,100000,17,68,0,33,84,33,0,27,0,70885.37600000003,4,False,False
30,2,-299.6619961314983,377.2634799998366,1.0,CLIENT,7,2,100000,15,78,0,189,254,149,40,62,71,81309.69600000004,4,False,False
30,3,889.4012404330209,776.4569999996735,1.0,CLIENT,7,2,100000,16,68,0,101,132,101,0,62,25,70885.37600000003,4,False,False
30,4,753.7889387212379,658.3464799996759,1.0,CLIENT,7,2,100000,18,57,0,137,161,137,0,60,48,59418.62400000003,4,False,False

31,0,875.3013632691831,891.7845199995787,1.0,CLIENT,7,2,100000,16,47,0,92,94,90,2,52,22,48994.304000000026,3,False,False
31,1,322.3168549446157,194.36471999968148,1.0,CLIENT,7,2,100000,17,25,0,115,132,115,0,51,47,26060.80000000001,4,False,False
31,2,-844.1707355985163,-821.9868800002041,1.0,CLIENT,7,2,100000,12,51,0,3,19,3,0,3,0,53164.03200000003,3,False,False
31,3,-129.67134223294462,815.0850400002281,1.0,CLIENT,7,2,100000,17,40,0,99,104,99,0,51,30,41697.28000000002,4,False,False
31,4,454.83985772769546,22.709279999614864,1.0,CLIENT,7,2,100000,18,29,0,112,132,111,1,50,39,30230.528000000013,4,False,False

32,0,330.39655983619616,686.6217599994754,1.0,CLIENT,7,2,100000,16,56,0,120,157,120,0,66,37,58376.19200000003,4,False,False
32,1,157.79188376720126,166.3120800001107,1.0,CLIENT,7,2,100000,17,33,0,188,189,182,6,65,64,34400.256000000016,4,False,False
32,2,218.70652162716743,-646.1012800005349,1.0,CLIENT,7,2,100000,15,57,0,123,161,123,0,67,38,59418.62400000003,4,False,False
32,3,261.79828105005555,407.43119999960413,1.0,CLIENT,7,2,100000,16,30,0,189,192,184,5,66,76,31272.960000000014,4,False,False
32,4,743.8081267960464,-193.69679999978587,1.0,CLIENT,7,2,100000,18,46,0,173,176,171,2,64,53,47951.872000000025,4,False,False

33,0,598.7695027101901,816.3095599995095,1.0,CLIENT,7,2,100000,16,76,0,82,135,82,0,62,8,79224.83200000004,4,False,False
33,1,733.9857404571299,-48.09024000039415,1.0,CLIENT,7,2,100000,17,61,0,170,204,154,16,65,60,63588.352000000035,4,False,False
33,2,-864.4492106208863,503.38904000016356,1.0,CLIENT,7,2,100000,15,61,0,50,153,50,0,39,3,63588.352000000035,4,False,False
33,3,67.88536364874757,-373.36728000018184,1.0,CLIENT,7,2,100000,17,54,0,194,257,176,18,66,71,56291.32800000003,4,False,False
33,4,-302.67208226734556,-704.9895599997689,1.0,CLIENT,7,2,100000,18,69,0,105,162,103,2,62,20,71927.80800000003,4,False,False

34,0,158.10873493975117,273.9585199996344,1.0,CLIENT,7,2,100000,16,45,0,235,239,198,37,67,83,46909.440000000024,4,False,False
34,1,688.6760228292065,-646.1012800005349,1.0,CLIENT,7,2,100000,17,66,0,103,141,103,0,60,26,68800.51200000003,4,False,False
34,2,-394.63813500568517,198.03827999989835,1.0,CLIENT,7,2,100000,15,48,0,178,226,169,9,68,66,50036.736000000026,4,False,False
34,3,85.54981650011352,984.7367199998168,1.0,CLIENT,7,2,100000,17,71,0,98,135,97,1,64,16,74012.67200000004,4,False,False
34,4,-422.0457614031116,-325.9449600004743,1.0,CLIENT,7,2,100000,18,54,0,160,203,152,8,65,58,56291.32800000003,4,False,False

35,0,-495.8720845312605,-21.262120000104687,1.0,CLIENT,7,2,100000,16,55,0,216,217,164,52,66,68,57333.76000000003,4,False,False
35,1,-928.7699985826687,767.3287599997818,1.0,CLIENT,7,2,100000,17,80,0,97,122,97,0,61,21,83394.56000000004,4,False,False
35,2,-135.92915288433295,-749.0722799999983,1.0,CLIENT,7,2,100000,15,54,0,132,144,131,1,66,48,56291.32800000003,4,False,False
35,3,-672.1205490812024,-689.7387200003067,1.0,CLIENT,7,2,100000,16,43,0,154,188,151,3,65,50,44824.57600000002,4,False,False
35,4,-444.3837690448048,331.39964000014913,1.0,CLIENT,7,2,100000,18,40,0,220,232,192,28,63,74,41697.28000000002,4,False,False

36,0,529.5375215795123,888.3335999995907,1.0,CLIENT,7,2,100000,16,65,0,122,157,119,2,67,33,67758.08000000003,4,False,False
36,1,-9.505535166929432,4.786759999779235,1.0,CLIENT,7,2,100000,17,38,0,184,190,179,5,66,62,39612.41600000002,4,False,False
36,2,497.5355531846147,361.23339999996887,1.0,CLIENT,7,2,100000,15,32,0,195,198,187,7,68,76,33357.824000000015,4,False,False
36,3,431.5512965689153,-286.0923999998474,1.0,CLIENT,7,2,100000,17,38,0,175,191,167,7,66,65,39612.41600000002,4,False,False
36,4,338.6346903140516,-417.22736000018244,1.0,CLIENT,7,2,100000,18,56,0,127,160,123,3,65,33,58376.19200000003,4,False,False

37,0,-133.3151307138917,501.6079199999146,1.0,CLIENT,7,2,100000,16,73,0,147,181,127,20,58,53,76097.53600000004,4,False,False
37,1,-956.2568377729513,677.4935199995838,1.0,CLIENT,7,2,100000,17,75,0,74,81,74,0,55,3,78182.40000000004,2,False,False
37,2,911.263971316452,-131.46892000028288,1.0,CLIENT,7,2,100000,15,45,0,167,189,151,16,64,55,46909.440000000024,3,False,False
37,3,185.59557413003364,-537.6755999998147,1.0,CLIENT,7,2,100000,16,53,0,176,191,154,22,63,64,55248.89600000003,4,False,False
37,4,877.2816830956501,-736.8270800000664,1.0,CLIENT,7,2,100000,18,63,0,97,116,95,2,60,17,65673.21600000003,3,False,False

38,0,909.046013110854,-78.48060000039055,1.0,CLIENT,7,2,100000,16,30,0,152,154,150,2,66,62,31272.960000000014,4,False,False
38,1,684.9530215554033,633.1881599999165,1.0,CLIENT,7,2,100000,17,46,0,131,138,126,5,65,43,47951.872000000025,4,False,False
38,2,44.596802489967466,-109.31624000005371,1.0,CLIENT,7,2,100000,15,34,0,147,150,147,0,67,56,35442.68800000002,4,False,False
38,3,306.71193471257294,-454.9648399998216,1.0,CLIENT,7,2,100000,16,42,0,135,142,133,2,66,50,43782.14400000002,4,False,False
38,4,384.0236207353939,272.1774000001764,1.0,CLIENT,7,2,100000,18,32,0,152,152,147,5,64,55,33357.824000000015,4,False,False

39,0,-681.388445868438,901.9146400001048,1.0,CLIENT,7,2,100000,16,41,0,149,153,145,4,66,50,42739.71200000002,4,False,False
39,1,-212.44871097690478,567.2867200001965,1.0,CLIENT,7,2,100000,17,22,0,172,173,168,4,65,68,22933.504000000008,4,False,False
39,2,-922.9874646895424,-102.19175999984884,1.0,CLIENT,7,2,100000,15,61,0,121,134,120,1,67,34,63588.352000000035,4,False,False
39,3,-102.65977980092421,285.2018399997229,1.0,CLIENT,7,2,100000,16,24,0,170,171,166,4,66,73,25018.36800000001,4,False,False
39,4,157.3166070089392,327.1694799997556,1.0,CLIENT,7,2,100000,18,47,0,124,148,121,3,63,42,48994.304000000026,4,False,False

40,0,153.03911618401796,192.69491999994244,1.0,CLIENT,7,2,100000,16,63,0,494,531,368,126,114,169,65673.21600000003,7,False,False
40,1,581.897177789636,468.87983999949256,1.0,CLIENT,7,2,100000,17,90,0,222,354,180,42,103,54,93818.88000000005,7,False,False
40,2,410.40148082287726,-413.77644000019444,1.0,CLIENT,7,2,100000,15,61,0,322,406,287,36,114,122,63588.352000000035,7,False,False
40,3,-867.6969351364276,-138.7047200002067,1.0,CLIENT,7,2,100000,16,59,0,349,450,300,49,115,144,61503.488000000034,7,False,False
40,4,-679.566551628246,-652.4465200003342,1.0,CLIENT,7,2,100000,18,71,0,306,354,274,32,112,111,74012.67200000004,7,False,False
40,5,-526.8442866162151,985.1819999994837,1.0,CLIENT,7,2,100000,10,105,0,227,297,211,16,120,73,109455.36000000006,6,False,False
40,6,162.4654385575285,-846.5885999997869,1.0,CLIENT,7,2,100000,18,73,0,242,352,226,16,111,80,76097.53600000004,6,False,False
40,7,-858.1121871766421,281.63960000001595,1.0,CLIENT,7,2,100000,21,73,0,320,422,275,45,110,113,76097.53600000004,7,False,False

41,0,221.00369262618443,-239.2266800003165,1.0,CLIENT,7,2,100000,16,34,0,370,406,343,26,115,151,35442.68800000002,7,False,False
41,1,-218.6273088348742,-653.7823600001254,1.0,CLIENT,7,2,100000,17,76,0,227,316,221,5,114,76,79224.83200000004,7,False,False
41,2,141.0779844323594,550.9226799995901,1.0,CLIENT,7,2,100000,15,43,0,360,394,332,28,116,149,44824.57600000002,7,False,False
41,3,750.5412142056966,163.4177599995084,1.0,CLIENT,7,2,100000,16,75,0,253,341,241,11,115,90,78182.40000000004,7,False,False
41,4,-344.10037303575365,-180.44972000001053,1.0,CLIENT,7,2,100000,18,33,0,389,409,356,32,113,165,34400.256000000016,7,False,False
41,5,618.8895521468479,184.23459999994634,1.0,CLIENT,7,2,100000,10,43,0,341,398,312,28,121,150,44824.57600000002,7,False,False
41,6,-299.9788473034854,-107.98040000026248,1.0,CLIENT,7,2,100000,18,43,0,390,399,354,35,113,162,44824.57600000002,7,False,False
41,7,-429.491763950155,802.6172000000673,1.0,CLIENT,7,2,100000,21,95,0,197,304,189,7,104,53,99031.04000000005,7,False,False

42,0,334.67405066168027,-537.2303200001479,1.0,CLIENT,7,2,100000,16,53,0,339,455,313,26,110,151,55248.89600000003,7,False,False
42,1,677.2693806286661,-676.7142799999692,1.0,CLIENT,7,2,100000,17,47,0,231,351,225,6,108,97,48994.304000000026,7,False,False
42,2,729.6290368387897,-279.74716000004804,1.0,CLIENT,7,2,100000,15,79,0,302,377,271,31,112,122,82352.12800000004,7,False,False
42,3,722.0246087054713,755.5288399995165,1.0,CLIENT,7,2,100000,16,101,0,236,331,191,45,99,73,105285.63200000006,6,False,False
42,4,378.87478918680455,-831.8943600005014,1.0,CLIENT,7,2,100000,18,76,0,228,310,213,15,107,83,79224.83200000004,6,False,False
42,5,-882.3513018519462,-910.8202399997676,1.0,CLIENT,7,2,100000,10,79,0,79,210,75,4,62,7,82352.12800000004,5,False,False
42,6,-401.2127968290606,366.24279999997697,1.0,CLIENT,7,2,100000,18,80,0,272,425,240,32,102,90,83394.56000000004,7,False,False
42,7,-192.8831510919278,994.0875999999375,1.0,CLIENT,7,2,100000,21,87,0,181,217,178,3,98,53,90691.58400000005,5,False,False

43,0,481.45535619430984,-134.58588000032307,1.0,CLIENT,7,2,100000,16,65,0,376,456,295,81,113,138,67758.08000000003,7,False,False
43,1,-682.022148212975,840.7999600001642,1.0,CLIENT,7,2,100000,17,96,0,119,242,116,3,85,13,100073.47200000005,6,False,False
43,2,-154.0688824945238,810.4096000001678,1.0,CLIENT,7,2,100000,15,47,0,349,385,314,35,112,144,48994.304000000026,7,False,False
43,3,-579.7584323774569,-735.7138800005041,1.0,CLIENT,7,2,100000,16,95,0,190,278,184,6,106,52,99031.04000000005,6,False,False
43,4,406.8369051353491,0.7792399996145605,1.0,CLIENT,7,2,100000,18,60,0,395,496,300,95,111,141,62545.920000000035,7,False,False
43,5,-170.86199462222172,445.39131999947216,1.0,CLIENT,7,2,100000,10,47,0,405,499,324,81,117,147,48994.304000000026,7,False,False
43,6,805.3564670005495,885.9958799999561,1.0,CLIENT,7,2,100000,18,92,0,211,261,207,4,107,71,95903.74400000005,6,False,False
43,7,396.3808164518956,-878.2034799998555,1.0,CLIENT,7,2,100000,21,80,0,222,256,219,3,101,82,83394.56000000004,6,False,False

44,0,-881.2423227491473,932.0823599998723,1.0,CLIENT,7,2,100000,16,82,0,183,195,181,1,108,51,85479.42400000004,4,False,False
44,1,-521.7746678604818,849.5942400001081,1.0,CLIENT,7,2,100000,17,53,0,222,232,221,0,108,89,55248.89600000003,6,False,False
44,2,851.537525352141,-243.45683999991905,1.0,CLIENT,7,2,100000,15,84,0,179,234,177,1,100,58,87564.28800000004,6,False,False
44,3,-371.34957384690506,350.21272000010924,1.0,CLIENT,7,2,100000,16,34,0,313,484,277,36,110,130,35442.68800000002,7,False,False
44,4,-763.6905378535733,-881.2091200001769,1.0,CLIENT,7,2,100000,18,77,0,212,295,210,2,104,79,80267.26400000004,7,False,False
44,5,588.4718396130114,-770.8910000002797,1.0,CLIENT,7,2,100000,10,78,0,217,331,203,13,106,70,81309.69600000004,5,False,False
44,6,-221.95424614327138,50.873239999695556,1.0,CLIENT,7,2,100000,18,106,0,444,487,257,186,112,112,110497.79200000006,7,False,False
44,7,-659.9217789504129,-988.9668800002105,1.0,CLIENT,7,2,100000,20,84,0,221,293,213,8,103,71,87564.28800000004,6,False,False

45,0,28.99188225792466,859.5017199996144,1.0,CLIENT,7,2,100000,16,82,0,278,315,254,24,105,110,85479.42400000004,7,False,False
45,1,894.5500719816101,669.5897999997644,1.0,CLIENT,7,2,100000,17,79,0,204,275,200,4,104,69,82352.12800000004,7,False,False
45,2,-52.51808179639864,-108.6483200001581,1.0,CLIENT,7,2,100000,15,44,0,401,444,340,61,114,174,45867.00800000002,7,False,False
45,3,159.9306291799433,-396.85580000020224,1.0,CLIENT,7,2,100000,16,45,0,320,420,293,27,112,127,46909.440000000024,7,False,False
45,4,-329.92128307905983,-225.64563999980237,1.0,CLIENT,7,2,100000,18,36,0,311,378,288,23,110,122,37527.55200000002,7,False,False
45,5,-195.33874767665694,-126.45952000027478,1.0,CLIENT,7,2,100000,10,40,0,352,422,304,48,118,145,41697.28000000002,7,False,False
45,6,-289.2851202409008,-801.9492800001717,1.0,CLIENT,7,2,100000,18,102,0,165,173,165,0,110,37,106328.06400000006,6,False,False
45,7,589.0263291646924,920.2824399996073,1.0,CLIENT,7,2,100000,20,62,0,223,301,218,5,101,84,64630.784000000036,6,False,False

46,0,-175.77318779167996,803.3964399996819,1.0,CLIENT,7,2,100000,16,109,0,187,235,183,4,107,55,113625.08800000006,7,False,False
46,1,435.8287873938366,-735.825200000223,1.0,CLIENT,7,2,100000,17,88,0,205,265,205,0,108,72,91734.01600000005,7,False,False
46,2,-251.10455398803384,-935.4219600001414,1.0,CLIENT,7,2,100000,15,53,0,317,341,303,14,115,126,55248.89600000003,7,False,False
46,3,-485.0199318824009,-41.633680000084894,1.0,CLIENT,7,2,100000,16,38,0,452,470,324,128,113,157,39612.41600000002,7,False,False
46,4,-660.9515452597931,-243.12287999997125,1.0,CLIENT,7,2,100000,18,35,0,424,471,342,82,111,174,36485.12000000002,7,False,False
46,5,-942.7906629536503,112.76716000004171,1.0,CLIENT,7,2,100000,10,48,0,341,388,297,44,119,129,50036.736000000026,7,False,False
46,6,-871.3407236168118,-537.6755999998147,1.0,CLIENT,7,2,100000,18,74,0,274,359,260,14,111,95,77139.96800000004,7,False,False
46,7,-229.2418231046027,-42.96951999987613,1.0,CLIENT,7,2,100000,20,63,0,443,445,284,159,108,121,65673.21600000003,7,False,False

47,0,-391.15277211101306,-608.141159999876,1.0,CLIENT,7,2,100000,16,62,0,267,344,257,10,94,124,64630.784000000036,7,False,False
47,1,272.4127953192212,807.0699999998988,1.0,CLIENT,7,2,100000,17,72,0,199,232,199,0,109,70,75055.10400000004,7,False,False
47,2,181.23887051169348,670.8143199998367,1.0,CLIENT,7,2,100000,15,41,0,253,321,251,2,111,114,42739.71200000002,7,False,False
47,3,-238.4305070989822,299.78476000008044,1.0,CLIENT,7,2,100000,16,67,0,343,407,311,32,112,143,69842.94400000003,7,False,False
47,4,107.80861134895065,392.51432000008975,1.0,CLIENT,7,2,100000,18,38,0,332,414,311,22,110,147,39612.41600000002,7,False,False
47,5,-781.7510546703452,-712.8932800003793,1.0,CLIENT,7,2,100000,10,79,0,156,225,156,0,96,45,82352.12800000004,7,False,False
47,6,521.1409655153819,-842.2471200004654,1.0,CLIENT,7,2,100000,18,79,0,114,250,112,2,69,20,82352.12800000004,7,False,False
47,7,242.0742955788036,640.0899999998924,1.0,CLIENT,7,2,100000,20,52,0,239,307,232,7,106,98,54206.46400000003,7,False,False

48,0,793.949824800572,74.58439999994482,1.0,CLIENT,7,2,100000,16,94,0,315,394,235,80,106,96,97988.60800000005,7,False,False
48,1,-26.853136846308296,-728.1441199998415,1.0,CLIENT,7,2,100000,17,81,0,356,457,263,93,110,115,84436.99200000004,7,False,False
48,2,-951.1080062243618,-556.3773600000559,1.0,CLIENT,7,2,100000,15,75,0,252,258,240,12,114,91,78182.40000000004,7,False,False
48,3,-335.1493274205052,-292.9942399998234,1.0,CLIENT,7,2,100000,16,41,0,463,568,365,98,114,180,42739.71200000002,7,False,False
48,4,815.020427753191,-679.3859600003427,1.0,CLIENT,7,2,100000,18,91,0,199,267,195,4,101,64,94861.31200000005,7,False,False
48,5,-663.8032058099282,413.5537999999656,1.0,CLIENT,7,2,100000,10,97,0,277,376,226,51,115,90,101115.90400000005,7,False,False
48,6,-517.3387514492856,-289.6546400003453,1.0,CLIENT,7,2,100000,18,35,0,355,506,317,38,111,148,36485.12000000002,7,False,False
48,7,360.2597828183517,801.7266399999428,1.0,CLIENT,7,2,100000,20,110,0,207,306,180,27,101,53,114667.52000000006,7,False,False

49,0,-31.051414878373485,616.712799999591,1.0,CLIENT,7,2,100000,16,68,0,217,303,215,1,109,84,70885.37600000003,7,False,False
49,1,-492.4659344300072,-21.039479999875823,1.0,CLIENT,7,2,100000,17,41,0,383,384,338,43,114,152,42739.71200000002,7,False,False
49,2,-169.51537714029163,248.5775599996461,1.0,CLIENT,7,2,100000,15,36,0,377,387,350,25,116,179,37527.55200000002,7,False,False
49,3,130.62189574890587,-725.1384800003111,1.0,CLIENT,7,2,100000,16,65,0,237,321,232,5,113,90,67758.08000000003,7,False,False
49,4,-990.0807004080409,-521.3115599999992,1.0,CLIENT,7,2,100000,18,86,0,214,297,204,9,111,57,89649.15200000005,7,False,False
49,5,-310.4349359869389,156.40459999981346,1.0,CLIENT,7,2,100000,10,23,0,400,402,372,26,121,183,23975.93600000001,7,False,False
49,6,-331.03026218129605,631.8523200001252,1.0,CLIENT,7,2,100000,18,62,0,238,312,235,2,107,86,64630.784000000036,7,False,False
49,7,-199.37860012244715,-482.7948399999545,1.0,CLIENT,7,2,100000,21,42,0,370,381,339,29,110,155,43782.14400000002,7,False,False

50,0,554.0142746339476,805.5115199998786,1.0,CLIENT,7,2,100000,16,93,0,209,284,199,6,111,70,96946.17600000005,5,False,False
50,1,-0.1584255862749621,-355.778720000294,1.0,CLIENT,7,2,100000,17,68,0,416,518,285,128,115,125,70885.37600000003,7,False,False
50,2,-977.1690151398582,-716.1215600001384,1.0,CLIENT,7,2,100000,15,71,0,197,210,193,2,111,64,74012.67200000004,6,False,False
50,3,-262.74883456714247,988.7442399999816,1.0,CLIENT,7,2,100000,17,90,0,228,283,224,1,110,70,93818.88000000005,6,False,False
50,4,908.3330979734609,-872.7488000001807,1.0,CLIENT,7,2,100000,18,91,0,107,162,105,1,73,14,94861.31200000005,6,False,False
50,5,-369.36925402043806,-139.59528000033117,1.0,CLIENT,7,2,100000,10,67,0,383,480,302,77,122,145,69842.94400000003,7,False,False
50,6,363.7451457130238,196.70244000010712,1.0,CLIENT,7,2,100000,18,57,0,377,451,322,52,112,143,59418.62400000003,7,False,False
50,7,-793.7121864220038,-742.9496800004279,1.0,CLIENT,7,2,100000,21,63,0,212,236,208,2,105,72,65673.21600000003,6,False,False

51,0,-311.781553468869,-269.505719999803,1.0,CLIENT,7,2,100000,16,60,0,368,423,318,50,113,147,62545.920000000035,7,False,False
51,1,-623.6423197305941,730.1478799995283,1.0,CLIENT,7,2,100000,17,67,0,303,395,265,38,112,116,69842.94400000003,6,False,False
51,2,678.774423696871,988.4102800000337,1.0,CLIENT,7,2,100000,15,105,0,111,173,111,0,92,7,109455.36000000006,4,False,False
51,3,801.3958273476155,-967.7047600001058,1.0,CLIENT,7,2,100000,15,56,0,29,113,29,0,25,0,58376.19200000003,3,False,False
51,4,262.6696217737236,367.5786399997682,1.0,CLIENT,7,2,100000,18,90,0,301,397,248,53,108,103,93818.88000000005,7,False,False
51,5,-986.7537630996437,-28.163960000080692,1.0,CLIENT,7,2,100000,10,58,0,288,332,272,16,119,116,60461.05600000003,5,False,False
51,6,-785.6324815304233,356.22399999996077,1.0,CLIENT,7,2,100000,18,41,0,357,386,323,34,111,155,42739.71200000002,6,False,False
51,7,-798.3065284194748,-669.5897999997644,1.0,CLIENT,7,2,100000,21,88,0,170,251,167,3,102,42,91734.01600000005,6,False,False

52,0,-900.6494570478493,-653.2257599999489,1.0,CLIENT,7,2,100000,16,109,0,121,177,120,0,94,12,113625.08800000006,7,False,False
52,1,666.2588023940945,-835.7905600001561,1.0,CLIENT,7,2,100000,17,72,0,205,321,202,2,112,68,75055.10400000004,7,False,False
52,2,781.9886930489133,20.59420000020907,1.0,CLIENT,7,2,100000,15,60,0,370,430,316,52,114,136,62545.920000000035,7,False,False
52,3,401.21279682849774,-645.989960000025,1.0,CLIENT,7,2,100000,16,52,0,384,489,338,45,113,165,54206.46400000003,7,False,False
52,4,-519.3190712757527,104.30684000004561,1.0,CLIENT,7,2,100000,18,101,0,316,427,224,91,105,92,105285.63200000006,7,False,False
52,5,73.5886847490178,900.4674799998037,1.0,CLIENT,7,2,100000,10,84,0,227,254,223,4,119,87,87564.28800000004,7,False,False
52,6,726.5397379095236,-646.3239199999728,1.0,CLIENT,7,2,100000,18,57,0,266,350,261,3,111,112,59418.62400000003,7,False,False
52,7,591.0066489911594,457.97048000014286,1.0,CLIENT,7,2,100000,20,76,0,355,426,294,59,110,128,79224.83200000004,7,False,False

53,0,482.16827133170295,447.0611200000022,1.0,CLIENT,7,2,100000,16,40,0,336,432,313,22,115,161,41697.28000000002,7,False,False
53,1,-815.1788533400289,645.5446799995673,1.0,CLIENT,7,2,100000,17,98,0,158,255,157,1,105,35,102158.33600000005,6,False,False
53,2,621.8204254898391,218.63248000010742,1.0,CLIENT,7,2,100000,15,53,0,312,393,291,21,116,136,55248.89600000003,7,False,False
53,3,-573.1045577606625,783.1362000002116,1.0,CLIENT,7,2,100000,16,73,0,275,339,258,16,110,114,76097.53600000004,6,False,False
53,4,544.8255906390052,291.1017999998555,1.0,CLIENT,7,2,100000,18,48,0,321,417,290,30,113,131,50036.736000000026,7,False,False
53,5,803.7722111394885,-924.8465599999486,1.0,CLIENT,7,2,100000,10,79,0,79,154,78,0,67,3,82352.12800000004,5,False,False
53,6,678.299146938609,607.4732399999803,1.0,CLIENT,7,2,100000,18,67,0,234,337,231,2,113,90,69842.94400000003,7,False,False
53,7,170.30750506997794,594.5601200001528,1.0,CLIENT,7,2,100000,21,53,0,380,393,347,32,110,146,55248.89600000003,7,False,False

54,0,894.6292847744662,704.5442800001022,1.0,CLIENT,7,2,100000,16,83,0,221,250,221,0,114,73,86521.85600000004,5,False,False
54,1,-997.2098517830973,-622.7240800002335,1.0,CLIENT,7,2,100000,17,83,0,173,246,172,1,100,50,86521.85600000004,6,False,False
54,2,-347.26888475787587,451.40260000011466,1.0,CLIENT,7,2,100000,15,50,0,320,431,295,25,115,127,52121.60000000003,7,False,False
54,3,-411.03518316797715,-937.0917599998804,1.0,CLIENT,7,2,100000,17,83,0,204,239,201,3,99,78,86521.85600000004,6,False,False
54,4,122.3045524781944,-129.68780000003392,1.0,CLIENT,7,2,100000,18,64,0,396,439,276,120,111,124,66715.64800000003,7,False,False
54,5,352.02165234105917,503.1663999999347,1.0,CLIENT,7,2,100000,10,31,0,308,322,303,5,120,138,32315.392000000014,7,False,False
54,6,-134.10725864414084,897.7958000002212,1.0,CLIENT,7,2,100000,18,59,0,274,285,270,4,112,111,61503.488000000034,7,False,False
54,7,154.06888249396096,-34.73184000010889,1.0,CLIENT,7,2,100000,20,53,0,402,448,294,108,110,134,55248.89600000003,7,False,False

55,0,501.1001288721429,-23.82247999996821,1.0,CLIENT,7,2,100000,16,42,0,423,524,342,81,112,169,43782.14400000002,7,False,False
55,1,823.7338349893085,765.6589600000427,1.0,CLIENT,7,2,100000,17,80,0,258,327,229,29,108,87,83394.56000000004,7,False,False
55,2,-818.1889394764389,-190.91380000048446,1.0,CLIENT,7,2,100000,15,104,0,168,321,138,30,92,26,108412.92800000006,7,False,False
55,3,512.5859838655394,-344.64671999992447,1.0,CLIENT,7,2,100000,16,41,0,356,453,328,28,110,162,42739.71200000002,7,False,False
55,4,491.35695532664533,542.9076400000517,1.0,CLIENT,7,2,100000,18,66,0,375,458,287,88,110,132,68800.51200000003,7,False,False
55,5,48.002952591783526,-672.7067599998045,1.0,CLIENT,7,2,100000,10,84,0,270,328,262,8,116,115,87564.28800000004,7,False,False
55,6,583.1645824781472,-538.3435200005013,1.0,CLIENT,7,2,100000,18,63,0,270,374,265,5,108,118,65673.21600000003,7,False,False
55,7,-306.9495730922668,979.7273199998087,1.0,CLIENT,7,2,100000,20,114,0,202,310,166,36,101,43,118837.24800000007,7,False,False

56,0,-801.871104107003,404.98215999945955,1.0,CLIENT,7,2,100000,16,26,0,129,136,129,0,61,51,27103.23200000001,6,False,False
56,1,891.3815602594879,960.1350000002342,1.0,CLIENT,7,2,100000,17,69,0,25,108,25,0,22,0,71927.80800000003,7,False,False
56,2,-538.9638439535858,27.830000000132884,1.0,CLIENT,7,2,100000,15,60,0,102,148,102,0,62,24,62545.920000000035,7,False,False
56,3,-683.52719128118,877.3129199997311,1.0,CLIENT,7,2,100000,17,34,0,121,137,121,0,60,44,35442.68800000002,4,False,False
56,4,-520.9825399302326,631.5183600001774,1.0,CLIENT,7,2,100000,18,35,0,126,181,125,1,59,48,36485.12000000002,6,False,False
56,5,876.4103423719821,-433.0347999998213,1.0,CLIENT,7,2,100000,10,40,0,124,182,119,6,59,47,41697.28000000002,6,False,False
56,6,827.3776234702557,-392.2916799998609,1.0,CLIENT,7,2,100000,18,49,0,115,193,113,2,51,37,51079.16800000003,6,False,False
56,7,982.6346978598717,-785.919200000304,1.0,CLIENT,7,2,100000,20,60,0,90,97,88,2,48,20,62545.920000000035,4,False,False

57,0,-107.65018576323853,-615.4882800003097,1.0,CLIENT,7,2,100000,16,53,0,345,369,279,66,108,131,55248.89600000003,7,False,False
57,1,655.644288124366,98.07291999996522,1.0,CLIENT,7,2,100000,17,60,0,234,285,231,3,108,91,62545.920000000035,7,False,False
57,2,-892.807390534837,-483.35144000013116,1.0,CLIENT,7,2,100000,15,108,0,150,222,148,2,105,27,112582.65600000006,7,False,False
57,3,823.8922605755835,6.790519999466085,1.0,CLIENT,7,2,100000,16,69,0,207,245,204,3,109,72,71927.80800000003,7,False,False
57,4,460.06790206914076,-641.9824399998604,1.0,CLIENT,7,2,100000,18,36,0,288,342,278,10,107,115,37527.55200000002,6,False,False
57,5,-355.98229199399333,-267.9472399997829,1.0,CLIENT,7,2,100000,10,45,0,373,427,323,50,114,160,46909.440000000024,7,False,False
57,6,-206.11168753209753,-593.5582400003093,1.0,CLIENT,7,2,100000,18,39,0,338,382,297,41,106,139,40654.84800000002,7,False,False
57,7,-620.3945952156158,970.9330399998648,1.0,CLIENT,7,2,100000,20,70,0,35,144,35,0,28,1,72970.24000000003,6,False,False

58,0,-676.3188271127048,431.03104000013445,1.0,CLIENT,7,2,100000,16,91,0,189,258,186,3,113,49,94861.31200000005,7,False,False
58,1,593.8583095407317,-200.82127999999074,1.0,CLIENT,7,2,100000,17,59,0,314,380,296,18,115,134,61503.488000000034,7,False,False
58,2,-148.60319977338457,223.64188000011552,1.0,CLIENT,7,2,100000,15,33,0,413,428,375,37,116,179,34400.256000000016,7,False,False
58,3,970.119076557095,-5.454680000465828,1.0,CLIENT,7,2,100000,17,94,0,186,252,182,3,115,50,97988.60800000005,7,False,False
58,4,-481.2969306091606,-155.9593200001467,1.0,CLIENT,7,2,100000,18,51,0,304,365,288,15,113,139,53164.03200000003,7,False,False
58,5,-200.32915363897126,-288.65276000050187,1.0,CLIENT,7,2,100000,10,38,0,383,419,338,44,121,167,39612.41600000002,7,False,False
58,6,-302.98893343989545,157.8517600001146,1.0,CLIENT,7,2,100000,18,37,0,373,419,346,26,113,173,38569.98400000002,7,False,False
58,7,562.490043490934,446.39320000010656,1.0,CLIENT,7,2,100000,21,58,0,342,402,318,23,111,131,60461.05600000003,7,False,False

59,0,-13.386962027007538,327.72607999993227,1.0,CLIENT,7,2,100000,16,35,0,384,438,341,43,114,171,36485.12000000002,7,False,False
59,1,-654.2184578501426,69.35235999970786,1.0,CLIENT,7,2,100000,17,61,0,358,407,306,52,114,123,63588.352000000035,7,False,False
59,2,-249.04502136871068,-955.4595600001738,1.0,CLIENT,7,2,100000,15,86,0,221,278,214,7,114,76,89649.15200000005,6,False,False
59,3,424.73899636640897,-199.59675999991845,1.0,CLIENT,7,2,100000,16,57,0,394,422,306,88,115,132,59418.62400000003,7,False,False
59,4,-659.6841405712819,-616.712800000382,1.0,CLIENT,7,2,100000,18,70,0,254,302,251,3,111,94,72970.24000000003,7,False,False
59,5,186.30848926742672,248.3549200002082,1.0,CLIENT,7,2,100000,10,24,0,381,445,343,38,121,179,25018.36800000001,7,False,False
59,6,311.62312788203116,216.4060800001917,1.0,CLIENT,7,2,100000,18,42,0,350,424,315,35,113,151,43782.14400000002,7,False,False
59,7,331.1094749741521,871.6355999998274,1.0,CLIENT,7,2,100000,21,105,0,180,221,178,2,108,44,109455.36000000006,6,False,False

60,0,240.17318854575544,-581.3130400003774,1.0,CLIENT,7,2,100000,16,48,0,436,536,400,36,143,196,50036.736000000026,9,False,False
60,1,-621.7412126975458,-24.37908000014488,1.0,CLIENT,7,2,100000,17,103,0,403,599,339,64,140,149,107370.49600000006,9,False,False
60,2,746.0260850016446,899.6882400001891,1.0,CLIENT,7,2,100000,15,94,0,253,346,249,4,141,83,97988.60800000005,9,False,False
60,3,-973.0499499006492,591.9997599994983,1.0,CLIENT,7,2,100000,16,123,0,218,332,213,5,132,58,128219.13600000007,7,False,False
60,4,50.06248521110667,933.6408399998925,1.0,CLIENT,7,2,100000,18,99,0,435,548,345,90,140,153,103200.76800000005,9,False,False
60,5,539.5183335047038,-773.0060800004765,1.0,CLIENT,7,2,100000,10,81,0,293,393,290,3,148,117,84436.99200000004,8,False,False
60,6,586.1746686145573,415.66888000016235,1.0,CLIENT,7,2,100000,18,76,0,551,658,452,99,143,217,79224.83200000004,9,False,False
60,7,691.4484705859228,-395.7425999998489,1.0,CLIENT,7,2,100000,20,75,0,406,546,373,33,139,167,78182.40000000004,8,False,False
60,8,469.96950120147625,757.1986400000467,1.0,CLIENT,7,2,100000,13,45,0,406,614,364,42,143,192,46909.440000000024,9,False,False
60,9,-134.10725864414084,-515.5229200003765,1.0,CLIENT,7,2,100000,20,91,0,406,583,354,53,139,154,94861.31200000005,9,False,False

61,0,874.9845120966332,-523.315320000477,1.0,CLIENT,7,2,100000,16,95,0,291,379,291,0,147,113,99031.04000000005,9,False,False
61,1,94.02558535709997,897.4618399994824,1.0,CLIENT,7,2,100000,17,115,0,270,364,268,2,142,95,119879.68000000007,9,False,False
61,2,-660.713906880662,-221.52679999991875,1.0,CLIENT,7,2,100000,15,90,0,297,444,281,16,145,112,93818.88000000005,9,False,False
61,3,647.3269448536544,101.30119999972436,1.0,CLIENT,7,2,100000,16,58,0,505,561,387,118,147,174,60461.05600000003,9,False,False
61,4,-388.3803243542968,-260.71143999985907,1.0,CLIENT,7,2,100000,18,40,0,486,588,443,43,145,231,41697.28000000002,9,False,False
61,5,290.39409934313704,186.12703999991425,1.0,CLIENT,7,2,100000,10,30,0,605,608,446,159,153,235,31272.960000000014,9,False,False
61,6,560.0344469062048,153.732920000231,1.0,CLIENT,7,2,100000,18,46,0,551,587,414,137,145,206,47951.872000000025,9,False,False
61,7,58.30061568896208,-161.85928000027928,1.0,CLIENT,7,2,100000,20,40,0,591,598,463,128,143,231,41697.28000000002,9,False,False
61,8,74.85608943752898,-713.8951600002226,1.0,CLIENT,7,2,100000,13,79,0,444,470,379,65,150,151,82352.12800000004,9,False,False
61,9,-214.11217963082194,120.89352000009,1.0,CLIENT,7,2,100000,20,45,0,549,586,441,108,143,209,46909.440000000024,9,False,False

62,0,-73.74711033529277,-861.9507599997589,1.0,CLIENT,7,2,100000,16,126,0,222,306,221,1,135,64,131346.43200000006,9,False,False
62,1,-96.48118194239194,953.5671200002059,1.0,CLIENT,7,2,100000,17,69,0,430,486,360,70,146,156,71927.80800000003,9,False,False
62,2,728.5200577359906,288.0961599995342,1.0,CLIENT,7,2,100000,15,77,0,361,464,341,20,147,153,80267.26400000004,9,False,False
62,3,18.61500636789004,804.8435999999831,1.0,CLIENT,7,2,100000,16,57,0,493,508,392,101,147,184,59418.62400000003,9,False,False
62,4,-957.7618808411562,550.0321199994655,1.0,CLIENT,7,2,100000,18,79,0,316,343,308,8,145,127,82352.12800000004,9,False,False
62,5,-378.08266125711833,130.2444000002106,1.0,CLIENT,7,2,100000,10,42,0,628,641,438,190,153,231,43782.14400000002,9,False,False
62,6,-788.0088653217335,535.7831599998468,1.0,CLIENT,7,2,100000,18,54,0,358,439,341,17,145,153,56291.32800000003,9,False,False
62,7,-155.09864880390396,71.24479999967576,1.0,CLIENT,7,2,100000,20,63,0,617,620,368,249,142,175,65673.21600000003,9,False,False
62,8,-405.4902876545447,245.90588000006363,1.0,CLIENT,7,2,100000,13,34,0,608,649,470,138,150,257,35442.68800000002,9,False,False
62,9,674.7345712510809,-61.89392000034616,1.0,CLIENT,7,2,100000,20,82,0,424,483,341,83,142,146,85479.42400000004,9,False,False

63,0,712.1230095736987,891.8958400000886,1.0,CLIENT,7,2,100000,16,107,0,312,442,277,35,139,98,111540.22400000006,7,False,False
63,1,-955.8607738075452,-527.7681200003085,1.0,CLIENT,7,2,100000,17,94,0,300,377,288,12,141,103,97988.60800000005,8,False,False
63,2,-382.67700325402666,-63.118440000418445,1.0,CLIENT,7,2,100000,15,48,0,647,741,439,208,143,227,50036.736000000026,9,False,False
63,3,-567.2428110746802,999.2083199996646,1.0,CLIENT,7,2,100000,16,109,0,235,403,231,4,131,76,113625.08800000006,8,False,False
63,4,-61.310701825935,-969.3745599998448,1.0,CLIENT,7,2,100000,18,112,0,304,378,275,29,139,95,116752.38400000006,7,False,False
63,5,-42.774908250338186,-28.275279999799636,1.0,CLIENT,7,2,100000,10,61,0,734,781,411,323,149,208,63588.352000000035,9,False,False
63,6,-525.180817961735,735.3799199997652,1.0,CLIENT,7,2,100000,18,84,0,398,566,355,43,135,160,87564.28800000004,9,False,False
63,7,802.8216576229644,-23.265879999791537,1.0,CLIENT,7,2,100000,20,107,0,346,475,307,39,138,122,111540.22400000006,9,False,False
63,8,677.2693806286661,412.9971999997889,1.0,CLIENT,7,2,100000,13,68,0,406,564,378,28,145,185,70885.37600000003,9,False,False
63,9,-382.8354288403016,-373.144639999953,1.0,CLIENT,7,2,100000,20,52,0,500,645,417,83,138,191,54206.46400000003,9,False,False

64,0,959.4253494945104,-44.86195999984403,1.0,CLIENT,7,2,100000,16,95,0,306,400,293,13,144,121,99031.04000000005,9,False,False
64,1,-411.9065238916452,574.7451599995583,1.0,CLIENT,7,2,100000,17,93,0,406,542,332,74,142,144,96946.17600000005,9,False,False
64,2,-375.9439158443762,-777.2362400000791,1.0,CLIENT,7,2,100000,15,98,0,249,346,245,4,141,82,102158.33600000005,8,False,False
64,3,-251.8174691254269,-149.3914400001185,1.0,CLIENT,7,2,100000,16,63,0,495,595,407,88,142,193,65673.21600000003,9,False,False
64,4,716.5589259848949,365.6861999998003,1.0,CLIENT,7,2,100000,18,39,0,457,512,422,35,142,207,40654.84800000002,9,False,False
64,5,525.1808179611721,780.687160000067,1.0,CLIENT,7,2,100000,10,40,0,452,485,404,48,150,210,41697.28000000002,9,False,False
64,6,250.1540004709469,105.08607999966017,1.0,CLIENT,7,2,100000,18,66,0,616,643,428,188,144,214,68800.51200000003,9,False,False
64,7,788.3257164937206,718.7932399997209,1.0,CLIENT,7,2,100000,20,48,0,393,444,370,23,140,175,50036.736000000026,9,False,False
64,8,-882.9850041959205,-110.87472000007381,1.0,CLIENT,7,2,100000,13,96,0,308,336,290,18,143,113,100073.47200000005,8,False,False
64,9,709.8258385752446,989.634800000106,1.0,CLIENT,7,2,100000,20,72,0,354,402,322,32,140,137,75055.10400000004,7,False,False

65,0,-355.4278024428752,668.2539599999732,1.0,CLIENT,7,2,100000,16,110,0,312,406,266,46,132,105,114667.52000000006,9,False,False
65,1,265.0460055650338,-889.7807599998919,1.0,CLIENT,7,2,100000,17,44,0,341,369,334,7,142,143,45867.00800000002,9,False,False
65,2,-376.5776181889133,-578.1960800003372,1.0,CLIENT,7,2,100000,15,41,0,401,468,375,26,144,189,42739.71200000002,9,False,False
65,3,492.06987046403833,-39.07332000022137,1.0,CLIENT,7,2,100000,16,98,0,529,555,354,175,140,144,102158.33600000005,9,False,False
65,4,-532.2307565439353,-273.0679600003009,1.0,CLIENT,7,2,100000,18,80,0,411,445,341,70,140,151,83394.56000000004,9,False,False
65,5,-249.36187254069776,-905.3655600000928,1.0,CLIENT,7,2,100000,10,43,0,331,377,324,7,149,144,44824.57600000002,8,False,False
65,6,908.412310766317,691.7424799999935,1.0,CLIENT,7,2,100000,18,86,0,226,291,226,0,130,79,89649.15200000005,8,False,False
65,7,33.665437048251896,-992.6404400004274,1.0,CLIENT,7,2,100000,20,49,0,331,347,324,7,139,141,51079.16800000003,9,False,False
65,8,109.23444162373679,-734.044079999974,1.0,CLIENT,7,2,100000,13,29,0,365,440,351,14,146,170,30230.528000000013,9,False,False
65,9,527.6364145459013,812.5246799995737,1.0,CLIENT,7,2,100000,20,73,0,299,341,295,4,128,123,76097.53600000004,9,False,False

66,0,-775.2556056398258,-164.86491999980956,1.0,CLIENT,7,2,100000,16,58,0,529,605,419,110,144,206,60461.05600000003,9,False,False
66,1,207.61673059973975,-892.5637599999843,1.0,CLIENT,7,2,100000,17,80,0,457,528,396,61,140,202,83394.56000000004,9,False,False
66,2,-932.7306382356029,-750.0741599998418,1.0,CLIENT,7,2,100000,15,81,0,359,455,340,20,145,146,84436.99200000004,9,False,False
66,3,-80.63862333121811,-868.9639200002449,1.0,CLIENT,7,2,100000,16,81,0,509,542,381,128,144,163,84436.99200000004,9,False,False
66,4,-929.6413393063367,623.0580400001813,1.0,CLIENT,7,2,100000,18,77,0,343,407,324,19,139,133,80267.26400000004,8,False,False
66,5,-885.9950903323305,-503.38904000016356,1.0,CLIENT,7,2,100000,10,51,0,460,551,400,61,151,195,53164.03200000003,9,False,False
66,6,-163.81205604002142,867.6280799996628,1.0,CLIENT,7,2,100000,18,115,0,223,274,222,1,138,62,119879.68000000007,8,False,False
66,7,791.2565898367119,-794.0455600003522,1.0,CLIENT,7,2,100000,20,153,0,173,236,172,1,132,17,159492.09600000008,7,False,False
66,8,-261.87749384347444,328.95060000000456,1.0,CLIENT,7,2,100000,13,49,0,491,645,411,80,145,205,51079.16800000003,9,False,False
66,9,-364.6164864372547,-21.039479999875823,1.0,CLIENT,7,2,100000,20,61,0,617,696,405,212,141,197,63588.352000000035,9,False,False

67,0,278.9874571431594,691.6311599994835,1.0,CLIENT,7,2,100000,16,76,0,293,382,274,19,126,106,79224.83200000004,9,False,False
67,1,733.2728253197369,-785.1399599998985,1.0,CLIENT,7,2,100000,17,36,0,380,412,378,2,143,182,37527.55200000002,9,False,False
67,2,983.5852513769587,-689.5160800000779,1.0,CLIENT,7,2,100000,15,73,0,302,366,300,2,145,119,76097.53600000004,8,False,False
67,3,-809.6339578260337,235.88708000004743,1.0,CLIENT,7,2,100000,16,99,0,220,346,204,16,120,64,103200.76800000005,8,False,False
67,4,80.79704891693024,55.437360000036904,1.0,CLIENT,7,2,100000,18,77,0,553,581,414,139,145,198,80267.26400000004,9,False,False
67,5,-230.35080220740176,680.9444399995718,1.0,CLIENT,7,2,100000,10,62,0,304,352,291,13,132,120,64630.784000000036,9,False,False
67,6,328.099388837742,-912.3787199997878,1.0,CLIENT,7,2,100000,18,47,0,377,412,372,5,142,172,48994.304000000026,9,False,False
67,7,635.4450258954148,-178.11200000037587,1.0,CLIENT,7,2,100000,21,67,0,457,540,380,77,140,172,69842.94400000003,9,False,False
67,8,532.5476077153596,-632.5202400000207,1.0,CLIENT,7,2,100000,13,26,0,420,506,402,18,147,210,27103.23200000001,9,False,False
67,9,-212.21107259777375,-971.8235999999894,1.0,CLIENT,7,2,100000,20,96,0,315,425,289,26,140,104,100073.47200000005,9,False,False

68,0,-586.4915197871071,-236.7776400001719,1.0,CLIENT,7,2,100000,16,52,0,487,582,393,94,144,178,54206.46400000003,9,False,False
68,1,-430.20467908754813,-167.09132000051625,1.0,CLIENT,7,2,100000,17,49,0,565,601,440,125,143,234,51079.16800000003,9,False,False
68,2,-102.73899259378027,-919.5031999999926,1.0,CLIENT,7,2,100000,15,96,0,322,447,296,27,142,122,100073.47200000005,9,False,False
68,3,642.7326028567461,-677.4935200003747,1.0,CLIENT,7,2,100000,16,97,0,308,377,282,26,136,110,101115.90400000005,9,False,False
68,4,-654.6145218155486,-22.93191999984373,1.0,CLIENT,7,2,100000,18,42,0,449,560,400,49,142,193,43782.14400000002,9,False,False
68,5,-585.620179064002,538.0095599997626,1.0,CLIENT,7,2,100000,10,39,0,378,451,360,18,150,170,40654.84800000002,9,False,False
68,6,-851.8543765252537,452.51579999967703,1.0,CLIENT,7,2,100000,17,68,0,300,369,297,3,143,128,70885.37600000003,9,False,False
68,7,662.6150139137102,165.86679999965298,1.0,CLIENT,7,2,100000,21,94,0,298,442,280,18,134,104,97988.60800000005,9,False,False
68,8,-843.2993948748483,323.050639999872,1.0,CLIENT,7,2,100000,13,44,0,338,431,330,8,147,153,45867.00800000002,9,False,False
68,9,30.5761381195486,269.6170399995219,1.0,CLIENT,7,2,100000,20,71,0,544,581,417,127,141,177,74012.67200000004,9,False,False

69,0,-505.1399813190588,-234.99651999992295,1.0,CLIENT,7,2,100000,16,63,0,614,715,469,145,142,219,65673.21600000003,9,False,False
69,1,740.0851255222432,6.679199999747141,1.0,CLIENT,7,2,100000,17,117,0,205,389,197,8,129,50,121964.54400000007,8,False,False
69,2,-883.9355577130073,386.948319999905,1.0,CLIENT,7,2,100000,15,58,0,410,573,365,45,141,163,60461.05600000003,9,False,False
69,3,-656.1195648837537,-844.1395600004332,1.0,CLIENT,7,2,100000,16,89,0,286,389,279,7,140,105,92776.44800000005,9,False,False
69,4,-414.8373972346364,-903.4731200001249,1.0,CLIENT,7,2,100000,18,73,0,301,446,288,13,138,118,76097.53600000004,8,False,False
69,5,-967.1089904218106,963.80855999966,1.0,CLIENT,7,2,100000,10,100,0,222,284,222,0,144,65,104243.20000000006,6,False,False
69,6,-178.62484834181507,-846.365960000349,1.0,CLIENT,7,2,100000,18,80,0,379,504,349,30,138,157,83394.56000000004,8,False,False
69,7,352.25929072019017,129.46515999980505,1.0,CLIENT,7,2,100000,20,80,0,464,603,378,87,136,178,83394.56000000004,9,False,False
69,8,-488.030018018811,421.34620000006606,1.0,CLIENT,7,2,100000,13,47,0,529,703,439,90,144,224,48994.304000000026,9,False,False
69,9,-305.9198067828866,884.8826799996027,1.0,CLIENT,7,2,100000,20,87,0,368,450,326,42,136,130,90691.58400000005,9,False,False

70,0,530.5672878888925,846.1433200001202,1.0,CLIENT,7,2,100000,16,107,0,265,344,258,7,145,86,111540.22400000006,8,False,False
70,1,-438.91808632366565,-971.7122800002704,1.0,CLIENT,7,2,100000,17,125,0,262,331,251,11,145,83,130304.00000000007,8,False,False
70,2,-529.6959471663502,138.92735999964458,1.0,CLIENT,7,2,100000,15,52,0,471,582,394,77,147,188,54206.46400000003,9,False,False
70,3,-612.4733159097475,94.95595999992503,1.0,CLIENT,7,2,100000,16,48,0,431,566,386,45,146,193,50036.736000000026,9,False,False
70,4,658.416735881645,385.61248000011375,1.0,CLIENT,7,2,100000,18,57,0,358,426,347,11,143,155,59418.62400000003,9,False,False
70,5,141.3156228114904,317.03936000002045,1.0,CLIENT,7,2,100000,10,42,0,492,564,428,64,152,213,43782.14400000002,9,False,False
70,6,-626.3355546944542,-543.4642400002283,1.0,CLIENT,7,2,100000,18,61,0,364,422,346,18,144,151,63588.352000000035,9,False,False
70,7,-366.5175934708658,64.45428000020968,1.0,CLIENT,7,2,100000,20,52,0,559,598,444,115,142,231,54206.46400000003,9,False,False
70,8,-267.73924053001963,-58.331679999848234,1.0,CLIENT,7,2,100000,13,35,0,579,615,474,105,149,249,36485.12000000002,9,False,False
70,9,657.466182365121,-118.77843999989324,1.0,CLIENT,7,2,100000,20,73,0,396,526,351,45,141,152,76097.53600000004,9,False,False

71,0,695.092259066307,-537.8982400000436,1.0,CLIENT,7,2,100000,16,58,0,353,459,344,9,145,157,60461.05600000003,9,False,False
71,1,-150.90037077183877,526.877560000184,1.0,CLIENT,7,2,100000,17,55,0,492,609,434,58,142,213,57333.76000000003,9,False,False
71,2,854.8644626605383,-440.38192000025504,1.0,CLIENT,7,2,100000,14,76,0,299,404,298,1,147,126,79224.83200000004,9,False,False
71,3,-601.3835248817569,196.925079999545,1.0,CLIENT,7,2,100000,16,60,0,386,536,358,28,142,165,62545.920000000035,9,False,False
71,4,412.7778646147503,237.0002799996098,1.0,CLIENT,7,2,100000,18,68,0,617,627,434,183,142,192,70885.37600000003,9,False,False
71,5,325.48536666673795,969.7085199997925,1.0,CLIENT,7,2,100000,10,104,0,243,401,235,8,136,72,108412.92800000006,9,False,False
71,6,685.7451494856524,-277.7434000003612,1.0,CLIENT,7,2,100000,17,65,0,427,577,391,36,144,195,67758.08000000003,9,False,False
71,7,-419.11488806012045,-347.8750000004746,1.0,CLIENT,7,2,100000,21,68,0,480,559,421,59,138,182,70885.37600000003,9,False,False
71,8,-679.7249772145209,301.7885199997673,1.0,CLIENT,7,2,100000,13,83,0,328,440,310,18,146,134,86521.85600000004,9,False,False
71,9,325.40615387388186,-629.2919600002617,1.0,CLIENT,7,2,100000,20,58,0,418,532,387,31,141,177,60461.05600000003,9,False,False

72,0,-821.9119407496793,269.6170399995219,1.0,CLIENT,7,2,100000,16,55,0,457,545,408,49,139,198,57333.76000000003,8,False,False
72,1,178.54563554783334,-525.4303999998829,1.0,CLIENT,7,2,100000,17,125,0,411,568,300,112,137,140,130304.00000000007,9,False,False
72,2,-622.533340627795,849.928200000056,1.0,CLIENT,7,2,100000,15,129,0,196,353,191,5,135,38,134473.72800000006,8,False,False
72,3,-834.902838811281,468.54587999954475,1.0,CLIENT,7,2,100000,16,73,0,376,490,354,22,138,162,76097.53600000004,8,False,False
72,4,-412.38180064990723,-783.0248800004927,1.0,CLIENT,7,2,100000,18,62,0,408,543,353,55,140,150,64630.784000000036,9,False,False
72,5,-897.6393709114391,-463.9817599999944,1.0,CLIENT,7,2,100000,10,48,0,449,531,393,56,148,196,50036.736000000026,8,False,False
72,6,782.4639698071754,599.458199999651,1.0,CLIENT,7,2,100000,16,94,0,85,283,71,14,58,5,97988.60800000005,7,False,False
72,7,-844.9628635293284,-477.5628000005085,1.0,CLIENT,7,2,100000,20,62,0,428,513,376,52,138,168,64630.784000000036,8,False,False
72,8,-630.5338327265194,-366.46544000020583,1.0,CLIENT,7,2,100000,13,37,0,506,595,430,76,145,209,38569.98400000002,9,False,False
72,9,834.348349259037,-914.4937999999845,1.0,CLIENT,7,2,100000,20,137,0,163,240,160,3,122,16,142813.18400000007,6,False,False

73,0,624.1175964882932,-621.2769199999323,1.0,CLIENT,7,2,100000,16,83,0,392,523,331,62,144,142,86521.85600000004,9,False,False
73,1,-729.1537600810905,401.86520000021034,1.0,CLIENT,7,2,100000,17,122,0,214,440,201,13,120,61,127176.70400000007,9,False,False
73,2,-415.3126739934612,-831.7830399999914,1.0,CLIENT,7,2,100000,15,94,0,419,532,349,70,138,170,97988.60800000005,9,False,False
73,3,767.8096030922196,54.76944000014129,1.0,CLIENT,7,2,100000,16,43,0,439,551,408,31,144,183,44824.57600000002,9,False,False
73,4,968.376395109759,-90.72580000032247,1.0,CLIENT,7,2,100000,18,57,0,381,439,361,20,142,161,59418.62400000003,8,False,False
73,5,-893.6787312585051,-868.6299600002972,1.0,CLIENT,7,2,100000,10,114,0,249,383,241,8,140,78,118837.24800000007,6,False,False
73,6,801.1581889684844,217.85323999970188,1.0,CLIENT,7,2,100000,18,56,0,414,515,390,24,142,202,58376.19200000003,8,False,False
73,7,649.0696263009904,664.8030399999851,1.0,CLIENT,7,2,100000,20,112,0,295,481,264,31,138,93,116752.38400000006,8,False,False
73,8,-517.8932410009666,250.35867999989506,1.0,CLIENT,7,2,100000,13,81,0,460,678,363,97,140,179,84436.99200000004,9,False,False
73,9,369.8445307781372,-599.6808399998798,1.0,CLIENT,7,2,100000,20,84,0,490,677,383,107,140,174,87564.28800000004,9,False,False

74,0,911.184758523596,-183.90063999999853,1.0,CLIENT,7,2,100000,16,47,0,294,336,290,4,132,122,48994.304000000026,9,False,False
74,1,689.3889379665995,-779.4626399999947,1.0,CLIENT,7,2,100000,17,57,0,335,383,319,16,131,136,59418.62400000003,9,False,False
74,2,145.9099648089616,-379.4898800005433,1.0,CLIENT,7,2,100000,15,75,0,486,500,388,98,145,184,78182.40000000004,9,False,False
74,3,-881.7968123002653,-677.7161599998126,1.0,CLIENT,7,2,100000,16,40,0,297,336,292,5,132,127,41697.28000000002,9,False,False
74,4,-294.35473899663407,-631.6296799998963,1.0,CLIENT,7,2,100000,18,69,0,420,493,353,67,139,169,71927.80800000003,9,False,False
74,5,-776.2853719497688,-542.351039999875,1.0,CLIENT,7,2,100000,10,26,0,319,368,314,5,138,146,27103.23200000001,9,False,False
74,6,676.3980399055608,246.12851999950152,1.0,CLIENT,7,2,100000,18,90,0,251,296,246,5,130,83,93818.88000000005,9,False,False
74,7,-756.7198120647919,-793.4889600001757,1.0,CLIENT,7,2,100000,21,42,0,303,361,296,7,127,123,43782.14400000002,9,False,False
74,8,-972.337034763256,-134.80851999976096,1.0,CLIENT,7,2,100000,13,85,0,237,273,236,1,135,81,88606.72000000004,9,False,False
74,9,647.0100936816674,-519.4191200000313,1.0,CLIENT,7,2,100000,20,45,0,347,407,335,12,128,153,46909.440000000024,9,False,False

75,0,-544.4295266747249,-559.0490400004294,1.0,CLIENT,7,2,100000,16,68,0,432,497,355,77,141,160,70885.37600000003,9,False,False
75,1,-220.2907774893542,989.3008400001582,1.0,CLIENT,7,2,100000,17,86,0,407,444,360,47,143,153,89649.15200000005,9,False,False
75,2,-171.2580585876277,58.888280000024906,1.0,CLIENT,7,2,100000,15,55,0,663,669,438,225,147,226,57333.76000000003,9,False,False
75,3,395.1134117633844,-585.0979200003133,1.0,CLIENT,7,2,100000,16,96,0,304,390,294,10,142,110,100073.47200000005,9,False,False
75,4,388.0634731811841,372.5880399997763,1.0,CLIENT,7,2,100000,18,64,0,514,622,385,129,143,189,66715.64800000003,9,False,False
75,5,541.657078916883,854.8262799995541,1.0,CLIENT,7,2,100000,10,94,0,279,399,276,3,150,99,97988.60800000005,9,False,False
75,6,-174.34735751689382,-645.8786400003061,1.0,CLIENT,7,2,100000,18,63,0,389,497,357,32,141,159,65673.21600000003,9,False,False
75,7,-984.2981665149146,419.8990399997649,1.0,CLIENT,7,2,100000,20,91,0,334,443,294,40,139,117,94861.31200000005,9,False,False
75,8,121.82927571993235,-79.92775999990073,1.0,CLIENT,7,2,100000,13,45,0,641,675,482,159,150,253,46909.440000000024,9,False,False
75,9,-699.528175478066,458.0817999998618,1.0,CLIENT,7,2,100000,20,62,0,481,584,422,59,141,200,64630.784000000036,9,False,False

76,0,209.99311439104997,27.60735999990402,1.0,CLIENT,7,2,100000,16,65,0,660,761,449,211,142,222,67758.08000000003,9,False,False
76,1,635.4450258954148,-771.8928800001231,1.0,CLIENT,7,2,100000,17,104,0,246,352,243,3,134,76,108412.92800000006,9,False,False
76,2,793.2369096631788,-160.85740000043586,1.0,CLIENT,7,2,100000,15,67,0,513,589,421,92,144,204,69842.94400000003,9,False,False
76,3,-477.33629095622643,621.0542799997035,1.0,CLIENT,7,2,100000,16,102,0,349,454,284,65,139,108,106328.06400000006,9,False,False
76,4,-355.4278024428752,26.38283999983173,1.0,CLIENT,7,2,100000,18,75,0,516,640,390,127,138,185,78182.40000000004,9,False,False
76,5,434.3237443261944,788.5908799998865,1.0,CLIENT,7,2,100000,10,47,0,494,565,426,68,150,219,48994.304000000026,9,False,False
76,6,990.3183387866092,957.2406799996318,1.0,CLIENT,7,2,100000,18,115,0,227,352,224,3,135,62,119879.68000000007,8,False,False
76,7,886.6287926763047,-514.1870799997944,1.0,CLIENT,7,2,100000,20,71,0,299,448,293,6,131,117,74012.67200000004,9,False,False
76,8,440.1854910121768,671.2595999995034,1.0,CLIENT,7,2,100000,13,64,0,508,593,425,83,147,217,66715.64800000003,9,False,False
76,9,-923.7795926197915,-494.92872000016746,1.0,CLIENT,7,2,100000,20,124,0,176,276,173,3,117,38,129261.56800000007,8,False,False

77,0,703.3303895441624,517.1927200001155,1.0,CLIENT,7,2,100000,16,100,0,395,528,334,61,145,146,104243.20000000006,9,False,False
77,1,62.419680927608375,-271.0641999998231,1.0,CLIENT,7,2,100000,17,53,0,638,698,440,198,145,217,55248.89600000003,9,False,False
77,2,394.3212838325724,-633.4108000001453,1.0,CLIENT,7,2,100000,15,39,0,503,599,435,68,147,209,40654.84800000002,9,False,False
77,3,-630.6922583127944,275.73963999988337,1.0,CLIENT,7,2,100000,16,93,0,325,475,308,17,139,128,96946.17600000005,9,False,False
77,4,15.525707438623902,-989.4121599998772,1.0,CLIENT,7,2,100000,18,125,0,271,383,264,8,142,94,130304.00000000007,8,False,False
77,5,-489.29742270732214,877.2016000000121,1.0,CLIENT,7,2,100000,10,114,0,241,345,233,8,144,69,118837.24800000007,7,False,False
77,6,891.5399858457629,-483.90804000030784,1.0,CLIENT,7,2,100000,18,59,0,449,499,355,94,142,159,61503.488000000034,8,False,False
77,7,453.7308786248964,-136.36699999978106,1.0,CLIENT,7,2,100000,20,47,0,605,685,456,150,142,228,48994.304000000026,9,False,False
77,8,908.9668003179979,-306.35264000010864,1.0,CLIENT,7,2,100000,13,59,0,448,513,367,81,147,166,61503.488000000034,9,False,False
77,9,-98.3030761831469,336.5203599998762,1.0,CLIENT,7,2,100000,20,71,0,561,664,430,132,143,212,74012.67200000004,9,False,False

78,0,863.9739338620616,738.4968799998055,1.0,CLIENT,7,2,100000,16,124,0,175,282,173,2,123,29,129261.56800000007,9,False,False
78,1,553.9350618405286,-306.5752800003375,1.0,CLIENT,7,2,100000,17,56,0,624,687,459,165,147,230,58376.19200000003,9,False,False
78,2,960.0590518390476,-793.0436800005089,1.0,CLIENT,7,2,100000,15,113,0,265,365,258,7,146,88,117794.81600000006,8,False,False
78,3,103.21426935147947,586.3224399995945,1.0,CLIENT,7,2,100000,16,107,0,425,527,335,91,142,140,111540.22400000006,9,False,False
78,4,-117.94784886097993,-403.75764000017824,1.0,CLIENT,7,2,100000,18,49,0,583,652,438,145,146,229,51079.16800000003,9,False,False
78,5,842.3488413577616,-855.048919999783,1.0,CLIENT,7,2,100000,10,52,0,347,426,334,13,151,149,54206.46400000003,9,False,False
78,6,-458.0083694503805,-593.7808800005382,1.0,CLIENT,7,2,100000,18,63,0,387,533,366,21,145,161,65673.21600000003,9,False,False
78,7,-832.6056678122638,-10.0188000000162,1.0,CLIENT,7,2,100000,21,113,0,299,355,293,6,140,108,117794.81600000006,8,False,False
78,8,224.40984272743765,-473.5552800003438,1.0,CLIENT,7,2,100000,13,41,0,614,702,453,161,151,237,42739.71200000002,9,False,False
78,9,66.22189499426757,-644.5428000005148,1.0,CLIENT,7,2,100000,20,60,0,549,612,405,144,144,194,62545.920000000035,9,False,False

79,0,-994.9918935774991,-804.2869999998063,1.0,CLIENT,7,2,100000,16,119,0,125,214,125,0,103,5,124049.40800000007,9,False,False
79,1,-115.65067786196292,642.0937599995793,1.0,CLIENT,7,2,100000,17,40,0,406,437,391,15,145,189,41697.28000000002,9,False,False
79,2,-341.96162762357443,874.4185999999197,1.0,CLIENT,7,2,100000,15,70,0,336,397,320,16,146,135,72970.24000000003,9,False,False
79,3,-36.67552318522481,282.5301600001404,1.0,CLIENT,7,2,100000,16,29,0,445,514,426,19,146,216,30230.528000000013,9,False,False
79,4,282.3143944515566,-90.5031600000936,1.0,CLIENT,7,2,100000,18,54,0,364,463,348,16,143,156,56291.32800000003,9,False,False
79,5,-909.0460131114166,-190.91380000048446,1.0,CLIENT,7,2,100000,10,110,0,388,471,339,49,148,166,114667.52000000006,9,False,False
79,6,-165.07946072909542,639.199439999768,1.0,CLIENT,7,2,100000,18,38,0,414,440,395,19,144,187,39612.41600000002,9,False,False
79,7,98.14465059630909,161.1913599995927,1.0,CLIENT,7,2,100000,20,35,0,430,490,412,18,142,202,36485.12000000002,9,False,False
79,8,-55.528167932808714,434.81592000007026,1.0,CLIENT,7,2,100000,13,26,0,436,472,420,16,149,207,27103.23200000001,9,False,False
79,9,311.0686383309131,-108.09171999998142,1.0,CLIENT,7,2,100000,20,62,0,352,449,342,10,141,144,64630.784000000036,9,False,False

80,0,79.05436746959417,-693.9688799999092,1.0,CLIENT,7,2,100000,16,64,0,593,726,515,78,172,267,66715.64800000003,11,False,False
80,1,557.3412119423447,-285.09052000000395,1.0,CLIENT,7,2,100000,17,47,0,598,722,518,80,171,275,48994.304000000026,11,False,False
80,2,-0.3960639654059848,384.61059999947935,1.0,CLIENT,7,2,100000,15,84,0,727,853,464,264,173,211,87564.28800000004,11,False,False
80,3,765.1955809212154,-519.753079999979,1.0,CLIENT,7,2,100000,16,57,0,535,599,466,69,171,228,59418.62400000003,10,False,False
80,4,857.7161232106732,-709.4423600003913,1.0,CLIENT,7,2,100000,18,92,0,426,527,364,62,167,147,95903.74400000005,8,False,False
80,5,-283.2649479686435,959.3557599998286,1.0,CLIENT,7,2,100000,10,72,0,389,533,378,12,176,169,75055.10400000004,10,False,False
80,6,909.1252259042727,292.4376399996467,1.0,CLIENT,7,2,100000,18,129,0,365,497,348,17,169,132,134473.72800000006,11,False,False
80,7,-881.0046843700162,430.69708000018665,1.0,CLIENT,7,2,100000,20,64,0,448,550,431,18,166,191,66715.64800000003,10,False,False
80,8,-406.2032027919377,-875.3091600000442,1.0,CLIENT,7,2,100000,13,111,0,395,549,354,41,169,133,115709.95200000006,11,False,False
80,9,-441.2152573226826,985.9612399998891,1.0,CLIENT,7,2,100000,20,91,0,360,453,357,3,166,140,94861.31200000005,9,False,False
80,10,-901.6792233572294,-61.22600000045054,1.0,CLIENT,7,2,100000,12,106,0,505,584,398,107,173,188,110497.79200000006,11,False,False
80,11,-124.52251068435534,-170.6535600002232,1.0,CLIENT,7,2,100000,16,68,0,854,916,563,291,173,281,70885.37600000003,11,False,False

81,0,-57.03321100045091,-588.3262000000724,1.0,CLIENT,7,2,100000,16,56,0,601,684,444,157,164,225,58376.19200000003,11,False,False
81,1,-807.3367868275794,941.2105999997641,1.0,CLIENT,7,2,100000,17,100,0,332,443,289,43,141,116,104243.20000000006,10,False,False
81,2,-108.36310090119443,-325.49968000001655,1.0,CLIENT,7,2,100000,14,39,0,720,879,500,220,166,284,40654.84800000002,11,False,False
81,3,-978.7532710009193,-600.7940400002332,1.0,CLIENT,7,2,100000,16,116,0,340,446,331,9,162,125,120922.11200000007,9,False,False
81,4,-223.14243803948932,-384.1653199998126,1.0,CLIENT,7,2,100000,18,48,0,644,832,505,140,162,270,50036.736000000026,11,False,False
81,5,237.24231520276425,991.9725199997407,1.0,CLIENT,7,2,100000,10,139,0,238,476,218,20,146,54,144898.04800000007,10,False,False
81,6,-565.183278455357,-244.9040000002202,1.0,CLIENT,7,2,100000,17,53,0,594,750,514,80,163,275,55248.89600000003,11,False,False
81,7,-410.3222680305841,825.7717600001399,1.0,CLIENT,7,2,100000,20,85,0,440,592,395,45,140,180,88606.72000000004,11,False,False
81,8,965.5247345601867,-267.3906400003972,1.0,CLIENT,7,2,100000,13,162,0,252,363,240,12,156,66,168873.98400000008,9,False,False
81,9,-761.8686436133812,-107.86908000054353,1.0,CLIENT,7,2,100000,20,66,0,604,683,488,117,160,227,68800.51200000003,11,False,False
81,10,291.8991424113421,-333.29208000011704,1.0,CLIENT,7,2,100000,12,60,0,602,786,476,126,168,237,62545.920000000035,11,False,False
81,11,-105.03616359279728,-637.1956800000811,1.0,CLIENT,7,2,100000,16,55,0,587,655,437,150,164,223,57333.76000000003,11,False,False

82,0,-666.6548663600632,128.90855999962838,1.0,CLIENT,7,2,100000,16,63,0,594,672,486,108,174,235,65673.21600000003,11,False,False
82,1,-911.660035282421,-898.5750399998358,1.0,CLIENT,7,2,100000,17,133,0,307,390,301,6,172,105,138643.45600000006,8,False,False
82,2,278.8290315568845,613.1505599998841,1.0,CLIENT,7,2,100000,15,66,0,544,592,499,45,175,233,68800.51200000003,10,False,False
82,3,600.3537585712511,-331.9562400003258,1.0,CLIENT,7,2,100000,16,82,0,521,645,444,77,174,189,85479.42400000004,11,False,False
82,4,-564.311937731689,-763.0986000001792,1.0,CLIENT,7,2,100000,18,79,0,492,552,462,30,172,218,82352.12800000004,10,False,False
82,5,-578.4910276889457,253.69828000016412,1.0,CLIENT,7,2,100000,10,56,0,592,729,481,111,180,238,58376.19200000003,11,False,False
82,6,178.86248672038326,-78.5919200001095,1.0,CLIENT,7,2,100000,17,48,0,714,778,569,145,173,285,50036.736000000026,11,False,False
82,7,-387.03370687236685,214.5136400002238,1.0,CLIENT,7,2,100000,20,57,0,690,785,535,155,170,289,59418.62400000003,11,False,False
82,8,74.69766385125402,-587.7695999998957,1.0,CLIENT,7,2,100000,13,46,0,657,762,544,113,177,277,47951.872000000025,11,False,False
82,9,437.4922560483166,502.2758399998102,1.0,CLIENT,7,2,100000,20,61,0,542,607,502,40,170,240,63588.352000000035,10,False,False
82,10,844.6460123562156,618.9391999995066,1.0,CLIENT,7,2,100000,12,123,0,292,400,289,3,174,91,128219.13600000007,9,False,False
82,11,-85.94588046608236,-556.7113200000038,1.0,CLIENT,7,2,100000,16,43,0,658,740,535,123,174,273,44824.57600000002,11,False,False

83,0,-63.60787282438917,-592.5563600004659,1.0,CLIENT,7,2,100000,16,42,0,585,653,527,51,175,249,43782.14400000002,11,False,False
83,1,5.782533892563447,668.8105600001497,1.0,CLIENT,7,2,100000,17,73,0,489,609,445,38,173,188,76097.53600000004,11,False,False
83,2,376.10234143008836,551.4792799997667,1.0,CLIENT,7,2,100000,15,80,0,423,575,396,22,175,169,83394.56000000004,11,False,False
83,3,-668.0806966348495,-251.4718800002484,1.0,CLIENT,7,2,100000,16,49,0,556,632,508,43,175,249,51079.16800000003,11,False,False
83,4,401.0543712422228,-611.5920799998639,1.0,CLIENT,7,2,100000,18,100,0,404,548,384,16,172,153,104243.20000000006,11,False,False
83,5,59.72644596374822,274.8490799997589,1.0,CLIENT,7,2,100000,10,24,0,673,674,598,69,181,331,25018.36800000001,11,False,False
83,6,255.30283201953617,-309.46960000014883,1.0,CLIENT,7,2,100000,18,36,0,642,663,576,60,173,304,37527.55200000002,11,False,False
83,7,-839.1011168433461,-114.88224000023848,1.0,CLIENT,7,2,100000,20,74,0,441,587,418,18,171,171,77139.96800000004,11,False,False
83,8,-37.15079994348686,-566.0622000001242,1.0,CLIENT,7,2,100000,13,43,0,602,652,540,56,178,268,44824.57600000002,11,False,False
83,9,413.80763092469334,195.70055999947272,1.0,CLIENT,7,2,100000,20,68,0,542,618,493,42,170,231,70885.37600000003,11,False,False
83,10,-820.1692593029061,14.248959999618762,1.0,CLIENT,7,2,100000,12,73,0,464,589,437,22,179,205,76097.53600000004,11,False,False
83,11,-100.83788556073209,336.74300000010504,1.0,CLIENT,7,2,100000,16,31,0,662,668,591,64,175,301,32315.392000000014,11,False,False

84,0,325.7230050464318,5.120719999727044,1.0,CLIENT,7,2,100000,16,104,0,732,844,428,304,170,188,108412.92800000006,11,False,False
84,1,-214.74588197535894,-692.0764399999414,1.0,CLIENT,7,2,100000,17,65,0,639,743,519,120,166,239,67758.08000000003,11,False,False
84,2,616.2755299758438,864.2884800001846,1.0,CLIENT,7,2,100000,15,96,0,370,465,369,1,169,150,100073.47200000005,10,False,False
84,3,-883.3018553684703,539.4567200000637,1.0,CLIENT,7,2,100000,16,128,0,286,495,283,3,167,83,133431.29600000006,11,False,False
84,4,353.6851209949763,-850.9300799998994,1.0,CLIENT,7,2,100000,18,94,0,415,584,388,27,163,163,97988.60800000005,11,False,False
84,5,816.2878324422652,784.5833599997218,1.0,CLIENT,7,2,100000,10,102,0,342,404,341,1,174,142,106328.06400000006,10,False,False
84,6,-128.95842709555157,237.11160000011972,1.0,CLIENT,7,2,100000,17,52,0,836,966,552,284,170,303,54206.46400000003,11,False,False
84,7,345.0509265517149,-826.4396800000355,1.0,CLIENT,7,2,100000,20,99,0,441,584,407,34,161,182,103200.76800000005,11,False,False
84,8,-314.79163960527904,649.9974800001896,1.0,CLIENT,7,2,100000,13,59,0,608,699,515,93,174,253,61503.488000000034,11,False,False
84,9,-117.7102104818489,201.3778800001674,1.0,CLIENT,7,2,100000,19,54,0,862,968,539,323,168,299,56291.32800000003,11,False,False
84,10,-681.388445868438,92.50691999978045,1.0,CLIENT,7,2,100000,12,66,0,639,783,501,138,175,257,68800.51200000003,11,False,False
84,11,-921.9576983795994,-917.4994400003059,1.0,CLIENT,7,2,100000,16,136,0,252,498,237,15,140,75,141770.75200000007,9,False,False

85,0,-270.5909010795919,159.74420000008251,1.0,CLIENT,7,2,100000,16,42,0,753,839,567,186,173,301,43782.14400000002,11,False,False
85,1,-678.6159981117219,363.34848000016564,1.0,CLIENT,7,2,100000,17,41,0,583,725,504,79,172,254,42739.71200000002,10,False,False
85,2,-492.1490832574573,817.6454000000916,1.0,CLIENT,7,2,100000,15,45,0,442,547,437,5,174,202,46909.440000000024,10,False,False
85,3,773.5921369853457,26.71679999977954,1.0,CLIENT,7,2,100000,16,115,0,449,562,390,59,168,165,119879.68000000007,10,False,False
85,4,-943.1867269184935,-833.3415200000115,1.0,CLIENT,7,2,100000,18,158,0,255,349,247,8,152,72,164704.25600000008,9,False,False
85,5,207.1414538414777,-573.2980000000481,1.0,CLIENT,7,2,100000,10,67,0,614,760,460,154,174,234,69842.94400000003,11,False,False
85,6,798.8610179700302,-925.0692000001775,1.0,CLIENT,7,2,100000,18,145,0,261,325,260,1,163,72,151152.64000000007,6,False,False
85,7,-136.80049360800098,-300.11872000002825,1.0,CLIENT,7,2,100000,20,86,0,832,890,421,411,163,200,89649.15200000005,11,False,False
85,8,-857.9537615903671,303.0130399998396,1.0,CLIENT,7,2,100000,13,53,0,582,662,470,112,176,228,55248.89600000003,10,False,False
85,9,228.60812075950284,450.17808000004237,1.0,CLIENT,7,2,100000,20,70,0,598,681,509,89,169,240,72970.24000000003,11,False,False
85,10,-109.6305055897056,914.3824799994746,1.0,CLIENT,7,2,100000,12,94,0,430,537,385,45,176,163,97988.60800000005,9,False,False
85,11,-875.9350656142831,504.94752000018366,1.0,CLIENT,7,2,100000,16,64,0,456,587,423,33,173,196,66715.64800000003,10,False,False

86,0,-970.2775021439329,805.5115199998786,1.0,CLIENT,7,2,100000,16,103,0,331,432,323,8,172,117,107370.49600000006,11,False,False
86,1,301.56310316398367,-212.17591999979817,1.0,CLIENT,7,2,100000,17,72,0,516,614,452,64,173,220,75055.10400000004,11,False,False
86,2,-273.44256162972704,190.13456000007892,1.0,CLIENT,7,2,100000,15,37,0,742,749,551,191,175,289,38569.98400000002,11,False,False
86,3,-47.52767583408432,-6.901839999976005,1.0,CLIENT,7,2,100000,16,48,0,695,729,523,172,174,288,50036.736000000026,11,False,False
86,4,229.95473824143292,15.696119999919915,1.0,CLIENT,7,2,100000,18,42,0,608,706,534,74,172,287,43782.14400000002,11,False,False
86,5,-795.534080662196,-343.4221999998522,1.0,CLIENT,7,2,100000,10,48,0,521,585,471,50,181,235,50036.736000000026,11,False,False
86,6,-587.0460093387882,101.85779999990103,1.0,CLIENT,7,2,100000,18,39,0,618,702,533,85,173,285,40654.84800000002,11,False,False
86,7,-998.4772564716084,-156.2932800000945,1.0,CLIENT,7,2,100000,20,69,0,478,547,449,29,171,207,71927.80800000003,11,False,False
86,8,-788.9594188388205,118.22183999971656,1.0,CLIENT,7,2,100000,13,46,0,571,622,523,48,178,277,47951.872000000025,11,False,False
86,9,-293.008121514704,-416.67076000000577,1.0,CLIENT,7,2,100000,20,57,0,520,685,460,60,170,213,59418.62400000003,11,False,False
86,10,-475.7520350951653,845.2527599999956,1.0,CLIENT,7,2,100000,12,65,0,504,676,448,56,178,199,67758.08000000003,11,False,False
86,11,789.0386316311136,318.1525599995828,1.0,CLIENT,7,2,100000,16,160,0,238,348,232,6,162,49,166789.12000000008,11,False,False

87,0,142.82066587969547,362.34659999953124,1.0,CLIENT,7,2,100000,16,43,0,532,698,492,41,173,251,44824.57600000002,11,False,False
87,1,635.5242386882709,-454.296919999926,1.0,CLIENT,7,2,100000,17,53,0,614,722,514,100,172,259,55248.89600000003,11,False,False
87,2,-33.03173470484057,-985.6272799999414,1.0,CLIENT,7,2,100000,15,108,0,456,574,397,59,174,175,112582.65600000006,11,False,False
87,3,-725.5099716007062,-791.3738799999788,1.0,CLIENT,7,2,100000,16,158,0,262,416,258,4,172,65,164704.25600000008,11,False,False
87,4,-81.0346872966241,-93.06351999995712,1.0,CLIENT,7,2,100000,18,47,0,772,775,560,212,172,292,48994.304000000026,11,False,False
87,5,599.0863538827399,-255.36807999990316,1.0,CLIENT,7,2,100000,10,29,0,651,730,569,82,179,314,30230.528000000013,11,False,False
87,6,-16.95153771453572,311.36204000011674,1.0,CLIENT,7,2,100000,17,47,0,575,734,509,66,172,268,48994.304000000026,11,False,False
87,7,815.1788533394661,292.66027999987557,1.0,CLIENT,7,2,100000,20,107,0,404,481,380,24,169,140,111540.22400000006,11,False,False
87,8,710.6179665054937,-661.574760000226,1.0,CLIENT,7,2,100000,13,69,0,498,669,444,57,176,204,71927.80800000003,11,False,False
87,9,-49.82484683253848,359.89756000017763,1.0,CLIENT,7,2,100000,20,46,0,542,730,485,57,169,246,47951.872000000025,11,False,False
87,10,83.1734327088033,609.810959999615,1.0,CLIENT,7,2,100000,12,59,0,383,505,376,7,177,158,61503.488000000034,11,False,False
87,11,-74.14317430069875,-750.0741599998418,1.0,CLIENT,7,2,100000,16,56,0,630,735,542,88,174,296,58376.19200000003,11,False,False

88,0,-506.803449972976,805.4002000001597,1.0,CLIENT,7,2,100000,16,70,0,482,534,458,24,175,219,72970.24000000003,11,False,False
88,1,118.50233841153519,477.89675999966533,1.0,CLIENT,7,2,100000,17,60,0,534,631,488,46,174,197,62545.920000000035,11,False,False
88,2,-630.7714711056504,-400.5293600004191,1.0,CLIENT,7,2,100000,15,68,0,620,679,493,127,176,222,70885.37600000003,11,False,False
88,3,-113.67035803549584,-939.540800000025,1.0,CLIENT,7,2,100000,16,149,0,273,345,270,3,166,81,155322.36800000007,11,False,False
88,4,220.7660542470534,-64.78824000015749,1.0,CLIENT,7,2,100000,18,56,0,555,653,461,94,173,210,58376.19200000003,11,False,False
88,5,-437.2546176697484,93.6201200001338,1.0,CLIENT,7,2,100000,10,40,0,697,708,555,142,181,288,41697.28000000002,11,False,False
88,6,-949.4445375704447,757.4212799994846,1.0,CLIENT,7,2,100000,18,98,0,354,459,346,8,172,135,102158.33600000005,11,False,False
88,7,-109.6305055897056,-277.63207999985127,1.0,CLIENT,7,2,100000,20,42,0,610,693,525,85,171,279,43782.14400000002,11,False,False
88,8,-524.2302644452109,339.85996000014524,1.0,CLIENT,7,2,100000,13,27,0,610,694,560,50,178,291,28145.66400000001,11,False,False
88,9,102.42214142123035,-143.04620000031917,1.0,CLIENT,7,2,100000,20,48,0,567,670,480,87,171,237,50036.736000000026,11,False,False
88,10,-972.020183591269,523.315319999686,1.0,CLIENT,7,2,100000,12,61,0,453,537,441,12,179,216,63588.352000000035,11,False,False
88,11,-800.5244866250731,228.76259999984256,1.0,CLIENT,7,2,100000,16,29,0,602,689,550,52,175,288,30230.528000000013,11,False,False

89,0,-536.0329706105946,845.3640799997146,1.0,CLIENT,7,2,100000,16,63,0,535,598,457,78,172,221,65673.21600000003,10,False,False
89,1,-507.3579395240941,-696.5292399997727,1.0,CLIENT,7,2,100000,17,111,0,361,508,350,11,171,127,115709.95200000006,11,False,False
89,2,-923.0666774823985,266.7227199997106,1.0,CLIENT,7,2,100000,14,47,0,582,663,524,58,174,271,48994.304000000026,10,False,False
89,3,-923.4627414478044,-373.70124000012964,1.0,CLIENT,7,2,100000,16,66,0,482,555,458,24,172,217,68800.51200000003,11,False,False
89,4,141.79089956975247,139.929239999488,1.0,CLIENT,7,2,100000,18,59,0,786,817,503,283,170,254,61503.488000000034,11,False,False
89,5,927.977870651294,-565.5055999999477,1.0,CLIENT,7,2,100000,10,128,0,160,299,158,2,122,27,133431.29600000006,7,False,False
89,6,-710.9348176786065,582.4262399999398,1.0,CLIENT,7,2,100000,17,50,0,603,683,505,98,171,261,52121.60000000003,10,False,False
89,7,-855.9734417639,16.36403999981553,1.0,CLIENT,7,2,100000,20,64,0,574,640,490,84,168,236,66715.64800000003,11,False,False
89,8,-74.6184510589608,-156.51592000032338,1.0,CLIENT,7,2,100000,13,70,0,775,806,487,288,175,241,72970.24000000003,11,False,False
89,9,-484.14859115873287,483.90803999951686,1.0,CLIENT,7,2,100000,19,39,0,679,711,538,141,169,283,40654.84800000002,11,False,False
89,10,432.9771268442643,699.3122399998651,1.0,CLIENT,7,2,100000,12,125,0,367,518,350,17,173,142,130304.00000000007,11,False,False
89,11,-572.7084937958193,872.303519999723,1.0,CLIENT,7,2,100000,16,54,0,525,605,459,66,172,211,56291.32800000003,10,False,False

90,0,-214.74588197535894,869.1865599996828,1.0,CLIENT,7,2,100000,16,149,0,404,531,289,115,160,106,155322.36800000007,11,False,False
90,1,446.9977912152461,-485.5778400000469,1.0,CLIENT,7,2,100000,17,68,0,504,720,442,63,167,226,70885.37600000003,11,False,False
90,2,-712.8359247116547,-869.0752399999639,1.0,CLIENT,7,2,100000,15,60,0,401,476,386,15,166,172,62545.920000000035,9,False,False
90,3,-690.6563426562363,-250.8039600003528,1.0,CLIENT,7,2,100000,16,64,0,540,678,451,89,167,226,66715.64800000003,11,False,False
90,4,-372.062488984861,-13.692360000233066,1.0,CLIENT,7,2,100000,18,77,0,729,829,460,269,168,224,80267.26400000004,11,False,False
90,5,632.9102165172668,34.62051999959897,1.0,CLIENT,7,2,100000,10,55,0,653,747,524,130,175,283,57333.76000000003,11,False,False
90,6,-990.635189959159,-613.7071600000606,1.0,CLIENT,7,2,100000,17,57,0,360,429,354,6,164,154,59418.62400000003,9,False,False
90,7,-304.01869974927564,-211.3966800001836,1.0,CLIENT,7,2,100000,20,61,0,752,831,500,253,167,246,63588.352000000035,11,False,False
90,8,656.3572032623218,-486.6910400004002,1.0,CLIENT,7,2,100000,13,95,0,374,584,358,16,171,156,99031.04000000005,11,False,False
90,9,747.1350641044435,992.4178000001984,1.0,CLIENT,7,2,100000,20,140,0,305,409,286,19,159,94,145940.48000000007,8,False,False
90,10,891.619198638619,192.8062399996614,1.0,CLIENT,7,2,100000,12,91,0,487,631,399,88,171,184,94861.31200000005,8,False,False
90,11,-926.2351892045207,-779.4626399999947,1.0,CLIENT,7,2,100000,16,88,0,327,391,325,2,165,128,91734.01600000005,9,False,False

91,0,-392.57860238636204,-284.0886400001605,1.0,CLIENT,7,2,100000,16,33,0,719,888,554,165,168,306,34400.256000000016,11,False,False
91,1,681.1508074887441,-158.96496000046795,1.0,CLIENT,7,2,100000,17,114,0,442,542,396,46,166,173,118837.24800000007,11,False,False
91,2,-446.91857842239,-432.8121600003834,1.0,CLIENT,7,2,100000,14,29,0,593,823,514,79,170,288,30230.528000000013,11,False,False
91,3,-627.6029593835282,956.0161599995595,1.0,CLIENT,7,2,100000,16,112,0,313,445,302,11,140,129,116752.38400000006,10,False,False
91,4,-325.8814306327067,-684.1727200001219,1.0,CLIENT,7,2,100000,18,40,0,525,626,498,27,166,258,41697.28000000002,11,False,False
91,5,417.2137810259465,-821.4302800000274,1.0,CLIENT,7,2,100000,10,91,0,460,565,423,37,174,181,94861.31200000005,9,False,False
91,6,-400.73752007079855,-370.58428000008945,1.0,CLIENT,7,2,100000,17,41,0,643,857,527,116,167,287,42739.71200000002,11,False,False
91,7,-442.8787259765997,-650.1087999999086,1.0,CLIENT,7,2,100000,20,50,0,484,618,463,21,164,250,52121.60000000003,11,False,False
91,8,507.0410883515442,611.369439999635,1.0,CLIENT,7,2,100000,13,135,0,317,529,282,35,160,103,140728.32000000007,11,False,False
91,9,-736.0452730770157,-733.3761600000785,1.0,CLIENT,7,2,100000,20,117,0,308,426,304,4,163,103,121964.54400000007,11,False,False
91,10,112.64059172555284,218.96644000005523,1.0,CLIENT,7,2,100000,12,62,0,770,882,549,221,172,274,64630.784000000036,11,False,False
91,11,-913.244291143482,869.0752399999639,1.0,CLIENT,7,2,100000,16,132,0,197,368,195,2,135,49,137601.02400000006,10,False,False

92,0,521.853880652775,-52.209080000277766,1.0,CLIENT,7,2,100000,16,46,0,755,836,515,240,172,256,47951.872000000025,11,False,False
92,1,213.161626113735,889.6694400001729,1.0,CLIENT,7,2,100000,17,51,0,513,634,482,31,169,234,53164.03200000003,11,False,False
92,2,767.3343263333948,-770.5570400003319,1.0,CLIENT,7,2,100000,15,102,0,340,395,337,3,162,140,106328.06400000006,11,False,False
92,3,-675.8435503544428,-15.250840000253163,1.0,CLIENT,7,2,100000,16,101,0,405,548,392,13,164,169,105285.63200000006,11,False,False
92,4,-33.03173470484057,179.89311999983386,1.0,CLIENT,7,2,100000,18,50,0,749,837,534,215,168,287,52121.60000000003,11,False,False
92,5,589.5808187158104,901.2467200002093,1.0,CLIENT,7,2,100000,10,101,0,398,465,395,3,176,175,105285.63200000006,11,False,False
92,6,183.6944670964226,18.145160000064493,1.0,CLIENT,7,2,100000,17,70,0,831,839,505,326,170,253,72970.24000000003,11,False,False
92,7,-202.15104787916337,628.0674400001894,1.0,CLIENT,7,2,100000,20,85,0,619,631,462,157,166,208,88606.72000000004,11,False,False
92,8,-858.1913999694982,35.17711999977564,1.0,CLIENT,7,2,100000,13,106,0,320,425,319,1,164,128,110497.79200000006,10,False,False
92,9,966.8713520421169,-721.3536000003753,1.0,CLIENT,7,2,100000,20,101,0,322,375,318,4,157,128,105285.63200000006,10,False,False
92,10,661.1891836383612,374.4804799997442,1.0,CLIENT,7,2,100000,12,45,0,643,764,522,121,175,267,46909.440000000024,11,False,False
92,11,627.3653210038343,-30.390359999996406,1.0,CLIENT,7,2,100000,16,51,0,682,782,493,189,173,255,53164.03200000003,11,False,False

93,0,-506.0905348355829,369.1371199997883,1.0,CLIENT,7,2,100000,16,109,0,421,601,353,68,172,140,113625.08800000006,11,False,False
93,1,-75.72743016175986,155.9593200001467,1.0,CLIENT,7,2,100000,17,44,0,783,863,558,225,173,300,45867.00800000002,11,False,False
93,2,534.1318635764206,-144.0480800001626,1.0,CLIENT,7,2,100000,15,47,0,743,850,561,182,175,299,48994.304000000026,11,False,False
93,3,929.72055209863,921.1729999997317,1.0,CLIENT,7,2,100000,16,143,0,268,357,263,5,164,73,149067.77600000007,10,False,False
93,4,317.4848745685764,-660.1275999999248,1.0,CLIENT,7,2,100000,18,72,0,613,699,482,131,172,232,75055.10400000004,11,False,False
93,5,549.6575710156075,-756.6420399998699,1.0,CLIENT,7,2,100000,10,94,0,487,603,409,78,178,190,97988.60800000005,11,False,False
93,6,325.80221783928783,472.1081200000427,1.0,CLIENT,7,2,100000,17,71,0,650,752,479,171,172,233,74012.67200000004,11,False,False
93,7,-290.3940993436999,-98.18424000047514,1.0,CLIENT,7,2,100000,20,61,0,678,740,534,144,170,262,63588.352000000035,11,False,False
93,8,537.3795880919618,310.13752000004445,1.0,CLIENT,7,2,100000,13,39,0,733,788,540,193,176,293,40654.84800000002,11,False,False
93,9,-580.8674114802559,-772.115520000352,1.0,CLIENT,7,2,100000,20,144,0,368,457,310,58,157,116,150110.20800000007,10,False,False
93,10,764.3242401975474,289.6546399995543,1.0,CLIENT,7,2,100000,12,38,0,655,736,541,114,177,282,39612.41600000002,11,False,False
93,11,975.7431848639463,277.29811999990346,1.0,CLIENT,7,2,100000,16,54,0,558,662,488,71,171,237,56291.32800000003,11,False,False

94,0,340.0605205894006,-738.9421600002631,1.0,CLIENT,7,2,100000,16,70,0,507,740,424,86,169,204,72970.24000000003,11,False,False
94,1,841.0022238758314,494.81739999965754,1.0,CLIENT,7,2,100000,17,93,0,489,627,404,85,164,171,96946.17600000005,10,False,False
94,2,774.384264915595,353.7749599998162,1.0,CLIENT,7,2,100000,15,66,0,581,718,474,107,166,217,68800.51200000003,10,False,False
94,3,-781.9886930494762,-200.82127999999074,1.0,CLIENT,7,2,100000,16,89,0,495,698,424,71,173,193,92776.44800000005,11,False,False
94,4,-151.53407311637577,-711.668760000307,1.0,CLIENT,7,2,100000,18,76,0,547,671,460,87,171,207,79224.83200000004,11,False,False
94,5,80.32177215866818,-466.6534400003678,1.0,CLIENT,7,2,100000,10,50,0,758,931,545,214,179,307,52121.60000000003,11,False,False
94,6,563.8366609728641,-573.7432800005058,1.0,CLIENT,7,2,100000,17,121,0,451,630,408,44,168,184,126134.27200000007,11,False,False
94,7,-285.9581829325037,981.5084400000578,1.0,CLIENT,7,2,100000,20,153,0,287,472,243,44,151,64,159492.09600000008,10,False,False
94,8,-744.2041907620152,-300.3413600002571,1.0,CLIENT,7,2,100000,13,58,0,511,733,464,48,176,230,60461.05600000003,11,False,False
94,9,774.0674137436079,450.5120399999902,1.0,CLIENT,7,2,100000,20,78,0,555,675,451,104,161,208,81309.69600000004,10,False,False
94,10,-25.585732157234283,791.5965200002076,1.0,CLIENT,7,2,100000,12,79,0,507,686,443,65,168,228,82352.12800000004,10,False,False
94,11,-977.8027174843952,-962.8066799998167,1.0,CLIENT,7,2,100000,16,134,0,285,361,285,0,172,90,139685.88800000006,6,False,False

95,0,545.9345697418042,-133.02740000030298,1.0,CLIENT,7,2,100000,16,70,0,511,713,459,52,171,223,72970.24000000003,11,False,False
95,1,-477.1778653699515,-980.6178799999333,1.0,CLIENT,7,2,100000,17,74,0,567,649,460,107,173,208,77139.96800000004,11,False,False
95,2,550.1328477738695,-800.6134400003805,1.0,CLIENT,7,2,100000,15,138,0,394,534,332,62,169,127,143855.61600000007,11,False,False
95,3,-543.2413347785069,-996.7592800003109,1.0,CLIENT,7,2,100000,16,77,0,532,645,443,89,174,201,80267.26400000004,11,False,False
95,4,-752.7591724118578,267.9472399997829,1.0,CLIENT,7,2,100000,18,80,0,457,651,401,56,172,169,83394.56000000004,11,False,False
95,5,-729.6290368399154,105.08607999966017,1.0,CLIENT,7,2,100000,10,35,0,577,734,511,66,180,268,36485.12000000002,11,False,False
95,6,10.535301476309584,-586.6564000003334,1.0,CLIENT,7,2,100000,17,46,0,786,844,597,189,173,310,47951.872000000025,11,False,False
95,7,-634.1776212069036,165.3101999994763,1.0,CLIENT,7,2,100000,20,55,0,604,741,493,111,170,248,57333.76000000003,11,False,False
95,8,-949.206899190751,-208.50236000037228,1.0,CLIENT,7,2,100000,13,51,0,494,570,477,17,177,230,53164.03200000003,11,False,False
95,9,513.3781117957885,490.25328000010717,1.0,CLIENT,7,2,100000,20,150,0,316,478,294,22,165,92,156364.80000000008,11,False,False
95,10,-961.6433077006716,-437.3762799999338,1.0,CLIENT,7,2,100000,12,53,0,482,567,466,16,178,208,55248.89600000003,11,False,False
95,11,63.92472399581341,-197.2590400002838,1.0,CLIENT,7,2,100000,16,64,0,826,829,525,301,174,266,66715.64800000003,11,False,False

96,0,-452.30504835067313,-248.24360000048927,1.0,CLIENT,7,2,100000,16,69,0,710,818,518,192,170,265,71927.80800000003,11,False,False
96,1,-784.8403535996114,-234.10595999979847,1.0,CLIENT,7,2,100000,17,67,0,542,649,426,116,166,205,69842.94400000003,11,False,False
96,2,716.40050039862,237.89083999973428,1.0,CLIENT,7,2,100000,15,98,0,368,610,330,38,163,129,102158.33600000005,11,False,False
96,3,-613.4238694262715,406.54063999947965,1.0,CLIENT,7,2,100000,16,49,0,535,686,477,58,168,233,51079.16800000003,10,False,False
96,4,947.7810689154019,-846.9225600005257,1.0,CLIENT,7,2,100000,18,87,0,392,433,371,21,161,153,90691.58400000005,8,False,False
96,5,789.6723339756506,-709.1084000004435,1.0,CLIENT,7,2,100000,10,41,0,468,526,446,22,170,213,42739.71200000002,9,False,False
96,6,-864.7660617934364,-367.13336000010145,1.0,CLIENT,7,2,100000,18,98,0,463,578,374,90,165,163,102158.33600000005,11,False,False
96,7,-808.4457659303785,644.7654399999527,1.0,CLIENT,7,2,100000,20,86,0,394,467,383,11,164,167,89649.15200000005,8,False,False
96,8,-592.6701176456394,837.5716799996142,1.0,CLIENT,7,2,100000,13,99,0,353,521,336,17,171,136,103200.76800000005,8,False,False
96,9,560.509723664467,147.1650400002028,1.0,CLIENT,7,2,100000,20,99,0,509,713,412,98,161,189,103200.76800000005,11,False,False
96,10,65.74661823600553,-854.6036400001162,1.0,CLIENT,7,2,100000,12,112,0,546,646,401,145,170,182,116752.38400000006,11,False,False
96,11,367.54735977968306,-885.9958799999561,1.0,CLIENT,7,2,100000,16,52,0,540,655,463,77,164,219,54206.46400000003,9,False,False

97,0,-762.3439203716432,-632.5202400000207,1.0,CLIENT,7,2,100000,16,129,0,382,532,327,56,164,128,134473.72800000006,10,False,False
97,1,-437.4922560488794,963.4745999997122,1.0,CLIENT,7,2,100000,17,87,0,463,611,417,46,170,188,90691.58400000005,10,False,False
97,2,101.86765186954939,530.217159999662,1.0,CLIENT,7,2,100000,14,63,0,780,930,535,245,173,285,65673.21600000003,11,False,False
97,3,835.2989027755613,78.5919200001095,1.0,CLIENT,7,2,100000,16,98,0,472,611,404,68,166,173,102158.33600000005,11,False,False
97,4,-811.0597881013827,861.6167999998112,1.0,CLIENT,7,2,100000,18,77,0,390,516,381,9,168,161,80267.26400000004,9,False,False
97,5,383.4691311842758,-663.9124799998606,1.0,CLIENT,7,2,100000,10,103,0,497,654,425,72,172,202,107370.49600000006,10,False,False
97,6,705.2314965777733,377.37479999955553,1.0,CLIENT,7,2,100000,17,61,0,514,684,453,61,166,232,63588.352000000035,11,False,False
97,7,745.4715954499635,790.4833199998543,1.0,CLIENT,7,2,100000,20,116,0,369,475,349,20,163,130,120922.11200000007,10,False,False
97,8,-417.4514194056405,-259.04164000012,1.0,CLIENT,7,2,100000,13,71,0,767,908,510,257,171,269,74012.67200000004,11,False,False
97,9,-911.660035282421,307.5771600001809,1.0,CLIENT,7,2,100000,20,113,0,501,584,411,90,166,173,117794.81600000006,11,False,False
97,10,4.4359164106333715,-914.0485200003178,1.0,CLIENT,7,2,100000,12,103,0,366,531,349,17,168,147,107370.49600000006,9,False,False
97,11,-57.508487759275795,617.4920399999965,1.0,CLIENT,7,2,100000,16,69,0,731,887,503,228,171,250,71927.80800000003,11,False,False

98,0,87.84698749856769,201.3778800001674,1.0,CLIENT,7,2,100000,16,89,0,807,811,462,345,171,197,92776.44800000005,11,False,False
98,1,-789.2762700108076,124.78971999974476,1.0,CLIENT,7,2,100000,17,48,0,517,596,487,30,171,226,50036.736000000026,11,False,False
98,2,-271.14539063127285,-391.0671599997886,1.0,CLIENT,7,2,100000,15,49,0,602,721,522,80,174,280,51079.16800000003,11,False,False
98,3,593.9375223341506,463.20251999958884,1.0,CLIENT,7,2,100000,16,50,0,540,731,470,70,169,241,52121.60000000003,11,False,False
98,4,563.599022593733,990.6366799999495,1.0,CLIENT,7,2,100000,18,132,0,341,442,317,24,167,116,137601.02400000006,11,False,False
98,5,-469.0981604783711,419.11980000015035,1.0,CLIENT,7,2,100000,10,35,0,693,828,532,161,178,301,36485.12000000002,11,False,False
98,6,-674.8137840450626,643.7635600001092,1.0,CLIENT,7,2,100000,18,86,0,451,626,398,54,170,168,89649.15200000005,11,False,False
98,7,87.60934911943667,-639.6447200002257,1.0,CLIENT,7,2,100000,20,123,0,443,575,372,71,164,163,128219.13600000007,11,False,False
98,8,816.1294068559902,227.53807999977028,1.0,CLIENT,7,2,100000,13,71,0,486,591,414,72,172,195,74012.67200000004,11,False,False
98,9,-862.5481035878382,382.38419999956363,1.0,CLIENT,7,2,100000,20,65,0,427,558,416,12,168,194,67758.08000000003,11,False,False
98,10,932.1761486833591,327.72607999993227,1.0,CLIENT,7,2,100000,12,68,0,419,528,388,31,173,177,70885.37600000003,11,False,False
98,11,-697.6270684450178,-441.04984000015065,1.0,CLIENT,7,2,100000,16,84,0,487,523,434,53,172,188,87564.28800000004,11,False,False

99,0,-378.3995124291054,-190.24587999979786,1.0,CLIENT,7,2,100000,16,71,0,659,720,450,209,173,213,74012.67200000004,11,False,False
99,1,-781.2757779120832,658.235159999957,1.0,CLIENT,7,2,100000,17,109,0,394,415,381,13,170,167,113625.08800000006,11,False,False
99,2,-739.6890615579629,893.7882800000566,1.0,CLIENT,7,2,100000,15,83,0,391,436,379,12,172,171,86521.85600000004,10,False,False
99,3,710.9348176774807,-328.7279599997757,1.0,CLIENT,7,2,100000,16,74,0,527,544,488,39,173,227,77139.96800000004,11,False,False
99,4,-4.9111931700210985,163.7517199994562,1.0,CLIENT,7,2,100000,18,48,0,753,758,497,256,171,257,50036.736000000026,11,False,False
99,5,209.0425608745259,339.5260000001974,1.0,CLIENT,7,2,100000,10,34,0,724,765,541,183,179,289,35442.68800000002,11,False,False
99,6,324.6932387364888,611.369439999635,1.0,CLIENT,7,2,100000,17,57,0,622,689,485,137,172,233,59418.62400000003,11,False,False
99,7,-165.07946072909542,-94.51068000025828,1.0,CLIENT,7,2,100000,20,63,0,723,741,483,240,169,235,65673.21600000003,11,False,False
99,8,872.053638753642,214.95891999989055,1.0,CLIENT,7,2,100000,13,69,0,425,540,409,16,176,184,71927.80800000003,11,False,False
99,9,-101.70922628440012,482.2382399997778,1.0,CLIENT,7,2,100000,19,46,0,662,722,524,138,170,269,47951.872000000025,11,False,False
99,10,788.9594188376949,-57.77508000046254,1.0,CLIENT,7,2,100000,12,43,0,550,579,510,40,177,261,44824.57600000002,11,False,False
99,11,128.6415759224388,-874.5299200004297,1.0,CLIENT,7,2,100000,16,109,0,347,450,340,7,170,118,113625.08800000006,10,False,False

100,0,0.8713407231051896,-193.69679999978587,1.0,CLIENT,7,2,100000,14,68,0,1233,1258,754,479,221,432,70885.37600000003,14,False,False
100,1,-111.05633586505459,629.9598800001572,1.0,CLIENT,7,2,100000,17,84,0,886,1079,702,186,217,381,87564.28800000004,14,False,False
100,2,836.8039458437662,557.935840000076,1.0,CLIENT,7,2,100000,14,110,0,583,773,549,34,216,246,114667.52000000006,12,False,False
100,3,-773.9882009507519,483.68540000007897,1.0,CLIENT,7,2,100000,16,112,0,705,857,623,82,218,292,116752.38400000006,14,False,False
100,4,-982.3178466884475,-558.2698000000238,1.0,CLIENT,7,2,100000,18,133,0,508,698,499,9,215,209,138643.45600000006,12,False,False
100,5,727.7279298057415,540.4585999999072,1.0,CLIENT,7,2,100000,10,104,0,635,830,580,56,219,307,108412.92800000006,12,False,False
100,6,465.8504359622671,566.0622000001242,1.0,CLIENT,7,2,100000,15,77,0,791,997,698,93,219,407,80267.26400000004,14,False,False
100,7,-864.4492106208863,-552.5924800001201,1.0,CLIENT,7,2,100000,20,68,0,636,882,603,33,213,298,70885.37600000003,12,False,False
100,8,-389.72694183622696,369.24843999950724,1.0,CLIENT,7,2,100000,11,35,0,1048,1244,780,269,224,494,36485.12000000002,14,False,False
100,9,-297.6024635121752,642.9843199997038,1.0,CLIENT,7,2,100000,19,91,0,824,1069,644,180,215,346,94861.31200000005,14,False,False
100,10,505.6152580761952,-692.2990800001702,1.0,CLIENT,7,2,100000,12,152,0,487,813,443,44,211,177,158449.66400000008,14,False,False
100,11,-105.8282915230464,-574.1885600001726,1.0,CLIENT,7,2,100000,16,91,0,892,1132,681,211,219,356,94861.31200000005,14,False,False
100,12,-531.1217774411363,-284.0886400001605,1.0,CLIENT,7,2,100000,17,55,0,991,1122,761,230,217,442,57333.76000000003,14,False,False
100,13,548.5485919128083,-388.9520800003828,1.0,CLIENT,7,2,100000,20,84,0,773,1002,678,96,211,350,87564.28800000004,14,False,False
100,14,-942.4738117811005,-54.65812000042234,1.0,CLIENT,7,2,100000,17,64,0,739,853,692,47,217,318,66715.64800000003,14,False,False

101,0,666.8132919457753,841.9131599997265,1.0,CLIENT,7,2,100000,16,153,0,602,688,553,49,214,258,159492.09600000008,13,False,False
101,1,-936.4536395088433,626.5089600001693,1.0,CLIENT,7,2,100000,17,84,0,582,691,575,7,216,266,87564.28800000004,12,False,False
101,2,-660.713906880662,393.40488000021423,1.0,CLIENT,7,2,100000,13,44,0,776,1007,691,85,221,399,45867.00800000002,14,False,False
101,3,-842.4280541511803,704.4329599995922,1.0,CLIENT,7,2,100000,15,74,0,598,716,592,6,218,279,77139.96800000004,12,False,False
101,4,-94.10479815108171,196.5911199995972,1.0,CLIENT,7,2,100000,17,66,0,1214,1313,671,543,215,374,68800.51200000003,14,False,False
101,5,113.03665569039599,327.94872000016113,1.0,CLIENT,7,2,100000,9,37,0,1132,1318,766,366,223,494,38569.98400000002,14,False,False
101,6,-84.75768857042723,731.7063599995483,1.0,CLIENT,7,2,100000,15,57,0,900,1014,687,214,217,394,59418.62400000003,14,False,False
101,7,22.496433227405305,197.70431999995054,1.0,CLIENT,7,2,100000,20,70,0,1199,1312,663,536,212,398,72970.24000000003,14,False,False
101,8,-424.7389963669718,-848.1470799998069,1.0,CLIENT,7,2,100000,13,188,0,370,591,353,17,198,125,195977.2160000001,13,False,False
101,9,-95.6098412187239,893.6769599995466,1.0,CLIENT,7,2,100000,19,78,0,837,936,661,176,213,336,81309.69600000004,13,False,False
101,10,-903.0258408391594,552.2585200001722,1.0,CLIENT,7,2,100000,12,85,0,591,739,582,9,221,291,88606.72000000004,12,False,False
101,11,560.668149250179,-38.07144000037795,1.0,CLIENT,7,2,100000,16,83,0,909,1085,634,275,209,333,86521.85600000004,14,False,False
101,12,-272.571220906059,848.035760000088,1.0,CLIENT,7,2,100000,19,69,0,815,902,694,121,215,360,71927.80800000003,13,False,False
101,13,473.2964385098733,-974.0499999999051,1.0,CLIENT,7,2,100000,21,173,0,465,573,387,78,185,156,180340.7360000001,9,False,False
101,14,944.2957060207298,-37.62615999992022,1.0,CLIENT,7,2,100000,17,132,0,621,776,497,124,205,219,137601.02400000006,11,False,False

102,0,23.13013557194231,657.9012000000091,1.0,CLIENT,7,2,100000,13,64,0,1041,1317,619,402,213,373,66715.64800000003,14,False,False
102,1,-221.7958205569964,279.74716000004804,1.0,CLIENT,7,2,100000,17,83,0,1242,1424,709,505,212,385,86521.85600000004,14,False,False
102,2,162.22780017839747,675.267119999668,1.0,CLIENT,7,2,100000,12,47,0,987,1313,693,287,218,434,48994.304000000026,14,False,False
102,3,297.5232507181934,748.5156799998217,1.0,CLIENT,7,2,100000,14,48,0,857,1229,669,160,214,401,50036.736000000026,14,False,False
102,4,-789.0386316316766,271.28684000005194,1.0,CLIENT,7,2,100000,18,112,0,741,883,636,79,209,300,116752.38400000006,14,False,False
102,5,-383.0730672194326,-552.3698399998912,1.0,CLIENT,7,2,100000,10,110,0,735,1020,581,147,217,283,114667.52000000006,14,False,False
102,6,861.5183372773324,195.58923999975377,1.0,CLIENT,7,2,100000,17,131,0,885,992,647,210,209,309,136558.59200000006,13,False,False
102,7,950.8703678446681,708.4404799997569,1.0,CLIENT,7,2,100000,20,172,0,503,684,454,21,205,181,179298.3040000001,12,False,False
102,8,601.938014432875,-682.280280000154,1.0,CLIENT,7,2,100000,13,91,0,581,912,537,41,210,269,94861.31200000005,13,False,False
102,9,-702.7758999936071,-325.49968000001655,1.0,CLIENT,7,2,100000,19,126,0,714,961,553,148,207,264,131346.43200000006,13,False,False
102,10,657.7830335371079,-560.9414800003972,1.0,CLIENT,7,2,100000,12,76,0,693,1025,598,90,211,316,79224.83200000004,13,False,False
102,11,224.9643322791186,908.482520000133,1.0,CLIENT,7,2,100000,16,98,0,768,982,583,157,212,272,102158.33600000005,14,False,False
102,12,346.0806928616579,-719.7951200003553,1.0,CLIENT,7,2,100000,17,90,0,709,929,600,100,207,318,93818.88000000005,13,False,False
102,13,440.8191933567138,-711.446120000078,1.0,CLIENT,7,2,100000,19,78,0,678,923,592,83,204,306,81309.69600000004,13,False,False
102,14,-991.3481050971149,768.664599999573,1.0,CLIENT,7,2,100000,17,168,0,523,658,475,24,209,195,175128.5760000001,8,False,False

103,0,-20.12004943665792,431.1423599998534,1.0,CLIENT,7,2,100000,14,32,0,934,1077,767,167,219,486,33357.824000000015,14,False,False
103,1,271.14539063071,550.5887199996423,1.0,CLIENT,7,2,100000,17,66,0,903,1052,727,176,216,412,68800.51200000003,14,False,False
103,2,-549.5783582233142,157.7404399996047,1.0,CLIENT,7,2,100000,14,69,0,644,864,606,38,218,294,71927.80800000003,14,False,False
103,3,422.36261257453583,-908.9277999997998,1.0,CLIENT,7,2,100000,16,105,0,514,707,504,10,219,214,109455.36000000006,13,False,False
103,4,332.61451804179427,-287.4282400004296,1.0,CLIENT,7,2,100000,17,67,0,1071,1146,753,318,219,454,69842.94400000003,14,False,False
103,5,993.8829144741374,-134.3632400000942,1.0,CLIENT,7,2,100000,10,103,0,777,862,658,119,225,315,107370.49600000006,14,False,False
103,6,152.484626632337,288.54143999999195,1.0,CLIENT,7,2,100000,15,53,0,1057,1156,752,306,219,450,55248.89600000003,14,False,False
103,7,-34.21992660049568,754.3043200002353,1.0,CLIENT,7,2,100000,20,76,0,744,844,626,118,213,324,79224.83200000004,14,False,False
103,8,881.4799611277155,510.4021999998585,1.0,CLIENT,7,2,100000,13,144,0,642,888,562,80,219,250,150110.20800000007,14,False,False
103,9,186.62534043997664,-38.405400000325756,1.0,CLIENT,7,2,100000,19,84,0,1136,1140,655,481,215,377,87564.28800000004,14,False,False
103,10,-675.6851247687306,258.2623999997145,1.0,CLIENT,7,2,100000,12,117,0,538,669,527,11,220,233,121964.54400000007,13,False,False
103,11,930.195828856892,-791.7078399999266,1.0,CLIENT,7,2,100000,16,103,0,532,691,516,17,219,205,107370.49600000006,12,False,False
103,12,-279.06666993657836,871.7469199995463,1.0,CLIENT,7,2,100000,19,99,0,606,713,567,39,213,240,103200.76800000005,12,False,False
103,13,415.3918867857544,-752.5231999999863,1.0,CLIENT,7,2,100000,20,65,0,663,902,624,39,215,314,67758.08000000003,14,False,False
103,14,503.00123590575396,-693.7462400004713,1.0,CLIENT,7,2,100000,15,41,0,729,945,676,53,220,403,42739.71200000002,14,False,False

104,0,12.990898061038713,-964.6991199997844,1.0,CLIENT,7,2,100000,16,174,0,718,921,513,200,214,219,181383.1680000001,13,False,False
104,1,-707.6870931630654,-401.1972800003147,1.0,CLIENT,7,2,100000,17,102,0,723,915,625,94,213,289,106328.06400000006,14,False,False
104,2,696.5180893416559,500.49471999956126,1.0,CLIENT,7,2,100000,14,61,0,892,1080,703,186,220,384,63588.352000000035,13,False,False
104,3,-28.595818293644356,-38.07144000037795,1.0,CLIENT,7,2,100000,13,88,0,1373,1456,602,767,216,358,91734.01600000005,14,False,False
104,4,760.7596645100193,-645.6560000000773,1.0,CLIENT,7,2,100000,18,106,0,670,860,624,42,218,309,110497.79200000006,14,False,False
104,5,-334.67405066224313,524.3171999995295,1.0,CLIENT,7,2,100000,10,55,0,834,1054,710,120,224,384,57333.76000000003,14,False,False
104,6,613.0278054603027,746.7345599995726,1.0,CLIENT,7,2,100000,18,133,0,692,891,576,112,215,274,138643.45600000006,13,False,False
104,7,-649.6241158532342,258.9303199996101,1.0,CLIENT,7,2,100000,20,156,0,661,1011,520,139,213,227,162619.39200000008,14,False,False
104,8,736.67897542099,269.95099999946973,1.0,CLIENT,7,2,100000,12,37,0,940,1186,761,175,223,453,38569.98400000002,13,False,False
104,9,775.730882397525,-638.8654799998201,1.0,CLIENT,7,2,100000,19,85,0,695,860,637,54,217,329,88606.72000000004,14,False,False
104,10,271.8583057681031,-239.33800000003544,1.0,CLIENT,7,2,100000,12,50,0,1263,1454,764,498,224,466,52121.60000000003,14,False,False
104,11,989.7638492349281,-82.0428400000975,1.0,CLIENT,7,2,100000,16,114,0,682,894,617,61,220,288,118837.24800000007,13,False,False
104,12,-885.2029624015186,-946.7765999999489,1.0,CLIENT,7,2,100000,20,173,0,441,588,423,18,209,164,180340.7360000001,9,False,False
104,13,-92.75818066915163,991.415919999564,1.0,CLIENT,7,2,100000,20,171,0,556,682,513,40,213,218,178255.8720000001,12,False,False
104,14,718.9353097762051,-245.46060000039688,1.0,CLIENT,7,2,100000,14,41,0,911,1150,734,174,222,465,42739.71200000002,14,False,False

105,0,221.95424614270854,-248.57756000043707,1.0,CLIENT,7,2,100000,13,53,0,1246,1530,801,434,223,514,55248.89600000003,14,False,False
105,1,687.8838948983946,373.8125599998486,1.0,CLIENT,7,2,100000,17,67,0,912,1148,708,193,219,377,69842.94400000003,13,False,False
105,2,703.6472407167123,-947.2218800004066,1.0,CLIENT,7,2,100000,14,192,0,471,587,464,1,219,190,200146.9440000001,12,False,False
105,3,435.9080001872555,-566.9527600002488,1.0,CLIENT,7,2,100000,14,50,0,823,1154,741,73,221,424,52121.60000000003,14,False,False
105,4,-963.3067763551516,-769.4438399999785,1.0,CLIENT,7,2,100000,18,205,0,469,633,447,16,213,179,213698.5600000001,10,False,False
105,5,-797.6728260749379,1.447159999510177,1.0,CLIENT,7,2,100000,10,87,0,862,1048,710,143,225,369,90691.58400000005,14,False,False
105,6,809.7131706188898,-94.51068000025828,1.0,CLIENT,7,2,100000,17,121,0,855,1032,626,222,215,281,126134.27200000007,14,False,False
105,7,-50.616974763350456,-700.2027999999896,1.0,CLIENT,7,2,100000,20,140,0,931,1144,589,336,215,258,145940.48000000007,14,False,False
105,8,-104.40246124826027,968.4839999997203,1.0,CLIENT,7,2,100000,13,149,0,701,875,551,143,222,241,155322.36800000007,12,False,False
105,9,568.5102157631914,885.2166399995506,1.0,CLIENT,7,2,100000,20,169,0,556,730,518,32,215,222,176171.0080000001,13,False,False
105,10,-899.5404779450502,432.7008399998735,1.0,CLIENT,7,2,100000,12,142,0,603,858,507,88,219,222,148025.34400000007,13,False,False
105,11,632.9102165172668,317.5959600001971,1.0,CLIENT,7,2,100000,16,63,0,979,1222,740,232,220,422,65673.21600000003,13,False,False
105,12,-401.37122241533564,576.971559999474,1.0,CLIENT,7,2,100000,19,79,0,927,1193,724,196,216,389,82352.12800000004,14,False,False
105,13,-241.36138044197338,-371.363520000495,1.0,CLIENT,7,2,100000,19,48,0,1275,1463,784,486,216,503,50036.736000000026,14,False,False
105,14,-367.70578536652084,-39.85255999983593,1.0,CLIENT,7,2,100000,14,57,0,1255,1496,770,480,221,467,59418.62400000003,14,False,False

106,0,772.9584346408088,165.08756000003842,1.0,CLIENT,7,2,100000,16,165,0,712,854,492,220,216,219,172001.2800000001,14,False,False
106,1,-289.2059074480448,83.04471999994092,1.0,CLIENT,7,2,100000,17,40,0,1042,1185,740,302,221,436,41697.28000000002,14,False,False
106,2,-159.69299080137512,384.05400000009365,1.0,CLIENT,7,2,100000,14,48,0,996,1076,672,324,224,387,50036.736000000026,14,False,False
106,3,-754.5018538591938,-339.30335999996856,1.0,CLIENT,7,2,100000,16,161,0,502,687,465,37,218,185,167831.55200000008,14,False,False
106,4,419.82780319695064,944.1049199995755,1.0,CLIENT,7,2,100000,18,141,0,588,711,549,39,218,256,146982.91200000007,13,False,False
106,5,-492.2282960508762,533.4454400002121,1.0,CLIENT,7,2,100000,10,34,0,883,979,719,164,228,417,35442.68800000002,12,False,False
106,6,893.8371568442171,-899.4655999999602,1.0,CLIENT,7,2,100000,17,107,0,435,506,431,4,206,176,111540.22400000006,9,False,False
106,7,800.2076354519603,-938.8728800001295,1.0,CLIENT,7,2,100000,20,117,0,426,528,426,0,202,172,121964.54400000007,8,False,False
106,8,129.90898061151282,-8.571640000506022,1.0,CLIENT,7,2,100000,13,70,0,1110,1249,623,487,224,336,72970.24000000003,14,False,False
106,9,-470.44477796030105,648.4390000001696,1.0,CLIENT,7,2,100000,19,57,0,852,949,685,167,219,386,59418.62400000003,12,False,False
106,10,-146.0683903957994,941.0992800000452,1.0,CLIENT,7,2,100000,12,68,0,765,894,681,84,226,341,70885.37600000003,11,False,False
106,11,395.9055396936335,-912.3787199997878,1.0,CLIENT,7,2,100000,16,98,0,589,738,529,60,207,252,102158.33600000005,11,False,False
106,12,-202.54711184456937,-31.72619999978764,1.0,CLIENT,7,2,100000,17,50,0,1062,1240,702,361,221,406,52121.60000000003,14,False,False
106,13,-876.172703993414,893.7882800000566,1.0,CLIENT,7,2,100000,20,120,0,526,711,494,34,217,205,125091.84000000007,11,False,False
106,14,-926.9481043424765,598.9015999994742,1.0,CLIENT,7,2,100000,17,72,0,651,753,603,48,221,284,75055.10400000004,11,False,False

107,0,455.2359216925386,535.3378800001801,1.0,CLIENT,7,2,100000,14,55,0,751,922,678,67,215,386,57333.76000000003,14,False,False
107,1,989.922274821203,607.2505999997514,1.0,CLIENT,7,2,100000,17,168,0,421,615,413,2,211,146,175128.5760000001,11,False,False
107,2,-832.2096038474207,110.65207999984494,1.0,CLIENT,7,2,100000,15,121,0,576,751,517,58,212,217,126134.27200000007,14,False,False
107,3,-189.3977881972557,133.13872000002192,1.0,CLIENT,7,2,100000,16,71,0,995,1186,690,299,217,350,74012.67200000004,14,False,False
107,4,221.7166077635775,507.39655999953726,1.0,CLIENT,7,2,100000,18,55,0,830,999,696,127,211,380,57333.76000000003,14,False,False
107,5,98.30307618202121,-612.0373600003217,1.0,CLIENT,7,2,100000,10,47,0,891,1123,677,210,219,390,48994.304000000026,14,False,False
107,6,637.8214096872879,618.8278799997877,1.0,CLIENT,7,2,100000,15,46,0,651,819,623,25,213,372,47951.872000000025,12,False,False
107,7,-61.15227623966004,-455.2987999997694,1.0,CLIENT,7,2,100000,20,63,0,974,1149,632,339,210,336,65673.21600000003,14,False,False
107,8,-999.8238739541013,-438.9347599999539,1.0,CLIENT,7,2,100000,13,87,0,505,569,496,8,213,208,90691.58400000005,11,False,False
107,9,243.34170026787763,-440.9385200004317,1.0,CLIENT,7,2,100000,19,99,0,956,1183,644,309,210,355,103200.76800000005,14,False,False
107,10,-867.3800839638776,-774.7871999999345,1.0,CLIENT,7,2,100000,12,76,0,524,602,515,8,214,227,79224.83200000004,11,False,False
107,11,-571.2826635204704,-763.6552000003559,1.0,CLIENT,7,2,100000,16,70,0,619,776,574,44,211,272,72970.24000000003,13,False,False
107,12,261.4022170846496,703.4310799997488,1.0,CLIENT,7,2,100000,19,73,0,696,844,625,65,210,324,76097.53600000004,14,False,False
107,13,537.3003752991057,725.5837599999779,1.0,CLIENT,7,2,100000,20,90,0,583,746,554,22,208,266,93818.88000000005,12,False,False
107,14,745.5508082433824,-895.5694000003054,1.0,CLIENT,7,2,100000,17,188,0,269,497,263,5,181,59,195977.2160000001,14,False,False

108,0,-387.74662200975985,567.7319999998633,1.0,CLIENT,7,2,100000,16,110,0,869,1112,649,168,208,323,114667.52000000006,14,False,False
108,1,808.3665531369597,507.95315999971393,1.0,CLIENT,7,2,100000,17,57,0,751,988,654,53,216,360,59418.62400000003,12,False,False
108,2,-606.2947180512151,813.749199999646,1.0,CLIENT,7,2,100000,14,76,0,636,854,567,30,208,282,79224.83200000004,13,False,False
108,3,92.04526553063288,-689.7387200003067,1.0,CLIENT,7,2,100000,16,99,0,941,1157,704,187,219,341,103200.76800000005,14,False,False
108,4,-675.3682735961808,-915.0504000001613,1.0,CLIENT,7,2,100000,18,132,0,526,742,472,17,209,199,137601.02400000006,11,False,False
108,5,-99.09520411339602,-255.14544000046527,1.0,CLIENT,7,2,100000,9,47,0,1341,1491,734,572,225,478,48994.304000000026,14,False,False
108,6,-563.915873766283,-260.93408000008793,1.0,CLIENT,7,2,100000,16,101,0,992,1171,727,214,218,374,105285.63200000006,14,False,False
108,7,150.42509401301388,28.163960000080692,1.0,CLIENT,7,2,100000,20,84,0,1303,1455,682,583,215,395,87564.28800000004,14,False,False
108,8,156.28684069899623,-184.01196000050845,1.0,CLIENT,7,2,100000,11,45,0,1356,1488,775,528,225,492,46909.440000000024,14,False,False
108,9,443.2747899414429,374.4804799997442,1.0,CLIENT,7,2,100000,19,68,0,1079,1241,773,250,217,481,70885.37600000003,14,False,False
108,10,729.5498240459336,-728.812040000528,1.0,CLIENT,7,2,100000,12,170,0,598,883,505,42,221,220,177213.4400000001,12,False,False
108,11,997.5267029545215,152.7310399995966,1.0,CLIENT,7,2,100000,16,124,0,701,837,627,27,219,290,129261.56800000007,12,False,False
108,12,-826.2686443680194,704.6555999998211,1.0,CLIENT,7,2,100000,19,150,0,473,739,430,7,201,174,156364.80000000008,13,False,False
108,13,-872.9249794778729,-698.8669600001983,1.0,CLIENT,7,2,100000,20,120,0,559,810,508,15,207,228,125091.84000000007,11,False,False
108,14,735.1739323527851,655.6748000000935,1.0,CLIENT,7,2,100000,17,130,0,622,888,552,24,217,255,135516.16000000006,12,False,False

109,0,739.2929975919941,665.8049199998286,1.0,CLIENT,7,2,100000,16,122,0,715,922,590,126,222,273,127176.70400000007,13,False,False
109,1,872.4497027190481,-408.9896800004152,1.0,CLIENT,7,2,100000,17,99,0,604,820,580,23,220,303,103200.76800000005,14,False,False
109,2,273.3633488363081,-510.29088000013957,1.0,CLIENT,7,2,100000,14,70,0,976,1249,701,274,224,385,72970.24000000003,14,False,False
109,3,580.629773100562,296.2225199995825,1.0,CLIENT,7,2,100000,14,64,0,1003,1178,721,281,224,390,66715.64800000003,14,False,False
109,4,670.6155060124346,-221.4154800001998,1.0,CLIENT,7,2,100000,17,49,0,854,1183,723,131,220,417,51079.16800000003,14,False,False
109,5,-567.2428110746802,-934.1974400000692,1.0,CLIENT,7,2,100000,10,197,0,378,628,363,16,212,124,205359.1040000001,11,False,False
109,6,874.1923841663842,-558.2698000000238,1.0,CLIENT,7,2,100000,17,157,0,470,690,461,9,219,198,163661.82400000008,13,False,False
109,7,-595.9178421611806,-87.0522400001056,1.0,CLIENT,7,2,100000,20,66,0,888,1154,673,216,214,370,68800.51200000003,14,False,False
109,8,-167.93112127923052,-332.06756000004475,1.0,CLIENT,7,2,100000,13,67,0,1172,1363,720,452,223,391,69842.94400000003,14,False,False
109,9,298.15695306273045,975.831120000154,1.0,CLIENT,7,2,100000,19,92,0,621,878,577,43,216,279,95903.74400000005,13,False,False
109,10,-349.0907789986308,826.1057200000878,1.0,CLIENT,7,2,100000,12,104,0,810,904,662,147,222,331,108412.92800000006,14,False,False
109,11,297.6024635110495,940.4313600001495,1.0,CLIENT,7,2,100000,16,103,0,627,891,574,52,218,300,107370.49600000006,13,False,False
109,12,-831.6551142957397,-149.61408000034737,1.0,CLIENT,7,2,100000,19,120,0,691,832,571,120,212,271,125091.84000000007,14,False,False
109,13,-789.7515467690696,455.18748000005047,1.0,CLIENT,7,2,100000,20,128,0,625,895,553,74,211,244,133431.29600000006,13,False,False
109,14,31.764330015203715,348.32028000014134,1.0,CLIENT,7,2,100000,15,70,0,1180,1349,773,407,222,462,72970.24000000003,14,False,False

110,0,867.1424455841839,-23.265879999791537,1.0,CLIENT,7,2,100000,16,178,0,616,696,529,78,214,243,185552.8960000001,12,False,False
110,1,-853.0425684209088,920.0598000001694,1.0,CLIENT,7,2,100000,17,148,0,507,643,490,17,212,209,154279.93600000007,11,False,False
110,2,182.5062752007675,-552.2585200001722,1.0,CLIENT,7,2,100000,13,39,0,966,1182,725,233,219,440,40654.84800000002,14,False,False
110,3,65.19212868488742,-442.4970000004518,1.0,CLIENT,7,2,100000,13,33,0,1111,1250,756,355,220,507,34400.256000000016,14,False,False
110,4,24.239114674741366,742.5043999999701,1.0,CLIENT,7,2,100000,18,91,0,908,1078,661,239,212,336,94861.31200000005,14,False,False
110,5,-942.8698757465064,112.54451999981285,1.0,CLIENT,7,2,100000,10,116,0,836,1041,616,212,221,285,120922.11200000007,14,False,False
110,6,-750.5412142062596,440.493239999974,1.0,CLIENT,7,2,100000,15,51,0,836,1096,720,109,217,420,53164.03200000003,14,False,False
110,7,232.568760412437,-755.7514800005365,1.0,CLIENT,7,2,100000,20,123,0,712,939,587,116,211,276,128219.13600000007,13,False,False
110,8,-349.486842963474,-50.98456000020548,1.0,CLIENT,7,2,100000,12,87,0,1307,1395,637,662,220,334,90691.58400000005,14,False,False
110,9,-948.8108352259078,-861.5054800000922,1.0,CLIENT,7,2,100000,20,197,0,509,634,456,45,203,196,205359.1040000001,12,False,False
110,10,191.85338478142197,-723.0234000001144,1.0,CLIENT,7,2,100000,12,82,0,794,1020,620,166,220,322,85479.42400000004,13,False,False
110,11,-790.0683979416195,813.3039199999791,1.0,CLIENT,7,2,100000,16,96,0,620,760,598,22,214,307,100073.47200000005,14,False,False
110,12,456.82017755416257,624.6165200002014,1.0,CLIENT,7,2,100000,19,126,0,651,1000,549,95,210,245,131346.43200000006,13,False,False
110,13,204.36900608419865,-39.518599999888124,1.0,CLIENT,7,2,100000,19,63,0,1044,1270,786,250,213,464,65673.21600000003,14,False,False
110,14,-459.83026369057256,-281.63960000001595,1.0,CLIENT,7,2,100000,14,44,0,1150,1390,781,360,218,520,45867.00800000002,14,False,False

111,0,358.35867578530355,-30.16771999976754,1.0,CLIENT,7,2,100000,16,83,0,1151,1347,692,453,218,375,86521.85600000004,14,False,False
111,1,-610.3345704970054,553.9283199999113,1.0,CLIENT,7,2,100000,17,79,0,697,984,618,62,214,353,82352.12800000004,14,False,False
111,2,-337.6841367980904,-281.63960000001595,1.0,CLIENT,7,2,100000,14,81,0,1129,1289,706,403,223,383,84436.99200000004,14,False,False
111,3,13.941451577562804,-884.5487200004459,1.0,CLIENT,7,2,100000,16,135,0,665,825,576,71,215,271,140728.32000000007,14,False,False
111,4,-730.5003775630206,-962.5840400003788,1.0,CLIENT,7,2,100000,18,189,0,390,624,375,10,213,123,197019.6480000001,10,False,False
111,5,904.8477350787888,289.43200000011643,1.0,CLIENT,7,2,100000,10,76,0,647,859,603,30,219,282,79224.83200000004,13,False,False
111,6,-670.0610164613165,790.7059600000832,1.0,CLIENT,7,2,100000,16,144,0,516,678,486,23,215,211,150110.20800000007,14,False,False
111,7,690.8939810348046,-423.0159999998051,1.0,CLIENT,7,2,100000,20,152,0,701,955,522,162,208,232,158449.66400000008,14,False,False
111,8,983.2684002044089,747.2911599997494,1.0,CLIENT,7,2,100000,13,143,0,468,591,447,7,216,183,149067.77600000007,12,False,False
111,9,399.4701153811617,672.1501599996279,1.0,CLIENT,7,2,100000,19,66,0,994,1116,712,266,216,388,68800.51200000003,13,False,False
111,10,-242.9456363030345,-626.8429200001171,1.0,CLIENT,7,2,100000,12,41,0,946,1111,749,179,222,440,42739.71200000002,14,False,False
111,11,-541.8947172965768,-753.5250799998298,1.0,CLIENT,7,2,100000,16,53,0,774,978,669,95,216,405,55248.89600000003,13,False,False
111,12,-257.5207902256971,297.00175999998805,1.0,CLIENT,7,2,100000,17,50,0,1150,1424,774,357,216,484,52121.60000000003,14,False,False
111,13,-685.8243622796342,367.912599999716,1.0,CLIENT,7,2,100000,20,123,0,720,1024,596,108,213,302,128219.13600000007,14,False,False
111,14,476.30652464572063,864.8450799995703,1.0,CLIENT,7,2,100000,17,109,0,756,963,624,117,216,306,113625.08800000006,13,False,False

112,0,908.2538851806049,137.1462400001866,1.0,CLIENT,7,2,100000,16,109,0,735,935,576,159,216,254,113625.08800000006,13,False,False
112,1,-275.5020942490502,287.7621999995864,1.0,CLIENT,7,2,100000,17,85,0,1174,1295,625,549,213,324,88606.72000000004,14,False,False
112,2,511.8730687281464,786.8097599996374,1.0,CLIENT,7,2,100000,14,101,0,665,878,599,66,215,290,105285.63200000006,13,False,False
112,3,-917.6009947618221,986.8518000000137,1.0,CLIENT,7,2,100000,16,203,0,308,495,299,9,200,77,211613.6960000001,9,False,False
112,4,404.30209575776394,-305.3507600002652,1.0,CLIENT,7,2,100000,18,81,0,1102,1266,689,413,217,376,84436.99200000004,14,False,False
112,5,-744.3626163482902,-778.6834000003802,1.0,CLIENT,7,2,100000,10,132,0,404,516,401,3,215,162,137601.02400000006,12,False,False
112,6,751.8086188947708,-351.5485599999005,1.0,CLIENT,7,2,100000,15,55,0,880,1067,721,159,219,446,57333.76000000003,13,False,False
112,7,-185.75399971687145,-829.1113600004089,1.0,CLIENT,7,2,100000,20,117,0,726,903,580,146,210,269,121964.54400000007,13,False,False
112,8,-271.6998801823909,872.6374799996709,1.0,CLIENT,7,2,100000,13,138,0,670,866,553,117,214,274,143855.61600000007,13,False,False
112,9,972.5746731418243,-851.1527200001283,1.0,CLIENT,7,2,100000,20,184,0,451,529,415,36,211,149,191807.4880000001,12,False,False
112,10,498.72374508083277,755.9741199999744,1.0,CLIENT,7,2,100000,12,94,0,673,900,597,77,218,292,97988.60800000005,13,False,False
112,11,-811.2974264805136,-374.814440000483,1.0,CLIENT,7,2,100000,16,90,0,549,821,504,45,210,243,93818.88000000005,14,False,False
112,12,-462.99877541269484,-185.12516000007082,1.0,CLIENT,7,2,100000,19,77,0,903,1247,679,225,215,367,80267.26400000004,14,False,False
112,13,476.9402269902576,203.38163999985426,1.0,CLIENT,7,2,100000,19,54,0,1031,1225,764,267,214,471,56291.32800000003,14,False,False
112,14,996.2592982654475,-447.39507999995,1.0,CLIENT,7,2,100000,17,66,0,629,862,581,48,214,297,68800.51200000003,13,False,False

113,0,59.40959479176114,-234.5512400002562,1.0,CLIENT,7,2,100000,14,54,0,1139,1231,805,334,217,473,56291.32800000003,14,False,False
113,1,-467.27626623817895,352.66175999946284,1.0,CLIENT,7,2,100000,17,75,0,951,1164,696,255,212,397,78182.40000000004,14,False,False
113,2,251.97589471113903,811.8567599996779,1.0,CLIENT,7,2,100000,14,86,0,754,919,641,113,213,309,89649.15200000005,14,False,False
113,3,738.4216568683261,-27.496040000185076,1.0,CLIENT,7,2,100000,14,116,0,706,988,538,169,211,270,120922.11200000007,14,False,False
113,4,-505.6152580773209,-257.9284399997667,1.0,CLIENT,7,2,100000,16,58,0,951,1160,722,229,212,448,60461.05600000003,14,False,False
113,5,-455.7111984519264,-844.4735200003811,1.0,CLIENT,7,2,100000,10,79,0,606,757,585,21,219,289,82352.12800000004,13,False,False
113,6,-106.77884504013333,-813.4152400004891,1.0,CLIENT,7,2,100000,16,60,0,775,852,696,79,214,370,62545.920000000035,14,False,False
113,7,724.7970564627503,-313.69976000054237,1.0,CLIENT,7,2,100000,20,126,0,586,934,519,67,204,255,131346.43200000006,14,False,False
113,8,-624.8305116262491,64.00899999975195,1.0,CLIENT,7,2,100000,13,82,0,883,1126,639,244,216,319,85479.42400000004,14,False,False
113,9,270.35326269989804,-741.5025200001267,1.0,CLIENT,7,2,100000,19,96,0,711,828,635,76,210,317,100073.47200000005,14,False,False
113,10,324.77245152934483,919.1692400000449,1.0,CLIENT,7,2,100000,12,129,0,606,783,525,81,215,245,134473.72800000006,13,False,False
113,11,-303.8602741635635,759.981640000139,1.0,CLIENT,7,2,100000,16,54,0,711,960,655,56,213,370,56291.32800000003,14,False,False
113,12,-471.71218264937517,867.5167599999438,1.0,CLIENT,7,2,100000,19,135,0,523,695,496,27,209,204,140728.32000000007,14,False,False
113,13,-552.8260827382925,-605.2468400000646,1.0,CLIENT,7,2,100000,20,98,0,619,856,584,36,210,280,102158.33600000005,14,False,False
113,14,95.68905401157997,-449.7328000003756,1.0,CLIENT,7,2,100000,14,38,0,957,1163,785,172,217,477,39612.41600000002,14,False,False

114,0,-697.8647068241488,854.1583599996585,1.0,CLIENT,7,2,100000,16,127,0,488,682,438,49,201,192,132388.86400000006,10,False,False
114,1,263.30332411826055,-551.7019199999957,1.0,CLIENT,7,2,100000,17,53,0,997,1132,760,238,224,455,55248.89600000003,14,False,False
114,2,709.5882001955507,-603.2430800003777,1.0,CLIENT,7,2,100000,14,36,0,780,983,688,92,224,374,37527.55200000002,12,False,False
114,3,787.1375245975028,190.57983999974567,1.0,CLIENT,7,2,100000,16,130,0,680,911,589,92,218,288,135516.16000000006,14,False,False
114,4,675.922763146736,-460.0855600003396,1.0,CLIENT,7,2,100000,18,48,0,873,1105,714,160,220,409,50036.736000000026,13,False,False
114,5,430.60074305239124,354.33155999999286,1.0,CLIENT,7,2,100000,10,71,0,949,1292,672,277,224,380,74012.67200000004,14,False,False
114,6,-684.3193192114292,-226.4248800002079,1.0,CLIENT,7,2,100000,17,132,0,732,929,516,215,208,237,137601.02400000006,14,False,False
114,7,645.5842634063183,-470.21568000007477,1.0,CLIENT,7,2,100000,20,50,0,872,1102,712,160,218,394,52121.60000000003,13,False,False
114,8,-60.756212274254054,-995.4234400005197,1.0,CLIENT,7,2,100000,13,153,0,670,796,513,157,227,217,159492.09600000008,11,False,False
114,9,-977.8027174843952,718.1253199998253,1.0,CLIENT,7,2,100000,20,136,0,382,472,382,0,197,146,141770.75200000007,8,False,False
114,10,-141.79089957087814,-632.9655200004786,1.0,CLIENT,7,2,100000,12,63,0,908,1054,716,192,229,411,65673.21600000003,14,False,False
114,11,-696.8349405142059,-64.00900000054293,1.0,CLIENT,7,2,100000,16,121,0,706,928,515,190,207,243,126134.27200000007,14,False,False
114,12,900.4910314610114,-419.8990399997649,1.0,CLIENT,7,2,100000,19,55,0,796,975,680,116,219,365,57333.76000000003,12,False,False
114,13,868.5682758595327,-882.4336400002492,1.0,CLIENT,7,2,100000,20,123,0,600,694,551,50,218,240,128219.13600000007,12,False,False
114,14,634.8905363437339,822.6548000000997,1.0,CLIENT,7,2,100000,17,203,0,320,614,290,30,208,56,211613.6960000001,13,False,False

115,0,975.1886953128283,-431.36500000008226,1.0,CLIENT,7,2,100000,16,157,0,477,594,460,17,222,176,163661.82400000008,12,False,False
115,1,-129.27527826753865,295.6659200001968,1.0,CLIENT,7,2,100000,17,48,0,978,1080,742,236,225,434,50036.736000000026,14,False,False
115,2,300.2164856820536,-366.0201600005391,1.0,CLIENT,7,2,100000,14,59,0,902,1050,702,200,227,370,61503.488000000034,14,False,False
115,3,848.2105880437438,605.3581599997835,1.0,CLIENT,7,2,100000,16,158,0,455,614,443,12,220,166,164704.25600000008,13,False,False
115,4,-592.7493304384955,703.3197600000299,1.0,CLIENT,7,2,100000,18,135,0,525,757,499,26,222,207,140728.32000000007,13,False,False
115,5,64.79606471948144,-486.6910400004002,1.0,CLIENT,7,2,100000,10,44,0,877,1051,685,192,231,386,45867.00800000002,14,False,False
115,6,-116.52201858563095,165.08756000003842,1.0,CLIENT,7,2,100000,15,54,0,1022,1091,746,276,227,424,56291.32800000003,14,False,False
115,7,-278.11611642005425,-336.74300000010504,1.0,CLIENT,7,2,100000,20,51,0,859,1022,746,113,222,442,53164.03200000003,14,False,False
115,8,-550.7665501189692,-239.44932000054536,1.0,CLIENT,7,2,100000,13,26,0,781,878,735,46,229,430,27103.23200000001,14,False,False
115,9,419.98622878266275,5.120719999727044,1.0,CLIENT,7,2,100000,19,59,0,912,1049,722,191,222,403,61503.488000000034,14,False,False
115,10,-280.4132874185084,-370.1390000004227,1.0,CLIENT,7,2,100000,12,46,0,869,1018,741,128,230,432,47951.872000000025,14,False,False
115,11,-495.0799566004485,-282.1962000001926,1.0,CLIENT,7,2,100000,16,48,0,780,884,728,52,226,414,50036.736000000026,14,False,False
115,12,-899.6196907379062,84.60319999996102,1.0,CLIENT,7,2,100000,20,105,0,596,693,577,19,222,249,109455.36000000006,13,False,False
115,13,-804.0098495191822,-535.2265600004612,1.0,CLIENT,7,2,100000,20,99,0,569,678,552,17,222,229,103200.76800000005,13,False,False
115,14,567.4804494532483,294.21875999989567,1.0,CLIENT,7,2,100000,17,59,0,806,945,709,97,223,382,61503.488000000034,14,False,False

116,0,137.19655757284414,837.9056399995619,1.0,CLIENT,7,2,100000,16,78,0,761,857,622,136,219,327,81309.69600000004,13,False,False
116,1,371.03272267435517,822.209519999642,1.0,CLIENT,7,2,100000,17,79,0,682,875,606,74,217,312,82352.12800000004,13,False,False
116,2,-557.9749142874446,-963.91988000017,1.0,CLIENT,7,2,100000,15,159,0,383,568,363,18,194,133,165746.68800000008,11,False,False
116,3,-876.0934912005579,687.8462799995477,1.0,CLIENT,7,2,100000,16,194,0,444,595,378,65,214,129,202231.8080000001,12,False,False
116,4,471.47454426911844,-596.7865200000685,1.0,CLIENT,7,2,100000,18,72,0,808,1083,635,172,214,337,75055.10400000004,14,False,False
116,5,693.9040671706518,-551.7019199999957,1.0,CLIENT,7,2,100000,10,42,0,698,982,622,74,222,368,43782.14400000002,13,False,False
116,6,-391.7864744555501,542.9076400000517,1.0,CLIENT,7,2,100000,15,47,0,866,1111,706,156,219,395,48994.304000000026,13,False,False
116,7,953.2467516359782,-825.660440000421,1.0,CLIENT,7,2,100000,20,185,0,397,503,389,7,211,139,192849.9200000001,12,False,False
116,8,-906.1151397684256,-570.5149999999558,1.0,CLIENT,7,2,100000,13,162,0,426,646,383,41,195,158,168873.98400000008,14,False,False
116,9,764.3242401975474,266.054799999815,1.0,CLIENT,7,2,100000,19,105,0,843,901,634,207,213,330,109455.36000000006,14,False,False
116,10,797.1183365226941,93.50879999962388,1.0,CLIENT,7,2,100000,12,101,0,840,912,594,244,219,301,105285.63200000006,14,False,False
116,11,173.317591206388,399.08220000011795,1.0,CLIENT,7,2,100000,16,41,0,979,1217,750,227,220,444,42739.71200000002,14,False,False
116,12,-383.62755677055077,267.27931999988726,1.0,CLIENT,7,2,100000,19,76,0,1072,1236,673,396,215,348,79224.83200000004,14,False,False
116,13,151.53407311581293,848.4810399997548,1.0,CLIENT,7,2,100000,20,90,0,740,846,598,140,215,293,93818.88000000005,13,False,False
116,14,301.56310316398367,-487.9155600004725,1.0,CLIENT,7,2,100000,15,77,0,1008,1221,648,359,216,348,80267.26400000004,14,False,False

117,0,-580.6297731011249,-749.0722799999983,1.0,CLIENT,7,2,100000,16,95,0,621,865,599,24,217,289,99031.04000000005,12,False,False
117,1,-480.1087387129427,-868.4073200000682,1.0,CLIENT,7,2,100000,17,124,0,622,825,566,56,216,250,129261.56800000007,12,False,False
117,2,269.40270918337393,-325.9449600004743,1.0,CLIENT,7,2,100000,14,53,0,1172,1307,768,404,222,433,55248.89600000003,14,False,False
117,3,672.9126770108887,-99.85404000021418,1.0,CLIENT,7,2,100000,16,72,0,875,1095,722,153,217,365,75055.10400000004,14,False,False
117,4,-785.9493327024103,884.6600400001648,1.0,CLIENT,7,2,100000,18,189,0,402,627,382,21,203,141,197019.6480000001,13,False,False
117,5,-990.9520411317088,-346.0938800002256,1.0,CLIENT,7,2,100000,10,108,0,667,851,578,89,223,252,112582.65600000006,12,False,False
117,6,808.6834043089467,-709.5536800001103,1.0,CLIENT,7,2,100000,17,184,0,449,706,401,48,210,146,191807.4880000001,13,False,False
117,7,234.70750582461622,-435.8177999999137,1.0,CLIENT,7,2,100000,20,79,0,1066,1260,748,318,216,390,82352.12800000004,14,False,False
117,8,935.1862348192064,535.6718400001279,1.0,CLIENT,7,2,100000,13,119,0,615,788,551,64,219,232,124049.40800000007,11,False,False
117,9,481.5345689871659,367.68995999948714,1.0,CLIENT,7,2,100000,19,68,0,944,1188,734,210,215,407,70885.37600000003,14,False,False
117,10,-261.87749384347444,684.7293199995077,1.0,CLIENT,7,2,100000,12,74,0,907,1140,729,178,226,381,77139.96800000004,14,False,False
117,11,-215.221158733621,44.86195999984403,1.0,CLIENT,7,2,100000,15,65,0,1301,1445,714,587,221,458,67758.08000000003,14,False,False
117,12,-654.2976706435616,53.09963999961127,1.0,CLIENT,7,2,100000,19,109,0,915,1086,629,287,218,307,113625.08800000006,14,False,False
117,13,566.1338319713182,852.5998799996385,1.0,CLIENT,7,2,100000,20,134,0,572,834,536,36,213,219,139685.88800000006,11,False,False
117,14,-216.01328666443297,414.66699999952795,1.0,CLIENT,7,2,100000,14,55,0,1155,1354,765,390,225,456,57333.76000000003,14,False,False

118,0,82.61894315712235,903.0278399996672,1.0,CLIENT,7,2,100000,16,120,0,825,948,616,198,216,308,125091.84000000007,14,False,False
118,1,-621.9788510766768,229.98711999991485,1.0,CLIENT,7,2,100000,17,120,0,928,1089,659,257,214,299,125091.84000000007,14,False,False
118,2,-52.75572017552966,53.99019999973575,1.0,CLIENT,7,2,100000,13,58,0,1356,1391,699,644,219,423,60461.05600000003,14,False,False
118,3,242.31193395793463,-141.2650800000702,1.0,CLIENT,7,2,100000,14,75,0,1166,1271,680,472,218,364,78182.40000000004,14,False,False
118,4,-167.69348290009953,-439.2687199999017,1.0,CLIENT,7,2,100000,17,50,0,954,1278,766,177,215,472,52121.60000000003,14,False,False
118,5,313.68266050191716,827.552879999598,1.0,CLIENT,7,2,100000,10,83,0,845,1006,673,162,221,345,86521.85600000004,14,False,False
118,6,-66.30110778824933,-995.0894799997809,1.0,CLIENT,7,2,100000,16,141,0,513,729,493,11,212,205,146982.91200000007,13,False,False
118,7,-383.9444079431006,-830.4472000002002,1.0,CLIENT,7,2,100000,20,80,0,655,768,630,15,209,327,83394.56000000004,14,False,False
118,8,993.4076377158751,-125.12368000048355,1.0,CLIENT,7,2,100000,13,130,0,571,802,527,34,214,236,135516.16000000006,13,False,False
118,9,903.4219048040026,361.9013199998645,1.0,CLIENT,7,2,100000,19,117,0,636,750,609,17,210,275,121964.54400000007,13,False,False
118,10,840.7645854967003,220.4135999995654,1.0,CLIENT,7,2,100000,12,47,0,756,886,716,29,217,389,48994.304000000026,14,False,False
118,11,-924.4925077577475,755.8627999994644,1.0,CLIENT,7,2,100000,16,181,0,429,652,407,14,208,164,188680.1920000001,12,False,False
118,12,-170.78278182936566,-180.00444000034378,1.0,CLIENT,7,2,100000,17,55,0,1244,1385,763,470,216,499,57333.76000000003,14,False,False
118,13,315.6629803278214,291.2131199995744,1.0,CLIENT,7,2,100000,19,58,0,986,1244,780,196,212,477,60461.05600000003,14,False,False
118,14,-814.2282998235049,-690.0726800002544,1.0,CLIENT,7,2,100000,17,122,0,590,720,553,27,211,245,127176.70400000007,13,False,False

119,0,803.2177215878077,-551.5906000002767,1.0,CLIENT,7,2,100000,16,206,0,500,689,447,12,208,202,214740.99200000011,12,False,False
119,1,27.01156243202042,251.47187999945743,1.0,CLIENT,7,2,100000,15,43,0,1259,1398,790,437,218,538,44824.57600000002,14,False,False
119,2,329.366793526816,340.19392000009304,1.0,CLIENT,7,2,100000,13,64,0,1148,1271,743,362,220,439,66715.64800000003,14,False,False
119,3,-884.1731960921384,-916.2749200002336,1.0,CLIENT,7,2,100000,16,206,0,324,435,317,0,205,85,214740.99200000011,13,False,False
119,4,914.2740574528622,845.9206799998913,1.0,CLIENT,7,2,100000,18,192,0,421,644,382,2,189,142,200146.9440000001,12,False,False
119,5,-618.9687649402669,-282.7528000003693,1.0,CLIENT,7,2,100000,10,54,0,997,1218,771,183,221,439,56291.32800000003,14,False,False
119,6,-412.7778646153132,-341.6410800003942,1.0,CLIENT,7,2,100000,16,65,0,1083,1271,747,293,215,392,67758.08000000003,14,False,False
119,7,415.2334611994795,393.850159999881,1.0,CLIENT,7,2,100000,20,75,0,1064,1219,732,290,213,423,78182.40000000004,14,False,False
119,8,-910.4718433867658,110.87472000007381,1.0,CLIENT,7,2,100000,13,129,0,840,993,600,208,218,277,134473.72800000006,13,False,False
119,9,161.43567224814834,73.02591999992472,1.0,CLIENT,7,2,100000,17,53,0,1212,1398,758,422,217,503,55248.89600000003,14,False,False
119,10,391.7864744549873,149.72540000006632,1.0,CLIENT,7,2,100000,12,51,0,1061,1256,739,285,221,466,53164.03200000003,14,False,False
119,11,-220.13235190307924,-125.12368000048355,1.0,CLIENT,7,2,100000,16,63,0,1233,1382,739,453,216,443,65673.21600000003,14,False,False
119,12,-703.8056663035501,943.8822800001376,1.0,CLIENT,7,2,100000,19,150,0,571,794,526,12,209,238,156364.80000000008,13,False,False
119,13,-574.1343240706054,779.4626399999947,1.0,CLIENT,7,2,100000,20,90,0,823,957,758,22,212,378,93818.88000000005,13,False,False
119,14,331.42632614613916,326.39024000014103,1.0,CLIENT,7,2,100000,15,56,0,1151,1265,735,381,219,442,58376.19200000003,14,False,False

120,0,115.41303948226906,-314.367680000438,1.0,CLIENT,7,2,100000,13,33,0,2001,2214,872,586,234,604,34400.256000000016,19,False,False
120,1,-686.6957030033022,-975.3858400004873,1.0,CLIENT,7,2,100000,17,139,0,1040,1319,631,12,217,327,144898.04800000007,16,False,False
120,2,401.13358403564166,50.98456000020548,1.0,CLIENT,7,2,100000,11,51,0,1792,2056,891,315,235,586,53164.03200000003,19,False,False
120,3,497.61476597803363,633.744760000093,1.0,CLIENT,7,2,100000,13,63,0,1367,1799,790,62,226,440,65673.21600000003,17,False,False
120,4,-992.21944582022,505.28148000013147,1.0,CLIENT,7,2,100000,17,167,0,800,1242,515,32,211,247,174086.1440000001,18,False,False
120,5,62.81574489301436,329.1732400002334,1.0,CLIENT,7,2,100000,9,35,0,1988,2189,884,523,235,612,36485.12000000002,19,False,False
120,6,83.64870946706534,-194.25339999996254,1.0,CLIENT,7,2,100000,12,33,0,2078,2267,857,680,235,609,34400.256000000016,19,False,False
120,7,-66.38032058110538,534.4473200000556,1.0,CLIENT,7,2,100000,18,91,0,1795,2026,816,398,226,491,94861.31200000005,19,False,False
120,8,-404.9357981028638,681.0557600000817,1.0,CLIENT,7,2,100000,11,62,0,1412,1777,826,112,234,488,64630.784000000036,19,False,False
120,9,28.833456672212538,-739.3874399999299,1.0,CLIENT,7,2,100000,17,67,0,1483,1840,797,178,227,520,69842.94400000003,19,False,False
120,10,193.91291740074513,-444.9460399998054,1.0,CLIENT,7,2,100000,12,62,0,1885,2088,840,507,236,540,64630.784000000036,19,False,False
120,11,105.7490787296275,-677.7161599998126,1.0,CLIENT,7,2,100000,14,60,0,1534,1919,810,209,228,553,62545.920000000035,19,False,False
120,12,559.0046805962618,605.6921199997314,1.0,CLIENT,7,2,100000,16,84,0,1320,1711,765,57,224,428,87564.28800000004,17,False,False
120,13,998.5564692644645,387.72755999951954,1.0,CLIENT,7,2,100000,20,207,0,974,1292,535,5,213,263,215783.42400000012,16,False,False
120,14,-851.1414613878607,724.8045199995724,1.0,CLIENT,7,2,100000,14,137,0,804,1190,535,9,215,270,142813.18400000007,18,False,False
120,15,-553.3013594971172,416.67076000000577,1.0,CLIENT,7,2,100000,9,43,0,1627,2044,883,203,236,603,44824.57600000002,19,False,False
120,16,-815.41649171916,-829.3339999998468,1.0,CLIENT,7,2,100000,17,137,0,1085,1471,613,67,218,306,142813.18400000007,16,False,False
120,17,-636.1579410333707,16.252720000096588,1.0,CLIENT,7,2,100000,14,94,0,1850,2071,815,461,234,491,97988.60800000005,19,False,False
120,18,583.0853696852911,-91.17107999998922,1.0,CLIENT,7,2,100000,15,72,0,1650,1877,816,237,226,457,75055.10400000004,19,False,False
120,19,294.83001575433326,-896.7939200003777,1.0,CLIENT,7,2,100000,18,151,0,1181,1538,600,106,220,290,157407.23200000008,18,False,False

121,0,-71.84600330224458,582.4262399999398,1.0,CLIENT,7,2,100000,13,47,0,1562,1632,1032,80,241,716,48994.304000000026,19,False,False
121,1,-19.882411057526895,-290.6565200001887,1.0,CLIENT,7,2,100000,15,54,0,1735,1934,812,534,239,548,56291.32800000003,19,False,False
121,2,331.1094749741521,404.8708399997406,1.0,CLIENT,7,2,100000,11,31,0,1589,1703,1043,118,245,736,32315.392000000014,19,False,False
121,3,-981.0504419993736,-765.8816000002716,1.0,CLIENT,7,2,100000,14,131,0,588,808,436,4,165,191,136558.59200000006,13,False,False
121,4,40.00246049305913,6.011279999851524,1.0,CLIENT,7,2,100000,16,45,0,1736,1939,991,354,240,725,46909.440000000024,19,False,False
121,5,293.0081215141411,952.6765600000815,1.0,CLIENT,7,2,100000,9,48,0,1414,1554,947,50,245,603,50036.736000000026,16,False,False
121,6,439.3933630813648,-258.9303200004011,1.0,CLIENT,7,2,100000,15,136,0,1505,1822,735,324,232,386,141770.75200000007,19,False,False
121,7,476.22731185286455,259.04164000012,1.0,CLIENT,7,2,100000,18,56,0,1640,1728,997,211,237,708,58376.19200000003,19,False,False
121,8,999.3485971947136,-859.8356800003532,1.0,CLIENT,7,2,100000,11,191,0,393,675,252,0,162,82,199104.5120000001,13,False,False
121,9,-129.75055502636351,838.2395999995097,1.0,CLIENT,7,2,100000,18,73,0,1491,1552,951,85,236,583,76097.53600000004,18,False,False
121,10,622.6917662135071,599.1242399997031,1.0,CLIENT,7,2,100000,12,41,0,1456,1621,995,49,242,691,42739.71200000002,17,False,False
121,11,656.0403520897719,594.8940800001005,1.0,CLIENT,7,2,100000,15,50,0,1408,1620,946,49,239,633,52121.60000000003,17,False,False
121,12,-508.62534421316815,241.23044000000334,1.0,CLIENT,7,2,100000,16,57,0,1606,1778,892,293,238,589,59418.62400000003,19,False,False
121,13,-841.0814366692504,-856.3847600003652,1.0,CLIENT,7,2,100000,19,149,0,566,823,406,4,160,179,155322.36800000007,14,False,False
121,14,-139.57294136528003,837.9056399995619,1.0,CLIENT,7,2,100000,14,82,0,1454,1535,926,78,239,544,85479.42400000004,18,False,False
121,15,-614.8496997016205,283.6433599997028,1.0,CLIENT,7,2,100000,9,79,0,1485,1732,819,249,242,528,82352.12800000004,18,False,False
121,16,-238.03444313357622,-83.82396000034646,1.0,CLIENT,7,2,100000,15,75,0,1696,1901,858,392,237,574,78182.40000000004,19,False,False
121,17,789.5931211822318,804.1756800000874,1.0,CLIENT,7,2,100000,14,152,0,1044,1343,683,7,228,361,158449.66400000008,17,False,False
121,18,-586.4915197871071,558.1584799995139,1.0,CLIENT,7,2,100000,15,95,0,1266,1634,788,56,236,464,99031.04000000005,18,False,False
121,19,498.72374508083277,654.672919999459,1.0,CLIENT,7,2,100000,14,39,0,1502,1579,1031,62,244,740,40654.84800000002,17,False,False

122,0,-834.3483492595999,-422.1254400004716,1.0,CLIENT,7,2,100000,14,160,0,1299,1598,690,38,226,343,166789.12000000008,19,False,False
122,1,-693.1911520338216,5.78863999962266,1.0,CLIENT,7,2,100000,15,44,0,1779,1994,970,156,231,687,45867.00800000002,19,False,False
122,2,798.7818051771741,-605.1355200003457,1.0,CLIENT,7,2,100000,14,206,0,1016,1187,514,3,201,264,214740.99200000011,18,False,False
122,3,103.84797169601649,711.1121600001303,1.0,CLIENT,7,2,100000,13,61,0,1606,1995,838,153,219,567,63588.352000000035,19,False,False
122,4,209.99311439104997,-174.99504000033568,1.0,CLIENT,7,2,100000,16,28,0,2065,2179,957,475,232,694,29188.096000000012,19,False,False
122,5,107.96703693522561,919.5031999999926,1.0,CLIENT,7,2,100000,10,167,0,1148,1578,609,56,212,322,174086.1440000001,19,False,False
122,6,-328.89151676911683,-556.4886799997748,1.0,CLIENT,7,2,100000,13,67,0,1839,1982,889,269,231,543,69842.94400000003,19,False,False
122,7,542.8452708125382,-56.88452000033806,1.0,CLIENT,7,2,100000,19,84,0,1651,1982,811,257,221,512,87564.28800000004,19,False,False
122,8,264.8875799793217,974.1613199996241,1.0,CLIENT,7,2,100000,11,111,0,985,1470,561,32,212,285,115709.95200000006,19,False,False
122,9,-716.4005003991829,337.6335600002295,1.0,CLIENT,7,2,100000,16,51,0,1773,1984,882,297,230,613,53164.03200000003,19,False,False
122,10,-900.2533930824432,344.86936000015334,1.0,CLIENT,7,2,100000,12,90,0,1324,1828,721,149,229,434,93818.88000000005,18,False,False
122,11,-900.4910314615743,254.03224000011193,1.0,CLIENT,7,2,100000,16,106,0,1369,1820,763,148,227,436,110497.79200000006,19,False,False
122,12,143.92964498249452,-455.6327600005082,1.0,CLIENT,7,2,100000,15,56,0,1804,2108,912,245,227,609,58376.19200000003,19,False,False
122,13,252.0551075039951,-442.3856799999419,1.0,CLIENT,7,2,100000,17,51,0,1726,2064,900,209,228,621,53164.03200000003,19,False,False
122,14,307.424849849966,183.56668000005072,1.0,CLIENT,7,2,100000,14,36,0,1995,2168,858,502,231,605,37527.55200000002,19,False,False
122,15,185.99163809543964,-486.46840000017136,1.0,CLIENT,7,2,100000,9,35,0,1741,2096,920,180,233,638,36485.12000000002,19,False,False
122,16,-184.2489566486664,-596.3412400004017,1.0,CLIENT,7,2,100000,17,62,0,1848,2008,869,296,227,551,64630.784000000036,19,False,False
122,17,-742.2238709355482,-310.80543999994006,1.0,CLIENT,7,2,100000,14,51,0,1532,1861,866,70,231,569,53164.03200000003,19,False,False
122,18,301.87995433653356,229.8758000001959,1.0,CLIENT,7,2,100000,15,76,0,2005,2164,851,482,230,549,79224.83200000004,19,False,False
122,19,291.26544006680507,-286.64900000002405,1.0,CLIENT,7,2,100000,14,27,0,1906,2177,961,308,232,679,28145.66400000001,19,False,False

123,0,-903.5803303908403,-738.8308400005442,1.0,CLIENT,7,2,100000,16,168,0,732,960,598,23,227,269,175128.5760000001,17,False,False
123,1,133.94883305730303,621.944839999828,1.0,CLIENT,7,2,100000,15,62,0,1723,1975,828,263,234,558,64630.784000000036,19,False,False
123,2,-95.6098412187239,580.1998400000241,1.0,CLIENT,7,2,100000,11,34,0,1790,2069,836,332,239,561,35442.68800000002,19,False,False
123,3,67.80615085589152,-256.1473200003087,1.0,CLIENT,7,2,100000,12,80,0,2375,2407,661,1052,237,389,83394.56000000004,19,False,False
123,4,969.406161419702,135.5877600001665,1.0,CLIENT,7,2,100000,17,142,0,1485,1732,704,169,227,373,148025.34400000007,17,False,False
123,5,-715.1330957101088,272.0660799996665,1.0,CLIENT,7,2,100000,9,52,0,1576,1905,837,242,234,530,54206.46400000003,19,False,False
123,6,-695.2506846531447,-709.887640000058,1.0,CLIENT,7,2,100000,14,52,0,979,1459,755,74,229,425,54206.46400000003,19,False,False
123,7,734.1441660434049,510.6248400000874,1.0,CLIENT,7,2,100000,19,131,0,1478,1737,750,57,229,405,136558.59200000006,18,False,False
123,8,582.530880134173,423.5725999999818,1.0,CLIENT,7,2,100000,10,36,0,1627,2006,889,124,241,590,37527.55200000002,19,False,False
123,9,650.6538821620516,-827.9981600000556,1.0,CLIENT,7,2,100000,19,240,0,948,1335,522,85,222,242,250183.68000000014,19,False,False
123,10,-988.0211677887178,-273.0679600003009,1.0,CLIENT,7,2,100000,12,66,0,1109,1446,789,79,231,410,68800.51200000003,18,False,False
123,11,-153.83124411539276,716.0102399996285,1.0,CLIENT,7,2,100000,15,139,0,1614,1883,720,214,232,385,144898.04800000007,19,False,False
123,12,-84.20319901874629,730.593159999986,1.0,CLIENT,7,2,100000,15,63,0,1658,1877,790,240,232,507,65673.21600000003,19,False,False
123,13,786.7414606326596,104.5294799994835,1.0,CLIENT,7,2,100000,18,63,0,1699,1874,814,279,234,499,65673.21600000003,19,False,False
123,14,490.01033784415245,209.94951999988245,1.0,CLIENT,7,2,100000,14,31,0,1896,2133,937,354,238,686,32315.392000000014,19,False,False
123,15,-134.2656842304158,-801.8379600004528,1.0,CLIENT,7,2,100000,9,149,0,1191,1906,620,267,235,285,155322.36800000007,19,False,False
123,16,-597.1060340568356,-512.5172800000553,1.0,CLIENT,7,2,100000,16,44,0,1333,1928,835,202,229,530,45867.00800000002,19,False,False
123,17,-841.9527773929184,317.03936000002045,1.0,CLIENT,7,2,100000,15,189,0,1311,1587,639,219,226,333,197019.6480000001,19,False,False
123,18,-108.83837765945648,487.2476399997859,1.0,CLIENT,7,2,100000,15,44,0,1885,2195,845,400,233,575,45867.00800000002,19,False,False
123,19,804.7227646560126,105.75399999955579,1.0,CLIENT,7,2,100000,14,42,0,1693,1882,828,260,237,528,43782.14400000002,19,False,False

124,0,548.4693791199522,753.4137600001109,1.0,CLIENT,7,2,100000,14,118,0,1198,1512,738,74,230,446,123006.97600000007,18,False,False
124,1,-994.9918935774991,-504.390920000007,1.0,CLIENT,7,2,100000,17,147,0,912,1196,612,16,220,273,153237.50400000007,15,False,False
124,2,737.471103351802,930.4125600001333,1.0,CLIENT,7,2,100000,13,183,0,722,1143,516,4,220,228,190765.0560000001,16,False,False
124,3,-240.80689089085527,-443.49888000029523,1.0,CLIENT,7,2,100000,13,36,0,1671,1856,887,289,240,607,37527.55200000002,19,False,False
124,4,-778.186478982817,435.5951599996848,1.0,CLIENT,7,2,100000,18,164,0,903,1300,567,46,218,235,170958.8480000001,19,False,False
124,5,109.39286721001174,-88.16544000045894,1.0,CLIENT,7,2,100000,9,25,0,1974,2068,911,575,245,640,26060.80000000001,19,False,False
124,6,-427.98672088195,232.88143999972618,1.0,CLIENT,7,2,100000,13,58,0,1698,1987,846,376,242,534,60461.05600000003,19,False,False
124,7,-5.62840746852471e-10,34.06392000021327,1.0,CLIENT,7,2,100000,17,82,0,1996,2050,787,680,236,496,85479.42400000004,19,False,False
124,8,324.0595363919518,-709.3310399998813,1.0,CLIENT,7,2,100000,11,87,0,1448,1696,791,133,236,452,90691.58400000005,19,False,False
124,9,779.8499476367343,384.38796000004146,1.0,CLIENT,7,2,100000,18,72,0,1368,1612,864,70,230,546,75055.10400000004,18,False,False
124,10,611.0474856338357,-156.51592000032338,1.0,CLIENT,7,2,100000,12,45,0,1693,1845,905,294,241,635,46909.440000000024,19,False,False
124,11,-358.9923781304034,-671.92752000019,1.0,CLIENT,7,2,100000,16,60,0,1485,1667,850,133,233,520,62545.920000000035,18,False,False
124,12,549.7367838084635,-378.4879999999089,1.0,CLIENT,7,2,100000,16,59,0,1560,1791,861,210,240,560,61503.488000000034,19,False,False
124,13,415.3918867857544,-421.1235599998372,1.0,CLIENT,7,2,100000,17,54,0,1596,1869,893,210,240,622,56291.32800000003,19,False,False
124,14,-367.46814698738984,-588.8828000002491,1.0,CLIENT,7,2,100000,14,93,0,1506,1700,827,153,232,479,96946.17600000005,19,False,False
124,15,-492.54514722286325,-334.0713200005226,1.0,CLIENT,7,2,100000,9,31,0,1564,1781,881,167,237,575,32315.392000000014,19,False,False
124,16,876.1727039928512,-306.0186800001608,1.0,CLIENT,7,2,100000,17,138,0,1302,1621,728,122,229,366,143855.61600000007,19,False,False
124,17,-564.4703633179639,-535.2265600004612,1.0,CLIENT,7,2,100000,14,57,0,1452,1598,840,118,233,514,59418.62400000003,18,False,False
124,18,744.9963186917015,411.4387199997688,1.0,CLIENT,7,2,100000,15,64,0,1391,1651,879,65,232,542,66715.64800000003,18,False,False
124,19,352.4177163059023,-462.868560000432,1.0,CLIENT,7,2,100000,14,33,0,1604,1881,911,208,245,626,34400.256000000016,19,False,False

125,0,298.7906554072674,-121.89539999993343,1.0,CLIENT,7,2,100000,13,68,0,2207,2323,733,790,233,467,70885.37600000003,19,False,False
125,1,722.3414598780213,650.6654000000854,1.0,CLIENT,7,2,100000,17,97,0,1096,1574,699,81,228,372,101115.90400000005,18,False,False
125,2,343.6250962769288,291.32444000008434,1.0,CLIENT,7,2,100000,11,40,0,2027,2253,902,473,241,601,41697.28000000002,19,False,False
125,3,622.3749150409571,508.06448000022385,1.0,CLIENT,7,2,100000,13,70,0,1462,1886,801,186,230,486,72970.24000000003,19,False,False
125,4,-456.58253917559443,676.7142799999692,1.0,CLIENT,7,2,100000,17,134,0,1750,1896,809,219,231,416,139685.88800000006,18,False,False
125,5,644.1584331315323,-389.6200000002784,1.0,CLIENT,7,2,100000,10,100,0,1312,1913,675,196,220,361,104243.20000000006,19,False,False
125,6,-154.30652087365482,141.2650800000702,1.0,CLIENT,7,2,100000,13,36,0,2123,2278,957,517,241,680,37527.55200000002,19,False,False
125,7,-738.1840184897579,-155.06876000002222,1.0,CLIENT,7,2,100000,19,82,0,1559,1734,820,128,229,514,85479.42400000004,19,False,False
125,8,330.4757726296151,974.8292399995196,1.0,CLIENT,7,2,100000,11,87,0,1192,1637,726,40,234,398,90691.58400000005,18,False,False
125,9,-782.6223953940132,-109.65020000000152,1.0,CLIENT,7,2,100000,17,54,0,1557,1739,838,129,232,568,56291.32800000003,19,False,False
125,10,-228.44969517379073,-274.84908000054986,1.0,CLIENT,7,2,100000,12,42,0,1935,2227,918,372,237,623,43782.14400000002,19,False,False
125,11,-362.2401026453816,-928.8540800001133,1.0,CLIENT,7,2,100000,16,206,0,1189,1516,552,97,210,280,214740.99200000011,16,False,False
125,12,-642.257326099047,-17.365920000449933,1.0,CLIENT,7,2,100000,15,47,0,1630,1904,879,163,237,623,48994.304000000026,19,False,False
125,13,-533.0228844747473,131.35759999977296,1.0,CLIENT,7,2,100000,17,53,0,1781,2065,930,228,236,663,55248.89600000003,19,False,False
125,14,597.0268212634168,975.6084799999252,1.0,CLIENT,7,2,100000,14,130,0,915,1274,590,15,224,308,135516.16000000006,18,False,False
125,15,972.9707371072302,-674.8218400000013,1.0,CLIENT,7,2,100000,9,187,0,515,945,327,16,195,112,194934.7840000001,17,False,False
125,16,-640.673070237423,235.66443999981857,1.0,CLIENT,7,2,100000,16,46,0,1681,2009,898,158,234,631,47951.872000000025,19,False,False
125,17,-504.82313014650896,-175.21767999977357,1.0,CLIENT,7,2,100000,13,40,0,1702,1996,903,207,237,637,41697.28000000002,19,False,False
125,18,-12.198770130789583,806.2907599994933,1.0,CLIENT,7,2,100000,15,59,0,1782,1956,915,199,236,585,61503.488000000034,19,False,False
125,19,-885.7574519531994,205.60803999976997,1.0,CLIENT,7,2,100000,15,127,0,1374,1673,707,62,229,383,132388.86400000006,18,False,False

126,0,600.1953329855389,-309.6922400003777,1.0,CLIENT,7,2,100000,13,49,0,1780,2184,844,231,235,547,51079.16800000003,19,False,False
126,1,690.1018531039925,902.5825600000005,1.0,CLIENT,7,2,100000,17,202,0,1254,1672,600,45,218,303,210571.2640000001,18,False,False
126,2,356.14071757970544,-334.9618799998561,1.0,CLIENT,7,2,100000,11,27,0,1996,2316,954,309,239,693,28145.66400000001,19,False,False
126,3,-9.34710958121731,837.3490400001763,1.0,CLIENT,7,2,100000,13,77,0,1754,2056,872,178,234,493,80267.26400000004,19,False,False
126,4,-122.62140365130716,791.8191599996455,1.0,CLIENT,7,2,100000,16,59,0,1819,2115,906,214,231,575,61503.488000000034,19,False,False
126,5,494.2086158762176,-717.5687200004395,1.0,CLIENT,7,2,100000,10,126,0,1321,1714,681,50,228,330,131346.43200000006,18,False,False
126,6,-787.0583118052094,-258.0397600002766,1.0,CLIENT,7,2,100000,17,197,0,1445,1872,592,221,216,273,205359.1040000001,19,False,False
126,7,21.149815745475227,-495.3739999998342,1.0,CLIENT,7,2,100000,18,63,0,1867,2185,913,216,225,642,65673.21600000003,19,False,False
126,8,315.4253419486904,-820.2057599999551,1.0,CLIENT,7,2,100000,10,64,0,1408,1728,776,79,230,469,66715.64800000003,18,False,False
126,9,-623.7215325234502,911.933440000121,1.0,CLIENT,7,2,100000,19,192,0,1149,1532,589,74,217,272,200146.9440000001,16,False,False
126,10,-142.1869635357213,192.13831999976577,1.0,CLIENT,7,2,100000,12,42,0,2402,2479,825,776,236,560,43782.14400000002,19,False,False
126,11,-42.53726987120716,-989.634800000106,1.0,CLIENT,7,2,100000,16,169,0,1189,1536,657,46,223,315,176171.0080000001,17,False,False
126,12,663.0902906719722,198.4835599995651,1.0,CLIENT,7,2,100000,15,57,0,1907,2214,828,290,230,549,59418.62400000003,19,False,False
126,13,-461.0184555867906,216.9626799995774,1.0,CLIENT,7,2,100000,17,42,0,1980,2395,933,313,234,647,43782.14400000002,19,False,False
126,14,721.6285447400653,6.4565599995182765,1.0,CLIENT,7,2,100000,14,104,0,1816,2144,757,299,230,429,108412.92800000006,19,False,False
126,15,67.1724485113545,-26.605480000060595,1.0,CLIENT,7,2,100000,8,42,0,2436,2503,844,762,237,557,43782.14400000002,19,False,False
126,16,632.4349397590047,609.0317200000004,1.0,CLIENT,7,2,100000,17,73,0,1697,2035,826,111,227,501,76097.53600000004,19,False,False
126,17,-143.21672984566428,306.4639599998276,1.0,CLIENT,7,2,100000,12,36,0,2315,2470,880,642,239,601,37527.55200000002,19,False,False
126,18,-631.3259606573314,342.42032000000876,1.0,CLIENT,7,2,100000,15,67,0,1578,2121,823,96,230,478,69842.94400000003,19,False,False
126,19,-295.2260797203021,664.4690800000374,1.0,CLIENT,7,2,100000,14,30,0,1902,2135,925,304,238,616,31272.960000000014,19,False,False

127,0,-766.8590495762584,545.5793199996342,1.0,CLIENT,7,2,100000,14,85,0,1471,1625,796,244,239,448,88606.72000000004,18,False,False
127,1,-2.2971709990170077,941.7671999999408,1.0,CLIENT,7,2,100000,17,158,0,1226,1489,666,127,233,335,164704.25600000008,19,False,False
127,2,-948.0187072950957,-504.8362000004647,1.0,CLIENT,7,2,100000,12,118,0,848,1210,638,35,236,341,123006.97600000007,18,False,False
127,3,-47.60688862694038,111.4313199994595,1.0,CLIENT,7,2,100000,12,80,0,2188,2284,649,1001,235,389,83394.56000000004,19,False,False
127,4,-772.2455195039787,663.1332399994551,1.0,CLIENT,7,2,100000,17,149,0,1313,1495,723,164,236,373,155322.36800000007,17,False,False
127,5,221.24133100531546,546.6925199999876,1.0,CLIENT,7,2,100000,9,36,0,1638,2001,837,375,248,580,37527.55200000002,19,False,False
127,6,706.5781140597035,-205.16276000010322,1.0,CLIENT,7,2,100000,14,51,0,1349,1674,866,83,239,555,53164.03200000003,19,False,False
127,7,-741.1941046256052,-589.5507200001447,1.0,CLIENT,7,2,100000,20,187,0,912,1360,586,95,222,290,194934.7840000001,19,False,False
127,8,-839.0219040499271,102.74836000002551,1.0,CLIENT,7,2,100000,11,66,0,1465,1714,879,169,242,528,68800.51200000003,18,False,False
127,9,707.8455187487774,414.2217199998612,1.0,CLIENT,7,2,100000,18,111,0,1421,1655,762,231,232,398,115709.95200000006,19,False,False
127,10,75.33136619579102,850.9300799998994,1.0,CLIENT,7,2,100000,12,91,0,1373,1626,749,200,240,427,94861.31200000005,19,False,False
127,11,859.8548686234153,55.882639999703656,1.0,CLIENT,7,2,100000,16,92,0,1404,1525,831,138,235,449,95903.74400000005,19,False,False
127,12,985.090294444601,-632.9655200004786,1.0,CLIENT,7,2,100000,19,208,0,689,937,524,5,228,224,216825.85600000012,14,False,False
127,13,-903.5803303908403,-189.8006000001311,1.0,CLIENT,7,2,100000,19,61,0,1163,1533,804,52,232,496,63588.352000000035,18,False,False
127,14,-734.2233788368236,33.39599999952668,1.0,CLIENT,7,2,100000,14,47,0,1555,1846,930,207,240,601,48994.304000000026,19,False,False
127,15,705.1522837849172,-641.9824399998604,1.0,CLIENT,7,2,100000,9,41,0,1025,1380,766,30,240,475,42739.71200000002,18,False,False
127,16,640.752283030279,-171.43279999983775,1.0,CLIENT,7,2,100000,17,58,0,1406,1763,875,128,237,559,60461.05600000003,19,False,False
127,17,101.55080069756231,463.53647999953665,1.0,CLIENT,7,2,100000,13,35,0,1739,2118,842,476,249,574,36485.12000000002,19,False,False
127,18,-37.467651116036784,503.72300000011137,1.0,CLIENT,7,2,100000,15,33,0,1743,2060,868,456,244,594,34400.256000000016,19,False,False
127,19,380.30061946159077,-642.7616800002659,1.0,CLIENT,7,2,100000,16,134,0,1307,1724,721,223,233,345,139685.88800000006,19,False,False

128,0,186.54612764655772,148.94615999966078,1.0,CLIENT,7,2,100000,13,37,0,2177,2325,837,750,244,580,38569.98400000002,19,False,False
128,1,555.3608921158776,-945.8860399998243,1.0,CLIENT,7,2,100000,17,200,0,966,1344,556,12,225,257,208486.4000000001,17,False,False
128,2,-312.7321069853931,-626.9542399998361,1.0,CLIENT,7,2,100000,11,67,0,1602,1880,854,186,240,546,69842.94400000003,19,False,False
128,3,-773.3544986067776,236.666319999662,1.0,CLIENT,7,2,100000,13,54,0,1517,1834,859,97,231,480,56291.32800000003,19,False,False
128,4,-389.4893034570959,-123.56520000046345,1.0,CLIENT,7,2,100000,16,33,0,1993,2204,912,504,242,635,34400.256000000016,19,False,False
128,5,191.69495919514702,409.76892000002977,1.0,CLIENT,7,2,100000,9,24,0,1994,2271,891,515,245,614,25018.36800000001,19,False,False
128,6,624.4344476602803,593.2242799995706,1.0,CLIENT,7,2,100000,14,52,0,1266,1707,713,54,223,454,54206.46400000003,19,False,False
128,7,684.8738087625472,-15.362159999972107,1.0,CLIENT,7,2,100000,19,126,0,1729,1961,728,374,227,370,131346.43200000006,19,False,False
128,8,46.97318628184053,605.2468400000646,1.0,CLIENT,7,2,100000,11,116,0,1907,2103,703,548,233,346,120922.11200000007,19,False,False
128,9,-897.4809453251643,826.3283599995257,1.0,CLIENT,7,2,100000,19,176,0,988,1260,596,7,219,286,183468.0320000001,17,False,False
128,10,-317.16802339658926,-562.0546799999596,1.0,CLIENT,7,2,100000,12,55,0,1659,1952,885,207,238,544,57333.76000000003,19,False,False
128,11,381.6472369435208,-269.505719999803,1.0,CLIENT,7,2,100000,14,42,0,2025,2139,891,513,239,578,43782.14400000002,19,False,False
128,12,103.4519077306105,-908.482520000133,1.0,CLIENT,7,2,100000,18,135,0,1366,1620,714,137,226,354,140728.32000000007,17,False,False
128,13,-771.0573276077606,-275.73963999988337,1.0,CLIENT,7,2,100000,19,160,0,1418,1755,691,205,225,353,166789.12000000008,18,False,False
128,14,475.2767583357776,579.1979600001807,1.0,CLIENT,7,2,100000,14,43,0,1466,1946,788,127,229,507,44824.57600000002,19,False,False
128,15,638.8511759966681,112.4332000000939,1.0,CLIENT,7,2,100000,9,36,0,1776,2068,900,292,239,597,37527.55200000002,19,False,False
128,16,-661.6644603977489,-145.16128000051594,1.0,CLIENT,7,2,100000,16,69,0,1665,1990,827,284,234,530,71927.80800000003,19,False,False
128,17,918.7099738640584,709.998959999777,1.0,CLIENT,7,2,100000,15,211,0,882,1060,476,0,211,227,219953.15200000012,18,False,False
128,18,-267.0263253920637,-187.12892000054865,1.0,CLIENT,7,2,100000,15,45,0,2042,2257,931,517,240,656,46909.440000000024,19,False,False
128,19,-642.8910284430211,877.0902799995022,1.0,CLIENT,7,2,100000,15,108,0,1226,1543,690,50,223,371,112582.65600000006,17,False,False

129,0,594.0959479198627,-908.9277999997998,1.0,CLIENT,7,2,100000,15,173,0,1282,1456,716,57,233,366,180340.7360000001,19,False,False
129,1,573.4214089326496,242.12100000012782,1.0,CLIENT,7,2,100000,16,119,0,1594,1768,783,226,228,417,124049.40800000007,19,False,False
129,2,-70.8954497857205,147.27635999992174,1.0,CLIENT,7,2,100000,10,47,0,1940,2089,930,440,239,647,48994.304000000026,19,False,False
129,3,450.6415796956303,-600.7940400002332,1.0,CLIENT,7,2,100000,13,46,0,1589,1817,915,128,240,625,47951.872000000025,19,False,False
129,4,-63.053383272708224,574.0772399996627,1.0,CLIENT,7,2,100000,16,50,0,1389,1704,830,57,226,564,52121.60000000003,19,False,False
129,5,-370.2405947441061,-478.1193999998942,1.0,CLIENT,7,2,100000,9,33,0,1854,2055,967,336,245,671,34400.256000000016,19,False,False
129,6,522.329157411037,-587.21300000051,1.0,CLIENT,7,2,100000,14,50,0,1541,1775,897,113,241,600,52121.60000000003,19,False,False
129,7,33.50701146253977,-968.4840000005113,1.0,CLIENT,7,2,100000,20,83,0,1542,1735,833,181,229,493,86521.85600000004,19,False,False
129,8,127.7702351993336,83.15603999965987,1.0,CLIENT,7,2,100000,10,34,0,1940,2096,936,434,242,656,35442.68800000002,19,False,False
129,9,699.5281754775032,-160.07816000003032,1.0,CLIENT,7,2,100000,18,79,0,1594,1827,855,167,237,536,82352.12800000004,19,False,False
129,10,-489.77269946614706,-896.6825999998679,1.0,CLIENT,7,2,100000,12,97,0,1323,1587,754,90,229,394,101115.90400000005,19,False,False
129,11,714.2617549858779,-124.90104000025468,1.0,CLIENT,7,2,100000,15,64,0,1593,1817,855,163,239,555,66715.64800000003,19,False,False
129,12,-55.68659351852084,44.30535999966736,1.0,CLIENT,7,2,100000,15,39,0,2033,2090,924,562,240,666,40654.84800000002,19,False,False
129,13,-272.0167313549409,778.5720799998703,1.0,CLIENT,7,2,100000,19,158,0,998,1307,572,10,210,286,164704.25600000008,19,False,False
129,14,31.289053256941667,892.0071599998075,1.0,CLIENT,7,2,100000,15,115,0,998,1254,618,7,217,322,119879.68000000007,19,False,False
129,15,-325.4853666678636,-802.2832400001196,1.0,CLIENT,7,2,100000,9,50,0,1543,1821,859,170,238,520,52121.60000000003,19,False,False
129,16,-972.020183591269,-633.856079999812,1.0,CLIENT,7,2,100000,18,221,0,796,1110,430,3,208,187,230377.47200000013,19,False,False
129,17,63.370234444695306,504.0569600000592,1.0,CLIENT,7,2,100000,14,50,0,1467,1773,853,66,228,584,52121.60000000003,19,False,False
129,18,-22.575646021387048,-243.0115600002523,1.0,CLIENT,7,2,100000,15,40,0,2047,2077,850,668,242,589,41697.28000000002,19,False,False
129,19,-92.52054229002061,-387.50492000008165,1.0,CLIENT,7,2,100000,13,37,0,1968,2072,883,550,245,609,38569.98400000002,19,False,False

130,0,-197.39828029598007,246.35115999973038,1.0,CLIENT,7,2,100000,13,33,0,1804,2047,927,368,242,659,34400.256000000016,19,False,False
130,1,-909.5212898696789,-38.739360000273564,1.0,CLIENT,7,2,100000,15,57,0,1561,1758,889,139,236,560,59418.62400000003,19,False,False
130,2,-977.8027174843952,-604.578920000169,1.0,CLIENT,7,2,100000,13,91,0,1348,1590,817,32,233,454,94861.31200000005,19,False,False
130,3,-474.2469920269603,450.17808000004237,1.0,CLIENT,7,2,100000,13,77,0,1545,1816,808,264,237,457,80267.26400000004,19,False,False
130,4,561.777128352978,-970.5990799999171,1.0,CLIENT,7,2,100000,17,143,0,824,1195,569,16,207,282,149067.77600000007,19,False,False
130,5,-38.022140667154886,-144.15939999988154,1.0,CLIENT,7,2,100000,9,73,0,2140,2150,725,854,244,435,76097.53600000004,19,False,False
130,6,-243.1832746821655,-909.0391200003097,1.0,CLIENT,7,2,100000,14,101,0,1594,1839,778,325,240,459,105285.63200000006,19,False,False
130,7,-924.4925077577475,-628.8466799998039,1.0,CLIENT,7,2,100000,20,106,0,1355,1620,819,37,228,460,110497.79200000006,19,False,False
130,8,-246.9854887488247,-930.3012400004144,1.0,CLIENT,7,2,100000,10,75,0,1590,1843,784,323,243,431,78182.40000000004,19,False,False
130,9,336.09988093646643,-859.9470000000722,1.0,CLIENT,7,2,100000,17,59,0,1182,1700,756,90,224,493,61503.488000000034,19,False,False
130,10,647.8022216119166,-951.5633600005191,1.0,CLIENT,7,2,100000,12,119,0,829,1104,581,12,211,275,124049.40800000007,19,False,False
130,11,-58.300615689524925,782.6909199997539,1.0,CLIENT,7,2,100000,16,145,0,968,1217,617,34,213,274,151152.64000000007,19,False,False
130,12,-356.5367815456743,-742.7270400001989,1.0,CLIENT,7,2,100000,15,57,0,1801,1977,901,357,241,639,59418.62400000003,19,False,False
130,13,-983.1099746192594,-84.04659999978435,1.0,CLIENT,7,2,100000,18,101,0,1474,1681,839,96,232,488,105285.63200000006,19,False,False
130,14,-874.90529930434,-219.30040000000304,1.0,CLIENT,7,2,100000,14,50,0,1518,1784,906,102,237,579,52121.60000000003,19,False,False
130,15,537.9340776430798,535.8944799995658,1.0,CLIENT,7,2,100000,9,145,0,808,1103,527,9,219,223,151152.64000000007,19,False,False
130,16,-99.41205528594595,300.8979599996428,1.0,CLIENT,7,2,100000,16,46,0,1690,2023,923,287,237,646,47951.872000000025,19,False,False
130,17,-789.9099723553446,-534.8926000005133,1.0,CLIENT,7,2,100000,14,35,0,1543,1810,942,76,239,623,36485.12000000002,19,False,False
130,18,-535.5576938523325,338.30148000012514,1.0,CLIENT,7,2,100000,15,63,0,1658,1856,859,304,236,548,65673.21600000003,19,False,False
130,19,411.2728215465453,158.51968000001023,1.0,CLIENT,7,2,100000,14,89,0,1478,1927,724,334,229,444,92776.44800000005,19,False,False

131,0,510.20960007366637,-114.21432000034287,1.0,CLIENT,7,2,100000,13,33,0,2002,2238,969,226,234,682,34400.256000000016,19,False,False
131,1,74.14317430013591,16.586680000044396,1.0,CLIENT,7,2,100000,15,49,0,2263,2279,823,680,236,543,51079.16800000003,19,False,False
131,2,225.43960903738065,-454.7422000003837,1.0,CLIENT,7,2,100000,11,24,0,2068,2212,928,365,238,657,25018.36800000001,19,False,False
131,3,328.65387838942297,-795.2700800004245,1.0,CLIENT,7,2,100000,12,46,0,1943,2024,869,261,234,574,47951.872000000025,19,False,False
131,4,33.90307542794576,-962.4727199998688,1.0,CLIENT,7,2,100000,17,85,0,1808,1946,828,149,228,466,88606.72000000004,18,False,False
131,5,160.96039548932345,-626.7316000003982,1.0,CLIENT,7,2,100000,9,27,0,1976,2093,903,299,239,620,28145.66400000001,19,False,False
131,6,85.39139091383856,-249.13415999982277,1.0,CLIENT,7,2,100000,13,27,0,2182,2275,893,538,237,635,28145.66400000001,19,False,False
131,7,674.3385072856748,287.4282399996386,1.0,CLIENT,7,2,100000,20,84,0,1866,2066,837,211,222,455,87564.28800000004,19,False,False
131,8,103.92718448943538,-285.98108000012843,1.0,CLIENT,7,2,100000,10,27,0,2172,2280,871,542,240,618,28145.66400000001,19,False,False
131,9,978.5156326212254,-121.89539999993343,1.0,CLIENT,7,2,100000,19,180,0,1609,1738,709,76,223,358,187637.7600000001,19,False,False
131,10,-365.64625274719776,919.6145199997115,1.0,CLIENT,7,2,100000,12,204,0,678,1095,420,17,208,163,212656.1280000001,17,False,False
131,11,-165.31709910822644,-89.72392000047904,1.0,CLIENT,7,2,100000,14,60,0,2265,2303,833,637,234,570,62545.920000000035,19,False,False
131,12,-51.88437945186163,-508.1757999999428,1.0,CLIENT,7,2,100000,15,31,0,1991,2179,938,283,235,671,32315.392000000014,19,False,False
131,13,229.55867427602695,-585.5431999999801,1.0,CLIENT,7,2,100000,17,40,0,1956,2078,883,319,234,615,41697.28000000002,19,False,False
131,14,-784.4442896342053,-618.7165600000687,1.0,CLIENT,7,2,100000,17,218,0,1361,1567,577,7,215,315,227250.17600000012,19,False,False
131,15,299.42435775180445,805.0662400002119,1.0,CLIENT,7,2,100000,9,141,0,1171,1641,637,87,216,286,146982.91200000007,19,False,False
131,16,381.3303857715337,-541.3491600000316,1.0,CLIENT,7,2,100000,15,43,0,1941,2094,937,232,232,670,44824.57600000002,19,False,False
131,17,120.64108382427725,-645.8786400003061,1.0,CLIENT,7,2,100000,13,29,0,1966,2079,892,301,237,605,30230.528000000013,19,False,False
131,18,703.1719639584502,-785.5852400003562,1.0,CLIENT,7,2,100000,16,115,0,1611,1787,767,16,228,367,119879.68000000007,18,False,False
131,19,-623.4046813514631,-92.17295999983264,1.0,CLIENT,7,2,100000,16,105,0,1804,2067,770,229,220,397,109455.36000000006,19,False,False

132,0,-294.8300157548961,222.9739600002199,1.0,CLIENT,7,2,100000,13,40,0,2163,2335,846,669,244,593,41697.28000000002,19,False,False
132,1,956.8113273235064,-250.91528000007173,1.0,CLIENT,7,2,100000,17,221,0,925,1417,453,75,209,194,230377.47200000013,18,False,False
132,2,5.624108306851326,-538.7888000001681,1.0,CLIENT,7,2,100000,11,35,0,1877,2078,921,264,244,637,36485.12000000002,19,False,False
132,3,-175.377123826274,864.3997999999035,1.0,CLIENT,7,2,100000,14,106,0,1275,1704,715,99,221,352,110497.79200000006,19,False,False
132,4,-703.0927511655942,27.830000000132884,1.0,CLIENT,7,2,100000,16,65,0,1881,2063,842,353,239,550,67758.08000000003,19,False,False
132,5,-634.5736851723095,-734.4893600004318,1.0,CLIENT,7,2,100000,10,129,0,1593,1664,820,28,242,440,134473.72800000006,18,False,False
132,6,-718.9353097773309,-460.9761200004641,1.0,CLIENT,7,2,100000,14,48,0,1694,1923,904,82,240,603,50036.736000000026,19,False,False
132,7,-232.7271859992748,-387.83888000002946,1.0,CLIENT,7,2,100000,18,39,0,1896,2224,984,233,238,697,40654.84800000002,19,False,False
132,8,79.13358026245022,-39.96388000034585,1.0,CLIENT,7,2,100000,9,58,0,2285,2384,759,829,245,482,60461.05600000003,19,False,False
132,9,261.4022170846496,-252.47376000009183,1.0,CLIENT,7,2,100000,16,37,0,2025,2259,917,451,242,626,38569.98400000002,19,False,False
132,10,-214.6666691825029,-686.8444000004954,1.0,CLIENT,7,2,100000,12,40,0,1761,1928,951,104,241,612,41697.28000000002,19,False,False
132,11,-376.1815542235073,109.09359999982485,1.0,CLIENT,7,2,100000,14,34,0,2092,2306,877,567,243,605,35442.68800000002,19,False,False
132,12,-67.33087409819231,873.4167200000763,1.0,CLIENT,7,2,100000,19,77,0,1279,1722,738,78,216,369,80267.26400000004,19,False,False
132,13,253.7185761584751,-817.5340800003727,1.0,CLIENT,7,2,100000,20,168,0,1508,1754,693,159,229,340,175128.5760000001,18,False,False
132,14,-934.3148940966639,-303.56964000001625,1.0,CLIENT,7,2,100000,14,127,0,1548,1855,754,105,239,415,132388.86400000006,18,False,False
132,15,-795.3756550759209,892.0071599998075,1.0,CLIENT,7,2,100000,9,179,0,941,1355,544,36,221,245,186595.3280000001,17,False,False
132,16,244.21304099154565,-467.2100400005445,1.0,CLIENT,7,2,100000,15,48,0,1863,2105,902,273,239,604,50036.736000000026,19,False,False
132,17,-232.0934836547378,-614.5977200001852,1.0,CLIENT,7,2,100000,14,42,0,1768,1979,947,125,242,641,43782.14400000002,19,False,False
132,18,535.0824170935076,940.0974000002018,1.0,CLIENT,7,2,100000,18,198,0,805,1336,480,55,209,199,206401.5360000001,17,False,False
132,19,-545.9345697423671,219.30040000000304,1.0,CLIENT,7,2,100000,14,67,0,1943,2196,842,398,239,535,69842.94400000003,19,False,False

133,0,-528.111691305289,981.7310799994957,1.0,CLIENT,7,2,100000,16,175,0,832,1470,531,83,219,239,182425.6000000001,15,False,False
133,1,-919.8981657602762,-567.7319999998633,1.0,CLIENT,7,2,100000,17,182,0,1442,1642,632,161,225,319,189722.6240000001,16,False,False
133,2,101.70922628383728,-205.16276000010322,1.0,CLIENT,7,2,100000,10,36,0,2125,2459,738,811,242,476,37527.55200000002,19,False,False
133,3,175.37712382571115,-317.818600000426,1.0,CLIENT,7,2,100000,12,64,0,1947,2325,761,563,238,476,66715.64800000003,19,False,False
133,4,920.2150169317005,-782.5796000000349,1.0,CLIENT,7,2,100000,18,224,0,1071,1303,484,18,219,223,233504.76800000013,16,False,False
133,5,-357.4873350621983,-930.96916000031,1.0,CLIENT,7,2,100000,10,73,0,1574,1780,784,101,236,443,76097.53600000004,16,False,False
133,6,-66.14268220197435,-141.8216800002469,1.0,CLIENT,7,2,100000,12,27,0,2206,2445,724,923,240,465,28145.66400000001,19,False,False
133,7,721.0740551889472,519.753079999979,1.0,CLIENT,7,2,100000,20,100,0,1287,1675,657,107,213,322,104243.20000000006,18,False,False
133,8,-179.65461465119523,-598.3450000000886,1.0,CLIENT,7,2,100000,10,25,0,1791,2097,886,283,241,573,26060.80000000001,19,False,False
133,9,-772.3247322968347,-383.2747600004791,1.0,CLIENT,7,2,100000,17,73,0,1683,1896,808,223,230,490,76097.53600000004,18,False,False
133,10,-326.8319841497937,-440.8271999999218,1.0,CLIENT,7,2,100000,12,40,0,1853,2205,878,335,239,563,41697.28000000002,19,False,False
133,11,-988.0211677887178,515.4115999998667,1.0,CLIENT,7,2,100000,16,142,0,1150,1604,626,146,221,301,148025.34400000007,16,False,False
133,12,-36.75473597808087,-998.5403999997689,1.0,CLIENT,7,2,100000,18,157,0,1567,1620,657,215,224,324,163661.82400000008,16,False,False
133,13,181.55572168424342,-89.61259999996912,1.0,CLIENT,7,2,100000,15,54,0,2165,2479,660,908,234,409,56291.32800000003,19,False,False
133,14,74.460025472123,774.3419199994767,1.0,CLIENT,7,2,100000,15,84,0,1598,1864,766,287,227,419,87564.28800000004,19,False,False
133,15,-65.19212868545027,671.4822399997322,1.0,CLIENT,7,2,100000,9,47,0,1788,2066,795,368,233,450,48994.304000000026,19,False,False
133,16,436.06642577353045,-794.3795200003001,1.0,CLIENT,7,2,100000,17,76,0,1476,1736,745,54,223,399,79224.83200000004,17,False,False
133,17,-963.4652019408637,258.5963599996623,1.0,CLIENT,7,2,100000,14,122,0,1487,1804,669,242,224,333,127176.70400000007,17,False,False
133,18,393.52915590232334,911.8221199996111,1.0,CLIENT,7,2,100000,16,96,0,1165,1465,678,76,220,330,100073.47200000005,16,False,False
133,19,899.9365419093305,894.1222400000044,1.0,CLIENT,7,2,100000,19,191,0,552,999,398,4,212,148,199104.5120000001,13,False,False

134,0,312.8113197782491,-411.4387199997688,1.0,CLIENT,7,2,100000,13,33,0,1762,2189,935,258,242,648,34400.256000000016,19,False,False
134,1,4.831980376039357,-597.565760000474,1.0,CLIENT,7,2,100000,16,95,0,1847,2026,782,457,232,440,99031.04000000005,19,False,False
134,2,-936.2160011297121,-831.2264399998148,1.0,CLIENT,7,2,100000,14,91,0,785,1213,555,13,210,254,94861.31200000005,16,False,False
134,3,760.3636005446134,-368.8031599998405,1.0,CLIENT,7,2,100000,13,54,0,1642,1847,857,179,231,538,56291.32800000003,19,False,False
134,4,525.6560947194342,113.991680000114,1.0,CLIENT,7,2,100000,16,78,0,1975,2092,788,571,233,482,81309.69600000004,19,False,False
134,5,-950.5535166732438,28.4979200000285,1.0,CLIENT,7,2,100000,10,157,0,1247,1466,614,198,220,285,163661.82400000008,16,False,False
134,6,-241.5990188211044,-265.8321600003771,1.0,CLIENT,7,2,100000,13,64,0,2010,2187,746,700,237,485,66715.64800000003,19,False,False
134,7,659.2880766053131,-154.73480000007442,1.0,CLIENT,7,2,100000,18,77,0,1792,1941,827,368,233,554,80267.26400000004,19,False,False
134,8,-960.2174774258854,-916.8315200004101,1.0,CLIENT,7,2,100000,13,159,0,624,1009,455,8,209,186,165746.68800000008,15,False,False
134,9,905.5606502167445,860.28096000002,1.0,CLIENT,7,2,100000,19,196,0,1003,1294,579,42,212,277,204316.6720000001,16,False,False
134,10,763.2944738876045,-830.2245599999713,1.0,CLIENT,7,2,100000,12,86,0,1194,1434,702,5,223,377,89649.15200000005,17,False,False
134,11,637.979835273,-722.8007599998855,1.0,CLIENT,7,2,100000,15,66,0,1355,1590,773,36,226,473,68800.51200000003,18,False,False
134,12,80.00492098611826,21.70739999977144,1.0,CLIENT,7,2,100000,15,28,0,2109,2315,850,748,244,595,29188.096000000012,19,False,False
134,13,-53.23099693379171,342.42032000000876,1.0,CLIENT,7,2,100000,17,49,0,1875,2164,887,439,237,610,51079.16800000003,19,False,False
134,14,57.112423793306974,787.2550400000953,1.0,CLIENT,7,2,100000,14,83,0,1544,1814,764,238,228,448,86521.85600000004,18,False,False
134,15,-251.73825633257084,984.9593600000458,1.0,CLIENT,7,2,100000,9,169,0,1125,1489,581,128,224,270,176171.0080000001,14,False,False
134,16,958.5540087708424,532.7775199995256,1.0,CLIENT,7,2,100000,17,88,0,1285,1727,732,73,219,404,91734.01600000005,16,False,False
134,17,64.16236237494444,181.67424000008282,1.0,CLIENT,7,2,100000,12,57,0,2064,2274,833,653,241,555,59418.62400000003,19,False,False
134,18,-503.15966149259174,301.7885199997673,1.0,CLIENT,7,2,100000,16,89,0,1537,1926,812,179,231,449,92776.44800000005,19,False,False
134,19,575.6393671382476,-915.7183200000568,1.0,CLIENT,7,2,100000,17,161,0,1129,1428,617,10,218,299,167831.55200000008,18,False,False

135,0,214.58745638852113,-326.50155999986,1.0,CLIENT,7,2,100000,13,52,0,1782,1948,882,534,241,584,54206.46400000003,19,False,False
135,1,-742.4615093146791,-482.5722000005166,1.0,CLIENT,7,2,100000,15,67,0,1054,1345,694,29,215,429,69842.94400000003,19,False,False
135,2,469.0189476843893,-97.85028000052733,1.0,CLIENT,7,2,100000,11,34,0,1582,1868,945,277,236,653,35442.68800000002,19,False,False
135,3,-241.0445292699863,-558.7150800004815,1.0,CLIENT,7,2,100000,13,48,0,1530,1789,889,273,233,590,50036.736000000026,19,False,False
135,4,217.51832973151232,368.8031599998405,1.0,CLIENT,7,2,100000,16,67,0,1554,1786,859,317,229,535,69842.94400000003,19,False,False
135,5,-706.4989012674102,-604.578920000169,1.0,CLIENT,7,2,100000,9,38,0,1071,1336,723,27,222,455,39612.41600000002,19,False,False
135,6,753.0760235838449,-93.84276000036266,1.0,CLIENT,7,2,100000,14,42,0,1274,1566,884,103,233,596,43782.14400000002,19,False,False
135,7,927.1065299276257,-511.6267199999308,1.0,CLIENT,7,2,100000,20,102,0,1068,1294,733,35,225,389,106328.06400000006,19,False,False
135,8,-906.2735653547006,-537.5642800000958,1.0,CLIENT,7,2,100000,11,90,0,928,1118,612,8,215,308,93818.88000000005,18,False,False
135,9,-515.1207932436874,-355.55608000006515,1.0,CLIENT,7,2,100000,17,63,0,1333,1727,820,166,225,549,65673.21600000003,19,False,False
135,10,-726.6981634963614,-948.4464000004789,1.0,CLIENT,7,2,100000,12,142,0,900,1055,581,5,214,278,148025.34400000007,16,False,False
135,11,-139.097664607018,-365.0182799999047,1.0,CLIENT,7,2,100000,14,54,0,1731,1939,844,524,236,592,56291.32800000003,19,False,False
135,12,994.3581912323992,133.47267999996973,1.0,CLIENT,7,2,100000,19,133,0,974,1256,695,56,227,330,138643.45600000006,16,False,False
135,13,-301.72152875082145,-646.2126000002538,1.0,CLIENT,7,2,100000,17,71,0,1408,1662,842,175,224,547,74012.67200000004,19,False,False
135,14,301.16703919857764,630.516479999543,1.0,CLIENT,7,2,100000,15,139,0,1103,1446,714,106,226,372,144898.04800000007,19,False,False
135,15,-134.10725864414084,986.5178400000659,1.0,CLIENT,7,2,100000,9,217,0,394,860,311,6,216,78,226207.74400000012,17,False,False
135,16,-893.3618800865179,-735.3799199997652,1.0,CLIENT,7,2,100000,17,74,0,909,1070,610,1,209,333,77139.96800000004,17,False,False
135,17,718.1431818459561,-755.8628000002554,1.0,CLIENT,7,2,100000,14,129,0,1101,1425,678,81,229,320,134473.72800000006,18,False,False
135,18,506.8826627652693,-475.6703600005406,1.0,CLIENT,7,2,100000,15,54,0,1483,1763,896,217,231,593,56291.32800000003,19,False,False
135,19,850.5869718356169,191.5817199995891,1.0,CLIENT,7,2,100000,15,66,0,1177,1474,802,116,230,485,68800.51200000003,17,False,False

136,0,811.3766392728069,-785.4739199998462,1.0,CLIENT,7,2,100000,15,183,0,734,1151,515,27,212,234,190765.0560000001,16,False,False
136,1,-875.8558528208641,-463.2025200003798,1.0,CLIENT,7,2,100000,17,110,0,987,1438,637,78,216,328,114667.52000000006,18,False,False
136,2,553.1429339102796,-957.7972799998086,1.0,CLIENT,7,2,100000,12,59,0,818,1267,634,17,217,341,61503.488000000034,17,False,False
136,3,-178.30799716926515,-850.9300799998994,1.0,CLIENT,7,2,100000,16,178,0,1255,1559,614,320,213,299,185552.8960000001,19,False,False
136,4,474.24699202639744,610.7015199997395,1.0,CLIENT,7,2,100000,16,60,0,1607,1860,875,167,233,575,62545.920000000035,18,False,False
136,5,345.9222672753829,-653.7823600001254,1.0,CLIENT,7,2,100000,9,50,0,1431,1976,817,209,227,506,52121.60000000003,19,False,False
136,6,-499.43666021878863,811.5227999997302,1.0,CLIENT,7,2,100000,14,100,0,1295,1583,753,33,232,428,104243.20000000006,17,False,False
136,7,-460.9392427933717,168.87243999997423,1.0,CLIENT,7,2,100000,18,86,0,1831,2117,793,492,231,503,89649.15200000005,19,False,False
136,8,-531.2009902339923,601.6845999995667,1.0,CLIENT,7,2,100000,10,35,0,1433,1772,823,110,240,536,36485.12000000002,18,False,False
136,9,-163.01992810977228,910.9315599994866,1.0,CLIENT,7,2,100000,18,125,0,1430,1503,803,79,228,436,130304.00000000007,17,False,False
136,10,452.06740997041635,18.81307999996011,1.0,CLIENT,7,2,100000,12,85,0,2007,2203,790,620,236,491,88606.72000000004,19,False,False
136,11,-683.1311273157742,391.17847999950754,1.0,CLIENT,7,2,100000,15,107,0,1469,1821,727,217,228,427,111540.22400000006,19,False,False
136,12,163.57441766032755,361.23339999996887,1.0,CLIENT,7,2,100000,15,43,0,1882,2200,941,369,235,669,44824.57600000002,19,False,False
136,13,-942.3153861953883,-816.5322000005292,1.0,CLIENT,7,2,100000,20,183,0,638,912,478,5,208,195,190765.0560000001,16,False,False
136,14,833.556221328788,671.4822399997322,1.0,CLIENT,7,2,100000,15,171,0,1099,1534,595,54,222,288,178255.8720000001,17,False,False
136,15,74.77687664467292,621.3882399996512,1.0,CLIENT,7,2,100000,9,35,0,1568,1909,903,147,239,586,36485.12000000002,19,False,False
136,16,581.580326617086,506.2833599999749,1.0,CLIENT,7,2,100000,15,68,0,1625,1919,828,239,231,564,70885.37600000003,18,False,False
136,17,-195.33874767665694,98.6295200001419,1.0,CLIENT,7,2,100000,12,40,0,2130,2373,864,703,244,576,41697.28000000002,19,False,False
136,18,823.0209198519154,-519.864400000489,1.0,CLIENT,7,2,100000,15,97,0,1192,1515,712,167,224,399,101115.90400000005,19,False,False
136,19,48.31980376377061,646.7691999996396,1.0,CLIENT,7,2,100000,14,49,0,1535,1813,880,117,236,573,51079.16800000003,19,False,False

137,0,369.05240284788806,373.033320000234,1.0,CLIENT,7,2,100000,13,61,0,1522,1819,844,362,239,546,63588.352000000035,19,False,False
137,1,-852.3296532835158,-965.1444000002423,1.0,CLIENT,7,2,100000,15,83,0,962,1284,652,10,218,386,86521.85600000004,16,False,False
137,2,936.9289162665425,279.858479999767,1.0,CLIENT,7,2,100000,14,222,0,850,1231,543,81,229,265,231419.90400000013,15,False,False
137,3,-542.2115684691269,392.84828000003756,1.0,CLIENT,7,2,100000,13,54,0,1297,1826,774,217,243,492,56291.32800000003,19,False,False
137,4,-620.2361696293408,-776.5683200001833,1.0,CLIENT,7,2,100000,16,58,0,1295,1645,815,104,225,509,60461.05600000003,19,False,False
137,5,-378.9540019802235,-93.9540800000816,1.0,CLIENT,7,2,100000,9,84,0,2050,2239,667,888,233,368,87564.28800000004,19,False,False
137,6,185.19951016462767,-530.328480000172,1.0,CLIENT,7,2,100000,13,52,0,1818,2047,848,506,238,585,54206.46400000003,19,False,False
137,7,54.49840162230288,-872.8601199998997,1.0,CLIENT,7,2,100000,19,81,0,1347,1685,828,152,232,486,84436.99200000004,19,False,False
137,8,-793.6329736291477,667.8086799995153,1.0,CLIENT,7,2,100000,13,127,0,805,1133,589,8,233,259,132388.86400000006,17,False,False
137,9,510.6848768319284,-868.5186399997872,1.0,CLIENT,7,2,100000,18,146,0,1036,1529,621,139,225,331,152195.07200000007,16,False,False
137,10,-105.51144035105932,976.6103599997687,1.0,CLIENT,7,2,100000,12,154,0,927,1077,643,74,234,294,160534.52800000008,14,False,False
137,11,-755.2147689965868,-874.5299200004297,1.0,CLIENT,7,2,100000,15,48,0,1106,1435,749,47,228,475,50036.736000000026,17,False,False
137,12,-595.5217781957746,-899.4655999999602,1.0,CLIENT,7,2,100000,17,115,0,1200,1482,768,71,223,441,119879.68000000007,17,False,False
137,13,183.29840313157948,-809.4077200003244,1.0,CLIENT,7,2,100000,17,57,0,1442,1804,853,213,236,576,59418.62400000003,19,False,False
137,14,-60.043297136860986,467.2100399997535,1.0,CLIENT,7,2,100000,14,49,0,1401,1888,851,280,241,550,51079.16800000003,19,False,False
137,15,644.1584331315323,-597.565760000474,1.0,CLIENT,7,2,100000,9,115,0,1224,1617,742,154,240,424,119879.68000000007,18,False,False
137,16,-761.2349412688441,651.6672799999287,1.0,CLIENT,7,2,100000,17,89,0,882,1186,642,23,230,317,92776.44800000005,18,False,False
137,17,-138.14711108993106,343.64484000008105,1.0,CLIENT,7,2,100000,13,44,0,1571,2073,890,378,246,607,45867.00800000002,19,False,False
137,18,410.40148082287726,621.7221999995991,1.0,CLIENT,7,2,100000,16,102,0,1183,1489,763,173,237,391,106328.06400000006,17,False,False
137,19,-968.2179695246098,-802.8398400002961,1.0,CLIENT,7,2,100000,16,128,0,935,1327,594,16,216,295,133431.29600000006,16,False,False

138,0,-273.44256162972704,340.305239999812,1.0,CLIENT,7,2,100000,13,32,0,1927,2016,991,434,249,713,33357.824000000015,19,False,False
138,1,-634.0191956211916,-182.00820000003063,1.0,CLIENT,7,2,100000,17,155,0,1502,1815,691,269,239,307,161576.96000000008,19,False,False
138,2,830.2292840203908,421.90279999945176,1.0,CLIENT,7,2,100000,14,204,0,1070,1439,572,71,234,266,212656.1280000001,19,False,False
138,3,-367.15129581540276,344.86936000015334,1.0,CLIENT,7,2,100000,13,24,0,1821,2000,1002,327,249,705,25018.36800000001,19,False,False
138,4,-23.76383791704216,743.0610000001468,1.0,CLIENT,7,2,100000,16,49,0,1702,1868,844,358,243,536,51079.16800000003,19,False,False
138,5,15.129643473217918,989.8574399995439,1.0,CLIENT,7,2,100000,10,157,0,1353,1638,653,228,243,323,163661.82400000008,18,False,False
138,6,489.93112505129636,-422.1254400004716,1.0,CLIENT,7,2,100000,14,42,0,1498,1747,873,222,238,535,43782.14400000002,19,False,False
138,7,386.954494078385,-41.07707999990822,1.0,CLIENT,7,2,100000,18,56,0,1833,2038,831,548,239,550,58376.19200000003,19,False,False
138,8,-633.2270676903796,765.8815999994806,1.0,CLIENT,7,2,100000,10,48,0,1316,1579,820,38,246,503,50036.736000000026,18,False,False
138,9,-413.25314137357526,944.772839999471,1.0,CLIENT,7,2,100000,18,63,0,1299,1592,822,56,240,491,65673.21600000003,18,False,False
138,10,785.2364175644545,-27.162080000237268,1.0,CLIENT,7,2,100000,12,76,0,1415,1731,769,243,242,421,79224.83200000004,19,False,False
138,11,592.3532664730895,-979.0593999999132,1.0,CLIENT,7,2,100000,16,189,0,677,988,501,4,230,184,197019.6480000001,14,False,False
138,12,48.16137817749564,314.0337199996992,1.0,CLIENT,7,2,100000,15,55,0,1972,2089,819,655,249,524,57333.76000000003,19,False,False
138,13,-329.4460063202349,289.6546399995543,1.0,CLIENT,7,2,100000,15,32,0,1892,2015,969,436,246,700,33357.824000000015,19,False,False
138,14,-38.33899183970481,-775.3438000001111,1.0,CLIENT,7,2,100000,16,178,0,1180,1460,661,100,233,324,185552.8960000001,19,False,False
138,15,-785.8701199095542,125.5689600001503,1.0,CLIENT,7,2,100000,9,25,0,1508,1751,865,174,251,577,26060.80000000001,19,False,False
138,16,-814.3075126163609,525.4303999998829,1.0,CLIENT,7,2,100000,17,81,0,1287,1519,798,30,239,451,84436.99200000004,18,False,False
138,17,16.87232492055398,-303.7922800002451,1.0,CLIENT,7,2,100000,13,36,0,1847,2107,895,494,248,610,37527.55200000002,19,False,False
138,18,-970.831991695051,595.1167199995384,1.0,CLIENT,7,2,100000,17,139,0,1144,1291,704,25,239,358,144898.04800000007,18,False,False
138,19,492.06987046403833,-371.363520000495,1.0,CLIENT,7,2,100000,14,58,0,1527,1774,856,248,238,517,60461.05600000003,19,False,False

139,0,944.8501955724106,383.6087199996359,1.0,CLIENT,7,2,100000,16,206,0,885,1351,531,102,217,256,214740.99200000011,16,False,False
139,1,567.7973006252354,67.90520000019768,1.0,CLIENT,7,2,100000,15,59,0,1736,2007,823,513,233,526,61503.488000000034,19,False,False
139,2,682.9727017289363,-289.6546400003453,1.0,CLIENT,7,2,100000,13,109,0,1257,1728,737,223,228,383,113625.08800000006,19,False,False
139,3,477.4155037485197,-922.1748800003661,1.0,CLIENT,7,2,100000,14,137,0,844,1404,564,58,217,265,142813.18400000007,19,False,False
139,4,397.96507231351956,-858.8338000005098,1.0,CLIENT,7,2,100000,16,65,0,1045,1614,691,114,221,427,67758.08000000003,19,False,False
139,5,715.529159674952,-811.5228000005211,1.0,CLIENT,7,2,100000,10,122,0,811,1150,587,67,227,279,127176.70400000007,19,False,False
139,6,279.1458827294344,398.19163999999347,1.0,CLIENT,7,2,100000,13,43,0,1691,2055,886,391,235,596,44824.57600000002,19,False,False
139,7,-10.852152648859509,828.1094799997745,1.0,CLIENT,7,2,100000,19,119,0,1253,1494,712,170,225,396,124049.40800000007,18,False,False
139,8,-984.1397409286395,-431.03104000013445,1.0,CLIENT,7,2,100000,11,70,0,1122,1491,732,64,230,392,72970.24000000003,18,False,False
139,9,-702.8551127864632,176.10823999989805,1.0,CLIENT,7,2,100000,18,133,0,1505,1778,725,327,227,378,138643.45600000006,19,False,False
139,10,354.2396105460944,729.4799599996327,1.0,CLIENT,7,2,100000,12,93,0,1274,1515,765,153,231,405,96946.17600000005,18,False,False
139,11,-255.2236192266801,-664.3577600003184,1.0,CLIENT,7,2,100000,16,120,0,1620,1963,708,487,227,373,125091.84000000007,19,False,False
139,12,-251.65904353915195,202.15711999978197,1.0,CLIENT,7,2,100000,15,43,0,1843,2220,905,506,239,638,44824.57600000002,19,False,False
139,13,-746.6597873467442,-398.19163999999347,1.0,CLIENT,7,2,100000,18,52,0,1365,1869,829,163,232,533,54206.46400000003,19,False,False
139,14,-760.8388773040009,-85.27111999985664,1.0,CLIENT,7,2,100000,14,58,0,1495,1852,794,307,239,519,60461.05600000003,19,False,False
139,15,-402.24256313900366,735.6025599999941,1.0,CLIENT,7,2,100000,9,121,0,1192,1534,705,74,233,385,126134.27200000007,19,False,False
139,16,-348.6155022398059,683.2821599999975,1.0,CLIENT,7,2,100000,16,65,0,1302,1680,798,98,232,536,67758.08000000003,19,False,False
139,17,-944.5333444009864,-955.5708799998928,1.0,CLIENT,7,2,100000,15,218,0,684,941,492,10,224,229,227250.17600000012,16,False,False
139,18,-735.6492091121728,-558.6037599999715,1.0,CLIENT,7,2,100000,15,53,0,1241,1759,792,132,231,498,55248.89600000003,18,False,False
139,19,-360.65584678432054,613.0392400001651,1.0,CLIENT,7,2,100000,15,30,0,1356,1732,859,135,238,603,31272.960000000014,19,False,False

140,0,3.40615010125322,-608.5864400003336,1.0,CLIENT,7,2,100000,13,38,0,3846,4288,799,662,251,510,39612.41600000002,29,False,False
140,1,488.1092308111043,378.15403999996107,1.0,CLIENT,7,2,100000,14,35,0,3653,4313,953,420,251,659,36485.12000000002,29,False,False
140,2,-149.2369021179216,-200.59863999976187,1.0,CLIENT,7,2,100000,9,6,0,4337,4690,801,1045,255,542,6254.592,29,False,False
140,3,-474.1677792341043,746.289279999906,1.0,CLIENT,7,2,100000,13,79,0,2746,3362,779,118,232,454,82352.12800000004,27,False,False
140,4,24.79360422642231,99.96535999993313,1.0,CLIENT,7,2,100000,15,27,0,4361,4702,697,1169,247,443,28145.66400000001,29,False,False
140,5,910.551056179059,836.124520000104,1.0,CLIENT,7,2,100000,10,215,0,1987,2551,618,10,235,324,224122.88000000012,25,False,False
140,6,488.3468691902352,42.19027999947059,1.0,CLIENT,7,2,100000,12,22,0,4158,4475,769,923,252,511,22933.504000000008,29,False,False
140,7,990.55597716574,198.59488000007502,1.0,CLIENT,7,2,100000,18,132,0,3015,3592,781,303,236,409,137601.02400000006,27,False,False
140,8,238.11365592643227,-745.5100400002914,1.0,CLIENT,7,2,100000,10,28,0,3619,4067,939,387,251,626,29188.096000000012,29,False,False
140,9,-904.7685222864955,-893.5656399998277,1.0,CLIENT,7,2,100000,19,205,0,1803,2376,565,24,214,282,213698.5600000001,24,False,False
140,10,-730.8964415284265,-102.0804400001299,1.0,CLIENT,7,2,100000,12,70,0,3192,3790,822,354,243,490,72970.24000000003,29,False,False
140,11,733.1936125263179,-474.22320000023944,1.0,CLIENT,7,2,100000,14,61,0,3387,3893,887,213,242,550,63588.352000000035,29,False,False
140,12,327.5448992866239,944.884159999981,1.0,CLIENT,7,2,100000,15,71,0,2724,3228,844,202,234,481,74012.67200000004,23,False,False
140,13,698.4984091681231,-938.5389200001816,1.0,CLIENT,7,2,100000,18,79,0,2508,3244,768,54,227,419,82352.12800000004,25,False,False
140,14,553.7766362548165,245.4605999996059,1.0,CLIENT,7,2,100000,14,42,0,3813,4375,925,538,254,615,43782.14400000002,29,False,False
140,15,-210.23075277130667,85.93903999975225,1.0,CLIENT,7,2,100000,8,11,0,4220,4678,871,880,256,598,11466.752000000002,29,False,False
140,16,414.67897164836137,190.91379999969348,1.0,CLIENT,7,2,100000,15,41,0,4116,4480,836,807,255,552,42739.71200000002,29,False,False
140,17,692.4782368958657,-566.8414400005298,1.0,CLIENT,7,2,100000,13,46,0,3309,3850,891,171,240,571,47951.872000000025,29,False,False
140,18,-682.1013610058311,175.10636000005462,1.0,CLIENT,7,2,100000,15,60,0,3219,3888,842,364,241,516,62545.920000000035,29,False,False
140,19,-78.42066512562,588.5488399995103,1.0,CLIENT,7,2,100000,14,48,0,3486,4034,893,421,240,562,50036.736000000026,29,False,False
140,20,71.05387537086978,127.90667999978496,1.0,CLIENT,7,2,100000,8,27,0,4368,4728,657,1159,245,390,28145.66400000001,29,False,False
140,21,803.4553599675014,-910.3749600001009,1.0,CLIENT,7,2,100000,18,207,0,2290,3049,640,55,223,346,215783.42400000012,25,False,False
140,22,-224.56826831427546,-612.7052800002173,1.0,CLIENT,7,2,100000,9,18,0,3766,4245,906,527,259,611,18763.776000000005,29,False,False
140,23,711.2516688500307,627.9561199996795,1.0,CLIENT,7,2,100000,14,40,0,2698,3378,884,83,244,570,41697.28000000002,27,False,False
140,24,303.7018485767257,995.7573999996765,1.0,CLIENT,7,2,100000,10,110,0,2641,3101,795,193,237,410,114667.52000000006,23,False,False
140,25,11.644280579108637,-962.5840400003788,1.0,CLIENT,7,2,100000,12,44,0,3195,3738,784,409,246,453,45867.00800000002,26,False,False
140,26,-792.9200584911919,588.4375199997913,1.0,CLIENT,7,2,100000,12,203,0,2118,3039,585,54,221,283,211613.6960000001,27,False,False
140,27,-127.45338402734652,-913.825880000089,1.0,CLIENT,7,2,100000,13,136,0,3240,3729,685,441,245,357,141770.75200000007,26,False,False
140,28,-936.2160011297121,-724.9158400000823,1.0,CLIENT,7,2,100000,17,104,0,2081,2671,704,67,220,358,108412.92800000006,24,False,False
140,29,-533.4981612330093,-202.15711999978197,1.0,CLIENT,7,2,100000,12,65,0,3582,4170,821,476,249,487,67758.08000000003,29,False,False

141,0,-37.942927874298825,900.8014399997514,1.0,CLIENT,7,2,100000,15,180,0,3119,3702,665,416,231,310,187637.7600000001,28,False,False
141,1,-391.707261662694,523.7606000001438,1.0,CLIENT,7,2,100000,15,23,0,3545,4311,910,435,247,618,23975.93600000001,29,False,False
141,2,978.5948454140815,423.0159999998051,1.0,CLIENT,7,2,100000,12,81,0,2657,3559,773,101,242,440,84436.99200000004,26,False,False
141,3,-258.5505565350773,-869.7431599998595,1.0,CLIENT,7,2,100000,13,92,0,3097,3755,810,266,242,429,95903.74400000005,28,False,False
141,4,-154.86101042477293,315.48088000000035,1.0,CLIENT,7,2,100000,15,23,0,4311,4697,835,887,256,571,23975.93600000001,29,False,False
141,5,341.2487124850557,-863.1752799998312,1.0,CLIENT,7,2,100000,9,34,0,3110,3773,899,186,251,579,35442.68800000002,27,False,False
141,6,594.1751607132817,628.5127199998561,1.0,CLIENT,7,2,100000,13,45,0,3274,3938,893,149,242,570,46909.440000000024,28,False,False
141,7,858.6666767271973,-366.131480000258,1.0,CLIENT,7,2,100000,18,105,0,3210,3754,816,214,234,459,109455.36000000006,27,False,False
141,8,216.96384018039421,-523.8719199998627,1.0,CLIENT,7,2,100000,9,23,0,3978,4441,955,455,250,653,23975.93600000001,28,False,False
141,9,-995.8632343011672,983.9574800002024,1.0,CLIENT,7,2,100000,19,229,0,1492,1834,553,1,223,277,238716.92800000013,19,False,False
141,10,726.5397379095236,757.1986400000467,1.0,CLIENT,7,2,100000,12,192,0,2689,3348,680,66,237,369,200146.9440000001,28,False,False
141,11,762.1854947848054,162.5272000001749,1.0,CLIENT,7,2,100000,14,36,0,3706,4173,904,367,253,594,37527.55200000002,28,False,False
141,12,-294.1963134103591,522.5360800000715,1.0,CLIENT,7,2,100000,15,38,0,3728,4344,872,517,251,581,39612.41600000002,29,False,False
141,13,545.3800801906862,-216.18343999996284,1.0,CLIENT,7,2,100000,15,34,0,4002,4347,901,547,251,618,35442.68800000002,28,False,False
141,14,-953.32596442996,657.6785599997802,1.0,CLIENT,7,2,100000,14,55,0,1979,2705,766,45,231,444,57333.76000000003,23,False,False
141,15,388.2218987674591,265.8321599995861,1.0,CLIENT,7,2,100000,8,23,0,4191,4515,986,512,260,661,23975.93600000001,29,False,False
141,16,-663.9616313962031,-68.01651999991662,1.0,CLIENT,7,2,100000,15,117,0,3560,4158,745,522,242,395,121964.54400000007,29,False,False
141,17,-520.3488375856956,154.4008400001266,1.0,CLIENT,7,2,100000,12,47,0,3808,4414,741,734,257,461,48994.304000000026,29,False,False
141,18,482.80197367624004,66.68068000012539,1.0,CLIENT,7,2,100000,15,45,0,4198,4443,910,631,250,601,46909.440000000024,29,False,False
141,19,-880.3709820254791,-734.3780399999218,1.0,CLIENT,7,2,100000,19,243,0,1862,2772,491,17,216,252,253310.97600000014,26,False,False
141,20,64.71685192662538,-537.0076799999191,1.0,CLIENT,7,2,100000,9,32,0,3972,4420,865,540,252,560,33357.824000000015,29,False,False
141,21,-668.8728245656614,696.8631999997206,1.0,CLIENT,7,2,100000,18,67,0,2441,3339,810,81,236,488,69842.94400000003,28,False,False
141,22,-257.99606698395917,100.85592000005761,1.0,CLIENT,7,2,100000,8,13,0,4493,4836,767,1072,252,500,13551.616000000004,29,False,False
141,23,151.77171149494396,144.82731999977716,1.0,CLIENT,7,2,100000,12,11,0,4418,4758,853,866,261,564,11466.752000000002,29,False,False
141,24,82.61894315712235,-116.77468000020639,1.0,CLIENT,7,2,100000,9,20,0,4564,4753,793,1066,255,518,20848.640000000007,29,False,False
141,25,370.7950842952241,-741.3912000004077,1.0,CLIENT,7,2,100000,12,24,0,3312,4009,941,168,246,636,25018.36800000001,27,False,False
141,26,695.8051742042629,-943.6596399999087,1.0,CLIENT,7,2,100000,12,232,0,2345,2947,598,33,230,312,241844.22400000013,25,False,False
141,27,46.1018455581725,-437.59892000016265,1.0,CLIENT,7,2,100000,11,24,0,4132,4574,860,651,251,586,25018.36800000001,29,False,False
141,28,-194.54661974584496,-642.427720000318,1.0,CLIENT,7,2,100000,17,69,0,3674,4124,855,406,242,521,71927.80800000003,29,False,False
141,29,836.011817913517,-81.93152000037855,1.0,CLIENT,7,2,100000,12,48,0,3468,4053,847,331,248,548,50036.736000000026,27,False,False

142,0,-858.270612762917,597.3431199994542,1.0,CLIENT,7,2,100000,13,46,0,2421,3146,829,44,226,520,47951.872000000025,27,False,False
142,1,908.3330979734609,-980.8405200001621,1.0,CLIENT,7,2,100000,17,247,0,1262,1842,477,24,213,245,257480.70400000014,20,False,False
142,2,862.6273163801316,499.3815199999989,1.0,CLIENT,7,2,100000,12,36,0,2282,2982,888,47,234,553,37527.55200000002,25,False,False
142,3,585.7786046491512,847.8131199998592,1.0,CLIENT,7,2,100000,13,53,0,2441,3232,875,72,231,532,55248.89600000003,26,False,False
142,4,-444.62140742393575,-72.35800000002911,1.0,CLIENT,7,2,100000,15,27,0,3741,4203,815,725,246,541,28145.66400000001,29,False,False
142,5,-303.06814623275153,-525.8756800003405,1.0,CLIENT,7,2,100000,9,28,0,3312,4066,948,333,246,636,29188.096000000012,29,False,False
142,6,758.4624935115652,301.34324000010054,1.0,CLIENT,7,2,100000,13,36,0,2754,3517,941,210,239,635,37527.55200000002,28,False,False
142,7,894.6292847744662,123.89915999962028,1.0,CLIENT,7,2,100000,18,73,0,2610,3271,801,372,227,500,76097.53600000004,26,False,False
142,8,-669.6649524964733,393.18223999998537,1.0,CLIENT,7,2,100000,10,31,0,3119,3882,943,220,247,616,32315.392000000014,28,False,False
142,9,-321.1286630495235,-45.529880000530625,1.0,CLIENT,7,2,100000,14,34,0,3958,4409,823,836,249,532,35442.68800000002,29,False,False
142,10,378.2410868422676,-102.4144000000777,1.0,CLIENT,7,2,100000,12,36,0,3888,4370,828,808,253,532,37527.55200000002,29,False,False
142,11,-531.7554797856733,-205.27407999982216,1.0,CLIENT,7,2,100000,14,47,0,3526,3971,904,508,249,581,48994.304000000026,29,False,False
142,12,-593.2246071973204,-961.916120000483,1.0,CLIENT,7,2,100000,17,73,0,1922,2687,759,30,226,429,76097.53600000004,25,False,False
142,13,-430.6007430529541,-991.3045999998451,1.0,CLIENT,7,2,100000,18,72,0,2098,2858,760,90,228,446,75055.10400000004,24,False,False
142,14,88.08462587826156,-696.4179200000538,1.0,CLIENT,7,2,100000,14,121,0,3298,3833,663,659,242,342,126134.27200000007,29,False,False
142,15,-859.6964430377033,909.0391199995188,1.0,CLIENT,7,2,100000,9,184,0,2077,2499,661,16,226,328,191807.4880000001,25,False,False
142,16,755.4524073751551,944.5502000000331,1.0,CLIENT,7,2,100000,17,222,0,1996,2458,669,13,223,359,231419.90400000013,24,False,False
142,17,-783.0976721522753,485.0212399998702,1.0,CLIENT,7,2,100000,14,46,0,2676,3499,879,90,233,572,47951.872000000025,28,False,False
142,18,-511.0809407978973,215.18156000011942,1.0,CLIENT,7,2,100000,15,44,0,3679,4177,904,594,250,593,45867.00800000002,29,False,False
142,19,967.3466288003788,-43.5261200000528,1.0,CLIENT,7,2,100000,15,154,0,2404,3061,673,362,226,346,160534.52800000008,24,False,False
142,20,-876.331129579689,930.8578399998,1.0,CLIENT,7,2,100000,10,61,0,2133,2528,770,19,225,440,63588.352000000035,24,False,False
142,21,-6.257810651951174,396.18787999951564,1.0,CLIENT,7,2,100000,15,48,0,3996,4269,760,910,258,484,50036.736000000026,29,False,False
142,22,380.2214066687347,-36.624280000076794,1.0,CLIENT,7,2,100000,9,21,0,3859,4368,853,761,253,575,21891.072000000007,29,False,False
142,23,-2.1387454127420455,678.3840799997083,1.0,CLIENT,7,2,100000,14,53,0,3726,3996,741,717,257,419,55248.89600000003,29,False,False
142,24,-809.4755322403215,-863.731880000008,1.0,CLIENT,7,2,100000,11,213,0,1799,2398,611,19,227,315,222038.01600000012,23,False,False
142,25,-61.38991461879106,835.0113199997506,1.0,CLIENT,7,2,100000,12,93,0,3518,3889,735,553,251,391,96946.17600000005,28,False,False
142,26,-682.735063350368,87.94280000023008,1.0,CLIENT,7,2,100000,12,35,0,3456,3855,829,594,244,540,36485.12000000002,28,False,False
142,27,-958.8708599439552,-98.29556000019409,1.0,CLIENT,7,2,100000,13,115,0,2862,3428,745,416,236,398,119879.68000000007,25,False,False
142,28,623.6423197300312,217.85323999970188,1.0,CLIENT,7,2,100000,17,55,0,3246,3832,926,369,234,608,57333.76000000003,29,False,False
142,29,360.4182084046267,-6.2339200000803885,1.0,CLIENT,7,2,100000,12,25,0,3849,4362,847,773,252,576,26060.80000000001,29,False,False

143,0,991.5065306822642,150.50463999968088,1.0,CLIENT,7,2,100000,13,82,0,3134,3753,834,233,249,483,85479.42400000004,26,False,False
143,1,369.21082843416303,806.5133999997221,1.0,CLIENT,7,2,100000,15,37,0,3528,4238,915,253,253,608,38569.98400000002,28,False,False
143,2,862.7065291729876,281.528279999506,1.0,CLIENT,7,2,100000,11,31,0,3480,3952,912,278,254,583,32315.392000000014,28,False,False
143,3,418.4811857150206,605.3581599997835,1.0,CLIENT,7,2,100000,12,39,0,3919,4471,968,317,256,672,40654.84800000002,28,False,False
143,4,-382.20172649576455,-502.609800000549,1.0,CLIENT,7,2,100000,16,76,0,3220,4028,810,339,229,484,79224.83200000004,29,False,False
143,5,-831.9719654682897,-848.3697200000358,1.0,CLIENT,7,2,100000,10,216,0,1402,2148,439,24,213,198,225165.31200000012,20,False,False
143,6,354.7148873049193,818.0906799997583,1.0,CLIENT,7,2,100000,13,38,0,3563,4237,910,274,254,608,39612.41600000002,28,False,False
143,7,586.2538814074134,-701.204679999833,1.0,CLIENT,7,2,100000,19,203,0,2293,3443,535,115,216,270,211613.6960000001,28,False,False
143,8,-61.548340205066026,-256.59259999997545,1.0,CLIENT,7,2,100000,9,16,0,4348,4757,843,801,258,569,16678.912000000004,29,False,False
143,9,-846.4679065975333,824.5472400000676,1.0,CLIENT,7,2,100000,19,243,0,2290,3014,581,80,225,291,253310.97600000014,26,False,False
143,10,-914.670121418831,327.8373999996512,1.0,CLIENT,7,2,100000,12,105,0,2581,3426,774,196,234,421,109455.36000000006,27,False,False
143,11,-364.2996352652676,189.4666400001833,1.0,CLIENT,7,2,100000,14,22,0,4310,4721,895,745,255,616,22933.504000000008,29,False,False
143,12,-518.6853689312156,-106.53323999996132,1.0,CLIENT,7,2,100000,15,30,0,3752,4464,852,602,247,588,31272.960000000014,29,False,False
143,13,330.31734704334013,788.3682399996576,1.0,CLIENT,7,2,100000,17,44,0,3631,4316,914,286,252,613,45867.00800000002,28,False,False
143,14,-163.33677928175936,411.55003999948775,1.0,CLIENT,7,2,100000,14,23,0,4362,4742,902,721,258,607,23975.93600000001,29,False,False
143,15,518.7645817235089,83.26736000016979,1.0,CLIENT,7,2,100000,9,25,0,4187,4498,909,509,261,593,26060.80000000001,29,False,False
143,16,400.8959456565107,127.23875999988934,1.0,CLIENT,7,2,100000,15,37,0,4304,4636,889,620,256,598,38569.98400000002,29,False,False
143,17,228.92497193148992,999.5422799996123,1.0,CLIENT,7,2,100000,14,113,0,3195,3907,748,327,244,431,117794.81600000006,28,False,False
143,18,-329.0499423553918,-275.6283200001644,1.0,CLIENT,7,2,100000,15,47,0,3927,4582,821,661,245,536,48994.304000000026,29,False,False
143,19,699.7658138566342,90.61447999981254,1.0,CLIENT,7,2,100000,14,40,0,3877,4224,916,372,260,578,41697.28000000002,29,False,False
143,20,-285.5621189676605,391.0671599997886,1.0,CLIENT,7,2,100000,9,26,0,4210,4739,910,608,257,624,27103.23200000001,29,False,False
143,21,458.8004973800668,644.8767599996717,1.0,CLIENT,7,2,100000,17,34,0,3728,4357,958,246,254,656,35442.68800000002,28,False,False
143,22,-444.2253434585299,723.9139600002388,1.0,CLIENT,7,2,100000,10,38,0,3420,4068,915,224,248,577,39612.41600000002,29,False,False
143,23,447.7107063526391,-400.0840799999614,1.0,CLIENT,7,2,100000,14,18,0,3727,4379,891,369,259,609,18763.776000000005,29,False,False
143,24,-724.9554820495882,-106.53323999996132,1.0,CLIENT,7,2,100000,10,27,0,2905,3948,825,309,242,533,28145.66400000001,29,False,False
143,25,682.6558505569492,-228.09467999994695,1.0,CLIENT,7,2,100000,12,44,0,3704,4199,924,290,262,595,45867.00800000002,29,False,False
143,26,-112.32374055356576,584.3186799999078,1.0,CLIENT,7,2,100000,12,39,0,4221,4595,878,634,253,580,40654.84800000002,29,False,False
143,27,985.9616351682688,687.9576000000577,1.0,CLIENT,7,2,100000,13,219,0,2516,3266,666,27,240,338,228292.60800000012,26,False,False
143,28,-753.7889387218006,-338.524120000354,1.0,CLIENT,7,2,100000,17,108,0,2609,3477,787,174,228,449,112582.65600000006,28,False,False
143,29,581.025837065968,-560.7188400001684,1.0,CLIENT,7,2,100000,12,73,0,2848,3969,742,164,243,438,76097.53600000004,28,False,False

144,0,732.0846334235188,-955.0142800005071,1.0,CLIENT,7,2,100000,16,220,0,1224,2165,388,8,195,174,229335.04000000012,24,False,False
144,1,-258.8674077076272,734.044079999974,1.0,CLIENT,7,2,100000,15,93,0,3510,3785,878,282,243,501,96946.17600000005,28,False,False
144,2,510.9225152110594,41.188399999627165,1.0,CLIENT,7,2,100000,10,61,0,3656,4145,777,651,251,475,63588.352000000035,29,False,False
144,3,-197.71513146796715,-773.5626799998622,1.0,CLIENT,7,2,100000,12,47,0,3289,3689,955,299,246,652,48994.304000000026,29,False,False
144,4,-852.2504404906597,180.6723600002394,1.0,CLIENT,7,2,100000,16,72,0,3182,3671,842,161,243,525,75055.10400000004,28,False,False
144,5,114.93776272400702,824.8812000000155,1.0,CLIENT,7,2,100000,9,37,0,3259,3570,982,144,249,644,38569.98400000002,28,False,False
144,6,737.312677765527,834.5660400000838,1.0,CLIENT,7,2,100000,15,197,0,1837,2473,633,0,233,322,205359.1040000001,26,False,False
144,7,623.7215325228873,417.3386799999014,1.0,CLIENT,7,2,100000,18,60,0,2813,3545,884,100,240,593,62545.920000000035,29,False,False
144,8,222.6671612801016,476.44960000015516,1.0,CLIENT,7,2,100000,10,24,0,3581,4007,1015,237,252,704,25018.36800000001,29,False,False
144,9,-589.1847547515301,342.08636000006095,1.0,CLIENT,7,2,100000,16,46,0,3519,3943,890,284,254,586,47951.872000000025,29,False,False
144,10,-610.8098472558303,126.90479999994153,1.0,CLIENT,7,2,100000,12,44,0,3616,4012,936,327,253,619,45867.00800000002,29,False,False
144,11,103.76875890316042,-10.575400000192872,1.0,CLIENT,7,2,100000,13,18,0,4221,4328,770,1081,262,508,18763.776000000005,29,False,False
144,12,-832.5264550194078,149.16879999988964,1.0,CLIENT,7,2,100000,15,93,0,3237,3700,824,177,243,501,96946.17600000005,28,False,False
144,13,757.115876029635,591.9997599994983,1.0,CLIENT,7,2,100000,19,84,0,2182,2901,778,28,234,472,87564.28800000004,26,False,False
144,14,110.26420793367977,-934.6427200005269,1.0,CLIENT,7,2,100000,14,138,0,2574,3273,757,180,237,398,143855.61600000007,28,False,False
144,15,31.764330015203715,-27.38472000046613,1.0,CLIENT,7,2,100000,8,49,0,4284,4377,760,1077,262,475,51079.16800000003,29,False,False
144,16,257.1247262597283,983.2895599995157,1.0,CLIENT,7,2,100000,16,65,0,2729,3259,875,59,239,544,67758.08000000003,26,False,False
144,17,352.9722058575832,511.40407999970193,1.0,CLIENT,7,2,100000,13,29,0,3305,3854,1012,136,251,720,30230.528000000013,29,False,False
144,18,-142.4246019148523,23.154560000072593,1.0,CLIENT,7,2,100000,14,24,0,4108,4305,891,845,262,615,25018.36800000001,29,False,False
144,19,-599.7200562278397,217.9645600002118,1.0,CLIENT,7,2,100000,14,29,0,3607,4017,918,341,259,600,30230.528000000013,29,False,False
144,20,-641.782049340222,-412.21796000017434,1.0,CLIENT,7,2,100000,10,27,0,3222,3671,987,157,251,673,28145.66400000001,29,False,False
144,21,-431.78893494860927,150.281999999452,1.0,CLIENT,7,2,100000,15,27,0,3843,4150,953,501,259,673,28145.66400000001,29,False,False
144,22,-791.9695049746678,-540.2359600004693,1.0,CLIENT,7,2,100000,10,42,0,3021,3357,938,77,245,596,43782.14400000002,27,False,False
144,23,-347.1896719650198,-412.1066400004554,1.0,CLIENT,7,2,100000,14,21,0,3663,4045,1029,388,253,729,21891.072000000007,29,False,False
144,24,-633.2270676903796,-404.09160000012605,1.0,CLIENT,7,2,100000,10,35,0,3287,3719,982,182,248,656,36485.12000000002,29,False,False
144,25,260.84772753353144,959.6897199997763,1.0,CLIENT,7,2,100000,13,78,0,2749,3263,871,63,241,527,81309.69600000004,27,False,False
144,26,-834.982051604137,-545.3566800001963,1.0,CLIENT,7,2,100000,12,92,0,2969,3278,876,79,241,487,95903.74400000005,27,False,False
144,27,-346.47675682762673,-176.55352000035577,1.0,CLIENT,7,2,100000,11,21,0,3840,4213,963,520,257,680,21891.072000000007,29,False,False
144,28,-649.3864774741032,-990.7480000004593,1.0,CLIENT,7,2,100000,17,178,0,2444,3060,724,76,235,375,185552.8960000001,24,False,False
144,29,-219.2610111794112,-174.54975999987795,1.0,CLIENT,7,2,100000,12,28,0,3982,4296,929,673,256,662,29188.096000000012,29,False,False

145,0,562.3316179046591,305.46207999998416,1.0,CLIENT,7,2,100000,13,34,0,3664,4294,920,549,249,629,35442.68800000002,29,False,False
145,1,-108.12546252206342,76.81079999986054,1.0,CLIENT,7,2,100000,12,51,0,4221,4509,679,1161,256,391,53164.03200000003,29,False,False
145,2,237.40074078847638,29.27715999964306,1.0,CLIENT,7,2,100000,9,15,0,4333,4536,732,1265,260,471,15636.480000000005,29,False,False
145,3,-600.1161201932458,832.6736000001159,1.0,CLIENT,7,2,100000,13,41,0,2150,2806,847,54,242,539,42739.71200000002,27,False,False
145,4,316.6927466377644,-467.0987200000346,1.0,CLIENT,7,2,100000,16,41,0,3407,3977,885,389,245,570,42739.71200000002,29,False,False
145,5,-370.399020330381,-710.6668800004636,1.0,CLIENT,7,2,100000,10,225,0,2322,3153,608,113,235,314,234547.20000000013,27,False,False
145,6,283.6610119334867,442.83095999960864,1.0,CLIENT,7,2,100000,12,21,0,4059,4463,834,914,254,553,21891.072000000007,29,False,False
145,7,-741.273317419024,647.2144800000973,1.0,CLIENT,7,2,100000,18,67,0,2215,2911,839,93,235,530,69842.94400000003,27,False,False
145,8,383.38991839085685,539.011439999606,1.0,CLIENT,7,2,100000,9,31,0,3717,4372,894,609,255,594,32315.392000000014,29,False,False
145,9,966.8713520421169,726.1403600001546,1.0,CLIENT,7,2,100000,18,95,0,2292,3069,715,60,223,398,99031.04000000005,27,False,False
145,10,-730.2627391838896,586.9903599994902,1.0,CLIENT,7,2,100000,12,69,0,2314,3000,846,125,243,514,71927.80800000003,28,False,False
145,11,431.31365818978435,-553.8170000001924,1.0,CLIENT,7,2,100000,14,45,0,3251,3667,910,302,250,575,46909.440000000024,29,False,False
145,12,446.83936562897105,-489.91932000015936,1.0,CLIENT,7,2,100000,15,36,0,3344,3803,930,323,249,611,37527.55200000002,29,False,False
145,13,-909.0460131114166,436.26307999958044,1.0,CLIENT,7,2,100000,18,89,0,2066,2794,782,152,238,458,92776.44800000005,25,False,False
145,14,-953.088326050829,617.4920399999965,1.0,CLIENT,7,2,100000,14,135,0,1728,2371,702,57,237,363,140728.32000000007,22,False,False
145,15,968.376395109759,822.4321599998709,1.0,CLIENT,7,2,100000,9,175,0,2025,2805,617,28,224,309,182425.6000000001,25,False,False
145,16,-355.58622802915016,999.0969999999456,1.0,CLIENT,7,2,100000,17,172,0,2126,2851,711,112,237,358,179298.3040000001,27,False,False
145,17,295.3052925125953,-602.0185600003055,1.0,CLIENT,7,2,100000,14,36,0,3210,3695,912,284,249,570,37527.55200000002,29,False,False
145,18,183.37761592443553,922.397519999804,1.0,CLIENT,7,2,100000,15,111,0,2877,3607,772,400,247,451,115709.95200000006,29,False,False
145,19,-642.415751684759,-297.2244000002169,1.0,CLIENT,7,2,100000,14,114,0,2949,3628,728,336,249,389,118837.24800000007,28,False,False
145,20,217.12226576610632,-634.0787200000409,1.0,CLIENT,7,2,100000,10,45,0,3112,3587,910,242,252,577,46909.440000000024,29,False,False
145,21,350.4373964794352,-256.1473200003087,1.0,CLIENT,7,2,100000,15,21,0,3742,4261,892,647,258,600,21891.072000000007,29,False,False
145,22,716.40050039862,-622.6127600005145,1.0,CLIENT,7,2,100000,10,36,0,2968,3436,912,172,254,584,37527.55200000002,24,False,False
145,23,-467.35547903103503,-435.37252000024694,1.0,CLIENT,7,2,100000,14,24,0,2994,3725,836,338,257,543,25018.36800000001,29,False,False
145,24,-147.09815670517955,751.7439599995807,1.0,CLIENT,7,2,100000,10,17,0,3155,3943,934,458,267,629,17721.344000000005,29,False,False
145,25,957.6826680471744,-28.60924000053842,1.0,CLIENT,7,2,100000,13,142,0,3093,3489,735,346,242,372,148025.34400000007,27,False,False
145,26,859.3795918645903,-848.5923600002648,1.0,CLIENT,7,2,100000,13,199,0,2115,2848,621,52,237,300,207443.9680000001,23,False,False
145,27,976.2976744156273,470.3269999997937,1.0,CLIENT,7,2,100000,13,34,0,2900,3394,854,183,243,557,35442.68800000002,28,False,False
145,28,379.66691711761655,-382.0502400004068,1.0,CLIENT,7,2,100000,17,39,0,3481,4016,907,448,254,590,40654.84800000002,29,False,False
145,29,940.2558535749396,237.66819999950542,1.0,CLIENT,7,2,100000,12,42,0,3242,3558,911,291,244,585,43782.14400000002,28,False,False

146,0,-290.15646096456885,-258.26240000050547,1.0,CLIENT,7,2,100000,13,44,0,3937,4540,785,758,249,507,45867.00800000002,29,False,False
146,1,907.3825444569367,-190.02324000035998,1.0,CLIENT,7,2,100000,15,108,0,2784,3617,768,194,225,428,112582.65600000006,26,False,False
146,2,166.5845037967376,549.5868399997988,1.0,CLIENT,7,2,100000,10,20,0,4013,4294,1018,449,271,703,20848.640000000007,29,False,False
146,3,-112.00688938157867,-61.337320000169484,1.0,CLIENT,7,2,100000,11,27,0,4456,4650,790,1079,251,526,28145.66400000001,29,False,False
146,4,-679.566551628246,147.27635999992174,1.0,CLIENT,7,2,100000,16,63,0,3584,4040,880,376,235,567,65673.21600000003,29,False,False
146,5,-667.0509303254693,-261.0453999998069,1.0,CLIENT,7,2,100000,9,43,0,3223,3921,848,247,235,547,44824.57600000002,29,False,False
146,6,411.19360875368926,-264.83028000053366,1.0,CLIENT,7,2,100000,13,57,0,3833,4296,900,468,253,568,59418.62400000003,29,False,False
146,7,146.4644543600797,884.6600400001648,1.0,CLIENT,7,2,100000,18,63,0,3489,3887,891,270,249,580,65673.21600000003,28,False,False
146,8,-921.4824216213373,828.7773999996703,1.0,CLIENT,7,2,100000,11,116,0,2850,3284,818,60,238,450,120922.11200000007,24,False,False
146,9,-128.8000015092766,549.8094800000276,1.0,CLIENT,7,2,100000,14,32,0,3915,4216,939,480,256,649,33357.824000000015,29,False,False
146,10,-901.6000105643734,-796.8285600004447,1.0,CLIENT,7,2,100000,12,207,0,1372,1964,380,1,188,170,215783.42400000012,23,False,False
146,11,33.50701146253977,495.81927999950096,1.0,CLIENT,7,2,100000,14,27,0,4086,4340,949,573,262,653,28145.66400000001,29,False,False
146,12,674.3385072856748,-924.8465599999486,1.0,CLIENT,7,2,100000,18,190,0,1431,2190,480,10,211,203,198062.0800000001,24,False,False
146,13,-27.407626397989244,18.70175999945019,1.0,CLIENT,7,2,100000,14,20,0,4449,4626,800,1084,254,537,20848.640000000007,29,False,False
146,14,-747.0558513121504,855.4942000002407,1.0,CLIENT,7,2,100000,14,54,0,3120,3502,914,94,237,549,56291.32800000003,25,False,False
146,15,470.3655651663194,928.4087999996555,1.0,CLIENT,7,2,100000,9,79,0,2968,3711,783,88,238,471,82352.12800000004,28,False,False
146,16,660.793119673518,-590.8865599999359,1.0,CLIENT,7,2,100000,16,55,0,2447,3361,792,87,225,510,57333.76000000003,26,False,False
146,17,-415.3918867863173,36.290320000128986,1.0,CLIENT,7,2,100000,12,18,0,4060,4485,872,673,253,592,18763.776000000005,29,False,False
146,18,-404.2228829654707,114.21431999955189,1.0,CLIENT,7,2,100000,15,38,0,4014,4438,907,605,251,613,39612.41600000002,29,False,False
146,19,478.76212123044974,57.66375999995262,1.0,CLIENT,7,2,100000,13,32,0,3968,4284,898,535,261,574,33357.824000000015,29,False,False
146,20,-894.5500719821731,-83.15604000045084,1.0,CLIENT,7,2,100000,11,127,0,2789,3521,720,201,229,361,132388.86400000006,28,False,False
146,21,34.93284173732591,977.2782799996642,1.0,CLIENT,7,2,100000,17,68,0,3411,3796,854,270,247,532,70885.37600000003,27,False,False
146,22,703.6472407167123,459.0836799997052,1.0,CLIENT,7,2,100000,10,39,0,3493,3947,912,221,251,574,40654.84800000002,28,False,False
146,23,801.8711041058774,596.3412399996107,1.0,CLIENT,7,2,100000,14,144,0,3023,3626,759,137,236,388,150110.20800000007,28,False,False
146,24,473.2964385098733,-602.90912000043,1.0,CLIENT,7,2,100000,10,27,0,2820,3698,844,148,241,553,28145.66400000001,28,False,False
146,25,975.5847592782343,-604.3562799999402,1.0,CLIENT,7,2,100000,13,120,0,1653,2456,639,35,218,321,125091.84000000007,25,False,False
146,26,-159.53456521510014,625.3957599998159,1.0,CLIENT,7,2,100000,12,40,0,3855,4142,953,414,253,655,41697.28000000002,29,False,False
146,27,-857.7161232112361,768.7759200000829,1.0,CLIENT,7,2,100000,13,120,0,2989,3370,845,74,238,507,125091.84000000007,25,False,False
146,28,113.27429407008985,916.8315199996192,1.0,CLIENT,7,2,100000,17,79,0,3455,3846,877,249,249,552,82352.12800000004,27,False,False
146,29,74.85608943752898,493.8155199998141,1.0,CLIENT,7,2,100000,12,25,0,4069,4340,982,534,262,693,26060.80000000001,29,False,False

147,0,785.6324815298605,-674.1539200001057,1.0,CLIENT,7,2,100000,14,166,0,2484,2994,730,31,236,379,173043.7120000001,25,False,False
147,1,-613.8199333916775,822.320840000152,1.0,CLIENT,7,2,100000,15,65,0,2781,3389,804,172,234,497,67758.08000000003,25,False,False
147,2,525.2600307545911,803.8417200001396,1.0,CLIENT,7,2,100000,12,59,0,2780,3685,756,156,234,448,61503.488000000034,28,False,False
147,3,-712.8359247116547,285.75843999989957,1.0,CLIENT,7,2,100000,12,46,0,3051,3865,881,208,242,587,47951.872000000025,29,False,False
147,4,544.191888295031,308.91299999997216,1.0,CLIENT,7,2,100000,16,40,0,3660,4289,914,441,255,614,41697.28000000002,29,False,False
147,5,-276.6110733518492,-889.0015200002773,1.0,CLIENT,7,2,100000,9,92,0,2623,3431,775,267,232,426,95903.74400000005,28,False,False
147,6,854.4683986951321,-127.23875999988934,1.0,CLIENT,7,2,100000,14,128,0,3130,3568,768,322,243,412,133431.29600000006,29,False,False
147,7,914.1948446594432,-668.476600000202,1.0,CLIENT,7,2,100000,19,76,0,2317,2864,781,13,232,457,79224.83200000004,25,False,False
147,8,928.453147409556,-549.9208000005376,1.0,CLIENT,7,2,100000,10,34,0,2463,3086,832,33,241,508,35442.68800000002,25,False,False
147,9,-78.89594188388205,-201.48919999988635,1.0,CLIENT,7,2,100000,13,18,0,4377,4665,748,1192,247,490,18763.776000000005,29,False,False
147,10,-112.48216613984073,-236.22103999999524,1.0,CLIENT,7,2,100000,11,24,0,4295,4647,747,1143,251,481,25018.36800000001,29,False,False
147,11,500.54563932102485,-971.7122800002704,1.0,CLIENT,7,2,100000,15,98,0,2416,3025,783,93,237,452,102158.33600000005,25,False,False
147,12,-665.0706104990021,337.5222399997196,1.0,CLIENT,7,2,100000,15,45,0,3124,3899,883,219,240,585,46909.440000000024,29,False,False
147,13,-687.0125541752893,-184.56855999989415,1.0,CLIENT,7,2,100000,19,164,0,3072,3775,666,430,227,344,170958.8480000001,29,False,False
147,14,-360.1805700260585,70.79952000000901,1.0,CLIENT,7,2,100000,14,13,0,4022,4518,897,764,257,619,13551.616000000004,29,False,False
147,15,-746.4221489676133,835.5679199999272,1.0,CLIENT,7,2,100000,9,51,0,2363,3183,767,90,237,465,53164.03200000003,24,False,False
147,16,182.42706240791145,764.5457599996894,1.0,CLIENT,7,2,100000,15,61,0,3460,3906,899,307,240,579,63588.352000000035,28,False,False
147,17,550.7665501184065,204.60615999992655,1.0,CLIENT,7,2,100000,12,20,0,3707,4288,914,506,259,623,20848.640000000007,29,False,False
147,18,275.2644558693563,-810.07564000022,1.0,CLIENT,7,2,100000,15,69,0,3067,3461,857,346,243,538,71927.80800000003,28,False,False
147,19,-325.8022178398507,-385.61248000011375,1.0,CLIENT,7,2,100000,13,33,0,3795,4382,856,727,251,578,34400.256000000016,29,False,False
147,20,-116.44280579277489,-122.56331999982905,1.0,CLIENT,7,2,100000,8,12,0,4480,4686,746,1261,254,482,12509.184000000003,29,False,False
147,21,277.4824140749544,-562.9452400000841,1.0,CLIENT,7,2,100000,16,34,0,3345,4056,953,399,250,634,35442.68800000002,29,False,False
147,22,-847.2600345277826,-941.5445600005029,1.0,CLIENT,7,2,100000,10,229,0,1667,2200,494,22,217,254,238716.92800000013,25,False,False
147,23,477.17786536938866,826.9962800002122,1.0,CLIENT,7,2,100000,14,51,0,2817,3633,795,164,237,490,53164.03200000003,28,False,False
147,24,-736.8374010078279,741.2798799998978,1.0,CLIENT,7,2,100000,10,147,0,2511,3274,717,73,237,399,153237.50400000007,25,False,False
147,25,623.8799581091622,156.8498799994802,1.0,CLIENT,7,2,100000,12,40,0,3543,4121,849,462,261,536,41697.28000000002,29,False,False
147,26,643.5247307869953,835.9018799998751,1.0,CLIENT,7,2,100000,12,204,0,2160,3285,536,55,218,268,212656.1280000001,27,False,False
147,27,229.40024868975198,193.02887999989025,1.0,CLIENT,7,2,100000,10,35,0,4331,4534,788,1016,258,508,36485.12000000002,29,False,False
147,28,-412.30258785705115,542.0170799999272,1.0,CLIENT,7,2,100000,17,50,0,3532,3920,937,293,237,636,52121.60000000003,29,False,False
147,29,-858.0329743832232,578.1960799995463,1.0,CLIENT,7,2,100000,12,68,0,2447,3201,765,25,229,474,70885.37600000003,25,False,False

148,0,-825.7933676097574,-905.4768799998118,1.0,CLIENT,7,2,100000,16,230,0,1722,2287,513,10,210,270,239759.36000000013,25,False,False
148,1,-230.82607896566378,737.7176400001908,1.0,CLIENT,7,2,100000,15,39,0,3647,4058,964,224,248,646,40654.84800000002,28,False,False
148,2,659.92177894985,353.32968000014944,1.0,CLIENT,7,2,100000,11,40,0,3521,4211,868,250,249,560,41697.28000000002,28,False,False
148,3,-477.9699933007635,260.6001200001401,1.0,CLIENT,7,2,100000,12,36,0,4085,4467,988,491,249,691,37527.55200000002,28,False,False
148,4,491.43616811950136,-526.6549199999552,1.0,CLIENT,7,2,100000,16,43,0,3141,4045,914,284,246,605,44824.57600000002,29,False,False
148,5,123.3343187881374,726.8082800000502,1.0,CLIENT,7,2,100000,9,33,0,3596,4124,930,277,254,612,34400.256000000016,28,False,False
148,6,617.4637218714989,-842.8037199998511,1.0,CLIENT,7,2,100000,14,46,0,1978,2826,782,60,233,458,47951.872000000025,27,False,False
148,7,753.7097259278189,-598.3450000000886,1.0,CLIENT,7,2,100000,18,60,0,2358,3141,851,94,234,520,62545.920000000035,27,False,False
148,8,-962.1185844589335,-177.889360000147,1.0,CLIENT,7,2,100000,10,114,0,2954,3687,765,224,240,400,118837.24800000007,28,False,False
148,9,996.7345750242723,-982.5103199999012,1.0,CLIENT,7,2,100000,19,241,0,1039,1583,484,2,220,216,251226.11200000014,17,False,False
148,10,581.5011138242301,582.5375599996587,1.0,CLIENT,7,2,100000,12,125,0,3247,4015,804,140,244,465,130304.00000000007,28,False,False
148,11,-652.8718403682126,282.5301600001404,1.0,CLIENT,7,2,100000,14,35,0,3797,4256,974,332,248,661,36485.12000000002,28,False,False
148,12,-358.9923781304034,132.24815999989744,1.0,CLIENT,7,2,100000,15,31,0,4341,4562,916,755,256,629,32315.392000000014,29,False,False
148,13,284.8492038291418,565.2829599997187,1.0,CLIENT,7,2,100000,17,45,0,3815,4284,921,346,249,618,46909.440000000024,29,False,False
148,14,-59.01353082691799,491.36647999966954,1.0,CLIENT,7,2,100000,14,19,0,4089,4362,1004,469,256,710,19806.208000000006,29,False,False
148,15,-44.51758969767425,922.8427999994708,1.0,CLIENT,7,2,100000,9,46,0,3255,3816,901,126,246,578,47951.872000000025,27,False,False
148,16,-160.4059059387682,-482.4608800000067,1.0,CLIENT,7,2,100000,15,33,0,3862,4617,843,643,258,570,34400.256000000016,29,False,False
148,17,809.3171066534836,-15.584800000200971,1.0,CLIENT,7,2,100000,14,198,0,3262,3850,701,338,238,364,206401.5360000001,29,False,False
148,18,-457.6915182783934,989.9687600000539,1.0,CLIENT,7,2,100000,15,72,0,3006,3545,829,92,234,520,75055.10400000004,25,False,False
148,19,-763.1360483024552,-65.90144000051083,1.0,CLIENT,7,2,100000,14,54,0,3646,4121,792,475,243,490,56291.32800000003,28,False,False
148,20,-108.28388810777554,128.12932000001382,1.0,CLIENT,7,2,100000,8,28,0,4482,4683,819,894,259,538,29188.096000000012,29,False,False
148,21,63.21180885842034,578.7526799997229,1.0,CLIENT,7,2,100000,16,31,0,3957,4296,968,395,254,669,32315.392000000014,29,False,False
148,22,-362.0024642662506,-391.84640000019414,1.0,CLIENT,7,2,100000,9,20,0,3873,4648,960,458,262,657,20848.640000000007,29,False,False
148,23,-135.8499400914769,746.8458800000826,1.0,CLIENT,7,2,100000,14,43,0,3602,4051,963,224,251,641,44824.57600000002,28,False,False
148,24,-44.99286645593629,-256.0359999997988,1.0,CLIENT,7,2,100000,9,15,0,4488,4783,786,1030,266,511,15636.480000000005,29,False,False
148,25,146.38524156722363,-690.5179599999212,1.0,CLIENT,7,2,100000,11,107,0,3313,4097,677,670,245,389,111540.22400000006,29,False,False
148,26,-725.1139076353003,837.794319999843,1.0,CLIENT,7,2,100000,12,199,0,2963,3456,736,62,234,406,207443.9680000001,26,False,False
148,27,-866.1126792753664,-246.35116000052136,1.0,CLIENT,7,2,100000,13,64,0,3105,3844,848,231,234,513,66715.64800000003,28,False,False
148,28,29.229520637618524,181.11763999990615,1.0,CLIENT,7,2,100000,17,38,0,4409,4631,880,775,259,587,39612.41600000002,29,False,False
148,29,-140.20664370981706,805.5115199998786,1.0,CLIENT,7,2,100000,12,25,0,3525,4002,976,199,249,657,26060.80000000001,28,False,False

149,0,980.9712292059546,873.0827600001285,1.0,CLIENT,7,2,100000,15,213,0,1523,2399,538,2,216,271,222038.01600000012,25,False,False
149,1,-92.67896787573272,-368.35788000017374,1.0,CLIENT,7,2,100000,14,33,0,4029,4392,905,719,250,613,34400.256000000016,29,False,False
149,2,230.35080220683892,-556.043400000108,1.0,CLIENT,7,2,100000,10,28,0,3767,4039,922,520,251,623,29188.096000000012,29,False,False
149,3,-338.1594135563524,-979.7273199998087,1.0,CLIENT,7,2,100000,12,51,0,2818,3323,857,151,235,569,53164.03200000003,27,False,False
149,4,133.47355629904098,390.95584000006966,1.0,CLIENT,7,2,100000,15,48,0,3846,4304,811,701,247,531,50036.736000000026,29,False,False
149,5,-291.8199296190489,855.3828799997308,1.0,CLIENT,7,2,100000,9,73,0,2771,3467,865,219,252,476,76097.53600000004,26,False,False
149,6,-130.78032133574368,121.33879999975676,1.0,CLIENT,7,2,100000,12,18,0,4102,4537,871,823,260,589,18763.776000000005,29,False,False
149,7,401.4504352076288,-597.7883999999119,1.0,CLIENT,7,2,100000,17,35,0,3645,3953,990,369,240,696,36485.12000000002,29,False,False
149,8,544.429526674162,211.17403999995474,1.0,CLIENT,7,2,100000,9,26,0,3869,4300,893,613,249,603,27103.23200000001,29,False,False
149,9,322.5544933237467,791.15123999975,1.0,CLIENT,7,2,100000,16,72,0,3206,3710,901,294,243,559,75055.10400000004,28,False,False
149,10,-36.91316156435583,-134.3632400000942,1.0,CLIENT,7,2,100000,12,16,0,4281,4549,801,1035,260,526,16678.912000000004,29,False,False
149,11,179.0209123060954,-354.33155999999286,1.0,CLIENT,7,2,100000,14,21,0,3962,4379,864,730,249,594,21891.072000000007,29,False,False
149,12,737.6295289375141,-906.9240400001129,1.0,CLIENT,7,2,100000,16,85,0,2641,3297,759,108,229,453,88606.72000000004,25,False,False
149,13,161.11882107559842,-103.86156000037886,1.0,CLIENT,7,2,100000,14,21,0,4258,4583,807,1012,251,537,21891.072000000007,29,False,False
149,14,-849.5572055262367,720.5743599999698,1.0,CLIENT,7,2,100000,15,211,0,1732,2380,592,4,232,294,219953.15200000012,25,False,False
149,15,-433.61082918936415,-838.3509200000196,1.0,CLIENT,7,2,100000,9,40,0,2892,3505,878,108,242,572,41697.28000000002,27,False,False
149,16,221.0829054190405,-947.2218800004066,1.0,CLIENT,7,2,100000,15,107,0,3119,3578,849,248,231,496,111540.22400000006,25,False,False
149,17,438.9972991165217,-281.30564000006814,1.0,CLIENT,7,2,100000,12,22,0,3907,4339,952,599,251,663,22933.504000000008,29,False,False
149,18,-53.78548648547265,273.51323999996765,1.0,CLIENT,7,2,100000,15,34,0,3935,4427,888,695,255,613,35442.68800000002,29,False,False
149,19,-720.994842396654,590.8865599999359,1.0,CLIENT,7,2,100000,15,56,0,2310,3139,806,26,239,470,58376.19200000003,26,False,False
149,20,165.87158865878172,-343.4221999998522,1.0,CLIENT,7,2,100000,9,19,0,3990,4427,869,718,250,599,19806.208000000006,29,False,False
149,21,-626.8900442461352,-14.582920000357547,1.0,CLIENT,7,2,100000,18,173,0,3462,3948,666,519,237,325,180340.7360000001,29,False,False
149,22,735.33235793906,75.92023999973605,1.0,CLIENT,7,2,100000,10,136,0,3630,4019,704,540,237,395,141770.75200000007,29,False,False
149,23,738.5800824546011,399.75012000001357,1.0,CLIENT,7,2,100000,14,38,0,3325,3925,902,206,244,603,39612.41600000002,29,False,False
149,24,438.9972991165217,-958.1312400005472,1.0,CLIENT,7,2,100000,10,38,0,2965,3522,888,207,238,587,39612.41600000002,24,False,False
149,25,782.4639698071754,932.9729199999969,1.0,CLIENT,7,2,100000,13,74,0,1987,2806,737,24,222,389,77139.96800000004,24,False,False
149,26,-609.3048041876252,-955.9048399998405,1.0,CLIENT,7,2,100000,12,215,0,2289,2880,609,27,231,311,224122.88000000012,26,False,False
149,27,107.25412179783254,568.9565199999356,1.0,CLIENT,7,2,100000,11,50,0,3695,4017,816,589,247,523,52121.60000000003,29,False,False
149,28,894.7084975678852,-845.2527599999956,1.0,CLIENT,7,2,100000,17,193,0,2338,3033,626,33,221,326,201189.3760000001,25,False,False
149,29,-484.3070167450079,906.3674399999363,1.0,CLIENT,7,2,100000,12,52,0,2176,3045,791,66,238,472,54206.46400000003,25,False,False

150,0,202.15104787860054,387.2822799998528,1.0,CLIENT,7,2,100000,13,22,0,4105,4671,946,560,249,671,22933.504000000008,29,False,False
150,1,135.53308891836414,658.3464799996759,1.0,CLIENT,7,2,100000,15,31,0,3227,4031,901,277,244,620,32315.392000000014,29,False,False
150,2,-424.6597835735529,-209.61555999993465,1.0,CLIENT,7,2,100000,11,44,0,3558,4431,891,383,246,579,45867.00800000002,29,False,False
150,3,363.34908174761784,183.34403999982186,1.0,CLIENT,7,2,100000,12,32,0,4386,4798,933,629,262,657,33357.824000000015,29,False,False
150,4,966.3960752832918,-249.13415999982277,1.0,CLIENT,7,2,100000,16,65,0,3692,4299,879,244,249,555,67758.08000000003,27,False,False
150,5,827.8529002285178,-579.5319200001285,1.0,CLIENT,7,2,100000,9,24,0,3369,4137,947,120,255,630,25018.36800000001,27,False,False
150,6,304.9692532652369,-494.92872000016746,1.0,CLIENT,7,2,100000,13,40,0,4126,4535,936,401,255,627,41697.28000000002,29,False,False
150,7,767.4927519196697,-435.37252000024694,1.0,CLIENT,7,2,100000,18,46,0,3841,4375,971,243,250,670,47951.872000000025,28,False,False
150,8,422.2833997816798,757.3099599997656,1.0,CLIENT,7,2,100000,10,51,0,2935,3740,827,95,242,523,53164.03200000003,29,False,False
150,9,428.14514646766213,954.3463599998205,1.0,CLIENT,7,2,100000,18,194,0,2334,3056,564,29,213,276,202231.8080000001,27,False,False
150,10,-995.1503191637742,155.2913999994601,1.0,CLIENT,7,2,100000,12,191,0,1602,2463,598,53,230,300,199104.5120000001,22,False,False
150,11,504.26864059426515,101.85779999990103,1.0,CLIENT,7,2,100000,14,31,0,4353,4674,930,588,261,648,32315.392000000014,29,False,False
150,12,516.9426874833167,926.6276800001975,1.0,CLIENT,7,2,100000,16,95,0,2461,3198,669,18,218,394,99031.04000000005,27,False,False
150,13,858.7458895206163,-696.4179200000538,1.0,CLIENT,7,2,100000,18,60,0,2960,3775,853,65,243,551,62545.920000000035,27,False,False
150,14,956.8905401169253,-668.1426400002542,1.0,CLIENT,7,2,100000,14,57,0,2784,3645,811,31,242,511,59418.62400000003,27,False,False
150,15,666.1003768078194,-761.540120000159,1.0,CLIENT,7,2,100000,9,23,0,3271,3896,979,125,255,651,23975.93600000001,28,False,False
150,16,276.05658380016826,502.609799999758,1.0,CLIENT,7,2,100000,15,36,0,3755,4461,947,347,247,662,37527.55200000002,29,False,False
150,17,-258.8674077076272,-771.8928800001231,1.0,CLIENT,7,2,100000,14,76,0,2937,3959,796,272,248,486,79224.83200000004,29,False,False
150,18,216.6469890078443,600.2374400000565,1.0,CLIENT,7,2,100000,15,34,0,3467,4207,915,309,243,640,35442.68800000002,29,False,False
150,19,-483.99016557302076,-668.2539599999732,1.0,CLIENT,7,2,100000,17,175,0,2337,3726,613,197,223,294,182425.6000000001,29,False,False
150,20,875.2221504757642,-458.1931200003717,1.0,CLIENT,7,2,100000,10,28,0,3540,4248,940,143,256,642,29188.096000000012,27,False,False
150,21,-80.0841337801,45.52987999973965,1.0,CLIENT,7,2,100000,14,38,0,4507,4798,742,1006,248,465,39612.41600000002,29,False,False
150,22,740.5604022805053,-286.8716400002529,1.0,CLIENT,7,2,100000,10,34,0,4182,4516,963,388,259,645,35442.68800000002,29,False,False
150,23,330.7926238016022,-607.3619200002613,1.0,CLIENT,7,2,100000,14,47,0,3853,4348,950,287,255,601,48994.304000000026,29,False,False
150,24,950.632729465537,-977.9462000003508,1.0,CLIENT,7,2,100000,10,169,0,2150,2864,604,7,235,314,176171.0080000001,25,False,False
150,25,551.7963164283494,-994.4215599998853,1.0,CLIENT,7,2,100000,13,77,0,2816,3424,874,112,250,534,80267.26400000004,25,False,False
150,26,-863.6570826906373,607.4732399999803,1.0,CLIENT,7,2,100000,12,181,0,1859,2704,588,52,226,267,188680.1920000001,20,False,False
150,27,530.4880750960364,364.461679999728,1.0,CLIENT,7,2,100000,12,38,0,3920,4519,961,261,253,652,39612.41600000002,29,False,False
150,28,-158.8216500777071,13.80367999995201,1.0,CLIENT,7,2,100000,17,61,0,4372,4740,775,884,244,498,63588.352000000035,29,False,False
150,29,105.1153763850905,620.1637199995789,1.0,CLIENT,7,2,100000,12,31,0,3351,4144,921,333,247,632,32315.392000000014,29,False,False

151,0,643.4455179941392,-394.1841199998288,1.0,CLIENT,7,2,100000,13,73,0,3124,3653,851,312,252,514,76097.53600000004,28,False,False
151,1,-102.50135421464924,-776.9022800001312,1.0,CLIENT,7,2,100000,15,48,0,2859,3613,913,153,241,594,50036.736000000026,28,False,False
151,2,328.337027216873,517.9719599997302,1.0,CLIENT,7,2,100000,10,43,0,3642,4262,886,571,253,569,44824.57600000002,29,False,False
151,3,-143.05830425938933,475.8929999999785,1.0,CLIENT,7,2,100000,12,27,0,3960,4433,879,787,258,590,28145.66400000001,29,False,False
151,4,864.1323594483365,811.5227999997302,1.0,CLIENT,7,2,100000,16,99,0,2144,2717,706,43,218,400,103200.76800000005,26,False,False
151,5,95.13456445989902,-894.90148000041,1.0,CLIENT,7,2,100000,9,35,0,2437,3210,856,121,241,563,36485.12000000002,27,False,False
151,6,-647.0893064750862,729.3686399999137,1.0,CLIENT,7,2,100000,14,47,0,2510,3219,794,62,238,491,48994.304000000026,29,False,False
151,7,-199.14096174331615,-979.9499600000377,1.0,CLIENT,7,2,100000,19,164,0,1935,2916,659,54,224,342,170958.8480000001,26,False,False
151,8,815.5749173048722,53.21096000012119,1.0,CLIENT,7,2,100000,10,52,0,2881,3568,818,243,239,492,54206.46400000003,29,False,False
151,9,732.0846334235188,50.316639999518884,1.0,CLIENT,7,2,100000,16,63,0,3025,3845,821,315,241,498,65673.21600000003,29,False,False
151,10,-451.5921332127172,727.8101599998936,1.0,CLIENT,7,2,100000,12,35,0,2814,3578,883,193,245,587,36485.12000000002,29,False,False
151,11,20.51611340093822,-462.5346000004842,1.0,CLIENT,7,2,100000,14,32,0,3690,4154,989,411,254,658,33357.824000000015,29,False,False
151,12,-799.8115714871171,450.2893999997613,1.0,CLIENT,7,2,100000,16,75,0,2775,3329,807,114,240,480,78182.40000000004,29,False,False
151,13,-723.1335878088332,950.004879999708,1.0,CLIENT,7,2,100000,19,213,0,2150,2601,576,11,221,280,222038.01600000012,23,False,False
151,14,-638.4551120323878,-647.1031600003784,1.0,CLIENT,7,2,100000,14,122,0,2565,3434,751,165,241,412,127176.70400000007,27,False,False
151,15,469.73186282234514,-798.1644000002359,1.0,CLIENT,7,2,100000,9,103,0,2459,3196,766,186,241,409,107370.49600000006,28,False,False
151,16,-316.8511722246022,-616.2675199999242,1.0,CLIENT,7,2,100000,15,48,0,3177,3864,893,269,246,571,50036.736000000026,29,False,False
151,17,-90.3025840844225,260.93408000008793,1.0,CLIENT,7,2,100000,11,24,0,4431,4606,729,1205,254,468,25018.36800000001,29,False,False
151,18,943.8204292624678,-7.458440000152677,1.0,CLIENT,7,2,100000,15,118,0,2540,3236,738,177,229,387,123006.97600000007,28,False,False
151,19,-710.6179665060565,285.8697599996185,1.0,CLIENT,7,2,100000,14,47,0,3159,3773,891,202,250,567,48994.304000000026,29,False,False
151,20,584.9072639254832,-471.10624000019925,1.0,CLIENT,7,2,100000,10,49,0,3136,3657,908,242,252,568,51079.16800000003,28,False,False
151,21,695.329897445438,680.3878400001861,1.0,CLIENT,7,2,100000,18,63,0,2555,3271,797,112,225,511,65673.21600000003,29,False,False
151,22,-456.4241135893194,855.9394799999075,1.0,CLIENT,7,2,100000,10,58,0,2698,3286,839,156,245,502,60461.05600000003,29,False,False
151,23,29.78401018873663,435.4838399999659,1.0,CLIENT,7,2,100000,13,30,0,4074,4491,709,1013,260,429,31272.960000000014,29,False,False
151,24,-909.5212898696789,172.99127999985785,1.0,CLIENT,7,2,100000,10,104,0,2922,3433,788,198,245,438,108412.92800000006,29,False,False
151,25,357.01205830337346,297.2244000002169,1.0,CLIENT,7,2,100000,11,19,0,4011,4521,902,726,255,616,19806.208000000006,29,False,False
151,26,-588.7094779927053,-75.02968000040255,1.0,CLIENT,7,2,100000,12,50,0,3673,4149,882,511,259,568,52121.60000000003,29,False,False
151,27,700.5579417874461,993.308359999532,1.0,CLIENT,7,2,100000,13,175,0,2130,2689,613,69,219,306,182425.6000000001,24,False,False
151,28,-326.35670739153164,-708.217840000319,1.0,CLIENT,7,2,100000,17,61,0,2885,3644,866,207,240,564,63588.352000000035,27,False,False
151,29,-190.74440567918577,348.87687999952703,1.0,CLIENT,7,2,100000,12,23,0,4202,4534,861,927,260,582,23975.93600000001,29,False,False

152,0,75.56900457492205,-322.38271999997636,1.0,CLIENT,7,2,100000,13,30,0,4161,4540,867,652,260,566,31272.960000000014,29,False,False
152,1,-524.5471156177608,-862.9526400003933,1.0,CLIENT,7,2,100000,17,226,0,2164,2964,600,67,238,289,235589.63200000013,27,False,False
152,2,224.72669389942473,380.60308000010565,1.0,CLIENT,7,2,100000,10,20,0,4325,4707,958,675,261,671,20848.640000000007,29,False,False
152,3,-947.3850049505588,569.0678399996546,1.0,CLIENT,7,2,100000,13,74,0,2253,3104,782,45,245,445,77139.96800000004,27,False,False
152,4,610.1761449107305,939.4294799995151,1.0,CLIENT,7,2,100000,17,226,0,2445,3293,642,58,227,347,235589.63200000013,27,False,False
152,5,557.4204247352008,-294.1074400001767,1.0,CLIENT,7,2,100000,9,17,0,3769,4202,916,355,257,633,17721.344000000005,29,False,False
152,6,-865.6374025171044,881.6543999998436,1.0,CLIENT,7,2,100000,14,79,0,2024,2644,740,27,243,409,82352.12800000004,26,False,False
152,7,585.3033278908892,649.552199999732,1.0,CLIENT,7,2,100000,18,61,0,3232,3883,919,131,236,602,63588.352000000035,29,False,False
152,8,603.0469935356741,-173.43656000031558,1.0,CLIENT,7,2,100000,10,27,0,3785,4192,943,322,251,634,28145.66400000001,29,False,False
152,9,390.5190697659132,-500.49472000035223,1.0,CLIENT,7,2,100000,16,77,0,3582,4114,789,365,253,482,80267.26400000004,29,False,False
152,10,-54.65682720914069,708.8857600002145,1.0,CLIENT,7,2,100000,12,28,0,3811,4487,835,643,260,544,29188.096000000012,29,False,False
152,11,-741.8278069701421,996.0913599996243,1.0,CLIENT,7,2,100000,16,187,0,2051,2672,631,81,238,299,194934.7840000001,27,False,False
152,12,-533.6565868187215,-176.44219999984585,1.0,CLIENT,7,2,100000,15,36,0,3857,4396,946,484,255,625,37527.55200000002,29,False,False
152,13,-431.3928709837661,-523.5379599999148,1.0,CLIENT,7,2,100000,17,30,0,3274,3995,926,213,253,637,31272.960000000014,29,False,False
152,14,-100.28339600905115,-700.3141200004995,1.0,CLIENT,7,2,100000,14,71,0,3192,3862,849,201,252,510,74012.67200000004,29,False,False
152,15,-359.7845060606525,107.86907999975256,1.0,CLIENT,7,2,100000,8,21,0,4429,4771,832,948,260,543,21891.072000000007,29,False,False
152,16,-971.782545212138,-66.45803999989653,1.0,CLIENT,7,2,100000,17,203,0,2771,3414,638,386,234,306,211613.6960000001,27,False,False
152,17,701.6669208902451,-340.4165600003219,1.0,CLIENT,7,2,100000,14,85,0,3247,4006,788,199,251,442,88606.72000000004,27,False,False
152,18,-12.67404688905163,-530.1058399999431,1.0,CLIENT,7,2,100000,15,57,0,3671,4250,883,352,255,557,59418.62400000003,29,False,False
152,19,315.7421931212403,112.54451999981285,1.0,CLIENT,7,2,100000,13,25,0,4185,4696,964,559,262,670,26060.80000000001,29,False,False
152,20,-102.50135421464924,776.7909599996212,1.0,CLIENT,7,2,100000,9,83,0,3498,4323,800,521,260,448,86521.85600000004,29,False,False
152,21,-293.08733430756007,366.9107199998726,1.0,CLIENT,7,2,100000,14,22,0,4394,4769,847,937,258,575,22933.504000000008,29,False,False
152,22,759.0961958561021,308.1337599995666,1.0,CLIENT,7,2,100000,10,37,0,3388,3831,964,127,243,614,38569.98400000002,29,False,False
152,23,-280.33407462565236,360.3428399998444,1.0,CLIENT,7,2,100000,11,19,0,4465,4803,804,1023,259,530,19806.208000000006,29,False,False
152,24,-618.0974242165988,-756.9759999998178,1.0,CLIENT,7,2,100000,10,47,0,2403,3220,806,67,248,483,48994.304000000026,27,False,False
152,25,-750.2243630342724,515.0776399999188,1.0,CLIENT,7,2,100000,12,43,0,2870,3793,881,137,252,560,44824.57600000002,29,False,False
152,26,918.0762715195212,-186.3496800001431,1.0,CLIENT,7,2,100000,12,68,0,2857,3664,819,123,243,507,70885.37600000003,26,False,False
152,27,942.5530245733937,454.296919999926,1.0,CLIENT,7,2,100000,13,70,0,2819,3402,867,69,237,493,72970.24000000003,26,False,False
152,28,949.365324776463,169.87431999981766,1.0,CLIENT,7,2,100000,17,101,0,2928,3540,824,111,234,455,105285.63200000006,26,False,False
152,29,328.02017604488594,553.5943599999634,1.0,CLIENT,7,2,100000,12,30,0,3935,4445,965,450,251,665,31272.960000000014,29,False,False

153,0,-883.4602809547454,-589.105440000478,1.0,CLIENT,7,2,100000,13,56,0,3112,3701,844,63,242,517,58376.19200000003,28,False,False
153,1,-792.1279305609428,-815.6416400004048,1.0,CLIENT,7,2,100000,15,150,0,3079,3570,755,47,236,403,156364.80000000008,28,False,False
153,2,414.9958228203485,351.8825199998483,1.0,CLIENT,7,2,100000,12,92,0,3254,4127,761,488,251,425,95903.74400000005,29,False,False
153,3,267.89766611516893,-943.4370000004708,1.0,CLIENT,7,2,100000,12,98,0,3345,3896,809,268,252,461,102158.33600000005,25,False,False
153,4,-267.1847509783387,-866.960159999767,1.0,CLIENT,7,2,100000,16,93,0,3632,4008,905,206,243,546,96946.17600000005,28,False,False
153,5,-640.9899214099729,884.4373999999359,1.0,CLIENT,7,2,100000,9,43,0,1879,2659,769,56,232,448,44824.57600000002,24,False,False
153,6,-697.2310044796118,-452.96108000013476,1.0,CLIENT,7,2,100000,13,34,0,3572,4156,957,152,252,642,35442.68800000002,29,False,False
153,7,-768.5225182301755,-729.1460000004759,1.0,CLIENT,7,2,100000,18,75,0,3251,3727,841,68,236,499,78182.40000000004,28,False,False
153,8,496.66421246094666,-688.1802400002866,1.0,CLIENT,7,2,100000,10,35,0,3303,4008,892,308,255,599,36485.12000000002,26,False,False
153,9,991.5857434751201,338.85807999951084,1.0,CLIENT,7,2,100000,19,216,0,1849,2681,565,38,225,270,225165.31200000012,23,False,False
153,10,-554.8856153581784,445.05735999952435,1.0,CLIENT,7,2,100000,12,59,0,3366,4061,886,347,251,562,61503.488000000034,29,False,False
153,11,-625.3850011779301,183.34403999982186,1.0,CLIENT,7,2,100000,14,74,0,3800,4218,799,616,259,477,77139.96800000004,29,False,False
153,12,-719.885863293855,946.4426400000011,1.0,CLIENT,7,2,100000,17,74,0,1572,2394,669,33,218,342,77139.96800000004,24,False,False
153,13,515.9921339667927,-269.9510000002607,1.0,CLIENT,7,2,100000,17,58,0,3538,4239,898,374,240,594,60461.05600000003,29,False,False
153,14,712.3606479528297,-865.6243199999758,1.0,CLIENT,7,2,100000,14,103,0,2509,3196,742,84,238,392,107370.49600000006,25,False,False
153,15,285.56211896653485,-416.5594400002868,1.0,CLIENT,7,2,100000,8,19,0,4154,4438,945,668,264,636,19806.208000000006,29,False,False
153,16,-133.07749233476068,569.958399999779,1.0,CLIENT,7,2,100000,15,76,0,3251,4156,834,388,240,515,79224.83200000004,29,False,False
153,17,-289.7603969991629,60.112800000097195,1.0,CLIENT,7,2,100000,11,20,0,4387,4742,796,951,261,520,20848.640000000007,29,False,False
153,18,-228.52890796720962,986.9631199997326,1.0,CLIENT,7,2,100000,18,165,0,1761,2550,625,59,219,282,172001.2800000001,27,False,False
153,19,-953.4843900162349,-218.2985200001596,1.0,CLIENT,7,2,100000,14,73,0,3256,3940,845,223,250,510,76097.53600000004,27,False,False
153,20,89.58966894590375,-294.1074400001767,1.0,CLIENT,7,2,100000,8,15,0,4402,4643,813,947,262,530,15636.480000000005,29,False,False
153,21,142.9790914659704,-7.013160000485925,1.0,CLIENT,7,2,100000,14,29,0,4438,4736,728,1098,257,454,30230.528000000013,29,False,False
153,22,312.0984046402932,-799.722880000256,1.0,CLIENT,7,2,100000,10,28,0,3531,4120,898,352,265,590,29188.096000000012,26,False,False
153,23,-26.29864729519019,-751.4100000004239,1.0,CLIENT,7,2,100000,14,19,0,3863,4213,939,434,264,642,19806.208000000006,28,False,False
153,24,-907.6993956294867,996.9819199997488,1.0,CLIENT,7,2,100000,11,145,0,1255,1882,572,14,223,261,151152.64000000007,21,False,False
153,25,-688.7552356226254,-600.2374400000565,1.0,CLIENT,7,2,100000,12,31,0,3483,4001,958,95,249,633,32315.392000000014,28,False,False
153,26,37.4676511149111,-557.1566000004614,1.0,CLIENT,7,2,100000,12,32,0,4162,4389,895,652,260,601,33357.824000000015,29,False,False
153,27,999.8238739529756,-404.98216000025053,1.0,CLIENT,7,2,100000,13,174,0,2467,2816,704,92,230,329,181383.1680000001,25,False,False
153,28,-733.5896764922867,-423.23864000003397,1.0,CLIENT,7,2,100000,17,50,0,3554,4137,943,171,247,636,52121.60000000003,29,False,False
153,29,-77.78696278164584,-212.17591999979817,1.0,CLIENT,7,2,100000,12,22,0,4449,4726,839,963,258,565,22933.504000000008,29,False,False

154,0,-855.6565905919128,792.7097199997701,1.0,CLIENT,7,2,100000,14,210,0,2309,3335,581,52,221,289,218910.72000000012,27,False,False
154,1,-709.6674129895324,-637.1956800000811,1.0,CLIENT,7,2,100000,15,39,0,3343,4089,890,98,240,599,40654.84800000002,29,False,False
154,2,-477.9699933007635,322.6053600002052,1.0,CLIENT,7,2,100000,10,23,0,4332,4679,958,560,254,660,23975.93600000001,29,False,False
154,3,206.19090032439075,697.3084800001783,1.0,CLIENT,7,2,100000,13,78,0,3654,4028,825,316,239,498,81309.69600000004,29,False,False
154,4,-332.53530524950105,-508.95504000034833,1.0,CLIENT,7,2,100000,16,31,0,4090,4539,1036,314,249,734,32315.392000000014,29,False,False
154,5,-303.2265718190265,-360.56548000007325,1.0,CLIENT,7,2,100000,9,13,0,4385,4701,1045,519,254,744,13551.616000000004,29,False,False
154,6,714.0241166067469,-90.16920000014579,1.0,CLIENT,7,2,100000,14,82,0,3316,3802,821,156,237,490,85479.42400000004,29,False,False
154,7,-928.8492113755248,-376.0389599997643,1.0,CLIENT,7,2,100000,18,135,0,3495,4105,744,280,239,381,140728.32000000007,29,False,False
154,8,-852.7257172489218,-618.1599599998922,1.0,CLIENT,7,2,100000,10,40,0,3146,3958,835,106,247,518,41697.28000000002,29,False,False
154,9,316.5343210514894,24.045120000197073,1.0,CLIENT,7,2,100000,15,25,0,4031,4554,983,371,250,690,26060.80000000001,29,False,False
154,10,470.6032035454504,679.8312400000094,1.0,CLIENT,7,2,100000,12,174,0,3114,3785,698,62,227,357,181383.1680000001,29,False,False
154,11,155.41549997589104,-60.112800000097195,1.0,CLIENT,7,2,100000,14,16,0,4388,4675,958,667,254,656,16678.912000000004,29,False,False
154,12,702.3006232347822,-72.13535999980024,1.0,CLIENT,7,2,100000,17,149,0,3331,3822,761,161,232,378,155322.36800000007,29,False,False
154,13,297.9985274764555,-546.9151600002164,1.0,CLIENT,7,2,100000,17,45,0,3813,4251,966,311,247,657,46909.440000000024,29,False,False
154,14,202.38868625773156,346.98443999955913,1.0,CLIENT,7,2,100000,14,28,0,4027,4538,959,425,247,669,29188.096000000012,29,False,False
154,15,447.473067973508,41.9676400000327,1.0,CLIENT,7,2,100000,9,22,0,3814,4332,963,222,246,638,22933.504000000008,29,False,False
154,16,-889.0843892615967,668.476600000202,1.0,CLIENT,7,2,100000,16,64,0,2695,3705,768,89,227,471,66715.64800000003,28,False,False
154,17,137.19655757284414,-169.7630000000987,1.0,CLIENT,7,2,100000,12,19,0,4363,4656,950,624,255,642,19806.208000000006,29,False,False
154,18,-367.15129581540276,50.316639999518884,1.0,CLIENT,7,2,100000,14,22,0,4661,4701,767,1075,250,504,22933.504000000008,29,False,False
154,19,-512.3483454869712,564.0584399996465,1.0,CLIENT,7,2,100000,14,22,0,3845,4365,945,291,250,653,22933.504000000008,29,False,False
154,20,-358.9131653375473,622.9467199996714,1.0,CLIENT,7,2,100000,10,25,0,3869,4386,984,261,250,651,26060.80000000001,29,False,False
154,21,115.57146506854401,-325.16572000006875,1.0,CLIENT,7,2,100000,16,22,0,4295,4532,970,555,252,669,22933.504000000008,29,False,False
154,22,-24.55596584785413,-246.23984000001144,1.0,CLIENT,7,2,100000,9,14,0,4472,4716,898,743,257,598,14594.048000000004,29,False,False
154,23,347.031246378182,-879.09403999998,1.0,CLIENT,7,2,100000,14,106,0,3212,3713,775,173,238,426,110497.79200000006,26,False,False
154,24,-63.21180885898318,153.0649999995444,1.0,CLIENT,7,2,100000,9,24,0,4690,4758,823,995,255,553,25018.36800000001,29,False,False
154,25,-79.37121864270694,15.362159999972107,1.0,CLIENT,7,2,100000,10,22,0,4686,4722,782,1069,249,517,22933.504000000008,29,False,False
154,26,106.22435548788955,-904.8089599999162,1.0,CLIENT,7,2,100000,12,116,0,3439,3790,841,210,243,489,120922.11200000007,27,False,False
154,27,-851.1414613878607,778.7947200000991,1.0,CLIENT,7,2,100000,13,104,0,2435,3521,698,67,227,409,108412.92800000006,27,False,False
154,28,-517.1011130701546,-62.78448000047064,1.0,CLIENT,7,2,100000,16,44,0,4526,4705,801,890,250,510,45867.00800000002,29,False,False
154,29,-560.4305108721736,-887.5543599999762,1.0,CLIENT,7,2,100000,12,190,0,2929,3582,726,22,235,381,198062.0800000001,29,False,False

155,0,656.2779904689029,948.5577200001978,1.0,CLIENT,7,2,100000,15,204,0,1869,2600,572,30,223,254,212656.1280000001,23,False,False
155,1,-828.4073897807615,276.96415999995565,1.0,CLIENT,7,2,100000,15,28,0,3511,4039,953,271,261,662,29188.096000000012,29,False,False
155,2,-990.5559771663029,-55.66000000026577,1.0,CLIENT,7,2,100000,11,109,0,3221,3751,825,305,259,458,113625.08800000006,27,False,False
155,3,-207.69594339315864,574.9677999997871,1.0,CLIENT,7,2,100000,12,44,0,3792,4427,880,512,252,586,45867.00800000002,29,False,False
155,4,-304.49397650753764,-939.3181599997962,1.0,CLIENT,7,2,100000,16,82,0,1949,2929,744,70,242,457,85479.42400000004,27,False,False
155,5,983.9813153418019,-333.0694399998882,1.0,CLIENT,7,2,100000,10,190,0,1329,2281,495,76,216,224,198062.0800000001,26,False,False
155,6,-892.9658161211119,-35.17711999977564,1.0,CLIENT,7,2,100000,13,46,0,3499,3936,903,370,260,566,47951.872000000025,29,False,False
155,7,-188.7640858527187,-742.5043999999701,1.0,CLIENT,7,2,100000,18,61,0,2786,3766,844,286,250,559,63588.352000000035,29,False,False
155,8,-258.5505565350773,-226.20223999997904,1.0,CLIENT,7,2,100000,9,29,0,4277,4624,973,713,271,656,30230.528000000013,29,False,False
155,9,-732.6391229757626,-646.1012800005349,1.0,CLIENT,7,2,100000,18,139,0,2619,3392,790,69,244,449,144898.04800000007,28,False,False
155,10,-635.7618770679647,519.4191200000313,1.0,CLIENT,7,2,100000,12,27,0,3520,4160,968,219,252,678,28145.66400000001,29,False,False
155,11,-72.08364168137561,-823.7680000004531,1.0,CLIENT,7,2,100000,15,162,0,2346,3404,708,252,248,390,168873.98400000008,28,False,False
155,12,376.3399798092194,277.9660399997991,1.0,CLIENT,7,2,100000,15,38,0,3689,4439,896,530,248,606,39612.41600000002,29,False,False
155,13,-513.9326013480323,513.1851999999509,1.0,CLIENT,7,2,100000,17,31,0,3668,4321,964,346,251,682,32315.392000000014,29,False,False
155,14,-386.63764290696076,-752.3005600005484,1.0,CLIENT,7,2,100000,14,32,0,2570,3593,869,146,259,587,33357.824000000015,28,False,False
155,15,-933.8396173384018,744.7307999998859,1.0,CLIENT,7,2,100000,9,203,0,2711,3260,633,49,229,330,211613.6960000001,27,False,False
155,16,-650.2578181972085,-738.3855600000866,1.0,CLIENT,7,2,100000,16,75,0,2437,3250,815,44,246,500,78182.40000000004,27,False,False
155,17,290.790163308543,422.6820399998573,1.0,CLIENT,7,2,100000,12,25,0,3708,4395,902,539,253,617,26060.80000000001,29,False,False
155,18,738.1840184891951,-272.956639999791,1.0,CLIENT,7,2,100000,15,107,0,2249,3241,699,256,231,399,111540.22400000006,28,False,False
155,19,667.2885687040374,534.0020399995979,1.0,CLIENT,7,2,100000,15,44,0,2474,3222,843,142,230,516,45867.00800000002,29,False,False
155,20,-398.8364130377504,230.65503999981047,1.0,CLIENT,7,2,100000,9,17,0,4288,4601,922,766,269,646,17721.344000000005,29,False,False
155,21,-712.9943502979296,90.39183999958368,1.0,CLIENT,7,2,100000,16,37,0,3853,4210,943,459,261,630,38569.98400000002,29,False,False
155,22,-819.931620923775,456.30067999961284,1.0,CLIENT,7,2,100000,10,23,0,3316,3939,929,174,258,618,23975.93600000001,28,False,False
155,23,-2.1387454127420455,530.9964000000675,1.0,CLIENT,7,2,100000,13,18,0,3882,4445,878,635,255,599,18763.776000000005,29,False,False
155,24,129.6713422323818,770.6683600000508,1.0,CLIENT,7,2,100000,10,23,0,3380,3913,913,278,251,595,23975.93600000001,29,False,False
155,25,84.12398622532739,842.0244800002365,1.0,CLIENT,7,2,100000,12,96,0,3307,3777,841,244,244,482,100073.47200000005,29,False,False
155,26,-461.17688117250276,739.9440400001066,1.0,CLIENT,7,2,100000,12,63,0,3448,3910,897,254,249,581,65673.21600000003,29,False,False
155,27,682.1013610052682,200.48732000004293,1.0,CLIENT,7,2,100000,13,60,0,2636,3619,852,208,232,533,62545.920000000035,29,False,False
155,28,-732.3222718037755,236.55499999994305,1.0,CLIENT,7,2,100000,17,43,0,3721,4174,945,372,260,640,44824.57600000002,29,False,False
155,29,450.08709014394935,827.2189199996501,1.0,CLIENT,7,2,100000,12,44,0,2628,3454,821,128,233,543,45867.00800000002,27,False,False

156,0,605.4233773269842,-49.87135999985213,1.0,CLIENT,7,2,100000,13,36,0,4316,4758,932,459,256,627,37527.55200000002,29,False,False
156,1,36.75473597751803,-854.3809999998873,1.0,CLIENT,7,2,100000,15,45,0,3555,4320,896,248,247,592,46909.440000000024,29,False,False
156,2,343.22903231152276,330.2864399997958,1.0,CLIENT,7,2,100000,11,19,0,4132,4771,956,336,257,678,19806.208000000006,29,False,False
156,3,717.74711788055,547.8057199995499,1.0,CLIENT,7,2,100000,12,49,0,3136,3896,773,78,239,474,51079.16800000003,29,False,False
156,4,514.7247292777187,40.52047999973155,1.0,CLIENT,7,2,100000,15,27,0,4464,4855,973,535,256,684,28145.66400000001,29,False,False
156,5,761.1557284754251,295.8885599996347,1.0,CLIENT,7,2,100000,9,25,0,3541,4317,877,189,257,568,26060.80000000001,29,False,False
156,6,-975.8223976579283,-10.241440000245063,1.0,CLIENT,7,2,100000,15,226,0,2181,3180,608,115,228,314,235589.63200000013,28,False,False
156,7,772.3247322962718,554.8188800000357,1.0,CLIENT,7,2,100000,20,189,0,2962,3725,608,50,223,319,197019.6480000001,28,False,False
156,8,192.80393829794608,117.66523999953989,1.0,CLIENT,7,2,100000,9,14,0,4738,5000,899,814,263,629,14594.048000000004,29,False,False
156,9,-556.7867223912266,412.55192000012215,1.0,CLIENT,7,2,100000,16,45,0,3196,4252,838,172,246,537,46909.440000000024,28,False,False
156,10,-152.0885626680567,-420.9009200003993,1.0,CLIENT,7,2,100000,12,27,0,4552,4932,891,742,259,620,28145.66400000001,29,False,False
156,11,93.47109580598186,92.0616400001137,1.0,CLIENT,7,2,100000,13,17,0,4764,4960,831,917,260,558,17721.344000000005,29,False,False
156,12,476.5441630248517,137.03491999967667,1.0,CLIENT,7,2,100000,15,23,0,4427,4860,964,523,258,692,23975.93600000001,29,False,False
156,13,-693.3495776200965,383.38608000019804,1.0,CLIENT,7,2,100000,18,73,0,2786,3911,759,82,234,469,76097.53600000004,28,False,False
156,14,-211.73579583894886,88.16543999966797,1.0,CLIENT,7,2,100000,14,47,0,4706,4868,847,820,257,556,48994.304000000026,29,False,False
156,15,355.4278024423124,566.1735199998432,1.0,CLIENT,7,2,100000,9,20,0,3683,4262,921,171,254,613,20848.640000000007,29,False,False
156,16,-37.784502288023866,-972.7141600001139,1.0,CLIENT,7,2,100000,15,57,0,3139,4013,852,189,243,554,59418.62400000003,29,False,False
156,17,-529.8543727520623,662.6879599997883,1.0,CLIENT,7,2,100000,14,164,0,2814,3697,691,104,233,329,170958.8480000001,28,False,False
156,18,488.9805715347723,-461.8666799997976,1.0,CLIENT,7,2,100000,15,49,0,4389,4719,923,520,250,603,51079.16800000003,29,False,False
156,19,-24.872817019841214,348.4315999998603,1.0,CLIENT,7,2,100000,13,47,0,4294,4722,885,562,264,562,48994.304000000026,29,False,False
156,20,255.06519364040517,-582.9828400001165,1.0,CLIENT,7,2,100000,9,13,0,4304,4873,965,479,257,674,13551.616000000004,29,False,False
156,21,986.1200607545438,-903.1391600001771,1.0,CLIENT,7,2,100000,18,234,0,2309,3446,552,29,220,280,243929.08800000013,25,False,False
156,22,636.3955794119389,-787.8116400002718,1.0,CLIENT,7,2,100000,10,52,0,3677,4259,922,213,250,589,54206.46400000003,29,False,False
156,23,825.7933676091945,-1.6698000005300173,1.0,CLIENT,7,2,100000,14,68,0,3880,4372,884,278,255,519,70885.37600000003,29,False,False
156,24,-310.1180848149518,-428.24804000004207,1.0,CLIENT,7,2,100000,10,36,0,4250,4791,914,535,259,587,37527.55200000002,29,False,False
156,25,699.7658138566342,633.5221199998642,1.0,CLIENT,7,2,100000,13,65,0,3031,3730,762,49,238,465,67758.08000000003,28,False,False
156,26,375.15178791300144,118.44447999994543,1.0,CLIENT,7,2,100000,12,30,0,4601,4945,950,620,258,675,31272.960000000014,29,False,False
156,27,-392.8954535583491,-980.8405200001621,1.0,CLIENT,7,2,100000,13,182,0,2370,3552,622,126,233,297,189722.6240000001,27,False,False
156,28,84.59926298358944,-888.3336000003817,1.0,CLIENT,7,2,100000,17,81,0,3472,4244,857,224,244,538,84436.99200000004,29,False,False
156,29,-296.2558460302451,-792.1531200003844,1.0,CLIENT,7,2,100000,12,33,0,3433,4257,849,327,251,547,34400.256000000016,29,False,False

157,0,27.803690362269545,-282.0848800004737,1.0,CLIENT,7,2,100000,11,55,0,4038,4468,776,942,253,485,57333.76000000003,29,False,False
157,1,699.2113243055161,741.5025200001267,1.0,CLIENT,7,2,100000,15,69,0,2498,3372,757,144,234,460,71927.80800000003,28,False,False
157,2,971.6241196253001,-313.4771200003135,1.0,CLIENT,7,2,100000,12,124,0,2306,2827,777,241,249,406,129261.56800000007,27,False,False
157,3,-408.8964377557979,-247.13040000013592,1.0,CLIENT,7,2,100000,12,29,0,3635,4209,959,513,258,666,30230.528000000013,29,False,False
157,4,430.8383814315223,-772.5608000000187,1.0,CLIENT,7,2,100000,16,48,0,2319,3081,902,99,245,598,50036.736000000026,27,False,False
157,5,-614.4536357362146,893.7882800000566,1.0,CLIENT,7,2,100000,9,61,0,2323,2873,796,49,252,481,63588.352000000035,22,False,False
157,6,-308.77146733302175,958.2425599994752,1.0,CLIENT,7,2,100000,13,49,0,2643,3177,830,190,250,548,51079.16800000003,25,False,False
157,7,524.0718388583731,-181.89688000031168,1.0,CLIENT,7,2,100000,17,37,0,3474,4160,870,652,253,590,38569.98400000002,29,False,False
157,8,639.484878341205,-935.3106400004225,1.0,CLIENT,7,2,100000,11,164,0,1804,2269,715,15,243,382,170958.8480000001,23,False,False
157,9,-653.7431810918806,919.9484799996594,1.0,CLIENT,7,2,100000,18,182,0,2193,2734,648,25,232,330,189722.6240000001,21,False,False
157,10,952.6130492920041,-856.4960800000841,1.0,CLIENT,7,2,100000,12,72,0,1784,2123,796,12,242,467,75055.10400000004,21,False,False
157,11,153.27675456314898,342.1976799997799,1.0,CLIENT,7,2,100000,13,28,0,4085,4508,813,924,256,545,29188.096000000012,29,False,False
157,12,-341.80320203729946,731.7063599995483,1.0,CLIENT,7,2,100000,15,38,0,2957,3520,897,256,255,611,39612.41600000002,26,False,False
157,13,623.0878301783503,-142.93487999980925,1.0,CLIENT,7,2,100000,15,36,0,3258,3989,843,612,257,562,37527.55200000002,29,False,False
157,14,-900.8870954269803,-473.33264000011496,1.0,CLIENT,7,2,100000,17,222,0,1796,2731,572,39,229,271,231419.90400000013,27,False,False
157,15,-581.1842626528057,557.2679200001803,1.0,CLIENT,7,2,100000,9,21,0,2794,3402,975,181,265,665,21891.072000000007,26,False,False
157,16,79.84649540040614,803.9530399998586,1.0,CLIENT,7,2,100000,16,127,0,3164,3601,764,375,245,425,132388.86400000006,29,False,False
157,17,-315.5837675355282,752.4118799994765,1.0,CLIENT,7,2,100000,13,23,0,2975,3527,921,257,258,622,23975.93600000001,26,False,False
157,18,863.9739338620616,-786.1418400005329,1.0,CLIENT,7,2,100000,15,57,0,1860,2306,824,18,242,530,59418.62400000003,23,False,False
157,19,714.4993933650089,508.1757999999428,1.0,CLIENT,7,2,100000,14,50,0,2844,3834,823,230,250,516,52121.60000000003,29,False,False
157,20,726.0644611512615,-463.4251599998177,1.0,CLIENT,7,2,100000,10,27,0,2452,3169,924,183,254,627,28145.66400000001,28,False,False
157,21,-128.40393754443346,-797.6078000000592,1.0,CLIENT,7,2,100000,18,189,0,2818,3338,673,450,237,335,197019.6480000001,28,False,False
157,22,942.9490885387997,845.3640799997146,1.0,CLIENT,7,2,100000,10,217,0,1524,2364,495,33,220,237,226207.74400000012,27,False,False
157,23,-417.29299381936545,380.046479999929,1.0,CLIENT,7,2,100000,14,19,0,3310,3882,1000,394,266,688,19806.208000000006,29,False,False
157,24,499.9119369764878,-677.3821999998648,1.0,CLIENT,7,2,100000,10,15,0,2404,3184,952,96,253,631,15636.480000000005,27,False,False
157,25,694.4585567223328,-724.9158400000823,1.0,CLIENT,7,2,100000,13,41,0,2119,2729,870,36,245,555,42739.71200000002,26,False,False
157,26,-620.2361696293408,41.9676400000327,1.0,CLIENT,7,2,100000,12,39,0,3160,3769,900,417,257,573,40654.84800000002,29,False,False
157,27,-790.3060363207506,144.6046799995483,1.0,CLIENT,7,2,100000,13,90,0,2821,3300,847,307,257,509,93818.88000000005,28,False,False
157,28,-357.17048389021124,229.54183999945712,1.0,CLIENT,7,2,100000,17,44,0,3651,4196,903,610,260,595,45867.00800000002,29,False,False
157,29,-765.1955809217784,13.692360000233066,1.0,CLIENT,7,2,100000,12,59,0,2881,3419,878,350,255,538,61503.488000000034,28,False,False

158,0,-610.0969321178744,-31.72619999978764,1.0,CLIENT,7,2,100000,13,46,0,3354,3987,902,237,242,586,47951.872000000025,29,False,False
158,1,-564.153512145414,158.18572000006242,1.0,CLIENT,7,2,100000,15,43,0,3284,4011,887,286,243,588,44824.57600000002,29,False,False
158,2,-828.0113258153555,121.00483999980895,1.0,CLIENT,7,2,100000,12,101,0,2677,3371,755,121,229,389,105285.63200000006,29,False,False
158,3,53.943912070621934,-785.5852400003562,1.0,CLIENT,7,2,100000,12,52,0,3505,4160,873,410,251,562,54206.46400000003,29,False,False
158,4,160.00984197279936,-148.94616000045175,1.0,CLIENT,7,2,100000,15,40,0,4566,4618,753,1106,258,468,41697.28000000002,29,False,False
158,5,131.81008764512384,676.6029599994592,1.0,CLIENT,7,2,100000,9,54,0,3238,3933,892,172,247,538,56291.32800000003,29,False,False
158,6,-382.67700325402666,-941.6558800002218,1.0,CLIENT,7,2,100000,15,165,0,2565,3414,687,214,226,333,172001.2800000001,27,False,False
158,7,234.5490802389041,591.9997599994983,1.0,CLIENT,7,2,100000,18,48,0,3428,4129,926,227,243,632,50036.736000000026,29,False,False
158,8,-946.5136642268907,-446.39320000010656,1.0,CLIENT,7,2,100000,12,175,0,2091,2856,651,41,226,322,182425.6000000001,27,False,False
158,9,663.1695034648283,-595.1167200003295,1.0,CLIENT,7,2,100000,16,38,0,2908,3891,859,182,245,575,39612.41600000002,29,False,False
158,10,825.5557292300635,-659.6823200002581,1.0,CLIENT,7,2,100000,12,165,0,2436,3242,672,101,234,340,172001.2800000001,29,False,False
158,11,365.7254655394909,924.5126000000007,1.0,CLIENT,7,2,100000,14,87,0,2783,3295,795,36,232,458,90691.58400000005,28,False,False
158,12,375.0725751201454,-63.22976000013739,1.0,CLIENT,7,2,100000,15,29,0,4361,4582,880,792,259,610,30230.528000000013,29,False,False
158,13,169.83222831171588,-676.3803200000214,1.0,CLIENT,7,2,100000,15,32,0,3754,4369,963,419,255,657,33357.824000000015,29,False,False
158,14,-444.62140742393575,178.7799199994805,1.0,CLIENT,7,2,100000,14,36,0,3565,4278,860,448,250,566,37527.55200000002,29,False,False
158,15,901.0455210121296,-351.6598800004104,1.0,CLIENT,7,2,100000,9,44,0,2928,3745,847,198,250,535,45867.00800000002,29,False,False
158,16,869.835680548044,-481.45900000016326,1.0,CLIENT,7,2,100000,16,62,0,2715,3646,809,134,239,514,64630.784000000036,29,False,False
158,17,312.65289419197416,538.0095599997626,1.0,CLIENT,7,2,100000,13,22,0,3596,4189,987,242,251,674,22933.504000000008,29,False,False
158,18,654.8521601941169,812.8586399995214,1.0,CLIENT,7,2,100000,15,177,0,2605,3272,710,24,230,355,184510.4640000001,27,False,False
158,19,-320.6533862912614,416.89340000023464,1.0,CLIENT,7,2,100000,14,38,0,3436,4176,848,411,251,559,39612.41600000002,29,False,False
158,20,-244.37146657838346,569.84708000006,1.0,CLIENT,7,2,100000,10,48,0,3240,3946,826,313,246,504,50036.736000000026,29,False,False
158,21,-371.19114826119295,198.03827999989835,1.0,CLIENT,7,2,100000,16,29,0,3748,4407,876,519,248,594,30230.528000000013,29,False,False
158,22,-913.006652764351,-245.34927999988696,1.0,CLIENT,7,2,100000,10,46,0,2444,3209,793,87,230,460,47951.872000000025,28,False,False
158,23,216.0924994567262,-875.531800000273,1.0,CLIENT,7,2,100000,14,30,0,2913,3910,883,186,248,565,31272.960000000014,29,False,False
158,24,345.2885649308459,-895.9033600002533,1.0,CLIENT,7,2,100000,10,87,0,2628,3615,771,136,245,454,90691.58400000005,29,False,False
158,25,392.8162407643674,-78.5919200001095,1.0,CLIENT,7,2,100000,11,23,0,4374,4609,863,811,258,564,23975.93600000001,29,False,False
158,26,1.6634686539171593,438.712119999725,1.0,CLIENT,7,2,100000,12,36,0,3780,4451,920,441,254,637,37527.55200000002,29,False,False
158,27,799.5739331074234,-24.71304000009269,1.0,CLIENT,7,2,100000,12,38,0,3627,4146,923,371,255,597,39612.41600000002,29,False,False
158,28,754.3434282723559,-1.8924399999679054,1.0,CLIENT,7,2,100000,17,51,0,3760,4174,918,398,247,605,53164.03200000003,29,False,False
158,29,949.4445375693191,366.9107199998726,1.0,CLIENT,7,2,100000,12,105,0,2891,3641,835,169,241,467,109455.36000000006,27,False,False

159,0,668.5559733925486,-886.218520000185,1.0,CLIENT,7,2,100000,14,204,0,2263,2911,637,140,234,312,212656.1280000001,27,False,False
159,1,187.02140440481978,36.178999999619066,1.0,CLIENT,7,2,100000,12,41,0,4484,4784,684,1156,257,400,42739.71200000002,29,False,False
159,2,32.31881956632182,849.7055599998271,1.0,CLIENT,7,2,100000,11,90,0,2891,3371,857,317,251,504,93818.88000000005,27,False,False
159,3,-302.90972064647656,-551.4792799997667,1.0,CLIENT,7,2,100000,12,32,0,3660,4380,875,581,251,578,33357.824000000015,29,False,False
159,4,-408.2627354112609,-497.8230399999788,1.0,CLIENT,7,2,100000,15,31,0,3595,4420,918,488,250,626,32315.392000000014,29,False,False
159,5,-682.735063350368,-599.1242400004942,1.0,CLIENT,7,2,100000,9,42,0,2978,3599,916,155,246,595,43782.14400000002,29,False,False
159,6,290.790163308543,682.1689599996441,1.0,CLIENT,7,2,100000,13,29,0,2880,3706,896,338,255,583,30230.528000000013,27,False,False
159,7,550.3704861530005,-739.7213999998778,1.0,CLIENT,7,2,100000,18,77,0,2773,3554,823,170,238,479,80267.26400000004,28,False,False
159,8,-266.0757718755396,-575.4130800002449,1.0,CLIENT,7,2,100000,9,24,0,3635,4384,874,585,251,583,25018.36800000001,29,False,False
159,9,291.7407168250671,571.2942399995702,1.0,CLIENT,7,2,100000,15,30,0,3250,4051,906,459,256,612,31272.960000000014,28,False,False
159,10,924.2548693774908,66.01276000022978,1.0,CLIENT,7,2,100000,12,186,0,2353,3214,682,254,239,325,193892.3520000001,27,False,False
159,11,-430.12546629469205,-770.5570400003319,1.0,CLIENT,7,2,100000,14,32,0,3081,3624,921,314,248,616,33357.824000000015,29,False,False
159,12,493.65412632509947,325.72231999945444,1.0,CLIENT,7,2,100000,15,31,0,3388,4290,928,416,254,633,32315.392000000014,28,False,False
159,13,-209.20098646136367,-876.6449999998355,1.0,CLIENT,7,2,100000,17,61,0,2973,3583,803,355,241,486,63588.352000000035,28,False,False
159,14,503.872576629422,746.9571999998016,1.0,CLIENT,7,2,100000,14,63,0,2374,3191,821,159,246,489,65673.21600000003,27,False,False
159,15,-641.544410961091,124.0104800001302,1.0,CLIENT,7,2,100000,8,21,0,3890,4444,821,632,251,528,21891.072000000007,29,False,False
159,16,-567.4012366609551,-95.17860000015389,1.0,CLIENT,7,2,100000,15,37,0,3958,4564,829,704,254,539,38569.98400000002,29,False,False
159,17,-864.5284234143053,-869.0752399999639,1.0,CLIENT,7,2,100000,14,77,0,2464,2899,796,56,235,477,80267.26400000004,23,False,False
159,18,-791.4942282164056,191.47039999987015,1.0,CLIENT,7,2,100000,15,77,0,3441,4105,768,486,244,454,80267.26400000004,29,False,False
159,19,-674.8929968379186,988.6329199994716,1.0,CLIENT,7,2,100000,18,230,0,1981,2645,615,45,224,330,239759.36000000013,23,False,False
159,20,-988.6548701326918,-934.8653599999648,1.0,CLIENT,7,2,100000,11,214,0,2187,2574,620,23,232,315,223080.44800000012,19,False,False
159,21,-239.93555016718724,759.3137199994524,1.0,CLIENT,7,2,100000,17,65,0,2996,3614,873,277,241,535,67758.08000000003,29,False,False
159,22,44.43837690425534,-766.5495200001671,1.0,CLIENT,7,2,100000,10,20,0,3286,4014,908,438,261,587,20848.640000000007,29,False,False
159,23,675.8435503538799,374.4804799997442,1.0,CLIENT,7,2,100000,14,36,0,2630,3739,878,210,251,578,37527.55200000002,27,False,False
159,24,-117.55178489557395,-42.190280000261566,1.0,CLIENT,7,2,100000,8,25,0,4751,4970,659,1409,247,403,26060.80000000001,29,False,False
159,25,-525.2600307551539,522.9813599997383,1.0,CLIENT,7,2,100000,12,33,0,3374,4067,957,233,245,613,34400.256000000016,29,False,False
159,26,-911.9768864544079,341.3071199996554,1.0,CLIENT,7,2,100000,12,132,0,2903,3758,723,262,239,381,137601.02400000006,27,False,False
159,27,-143.29594263852036,-920.7277200000649,1.0,CLIENT,7,2,100000,12,117,0,2910,3552,725,346,240,399,121964.54400000007,28,False,False
159,28,659.8425661564311,738.1629199998576,1.0,CLIENT,7,2,100000,17,177,0,2045,2797,667,81,237,345,184510.4640000001,27,False,False
159,29,881.5591739205715,-437.3762799999338,1.0,CLIENT,7,2,100000,12,85,0,2616,3432,825,209,241,478,88606.72000000004,26,False,False

160,0,-388.1426859751658,986.295199999837,1.0,CLIENT,7,2,100000,13,52,0,6290,8102,887,172,263,544,54206.46400000003,45,False,False
160,1,943.1867269179306,-476.0043200004884,1.0,CLIENT,7,2,100000,16,233,0,4075,6459,654,96,242,340,242886.65600000013,42,False,False
160,2,845.9134170452897,662.5766400000693,1.0,CLIENT,7,2,100000,11,24,0,5628,7020,936,172,268,594,25018.36800000001,46,False,False
160,3,-488.267656397942,671.92752000019,1.0,CLIENT,7,2,100000,12,35,0,7685,9323,972,240,273,639,36485.12000000002,48,False,False
160,4,-590.8482234054472,-292.5489600001566,1.0,CLIENT,7,2,100000,15,31,0,7404,9010,967,383,280,646,32315.392000000014,48,False,False
160,5,-986.9914014787747,-490.3645999998261,1.0,CLIENT,7,2,100000,9,74,0,5083,6590,804,59,259,477,77139.96800000004,42,False,False
160,6,-296.2558460302451,494.3721199999908,1.0,CLIENT,7,2,100000,12,12,0,9248,10188,1033,566,289,709,12509.184000000003,49,False,False
160,7,-297.6816763050312,-521.7568400004569,1.0,CLIENT,7,2,100000,17,32,0,7194,8861,935,507,275,635,33357.824000000015,48,False,False
160,8,870.7862340651309,295.33195999945804,1.0,CLIENT,7,2,100000,10,80,0,6304,7822,874,363,277,496,83394.56000000004,47,False,False
160,9,-751.7294061024776,858.1658799998231,1.0,CLIENT,7,2,100000,17,41,0,5868,7422,867,58,253,532,42739.71200000002,45,False,False
160,10,477.0986525765326,-211.73064000013142,1.0,CLIENT,7,2,100000,12,22,0,8594,9784,958,671,284,641,22933.504000000008,49,False,False
160,11,-422.9963149196357,-371.47484000021393,1.0,CLIENT,7,2,100000,14,18,0,7702,9320,988,471,286,671,18763.776000000005,48,False,False
160,12,852.567291662084,-56.10527999993252,1.0,CLIENT,7,2,100000,15,52,0,6705,8187,855,574,282,517,54206.46400000003,48,False,False
160,13,714.5786061584279,860.1696399995101,1.0,CLIENT,7,2,100000,18,40,0,5560,7062,879,100,257,564,41697.28000000002,45,False,False
160,14,359.7052932672336,-436.8196800005481,1.0,CLIENT,7,2,100000,14,21,0,7772,9429,993,545,283,679,21891.072000000007,49,False,False
160,15,-44.20073852568716,239.00404000008763,1.0,CLIENT,7,2,100000,7,9,0,10268,10791,793,1316,284,489,9381.888,49,False,False
160,16,-129.90898061207565,493.8155199998141,1.0,CLIENT,7,2,100000,15,18,0,9608,10337,915,824,282,612,18763.776000000005,49,False,False
160,17,-750.9372781716656,-460.19688000005857,1.0,CLIENT,7,2,100000,13,24,0,6218,7658,931,153,268,601,25018.36800000001,44,False,False
160,18,454.7606449342765,-944.3275599998043,1.0,CLIENT,7,2,100000,15,75,0,4355,5908,852,158,258,518,78182.40000000004,42,False,False
160,19,841.7943518060805,861.0601999996345,1.0,CLIENT,7,2,100000,14,48,0,5114,6401,835,57,251,500,50036.736000000026,44,False,False
160,20,-773.9089881578958,604.8015599996069,1.0,CLIENT,7,2,100000,10,27,0,6954,8194,947,189,273,612,28145.66400000001,46,False,False
160,21,-744.2041907620152,282.7527999995783,1.0,CLIENT,7,2,100000,15,37,0,7661,8747,917,498,280,565,38569.98400000002,49,False,False
160,22,835.1404771898491,672.5954400000855,1.0,CLIENT,7,2,100000,10,19,0,5652,7018,918,183,263,582,19806.208000000006,46,False,False
160,23,267.1055381849198,732.4855999999539,1.0,CLIENT,7,2,100000,13,24,0,8054,9368,915,622,283,569,25018.36800000001,49,False,False
160,24,-517.4179642427044,337.8561999996674,1.0,CLIENT,7,2,100000,9,13,0,8624,9768,974,533,286,632,13551.616000000004,49,False,False
160,25,-91.56998877293368,278.077359999518,1.0,CLIENT,7,2,100000,10,5,0,10097,10726,821,1153,286,521,5212.16,49,False,False
160,26,-702.538261614476,199.59675999991845,1.0,CLIENT,7,2,100000,12,77,0,7904,8965,819,572,273,466,80267.26400000004,49,False,False
160,27,384.8157486662058,830.3358799996903,1.0,CLIENT,7,2,100000,12,23,0,7162,8691,960,401,282,623,23975.93600000001,48,False,False
160,28,472.34588499278647,-829.0000399998991,1.0,CLIENT,7,2,100000,17,67,0,4881,6566,892,186,257,566,69842.94400000003,44,False,False
160,29,569.0647053143094,575.9696799996306,1.0,CLIENT,7,2,100000,12,31,0,7214,9065,980,403,274,650,32315.392000000014,48,False,False
160,30,-420.6199311277626,-357.11456000008525,1.0,CLIENT,7,2,100000,10,30,0,7801,9426,1000,463,280,687,31272.960000000014,48,False,False
160,31,-676.6356782852547,-454.296919999926,1.0,CLIENT,7,2,100000,15,32,0,6459,7994,927,185,271,616,33357.824000000015,46,False,False
160,32,-16.23862257657981,-373.144639999953,1.0,CLIENT,7,2,100000,11,49,0,8637,10007,814,910,281,492,51079.16800000003,49,False,False
160,33,-32.3188195674475,236.88895999989086,1.0,CLIENT,7,2,100000,9,21,0,10236,10802,778,1269,277,477,21891.072000000007,49,False,False
160,34,305.2861044377868,868.852599999735,1.0,CLIENT,7,2,100000,11,20,0,7331,8715,949,458,285,616,20848.640000000007,48,False,False
160,35,-585.461753477727,-292.66027999987557,1.0,CLIENT,7,2,100000,9,19,0,7478,9032,977,412,281,652,19806.208000000006,48,False,False
160,36,178.9416995132393,730.704479999705,1.0,CLIENT,7,2,100000,7,11,0,8359,9558,872,712,286,541,11466.752000000002,49,False,False
160,37,108.12546252093773,73.69383999982034,1.0,CLIENT,7,2,100000,10,11,0,10320,10800,738,1439,289,438,11466.752000000002,49,False,False
160,38,250.39163885007792,-591.6658000003415,1.0,CLIENT,7,2,100000,13,35,0,6919,8775,971,497,276,636,36485.12000000002,49,False,False
160,39,581.580326617086,-46.53176000037405,1.0,CLIENT,7,2,100000,16,23,0,8361,9576,907,762,284,591,23975.93600000001,49,False,False
160,40,146.2268159809487,807.8492399995133,1.0,CLIENT,7,2,100000,11,61,0,7927,9213,807,649,281,465,63588.352000000035,49,False,False
160,41,-788.5633548734146,985.2933199999936,1.0,CLIENT,7,2,100000,13,177,0,5180,6686,687,17,242,344,184510.4640000001,44,False,False
160,42,-444.7798330102108,43.41479999954288,1.0,CLIENT,7,2,100000,17,18,0,8952,10057,878,804,283,575,18763.776000000005,49,False,False
160,43,-856.527931315581,650.7767199998043,1.0,CLIENT,7,2,100000,16,53,0,6494,7705,884,155,264,535,55248.89600000003,45,False,False
160,44,51.01303872763076,762.4306799994927,1.0,CLIENT,7,2,100000,14,40,0,8269,9506,818,714,281,484,41697.28000000002,49,False,False
160,45,978.9909093794874,972.1575599999371,1.0,CLIENT,7,2,100000,20,245,0,3997,5367,565,11,228,271,255395.84000000014,37,False,False
160,46,560.985000422729,-955.4595600001738,1.0,CLIENT,7,2,100000,12,123,0,3838,5521,768,93,254,419,128219.13600000007,41,False,False
160,47,-777.1567126734368,-796.0493200000392,1.0,CLIENT,7,2,100000,15,224,0,4516,6181,638,73,251,322,233504.76800000013,40,False,False
160,48,-336.17909373044813,-671.4822400005232,1.0,CLIENT,7,2,100000,11,49,0,6490,7915,934,334,273,604,51079.16800000003,47,False,False
160,49,-654.5353090226926,989.1895199996484,1.0,CLIENT,7,2,100000,18,66,0,5575,7167,826,37,247,485,68800.51200000003,45,False,False

161,0,474.0885664401225,620.9429599999845,1.0,CLIENT,7,2,100000,13,23,0,7548,9444,1004,419,280,685,23975.93600000001,48,False,False
161,1,672.1205490800768,-615.8222400002575,1.0,CLIENT,7,2,100000,15,37,0,5944,7792,916,129,271,583,38569.98400000002,47,False,False
161,2,214.90430756050822,-685.0632800002463,1.0,CLIENT,7,2,100000,10,7,0,7350,8908,990,434,294,668,7297.023999999999,49,False,False
161,3,978.4364198278065,214.17967999948502,1.0,CLIENT,7,2,100000,13,137,0,6083,7826,743,449,268,404,142813.18400000007,47,False,False
161,4,-748.0064048286744,949.2256400000934,1.0,CLIENT,7,2,100000,17,242,0,4973,6231,639,65,230,360,252268.54400000014,42,False,False
161,5,959.8214134599166,-268.83779999990736,1.0,CLIENT,7,2,100000,9,56,0,5881,7607,897,249,272,529,58376.19200000003,45,False,False
161,6,556.7867223906638,-915.8296399997757,1.0,CLIENT,7,2,100000,14,52,0,4960,6585,830,62,261,482,54206.46400000003,46,False,False
161,7,168.16875965779872,897.7958000002212,1.0,CLIENT,7,2,100000,17,76,0,6446,8023,869,451,279,503,79224.83200000004,48,False,False
161,8,274.78917911109426,837.3490400001763,1.0,CLIENT,7,2,100000,9,26,0,6761,8425,949,462,286,600,27103.23200000001,48,False,False
161,9,632.9894293106856,-856.6073999998031,1.0,CLIENT,7,2,100000,17,59,0,5034,6582,842,74,259,486,61503.488000000034,46,False,False
161,10,65.5089798568745,443.0535999998375,1.0,CLIENT,7,2,100000,11,13,0,9546,10431,823,1045,281,531,13551.616000000004,49,False,False
161,11,-553.2221467036984,-390.1766000004551,1.0,CLIENT,7,2,100000,14,30,0,7628,9277,975,328,271,625,31272.960000000014,49,False,False
161,12,-121.11636058310212,-692.0764399999414,1.0,CLIENT,7,2,100000,15,35,0,7510,8825,852,561,274,530,36485.12000000002,49,False,False
161,13,222.58794848724554,558.2698000000238,1.0,CLIENT,7,2,100000,15,16,0,8783,10082,907,795,286,606,16678.912000000004,49,False,False
161,14,-634.0984084140476,644.208839999776,1.0,CLIENT,7,2,100000,14,24,0,6674,8248,923,244,262,601,25018.36800000001,45,False,False
161,15,-680.9131691101759,509.84559999968184,1.0,CLIENT,7,2,100000,9,24,0,7072,8569,945,273,277,607,25018.36800000001,48,False,False
161,16,445.80959931902805,845.3640799997146,1.0,CLIENT,7,2,100000,15,52,0,6117,8041,921,323,277,571,54206.46400000003,48,False,False
161,17,67.56851247676049,-734.044079999974,1.0,CLIENT,7,2,100000,12,32,0,7262,8709,947,462,282,617,33357.824000000015,49,False,False
161,18,818.5850034407192,-746.8458800000826,1.0,CLIENT,7,2,100000,15,66,0,4728,6309,813,72,257,459,68800.51200000003,45,False,False
161,19,-526.052158685403,110.65207999984494,1.0,CLIENT,7,2,100000,13,25,0,8849,9892,890,724,282,574,26060.80000000001,49,False,False
161,20,290.790163308543,-505.50412000036033,1.0,CLIENT,7,2,100000,9,9,0,8288,9802,1008,481,290,689,9381.888,49,False,False
161,21,-758.5417063049839,-544.4661200000718,1.0,CLIENT,7,2,100000,17,61,0,6373,7750,897,112,253,555,63588.352000000035,48,False,False
161,22,-571.2034507276143,-108.42567999992923,1.0,CLIENT,7,2,100000,9,20,0,8436,9764,897,652,279,575,20848.640000000007,49,False,False
161,23,875.5390016483141,391.84640000019414,1.0,CLIENT,7,2,100000,14,41,0,6111,8227,912,331,278,575,42739.71200000002,47,False,False
161,24,945.4838979169477,-383.9426800003747,1.0,CLIENT,7,2,100000,10,24,0,5569,7250,927,143,274,564,25018.36800000001,45,False,False
161,25,-975.1886953133911,-294.9980000003012,1.0,CLIENT,7,2,100000,12,91,0,6082,7444,844,208,247,466,94861.31200000005,44,False,False
161,26,-522.4875829978748,266.1661199995339,1.0,CLIENT,7,2,100000,12,27,0,8599,9694,918,566,285,597,28145.66400000001,49,False,False
161,27,-596.4723317122987,129.46515999980505,1.0,CLIENT,7,2,100000,11,48,0,8566,9570,854,681,277,531,50036.736000000026,49,False,False
161,28,366.83444464229,-351.77120000012934,1.0,CLIENT,7,2,100000,17,32,0,8911,10186,1000,559,287,670,33357.824000000015,49,False,False
161,29,36.35867201267489,853.9357200002206,1.0,CLIENT,7,2,100000,12,41,0,6752,8470,884,491,281,527,42739.71200000002,48,False,False
161,30,62.657319306739396,322.8279999996431,1.0,CLIENT,7,2,100000,10,23,0,10098,10664,802,1228,276,504,23975.93600000001,49,False,False
161,31,82.61894315712235,-484.57596000020345,1.0,CLIENT,7,2,100000,15,19,0,8810,10119,930,754,282,616,19806.208000000006,49,False,False
161,32,575.7185799311037,-254.14355999983087,1.0,CLIENT,7,2,100000,11,30,0,8457,9851,1014,529,295,666,31272.960000000014,49,False,False
161,33,-952.375410913436,-924.4012800002818,1.0,CLIENT,7,2,100000,11,230,0,3984,5509,563,5,229,305,239759.36000000013,36,False,False
161,34,-116.12595462022496,-645.5446800003583,1.0,CLIENT,7,2,100000,11,72,0,7719,9148,822,592,278,472,75055.10400000004,49,False,False
161,35,726.6189507029425,534.3359999995457,1.0,CLIENT,7,2,100000,9,26,0,6335,8746,950,254,275,628,27103.23200000001,48,False,False
161,36,-629.2664280374453,-487.136320000067,1.0,CLIENT,7,2,100000,8,14,0,7074,8575,974,213,268,636,14594.048000000004,48,False,False
161,37,-58.300615689524925,879.5393199996468,1.0,CLIENT,7,2,100000,14,37,0,6505,8209,908,395,281,563,38569.98400000002,48,False,False
161,38,-441.76974687380067,314.5903199998759,1.0,CLIENT,7,2,100000,13,25,0,8810,9878,940,612,286,615,26060.80000000001,49,False,False
161,39,-740.8772534536181,738.2742399995766,1.0,CLIENT,7,2,100000,17,48,0,5906,7315,859,168,249,535,50036.736000000026,42,False,False
161,40,683.7648296597482,-774.6758800002156,1.0,CLIENT,7,2,100000,13,149,0,5144,6832,759,94,256,411,155322.36800000007,46,False,False
161,41,-1.2674046890740152,852.1545999999717,1.0,CLIENT,7,2,100000,12,30,0,6790,8508,891,477,280,555,31272.960000000014,48,False,False
161,42,-52.99335855466068,-473.88924000029164,1.0,CLIENT,7,2,100000,17,18,0,8781,10154,858,836,280,560,18763.776000000005,49,False,False
161,43,-498.0108299440024,331.8449199998159,1.0,CLIENT,7,2,100000,15,25,0,8511,9649,933,533,284,614,26060.80000000001,49,False,False
161,44,787.2959501837776,958.687839999933,1.0,CLIENT,7,2,100000,17,224,0,3652,5569,611,33,231,292,233504.76800000013,45,False,False
161,45,142.3453891214334,-240.7851600003366,1.0,CLIENT,7,2,100000,16,24,0,9985,10638,828,1045,291,519,25018.36800000001,49,False,False
161,46,-460.78081720765954,546.8038399997065,1.0,CLIENT,7,2,100000,12,30,0,7865,9278,979,392,276,631,31272.960000000014,49,False,False
161,47,-399.9453921405494,-385.27852000016594,1.0,CLIENT,7,2,100000,14,30,0,8327,9914,958,570,283,637,31272.960000000014,49,False,False
161,48,-425.9271882626268,-421.90280000024273,1.0,CLIENT,7,2,100000,11,19,0,8106,9716,975,478,281,662,19806.208000000006,49,False,False
161,49,-152.80147780544976,-55.88264000049463,1.0,CLIENT,7,2,100000,12,12,0,10401,10810,826,1305,282,533,12509.184000000003,49,False,False

162,0,-598.6902899178967,392.40299999957983,1.0,CLIENT,7,2,100000,13,31,0,6703,8503,989,284,273,650,32315.392000000014,48,False,False
162,1,458.6420717943547,-415.4462399999335,1.0,CLIENT,7,2,100000,14,23,0,7916,9358,1010,448,282,666,23975.93600000001,49,False,False
162,2,792.3655689395109,58.776959999514986,1.0,CLIENT,7,2,100000,10,55,0,7358,8477,767,756,274,433,57333.76000000003,48,False,False
162,3,-1.2674046890740152,680.9444399995718,1.0,CLIENT,7,2,100000,12,29,0,7443,8532,849,719,278,530,30230.528000000013,49,False,False
162,4,-483.6733144004709,294.9979999995102,1.0,CLIENT,7,2,100000,15,30,0,7663,9323,988,481,274,654,31272.960000000014,49,False,False
162,5,913.7987806940373,196.14583999993044,1.0,CLIENT,7,2,100000,9,80,0,6581,7743,796,571,272,426,83394.56000000004,46,False,False
162,6,-834.902838811281,55.882639999703656,1.0,CLIENT,7,2,100000,12,42,0,6673,7912,830,577,273,502,43782.14400000002,47,False,False
162,7,773.1168602265209,-745.3987199997814,1.0,CLIENT,7,2,100000,18,73,0,5078,6638,869,89,248,521,76097.53600000004,43,False,False
162,8,939.9390024029525,623.3920000001291,1.0,CLIENT,7,2,100000,10,30,0,4884,6439,896,102,260,563,31272.960000000014,42,False,False
162,9,-638.0590480669816,-49.314760000466435,1.0,CLIENT,7,2,100000,14,19,0,7793,8838,812,801,282,495,19806.208000000006,49,False,False
162,10,145.9099648089616,697.5311199996162,1.0,CLIENT,7,2,100000,12,30,0,7341,8496,813,700,279,495,31272.960000000014,48,False,False
162,11,196.44772677889316,52.988319999892326,1.0,CLIENT,7,2,100000,10,11,0,9857,10443,738,1412,276,448,11466.752000000002,49,False,False
162,12,-942.5530245745194,-556.6000000002848,1.0,CLIENT,7,2,100000,15,85,0,5020,6289,854,92,251,487,88606.72000000004,43,False,False
162,13,294.5131645823462,460.5308400000064,1.0,CLIENT,7,2,100000,15,11,0,8155,9554,921,780,288,604,11466.752000000002,49,False,False
162,14,160.2474803519304,-587.6582800001768,1.0,CLIENT,7,2,100000,13,9,0,7833,9244,940,647,284,620,9381.888,49,False,False
162,15,813.990661443811,-757.8665599999422,1.0,CLIENT,7,2,100000,9,43,0,4832,6396,880,84,257,525,44824.57600000002,43,False,False
162,16,-902.2337129089103,-992.3064800004795,1.0,CLIENT,7,2,100000,16,175,0,3859,5063,655,52,237,307,182425.6000000001,37,False,False
162,17,771.5326043654599,924.5126000000007,1.0,CLIENT,7,2,100000,14,50,0,4252,5713,856,43,251,500,52121.60000000003,40,False,False
162,18,336.09988093646643,-841.0226000003931,1.0,CLIENT,7,2,100000,15,55,0,5888,7416,943,264,270,583,57333.76000000003,47,False,False
162,19,50.696187555643675,23.71115999945829,1.0,CLIENT,7,2,100000,8,12,0,9999,10487,682,1530,279,396,12509.184000000003,49,False,False
162,20,-997.3682773693721,108.75963999987704,1.0,CLIENT,7,2,100000,10,118,0,5680,7181,740,440,267,404,123006.97600000007,41,False,False
162,21,636.5540049982138,-503.2777200004446,1.0,CLIENT,7,2,100000,17,46,0,6758,8449,958,247,275,595,47951.872000000025,47,False,False
162,22,-922.1953367587305,146.94239999997393,1.0,CLIENT,7,2,100000,10,26,0,6109,7448,867,463,275,529,27103.23200000001,44,False,False
162,23,-245.00516892292046,-87.0522400001056,1.0,CLIENT,7,2,100000,11,25,0,9399,10178,663,1335,279,356,26060.80000000001,49,False,False
162,24,-323.10898287599053,-23.82247999996821,1.0,CLIENT,7,2,100000,9,9,0,9154,9993,741,1190,286,436,9381.888,49,False,False
162,25,-832.3680294331327,470.5496400000226,1.0,CLIENT,7,2,100000,12,28,0,5586,6952,942,142,267,590,29188.096000000012,46,False,False
162,26,523.5965621001111,352.77307999997277,1.0,CLIENT,7,2,100000,12,26,0,7766,9365,953,598,280,631,27103.23200000001,48,False,False
162,27,751.491767722221,740.8346000002311,1.0,CLIENT,7,2,100000,13,39,0,5020,6856,911,81,262,575,40654.84800000002,45,False,False
162,28,269.79877314877996,-737.7176400001908,1.0,CLIENT,7,2,100000,17,40,0,6634,8267,949,396,269,610,41697.28000000002,49,False,False
162,29,21.9419436762872,667.9200000000253,1.0,CLIENT,7,2,100000,12,37,0,7513,8605,832,738,276,511,38569.98400000002,49,False,False
162,30,22.10036926256216,-908.2598799999041,1.0,CLIENT,7,2,100000,10,67,0,5996,7541,821,462,270,475,69842.94400000003,45,False,False
162,31,-805.6733181736623,548.4736400002364,1.0,CLIENT,7,2,100000,15,54,0,5512,6730,914,108,255,577,56291.32800000003,45,False,False
162,32,-263.54096249795447,-762.4306800002836,1.0,CLIENT,7,2,100000,12,27,0,6627,8157,929,471,279,592,28145.66400000001,46,False,False
162,33,-384.7365358733498,-35.845040000462234,1.0,CLIENT,7,2,100000,10,12,0,8887,9821,760,1099,281,458,12509.184000000003,49,False,False
162,34,223.61771479718854,496.48720000018756,1.0,CLIENT,7,2,100000,11,12,0,8140,9484,849,851,284,540,12509.184000000003,49,False,False
162,35,29.78401018873663,850.9300799998994,1.0,CLIENT,7,2,100000,9,93,0,6941,7745,793,614,278,443,96946.17600000005,47,False,False
162,36,-163.8912688334403,-828.1094799997745,1.0,CLIENT,7,2,100000,7,17,0,6391,7999,896,497,281,561,17721.344000000005,46,False,False
162,37,765.0371553349405,-562.1660000004695,1.0,CLIENT,7,2,100000,14,41,0,5893,7682,926,156,267,581,42739.71200000002,46,False,False
162,38,704.5977942332364,21.37343999982363,1.0,CLIENT,7,2,100000,13,27,0,7768,8878,790,821,274,478,28145.66400000001,49,False,False
162,39,-642.5741772710339,934.3087599997881,1.0,CLIENT,7,2,100000,19,239,0,5044,6050,713,39,241,385,249141.24800000014,41,False,False
162,40,36.833948770936935,555.4867999999315,1.0,CLIENT,7,2,100000,11,19,0,7993,9308,811,867,279,503,19806.208000000006,49,False,False
162,41,-258.2337053630902,-870.6337199999839,1.0,CLIENT,7,2,100000,13,41,0,6108,7610,898,390,273,548,42739.71200000002,45,False,False
162,42,-386.1623661486988,-881.5430800001246,1.0,CLIENT,7,2,100000,18,43,0,5811,7231,918,282,274,577,44824.57600000002,44,False,False
162,43,-729.8666752190463,846.3659599995581,1.0,CLIENT,7,2,100000,16,49,0,5091,6018,902,36,250,516,51079.16800000003,43,False,False
162,44,-23.050922779649092,-269.9510000002607,1.0,CLIENT,7,2,100000,12,19,0,9474,10196,725,1322,280,421,19806.208000000006,49,False,False
162,45,966.5545008695668,935.7559200000892,1.0,CLIENT,7,2,100000,21,238,0,3766,4748,632,7,237,316,248098.81600000014,38,False,False
162,46,831.1006247440588,826.1057200000878,1.0,CLIENT,7,2,100000,12,36,0,4393,6000,864,29,254,531,37527.55200000002,40,False,False
162,47,-626.6524058670041,-890.8939600002452,1.0,CLIENT,7,2,100000,15,98,0,5093,6409,822,120,254,475,102158.33600000005,43,False,False
162,48,456.1072624162067,722.2441599997089,1.0,CLIENT,7,2,100000,11,42,0,6561,8048,988,344,274,660,43782.14400000002,47,False,False
162,49,931.9385103042281,-857.4979599999276,1.0,CLIENT,7,2,100000,19,225,0,3957,5371,648,45,238,304,234547.20000000013,40,False,False

163,0,672.2789746663517,978.9480800001943,1.0,CLIENT,7,2,100000,13,34,0,5676,7192,930,102,270,603,35442.68800000002,40,False,False
163,1,600.987460915788,932.3050000001012,1.0,CLIENT,7,2,100000,15,31,0,6206,7587,960,161,271,623,32315.392000000014,43,False,False
163,2,-506.48659880098893,196.0345200002115,1.0,CLIENT,7,2,100000,10,24,0,7868,9473,981,618,280,652,25018.36800000001,49,False,False
163,3,788.5633548728517,-764.3231200002515,1.0,CLIENT,7,2,100000,13,197,0,4913,6259,675,55,238,339,205359.1040000001,46,False,False
163,4,-591.0066489917223,367.912599999716,1.0,CLIENT,7,2,100000,15,33,0,7099,8751,985,401,275,658,34400.256000000016,49,False,False
163,5,54.26076324317186,-228.65128000012362,1.0,CLIENT,7,2,100000,8,25,0,9807,10501,716,1315,276,419,26060.80000000001,49,False,False
163,6,825.6349420229195,-229.5418400002481,1.0,CLIENT,7,2,100000,13,29,0,7115,8759,958,350,277,622,30230.528000000013,48,False,False
163,7,620.553020800765,869.8544799995784,1.0,CLIENT,7,2,100000,18,52,0,6461,7790,957,164,269,629,54206.46400000003,44,False,False
163,8,-925.5222740671276,-635.4145599998321,1.0,CLIENT,7,2,100000,10,40,0,4441,5411,887,120,261,549,41697.28000000002,39,False,False
163,9,813.43617189213,257.0378799996422,1.0,CLIENT,7,2,100000,14,25,0,7516,8878,979,451,275,668,26060.80000000001,46,False,False
163,10,948.1771328808079,93.6201200001338,1.0,CLIENT,7,2,100000,12,84,0,6934,8347,820,490,271,470,87564.28800000004,44,False,False
163,11,340.0605205894006,789.0361599995532,1.0,CLIENT,7,2,100000,14,32,0,7588,8603,1003,343,281,649,33357.824000000015,47,False,False
163,12,-548.3901663276591,-749.2949200002272,1.0,CLIENT,7,2,100000,15,42,0,4943,6518,918,121,256,591,43782.14400000002,44,False,False
163,13,888.5298997093529,-204.8288000001554,1.0,CLIENT,7,2,100000,17,34,0,6904,8486,934,379,279,598,35442.68800000002,48,False,False
163,14,964.0989042848378,-429.80652000006216,1.0,CLIENT,7,2,100000,14,75,0,5118,7295,804,89,249,453,78182.40000000004,47,False,False
163,15,-709.0337106449955,-910.0410000001532,1.0,CLIENT,7,2,100000,9,59,0,4204,5153,821,34,252,471,61503.488000000034,37,False,False
163,16,-312.33604302054994,-420.67828000017045,1.0,CLIENT,7,2,100000,15,18,0,7711,9406,1001,662,283,689,18763.776000000005,49,False,False
163,17,75.727430161197,-790.0380400001876,1.0,CLIENT,7,2,100000,13,52,0,6628,8091,843,484,277,497,54206.46400000003,48,False,False
163,18,-208.96334808223267,182.7874399996452,1.0,CLIENT,7,2,100000,14,20,0,9699,10533,815,1143,287,509,20848.640000000007,49,False,False
163,19,972.2578219698372,26.048879999883923,1.0,CLIENT,7,2,100000,14,31,0,6845,8253,864,476,275,521,32315.392000000014,44,False,False
163,20,-922.9082518966864,595.3393599997673,1.0,CLIENT,7,2,100000,11,227,0,4649,6315,648,120,239,343,236632.06400000013,41,False,False
163,21,-828.4866025736176,-254.47751999977868,1.0,CLIENT,7,2,100000,17,48,0,5627,6885,942,314,262,603,50036.736000000026,46,False,False
163,22,-494.4462542564743,717.7913599998774,1.0,CLIENT,7,2,100000,10,62,0,6332,8086,858,234,266,520,64630.784000000036,48,False,False
163,23,591.5611385422776,315.14692000005255,1.0,CLIENT,7,2,100000,13,10,0,8604,9518,1016,633,288,682,10424.320000000002,49,False,False
163,24,-460.78081720765954,286.87163999946193,1.0,CLIENT,7,2,100000,9,12,0,8073,9668,1019,583,283,705,12509.184000000003,49,False,False
163,25,273.6802000082952,725.1384799995202,1.0,CLIENT,7,2,100000,11,20,0,7982,9006,979,494,288,640,20848.640000000007,49,False,False
163,26,726.9358018749296,183.4553599995408,1.0,CLIENT,7,2,100000,12,23,0,8125,9247,919,633,282,598,23975.93600000001,49,False,False
163,27,167.45584452040566,641.3145199999647,1.0,CLIENT,7,2,100000,11,14,0,8336,9477,946,622,285,630,14594.048000000004,49,False,False
163,28,-955.385497049283,-111.09736000030267,1.0,CLIENT,7,2,100000,17,105,0,5350,6554,890,255,258,532,109455.36000000006,43,False,False
163,29,-365.0125504026607,-721.2422799998654,1.0,CLIENT,7,2,100000,12,36,0,5717,7549,952,279,271,614,37527.55200000002,45,False,False
163,30,-376.41919260263836,-505.28148000013147,1.0,CLIENT,7,2,100000,10,27,0,6814,8781,1027,422,275,714,28145.66400000001,48,False,False
163,31,-194.22976857385788,608.3638000001048,1.0,CLIENT,7,2,100000,15,26,0,8001,9598,903,583,286,587,27103.23200000001,49,False,False
163,32,476.62337581770777,99.07479999980865,1.0,CLIENT,7,2,100000,11,17,0,9331,10089,858,946,283,538,17721.344000000005,49,False,False
163,33,314.95006519042835,-342.97692000018543,1.0,CLIENT,7,2,100000,11,23,0,8924,10255,983,654,286,659,23975.93600000001,49,False,False
163,34,54.02312486404084,764.7683999999183,1.0,CLIENT,7,2,100000,11,24,0,7777,8977,901,569,285,572,25018.36800000001,49,False,False
163,35,-816.7631092010901,-582.5375600004497,1.0,CLIENT,7,2,100000,9,20,0,4817,5960,945,147,263,617,20848.640000000007,43,False,False
163,36,873.796320200978,331.95623999953483,1.0,CLIENT,7,2,100000,8,26,0,7075,8512,999,374,280,641,27103.23200000001,45,False,False
163,37,26.773924052889395,-835.4566000002083,1.0,CLIENT,7,2,100000,14,76,0,6272,7789,809,451,270,452,79224.83200000004,47,False,False
163,38,103.21426935147947,414.33303999958014,1.0,CLIENT,7,2,100000,13,13,0,9346,10324,876,998,285,564,13551.616000000004,49,False,False
163,39,148.1279230145597,-233.99464000007953,1.0,CLIENT,7,2,100000,15,17,0,9709,10532,821,1141,285,517,17721.344000000005,49,False,False
163,40,554.4895513922096,-796.8285600004447,1.0,CLIENT,7,2,100000,13,45,0,5643,7183,862,142,254,509,46909.440000000024,48,False,False
163,41,418.0059089561957,853.156479999815,1.0,CLIENT,7,2,100000,12,58,0,7192,8269,958,270,276,593,60461.05600000003,46,False,False
163,42,-464.5830312743188,-120.89352000009,1.0,CLIENT,7,2,100000,17,26,0,7851,9454,919,697,278,595,27103.23200000001,49,False,False
163,43,-41.26986518269599,906.9240400001129,1.0,CLIENT,7,2,100000,16,80,0,6801,8249,817,463,272,478,83394.56000000004,48,False,False
163,44,-466.80098947991684,819.2038800001117,1.0,CLIENT,7,2,100000,14,61,0,5938,7668,837,219,263,497,63588.352000000035,48,False,False
163,45,-865.3997641379733,-739.0534799999821,1.0,CLIENT,7,2,100000,19,193,0,4281,5209,727,52,234,383,201189.3760000001,38,False,False
163,46,-208.2504329448396,-182.5648000002073,1.0,CLIENT,7,2,100000,11,13,0,9432,10266,804,1216,280,508,13551.616000000004,49,False,False
163,47,957.6826680471744,820.0944400002362,1.0,CLIENT,7,2,100000,15,49,0,5507,6787,915,68,253,582,51079.16800000003,41,False,False
163,48,981.6049315504915,984.514079999588,1.0,CLIENT,7,2,100000,13,213,0,4794,6016,680,26,243,361,222038.01600000012,37,False,False
163,49,749.9867246545787,-302.233800000225,1.0,CLIENT,7,2,100000,16,38,0,7231,9022,935,319,269,607,39612.41600000002,49,False,False

164,0,-309.6428080566898,-771.1136400005086,1.0,CLIENT,7,2,100000,13,25,0,7937,9231,1030,238,285,688,26060.80000000001,49,False,False
164,1,-804.5643390708634,-373.5899200004107,1.0,CLIENT,7,2,100000,15,43,0,7929,9075,970,277,281,606,44824.57600000002,48,False,False
164,2,-708.2415827147463,480.79107999947666,1.0,CLIENT,7,2,100000,11,22,0,6842,8751,969,163,263,635,22933.504000000008,49,False,False
164,3,253.63936336505617,-908.8164800000809,1.0,CLIENT,7,2,100000,12,67,0,7059,8601,877,231,277,516,69842.94400000003,48,False,False
164,4,-663.8032058099282,-947.3332000001255,1.0,CLIENT,7,2,100000,16,116,0,6210,7565,856,60,257,482,120922.11200000007,43,False,False
164,5,-62.578106514446176,-945.5520799998766,1.0,CLIENT,7,2,100000,9,46,0,7202,8650,968,202,280,603,47951.872000000025,48,False,False
164,6,-617.5429346654806,-764.2118000005325,1.0,CLIENT,7,2,100000,13,41,0,7244,8552,979,116,270,616,42739.71200000002,47,False,False
164,7,-493.57491353280625,416.1141599998291,1.0,CLIENT,7,2,100000,17,24,0,8096,9936,1010,413,278,698,25018.36800000001,49,False,False
164,8,-914.0364190742939,575.9696799996306,1.0,CLIENT,7,2,100000,10,56,0,5560,7197,870,31,253,506,58376.19200000003,45,False,False
164,9,-130.78032133574368,-943.9935999998565,1.0,CLIENT,7,2,100000,16,36,0,7167,8628,985,181,276,643,37527.55200000002,48,False,False
164,10,-482.08905853940973,-44.75064000012509,1.0,CLIENT,7,2,100000,12,18,0,9641,10661,905,844,295,593,18763.776000000005,49,False,False
164,11,-223.69692759060743,595.3393599997673,1.0,CLIENT,7,2,100000,14,22,0,7847,9571,1005,475,290,667,22933.504000000008,49,False,False
164,12,-600.6706097443638,-879.6506400001567,1.0,CLIENT,7,2,100000,15,76,0,6744,8080,923,88,267,550,79224.83200000004,45,False,False
164,13,22.021156469143257,301.2319199995906,1.0,CLIENT,7,2,100000,14,8,0,9979,10843,850,1167,291,553,8339.456,49,False,False
164,14,516.9426874833167,770.6683600000508,1.0,CLIENT,7,2,100000,14,47,0,6063,7723,897,208,276,564,48994.304000000026,46,False,False
164,15,-961.3264565286844,-254.14355999983087,1.0,CLIENT,7,2,100000,9,62,0,7281,8605,892,297,275,525,64630.784000000036,47,False,False
164,16,-135.5330889194898,-60.112800000097195,1.0,CLIENT,7,2,100000,13,17,0,10851,11038,778,1407,287,478,17721.344000000005,49,False,False
164,17,-188.36802188787553,-66.45803999989653,1.0,CLIENT,7,2,100000,9,7,0,10766,11043,802,1349,285,511,7297.023999999999,49,False,False
164,18,-362.6361666107876,-567.0640799999677,1.0,CLIENT,7,2,100000,15,32,0,8790,9910,1054,334,286,711,33357.824000000015,49,False,False
164,19,-16.634686541985797,-314.9242799998237,1.0,CLIENT,7,2,100000,11,14,0,10361,10881,916,970,298,592,14594.048000000004,49,False,False
164,20,632.3557269661486,210.84008000000694,1.0,CLIENT,7,2,100000,10,19,0,7844,9509,1043,281,285,710,19806.208000000006,49,False,False
164,21,-770.5028380566426,962.6953600000977,1.0,CLIENT,7,2,100000,18,254,0,4656,6160,607,21,234,326,264777.72800000006,39,False,False
164,22,316.29668267235843,356.78060000013744,1.0,CLIENT,7,2,100000,9,16,0,8837,10304,989,650,293,671,16678.912000000004,49,False,False
164,23,918.1554843123773,-233.77199999985066,1.0,CLIENT,7,2,100000,14,103,0,6167,8030,850,207,270,462,107370.49600000006,47,False,False
164,24,361.6064003002818,-840.1320400002686,1.0,CLIENT,7,2,100000,10,38,0,7201,8836,916,257,289,552,39612.41600000002,48,False,False
164,25,-428.3035720544999,-119.44635999978885,1.0,CLIENT,7,2,100000,10,7,0,9878,10748,938,864,294,620,7297.023999999999,49,False,False
164,26,247.14391433453682,-670.3690400001699,1.0,CLIENT,7,2,100000,12,27,0,8497,9946,967,408,294,622,28145.66400000001,48,False,False
164,27,514.8039420711376,-442.60832000017075,1.0,CLIENT,7,2,100000,11,35,0,8684,10073,924,539,296,584,36485.12000000002,49,False,False
164,28,35.80418246099394,165.42151999998623,1.0,CLIENT,7,2,100000,15,17,0,10616,10995,768,1379,286,473,17721.344000000005,49,False,False
164,29,-327.2280481146368,-770.7796799997698,1.0,CLIENT,7,2,100000,12,34,0,7868,9193,1031,196,281,671,35442.68800000002,49,False,False
164,30,327.78253766575494,-597.677080000193,1.0,CLIENT,7,2,100000,10,30,0,8720,10131,989,473,299,657,31272.960000000014,49,False,False
164,31,688.1215332775256,703.097119999801,1.0,CLIENT,7,2,100000,15,67,0,5588,7322,844,134,259,502,69842.94400000003,45,False,False
164,32,-326.59434577066264,-798.4983600001838,1.0,CLIENT,7,2,100000,12,35,0,7718,9063,1012,189,278,665,36485.12000000002,49,False,False
164,33,-104.95695079937838,519.5304399997502,1.0,CLIENT,7,2,100000,11,25,0,8551,10119,907,722,284,584,26060.80000000001,49,False,False
164,34,-572.7877065886754,-907.3693199997797,1.0,CLIENT,7,2,100000,12,28,0,6671,7969,971,89,269,625,29188.096000000012,45,False,False
164,35,-339.8228822108324,879.8732799995946,1.0,CLIENT,7,2,100000,9,70,0,6639,7634,912,228,275,548,72970.24000000003,48,False,False
164,36,989.3677852695222,-35.0658000000567,1.0,CLIENT,7,2,100000,8,25,0,5806,7522,939,153,274,563,26060.80000000001,46,False,False
164,37,554.0142746339476,-815.5303199998948,1.0,CLIENT,7,2,100000,14,41,0,6538,8335,886,191,282,525,42739.71200000002,46,False,False
164,38,835.2196899827052,-401.7538800004914,1.0,CLIENT,7,2,100000,14,103,0,6622,8395,833,266,267,478,107370.49600000006,47,False,False
164,39,-639.7225167208989,-18.367800000293357,1.0,CLIENT,7,2,100000,16,25,0,8804,10092,887,676,289,574,26060.80000000001,49,False,False
164,40,-541.0233765729088,79.03719999977625,1.0,CLIENT,7,2,100000,11,21,0,9327,10528,907,764,288,590,21891.072000000007,49,False,False
164,41,205.00270842873564,151.8404799994721,1.0,CLIENT,7,2,100000,12,17,0,10204,10921,886,1077,299,561,17721.344000000005,49,False,False
164,42,515.4376444156745,723.1347199998334,1.0,CLIENT,7,2,100000,18,53,0,6330,7927,898,254,276,563,55248.89600000003,46,False,False
164,43,-861.2014861059082,110.87472000007381,1.0,CLIENT,7,2,100000,16,97,0,7557,8825,837,439,272,496,101115.90400000005,49,False,False
164,44,677.586231801216,228.65128000012362,1.0,CLIENT,7,2,100000,14,38,0,7426,9146,995,265,282,653,39612.41600000002,49,False,False
164,45,158.10873493975117,-100.96723999977655,1.0,CLIENT,7,2,100000,16,28,0,10628,10935,751,1265,293,440,29188.096000000012,49,False,False
164,46,872.845766684454,550.4773999999234,1.0,CLIENT,7,2,100000,13,202,0,5176,6806,729,80,260,402,210571.2640000001,43,False,False
164,47,-199.8538768807092,669.5897999997644,1.0,CLIENT,7,2,100000,15,48,0,7518,9022,947,445,279,592,50036.736000000026,49,False,False
164,48,-479.1581851964186,229.54183999945712,1.0,CLIENT,7,2,100000,11,23,0,9336,10562,948,740,288,638,23975.93600000001,49,False,False
164,49,574.3719624491737,577.5281599996506,1.0,CLIENT,7,2,100000,17,34,0,6686,8328,947,231,275,639,35442.68800000002,48,False,False

165,0,-251.1837667808899,665.5822799995997,1.0,CLIENT,7,2,100000,13,26,0,8175,9335,995,455,291,654,27103.23200000001,49,False,False
165,1,-929.9581904783238,294.6640399995624,1.0,CLIENT,7,2,100000,15,52,0,5787,7485,885,302,272,539,54206.46400000003,46,False,False
165,2,689.4681507594556,156.62724000004232,1.0,CLIENT,7,2,100000,10,20,0,7695,9003,971,493,289,605,20848.640000000007,49,False,False
165,3,-115.01697551798875,-947.3332000001255,1.0,CLIENT,7,2,100000,12,126,0,4817,6379,806,356,265,444,131346.43200000006,43,False,False
165,4,272.49200811264006,-595.6733200005061,1.0,CLIENT,7,2,100000,15,30,0,6710,8632,1005,443,283,662,31272.960000000014,49,False,False
165,5,39.1311197693911,-155.84800000042776,1.0,CLIENT,7,2,100000,8,13,0,10200,10793,691,1518,278,397,13551.616000000004,49,False,False
165,6,441.92817245951284,604.2449600002212,1.0,CLIENT,7,2,100000,13,30,0,8024,9445,998,338,288,663,31272.960000000014,49,False,False
165,7,-559.5591701485056,958.0199200000374,1.0,CLIENT,7,2,100000,18,83,0,5788,7246,870,111,265,515,86521.85600000004,42,False,False
165,8,-858.8251023140352,-245.68323999983477,1.0,CLIENT,7,2,100000,10,93,0,6083,7792,847,375,268,489,96946.17600000005,48,False,False
165,9,-514.5663036925694,319.82236000011284,1.0,CLIENT,7,2,100000,14,26,0,8631,9925,1008,560,296,653,27103.23200000001,49,False,False
165,10,539.9936102629658,874.6412400001486,1.0,CLIENT,7,2,100000,12,47,0,6339,8067,933,112,280,576,48994.304000000026,46,False,False
165,11,427.03616736486305,912.1560799995589,1.0,CLIENT,7,2,100000,14,38,0,6597,8185,954,161,281,599,39612.41600000002,46,False,False
165,12,-683.6856168668921,-272.84532000007204,1.0,CLIENT,7,2,100000,15,39,0,7004,8845,916,518,279,585,40654.84800000002,49,False,False
165,13,58.934318033499096,-426.02164000012635,1.0,CLIENT,7,2,100000,14,16,0,8413,10052,840,910,286,530,16678.912000000004,49,False,False
165,14,299.42435775180445,-421.457519999785,1.0,CLIENT,7,2,100000,13,20,0,7760,9653,1018,631,288,696,20848.640000000007,49,False,False
165,15,538.2509288156298,150.72727999990974,1.0,CLIENT,7,2,100000,8,21,0,8452,9806,960,632,290,629,21891.072000000007,49,False,False
165,16,676.4772526984169,845.9206799998913,1.0,CLIENT,7,2,100000,16,60,0,5920,7646,879,105,272,526,62545.920000000035,45,False,False
165,17,-42.141205906364014,-885.1053199998316,1.0,CLIENT,7,2,100000,13,39,0,5230,6771,885,424,278,528,40654.84800000002,47,False,False
165,18,873.1626178564411,769.4438399999785,1.0,CLIENT,7,2,100000,15,194,0,5553,6970,712,83,259,377,202231.8080000001,44,False,False
165,19,-781.1965651192271,692.633040000118,1.0,CLIENT,7,2,100000,14,24,0,5533,7423,910,98,271,561,25018.36800000001,45,False,False
165,20,-878.1530238198811,376.9295199998888,1.0,CLIENT,7,2,100000,10,21,0,5947,7769,932,267,281,603,21891.072000000007,46,False,False
165,21,321.5247270143666,370.1389999996317,1.0,CLIENT,7,2,100000,15,14,0,9262,10311,1004,687,299,679,14594.048000000004,49,False,False
165,22,-702.538261614476,469.6590799998981,1.0,CLIENT,7,2,100000,10,18,0,6815,8677,979,290,283,629,18763.776000000005,48,False,False
165,23,674.813784043937,538.3435199997103,1.0,CLIENT,7,2,100000,14,11,0,7210,8677,978,263,284,650,11466.752000000002,47,False,False
165,24,-555.5985304955715,-632.7428800002497,1.0,CLIENT,7,2,100000,10,21,0,5512,7805,939,232,270,618,21891.072000000007,47,False,False
165,25,118.26470003240416,36.624280000076794,1.0,CLIENT,7,2,100000,8,22,0,10420,10831,688,1546,288,385,22933.504000000008,49,False,False
165,26,301.4838903711276,868.2959999995583,1.0,CLIENT,7,2,100000,12,41,0,7188,8597,980,225,287,618,42739.71200000002,47,False,False
165,27,602.0172272257311,462.64592000020315,1.0,CLIENT,7,2,100000,12,23,0,7719,9189,998,307,291,656,23975.93600000001,48,False,False
165,28,787.1375245975028,-871.6355999998274,1.0,CLIENT,7,2,100000,17,216,0,4265,5322,678,42,244,338,225165.31200000012,38,False,False
165,29,95.76826680443602,829.8906000000236,1.0,CLIENT,7,2,100000,12,44,0,7592,8826,959,372,292,616,45867.00800000002,49,False,False
165,30,-799.8115714871171,896.2373200002012,1.0,CLIENT,7,2,100000,10,56,0,4939,6411,834,52,259,499,58376.19200000003,41,False,False
165,31,734.302591629117,-380.8257200003345,1.0,CLIENT,7,2,100000,15,41,0,6407,7926,943,319,270,594,42739.71200000002,47,False,False
165,32,-684.6361703839791,726.8082800000502,1.0,CLIENT,7,2,100000,13,33,0,5943,7838,921,142,268,578,34400.256000000016,46,False,False
165,33,-128.64157592356446,811.9680800001879,1.0,CLIENT,7,2,100000,11,56,0,7665,8780,921,433,289,551,58376.19200000003,48,False,False
165,34,-651.0499461280205,486.5797199998903,1.0,CLIENT,7,2,100000,12,21,0,7134,8920,984,294,286,640,21891.072000000007,48,False,False
165,35,98.06543780289019,583.3168000000643,1.0,CLIENT,7,2,100000,9,17,0,8893,9959,990,614,300,644,17721.344000000005,49,False,False
165,36,670.6947188052907,162.5272000001749,1.0,CLIENT,7,2,100000,8,47,0,7815,9128,946,513,292,575,48994.304000000026,49,False,False
165,37,225.20197065824962,-501.49660000019566,1.0,CLIENT,7,2,100000,14,24,0,7456,9362,982,612,280,654,25018.36800000001,49,False,False
165,38,-130.62189575003157,730.9271199999339,1.0,CLIENT,7,2,100000,13,28,0,8038,9208,960,485,290,624,29188.096000000012,49,False,False
165,39,-766.4629856108523,-828.7774000004612,1.0,CLIENT,7,2,100000,18,236,0,3625,5370,606,36,236,297,246013.95200000014,43,False,False
165,40,907.4617572497928,-325.9449600004743,1.0,CLIENT,7,2,100000,13,100,0,6056,7375,871,284,266,513,104243.20000000006,42,False,False
165,41,894.233220809623,-397.52372000009785,1.0,CLIENT,7,2,100000,12,42,0,5779,7169,915,225,270,567,43782.14400000002,42,False,False
165,42,-981.2880803785046,-663.4672000001939,1.0,CLIENT,7,2,100000,18,61,0,3561,5214,771,88,247,450,63588.352000000035,41,False,False
165,43,480.3463770915109,-742.61572000048,1.0,CLIENT,7,2,100000,16,43,0,5386,6931,941,182,266,608,44824.57600000002,46,False,False
165,44,456.18647520962554,-170.09696000004652,1.0,CLIENT,7,2,100000,13,19,0,8511,9833,923,789,293,593,19806.208000000006,49,False,False
165,45,29.546371809605606,421.56883999950395,1.0,CLIENT,7,2,100000,16,20,0,9613,10434,917,902,302,596,20848.640000000007,49,False,False
165,46,-353.68512099553914,853.267799999534,1.0,CLIENT,7,2,100000,12,34,0,7089,8365,987,272,283,635,35442.68800000002,48,False,False
165,47,611.8396135646476,-684.6179999997887,1.0,CLIENT,7,2,100000,15,50,0,5340,6908,905,128,261,574,52121.60000000003,44,False,False
165,48,-325.24772828873256,-645.0993999999005,1.0,CLIENT,7,2,100000,11,23,0,6417,8525,984,413,282,665,23975.93600000001,49,False,False
165,49,-957.0489657037631,641.0918799997359,1.0,CLIENT,7,2,100000,18,155,0,4748,6439,738,47,250,421,161576.96000000008,43,False,False

166,0,-974.475780175998,-709.4423600003913,1.0,CLIENT,7,2,100000,13,124,0,5293,6713,801,85,256,455,129261.56800000007,40,False,False
166,1,823.1001326453344,-818.2020000002683,1.0,CLIENT,7,2,100000,15,70,0,5568,7263,788,51,257,460,72970.24000000003,48,False,False
166,2,-490.72325298267117,434.37063999961254,1.0,CLIENT,7,2,100000,10,66,0,7755,9332,868,559,288,510,68800.51200000003,49,False,False
166,3,-740.2435511090811,-17.69988000039774,1.0,CLIENT,7,2,100000,12,37,0,7061,9038,997,239,279,656,38569.98400000002,49,False,False
166,4,978.6740582069376,-580.422480000253,1.0,CLIENT,7,2,100000,16,147,0,5648,7448,721,92,250,375,153237.50400000007,45,False,False
166,5,88.24305146397367,154.84611999979336,1.0,CLIENT,7,2,100000,8,14,0,10287,10620,842,1192,294,523,14594.048000000004,49,False,False
166,6,193.99213019416402,976.3877199995397,1.0,CLIENT,7,2,100000,14,50,0,4842,6239,880,62,260,520,52121.60000000003,48,False,False
166,7,-407.31218189473685,330.73171999946254,1.0,CLIENT,7,2,100000,17,30,0,8625,9891,900,695,291,563,31272.960000000014,49,False,False
166,8,283.42337355435563,-856.3847600003652,1.0,CLIENT,7,2,100000,10,42,0,7432,8900,911,244,277,548,43782.14400000002,49,False,False
166,9,619.840105663372,-511.7380400004407,1.0,CLIENT,7,2,100000,16,26,0,7904,9344,991,239,275,668,27103.23200000001,49,False,False
166,10,355.74465361429947,-780.798479999786,1.0,CLIENT,7,2,100000,12,27,0,7546,9136,937,226,279,604,28145.66400000001,49,False,False
166,11,353.60590820212025,-629.0693200000328,1.0,CLIENT,7,2,100000,14,10,0,8294,9808,1006,361,287,695,10424.320000000002,49,False,False
166,12,-520.3488375856956,-692.633040000118,1.0,CLIENT,7,2,100000,15,41,0,7568,8664,969,272,280,612,42739.71200000002,49,False,False
166,13,514.6455164848626,608.9203999994904,1.0,CLIENT,7,2,100000,17,31,0,6508,8338,976,185,277,644,32315.392000000014,48,False,False
166,14,-483.1980376422088,-317.37331999996826,1.0,CLIENT,7,2,100000,14,20,0,8640,9981,1022,452,289,696,20848.640000000007,49,False,False
166,15,-157.07896863037104,-375.7049999998165,1.0,CLIENT,7,2,100000,8,11,0,9795,10491,929,936,296,609,11466.752000000002,49,False,False
166,16,-180.28831699573223,-439.82532000007836,1.0,CLIENT,7,2,100000,15,20,0,9457,10312,943,808,300,613,20848.640000000007,49,False,False
166,17,44.042312938849356,728.7007200000181,1.0,CLIENT,7,2,100000,13,29,0,6426,8391,977,211,272,627,30230.528000000013,49,False,False
166,18,-919.7397401740012,330.50908000002465,1.0,CLIENT,7,2,100000,15,147,0,5839,7285,770,215,256,406,153237.50400000007,47,False,False
166,19,454.2853681760146,-553.9283199999113,1.0,CLIENT,7,2,100000,14,18,0,8337,9857,1004,329,287,694,18763.776000000005,49,False,False
166,20,-365.8046783329099,-651.110680000543,1.0,CLIENT,7,2,100000,9,19,0,8241,9272,1010,398,289,665,19806.208000000006,49,False,False
166,21,-135.8499400914769,17.58855999988782,1.0,CLIENT,7,2,100000,12,21,0,10408,10619,696,1392,286,403,21891.072000000007,49,False,False
166,22,291.5030784459361,869.2978800001927,1.0,CLIENT,7,2,100000,10,31,0,5171,6944,904,56,263,553,32315.392000000014,48,False,False
166,23,393.21230472977334,-610.1449200003537,1.0,CLIENT,7,2,100000,14,11,0,8306,9844,1010,330,283,680,11466.752000000002,49,False,False
166,24,397.09373158985153,-88.49940000040675,1.0,CLIENT,7,2,100000,9,16,0,9766,10431,890,937,291,578,16678.912000000004,49,False,False
166,25,-590.6897978191723,-626.6202799998882,1.0,CLIENT,7,2,100000,12,23,0,7479,8626,986,242,280,639,23975.93600000001,49,False,False
166,26,404.2228829649079,657.6785599997802,1.0,CLIENT,7,2,100000,12,34,0,6363,8432,968,141,275,616,35442.68800000002,48,False,False
166,27,704.5977942332364,-651.2220000002619,1.0,CLIENT,7,2,100000,12,41,0,6947,8518,916,149,267,576,42739.71200000002,49,False,False
166,28,-789.7515467690696,-589.4394000004257,1.0,CLIENT,7,2,100000,17,77,0,6558,7796,911,151,264,560,80267.26400000004,47,False,False
166,29,340.1397333822566,568.6225599999877,1.0,CLIENT,7,2,100000,12,31,0,7292,9179,1013,238,284,669,32315.392000000014,49,False,False
166,30,721.6285447400653,343.4221999998522,1.0,CLIENT,7,2,100000,10,41,0,7498,8791,926,415,279,586,42739.71200000002,48,False,False
166,31,594.7296502643998,784.138080000055,1.0,CLIENT,7,2,100000,15,102,0,4940,6924,829,44,257,473,106328.06400000006,45,False,False
166,32,-279.46273390198434,-32.839400000140984,1.0,CLIENT,7,2,100000,11,12,0,10107,10540,864,1096,295,562,12509.184000000003,49,False,False
166,33,135.53308891836414,-912.0447599998399,1.0,CLIENT,7,2,100000,11,102,0,7502,8749,813,347,274,451,106328.06400000006,49,False,False
166,34,-198.42804660592307,-178.00067999986595,1.0,CLIENT,7,2,100000,10,11,0,10253,10613,852,1177,296,535,11466.752000000002,49,False,False
166,35,-150.66273239270774,-715.6762800004717,1.0,CLIENT,7,2,100000,9,21,0,8440,9416,930,514,291,599,21891.072000000007,49,False,False
166,36,739.6890615568373,-70.1316000001134,1.0,CLIENT,7,2,100000,7,31,0,8323,9347,958,486,295,605,32315.392000000014,49,False,False
166,37,348.14022548098103,-643.5409199998804,1.0,CLIENT,7,2,100000,14,17,0,8277,9793,990,378,291,660,17721.344000000005,49,False,False
166,38,409.05486334094724,757.4212799994846,1.0,CLIENT,7,2,100000,15,48,0,5529,7650,907,62,263,567,50036.736000000026,48,False,False
166,39,711.3308816428868,-593.2242800003615,1.0,CLIENT,7,2,100000,17,65,0,7138,8729,903,150,263,565,67758.08000000003,49,False,False
166,40,911.422396902727,438.0441999998294,1.0,CLIENT,7,2,100000,13,109,0,6028,7691,798,315,265,449,113625.08800000006,44,False,False
166,41,27.486839190282463,895.4580799997956,1.0,CLIENT,7,2,100000,13,154,0,5466,6939,810,152,261,461,160534.52800000008,49,False,False
166,42,-232.7271859992748,-669.8124399999932,1.0,CLIENT,7,2,100000,17,28,0,8497,9500,950,519,287,626,29188.096000000012,49,False,False
166,43,-998.6356820578834,-411.104759999821,1.0,CLIENT,7,2,100000,16,51,0,5479,6886,909,59,263,559,53164.03200000003,46,False,False
166,44,-85.39139091496425,-164.75360000009061,1.0,CLIENT,7,2,100000,11,9,0,10446,10639,735,1406,282,451,9381.888,49,False,False
166,45,543.795824329625,209.05895999975797,1.0,CLIENT,7,2,100000,17,35,0,8692,9693,917,649,287,594,36485.12000000002,49,False,False
166,46,-829.3579432972856,-104.19552000032667,1.0,CLIENT,7,2,100000,12,32,0,6447,8427,977,134,275,623,33357.824000000015,49,False,False
166,47,-731.2132927009766,-683.0595199997686,1.0,CLIENT,7,2,100000,15,57,0,6719,7914,922,187,270,561,59418.62400000003,47,False,False
166,48,84.59926298358944,401.86520000021034,1.0,CLIENT,7,2,100000,11,16,0,9121,10310,1026,632,291,709,16678.912000000004,49,False,False
166,49,-923.1458902758174,-108.53700000043915,1.0,CLIENT,7,2,100000,17,48,0,5865,7697,922,84,261,558,50036.736000000026,47,False,False

167,0,-295.62214368570807,805.8454799998265,1.0,CLIENT,7,2,100000,13,34,0,6159,7453,919,455,288,566,35442.68800000002,45,False,False
167,1,490.24797622384625,-336.0750800002094,1.0,CLIENT,7,2,100000,14,19,0,8050,9617,970,629,289,650,19806.208000000006,49,False,False
167,2,718.8560969833491,135.81039999960439,1.0,CLIENT,7,2,100000,10,61,0,7725,9038,834,727,294,477,63588.352000000035,49,False,False
167,3,975.8223976573653,-478.2307200004041,1.0,CLIENT,7,2,100000,12,73,0,5593,7025,880,210,270,519,76097.53600000004,44,False,False
167,4,-739.292997592557,-854.1583600004494,1.0,CLIENT,7,2,100000,17,221,0,4318,5610,670,101,247,343,230377.47200000013,38,False,False
167,5,969.247735833427,-393.5161999999332,1.0,CLIENT,7,2,100000,9,29,0,5926,7317,922,270,276,574,30230.528000000013,44,False,False
167,6,615.8002532175817,639.3107599994869,1.0,CLIENT,7,2,100000,13,31,0,6115,7773,951,242,277,629,32315.392000000014,46,False,False
167,7,476.9402269902576,-553.7056800004734,1.0,CLIENT,7,2,100000,17,37,0,7159,8811,1031,376,279,686,38569.98400000002,49,False,False
167,8,-416.50086588911637,-18.256479999783437,1.0,CLIENT,7,2,100000,8,17,0,7921,9529,866,919,291,549,17721.344000000005,49,False,False
167,9,722.1038214988902,-734.8233200003796,1.0,CLIENT,7,2,100000,16,32,0,5550,7088,978,124,273,636,33357.824000000015,46,False,False
167,10,750.7788525848277,-705.1008800002787,1.0,CLIENT,7,2,100000,12,29,0,5583,7100,971,130,272,633,30230.528000000013,46,False,False
167,11,-427.35301853797586,231.3229599997061,1.0,CLIENT,7,2,100000,14,23,0,7597,9180,991,664,285,665,23975.93600000001,49,False,False
167,12,637.108494549332,483.01748000018335,1.0,CLIENT,7,2,100000,15,25,0,6677,8401,983,299,280,673,26060.80000000001,48,False,False
167,13,735.094719559929,987.4084000001903,1.0,CLIENT,7,2,100000,18,57,0,4242,5551,852,28,257,514,59418.62400000003,38,False,False
167,14,-582.2932417556049,98.40687999991303,1.0,CLIENT,7,2,100000,14,26,0,6711,8518,947,600,283,618,27103.23200000001,49,False,False
167,15,998.3188308853333,832.1169999999393,1.0,CLIENT,7,2,100000,9,48,0,4045,5407,814,41,262,471,50036.736000000026,38,False,False
167,16,-985.8032095831196,-507.6191999997661,1.0,CLIENT,7,2,100000,15,97,0,4444,5618,819,155,261,462,101115.90400000005,37,False,False
167,17,-831.3382631237528,765.5476399995327,1.0,CLIENT,7,2,100000,14,237,0,4045,5253,678,42,240,367,247056.38400000014,39,False,False
167,18,-827.9321130219367,617.6033599997154,1.0,CLIENT,7,2,100000,15,52,0,4465,5718,906,81,253,567,54206.46400000003,40,False,False
167,19,-491.3569553272082,-592.8903200004138,1.0,CLIENT,7,2,100000,14,30,0,6002,7839,954,280,281,623,31272.960000000014,46,False,False
167,20,-503.4765126645788,-238.78139999985876,1.0,CLIENT,7,2,100000,9,27,0,7070,8922,980,635,289,623,28145.66400000001,49,False,False
167,21,-897.4017325323082,-93.28616000018599,1.0,CLIENT,7,2,100000,17,48,0,5236,6334,901,379,276,557,50036.736000000026,44,False,False
167,22,-14.41672833638769,-927.74087999976,1.0,CLIENT,7,2,100000,9,49,0,6375,7453,861,539,290,505,51079.16800000003,46,False,False
167,23,862.1520396218694,383.94267999958373,1.0,CLIENT,7,2,100000,14,39,0,6072,7743,909,308,279,573,40654.84800000002,46,False,False
167,24,664.1200569813524,-136.2556800000621,1.0,CLIENT,7,2,100000,9,17,0,8087,9186,893,790,293,580,17721.344000000005,49,False,False
167,25,-16.476260955710835,143.7141200002148,1.0,CLIENT,7,2,100000,8,11,0,9805,10577,691,1518,281,405,11466.752000000002,49,False,False
167,26,723.8465029456635,694.1915200001381,1.0,CLIENT,7,2,100000,12,35,0,5506,7028,927,161,268,622,36485.12000000002,46,False,False
167,27,-112.2445277607097,132.4708000001263,1.0,CLIENT,7,2,100000,10,19,0,9497,10461,707,1407,280,412,19806.208000000006,49,False,False
167,28,751.5709805156397,522.7587199995094,1.0,CLIENT,7,2,100000,17,43,0,6101,7692,947,230,273,634,44824.57600000002,46,False,False
167,29,953.8012411876591,-976.3877200003308,1.0,CLIENT,7,2,100000,12,191,0,3953,5015,724,26,255,376,199104.5120000001,35,False,False
167,30,-245.16359450863257,887.4430399994662,1.0,CLIENT,7,2,100000,10,63,0,6117,7210,884,476,284,533,65673.21600000003,45,False,False
167,31,-425.5311242972209,504.0569600000592,1.0,CLIENT,7,2,100000,15,33,0,6716,8365,988,391,279,659,34400.256000000016,47,False,False
167,32,760.8388773028753,343.0882399999044,1.0,CLIENT,7,2,100000,12,33,0,6699,8357,935,412,286,607,34400.256000000016,47,False,False
167,33,-785.2364175650173,746.0666399996771,1.0,CLIENT,7,2,100000,11,40,0,4241,5640,875,58,252,550,41697.28000000002,40,False,False
167,34,635.4450258954148,700.3141199997085,1.0,CLIENT,7,2,100000,12,18,0,5750,7368,975,171,279,656,18763.776000000005,46,False,False
167,35,167.8519084852488,-897.5731599999924,1.0,CLIENT,7,2,100000,9,29,0,6270,7564,885,496,282,569,30230.528000000013,45,False,False
167,36,-370.47823312323703,-171.09883999988995,1.0,CLIENT,7,2,100000,7,9,0,8103,9725,898,934,293,584,9381.888,49,False,False
167,37,-92.8373934620077,-597.2318000005262,1.0,CLIENT,7,2,100000,14,25,0,7621,9090,887,781,290,559,26060.80000000001,49,False,False
167,38,-888.4506869170598,100.85592000005761,1.0,CLIENT,7,2,100000,14,41,0,5154,6380,939,325,272,596,42739.71200000002,42,False,False
167,39,256.6494495014663,841.6905199994977,1.0,CLIENT,7,2,100000,17,93,0,6138,7530,911,386,283,536,96946.17600000005,47,False,False
167,40,-130.62189575003157,820.6510399996218,1.0,CLIENT,7,2,100000,11,35,0,6558,7543,847,641,288,503,36485.12000000002,47,False,False
167,41,416.02558913029145,-46.64308000009299,1.0,CLIENT,7,2,100000,11,19,0,9198,10262,792,1148,289,481,19806.208000000006,49,False,False
167,42,357.01205830337346,-998.5403999997689,1.0,CLIENT,7,2,100000,18,94,0,5384,6752,872,271,263,524,97988.60800000005,41,False,False
167,43,801.6334657267464,-976.0537600003829,1.0,CLIENT,7,2,100000,16,50,0,4170,5534,881,23,257,527,52121.60000000003,37,False,False
167,44,910.709481765334,984.0687999999213,1.0,CLIENT,7,2,100000,17,218,0,3681,4981,645,17,246,323,227250.17600000012,36,False,False
167,45,-160.6435443178992,-931.9710400001534,1.0,CLIENT,7,2,100000,17,81,0,6233,7271,846,498,280,493,84436.99200000004,46,False,False
167,46,-881.9552378865403,-574.5225200001204,1.0,CLIENT,7,2,100000,12,32,0,4603,5831,912,118,265,568,33357.824000000015,41,False,False
167,47,912.13531204012,-428.0253999998132,1.0,CLIENT,7,2,100000,15,56,0,6047,7475,921,270,274,565,58376.19200000003,46,False,False
167,48,802.5840192438334,-812.8586400003123,1.0,CLIENT,7,2,100000,11,36,0,4845,6445,933,83,266,588,37527.55200000002,43,False,False
167,49,-835.8533923278048,91.17107999998922,1.0,CLIENT,7,2,100000,17,90,0,5317,6672,901,345,273,528,93818.88000000005,45,False,False

168,0,-630.8506838985064,-757.6439200005043,1.0,CLIENT,7,2,100000,13,101,0,6275,7867,859,123,269,487,105285.63200000006,47,False,False
168,1,28.19975432767553,-168.98376000048415,1.0,CLIENT,7,2,100000,10,10,0,10287,10801,716,1444,280,431,10424.320000000002,49,False,False
168,2,136.0875784700451,-548.3623200005175,1.0,CLIENT,7,2,100000,10,19,0,8714,9909,865,751,284,534,19806.208000000006,49,False,False
168,3,-193.12078947105883,337.74487999994847,1.0,CLIENT,7,2,100000,11,14,0,9578,10439,883,951,292,576,14594.048000000004,49,False,False
168,4,-984.9318688594516,-717.4573999999296,1.0,CLIENT,7,2,100000,16,137,0,5103,6810,760,74,250,389,142813.18400000007,40,False,False
168,5,-427.27380574455697,538.6774799996581,1.0,CLIENT,7,2,100000,9,13,0,8114,9669,1024,375,293,671,13551.616000000004,48,False,False
168,6,131.17638530058682,-107.86908000054353,1.0,CLIENT,7,2,100000,10,5,0,10254,10798,742,1439,279,456,5212.16,49,False,False
168,7,-419.59016481838245,190.24587999979786,1.0,CLIENT,7,2,100000,17,21,0,9555,10257,935,828,292,617,21891.072000000007,49,False,False
168,8,-295.146866927446,-978.8367600004754,1.0,CLIENT,7,2,100000,10,48,0,5846,7526,856,219,271,490,50036.736000000026,45,False,False
168,9,531.3594158197044,-316.5940800003537,1.0,CLIENT,7,2,100000,14,24,0,8390,9663,977,585,277,659,25018.36800000001,49,False,False
168,10,-507.5163651103691,382.9407999997403,1.0,CLIENT,7,2,100000,12,20,0,8551,9890,1039,447,291,703,20848.640000000007,49,False,False
168,11,-849.1611415613937,-738.0516000001387,1.0,CLIENT,7,2,100000,14,39,0,5614,7285,882,77,260,524,40654.84800000002,46,False,False
168,12,-244.37146657838346,171.3214800001188,1.0,CLIENT,7,2,100000,13,10,0,9944,10573,840,1097,298,527,10424.320000000002,49,False,False
168,13,345.44699051712087,-516.636119999939,1.0,CLIENT,7,2,100000,15,31,0,8233,9673,943,484,279,611,32315.392000000014,49,False,False
168,14,-952.216985327161,-234.66255999997514,1.0,CLIENT,7,2,100000,14,91,0,7267,8375,866,364,278,480,94861.31200000005,46,False,False
168,15,-249.75793650610376,489.58536000021155,1.0,CLIENT,7,2,100000,8,11,0,8975,9994,989,667,290,665,11466.752000000002,49,False,False
168,16,823.4169838173216,865.6243199999758,1.0,CLIENT,7,2,100000,16,86,0,4443,6398,751,40,242,418,89649.15200000005,40,False,False
168,17,917.5217819678403,-391.28980000001746,1.0,CLIENT,7,2,100000,13,78,0,5398,7405,846,244,262,504,81309.69600000004,44,False,False
168,18,670.6947188052907,54.43548000019348,1.0,CLIENT,7,2,100000,15,48,0,8003,9201,841,642,275,502,50036.736000000026,49,False,False
168,19,444.7798330096479,-240.67383999982667,1.0,CLIENT,7,2,100000,11,16,0,9015,10052,929,813,281,615,16678.912000000004,49,False,False
168,20,648.8319879218595,363.4597999998846,1.0,CLIENT,7,2,100000,10,16,0,7924,8957,991,368,279,662,16678.912000000004,48,False,False
168,21,-389.64772904280807,703.8763600002064,1.0,CLIENT,7,2,100000,17,18,0,7351,8948,976,343,278,660,18763.776000000005,48,False,False
168,22,39.1311197693911,268.83779999990736,1.0,CLIENT,7,2,100000,8,9,0,9815,10637,824,1157,286,517,9381.888,49,False,False
168,23,-496.10972291039144,-81.26360000048294,1.0,CLIENT,7,2,100000,11,21,0,9359,10091,886,829,291,546,21891.072000000007,49,False,False
168,24,-522.8044341704248,-136.92359999995773,1.0,CLIENT,7,2,100000,9,15,0,9227,10017,938,747,295,606,15636.480000000005,49,False,False
168,25,963.9404786985627,-831.8943600005014,1.0,CLIENT,7,2,100000,14,241,0,3588,5065,575,19,233,302,251226.11200000014,39,False,False
168,26,933.8396173372762,-393.6275200004431,1.0,CLIENT,7,2,100000,12,45,0,5340,7304,884,242,263,543,46909.440000000024,44,False,False
168,27,-342.51611717469257,-236.7776400001719,1.0,CLIENT,7,2,100000,10,11,0,9684,10449,950,863,291,631,11466.752000000002,49,False,False
168,28,37.38843832205504,-617.0467600003298,1.0,CLIENT,7,2,100000,17,35,0,8415,9688,867,711,276,555,36485.12000000002,49,False,False
168,29,-198.6656849850541,-994.5328800003952,1.0,CLIENT,7,2,100000,12,68,0,5951,7506,825,323,271,470,70885.37600000003,45,False,False
168,30,58.22140289610603,845.6980399996623,1.0,CLIENT,7,2,100000,10,75,0,7395,8597,797,504,270,460,78182.40000000004,49,False,False
168,31,19.803198263545152,800.7247600000994,1.0,CLIENT,7,2,100000,15,69,0,7584,8795,813,556,270,478,71927.80800000003,49,False,False
168,32,124.76014906292353,-591.8884399997794,1.0,CLIENT,7,2,100000,11,41,0,8518,9746,864,671,277,530,42739.71200000002,49,False,False
168,33,-438.4428095654035,684.1727200001219,1.0,CLIENT,7,2,100000,11,30,0,7264,9039,968,267,270,641,31272.960000000014,48,False,False
168,34,1.0297663093801517,-474.22320000023944,1.0,CLIENT,7,2,100000,10,18,0,9241,10217,856,886,284,550,18763.776000000005,49,False,False
168,35,-618.0974242165988,949.4482799995313,1.0,CLIENT,7,2,100000,9,40,0,5621,6958,877,55,255,540,41697.28000000002,42,False,False
168,36,-131.0179597148747,535.1152399999512,1.0,CLIENT,7,2,100000,7,15,0,8890,9822,896,771,286,588,15636.480000000005,49,False,False
168,37,677.110955042954,530.7737599998387,1.0,CLIENT,7,2,100000,14,24,0,7032,8532,952,223,269,634,25018.36800000001,47,False,False
168,38,-932.4929998559089,20.371559999980207,1.0,CLIENT,7,2,100000,14,65,0,7479,8611,851,465,275,510,67758.08000000003,46,False,False
168,39,-999.7446611606824,418.22924000002587,1.0,CLIENT,7,2,100000,17,92,0,6117,7516,874,198,262,495,95903.74400000005,44,False,False
168,40,736.3621242490029,225.4229999995735,1.0,CLIENT,7,2,100000,11,51,0,7674,8813,952,451,275,588,53164.03200000003,48,False,False
168,41,547.4396128100093,-948.6690399999168,1.0,CLIENT,7,2,100000,13,81,0,4892,6682,838,115,250,473,84436.99200000004,45,False,False
168,42,176.0900389631042,462.0893200000265,1.0,CLIENT,7,2,100000,17,21,0,9006,9926,896,781,282,575,21891.072000000007,49,False,False
168,43,880.1333436452225,779.3513199994848,1.0,CLIENT,7,2,100000,17,246,0,4429,6412,610,51,234,316,256438.27200000014,39,False,False
168,44,464.42460568748095,563.6131599999796,1.0,CLIENT,7,2,100000,14,39,0,8004,9075,967,388,272,642,40654.84800000002,48,False,False
168,45,-704.7562198200742,901.9146400001048,1.0,CLIENT,7,2,100000,20,207,0,5468,6669,723,40,242,365,215783.42400000012,43,False,False
168,46,-552.9052955317114,-710.5555599999536,1.0,CLIENT,7,2,100000,12,23,0,6814,8380,952,192,275,619,23975.93600000001,47,False,False
168,47,-371.7456378123111,-35.511080000514426,1.0,CLIENT,7,2,100000,14,18,0,9815,10412,824,1040,291,502,18763.776000000005,49,False,False
168,48,-374.51808556959014,-973.3820800000094,1.0,CLIENT,7,2,100000,12,47,0,5767,7381,856,177,273,494,48994.304000000026,46,False,False
168,49,-889.4012404335837,550.2547599996944,1.0,CLIENT,7,2,100000,17,55,0,6076,7585,897,148,263,529,57333.76000000003,45,False,False

169,0,223.77614038290065,-374.1465199997964,1.0,CLIENT,7,2,100000,11,15,0,9485,10286,975,822,283,661,15636.480000000005,49,False,False
169,1,689.8642147248617,469.43643999966923,1.0,CLIENT,7,2,100000,15,34,0,6470,8113,934,102,260,615,35442.68800000002,46,False,False
169,2,-949.8406015352879,-402.0878400004392,1.0,CLIENT,7,2,100000,11,31,0,6000,7965,904,297,274,588,32315.392000000014,47,False,False
169,3,-827.7736874362246,-802.0605999998907,1.0,CLIENT,7,2,100000,12,44,0,5506,7284,917,116,262,582,45867.00800000002,44,False,False
169,4,-365.8838911263287,-778.6834000003802,1.0,CLIENT,7,2,100000,16,29,0,7450,8757,1016,336,274,683,30230.528000000013,47,False,False
169,5,-120.16580706657804,556.7113200000038,1.0,CLIENT,7,2,100000,9,33,0,8414,9513,858,745,282,525,34400.256000000016,49,False,False
169,6,875.8558528203013,687.1783599996522,1.0,CLIENT,7,2,100000,14,52,0,5116,6250,814,16,245,472,54206.46400000003,41,False,False
169,7,-69.78647068292145,-999.8762400003511,1.0,CLIENT,7,2,100000,18,103,0,6874,7907,825,380,264,486,107370.49600000006,47,False,False
169,8,-251.02534119517776,-392.18036000014195,1.0,CLIENT,7,2,100000,8,11,0,9523,10407,901,961,283,603,11466.752000000002,49,False,False
169,9,-975.2679081062472,632.5202400000207,1.0,CLIENT,7,2,100000,17,61,0,4160,6387,807,69,248,469,63588.352000000035,44,False,False
169,10,-722.103821499453,433.48007999948805,1.0,CLIENT,7,2,100000,12,27,0,6908,8636,949,285,265,631,28145.66400000001,48,False,False
169,11,515.0415804502686,-726.1403600001546,1.0,CLIENT,7,2,100000,14,27,0,7489,8939,986,184,266,665,28145.66400000001,46,False,False
169,12,966.950564834973,602.4638399999722,1.0,CLIENT,7,2,100000,16,212,0,5056,6185,659,14,240,335,220995.58400000012,39,False,False
169,13,783.8105872891055,124.9010399994637,1.0,CLIENT,7,2,100000,17,89,0,7590,8603,941,339,271,564,92776.44800000005,47,False,False
169,14,401.21279682849774,608.5864399995427,1.0,CLIENT,7,2,100000,14,32,0,7037,8599,960,255,272,622,33357.824000000015,47,False,False
169,15,-937.3249802325113,568.28860000004,1.0,CLIENT,7,2,100000,9,90,0,4780,6947,805,95,254,463,93818.88000000005,45,False,False
169,16,283.18573517522464,-374.4804800005352,1.0,CLIENT,7,2,100000,15,15,0,9256,10160,1007,696,284,703,15636.480000000005,49,False,False
169,17,64.08314958208837,40.0752000000648,1.0,CLIENT,7,2,100000,10,9,0,10271,10739,776,1410,277,483,9381.888,49,False,False
169,18,70.65781140546379,-823.1000799997664,1.0,CLIENT,7,2,100000,15,37,0,7640,8908,923,464,275,595,38569.98400000002,48,False,False
169,19,482.88118646965887,517.1927200001155,1.0,CLIENT,7,2,100000,14,24,0,7081,8770,959,220,267,639,25018.36800000001,47,False,False
169,20,762.5023459573554,443.944159999962,1.0,CLIENT,7,2,100000,10,23,0,6316,7840,930,131,263,602,23975.93600000001,46,False,False
169,21,365.5670399532159,-914.4937999999845,1.0,CLIENT,7,2,100000,17,44,0,6876,8330,938,178,264,586,45867.00800000002,46,False,False
169,22,380.6174706341406,-76.58816000042265,1.0,CLIENT,7,2,100000,9,25,0,9184,10091,849,835,282,521,26060.80000000001,49,False,False
169,23,178.4664227549773,49.982679999571076,1.0,CLIENT,7,2,100000,11,8,0,9922,10638,794,1239,275,501,8339.456,49,False,False
169,24,387.42977083664715,-989.1895200004393,1.0,CLIENT,7,2,100000,10,56,0,6494,7940,907,137,262,530,58376.19200000003,44,False,False
169,25,252.13432029685114,512.1833200001074,1.0,CLIENT,7,2,100000,11,24,0,7981,9441,947,511,280,634,25018.36800000001,49,False,False
169,26,-962.4354356314833,378.15403999996107,1.0,CLIENT,7,2,100000,12,53,0,5490,7529,879,236,262,532,55248.89600000003,46,False,False
169,27,267.97687890802496,428.5819999999899,1.0,CLIENT,7,2,100000,11,8,0,8281,9769,1000,529,286,686,8339.456,49,False,False
169,28,-633.5439188623666,-608.2524800003858,1.0,CLIENT,7,2,100000,17,32,0,7454,8802,996,344,272,672,33357.824000000015,47,False,False
169,29,-865.0829129654235,-852.7112000001483,1.0,CLIENT,7,2,100000,12,61,0,5037,6900,838,117,254,509,63588.352000000035,41,False,False
169,30,-646.4556041305493,975.7197999996441,1.0,CLIENT,7,2,100000,11,225,0,3995,6113,645,54,244,331,234547.20000000013,42,False,False
169,31,-115.65067786196292,-664.2464399998084,1.0,CLIENT,7,2,100000,15,33,0,8296,9624,930,616,279,594,34400.256000000016,49,False,False
169,32,-112.32374055356576,-258.81899999989116,1.0,CLIENT,7,2,100000,11,13,0,10083,10635,769,1281,278,481,13551.616000000004,49,False,False
169,33,76.28191971287795,805.8454799998265,1.0,CLIENT,7,2,100000,11,81,0,7113,8273,762,569,266,426,84436.99200000004,48,False,False
169,34,-487.396315674274,-311.5846800003456,1.0,CLIENT,7,2,100000,10,22,0,9085,10074,926,785,281,605,22933.504000000008,49,False,False
169,35,-957.6826680477373,441.04984000015065,1.0,CLIENT,7,2,100000,9,40,0,5329,7405,891,198,263,559,41697.28000000002,46,False,False
169,36,589.2639675438234,-348.65424000008915,1.0,CLIENT,7,2,100000,8,37,0,8675,9302,950,570,290,582,38569.98400000002,49,False,False
169,37,147.57343346287877,-174.54975999987795,1.0,CLIENT,7,2,100000,12,17,0,9984,10640,846,1176,290,534,17721.344000000005,49,False,False
169,38,837.2792226020282,-834.7886800003128,1.0,CLIENT,7,2,100000,17,226,0,5384,7356,663,68,235,358,235589.63200000013,42,False,False
169,39,-424.34293240156575,-242.6776000003045,1.0,CLIENT,7,2,100000,15,15,0,9367,10273,864,962,281,571,15636.480000000005,49,False,False
169,40,397.0145187964326,-317.03936000002045,1.0,CLIENT,7,2,100000,11,19,0,9058,9917,976,657,292,629,19806.208000000006,49,False,False
169,41,93.70873418511289,376.7068799996599,1.0,CLIENT,7,2,100000,11,21,0,9014,10149,850,886,283,539,21891.072000000007,49,False,False
169,42,583.4814336506971,669.2558399998165,1.0,CLIENT,7,2,100000,18,60,0,6106,7637,887,123,257,553,62545.920000000035,46,False,False
169,43,-933.285127786721,-862.6186800004456,1.0,CLIENT,7,2,100000,16,212,0,4587,6394,673,82,242,346,220995.58400000012,40,False,False
169,44,-254.669129675562,-366.5767599999248,1.0,CLIENT,7,2,100000,12,16,0,9567,10434,885,995,284,584,16678.912000000004,49,False,False
169,45,282.39360724441264,223.75319999983446,1.0,CLIENT,7,2,100000,16,22,0,9140,10258,954,791,281,642,22933.504000000008,49,False,False
169,46,-317.8809385345452,-16.69799999976334,1.0,CLIENT,7,2,100000,11,11,0,10057,10611,753,1318,273,464,11466.752000000002,49,False,False
169,47,113.90799641406402,-939.652120000535,1.0,CLIENT,7,2,100000,15,51,0,7143,8362,940,334,270,604,53164.03200000003,48,False,False
169,48,308.92989291817105,72.46931999974805,1.0,CLIENT,7,2,100000,10,15,0,9396,10363,928,855,284,631,15636.480000000005,49,False,False
169,49,-986.0408479622506,-84.04659999978435,1.0,CLIENT,7,2,100000,17,120,0,6076,8034,812,400,264,451,125091.84000000007,46,False,False

170,0,975.8223976573653,-733.0422000001306,1.0,CLIENT,7,2,100000,13,145,0,6830,8253,788,73,257,446,151152.64000000007,44,False,False
170,1,103.13505655862342,883.5468399998115,1.0,CLIENT,7,2,100000,15,134,0,6709,8412,778,391,261,421,139685.88800000006,48,False,False
170,2,-995.5463831286173,577.8621199995985,1.0,CLIENT,7,2,100000,12,117,0,4001,5613,769,47,244,402,121964.54400000007,38,False,False
170,3,491.6738064986324,379.04460000008555,1.0,CLIENT,7,2,100000,12,33,0,9565,10314,1039,537,293,711,34400.256000000016,49,False,False
170,4,875.6974272345891,-538.2321999999914,1.0,CLIENT,7,2,100000,16,36,0,8022,8943,993,169,277,668,37527.55200000002,46,False,False
170,5,-834.823626017862,-200.04204000037618,1.0,CLIENT,7,2,100000,9,86,0,6277,7847,807,356,264,458,89649.15200000005,49,False,False
170,6,64.63763913320648,-278.6339600004857,1.0,CLIENT,7,2,100000,11,4,0,10244,10702,894,1069,285,602,4169.728,49,False,False
170,7,-276.5318605589932,-195.36660000031588,1.0,CLIENT,7,2,100000,17,22,0,9937,10650,875,983,283,574,22933.504000000008,49,False,False
170,8,548.8654430847955,79.03719999977625,1.0,CLIENT,7,2,100000,9,18,0,9686,10313,991,617,292,664,18763.776000000005,49,False,False
170,9,-73.90553592156773,-516.4134800005011,1.0,CLIENT,7,2,100000,14,34,0,9446,10236,948,583,284,610,35442.68800000002,49,False,False
170,10,-79.68806981469402,152.06311999970097,1.0,CLIENT,7,2,100000,11,20,0,10418,10768,774,1318,281,479,20848.640000000007,49,False,False
170,11,-720.6779912241041,219.63435999995085,1.0,CLIENT,7,2,100000,14,59,0,6693,8172,917,382,263,574,61503.488000000034,48,False,False
170,12,776.9982870865991,-584.0960400004699,1.0,CLIENT,7,2,100000,15,48,0,8344,9141,990,175,274,658,50036.736000000026,46,False,False
170,13,-207.45830501402762,-272.5113600001242,1.0,CLIENT,7,2,100000,14,11,0,10013,10686,922,927,286,626,11466.752000000002,49,False,False
170,14,818.5057906478633,163.30643999978946,1.0,CLIENT,7,2,100000,14,18,0,8775,9621,1009,370,289,695,18763.776000000005,49,False,False
170,15,873.796320200978,523.0926799994572,1.0,CLIENT,7,2,100000,9,39,0,6851,8789,901,204,271,565,40654.84800000002,48,False,False
170,16,-573.1837705540814,628.0674400001894,1.0,CLIENT,7,2,100000,15,47,0,6129,7684,962,149,253,666,48994.304000000026,48,False,False
170,17,156.60369187154615,-824.6585599997866,1.0,CLIENT,7,2,100000,13,24,0,8761,9351,945,401,272,628,25018.36800000001,48,False,False
170,18,-39.21033256281,-575.5243999999639,1.0,CLIENT,7,2,100000,15,23,0,9280,10070,958,536,281,640,23975.93600000001,49,False,False
170,19,200.17072805213346,-282.4188400004215,1.0,CLIENT,7,2,100000,11,11,0,10164,10576,975,931,284,669,11466.752000000002,49,False,False
170,20,587.2836477173563,-739.0534799999821,1.0,CLIENT,7,2,100000,10,26,0,8450,9263,1018,139,276,688,27103.23200000001,46,False,False
170,21,-76.51955809257181,-379.93516000021003,1.0,CLIENT,7,2,100000,14,13,0,9866,10579,941,799,287,646,13551.616000000004,49,False,False
170,22,-647.7230088196233,862.0620799994779,1.0,CLIENT,7,2,100000,10,27,0,4331,6265,910,72,255,562,28145.66400000001,42,False,False
170,23,670.4570804261596,-160.41211999997813,1.0,CLIENT,7,2,100000,13,8,0,9330,9914,1065,438,292,742,8339.456,49,False,False
170,24,-765.6708576800403,-419.11980000015035,1.0,CLIENT,7,2,100000,10,33,0,6281,8140,869,208,254,540,34400.256000000016,48,False,False
170,25,723.6880773599513,-359.34096000000096,1.0,CLIENT,7,2,100000,11,20,0,8946,9671,1052,310,283,728,20848.640000000007,48,False,False
170,26,594.4920118852688,-700.2027999999896,1.0,CLIENT,7,2,100000,12,33,0,8542,9302,1020,154,275,697,34400.256000000016,46,False,False
170,27,483.831739986183,-142.71224000037137,1.0,CLIENT,7,2,100000,11,13,0,9766,10358,1011,654,294,696,13551.616000000004,49,False,False
170,28,-228.13284400180365,605.3581599997835,1.0,CLIENT,7,2,100000,17,35,0,7910,9273,978,483,266,660,36485.12000000002,49,False,False
170,29,-254.51070408928706,2.3377199996346576,1.0,CLIENT,7,2,100000,12,9,0,10123,10719,792,1250,282,505,9381.888,49,False,False
170,30,-288.2553539315207,-212.84384000048476,1.0,CLIENT,7,2,100000,10,15,0,9879,10644,909,934,287,591,15636.480000000005,49,False,False
170,31,-461.81058351703973,-127.1274400001704,1.0,CLIENT,7,2,100000,15,40,0,8889,10247,851,810,278,540,41697.28000000002,49,False,False
170,32,-317.72251294827026,-282.5301600001404,1.0,CLIENT,7,2,100000,11,7,0,9626,10545,953,797,279,662,7297.023999999999,49,False,False
170,33,894.3124336024791,566.0622000001242,1.0,CLIENT,7,2,100000,11,195,0,6339,8402,713,160,255,369,203274.2400000001,47,False,False
170,34,394.3212838325724,-774.5645600004966,1.0,CLIENT,7,2,100000,12,39,0,8728,9381,1034,242,279,689,40654.84800000002,46,False,False
170,35,841.3982878412373,-259.82088000052556,1.0,CLIENT,7,2,100000,9,30,0,8698,9483,1034,276,286,703,31272.960000000014,47,False,False
170,36,-29.308733431037425,795.3814000001435,1.0,CLIENT,7,2,100000,8,29,0,7406,8819,944,438,272,597,30230.528000000013,49,False,False
170,37,525.1808179611721,823.7679999996622,1.0,CLIENT,7,2,100000,14,81,0,6255,8529,826,226,267,487,84436.99200000004,48,False,False
170,38,791.5734410086988,-366.9107199998726,1.0,CLIENT,7,2,100000,14,47,0,8686,9442,1018,257,279,687,48994.304000000026,47,False,False
170,39,343.8627346560598,-47.088359999759746,1.0,CLIENT,7,2,100000,15,16,0,10104,10610,908,909,288,612,16678.912000000004,49,False,False
170,40,283.5817991400678,44.86195999984403,1.0,CLIENT,7,2,100000,11,8,0,10275,10706,892,1012,288,592,8339.456,49,False,False
170,41,728.5200577359906,-107.64644000031467,1.0,CLIENT,7,2,100000,12,23,0,9251,9855,1068,406,289,744,23975.93600000001,49,False,False
170,42,818.5850034407192,-609.699639999896,1.0,CLIENT,7,2,100000,18,48,0,8099,8986,989,144,272,649,50036.736000000026,46,False,False
170,43,-70.34096023403954,-953.2331600002581,1.0,CLIENT,7,2,100000,16,119,0,8213,8974,885,318,267,504,124049.40800000007,48,False,False
170,44,-734.3025916296797,-846.9225600005257,1.0,CLIENT,7,2,100000,17,220,0,4898,6747,602,19,210,343,229335.04000000012,45,False,False
170,45,20.278475021807196,133.027399999512,1.0,CLIENT,7,2,100000,14,13,0,10526,10782,759,1371,282,473,13551.616000000004,49,False,False
170,46,739.5306359711252,-65.90144000051083,1.0,CLIENT,7,2,100000,12,34,0,9270,9845,1046,401,289,712,35442.68800000002,49,False,False
170,47,216.33013783585722,-63.22976000013739,1.0,CLIENT,7,2,100000,14,15,0,10379,10751,843,1153,282,549,15636.480000000005,49,False,False
170,48,585.9370302354263,-527.8794400000274,1.0,CLIENT,7,2,100000,11,20,0,8905,9722,1057,288,276,738,20848.640000000007,47,False,False
170,49,-647.0100936822301,947.2218799996156,1.0,CLIENT,7,2,100000,20,227,0,3665,5619,679,55,239,338,236632.06400000013,37,False,False

171,0,-597.8981619876475,980.2839199999855,1.0,CLIENT,7,2,100000,13,203,0,5052,6817,711,61,249,360,211613.6960000001,45,False,False
171,1,345.52620330997695,390.1765999996641,1.0,CLIENT,7,2,100000,14,8,0,8715,10050,1069,552,284,755,8339.456,49,False,False
171,2,-740.5604022816309,8.682960000224966,1.0,CLIENT,7,2,100000,10,22,0,7468,9099,905,480,281,582,22933.504000000008,49,False,False
171,3,-528.8246064426821,750.2968000000706,1.0,CLIENT,7,2,100000,12,49,0,6655,8383,954,197,279,601,51079.16800000003,47,False,False
171,4,143.85043218963844,837.2377199996663,1.0,CLIENT,7,2,100000,15,25,0,7182,8407,942,457,279,617,26060.80000000001,49,False,False
171,5,-226.7070137270175,463.4251599998177,1.0,CLIENT,7,2,100000,8,15,0,9132,10121,998,722,294,675,15636.480000000005,49,False,False
171,6,729.7082496322087,401.19727999952374,1.0,CLIENT,7,2,100000,13,30,0,7020,8534,974,210,270,649,31272.960000000014,49,False,False
171,7,-37.15079994348686,939.7634399994629,1.0,CLIENT,7,2,100000,18,63,0,6835,8087,948,372,280,599,65673.21600000003,47,False,False
171,8,-479.55424916182454,-722.5781200004476,1.0,CLIENT,7,2,100000,10,31,0,5926,7902,895,297,274,554,32315.392000000014,47,False,False
171,9,152.16777546034993,325.16572000006875,1.0,CLIENT,7,2,100000,13,9,0,9578,10513,906,977,290,599,9381.888,49,False,False
171,10,784.8403535990485,-875.0865199998154,1.0,CLIENT,7,2,100000,12,72,0,4520,6433,774,64,252,463,75055.10400000004,42,False,False
171,11,190.42755450663583,949.0029999998646,1.0,CLIENT,7,2,100000,14,90,0,6601,7839,881,339,272,529,93818.88000000005,44,False,False
171,12,681.6260842470062,-977.0556400002263,1.0,CLIENT,7,2,100000,17,231,0,4422,6260,628,71,241,322,240801.79200000013,40,False,False
171,13,-57.58770055213186,416.00284000011015,1.0,CLIENT,7,2,100000,14,21,0,9466,10279,854,971,282,548,21891.072000000007,49,False,False
171,14,-12.040344545077462,672.4841199995757,1.0,CLIENT,7,2,100000,13,26,0,8291,9298,950,617,284,621,27103.23200000001,49,False,False
171,15,919.1060378289015,648.8842799998363,1.0,CLIENT,7,2,100000,9,201,0,5579,6757,725,28,251,398,209528.8320000001,42,False,False
171,16,288.255353930395,213.06647999992265,1.0,CLIENT,7,2,100000,15,12,0,9624,10562,957,957,287,656,12509.184000000003,49,False,False
171,17,708.9544978515765,177.7780399996371,1.0,CLIENT,7,2,100000,12,42,0,7900,9122,912,497,281,561,43782.14400000002,49,False,False
171,18,-602.730142363687,-872.0808800002851,1.0,CLIENT,7,2,100000,15,88,0,4611,6346,786,139,261,445,91734.01600000005,45,False,False
171,19,-455.63198565850746,-867.6280800004537,1.0,CLIENT,7,2,100000,14,28,0,5147,7103,878,244,274,555,29188.096000000012,45,False,False
171,20,-925.5222740671276,271.8434400002286,1.0,CLIENT,7,2,100000,10,63,0,6333,7856,854,349,273,479,65673.21600000003,47,False,False
171,21,516.0713467596487,15.139519999743243,1.0,CLIENT,7,2,100000,15,22,0,8972,10203,826,863,281,532,22933.504000000008,49,False,False
171,22,557.2619991489257,148.61219999971297,1.0,CLIENT,7,2,100000,9,12,0,8594,9892,956,652,293,632,12509.184000000003,49,False,False
171,23,619.681680077097,-300.0074000003093,1.0,CLIENT,7,2,100000,13,39,0,8027,9622,890,544,292,538,40654.84800000002,49,False,False
171,24,144.56334732703152,-917.4994400003059,1.0,CLIENT,7,2,100000,10,78,0,6057,7767,894,242,263,519,81309.69600000004,47,False,False
171,25,144.9594112924375,-696.083960000106,1.0,CLIENT,7,2,100000,11,14,0,7729,9128,974,427,277,646,14594.048000000004,49,False,False
171,26,753.3928747558318,-81.37492000020188,1.0,CLIENT,7,2,100000,12,50,0,7736,9083,815,579,289,468,52121.60000000003,49,False,False
171,27,676.7148910775479,290.3225600002409,1.0,CLIENT,7,2,100000,12,17,0,7690,9051,999,350,287,667,17721.344000000005,49,False,False
171,28,847.6560984926258,200.48732000004293,1.0,CLIENT,7,2,100000,17,61,0,7145,8433,897,374,276,538,63588.352000000035,49,False,False
171,29,-868.0137863084145,-238.336120000192,1.0,CLIENT,7,2,100000,12,61,0,5885,7811,898,198,270,523,63588.352000000035,47,False,False
171,30,-20.912177366907045,807.6266000000754,1.0,CLIENT,7,2,100000,10,33,0,7620,8757,966,510,281,643,34400.256000000016,48,False,False
171,31,-908.9668003185607,302.67907999989177,1.0,CLIENT,7,2,100000,15,102,0,6383,7883,838,323,269,460,106328.06400000006,47,False,False
171,32,-343.9419474494787,-333.0694399998882,1.0,CLIENT,7,2,100000,11,18,0,8959,10240,961,679,290,640,18763.776000000005,49,False,False
171,33,185.91242530202072,488.4721599998582,1.0,CLIENT,7,2,100000,11,18,0,8830,9924,983,664,288,664,18763.776000000005,49,False,False
171,34,552.7468699448735,770.4457199998219,1.0,CLIENT,7,2,100000,12,20,0,6544,7646,1021,193,271,683,20848.640000000007,46,False,False
171,35,396.69766762444544,418.3405599997448,1.0,CLIENT,7,2,100000,9,17,0,8454,9807,1068,470,283,746,17721.344000000005,49,False,False
171,36,-686.2996390378962,-818.4246400004972,1.0,CLIENT,7,2,100000,9,93,0,4586,6258,766,108,263,428,96946.17600000005,45,False,False
171,37,-326.9111969426497,-451.95920000029133,1.0,CLIENT,7,2,100000,14,20,0,8457,9924,965,627,283,640,20848.640000000007,49,False,False
171,38,-683.6856168668921,-246.57379999995925,1.0,CLIENT,7,2,100000,14,34,0,7137,9039,950,345,280,617,35442.68800000002,48,False,False
171,39,-711.0140304714625,-503.1663999999347,1.0,CLIENT,7,2,100000,17,56,0,5803,7807,847,178,266,523,58376.19200000003,47,False,False
171,40,-267.34317656461366,-527.8794400000274,1.0,CLIENT,7,2,100000,11,20,0,8291,9694,974,585,286,653,20848.640000000007,49,False,False
171,41,814.149087029523,973.8273599996762,1.0,CLIENT,7,2,100000,13,70,0,5367,6250,850,34,253,522,72970.24000000003,39,False,False
171,42,361.0519107491637,-642.7616800002659,1.0,CLIENT,7,2,100000,17,24,0,7681,9056,989,403,275,675,25018.36800000001,49,False,False
171,43,-368.1810621247829,149.72540000006632,1.0,CLIENT,7,2,100000,13,25,0,9754,10432,884,930,291,568,26060.80000000001,49,False,False
171,44,-28.516605500225456,-223.19660000044877,1.0,CLIENT,7,2,100000,11,21,0,10257,10699,722,1327,280,432,21891.072000000007,49,False,False
171,45,-520.3488375856956,-780.3532000001192,1.0,CLIENT,7,2,100000,18,61,0,5374,7341,862,235,266,525,63588.352000000035,47,False,False
171,46,485.57442143351903,-850.4848000002326,1.0,CLIENT,7,2,100000,12,35,0,6066,7675,910,233,265,595,36485.12000000002,48,False,False
171,47,-513.2196862106392,582.8715199996066,1.0,CLIENT,7,2,100000,15,46,0,7508,9235,971,275,276,652,47951.872000000025,47,False,False
171,48,440.58155497758275,644.9880800001815,1.0,CLIENT,7,2,100000,11,22,0,7286,8730,1053,284,279,727,22933.504000000008,49,False,False
171,49,-158.1879477331701,-388.0615200002583,1.0,CLIENT,7,2,100000,14,20,0,9370,10352,910,859,283,611,20848.640000000007,49,False,False

172,0,-751.1749165507966,820.7623600001318,1.0,CLIENT,7,2,100000,13,35,0,5713,7250,888,39,244,558,36485.12000000002,43,False,False
172,1,818.8226418198503,873.3053999995664,1.0,CLIENT,7,2,100000,17,237,0,4895,6629,626,22,230,344,247056.38400000014,44,False,False
172,2,-601.7003760543068,-322.2714000002574,1.0,CLIENT,7,2,100000,11,26,0,8047,9288,973,373,275,628,27103.23200000001,49,False,False
172,3,917.4425691749842,677.3821999998648,1.0,CLIENT,7,2,100000,12,55,0,5475,7303,813,64,242,502,57333.76000000003,44,False,False
172,4,-260.7685147406754,-493.37024000014736,1.0,CLIENT,7,2,100000,15,32,0,8618,9857,945,622,274,622,33357.824000000015,49,False,False
172,5,-926.1559764116646,521.0889199997703,1.0,CLIENT,7,2,100000,9,35,0,6443,7709,931,126,256,580,36485.12000000002,43,False,False
172,6,-705.4691349574673,-978.2801600002986,1.0,CLIENT,7,2,100000,15,226,0,4129,5647,590,40,231,305,235589.63200000013,43,False,False
172,7,240.49003971774252,122.78596000005791,1.0,CLIENT,7,2,100000,17,16,0,9974,10546,825,1111,274,537,16678.912000000004,49,False,False
172,8,-894.7084975684479,160.41211999997813,1.0,CLIENT,7,2,100000,10,105,0,7532,8383,802,502,262,436,109455.36000000006,45,False,False
172,9,211.02288070099297,-279.5245199998192,1.0,CLIENT,7,2,100000,13,15,0,9468,10347,829,1063,281,535,15636.480000000005,49,False,False
172,10,-215.221158733621,242.0096799996179,1.0,CLIENT,7,2,100000,12,16,0,9515,10405,949,862,286,624,16678.912000000004,49,False,False
172,11,-0.3960639654059848,556.043400000108,1.0,CLIENT,7,2,100000,14,26,0,9043,9809,822,859,279,507,27103.23200000001,49,False,False
172,12,53.78548648490981,326.94683999952673,1.0,CLIENT,7,2,100000,15,16,0,9693,10469,814,1005,283,518,16678.912000000004,49,False,False
172,13,-14.654366715518712,287.2056000002007,1.0,CLIENT,7,2,100000,14,13,0,9748,10543,804,1066,284,500,13551.616000000004,49,False,False
172,14,-726.9358018754924,-385.94644000006156,1.0,CLIENT,7,2,100000,14,52,0,7187,8702,926,225,260,574,54206.46400000003,46,False,False
172,15,253.0848738139381,579.5319200001285,1.0,CLIENT,7,2,100000,8,30,0,8577,9868,986,474,288,658,31272.960000000014,49,False,False
172,16,150.50430680643277,-312.4752400004701,1.0,CLIENT,7,2,100000,15,24,0,9417,10353,825,1036,279,516,25018.36800000001,49,False,False
172,17,-783.9690128759433,696.5292399997727,1.0,CLIENT,7,2,100000,14,27,0,6248,7661,939,75,251,598,28145.66400000001,43,False,False
172,18,-714.2617549870037,-25.380959999988306,1.0,CLIENT,7,2,100000,15,45,0,8282,8958,854,631,271,524,46909.440000000024,49,False,False
172,19,761.9478564056744,-46.64308000009299,1.0,CLIENT,7,2,100000,13,73,0,8046,8855,818,604,270,467,76097.53600000004,48,False,False
172,20,-175.6939749988239,46.75439999981194,1.0,CLIENT,7,2,100000,8,6,0,9813,10666,904,1018,291,597,6254.592,49,False,False
172,21,912.293737626395,-567.2867200001965,1.0,CLIENT,7,2,100000,18,49,0,5817,7743,871,95,249,544,51079.16800000003,41,False,False
172,22,-534.2902891632585,-596.6752000003496,1.0,CLIENT,7,2,100000,10,26,0,6814,8781,926,185,256,599,27103.23200000001,46,False,False
172,23,-968.5348206965969,990.0800799997728,1.0,CLIENT,7,2,100000,17,232,0,3650,5402,575,2,221,299,241844.22400000013,38,False,False
172,24,202.3094734648755,548.5849599999553,1.0,CLIENT,7,2,100000,9,14,0,8832,9983,972,591,284,663,14594.048000000004,49,False,False
172,25,385.845514975586,-523.7606000001438,1.0,CLIENT,7,2,100000,11,20,0,8432,9427,1028,456,279,684,20848.640000000007,48,False,False
172,26,169.1193131743228,5.232040000236964,1.0,CLIENT,7,2,100000,11,10,0,10136,10668,814,1235,284,520,10424.320000000002,49,False,False
172,27,208.6464969091199,-582.092279999992,1.0,CLIENT,7,2,100000,11,42,0,8472,9425,891,638,276,562,43782.14400000002,48,False,False
172,28,837.6752865674342,508.62107999960955,1.0,CLIENT,7,2,100000,17,46,0,6831,8202,905,236,261,590,47951.872000000025,47,False,False
172,29,778.0280533959792,821.3189599995176,1.0,CLIENT,7,2,100000,12,65,0,5398,7196,811,47,238,475,67758.08000000003,44,False,False
172,30,-572.7877065886754,796.7172399999347,1.0,CLIENT,7,2,100000,10,29,0,6490,8203,943,119,254,612,30230.528000000013,43,False,False
172,31,935.3446604054812,-797.1625200003925,1.0,CLIENT,7,2,100000,15,192,0,4266,6297,648,15,235,313,200146.9440000001,41,False,False
172,32,-193.67527902217694,-110.09548000045925,1.0,CLIENT,7,2,100000,11,10,0,9774,10600,880,994,288,586,10424.320000000002,49,False,False
172,33,-594.4127990929754,-598.0110400001408,1.0,CLIENT,7,2,100000,11,30,0,6626,8557,926,154,258,610,31272.960000000014,46,False,False
172,34,552.0339548074804,-980.7292000004431,1.0,CLIENT,7,2,100000,12,105,0,5160,7093,799,138,257,461,109455.36000000006,42,False,False
172,35,659.446502191588,384.94456000021813,1.0,CLIENT,7,2,100000,9,28,0,7967,9185,1008,375,274,679,29188.096000000012,48,False,False
172,36,128.6415759224388,248.46623999992715,1.0,CLIENT,7,2,100000,7,12,0,9900,10637,842,1020,288,530,12509.184000000003,49,False,False
172,37,265.9173462887018,-561.6094000002929,1.0,CLIENT,7,2,100000,14,15,0,8511,9486,985,581,282,655,15636.480000000005,48,False,False
172,38,3.6437884803842424,205.71935999948892,1.0,CLIENT,7,2,100000,13,9,0,9937,10686,830,1096,287,534,9381.888,49,False,False
172,39,-147.81107184313547,-352.5504400005349,1.0,CLIENT,7,2,100000,15,28,0,9423,10324,850,921,272,535,29188.096000000012,49,False,False
172,40,153.19754177029293,479.23259999945657,1.0,CLIENT,7,2,100000,11,21,0,9220,10165,932,746,285,607,21891.072000000007,49,False,False
172,41,867.3008711704588,-711.0008400004114,1.0,CLIENT,7,2,100000,13,52,0,5153,7304,831,34,246,500,54206.46400000003,41,False,False
172,42,-252.53038426281998,-372.14276000010955,1.0,CLIENT,7,2,100000,17,25,0,9188,10127,922,753,282,606,26060.80000000001,49,False,False
172,43,800.4452738310912,-599.6808399998798,1.0,CLIENT,7,2,100000,16,35,0,6317,8085,919,96,258,597,36485.12000000002,44,False,False
172,44,35.24969290987583,752.1892400000386,1.0,CLIENT,7,2,100000,14,64,0,8091,9205,822,675,273,497,66715.64800000003,49,False,False
172,45,-818.9810674066882,-791.3738799999788,1.0,CLIENT,7,2,100000,19,92,0,4550,6276,747,33,234,431,95903.74400000005,45,False,False
172,46,971.3864812461691,-616.3788400004341,1.0,CLIENT,7,2,100000,12,44,0,5059,7147,843,55,253,497,45867.00800000002,41,False,False
172,47,-381.0927473929655,844.1395599996423,1.0,CLIENT,7,2,100000,15,71,0,7085,8596,919,326,264,567,74012.67200000004,44,False,False
172,48,641.4651981676722,77.92400000021388,1.0,CLIENT,7,2,100000,11,32,0,8386,9521,834,698,274,522,33357.824000000015,49,False,False
172,49,-510.2096000742293,745.0647599998337,1.0,CLIENT,7,2,100000,17,48,0,7026,8633,945,216,258,605,50036.736000000026,44,False,False

173,0,-108.20467531491947,-729.7025999998616,1.0,CLIENT,7,2,100000,13,28,0,6889,8556,949,489,281,623,29188.096000000012,49,False,False
173,1,-767.8096030927825,824.2132800001198,1.0,CLIENT,7,2,100000,15,49,0,5780,7101,947,155,271,593,51079.16800000003,42,False,False
173,2,489.1389971210472,-922.6201600000329,1.0,CLIENT,7,2,100000,11,33,0,5059,6639,920,190,279,567,34400.256000000016,45,False,False
173,3,275.5020942484873,783.3588399996495,1.0,CLIENT,7,2,100000,12,41,0,6326,7945,959,304,285,616,42739.71200000002,48,False,False
173,4,-12.198770130789583,678.8293600001659,1.0,CLIENT,7,2,100000,15,23,0,7666,9106,890,719,290,573,23975.93600000001,49,False,False
173,5,442.24502363149986,-781.0211200000149,1.0,CLIENT,7,2,100000,9,19,0,5920,7757,984,291,282,645,19806.208000000006,46,False,False
173,6,-771.0573276077606,-867.4054400002249,1.0,CLIENT,7,2,100000,14,226,0,4722,5593,701,55,250,342,235589.63200000013,42,False,False
173,7,-950.4743038798249,974.6066000000817,1.0,CLIENT,7,2,100000,20,255,0,4401,5810,622,37,240,309,265820.16000000003,36,False,False
173,8,625.1473627982363,146.38579999979726,1.0,CLIENT,7,2,100000,9,22,0,8037,9585,926,642,291,612,22933.504000000008,49,False,False
173,9,514.8831548639937,390.399239999893,1.0,CLIENT,7,2,100000,16,30,0,7240,9440,1014,311,290,673,31272.960000000014,49,False,False
173,10,-832.2888166402767,852.7112000001483,1.0,CLIENT,7,2,100000,12,45,0,5418,6757,926,136,270,570,46909.440000000024,41,False,False
173,11,911.8184608681331,437.48759999965273,1.0,CLIENT,7,2,100000,14,164,0,4924,6509,773,160,264,422,170958.8480000001,46,False,False
173,12,-171.41648417390266,-802.1719200004006,1.0,CLIENT,7,2,100000,15,28,0,6405,7969,959,403,279,625,29188.096000000012,48,False,False
173,13,-410.95597037512107,-93.17484000046704,1.0,CLIENT,7,2,100000,14,24,0,9521,10636,853,1000,287,544,25018.36800000001,49,False,False
173,14,-563.5198098008769,264.16235999984707,1.0,CLIENT,7,2,100000,13,32,0,8731,9850,915,800,286,584,33357.824000000015,49,False,False
173,15,-191.2196824374478,-963.2519600002743,1.0,CLIENT,7,2,100000,9,40,0,5630,6900,924,301,279,575,41697.28000000002,45,False,False
173,16,419.19410085241367,822.5434799995899,1.0,CLIENT,7,2,100000,15,55,0,5662,7219,930,135,273,581,57333.76000000003,48,False,False
173,17,-254.35227850357492,-809.0737600003765,1.0,CLIENT,7,2,100000,13,19,0,6130,7786,984,327,285,640,19806.208000000006,48,False,False
173,18,569.8568332451214,-53.87888000001681,1.0,CLIENT,7,2,100000,14,31,0,8842,9946,832,876,283,524,32315.392000000014,49,False,False
173,19,-460.62239162138457,-459.417640000444,1.0,CLIENT,7,2,100000,14,24,0,7476,9631,1001,339,279,673,25018.36800000001,49,False,False
173,20,-546.092995328642,-114.54828000029067,1.0,CLIENT,7,2,100000,9,12,0,8797,10175,929,791,295,608,12509.184000000003,49,False,False
173,21,164.9210351422576,736.2704799998897,1.0,CLIENT,7,2,100000,15,19,0,6883,8499,948,487,287,621,19806.208000000006,49,False,False
173,22,181.8725728562305,481.01371999970553,1.0,CLIENT,7,2,100000,9,12,0,8489,10126,1015,637,297,690,12509.184000000003,49,False,False
173,23,-271.14539063127285,-533.77940000016,1.0,CLIENT,7,2,100000,13,9,0,7911,9659,1026,538,287,694,9381.888,49,False,False
173,24,-752.9968107909888,-101.74648000018209,1.0,CLIENT,7,2,100000,9,25,0,7687,9157,923,615,288,582,26060.80000000001,49,False,False
173,25,452.1466227638353,867.8507199998916,1.0,CLIENT,7,2,100000,12,43,0,5379,6840,907,122,277,542,44824.57600000002,47,False,False
173,26,108.9175904517497,511.9606799998786,1.0,CLIENT,7,2,100000,12,19,0,8501,9967,952,726,293,641,19806.208000000006,49,False,False
173,27,-684.4777447977041,215.73815999950511,1.0,CLIENT,7,2,100000,11,12,0,8175,9480,924,671,287,611,12509.184000000003,49,False,False
173,28,837.7544993602903,424.0178799996485,1.0,CLIENT,7,2,100000,17,65,0,5233,7146,884,174,268,545,67758.08000000003,48,False,False
173,29,856.2110801424682,-37.18088000025347,1.0,CLIENT,7,2,100000,12,77,0,6386,8481,835,485,278,503,80267.26400000004,48,False,False
173,30,-509.10062097143015,556.4886799997748,1.0,CLIENT,7,2,100000,10,34,0,7769,9223,999,449,278,683,35442.68800000002,47,False,False
173,31,-745.7884466230764,-427.0235199999698,1.0,CLIENT,7,2,100000,15,52,0,5967,8295,921,210,272,571,54206.46400000003,49,False,False
173,32,8.396556063567537,-981.7310800002866,1.0,CLIENT,7,2,100000,12,116,0,5604,6842,804,381,275,443,120922.11200000007,45,False,False
173,33,-979.0701221729064,373.5899199996197,1.0,CLIENT,7,2,100000,11,87,0,6272,7853,893,243,272,520,90691.58400000005,45,False,False
173,34,671.2492083564088,-981.9537200005154,1.0,CLIENT,7,2,100000,13,49,0,4168,5682,842,74,264,503,51079.16800000003,40,False,False
173,35,709.1129234372887,-846.2546399998391,1.0,CLIENT,7,2,100000,9,32,0,4527,6234,872,130,268,551,33357.824000000015,45,False,False
173,36,-572.4708554166883,-611.480760000145,1.0,CLIENT,7,2,100000,8,17,0,5952,8179,967,190,271,628,17721.344000000005,49,False,False
173,37,452.70111231495343,938.5389200001816,1.0,CLIENT,7,2,100000,14,114,0,5203,6524,839,104,269,479,118837.24800000007,44,False,False
173,38,919.9773785525695,-795.8266799998103,1.0,CLIENT,7,2,100000,16,229,0,3689,5286,630,113,243,286,238716.92800000013,41,False,False
173,39,89.5104561530477,-644.0975200000571,1.0,CLIENT,7,2,100000,16,39,0,7575,9259,884,675,282,577,40654.84800000002,48,False,False
173,40,768.6017310224687,-353.5523200003783,1.0,CLIENT,7,2,100000,13,36,0,6450,8650,919,408,277,580,37527.55200000002,46,False,False
173,41,-910.3134178004908,-154.62348000035547,1.0,CLIENT,7,2,100000,12,96,0,6502,8113,852,448,276,504,100073.47200000005,47,False,False
173,42,-109.15522883144357,817.088799999915,1.0,CLIENT,7,2,100000,17,37,0,6924,8342,916,546,282,589,38569.98400000002,47,False,False
173,43,-92.59975508287667,786.030520000023,1.0,CLIENT,7,2,100000,15,27,0,7132,8498,922,579,289,595,28145.66400000001,48,False,False
173,44,146.5436671534986,509.0663600000673,1.0,CLIENT,7,2,100000,14,26,0,8354,9938,992,634,294,670,27103.23200000001,49,False,False
173,45,-320.57417349840534,-483.35144000013116,1.0,CLIENT,7,2,100000,17,32,0,8038,9846,994,530,281,678,33357.824000000015,49,False,False
173,46,198.98253615647835,810.4096000001678,1.0,CLIENT,7,2,100000,12,29,0,6507,7997,934,422,286,597,30230.528000000013,48,False,False
173,47,-427.6698697099629,-392.069040000423,1.0,CLIENT,7,2,100000,14,23,0,8206,10038,1006,481,285,683,23975.93600000001,49,False,False
173,48,-507.75400348950006,-723.2460400003433,1.0,CLIENT,7,2,100000,11,37,0,5735,7639,944,161,271,604,38569.98400000002,48,False,False
173,49,-219.34022397226727,741.5025200001267,1.0,CLIENT,7,2,100000,15,44,0,7335,8797,932,572,282,602,45867.00800000002,47,False,False

174,0,-633.9399828277726,-814.0831600003846,1.0,CLIENT,7,2,100000,13,47,0,6400,8302,859,130,273,526,48994.304000000026,47,False,False
174,1,338.9515414866015,-423.5725999999818,1.0,CLIENT,7,2,100000,14,20,0,9078,10181,1019,587,276,707,20848.640000000007,49,False,False
174,2,-884.4108344712694,884.7713599998838,1.0,CLIENT,7,2,100000,13,233,0,4441,5819,622,32,238,317,242886.65600000013,40,False,False
174,3,660.1594173289811,516.0795199997622,1.0,CLIENT,7,2,100000,12,48,0,6350,8073,898,178,255,564,50036.736000000026,49,False,False
174,4,331.50553893899524,691.0745600000979,1.0,CLIENT,7,2,100000,16,52,0,6815,8524,900,327,269,542,54206.46400000003,49,False,False
174,5,874.1923841663842,-733.4874799997974,1.0,CLIENT,7,2,100000,9,24,0,5316,7071,884,78,255,546,25018.36800000001,40,False,False
174,6,487.0794645011612,782.9135599999827,1.0,CLIENT,7,2,100000,13,69,0,5685,7463,852,152,262,476,71927.80800000003,47,False,False
174,7,-105.74907873019035,-888.1109600001528,1.0,CLIENT,7,2,100000,18,76,0,7544,8923,862,411,270,514,79224.83200000004,47,False,False
174,8,-307.1079986785418,485.80047999948476,1.0,CLIENT,7,2,100000,9,15,0,8567,9938,947,602,282,637,15636.480000000005,49,False,False
174,9,-60.12250992971705,271.7321199997187,1.0,CLIENT,7,2,100000,13,11,0,9948,10717,829,1119,301,520,11466.752000000002,49,False,False
174,10,-895.6590510849721,-538.6774800004491,1.0,CLIENT,7,2,100000,12,146,0,6369,8013,773,127,261,417,152195.07200000007,48,False,False
174,11,-674.1800817005256,550.0321199994655,1.0,CLIENT,7,2,100000,14,30,0,6722,8445,991,224,267,658,31272.960000000014,45,False,False
174,12,-112.56137893269678,-981.5084400000578,1.0,CLIENT,7,2,100000,15,69,0,6977,8447,856,357,273,513,71927.80800000003,47,False,False
174,13,734.6986555945228,-785.1399599998985,1.0,CLIENT,7,2,100000,17,42,0,5856,7435,925,101,252,590,43782.14400000002,44,False,False
174,14,81.35153846804833,-779.5739600005047,1.0,CLIENT,7,2,100000,14,22,0,8093,9358,1004,397,280,667,22933.504000000008,48,False,False
174,15,-811.2974264805136,342.1976799997799,1.0,CLIENT,7,2,100000,9,38,0,6900,8655,998,217,273,622,39612.41600000002,45,False,False
174,16,-719.0937353630429,-262.26991999987916,1.0,CLIENT,7,2,100000,15,24,0,8229,9429,980,432,290,652,25018.36800000001,48,False,False
174,17,358.2002501990286,-646.9918399998685,1.0,CLIENT,7,2,100000,12,19,0,8131,9433,1047,346,275,712,19806.208000000006,48,False,False
174,18,227.57835444955987,148.83483999994183,1.0,CLIENT,7,2,100000,14,10,0,9994,10854,881,1095,291,579,10424.320000000002,49,False,False
174,19,984.6942304797577,-790.3720000001354,1.0,CLIENT,7,2,100000,14,52,0,4447,6141,808,50,248,485,54206.46400000003,40,False,False
174,20,206.1116875315347,-394.07280000010985,1.0,CLIENT,7,2,100000,8,9,0,9599,10541,958,787,283,656,9381.888,49,False,False
174,21,-310.27651040066394,-458.52708000031953,1.0,CLIENT,7,2,100000,15,17,0,9474,10451,1002,667,289,694,17721.344000000005,49,False,False
174,22,-406.4408411710688,-920.9503600002938,1.0,CLIENT,7,2,100000,10,63,0,6724,8499,859,279,272,508,65673.21600000003,47,False,False
174,23,545.9345697418042,-254.47751999977868,1.0,CLIENT,7,2,100000,13,31,0,8556,9775,958,628,276,616,32315.392000000014,49,False,False
174,24,809.9508089980208,185.3477999995087,1.0,CLIENT,7,2,100000,10,54,0,6885,8128,909,393,276,537,56291.32800000003,49,False,False
174,25,186.22927647457064,504.27959999949707,1.0,CLIENT,7,2,100000,11,39,0,8366,9897,852,685,286,527,40654.84800000002,49,False,False
174,26,-712.5982863325237,-102.19175999984884,1.0,CLIENT,7,2,100000,12,28,0,8514,9581,974,515,292,625,29188.096000000012,48,False,False
174,27,551.5586780492184,251.58319999996735,1.0,CLIENT,7,2,100000,11,28,0,7885,9650,951,488,278,619,29188.096000000012,49,False,False
174,28,193.754491815033,-590.8865599999359,1.0,CLIENT,7,2,100000,17,32,0,8797,9953,1029,505,275,703,33357.824000000015,49,False,False
174,29,-184.80344620034737,-135.2538000002187,1.0,CLIENT,7,2,100000,12,34,0,10361,10811,804,1170,295,485,35442.68800000002,49,False,False
174,30,-997.7643413342154,-99.74272000049524,1.0,CLIENT,7,2,100000,10,58,0,6670,8212,887,342,277,539,60461.05600000003,45,False,False
174,31,418.40197292160167,147.1650400002028,1.0,CLIENT,7,2,100000,15,26,0,9011,10427,873,818,281,572,27103.23200000001,49,False,False
174,32,-333.0105820077631,773.3400399996333,1.0,CLIENT,7,2,100000,13,55,0,6848,8440,911,314,270,550,57333.76000000003,46,False,False
174,33,-566.9259599026931,-729.2573200001948,1.0,CLIENT,7,2,100000,11,21,0,7217,8917,951,216,282,634,21891.072000000007,48,False,False
174,34,-23.446986745055078,93.6201200001338,1.0,CLIENT,7,2,100000,8,1,0,10506,10958,802,1321,289,506,1042.432,49,False,False
174,35,-550.9249757052443,840.5773199999353,1.0,CLIENT,7,2,100000,9,42,0,5870,7370,886,158,260,552,43782.14400000002,45,False,False
174,36,-580.4713475148499,-357.6711600002619,1.0,CLIENT,7,2,100000,7,6,0,8698,9981,1002,452,299,669,6254.592,48,False,False
174,37,-794.1082503874097,361.6786799996356,1.0,CLIENT,7,2,100000,14,27,0,6900,8638,1007,236,278,667,28145.66400000001,46,False,False
174,38,757.0366632362161,-66.23540000045864,1.0,CLIENT,7,2,100000,13,59,0,7423,8768,778,644,270,457,61503.488000000034,49,False,False
174,39,980.0206756894305,828.1094799997745,1.0,CLIENT,7,2,100000,20,246,0,3448,4978,514,0,215,257,256438.27200000014,36,False,False
174,40,-988.9717213052419,-110.20680000017819,1.0,CLIENT,7,2,100000,13,43,0,6721,8264,916,335,279,563,44824.57600000002,46,False,False
174,41,-201.99262229345126,-277.7434000003612,1.0,CLIENT,7,2,100000,11,17,0,10250,10755,887,1044,285,582,17721.344000000005,49,False,False
174,42,20.59532619435712,626.1750000002214,1.0,CLIENT,7,2,100000,17,47,0,8061,9405,790,732,276,484,48994.304000000026,49,False,False
174,43,-253.08487381450092,347.98632000019353,1.0,CLIENT,7,2,100000,13,17,0,9453,10373,901,848,290,590,17721.344000000005,49,False,False
174,44,668.9520373579545,-528.6586800004329,1.0,CLIENT,7,2,100000,14,43,0,7264,8770,981,269,263,659,44824.57600000002,48,False,False
174,45,-944.6917699866985,378.15403999996107,1.0,CLIENT,7,2,100000,18,79,0,6105,7655,915,158,260,552,82352.12800000004,44,False,False
174,46,-365.8838911263287,-27.496040000185076,1.0,CLIENT,7,2,100000,11,18,0,9974,10552,882,982,298,562,18763.776000000005,49,False,False
174,47,728.5992705294095,-935.8672399998081,1.0,CLIENT,7,2,100000,16,241,0,5263,6791,702,62,238,394,251226.11200000014,41,False,False
174,48,-440.89840615013264,-715.2310000000139,1.0,CLIENT,7,2,100000,11,31,0,7934,9424,965,353,288,622,32315.392000000014,48,False,False
174,49,440.6607677704388,-164.75360000009061,1.0,CLIENT,7,2,100000,14,17,0,9240,10345,864,900,273,563,17721.344000000005,49,False,False

175,0,317.32644898230143,-253.92092000039298,1.0,CLIENT,7,2,100000,11,9,0,9388,10414,857,986,280,554,9381.888,49,False,False
175,1,501.8922568029549,653.8936799998444,1.0,CLIENT,7,2,100000,15,36,0,7141,8686,997,277,269,679,37527.55200000002,47,False,False
175,2,501.2585544584179,-640.6466000000692,1.0,CLIENT,7,2,100000,11,49,0,6659,8364,889,374,259,577,51079.16800000003,48,False,False
175,3,803.0592960020955,980.8405200001621,1.0,CLIENT,7,2,100000,14,229,0,4091,5622,640,12,233,330,238716.92800000013,39,False,False
175,4,-741.35253021188,885.8845600002371,1.0,CLIENT,7,2,100000,17,237,0,5826,7583,694,106,251,376,247056.38400000014,44,False,False
175,5,703.9640918886994,147.05371999969287,1.0,CLIENT,7,2,100000,9,32,0,7461,9076,813,656,263,494,33357.824000000015,49,False,False
175,6,104.1648228685664,-423.3499600005439,1.0,CLIENT,7,2,100000,12,21,0,9184,10189,742,1061,268,459,21891.072000000007,49,False,False
175,7,-624.909724419668,-234.885200000204,1.0,CLIENT,7,2,100000,17,31,0,8174,9388,982,475,272,673,32315.392000000014,49,False,False
175,8,958.1579448054365,-945.6634000003864,1.0,CLIENT,7,2,100000,10,50,0,3315,4636,751,17,236,421,52121.60000000003,35,False,False
175,9,-936.6912778879743,-74.91835999989263,1.0,CLIENT,7,2,100000,16,82,0,6660,8292,798,440,268,475,85479.42400000004,45,False,False
175,10,-722.103821499453,-34.620520000389945,1.0,CLIENT,7,2,100000,12,25,0,8199,9402,876,601,278,572,26060.80000000001,49,False,False
175,11,394.40049662599137,-577.9734400001084,1.0,CLIENT,7,2,100000,14,43,0,7438,9020,905,515,268,590,44824.57600000002,49,False,False
175,12,-521.6954550676257,250.35867999989506,1.0,CLIENT,7,2,100000,15,28,0,9270,9952,985,643,281,677,29188.096000000012,49,False,False
175,13,-855.0228882473759,-150.83860000041966,1.0,CLIENT,7,2,100000,17,40,0,7157,8605,873,439,267,560,41697.28000000002,45,False,False
175,14,106.46199386702057,945.4407600001576,1.0,CLIENT,7,2,100000,14,67,0,6810,8470,884,395,272,544,69842.94400000003,44,False,False
175,15,-943.1075141256374,-528.1020800002563,1.0,CLIENT,7,2,100000,9,59,0,5487,7154,873,89,254,528,61503.488000000034,44,False,False
175,16,-511.31857917702825,-524.8738000004971,1.0,CLIENT,7,2,100000,15,34,0,7340,8908,977,215,266,658,35442.68800000002,48,False,False
175,17,296.41427161539434,73.69383999982034,1.0,CLIENT,7,2,100000,11,9,0,9800,10537,867,1085,286,568,9381.888,49,False,False
175,18,361.6856130937007,749.2949200002272,1.0,CLIENT,7,2,100000,15,26,0,7208,8815,1003,336,271,696,27103.23200000001,47,False,False
175,19,-774.9387544678389,-956.3501200002984,1.0,CLIENT,7,2,100000,14,77,0,4735,5944,779,38,234,427,80267.26400000004,41,False,False
175,20,-469.494224443777,33.5073200000366,1.0,CLIENT,7,2,100000,8,16,0,9517,10082,876,880,288,562,16678.912000000004,49,False,False
175,21,476.38573743857665,429.47256000011436,1.0,CLIENT,7,2,100000,15,23,0,8076,9636,997,435,272,690,23975.93600000001,49,False,False
175,22,101.47158790470625,592.8903199996228,1.0,CLIENT,7,2,100000,9,19,0,9043,9811,919,734,282,604,19806.208000000006,49,False,False
175,23,229.63788706944584,-503.38904000016356,1.0,CLIENT,7,2,100000,13,51,0,8448,9832,729,886,273,411,53164.03200000003,49,False,False
175,24,222.42952290097057,255.1454399996743,1.0,CLIENT,7,2,100000,9,13,0,9772,10461,893,998,281,597,13551.616000000004,49,False,False
175,25,-589.1847547515301,-242.78892000002344,1.0,CLIENT,7,2,100000,11,16,0,8301,9546,999,489,281,685,16678.912000000004,49,False,False
175,26,-717.1926283299948,-247.24171999985487,1.0,CLIENT,7,2,100000,12,23,0,7726,9007,983,405,279,671,23975.93600000001,48,False,False
175,27,-864.0531466554805,387.0596399996239,1.0,CLIENT,7,2,100000,12,63,0,6987,8730,921,228,274,565,65673.21600000003,46,False,False
175,28,225.5188218302367,288.20748000004414,1.0,CLIENT,7,2,100000,15,18,0,9663,10317,895,944,278,599,18763.776000000005,49,False,False
175,29,136.32521684917612,786.8097599996374,1.0,CLIENT,7,2,100000,12,28,0,7791,9204,938,492,279,634,29188.096000000012,47,False,False
175,30,-16.08019699086769,-228.65128000012362,1.0,CLIENT,7,2,100000,10,10,0,9995,10562,794,1190,287,498,10424.320000000002,49,False,False
175,31,373.3298936728093,388.5067999999251,1.0,CLIENT,7,2,100000,15,23,0,8825,10017,976,634,276,666,23975.93600000001,49,False,False
175,32,-131.73087485226776,-176.99880000002253,1.0,CLIENT,7,2,100000,11,13,0,9942,10525,814,1156,283,524,13551.616000000004,49,False,False
175,33,-405.96556441280677,509.1776799997862,1.0,CLIENT,7,2,100000,11,19,0,9002,9866,1041,453,285,714,19806.208000000006,46,False,False
175,34,304.5731893003937,-152.8423600001065,1.0,CLIENT,7,2,100000,10,9,0,9696,10510,814,1111,281,524,9381.888,49,False,False
175,35,79.84649540040614,-181.22896000041607,1.0,CLIENT,7,2,100000,9,9,0,10149,10633,792,1281,273,500,9381.888,49,False,False
175,36,608.5918890491065,207.16651999979007,1.0,CLIENT,7,2,100000,8,14,0,8018,9540,869,663,273,556,14594.048000000004,49,False,False
175,37,-510.5264512467791,-229.76448000047696,1.0,CLIENT,7,2,100000,14,17,0,8675,9800,981,577,277,670,17721.344000000005,49,False,False
175,38,-488.90135874247903,654.672919999459,1.0,CLIENT,7,2,100000,14,26,0,8237,9362,998,315,276,685,27103.23200000001,46,False,False
175,39,-342.99139393295457,730.704479999705,1.0,CLIENT,7,2,100000,17,44,0,8354,9353,989,390,277,668,45867.00800000002,46,False,False
175,40,987.7835294084609,-883.4355200000925,1.0,CLIENT,7,2,100000,14,191,0,3350,4724,612,29,227,295,199104.5120000001,37,False,False
175,41,-619.6024672848038,690.2953199996923,1.0,CLIENT,7,2,100000,12,34,0,7583,8885,981,195,269,666,35442.68800000002,46,False,False
175,42,873.954745787253,126.68215999971267,1.0,CLIENT,7,2,100000,17,145,0,6538,7937,690,579,249,357,151152.64000000007,47,False,False
175,43,909.838141041666,-933.5295200001735,1.0,CLIENT,7,2,100000,16,91,0,3505,4931,720,37,230,403,94861.31200000005,37,False,False
175,44,-608.3542506705384,-946.4426400000011,1.0,CLIENT,7,2,100000,17,198,0,5157,6380,692,60,233,384,206401.5360000001,43,False,False
175,45,-280.73013859105833,-770.334400000103,1.0,CLIENT,7,2,100000,18,70,0,6834,8421,865,346,254,558,72970.24000000003,48,False,False
175,46,824.5259629201206,-421.90280000024273,1.0,CLIENT,7,2,100000,12,50,0,5633,7537,893,131,249,554,52121.60000000003,48,False,False
175,47,85.54981650011352,922.0635599998561,1.0,CLIENT,7,2,100000,15,69,0,7014,8645,898,389,271,559,71927.80800000003,44,False,False
175,48,-483.8317399867458,-227.983360000228,1.0,CLIENT,7,2,100000,11,17,0,8868,9901,996,593,285,677,17721.344000000005,49,False,False
175,49,428.93727439847413,960.6915999996198,1.0,CLIENT,7,2,100000,17,43,0,5780,7363,917,231,263,598,44824.57600000002,43,False,False

176,0,483.039612055371,-430.2518000005199,1.0,CLIENT,7,2,100000,13,26,0,7773,9263,992,343,269,673,27103.23200000001,49,False,False
176,1,234.7867186180351,-635.1919200003942,1.0,CLIENT,7,2,100000,14,22,0,7573,8841,1008,431,279,682,22933.504000000008,49,False,False
176,2,-226.94465210614854,193.69679999978587,1.0,CLIENT,7,2,100000,9,11,0,9632,10416,868,1057,289,550,11466.752000000002,49,False,False
176,3,-250.39163885064076,995.9800399999053,1.0,CLIENT,7,2,100000,12,92,0,5728,7261,832,326,262,479,95903.74400000005,44,False,False
176,4,-887.7377717796666,810.6322399996056,1.0,CLIENT,7,2,100000,17,237,0,4391,5667,631,24,230,349,247056.38400000014,42,False,False
176,5,-50.77540034906258,-457.5252000004761,1.0,CLIENT,7,2,100000,9,10,0,8587,9793,894,788,286,596,10424.320000000002,49,False,False
176,6,-358.8339525441284,871.1903200001607,1.0,CLIENT,7,2,100000,13,34,0,6066,7711,930,237,266,602,35442.68800000002,47,False,False
176,7,758.9377702698272,832.0056800002203,1.0,CLIENT,7,2,100000,18,77,0,4614,6218,880,76,240,563,80267.26400000004,45,False,False
176,8,-313.920298881611,-528.547359999923,1.0,CLIENT,7,2,100000,9,12,0,7897,9157,1015,480,287,702,12509.184000000003,48,False,False
176,9,-493.57491353280625,6.790519999466085,1.0,CLIENT,7,2,100000,14,32,0,8759,9776,809,888,275,504,33357.824000000015,49,False,False
176,10,113.98720920748292,-711.7800800000259,1.0,CLIENT,7,2,100000,12,15,0,7304,8539,972,447,277,656,15636.480000000005,49,False,False
176,11,741.3525302113173,-804.7322800002642,1.0,CLIENT,7,2,100000,16,232,0,4973,6481,640,42,233,325,241844.22400000013,42,False,False
176,12,-813.7530230652427,-253.0303600002685,1.0,CLIENT,7,2,100000,15,59,0,7275,8484,927,410,279,570,61503.488000000034,47,False,False
176,13,804.6435518631565,726.9195999997692,1.0,CLIENT,7,2,100000,17,35,0,4837,6594,926,99,250,603,36485.12000000002,45,False,False
176,14,-859.6964430377033,-755.0835599998499,1.0,CLIENT,7,2,100000,14,151,0,5668,6864,769,71,249,463,157407.23200000008,41,False,False
176,15,262.9072601528546,-156.18196000037557,1.0,CLIENT,7,2,100000,8,10,0,9532,10353,901,974,292,593,10424.320000000002,49,False,False
176,16,-211.26051908068683,871.4129599995986,1.0,CLIENT,7,2,100000,15,60,0,6591,8007,889,435,268,556,62545.920000000035,46,False,False
176,17,-266.2341974618146,7.235799999923813,1.0,CLIENT,7,2,100000,11,17,0,9694,10348,746,1267,279,453,17721.344000000005,49,False,False
176,18,240.64846530401746,-854.0470399999396,1.0,CLIENT,7,2,100000,15,36,0,6473,7725,951,324,271,611,37527.55200000002,46,False,False
176,19,-597.2644596431106,63.5637200000852,1.0,CLIENT,7,2,100000,13,27,0,8343,9335,836,783,280,533,28145.66400000001,49,False,False
176,20,998.1604052990585,491.9230799998462,1.0,CLIENT,7,2,100000,10,60,0,4495,6810,820,136,249,501,62545.920000000035,43,False,False
176,21,-120.2450198594341,839.464119999582,1.0,CLIENT,7,2,100000,15,38,0,6856,8230,863,554,277,534,39612.41600000002,48,False,False
176,22,524.3094772375041,-812.7473199998025,1.0,CLIENT,7,2,100000,10,17,0,5750,7371,901,110,256,575,17721.344000000005,46,False,False
176,23,-53.46863531292273,-391.84640000019414,1.0,CLIENT,7,2,100000,11,37,0,8944,9996,819,923,287,493,38569.98400000002,49,False,False
176,24,128.48315033672668,-216.62872000042057,1.0,CLIENT,7,2,100000,9,5,0,9679,10375,854,1107,287,564,5212.16,49,False,False
176,25,-983.0307618258406,383.6087199996359,1.0,CLIENT,7,2,100000,12,57,0,5793,7081,884,270,263,520,59418.62400000003,43,False,False
176,26,-123.73038275410622,725.2498000000301,1.0,CLIENT,7,2,100000,12,26,0,7512,8863,872,657,279,549,27103.23200000001,49,False,False
176,27,-905.9567141821507,-917.165480000358,1.0,CLIENT,7,2,100000,13,126,0,4770,6303,721,24,242,381,131346.43200000006,37,False,False
176,28,-153.0391161845808,-177.77804000042806,1.0,CLIENT,7,2,100000,15,13,0,9708,10314,786,1270,277,501,13551.616000000004,49,False,False
176,29,507.99164186806826,30.835639999663158,1.0,CLIENT,7,2,100000,12,48,0,8984,9803,769,932,280,453,50036.736000000026,49,False,False
176,30,-111.45239983046058,632.4089199995109,1.0,CLIENT,7,2,100000,10,30,0,8069,9329,881,710,284,558,31272.960000000014,49,False,False
176,31,972.5746731418243,969.2632400001258,1.0,CLIENT,7,2,100000,17,219,0,3037,4438,629,32,231,326,228292.60800000012,37,False,False
176,32,-28.516605500225456,-726.3630000003834,1.0,CLIENT,7,2,100000,12,31,0,7218,8485,881,503,270,559,32315.392000000014,48,False,False
176,33,-173.63444237893793,313.3657999998036,1.0,CLIENT,7,2,100000,10,10,0,9450,10320,908,970,294,587,10424.320000000002,49,False,False
176,34,-419.2733136458326,-220.30227999984646,1.0,CLIENT,7,2,100000,10,12,0,8886,9829,936,861,285,638,12509.184000000003,49,False,False
176,35,575.7977927239598,-584.2073600001888,1.0,CLIENT,7,2,100000,9,22,0,6692,8264,967,172,263,632,22933.504000000008,48,False,False
176,36,130.46347016319376,-824.4359200003487,1.0,CLIENT,7,2,100000,8,53,0,6840,8000,937,361,274,584,55248.89600000003,47,False,False
176,37,817.0799603730771,355.44475999955523,1.0,CLIENT,7,2,100000,14,30,0,6661,8476,949,385,276,623,31272.960000000014,46,False,False
176,38,-941.0479815063143,-534.6699600002844,1.0,CLIENT,7,2,100000,14,55,0,5958,7261,893,102,252,570,57333.76000000003,41,False,False
176,39,356.14071757970544,601.5732799998477,1.0,CLIENT,7,2,100000,16,45,0,7677,9279,972,484,276,645,46909.440000000024,48,False,False
176,40,-503.7933638365659,-852.2659200004816,1.0,CLIENT,7,2,100000,13,49,0,6536,7505,953,195,269,591,51079.16800000003,44,False,False
176,41,613.3446566328525,-922.286200000085,1.0,CLIENT,7,2,100000,13,58,0,5064,6452,815,59,241,473,60461.05600000003,41,False,False
176,42,105.27380197136546,-634.9692800001653,1.0,CLIENT,7,2,100000,17,27,0,7639,8947,963,491,283,633,28145.66400000001,49,False,False
176,43,-808.0497019649727,358.67304000010535,1.0,CLIENT,7,2,100000,16,56,0,6587,7921,922,320,266,574,58376.19200000003,47,False,False
176,44,-339.42681824542643,319.3770799996551,1.0,CLIENT,7,2,100000,14,14,0,8863,10062,987,669,289,682,14594.048000000004,49,False,False
176,45,935.2654476126252,17.92251999983563,1.0,CLIENT,7,2,100000,17,107,0,6485,8142,712,567,248,398,111540.22400000006,44,False,False
176,46,717.430266708563,763.4325600001271,1.0,CLIENT,7,2,100000,12,29,0,5081,6939,939,115,252,620,30230.528000000013,45,False,False
176,47,770.3444124698048,353.5523199995873,1.0,CLIENT,7,2,100000,14,42,0,7023,8748,928,449,273,605,43782.14400000002,46,False,False
176,48,-738.4216568688889,439.38003999962064,1.0,CLIENT,7,2,100000,11,33,0,6599,8131,965,254,270,622,34400.256000000016,47,False,False
176,49,-364.37884805812365,-468.32324000010686,1.0,CLIENT,7,2,100000,15,36,0,8111,9362,997,530,278,678,37527.55200000002,48,False,False

177,0,999.1109588155826,180.6723600002394,1.0,CLIENT,7,2,100000,13,191,0,4821,6519,684,262,249,330,199104.5120000001,40,False,False
177,1,-239.14342223637527,104.5294799994835,1.0,CLIENT,7,2,100000,10,5,0,10219,10803,767,1349,282,479,5212.16,49,False,False
177,2,-176.644528515348,-685.0632800002463,1.0,CLIENT,7,2,100000,10,18,0,8844,9765,953,565,294,598,18763.776000000005,49,False,False
177,3,-379.19164035991736,281.7509199997349,1.0,CLIENT,7,2,100000,12,16,0,9137,10281,1007,714,294,681,16678.912000000004,49,False,False
177,4,-915.7791005216301,521.5342000002281,1.0,CLIENT,7,2,100000,16,99,0,6146,7676,821,97,260,457,103200.76800000005,43,False,False
177,5,-490.4064018101212,-5.12072000051802,1.0,CLIENT,7,2,100000,8,8,0,9544,10475,896,856,290,578,8339.456,49,False,False
177,6,-45.86420717960432,379.37856000003336,1.0,CLIENT,7,2,100000,12,11,0,9154,10250,848,962,278,546,11466.752000000002,49,False,False
177,7,-586.8875837525133,770.6683600000508,1.0,CLIENT,7,2,100000,18,54,0,6395,7641,892,240,263,528,56291.32800000003,46,False,False
177,8,-718.3808202256498,-965.8123200001378,1.0,CLIENT,7,2,100000,10,30,0,6266,7903,917,78,271,554,31272.960000000014,43,False,False
177,9,46.57712231643455,-242.56627999979457,1.0,CLIENT,7,2,100000,12,8,0,10246,10824,797,1328,272,522,8339.456,49,False,False
177,10,688.7552356220626,-886.9977599997994,1.0,CLIENT,7,2,100000,12,213,0,4479,6627,711,91,259,357,222038.01600000012,42,False,False
177,11,-617.7805730446116,-179.7818000001149,1.0,CLIENT,7,2,100000,14,20,0,8944,9979,951,597,295,611,20848.640000000007,49,False,False
177,12,-996.9722134039663,300.45267999997606,1.0,CLIENT,7,2,100000,15,73,0,6652,8116,860,199,273,505,76097.53600000004,44,False,False
177,13,423.07552771192894,963.5859200002221,1.0,CLIENT,7,2,100000,19,231,0,4972,6496,625,236,230,305,240801.79200000013,41,False,False
177,14,-602.809355157106,-710.1102800002868,1.0,CLIENT,7,2,100000,14,23,0,7914,9096,1012,239,279,681,23975.93600000001,48,False,False
177,15,722.4998854637333,295.44327999996796,1.0,CLIENT,7,2,100000,9,28,0,6301,8113,921,284,268,589,29188.096000000012,45,False,False
177,16,-942.7114501602315,-76.47683999991273,1.0,CLIENT,7,2,100000,15,43,0,7889,8782,908,407,276,573,44824.57600000002,48,False,False
177,17,-559.6383829413617,70.02027999960347,1.0,CLIENT,7,2,100000,12,13,0,9210,10191,919,758,289,589,13551.616000000004,49,False,False
177,18,423.07552771192894,-899.5769200004702,1.0,CLIENT,7,2,100000,15,55,0,6113,8260,903,240,276,562,57333.76000000003,45,False,False
177,19,187.97195792190672,826.1057200000878,1.0,CLIENT,7,2,100000,14,37,0,6467,7893,922,311,263,595,38569.98400000002,46,False,False
177,20,-557.0243607703576,923.0654399996996,1.0,CLIENT,7,2,100000,10,163,0,5955,7075,749,210,262,389,169916.41600000008,42,False,False
177,21,-987.1498270650497,38.96199999971145,1.0,CLIENT,7,2,100000,17,49,0,7505,8544,867,394,278,520,51079.16800000003,45,False,False
177,22,-641.6236237545098,665.3596400001618,1.0,CLIENT,7,2,100000,10,20,0,6622,8066,943,225,273,594,20848.640000000007,47,False,False
177,23,581.8179649962171,-520.8662800003324,1.0,CLIENT,7,2,100000,14,29,0,7108,8695,970,247,276,626,30230.528000000013,49,False,False
177,24,-184.32816944152248,203.4929599995732,1.0,CLIENT,7,2,100000,9,6,0,9897,10725,795,1206,285,497,6254.592,49,False,False
177,25,850.9830358010229,-549.9208000005376,1.0,CLIENT,7,2,100000,12,46,0,5231,7000,896,145,268,543,47951.872000000025,42,False,False
177,26,652.0004996439817,616.601479999872,1.0,CLIENT,7,2,100000,12,62,0,5777,7267,863,187,259,527,64630.784000000036,45,False,False
177,27,-38.57663021883583,-732.374280000235,1.0,CLIENT,7,2,100000,11,30,0,8689,9577,869,595,284,519,31272.960000000014,49,False,False
177,28,263.8578136693787,-35.399760000004505,1.0,CLIENT,7,2,100000,15,22,0,9481,10586,778,1170,274,495,22933.504000000008,49,False,False
177,29,739.3722103848502,-516.636119999939,1.0,CLIENT,7,2,100000,12,32,0,6048,7753,927,172,266,585,33357.824000000015,46,False,False
177,30,-907.3825444574995,42.412919999699454,1.0,CLIENT,7,2,100000,10,37,0,7871,8849,886,425,278,565,38569.98400000002,49,False,False
177,31,-363.1906561624686,163.7517199994562,1.0,CLIENT,7,2,100000,15,12,0,9677,10553,914,966,285,618,12509.184000000003,49,False,False
177,32,233.44010113610506,-195.81187999998264,1.0,CLIENT,7,2,100000,11,11,0,9506,10656,885,1031,285,578,11466.752000000002,49,False,False
177,33,577.3820485850209,335.18452000008494,1.0,CLIENT,7,2,100000,11,25,0,7049,8801,926,395,263,620,26060.80000000001,49,False,False
177,34,943.7412164696117,-266.94535999993946,1.0,CLIENT,7,2,100000,12,48,0,5415,7129,910,175,268,558,50036.736000000026,44,False,False
177,35,14.099877163837766,435.5951599996848,1.0,CLIENT,7,2,100000,9,15,0,8805,10062,910,793,281,590,15636.480000000005,49,False,False
177,36,-328.81230397626075,-22.70928000040584,1.0,CLIENT,7,2,100000,7,8,0,10177,10789,801,1208,289,495,8339.456,49,False,False
177,37,-894.1540080173298,-498.1569999999266,1.0,CLIENT,7,2,100000,14,76,0,7528,8628,933,197,279,561,79224.83200000004,47,False,False
177,38,632.2765141732926,-51.76379999982004,1.0,CLIENT,7,2,100000,14,36,0,7542,8768,912,511,272,572,37527.55200000002,49,False,False
177,39,-816.7631092010901,-954.6803199997682,1.0,CLIENT,7,2,100000,17,50,0,5816,7518,866,71,267,523,52121.60000000003,43,False,False
177,40,281.2054153487575,-429.3612400003954,1.0,CLIENT,7,2,100000,11,22,0,8888,10124,989,626,286,656,22933.504000000008,49,False,False
177,41,-923.8588054132105,-712.3366800002026,1.0,CLIENT,7,2,100000,12,42,0,6624,8061,923,126,274,575,43782.14400000002,44,False,False
177,42,-480.42558988549257,953.344479999977,1.0,CLIENT,7,2,100000,18,68,0,6017,7146,847,216,258,483,70885.37600000003,41,False,False
177,43,62.97417047928932,-938.9841999998484,1.0,CLIENT,7,2,100000,16,47,0,7382,8817,901,390,287,544,48994.304000000026,46,False,False
177,44,-796.6430597649949,-953.5671200002059,1.0,CLIENT,7,2,100000,15,181,0,5843,7518,741,64,262,390,188680.1920000001,43,False,False
177,45,-323.4258340479776,5.566000000184772,1.0,CLIENT,7,2,100000,16,15,0,10128,10755,786,1241,282,487,15636.480000000005,49,False,False
177,46,-108.75916486603758,-786.3644799999707,1.0,CLIENT,7,2,100000,12,17,0,8490,9451,916,540,289,581,17721.344000000005,49,False,False
177,47,-685.6659366933593,-249.02284000010383,1.0,CLIENT,7,2,100000,14,34,0,8691,9690,953,498,289,620,35442.68800000002,49,False,False
177,48,-85.70824208695133,-932.6389600000491,1.0,CLIENT,7,2,100000,11,108,0,7758,8943,830,428,282,450,112582.65600000006,46,False,False
177,49,57.74612613728114,81.59755999963977,1.0,CLIENT,7,2,100000,12,26,0,10321,10782,588,1628,252,321,27103.23200000001,49,False,False

178,0,868.9643398243759,601.3506399996188,1.0,CLIENT,7,2,100000,14,114,0,4904,6823,770,161,258,447,118837.24800000007,45,False,False
178,1,566.8467471087113,-338.96940000002076,1.0,CLIENT,7,2,100000,15,31,0,8754,10076,972,379,280,660,32315.392000000014,49,False,False
178,2,155.89077673415306,244.23607999953362,1.0,CLIENT,7,2,100000,9,12,0,10520,11015,766,1334,280,459,12509.184000000003,49,False,False
178,3,-839.9724575664512,871.6355999998274,1.0,CLIENT,7,2,100000,14,235,0,5330,6253,675,52,247,345,244971.52000000014,41,False,False
178,4,-46.02263276587928,-952.4539199998526,1.0,CLIENT,7,2,100000,16,53,0,7089,8828,964,210,279,619,55248.89600000003,46,False,False
178,5,-224.56826831427546,326.0562800001932,1.0,CLIENT,7,2,100000,8,12,0,10007,10947,884,998,284,586,12509.184000000003,49,False,False
178,6,137.67183433110617,-866.4035600003814,1.0,CLIENT,7,2,100000,13,29,0,7574,9183,965,302,283,628,30230.528000000013,47,False,False
178,7,-736.5205498352778,655.1181999999167,1.0,CLIENT,7,2,100000,18,57,0,6197,7625,891,112,256,561,59418.62400000003,47,False,False
178,8,-469.9695012020391,-630.7391199997719,1.0,CLIENT,7,2,100000,10,26,0,8890,9813,1041,223,284,699,27103.23200000001,48,False,False
178,9,-670.2986548404474,343.5335199995711,1.0,CLIENT,7,2,100000,16,32,0,7884,9573,962,376,275,616,33357.824000000015,49,False,False
178,10,300.92940081944664,-228.09467999994695,1.0,CLIENT,7,2,100000,12,22,0,10207,10812,997,779,298,659,22933.504000000008,49,False,False
178,11,-567.4012366609551,381.9389199998969,1.0,CLIENT,7,2,100000,14,19,0,8114,9946,992,380,278,664,19806.208000000006,49,False,False
178,12,435.1950850498624,-867.4054400002249,1.0,CLIENT,7,2,100000,15,94,0,6756,8549,883,168,274,527,97988.60800000005,46,False,False
178,13,-425.3726987115088,-817.5340800003727,1.0,CLIENT,7,2,100000,17,36,0,7788,9239,996,151,276,646,37527.55200000002,46,False,False
178,14,-13.466174819863598,-742.2817600005322,1.0,CLIENT,7,2,100000,14,21,0,8727,9795,1030,327,287,689,21891.072000000007,48,False,False
178,15,-257.75842860482817,-654.3389600003022,1.0,CLIENT,7,2,100000,9,20,0,9164,9926,1088,272,293,739,20848.640000000007,48,False,False
178,16,706.5781140597035,794.1568800000712,1.0,CLIENT,7,2,100000,16,72,0,5055,6855,845,77,257,497,75055.10400000004,46,False,False
178,17,-84.99532694955826,132.35947999961638,1.0,CLIENT,7,2,100000,9,7,0,10842,11105,696,1485,279,413,7297.023999999999,49,False,False
178,18,-744.9963186922643,-154.0668800001788,1.0,CLIENT,7,2,100000,15,47,0,8997,9911,918,511,283,564,48994.304000000026,48,False,False
178,19,793.15769686976,189.1326800002355,1.0,CLIENT,7,2,100000,14,64,0,7176,8987,894,392,278,540,66715.64800000003,49,False,False
178,20,-381.8848753237775,-63.897680000033006,1.0,CLIENT,7,2,100000,8,16,0,10294,10842,887,1002,296,569,16678.912000000004,49,False,False
178,21,-61.62755299792209,-926.1824000005308,1.0,CLIENT,7,2,100000,17,33,0,7291,9026,1003,218,281,665,34400.256000000016,46,False,False
178,22,-88.95596660249242,369.02580000006935,1.0,CLIENT,7,2,100000,8,10,0,9987,10959,841,1089,280,541,10424.320000000002,49,False,False
178,23,231.53899410249403,491.47780000017946,1.0,CLIENT,7,2,100000,13,16,0,8780,10373,944,769,281,628,16678.912000000004,49,False,False
178,24,339.3476054520075,348.98820000003695,1.0,CLIENT,7,2,100000,9,13,0,9402,10692,919,861,284,590,13551.616000000004,49,False,False
178,25,952.9299004639912,915.495679999828,1.0,CLIENT,7,2,100000,14,159,0,3284,4862,642,30,247,296,165746.68800000008,36,False,False
178,26,360.7350595771766,-749.4062399999461,1.0,CLIENT,7,2,100000,12,34,0,7798,9388,997,230,285,632,35442.68800000002,48,False,False
178,27,-854.3099731099829,-235.7757600003285,1.0,CLIENT,7,2,100000,12,80,0,8423,9561,868,395,278,506,83394.56000000004,47,False,False
178,28,-50.30012359080053,143.49147999998593,1.0,CLIENT,7,2,100000,15,15,0,10839,11093,685,1510,278,395,15636.480000000005,49,False,False
178,29,271.30381621642215,-536.1171199997946,1.0,CLIENT,7,2,100000,12,24,0,9349,10236,1050,410,294,705,25018.36800000001,49,False,False
178,30,-684.8738087631102,-406.2066800003228,1.0,CLIENT,7,2,100000,10,31,0,9008,9856,983,352,286,649,32315.392000000014,48,False,False
178,31,-297.6816763050312,-62.89580000018958,1.0,CLIENT,7,2,100000,15,15,0,10486,10917,873,1114,290,571,15636.480000000005,49,False,False
178,32,-208.8841352893766,-193.25152000011911,1.0,CLIENT,7,2,100000,11,15,0,10430,10919,984,915,295,666,15636.480000000005,49,False,False
178,33,-530.7257134757303,345.0919999995912,1.0,CLIENT,7,2,100000,11,20,0,8473,10272,996,471,277,671,20848.640000000007,49,False,False
178,34,-604.5520366038791,478.56467999956095,1.0,CLIENT,7,2,100000,12,33,0,7445,9322,958,268,271,611,34400.256000000016,49,False,False
178,35,-650.6538821626144,-888.4449200001006,1.0,CLIENT,7,2,100000,9,38,0,6513,8440,925,82,271,583,39612.41600000002,44,False,False
178,36,-128.1662991647396,468.87983999949256,1.0,CLIENT,7,2,100000,7,7,0,9276,10609,918,844,279,619,7297.023999999999,49,False,False
178,37,-381.5680241512276,326.0562800001932,1.0,CLIENT,7,2,100000,14,14,0,9417,10769,987,709,285,670,14594.048000000004,49,False,False
178,38,-737.9463801106268,745.7326799997293,1.0,CLIENT,7,2,100000,15,54,0,6012,7221,883,88,249,541,56291.32800000003,47,False,False
178,39,-275.58130704246906,-649.1069200000652,1.0,CLIENT,7,2,100000,17,34,0,9185,9967,1062,313,288,713,35442.68800000002,48,False,False
178,40,777.3151382585861,446.05924000015875,1.0,CLIENT,7,2,100000,13,24,0,6114,8212,911,237,269,574,25018.36800000001,47,False,False
178,41,730.0251008041957,-54.43548000019348,1.0,CLIENT,7,2,100000,12,43,0,8132,9606,887,493,284,537,44824.57600000002,49,False,False
178,42,-199.06174895046007,-609.3656799999483,1.0,CLIENT,7,2,100000,17,25,0,9386,10082,1082,335,293,722,26060.80000000001,49,False,False
178,43,298.39459144186145,-765.6589600000427,1.0,CLIENT,7,2,100000,16,41,0,7846,9403,998,253,286,637,42739.71200000002,48,False,False
178,44,-766.0669216454464,-821.8755600004852,1.0,CLIENT,7,2,100000,15,167,0,6503,8396,775,84,256,450,174086.1440000001,44,False,False
178,45,244.37146657782063,-707.1046399999657,1.0,CLIENT,7,2,100000,18,48,0,8477,9725,1003,323,282,651,50036.736000000026,48,False,False
178,46,888.609112502209,-488.4721599998582,1.0,CLIENT,7,2,100000,12,148,0,6203,8105,744,162,254,384,154279.93600000007,46,False,False
178,47,74.5392382655419,257.48316000009993,1.0,CLIENT,7,2,100000,13,20,0,10554,11047,742,1387,276,445,20848.640000000007,49,False,False
178,48,13.703813198431781,994.866839999552,1.0,CLIENT,7,2,100000,13,211,0,6336,7361,662,443,245,327,219953.15200000012,45,False,False
178,49,-279.8587978673903,415.5575599996524,1.0,CLIENT,7,2,100000,14,17,0,9293,10659,993,716,287,680,17721.344000000005,49,False,False

179,0,645.6634761997373,-343.0882399999044,1.0,CLIENT,7,2,100000,13,24,0,8294,9482,1068,261,289,725,25018.36800000001,49,False,False
179,1,-598.7695027113156,-275.18304000049767,1.0,CLIENT,7,2,100000,14,28,0,8072,9552,914,562,265,603,29188.096000000012,48,False,False
179,2,-940.3350663689213,176.66484000007472,1.0,CLIENT,7,2,100000,11,43,0,5355,7027,893,218,260,560,44824.57600000002,42,False,False
179,3,964.0196914919817,-832.7849199998349,1.0,CLIENT,7,2,100000,13,142,0,6088,7017,806,47,263,432,148025.34400000007,41,False,False
179,4,-664.3576953616091,120.89352000009,1.0,CLIENT,7,2,100000,15,36,0,7306,8764,978,434,267,640,37527.55200000002,49,False,False
179,5,734.936293973654,-838.2396000003007,1.0,CLIENT,7,2,100000,9,23,0,6828,7749,962,105,275,608,23975.93600000001,46,False,False
179,6,151.05879635755088,-390.0652799999452,1.0,CLIENT,7,2,100000,11,16,0,9949,10508,857,992,290,541,16678.912000000004,49,False,False
179,7,228.68733355235892,713.8951600002226,1.0,CLIENT,7,2,100000,17,51,0,7099,8613,937,420,265,612,53164.03200000003,48,False,False
179,8,-936.8497034742492,543.2415999999995,1.0,CLIENT,7,2,100000,11,219,0,4339,5743,646,80,242,344,228292.60800000012,39,False,False
179,9,676.7148910775479,-239.44932000054536,1.0,CLIENT,7,2,100000,14,27,0,8441,9454,1049,406,296,696,28145.66400000001,49,False,False
179,10,-715.2915212963838,-204.8288000001554,1.0,CLIENT,7,2,100000,12,29,0,7281,8890,889,477,260,570,30230.528000000013,48,False,False
179,11,724.3217797044883,-938.3162799999527,1.0,CLIENT,7,2,100000,14,62,0,6560,7413,889,92,269,540,64630.784000000036,43,False,False
179,12,403.1139038621088,470.8835999999704,1.0,CLIENT,7,2,100000,15,31,0,8092,9661,1010,445,279,666,32315.392000000014,48,False,False
179,13,33.98228822080182,-158.29703999978136,1.0,CLIENT,7,2,100000,12,6,0,10382,10732,765,1369,281,480,6254.592,49,False,False
179,14,914.6701214177052,205.16276000010322,1.0,CLIENT,7,2,100000,14,152,0,7461,8519,734,536,260,407,158449.66400000008,46,False,False
179,15,-395.0341989710912,224.08715999978227,1.0,CLIENT,7,2,100000,8,18,0,8495,9848,970,587,279,659,18763.776000000005,49,False,False
179,16,65.82583102942444,-820.9850000003607,1.0,CLIENT,7,2,100000,15,50,0,8603,9604,851,622,285,511,52121.60000000003,48,False,False
179,17,741.8278069695792,-393.850159999881,1.0,CLIENT,7,2,100000,13,21,0,7773,9026,1032,177,284,671,21891.072000000007,48,False,False
179,18,598.6110771244779,-663.5785199999128,1.0,CLIENT,7,2,100000,15,39,0,7610,8836,984,186,279,638,40654.84800000002,48,False,False
179,19,9.34710958009163,-765.2136800003759,1.0,CLIENT,7,2,100000,13,21,0,8890,9816,839,703,284,521,21891.072000000007,48,False,False
179,20,533.9734379907085,904.0297199995107,1.0,CLIENT,7,2,100000,10,53,0,4994,6950,891,80,256,557,55248.89600000003,46,False,False
179,21,80.08413377953717,-73.02591999992472,1.0,CLIENT,7,2,100000,11,10,0,10379,10776,781,1338,287,490,10424.320000000002,49,False,False
179,22,-877.1232575099381,-183.34403999982186,1.0,CLIENT,7,2,100000,10,25,0,6303,7749,904,362,264,585,26060.80000000001,47,False,False
179,23,571.3618763127636,-391.4011200005274,1.0,CLIENT,7,2,100000,14,10,0,8493,9654,1068,272,296,706,10424.320000000002,49,False,False
179,24,508.62534421260534,-228.65128000012362,1.0,CLIENT,7,2,100000,9,13,0,9149,10048,1049,557,300,722,13551.616000000004,49,False,False
179,25,75.41057898920992,248.13227999997935,1.0,CLIENT,7,2,100000,10,16,0,9807,10564,795,1139,277,489,16678.912000000004,49,False,False
179,26,328.4162400102919,84.26924000001321,1.0,CLIENT,7,2,100000,11,24,0,9870,10508,830,1076,278,531,25018.36800000001,49,False,False
179,27,424.1052940218719,-805.5115199998786,1.0,CLIENT,7,2,100000,12,29,0,7711,9092,991,253,281,645,30230.528000000013,48,False,False
179,28,-899.9365419098933,-955.5708799998928,1.0,CLIENT,7,2,100000,17,236,0,3959,5787,603,11,226,308,246013.95200000014,42,False,False
179,29,793.949824800572,-696.3066000003348,1.0,CLIENT,7,2,100000,12,33,0,6966,7980,969,101,273,631,34400.256000000016,47,False,False
179,30,-598.1358003667787,-100.07668000044305,1.0,CLIENT,7,2,100000,10,28,0,8042,9474,904,571,267,598,29188.096000000012,49,False,False
179,31,619.0479777325601,-844.5848400001,1.0,CLIENT,7,2,100000,15,50,0,7012,8104,939,126,267,598,52121.60000000003,48,False,False
179,32,-220.76605424761627,-747.4024800002593,1.0,CLIENT,7,2,100000,11,34,0,8888,9773,874,602,282,542,35442.68800000002,48,False,False
179,33,632.5141525524236,-178.11200000037587,1.0,CLIENT,7,2,100000,11,25,0,8721,9711,1044,495,292,704,26060.80000000001,49,False,False
179,34,-961.4056693215405,-228.65128000012362,1.0,CLIENT,7,2,100000,12,88,0,5822,7187,830,322,256,484,91734.01600000005,45,False,False
179,35,-114.14563479432073,472.1081200000427,1.0,CLIENT,7,2,100000,9,13,0,8384,9736,878,777,277,565,13551.616000000004,49,False,False
179,36,-702.1421976490701,386.3917199997283,1.0,CLIENT,7,2,100000,8,17,0,6094,7811,954,202,270,624,17721.344000000005,47,False,False
179,37,-105.35301476478436,-143.26884000054804,1.0,CLIENT,7,2,100000,10,9,0,10334,10694,777,1327,279,487,9381.888,49,False,False
179,38,-372.85461691511017,688.7368399996723,1.0,CLIENT,7,2,100000,14,95,0,6124,7891,843,303,256,501,99031.04000000005,47,False,False
179,39,-938.1963209561793,-570.7376400001846,1.0,CLIENT,7,2,100000,17,54,0,5383,7017,912,164,251,559,56291.32800000003,44,False,False
179,40,888.767538088484,-531.6643199999633,1.0,CLIENT,7,2,100000,13,49,0,6992,8088,975,60,276,619,51079.16800000003,47,False,False
179,41,86.3419444309255,-347.207079999788,1.0,CLIENT,7,2,100000,11,22,0,10154,10622,827,1110,284,521,22933.504000000008,49,False,False
179,42,-214.0329668379659,-191.3590800001512,1.0,CLIENT,7,2,100000,15,21,0,10063,10588,809,1189,282,510,21891.072000000007,49,False,False
179,43,-374.0428088107652,-972.0462400002182,1.0,CLIENT,7,2,100000,16,86,0,7197,8862,848,306,264,499,89649.15200000005,46,False,False
179,44,137.67183433110617,980.8405200001621,1.0,CLIENT,7,2,100000,15,110,0,4936,7070,798,251,253,432,114667.52000000006,44,False,False
179,45,385.845514975586,-157.62911999988575,1.0,CLIENT,7,2,100000,16,17,0,9622,10410,987,783,297,669,17721.344000000005,49,False,False
179,46,993.8037016807184,44.973279999562976,1.0,CLIENT,7,2,100000,12,54,0,7372,8372,835,514,269,508,56291.32800000003,44,False,False
179,47,-205.31955960184843,357.0032399995753,1.0,CLIENT,7,2,100000,14,26,0,8726,10029,905,755,275,596,27103.23200000001,49,False,False
179,48,353.13063144329533,-422.23676000019054,1.0,CLIENT,7,2,100000,11,17,0,9242,10266,1017,507,297,686,17721.344000000005,49,False,False
179,49,852.3296532829529,996.3139999998532,1.0,CLIENT,7,2,100000,20,225,0,3127,5084,613,22,228,305,234547.20000000013,37,False,False

180,0,-9.34710958121731,206.6099199996134,1.0,CLIENT,7,2,100000,10,1,0,17640,18334,802,1465,296,497,1042.432,74,False,False
180,1,-981.4465059647795,972.2688799996561,1.0,CLIENT,7,2,100000,17,253,0,5615,8514,586,6,231,323,263735.2960000001,59,False,False
180,2,-447.6314935603459,613.4845199998318,1.0,CLIENT,7,2,100000,10,6,0,13539,16298,1037,501,294,719,6254.592,73,False,False
180,3,-762.8984099233242,-495.5966400000631,1.0,CLIENT,7,2,100000,12,42,0,9189,12045,926,213,265,582,43782.14400000002,69,False,False
180,4,-600.5121841580889,371.363519999704,1.0,CLIENT,7,2,100000,15,24,0,13335,16277,960,664,287,652,25018.36800000001,74,False,False
180,5,717.034202743157,685.842519999861,1.0,CLIENT,7,2,100000,9,20,0,12915,14844,1044,137,294,673,20848.640000000007,70,False,False
180,6,672.1205490800768,427.46879999963653,1.0,CLIENT,7,2,100000,12,21,0,14339,15953,1057,357,303,695,21891.072000000007,73,False,False
180,7,-927.7402322727257,528.8813199998708,1.0,CLIENT,7,2,100000,18,53,0,8843,11891,903,257,261,564,55248.89600000003,71,False,False
180,8,445.80959931902805,241.4530800002322,1.0,CLIENT,7,2,100000,8,8,0,16164,17441,1012,729,305,670,8339.456,74,False,False
180,9,-944.1372804355805,404.5368799997928,1.0,CLIENT,7,2,100000,16,116,0,9165,12176,836,342,263,484,120922.11200000007,71,False,False
180,10,812.2479799964749,701.0933600001141,1.0,CLIENT,7,2,100000,12,35,0,12136,14282,1008,91,286,638,36485.12000000002,67,False,False
180,11,-175.53554941254893,355.6673999997841,1.0,CLIENT,7,2,100000,11,9,0,16957,18084,810,1270,294,502,9381.888,74,False,False
180,12,531.0425646477173,796.6059200002157,1.0,CLIENT,7,2,100000,15,28,0,13226,15058,1062,117,292,702,29188.096000000012,70,False,False
180,13,865.0037001720045,973.3820800000094,1.0,CLIENT,7,2,100000,18,66,0,9641,12229,871,41,263,527,68800.51200000003,62,False,False
180,14,-346.39754403420784,961.5821599997444,1.0,CLIENT,7,2,100000,14,25,0,11812,14150,968,394,291,625,26060.80000000001,70,False,False
180,15,-461.73137072418365,-902.8052000002293,1.0,CLIENT,7,2,100000,9,22,0,7757,10575,928,147,276,590,22933.504000000008,65,False,False
180,16,243.7377642332836,449.064879999689,1.0,CLIENT,7,2,100000,15,13,0,16091,17459,1085,634,313,741,13551.616000000004,74,False,False
180,17,-421.57048464484956,376.48424000022203,1.0,CLIENT,7,2,100000,11,11,0,15345,17461,933,919,290,618,11466.752000000002,74,False,False
180,18,783.7313744962494,531.1077199997865,1.0,CLIENT,7,2,100000,15,29,0,13112,15129,1035,213,293,688,30230.528000000013,71,False,False
180,19,877.1232575093752,885.3279600000604,1.0,CLIENT,7,2,100000,15,131,0,10202,12814,835,42,272,487,136558.59200000006,63,False,False
180,20,194.86347091783205,24.935679999530578,1.0,CLIENT,7,2,100000,7,4,0,17563,18240,803,1375,293,503,4169.728,74,False,False
180,21,-17.347601679378865,480.3457999998099,1.0,CLIENT,7,2,100000,14,8,0,16475,17659,901,998,294,587,8339.456,74,False,False
180,22,54.656827208577845,-226.4248800002079,1.0,CLIENT,7,2,100000,8,4,0,16857,18031,812,1291,295,500,4169.728,74,False,False
180,23,98.85756573370216,578.0847599998274,1.0,CLIENT,7,2,100000,11,11,0,15837,17165,998,765,307,642,11466.752000000002,74,False,False
180,24,-932.4929998559089,-415.5575600004434,1.0,CLIENT,7,2,100000,10,37,0,8278,10938,915,230,269,561,38569.98400000002,66,False,False
180,25,39.92324770020307,-896.2373200002012,1.0,CLIENT,7,2,100000,12,38,0,9445,11999,892,405,277,551,39612.41600000002,70,False,False
180,26,-90.3025840844225,720.4630399994599,1.0,CLIENT,7,2,100000,12,23,0,14842,16508,849,857,286,538,23975.93600000001,74,False,False
180,27,934.1564685098261,588.5488399995103,1.0,CLIENT,7,2,100000,12,25,0,11585,13908,1000,117,290,631,26060.80000000001,66,False,False
180,28,-853.1217812137648,-671.7048799999611,1.0,CLIENT,7,2,100000,17,207,0,7152,9746,734,104,249,387,215783.42400000012,63,False,False
180,29,-462.0482218961708,677.9388000000415,1.0,CLIENT,7,2,100000,12,16,0,12920,15747,1037,394,292,719,16678.912000000004,72,False,False
180,30,-390.28143138734504,-694.302839999857,1.0,CLIENT,7,2,100000,10,36,0,10238,13043,971,348,271,636,37527.55200000002,71,False,False
180,31,-151.21722194438868,836.4584800000517,1.0,CLIENT,7,2,100000,15,45,0,13706,15633,849,719,287,514,46909.440000000024,73,False,False
180,32,-82.53973036482913,118.6671200001743,1.0,CLIENT,7,2,100000,10,7,0,17760,18353,695,1644,293,398,7297.023999999999,74,False,False
180,33,-264.4123032216225,-13.80367999995201,1.0,CLIENT,7,2,100000,9,6,0,16882,18083,708,1456,290,414,6254.592,74,False,False
180,34,866.0334664813847,-795.9380000003202,1.0,CLIENT,7,2,100000,13,42,0,7691,10767,864,76,260,501,43782.14400000002,63,False,False
180,35,-378.63715080823636,966.9255199997002,1.0,CLIENT,7,2,100000,9,49,0,11520,13946,955,333,283,585,51079.16800000003,70,False,False
180,36,-579.7584323774569,-375.25972000014974,1.0,CLIENT,7,2,100000,7,14,0,11616,14776,994,394,291,661,14594.048000000004,72,False,False
180,37,478.68290843759365,667.0294399999009,1.0,CLIENT,7,2,100000,14,21,0,14282,15878,1094,205,299,726,21891.072000000007,73,False,False
180,38,613.5030822185647,936.8691199996516,1.0,CLIENT,7,2,100000,14,34,0,11640,13897,1002,73,283,638,35442.68800000002,65,False,False
180,39,-209.99311439217564,948.0011200000212,1.0,CLIENT,7,2,100000,16,56,0,12613,14629,846,607,285,495,58376.19200000003,70,False,False
180,40,72.32128005994379,-334.4052800004704,1.0,CLIENT,7,2,100000,11,15,0,15858,17675,882,1051,293,547,15636.480000000005,74,False,False
180,41,825.5557292300635,106.86719999990913,1.0,CLIENT,7,2,100000,12,26,0,13531,15521,935,462,300,587,27103.23200000001,72,False,False
180,42,540.2312486420968,266.1661199995339,1.0,CLIENT,7,2,100000,17,26,0,15667,16954,1012,624,301,671,27103.23200000001,74,False,False
180,43,796.5638469715761,-458.7497200005484,1.0,CLIENT,7,2,100000,16,50,0,11662,14268,934,306,286,573,52121.60000000003,71,False,False
180,44,-166.34686541816944,-132.8047600000741,1.0,CLIENT,7,2,100000,11,10,0,16910,18076,719,1441,289,424,10424.320000000002,74,False,False
180,45,-406.4408411710688,-191.80435999981796,1.0,CLIENT,7,2,100000,16,22,0,14736,17075,930,898,291,608,22933.504000000008,74,False,False
180,46,-65.82583102998727,-719.2385200001786,1.0,CLIENT,7,2,100000,12,20,0,11158,13979,910,533,283,584,20848.640000000007,72,False,False
180,47,207.77515618545186,266.054799999815,1.0,CLIENT,7,2,100000,14,8,0,16980,18049,959,1021,305,642,8339.456,74,False,False
180,48,96.71882032096012,-67.90520000019768,1.0,CLIENT,7,2,100000,9,18,0,17633,18242,734,1514,292,429,18763.776000000005,74,False,False
180,49,-157.71267097490804,-969.1519200004069,1.0,CLIENT,7,2,100000,16,48,0,8406,10949,871,335,265,538,50036.736000000026,65,False,False
180,50,463.7116905500879,-184.4572400001752,1.0,CLIENT,7,2,100000,12,16,0,15641,17268,975,765,309,655,16678.912000000004,74,False,False
180,51,-73.0341951978997,-551.3679600000478,1.0,CLIENT,7,2,100000,11,23,0,13060,15880,923,712,286,600,23975.93600000001,74,False,False
180,52,-999.1901716095642,-693.3009600000137,1.0,CLIENT,7,2,100000,8,44,0,5997,8415,852,109,262,487,45867.00800000002,56,False,False
180,53,712.5982863319608,-350.21272000010924,1.0,CLIENT,7,2,100000,11,10,0,13197,15353,997,452,300,664,10424.320000000002,73,False,False
180,54,263.14489853198563,729.1459999996848,1.0,CLIENT,7,2,100000,10,19,0,14599,16185,1095,411,307,733,19806.208000000006,74,False,False
180,55,268.37294287343093,793.3776399996657,1.0,CLIENT,7,2,100000,10,18,0,14185,15870,1081,351,305,716,18763.776000000005,73,False,False
180,56,357.8833990270415,721.4649200000943,1.0,CLIENT,7,2,100000,10,19,0,14409,16047,1092,275,302,717,19806.208000000006,73,False,False
180,57,577.3028357921648,679.4972800000617,1.0,CLIENT,7,2,100000,11,21,0,13822,15438,1081,161,297,713,21891.072000000007,72,False,False
180,58,466.72177668593514,-336.5203599998762,1.0,CLIENT,7,2,100000,10,12,0,14678,16815,1017,595,302,677,12509.184000000003,73,False,False
180,59,267.2639637706319,60.112800000097195,1.0,CLIENT,7,2,100000,8,6,0,17265,18131,868,1212,301,564,6254.592,74,False,False
180,60,240.41082692488644,-673.8199600001578,1.0,CLIENT,7,2,100000,13,29,0,11663,14582,1034,377,284,677,30230.528000000013,73,False,False
180,61,-136.08757847060792,-997.5385199999255,1.0,CLIENT,7,2,100000,14,129,0,8248,10684,788,324,265,452,134473.72800000006,63,False,False
180,62,340.1397333822566,498.1569999999266,1.0,CLIENT,7,2,100000,9,8,0,15576,17108,1118,430,310,761,8339.456,74,False,False
180,63,811.1390008936758,-758.7571200000667,1.0,CLIENT,7,2,100000,14,221,0,8435,11435,713,105,250,396,230377.47200000013,65,False,False
180,64,652.2381380231127,10.464079999682951,1.0,CLIENT,7,2,100000,9,63,0,14864,16596,875,670,307,515,65673.21600000003,74,False,False
180,65,-39.13111976995394,-515.8568800003243,1.0,CLIENT,7,2,100000,13,18,0,13586,16332,906,783,294,580,18763.776000000005,74,False,False
180,66,-961.4848821149594,170.6535600002232,1.0,CLIENT,7,2,100000,15,53,0,9567,12402,821,487,276,497,55248.89600000003,69,False,False
180,67,-654.2976706435616,718.0140000001063,1.0,CLIENT,7,2,100000,12,19,0,10672,13910,983,200,271,651,19806.208000000006,72,False,False
180,68,550.4496989464194,-429.2499199998855,1.0,CLIENT,7,2,100000,10,15,0,13475,15833,1005,417,294,660,15636.480000000005,73,False,False
180,69,814.5451509949291,-84.49188000024208,1.0,CLIENT,7,2,100000,11,33,0,13618,15447,934,505,304,580,34400.256000000016,72,False,False
180,70,453.7308786248964,931.5257599996958,1.0,CLIENT,7,2,100000,11,24,0,12370,14583,1030,108,284,652,25018.36800000001,68,False,False
180,71,749.1153839309106,334.85056000013714,1.0,CLIENT,7,2,100000,8,18,0,14022,15833,1061,394,304,694,18763.776000000005,73,False,False
180,72,-586.2538814079761,252.3624399995819,1.0,CLIENT,7,2,100000,9,9,0,13875,16605,864,848,283,560,9381.888,74,False,False
180,73,342.8329683461168,-386.28040000000937,1.0,CLIENT,7,2,100000,16,16,0,14737,16990,1034,619,304,699,16678.912000000004,74,False,False
180,74,712.5982863319608,531.2190399995054,1.0,CLIENT,7,2,100000,12,29,0,13682,15499,1060,239,299,704,30230.528000000013,72,False,False

181,0,229.63788706944584,80.37303999956748,1.0,CLIENT,7,2,100000,10,5,0,17506,18471,906,1192,302,586,5212.16,74,False,False
181,1,403.9060317923579,574.7451599995583,1.0,CLIENT,7,2,100000,14,19,0,13010,15715,980,387,273,662,19806.208000000006,74,False,False
181,2,-600.7498225372199,-557.6018800001282,1.0,CLIENT,7,2,100000,11,4,0,13415,16370,1035,334,310,668,4169.728,73,False,False
181,3,804.7227646560126,520.3096800001558,1.0,CLIENT,7,2,100000,12,55,0,10529,13067,964,122,257,604,57333.76000000003,69,False,False
181,4,-89.58966894646659,-626.3976400004503,1.0,CLIENT,7,2,100000,15,23,0,16231,17568,1013,629,304,678,23975.93600000001,74,False,False
181,5,857.3992720381234,648.2163599999408,1.0,CLIENT,7,2,100000,9,32,0,9321,11668,927,62,254,584,33357.824000000015,66,False,False
181,6,107.09569621155758,418.006599999797,1.0,CLIENT,7,2,100000,11,4,0,16061,17987,818,1045,295,511,4169.728,74,False,False
181,7,-960.5343285978724,168.98375999969318,1.0,CLIENT,7,2,100000,18,56,0,11802,14042,974,270,279,615,58376.19200000003,72,False,False
181,8,373.64674484535925,680.1651999999572,1.0,CLIENT,7,2,100000,10,32,0,12189,15073,938,360,269,599,33357.824000000015,74,False,False
181,9,212.36949818292302,781.9116800001393,1.0,CLIENT,7,2,100000,14,82,0,11870,14713,809,513,269,482,85479.42400000004,74,False,False
181,10,131.25559809344287,589.2167600001969,1.0,CLIENT,7,2,100000,12,21,0,14258,16719,828,797,285,510,21891.072000000007,74,False,False
181,11,479.7126747469738,318.4865199995306,1.0,CLIENT,7,2,100000,14,13,0,14479,16744,979,584,280,669,13551.616000000004,74,False,False
181,12,-69.31119392409656,468.9911600000025,1.0,CLIENT,7,2,100000,14,16,0,15584,17730,847,921,291,529,16678.912000000004,74,False,False
181,13,589.0263291646924,-784.9173200004606,1.0,CLIENT,7,2,100000,17,50,0,11385,14600,951,227,282,613,52121.60000000003,71,False,False
181,14,563.1237458349082,330.0637999995669,1.0,CLIENT,7,2,100000,13,13,0,13648,16044,1014,471,285,687,13551.616000000004,74,False,False
181,15,-953.246751637104,268.2811999997307,1.0,CLIENT,7,2,100000,9,32,0,11527,13992,985,232,282,615,33357.824000000015,72,False,False
181,16,-568.9854925220162,-924.7352400002296,1.0,CLIENT,7,2,100000,15,138,0,10294,13469,816,135,274,469,143855.61600000007,71,False,False
181,17,335.07011462652343,-670.3690400001699,1.0,CLIENT,7,2,100000,12,13,0,14634,16879,1020,483,295,681,13551.616000000004,73,False,False
181,18,452.5426867286785,-677.2708800001459,1.0,CLIENT,7,2,100000,15,24,0,13574,16321,1003,391,294,667,25018.36800000001,72,False,False
181,19,181.23887051169348,490.587240000055,1.0,CLIENT,7,2,100000,11,8,0,15152,17375,861,877,290,555,8339.456,74,False,False
181,20,-815.337278926304,130.5783600001584,1.0,CLIENT,7,2,100000,9,15,0,13318,15354,1012,406,287,659,15636.480000000005,73,False,False
181,21,-6.257810651951174,-178.55728000004262,1.0,CLIENT,7,2,100000,12,10,0,18068,18439,786,1307,298,472,10424.320000000002,74,False,False
181,22,-684.7945959696913,-9.016920000172775,1.0,CLIENT,7,2,100000,9,17,0,14581,16521,944,616,300,599,17721.344000000005,73,False,False
181,23,29.308733430474586,499.60416000022775,1.0,CLIENT,7,2,100000,11,7,0,15330,17610,821,946,289,511,7297.023999999999,74,False,False
181,24,975.9808232430775,957.5746399995796,1.0,CLIENT,7,2,100000,11,236,0,6202,8441,582,4,231,321,246013.95200000014,53,False,False
181,25,-62.578106514446176,132.8047600000741,1.0,CLIENT,7,2,100000,8,5,0,18119,18569,790,1416,293,489,5212.16,74,False,False
181,26,-794.1874631802658,-614.9316800001329,1.0,CLIENT,7,2,100000,12,27,0,10953,14092,946,140,291,602,28145.66400000001,70,False,False
181,27,-487.79237963968,44.973279999562976,1.0,CLIENT,7,2,100000,11,10,0,16128,17722,937,813,293,606,10424.320000000002,74,False,False
181,28,-609.8592937387433,-682.9482000000496,1.0,CLIENT,7,2,100000,17,28,0,12110,15439,984,232,294,642,29188.096000000012,72,False,False
181,29,451.0376436610362,-17.031960000502124,1.0,CLIENT,7,2,100000,12,11,0,15889,17742,945,813,296,625,11466.752000000002,74,False,False
181,30,-433.45240360308924,-813.5265600002081,1.0,CLIENT,7,2,100000,10,36,0,12506,15579,978,298,299,621,37527.55200000002,72,False,False
181,31,403.6683934132269,17.365919999658956,1.0,CLIENT,7,2,100000,15,13,0,16266,17950,946,891,287,630,13551.616000000004,74,False,False
181,32,-768.7601566093066,-767.9966800004684,1.0,CLIENT,7,2,100000,12,49,0,10125,13130,883,96,277,529,51079.16800000003,70,False,False
181,33,-636.1579410333707,493.59287999958525,1.0,CLIENT,7,2,100000,11,30,0,12997,15279,1010,257,279,660,31272.960000000014,74,False,False
181,34,-608.6711018430882,763.2099199998981,1.0,CLIENT,7,2,100000,12,39,0,10640,13448,935,118,262,576,40654.84800000002,71,False,False
181,35,126.89889447566557,469.88172000012696,1.0,CLIENT,7,2,100000,9,21,0,15514,17694,795,958,276,489,21891.072000000007,74,False,False
181,36,-62.18204254960303,-426.68956000002197,1.0,CLIENT,7,2,100000,7,2,0,17469,18184,952,914,308,620,2084.864,74,False,False
181,37,-52.122017830992654,-5.0094000000081,1.0,CLIENT,7,2,100000,10,3,0,18255,18516,737,1488,297,432,3127.2960000000003,74,False,False
181,38,-102.97663097347413,-311.36204000011674,1.0,CLIENT,7,2,100000,13,10,0,17747,18275,861,1114,303,534,10424.320000000002,74,False,False
181,39,732.7975485614747,-432.8121600003834,1.0,CLIENT,7,2,100000,17,34,0,12610,15336,982,285,288,628,35442.68800000002,72,False,False
181,40,758.4624935115652,-516.7474400004488,1.0,CLIENT,7,2,100000,13,20,0,11842,14865,970,194,282,635,20848.640000000007,72,False,False
181,41,-177.51586923901604,511.6267199999308,1.0,CLIENT,7,2,100000,12,23,0,14862,17441,924,694,297,591,23975.93600000001,74,False,False
181,42,-693.9040671712147,11.68859999975524,1.0,CLIENT,7,2,100000,17,27,0,14501,16386,959,584,295,606,28145.66400000001,73,False,False
181,43,-511.87306872870926,-873.8620000005341,1.0,CLIENT,7,2,100000,16,51,0,11153,14426,938,197,290,564,53164.03200000003,71,False,False
181,44,29.942435775011592,-513.4078400001797,1.0,CLIENT,7,2,100000,12,8,0,17025,17891,996,795,312,665,8339.456,74,False,False
181,45,-505.77368366303307,-641.8711200001414,1.0,CLIENT,7,2,100000,18,34,0,13565,16449,1012,325,302,674,35442.68800000002,73,False,False
181,46,59.40959479176114,25.49227999970725,1.0,CLIENT,7,2,100000,9,11,0,18215,18578,772,1453,301,452,11466.752000000002,74,False,False
181,47,510.28881286652245,52.65435999994452,1.0,CLIENT,7,2,100000,14,23,0,15141,17275,937,744,289,601,23975.93600000001,74,False,False
181,48,-872.7665538921608,-244.79268000050126,1.0,CLIENT,7,2,100000,11,33,0,12460,14808,981,362,294,616,34400.256000000016,72,False,False
181,49,55.21131675969595,-822.098199999923,1.0,CLIENT,7,2,100000,15,41,0,13867,16423,1015,398,296,653,42739.71200000002,73,False,False
181,50,-42.220418699220076,-817.6454000000916,1.0,CLIENT,7,2,100000,12,25,0,14033,16552,1014,441,302,659,26060.80000000001,73,False,False
181,51,831.8135398814518,-337.1882799997718,1.0,CLIENT,7,2,100000,12,24,0,12172,14614,981,275,283,639,25018.36800000001,72,False,False
181,52,489.85191225844034,225.7569599995213,1.0,CLIENT,7,2,100000,8,11,0,14810,17104,982,659,290,646,11466.752000000002,74,False,False
181,53,851.775163731272,-176.44219999984585,1.0,CLIENT,7,2,100000,11,45,0,12533,14433,958,397,289,592,46909.440000000024,72,False,False
181,54,-28.83345667277538,-465.3175999997856,1.0,CLIENT,7,2,100000,10,19,0,17289,18054,944,876,302,606,19806.208000000006,74,False,False
181,55,742.3030837278413,34.62051999959897,1.0,CLIENT,7,2,100000,10,24,0,13256,15229,925,535,278,581,25018.36800000001,74,False,False
181,56,948.256345673664,185.57043999973757,1.0,CLIENT,7,2,100000,11,68,0,11462,13189,897,362,274,525,70885.37600000003,69,False,False
181,57,-930.9879567882668,714.3404399998894,1.0,CLIENT,7,2,100000,11,58,0,8509,11490,857,52,255,488,60461.05600000003,62,False,False
181,58,-179.17933789293318,479.23259999945657,1.0,CLIENT,7,2,100000,10,13,0,15211,17638,924,765,290,602,13551.616000000004,74,False,False
181,59,754.9771306168931,-560.4961999999396,1.0,CLIENT,7,2,100000,11,19,0,11577,14718,960,191,280,628,19806.208000000006,72,False,False
181,60,-565.5793424207629,-94.73332000048714,1.0,CLIENT,7,2,100000,13,17,0,15594,17357,994,678,301,657,17721.344000000005,74,False,False
181,61,-945.8799618829165,-314.5903199998759,1.0,CLIENT,7,2,100000,14,69,0,11489,13981,966,274,286,578,71927.80800000003,70,False,False
181,62,-505.77368366303307,-307.465840000462,1.0,CLIENT,7,2,100000,9,10,0,15950,17705,1091,621,316,740,10424.320000000002,73,False,False
181,63,760.9180900962942,-808.1832000002521,1.0,CLIENT,7,2,100000,14,159,0,9528,12810,763,77,261,423,165746.68800000008,69,False,False
181,64,-555.4401049092966,394.62939999949555,1.0,CLIENT,7,2,100000,10,24,0,14247,16316,1034,387,284,691,25018.36800000001,74,False,False
181,65,360.3389956117706,-974.4952800003628,1.0,CLIENT,7,2,100000,16,73,0,11112,14039,918,237,280,561,76097.53600000004,70,False,False
181,66,187.3382555773697,-177.77804000042806,1.0,CLIENT,7,2,100000,12,16,0,17748,18354,893,1094,297,567,16678.912000000004,74,False,False
181,67,564.1535121448511,-303.7922800002451,1.0,CLIENT,7,2,100000,11,9,0,14799,16992,1057,491,295,719,9381.888,74,False,False
181,68,-786.1077582886853,-294.77536000007234,1.0,CLIENT,7,2,100000,10,25,0,13131,15557,1053,350,310,669,26060.80000000001,73,False,False
181,69,-289.83960979258177,-201.82315999983416,1.0,CLIENT,7,2,100000,10,11,0,17682,18275,959,1085,313,631,11466.752000000002,74,False,False
181,70,-766.3837728174334,212.50987999974598,1.0,CLIENT,7,2,100000,11,16,0,13578,15476,1041,391,289,693,16678.912000000004,74,False,False
181,71,-882.9057914030644,815.7529600001237,1.0,CLIENT,7,2,100000,11,212,0,7983,10844,681,53,244,353,220995.58400000012,62,False,False
181,72,45.38893042077943,385.27852000016594,1.0,CLIENT,7,2,100000,9,12,0,16512,18160,808,1128,291,503,12509.184000000003,74,False,False
181,73,826.9815595048498,-322.04876000002855,1.0,CLIENT,7,2,100000,17,36,0,12246,14662,951,297,279,613,37527.55200000002,72,False,False
181,74,-81.27232567575511,-126.90479999994153,1.0,CLIENT,7,2,100000,10,10,0,18164,18464,757,1400,299,440,10424.320000000002,74,False,False

182,0,279.77958507340855,469.6590799998981,1.0,CLIENT,7,2,100000,13,15,0,15322,17210,1040,623,299,690,15636.480000000005,74,False,False
182,1,-318.19778970653226,-586.2111199998756,1.0,CLIENT,7,2,100000,14,23,0,12403,16067,982,601,299,639,23975.93600000001,74,False,False
182,2,579.0455172395009,235.4417999995897,1.0,CLIENT,7,2,100000,10,5,0,14480,16642,1008,582,298,672,5212.16,74,False,False
182,3,-938.5923849215852,-279.41320000010023,1.0,CLIENT,7,2,100000,12,69,0,9908,12533,895,408,282,550,71927.80800000003,69,False,False
182,4,-535.2408426803454,-265.8321600003771,1.0,CLIENT,7,2,100000,15,22,0,13717,16471,970,761,298,636,22933.504000000008,74,False,False
182,5,-123.41353158155628,716.5668399998051,1.0,CLIENT,7,2,100000,9,15,0,13902,15926,895,752,302,564,15636.480000000005,74,False,False
182,6,-36.279459219818825,635.5258799995511,1.0,CLIENT,7,2,100000,12,10,0,14823,16403,904,835,298,580,10424.320000000002,74,False,False
182,7,-275.97737100787504,665.5822799995997,1.0,CLIENT,7,2,100000,17,20,0,13461,15761,980,640,302,644,20848.640000000007,73,False,False
182,8,721.0740551889472,-900.022200000137,1.0,CLIENT,7,2,100000,10,36,0,8496,11024,913,118,272,537,37527.55200000002,61,False,False
182,9,-515.9921339673555,605.4694799995025,1.0,CLIENT,7,2,100000,15,31,0,12105,14841,1048,352,298,694,32315.392000000014,72,False,False
182,10,-670.8531443921285,379.1559199998045,1.0,CLIENT,7,2,100000,12,20,0,12032,14672,1069,355,297,734,20848.640000000007,73,False,False
182,11,751.7294061013519,539.9019999997304,1.0,CLIENT,7,2,100000,14,20,0,11490,14191,1029,141,270,697,20848.640000000007,70,False,False
182,12,428.46199763964927,-460.8647999999542,1.0,CLIENT,7,2,100000,15,24,0,13650,16062,1014,523,294,670,25018.36800000001,74,False,False
182,13,507.5163651098062,-906.5900800001651,1.0,CLIENT,7,2,100000,17,67,0,9418,12079,891,200,274,524,69842.94400000003,66,False,False
182,14,148.52398697996568,-890.8939600002452,1.0,CLIENT,7,2,100000,14,37,0,10386,13092,923,417,284,581,38569.98400000002,71,False,False
182,15,-344.33801141488465,939.8747599999729,1.0,CLIENT,7,2,100000,9,44,0,10808,13362,934,375,294,589,45867.00800000002,65,False,False
182,16,-148.76162535965955,274.0698400001443,1.0,CLIENT,7,2,100000,13,12,0,16871,18109,865,1271,305,543,12509.184000000003,74,False,False
182,17,664.6745465330333,996.2026800001343,1.0,CLIENT,7,2,100000,14,239,0,9383,11900,729,79,245,417,249141.24800000014,64,False,False
182,18,-621.1867231458649,-998.6517200002788,1.0,CLIENT,7,2,100000,15,79,0,6669,9477,846,86,258,491,82352.12800000004,63,False,False
182,19,539.3599079184288,136.03303999983325,1.0,CLIENT,7,2,100000,13,13,0,14974,16930,939,760,293,616,13551.616000000004,74,False,False
182,20,-604.235185431892,-979.5046800003709,1.0,CLIENT,7,2,100000,10,38,0,7012,9648,896,138,269,532,39612.41600000002,65,False,False
182,21,-687.3294053478393,823.879320000172,1.0,CLIENT,7,2,100000,17,42,0,9373,11912,955,99,280,594,43782.14400000002,68,False,False
182,22,503.79336383600304,-431.03104000013445,1.0,CLIENT,7,2,100000,9,13,0,13321,15792,1023,459,294,675,13551.616000000004,73,False,False
182,23,922.9874646889796,100.29931999988094,1.0,CLIENT,7,2,100000,13,11,0,11550,13809,895,490,291,559,11466.752000000002,71,False,False
182,24,146.4644543600797,470.8835999999704,1.0,CLIENT,7,2,100000,9,13,0,15828,17356,971,835,301,642,13551.616000000004,74,False,False
182,25,-911.2639713170149,235.7757599995375,1.0,CLIENT,7,2,100000,11,21,0,10878,12765,990,388,294,620,21891.072000000007,70,False,False
182,26,271.46224180269706,45.307239999510784,1.0,CLIENT,7,2,100000,11,13,0,17157,18259,848,1296,293,531,13551.616000000004,74,False,False
182,27,-964.2573298716754,-750.0741599998418,1.0,CLIENT,7,2,100000,13,211,0,6514,9129,691,100,256,361,219953.15200000012,61,False,False
182,28,927.1065299276257,135.03115999998982,1.0,CLIENT,7,2,100000,17,70,0,11506,13861,854,459,278,508,72970.24000000003,70,False,False
182,29,-67.80615085645435,752.8571599999341,1.0,CLIENT,7,2,100000,12,20,0,13658,15682,910,712,306,566,20848.640000000007,74,False,False
182,30,723.6880773599513,485.6891599997658,1.0,CLIENT,7,2,100000,10,28,0,12042,14774,1009,224,275,677,29188.096000000012,71,False,False
182,31,-180.36752978915115,168.4271599995165,1.0,CLIENT,7,2,100000,13,10,0,17304,18334,797,1457,294,490,10424.320000000002,74,False,False
182,32,-381.7264497375026,259.70956000001564,1.0,CLIENT,7,2,100000,11,12,0,15352,17564,995,939,306,672,12509.184000000003,74,False,False
182,33,828.6450281593297,521.8681600001759,1.0,CLIENT,7,2,100000,11,43,0,11055,13687,993,135,271,627,44824.57600000002,69,False,False
182,34,-280.0964362465213,-391.9577199999131,1.0,CLIENT,7,2,100000,10,9,0,15189,17775,931,966,304,593,9381.888,74,False,False
182,35,-694.3793439294767,646.7691999996396,1.0,CLIENT,7,2,100000,9,23,0,10440,13070,1007,159,282,675,23975.93600000001,69,False,False
182,36,-135.13702495408384,269.505719999803,1.0,CLIENT,7,2,100000,6,4,0,16998,18205,848,1279,302,539,4169.728,74,False,False
182,37,-915.3830365562239,886.6637999998517,1.0,CLIENT,7,2,100000,14,181,0,7825,9708,751,20,261,389,188680.1920000001,57,False,False
182,38,-10.852152648859509,805.2888799996498,1.0,CLIENT,7,2,100000,13,29,0,13345,15370,925,658,300,572,30230.528000000013,73,False,False
182,39,-749.1945967243296,-685.5085599999131,1.0,CLIENT,7,2,100000,17,36,0,8469,11417,928,190,265,583,37527.55200000002,70,False,False
182,40,-947.6226433296897,227.983360000228,1.0,CLIENT,7,2,100000,13,98,0,10594,12498,903,375,286,528,102158.33600000005,70,False,False
182,41,-85.54981650067637,-16.920639999992204,1.0,CLIENT,7,2,100000,10,6,0,18071,18599,633,1769,270,361,6254.592,74,False,False
182,42,589.9768826812165,613.7071600000606,1.0,CLIENT,7,2,100000,18,33,0,12381,14914,1035,207,274,697,34400.256000000016,71,False,False
182,43,-65.66740544371231,-984.4027599998691,1.0,CLIENT,7,2,100000,16,127,0,9221,11737,798,419,275,430,132388.86400000006,71,False,False
182,44,817.0799603730771,-726.6969600003313,1.0,CLIENT,7,2,100000,14,52,0,9176,11582,910,144,267,544,54206.46400000003,63,False,False
182,45,937.8794697836292,124.5670799995159,1.0,CLIENT,7,2,100000,17,37,0,11362,13689,853,487,272,533,38569.98400000002,69,False,False
182,46,-434.2445315333384,157.62911999988575,1.0,CLIENT,7,2,100000,11,11,0,15201,17516,943,982,309,614,11466.752000000002,74,False,False
182,47,-612.9485926680095,602.0185599995145,1.0,CLIENT,7,2,100000,15,34,0,11343,13976,1022,246,292,682,35442.68800000002,71,False,False
182,48,141.39483560490933,-216.74004000013952,1.0,CLIENT,7,2,100000,9,9,0,17207,18283,757,1430,297,446,9381.888,74,False,False
182,49,376.26076701580047,-917.8334000002536,1.0,CLIENT,7,2,100000,16,45,0,9688,12486,905,266,281,565,46909.440000000024,67,False,False
182,50,772.0078811237219,255.70203999985097,1.0,CLIENT,7,2,100000,12,23,0,12699,15117,969,428,286,638,23975.93600000001,73,False,False
182,51,823.5754094035964,172.5460000001911,1.0,CLIENT,7,2,100000,11,25,0,12495,14731,897,521,283,574,26060.80000000001,73,False,False
182,52,-159.69299080137512,803.3964399996819,1.0,CLIENT,7,2,100000,8,21,0,12945,15146,918,649,311,564,21891.072000000007,72,False,False
182,53,806.5446588962047,-628.8466799998039,1.0,CLIENT,7,2,100000,11,20,0,9968,12317,971,175,281,607,20848.640000000007,64,False,False
182,54,-260.53087636154436,-376.595559999941,1.0,CLIENT,7,2,100000,10,7,0,15469,17907,921,985,302,604,7297.023999999999,74,False,False
182,55,764.0866018184164,49.09212000023757,1.0,CLIENT,7,2,100000,10,30,0,13185,15205,904,622,292,550,31272.960000000014,74,False,False
182,56,-662.852652293404,-5.232040000236964,1.0,CLIENT,7,2,100000,10,18,0,13150,15515,889,776,301,551,18763.776000000005,74,False,False
182,57,219.1025855925734,-692.2990800001702,1.0,CLIENT,7,2,100000,10,14,0,12545,15182,960,598,301,625,14594.048000000004,73,False,False
182,58,-22.97170998679303,-11.020679999859624,1.0,CLIENT,7,2,100000,9,9,0,18091,18591,631,1790,278,350,9381.888,74,False,False
182,59,-7.9212793058683335,-635.5258800003421,1.0,CLIENT,7,2,100000,10,12,0,13111,16193,884,790,300,556,12509.184000000003,74,False,False
182,60,796.9599109364191,-202.49108000052075,1.0,CLIENT,7,2,100000,13,16,0,12208,14404,985,441,299,649,16678.912000000004,72,False,False
182,61,170.46593065625288,819.9831199997263,1.0,CLIENT,7,2,100000,14,42,0,13144,15166,967,541,301,607,43782.14400000002,71,False,False
182,62,953.8804539805152,261.26804000003574,1.0,CLIENT,7,2,100000,10,31,0,10952,13450,913,336,280,573,32315.392000000014,67,False,False
182,63,-993.4076377164381,643.9861999995471,1.0,CLIENT,7,2,100000,14,49,0,8623,10648,918,72,270,567,51079.16800000003,60,False,False
182,64,-433.7692547750763,869.6318400001405,1.0,CLIENT,7,2,100000,10,29,0,10829,13374,987,346,296,626,30230.528000000013,68,False,False
182,65,649.2280518872655,563.0565599998031,1.0,CLIENT,7,2,100000,16,30,0,12178,14870,1032,197,273,692,31272.960000000014,71,False,False
182,66,188.76408585215583,-219.96831999989865,1.0,CLIENT,7,2,100000,11,20,0,16930,18206,803,1288,302,476,20848.640000000007,74,False,False
182,67,-626.5731930735851,797.941760000007,1.0,CLIENT,7,2,100000,12,17,0,9964,12543,999,174,288,645,17721.344000000005,68,False,False
182,68,-427.35301853797586,-675.4897599998969,1.0,CLIENT,7,2,100000,10,14,0,10701,14243,1018,390,292,656,14594.048000000004,73,False,False
182,69,767.9680286779317,-264.71896000002374,1.0,CLIENT,7,2,100000,11,22,0,12146,14496,977,398,289,636,22933.504000000008,72,False,False
182,70,871.419936409105,-898.9089999997836,1.0,CLIENT,7,2,100000,12,145,0,7605,10014,757,84,257,407,151152.64000000007,57,False,False
182,71,416.26322750942245,44.527999999896224,1.0,CLIENT,7,2,100000,6,12,0,16067,17666,880,1027,291,570,12509.184000000003,74,False,False
182,72,790.6228874921749,-289.76596000006424,1.0,CLIENT,7,2,100000,10,20,0,11865,14215,1002,336,295,653,20848.640000000007,72,False,False
182,73,-714.1033294007286,-352.77307999997277,1.0,CLIENT,7,2,100000,16,38,0,11418,14359,992,460,286,642,39612.41600000002,73,False,False
182,74,-897.6393709114391,429.13860000016655,1.0,CLIENT,7,2,100000,12,25,0,10359,12318,1022,251,287,680,26060.80000000001,69,False,False

183,0,625.9394907284853,-735.0459599998175,1.0,CLIENT,7,2,100000,13,52,0,9580,13238,859,127,274,495,54206.46400000003,73,False,False
183,1,824.6843885063955,285.42447999995176,1.0,CLIENT,7,2,100000,15,75,0,12147,14761,909,382,301,523,78182.40000000004,73,False,False
183,2,-204.21058049904937,-821.6529200002562,1.0,CLIENT,7,2,100000,11,43,0,11653,14492,955,357,297,568,44824.57600000002,74,False,False
183,3,550.2912733601444,-556.266040000337,1.0,CLIENT,7,2,100000,12,31,0,12141,15924,953,262,292,595,32315.392000000014,73,False,False
183,4,-372.85461691511017,582.5375599996587,1.0,CLIENT,7,2,100000,15,21,0,15682,17582,994,603,310,653,21891.072000000007,74,False,False
183,5,728.2824193568597,-463.87044000027544,1.0,CLIENT,7,2,100000,9,23,0,10873,14897,936,193,285,575,23975.93600000001,73,False,False
183,6,812.6440439618809,-624.1712400005347,1.0,CLIENT,7,2,100000,14,94,0,8698,12182,800,85,269,461,97988.60800000005,71,False,False
183,7,-689.0720867951753,560.9414799996063,1.0,CLIENT,7,2,100000,18,40,0,13160,16100,979,334,303,632,41697.28000000002,73,False,False
183,8,150.82115797841985,-29.054520000205173,1.0,CLIENT,7,2,100000,7,16,0,19081,19398,709,1529,297,400,16678.912000000004,74,False,False
183,9,-537.7756520579306,444.9460399998054,1.0,CLIENT,7,2,100000,14,18,0,15500,17679,1018,575,310,682,18763.776000000005,74,False,False
183,10,-793.7913992148599,-229.76448000047696,1.0,CLIENT,7,2,100000,12,20,0,12058,14961,1031,292,294,681,20848.640000000007,74,False,False
183,11,627.1276826247033,715.5649599999617,1.0,CLIENT,7,2,100000,14,25,0,11143,14289,965,188,301,612,26060.80000000001,71,False,False
183,12,-443.5916411139928,-802.1719200004006,1.0,CLIENT,7,2,100000,15,48,0,11127,13711,963,258,289,596,50036.736000000026,71,False,False
183,13,-762.7399843370491,-646.6578799999206,1.0,CLIENT,7,2,100000,17,52,0,10291,12915,940,118,278,568,54206.46400000003,69,False,False
183,14,-569.8568332456842,-539.9020000005214,1.0,CLIENT,7,2,100000,14,20,0,12655,15198,1027,307,289,688,20848.640000000007,74,False,False
183,15,344.25879862146576,253.920919999602,1.0,CLIENT,7,2,100000,8,4,0,17391,18936,960,1006,321,615,4169.728,74,False,False
183,16,287.3048004138709,985.7385999996603,1.0,CLIENT,7,2,100000,15,63,0,11017,13402,954,181,282,582,65673.21600000003,70,False,False
183,17,25.348093777540416,-322.2714000002574,1.0,CLIENT,7,2,100000,10,12,0,17926,19136,849,1214,311,525,12509.184000000003,74,False,False
183,18,713.3904142627728,-678.2727599999894,1.0,CLIENT,7,2,100000,15,81,0,9303,12937,828,125,269,473,84436.99200000004,73,False,False
183,19,413.0155029938814,930.3012399996235,1.0,CLIENT,7,2,100000,14,21,0,10910,13480,993,167,288,637,21891.072000000007,70,False,False
183,20,14.892005094086894,-758.3118400004,1.0,CLIENT,7,2,100000,9,39,0,12610,15602,913,480,302,535,40654.84800000002,74,False,False
183,21,968.376395109759,-219.5230400002319,1.0,CLIENT,7,2,100000,17,111,0,9770,13038,841,200,274,458,115709.95200000006,72,False,False
183,22,-451.4337076270051,183.01007999987405,1.0,CLIENT,7,2,100000,8,5,0,17188,18844,959,952,310,636,5212.16,74,False,False
183,23,-208.09200735856462,477.89675999966533,1.0,CLIENT,7,2,100000,11,7,0,16920,18637,949,853,310,621,7297.023999999999,74,False,False
183,24,-794.6627399385279,-187.9081600001632,1.0,CLIENT,7,2,100000,10,20,0,12236,15083,1028,333,300,662,20848.640000000007,74,False,False
183,25,-399.1532642097374,-237.44556000006753,1.0,CLIENT,7,2,100000,10,9,0,16271,18538,1025,806,311,688,9381.888,74,False,False
183,26,-212.76556214889186,-531.998279999911,1.0,CLIENT,7,2,100000,12,21,0,14939,17426,996,652,308,650,21891.072000000007,74,False,False
183,27,492.7035728085754,699.8688400000418,1.0,CLIENT,7,2,100000,12,11,0,12450,15436,1012,305,298,677,11466.752000000002,73,False,False
183,28,352.49692909932116,-756.530720000151,1.0,CLIENT,7,2,100000,17,44,0,11708,14988,926,356,293,587,45867.00800000002,73,False,False
183,29,-626.5731930735851,-181.22896000041607,1.0,CLIENT,7,2,100000,12,15,0,14041,16990,1039,515,303,688,15636.480000000005,74,False,False
183,30,518.4477305515219,417.89528000007806,1.0,CLIENT,7,2,100000,10,20,0,14700,17303,1043,533,315,692,20848.640000000007,74,False,False
183,31,-389.0140266988339,-54.43548000019348,1.0,CLIENT,7,2,100000,15,10,0,17402,19061,924,1070,303,606,10424.320000000002,74,False,False
183,32,307.66248822965986,-321.4921599998519,1.0,CLIENT,7,2,100000,11,11,0,17170,18930,999,857,310,664,11466.752000000002,74,False,False
183,33,752.1254700667579,805.7341600001075,1.0,CLIENT,7,2,100000,11,119,0,9529,12486,815,75,272,460,124049.40800000007,70,False,False
183,34,-590.0560954746353,-399.1935199998369,1.0,CLIENT,7,2,100000,11,12,0,13249,16067,1062,342,301,725,12509.184000000003,74,False,False
183,35,701.0332185457082,724.6931999998535,1.0,CLIENT,7,2,100000,9,35,0,10492,13649,939,140,287,571,36485.12000000002,71,False,False
183,36,734.8570811807979,392.6256399998087,1.0,CLIENT,7,2,100000,8,12,0,12737,15343,1015,356,309,642,12509.184000000003,73,False,False
183,37,-382.5185776677517,612.8165999999362,1.0,CLIENT,7,2,100000,14,16,0,15444,17333,1010,552,311,676,16678.912000000004,74,False,False
183,38,-831.3382631237528,-145.82920000041156,1.0,CLIENT,7,2,100000,14,29,0,12006,14843,999,343,293,650,30230.528000000013,74,False,False
183,39,208.6464969091199,736.7157599995564,1.0,CLIENT,7,2,100000,16,25,0,13517,16586,1049,365,298,703,26060.80000000001,74,False,False
183,40,-299.5827833380794,-100.41064000039086,1.0,CLIENT,7,2,100000,10,4,0,17998,19249,898,1240,304,586,4169.728,74,False,False
183,41,13.54538761215682,772.7834399994566,1.0,CLIENT,7,2,100000,12,28,0,14028,16578,1003,444,294,637,29188.096000000012,74,False,False
183,42,-828.9618793318796,-20.371559999980207,1.0,CLIENT,7,2,100000,17,28,0,12239,15184,949,444,292,606,29188.096000000012,74,False,False
183,43,-689.3889379671624,948.7803599996357,1.0,CLIENT,7,2,100000,16,212,0,9645,13209,712,157,266,379,220995.58400000012,65,False,False
183,44,352.9722058575832,893.1203600001609,1.0,CLIENT,7,2,100000,14,47,0,11529,14122,979,225,280,621,48994.304000000026,72,False,False
183,45,-837.4376481888661,-207.83444000047666,1.0,CLIENT,7,2,100000,18,55,0,11768,14488,986,302,289,621,57333.76000000003,74,False,False
183,46,-833.3185829502197,-861.3941600003733,1.0,CLIENT,7,2,100000,12,185,0,8234,10816,725,59,261,378,192849.9200000001,60,False,False
183,47,-716.7173515717327,518.8625199998546,1.0,CLIENT,7,2,100000,15,33,0,13053,16076,984,352,309,633,34400.256000000016,74,False,False
183,48,21.30824133175019,278.2999999997469,1.0,CLIENT,7,2,100000,9,9,0,18735,19324,782,1437,288,484,9381.888,74,False,False
183,49,18.773431954165,457.5251999996851,1.0,CLIENT,7,2,100000,14,15,0,17378,18963,960,974,305,638,15636.480000000005,74,False,False
183,50,600.3537585712511,-620.9429599999845,1.0,CLIENT,7,2,100000,12,28,0,11002,14735,928,189,286,567,29188.096000000012,73,False,False
183,51,-966.0000113190115,189.24399999995444,1.0,CLIENT,7,2,100000,12,110,0,11055,13834,844,352,287,472,114667.52000000006,72,False,False
183,52,-157.15818142378993,747.0685199995205,1.0,CLIENT,7,2,100000,8,18,0,14729,16771,1024,498,303,663,18763.776000000005,74,False,False
183,53,-584.669625546915,-376.3729200005031,1.0,CLIENT,7,2,100000,11,13,0,13437,16280,1059,372,298,726,13551.616000000004,74,False,False
183,54,541.261014951477,368.69184000012154,1.0,CLIENT,7,2,100000,10,12,0,14736,17342,1020,558,314,671,12509.184000000003,74,False,False
183,55,-520.9825399302326,251.13791999950962,1.0,CLIENT,7,2,100000,9,11,0,16311,18370,1010,763,316,666,11466.752000000002,74,False,False
183,56,584.2735615809462,235.1078399996419,1.0,CLIENT,7,2,100000,10,14,0,14898,17472,977,609,315,608,14594.048000000004,74,False,False
183,57,407.153756307899,-533.3341200004932,1.0,CLIENT,7,2,100000,10,15,0,13756,17301,986,433,302,639,15636.480000000005,74,False,False
183,58,350.35818368657914,-683.1708400002785,1.0,CLIENT,7,2,100000,11,28,0,12560,15885,954,394,299,588,29188.096000000012,73,False,False
183,59,-530.5672878900182,-601.5732799998477,1.0,CLIENT,7,2,100000,10,18,0,12388,14955,1021,292,292,680,18763.776000000005,74,False,False
183,60,77.86617557393906,735.825200000223,1.0,CLIENT,7,2,100000,13,24,0,14132,16923,1008,447,300,655,25018.36800000001,74,False,False
183,61,338.31783914206454,-57.107159999775945,1.0,CLIENT,7,2,100000,13,9,0,18157,19178,899,1092,317,567,9381.888,74,False,False
183,62,273.0464976637582,918.3899999996393,1.0,CLIENT,7,2,100000,10,20,0,11673,14222,995,226,291,624,20848.640000000007,72,False,False
183,63,-792.1279305609428,231.21163999998714,1.0,CLIENT,7,2,100000,14,30,0,12976,15967,960,489,302,611,31272.960000000014,74,False,False
183,64,230.27158941342,881.3204399998958,1.0,CLIENT,7,2,100000,10,22,0,12143,14886,1019,259,292,644,22933.504000000008,73,False,False
183,65,-645.2674122348941,-472.5534000005004,1.0,CLIENT,7,2,100000,16,22,0,12431,15060,1037,243,291,691,22933.504000000008,74,False,False
183,66,525.9729458919841,162.63851999989384,1.0,CLIENT,7,2,100000,14,22,0,15766,18122,939,709,312,590,22933.504000000008,74,False,False
183,67,-246.03493523230063,-311.5846800003456,1.0,CLIENT,7,2,100000,9,7,0,16883,18814,978,943,308,647,7297.023999999999,74,False,False
183,68,-447.710706353202,-5.788640000413636,1.0,CLIENT,7,2,100000,10,5,0,16958,18914,949,979,315,617,5212.16,74,False,False
183,69,666.8132919457753,495.3739999998342,1.0,CLIENT,7,2,100000,11,21,0,12780,15457,994,365,300,653,21891.072000000007,73,False,False
183,70,66.93481013222349,986.9631199997326,1.0,CLIENT,7,2,100000,11,50,0,11881,14243,966,260,285,588,52121.60000000003,73,False,False
183,71,768.9977949878747,490.587240000055,1.0,CLIENT,7,2,100000,9,16,0,11778,14568,999,286,302,628,16678.912000000004,73,False,False
183,72,336.7335832810034,-13.247079999775337,1.0,CLIENT,7,2,100000,9,11,0,18162,19191,882,1104,316,544,11466.752000000002,74,False,False
183,73,544.429526674162,363.4597999998846,1.0,CLIENT,7,2,100000,16,15,0,14725,17308,1031,551,314,680,15636.480000000005,74,False,False
183,74,-662.615013914273,-753.7477200000586,1.0,CLIENT,7,2,100000,12,25,0,10243,12901,950,166,280,591,26060.80000000001,67,False,False

184,0,841.3190750478185,-20.705519999928015,1.0,CLIENT,7,2,100000,13,47,0,12832,14910,901,515,302,540,48994.304000000026,71,False,False
184,1,-209.67626321962572,-74.69572000045474,1.0,CLIENT,7,2,100000,11,10,0,17198,18097,726,1455,284,433,10424.320000000002,74,False,False
184,2,-851.2206741807167,306.90923999949433,1.0,CLIENT,7,2,100000,11,54,0,10732,13741,900,409,284,535,56291.32800000003,73,False,False
184,3,-181.71414727108123,-962.8066799998167,1.0,CLIENT,7,2,100000,12,45,0,9872,11860,989,286,283,622,46909.440000000024,66,False,False
184,4,239.77712458034944,-174.7724000001068,1.0,CLIENT,7,2,100000,15,18,0,16562,17766,903,1042,310,572,18763.776000000005,74,False,False
184,5,205.39877239414164,917.8333999994627,1.0,CLIENT,7,2,100000,9,32,0,11544,14242,980,408,302,632,33357.824000000015,69,False,False
184,6,423.55080447019094,797.8304399994971,1.0,CLIENT,7,2,100000,13,21,0,11995,14699,993,317,293,676,21891.072000000007,72,False,False
184,7,-600.6706097443638,-754.4156399999542,1.0,CLIENT,7,2,100000,18,48,0,9265,11756,974,153,268,637,50036.736000000026,69,False,False
184,8,-289.99803537829393,919.2805599997638,1.0,CLIENT,7,2,100000,10,31,0,10946,13451,996,395,279,615,32315.392000000014,70,False,False
184,9,237.40074078847638,-298.782880000237,1.0,CLIENT,7,2,100000,13,15,0,15620,17442,993,816,308,671,15636.480000000005,74,False,False
184,10,-634.4944723794536,577.4168399999317,1.0,CLIENT,7,2,100000,12,33,0,11356,14242,1012,210,272,669,34400.256000000016,72,False,False
184,11,401.8464991730348,-325.83363999996436,1.0,CLIENT,7,2,100000,14,13,0,14575,16807,1026,571,309,680,13551.616000000004,74,False,False
184,12,-83.96556063961526,122.1180400001623,1.0,CLIENT,7,2,100000,11,5,0,17418,18189,786,1416,301,470,5212.16,74,False,False
184,13,933.5227661652891,-528.547359999923,1.0,CLIENT,7,2,100000,17,117,0,9143,12240,805,115,267,449,121964.54400000007,64,False,False
184,14,-336.4959449024352,-282.64147999985937,1.0,CLIENT,7,2,100000,11,17,0,15373,17348,881,981,294,572,17721.344000000005,74,False,False
184,15,238.2720815121444,842.3584400001844,1.0,CLIENT,7,2,100000,8,27,0,12381,14841,1005,426,301,657,28145.66400000001,72,False,False
184,16,195.25953488267518,-768.9985600003117,1.0,CLIENT,7,2,100000,15,26,0,11549,13584,1000,428,295,664,27103.23200000001,72,False,False
184,17,823.8130477827275,989.9687600000539,1.0,CLIENT,7,2,100000,14,163,0,7885,10750,724,63,259,369,169916.41600000008,63,False,False
184,18,272.8880720780461,667.4747199995676,1.0,CLIENT,7,2,100000,15,19,0,14046,16167,1015,552,296,684,19806.208000000006,73,False,False
184,19,-568.1141517983482,688.5142000002344,1.0,CLIENT,7,2,100000,14,20,0,11085,13999,1032,190,274,699,20848.640000000007,71,False,False
184,20,-886.1535159186055,917.6107600000248,1.0,CLIENT,7,2,100000,10,78,0,7553,9729,849,21,254,519,81309.69600000004,60,False,False
184,21,-759.254621442377,715.3423199997328,1.0,CLIENT,7,2,100000,17,35,0,9468,12093,950,94,258,605,36485.12000000002,68,False,False
184,22,-548.7862302925022,-551.3679600000478,1.0,CLIENT,7,2,100000,10,21,0,11021,14233,1018,304,284,683,21891.072000000007,71,False,False
184,23,912.4521632121072,763.655199999565,1.0,CLIENT,7,2,100000,14,70,0,9206,11819,866,107,280,528,72970.24000000003,67,False,False
184,24,21.9419436762872,-610.4788800003016,1.0,CLIENT,7,2,100000,9,16,0,13063,15307,981,638,297,640,16678.912000000004,74,False,False
184,25,586.6499453728193,-911.822120000402,1.0,CLIENT,7,2,100000,12,36,0,9004,11221,948,94,277,570,37527.55200000002,63,False,False
184,26,-988.3380189607049,971.3783199995316,1.0,CLIENT,7,2,100000,12,192,0,6329,8737,673,11,241,342,200146.9440000001,56,False,False
184,27,-948.5731968467767,-891.2279200001931,1.0,CLIENT,7,2,100000,13,237,0,5674,8239,626,17,241,340,247056.38400000014,53,False,False
184,28,-672.2789746669146,49.87135999985213,1.0,CLIENT,7,2,100000,16,31,0,13392,15895,747,940,284,445,32315.392000000014,74,False,False
184,29,965.6039473530427,-182.45348000048836,1.0,CLIENT,7,2,100000,12,52,0,11073,13782,860,375,295,511,54206.46400000003,69,False,False
184,30,699.5281754775032,-20.0376000000324,1.0,CLIENT,7,2,100000,10,24,0,14027,15937,912,647,304,574,25018.36800000001,73,False,False
184,31,613.2654438394337,65.4561600000531,1.0,CLIENT,7,2,100000,15,21,0,14622,16588,911,733,305,568,21891.072000000007,74,False,False
184,32,-424.34293240156575,845.1414399994858,1.0,CLIENT,7,2,100000,12,28,0,10784,13429,1030,266,278,680,29188.096000000012,70,False,False
184,33,177.04059248019115,530.5511199996099,1.0,CLIENT,7,2,100000,10,13,0,15491,16999,948,849,302,618,13551.616000000004,74,False,False
184,34,391.15277211045026,572.0734799999758,1.0,CLIENT,7,2,100000,11,13,0,14308,16361,1014,557,303,683,13551.616000000004,73,False,False
184,35,-733.7481020785617,-296.4451599998114,1.0,CLIENT,7,2,100000,9,40,0,11210,14477,944,461,291,596,41697.28000000002,72,False,False
184,36,362.2401026448188,-269.6170400003129,1.0,CLIENT,7,2,100000,7,9,0,15356,17212,1026,687,315,681,9381.888,74,False,False
184,37,84.99532694899541,842.1357999999555,1.0,CLIENT,7,2,100000,14,21,0,12601,14953,955,589,307,614,21891.072000000007,73,False,False
184,38,808.8418298952217,-589.3280799999159,1.0,CLIENT,7,2,100000,14,45,0,9852,12628,926,97,273,575,46909.440000000024,69,False,False
184,39,214.27060521653405,884.4373999999359,1.0,CLIENT,7,2,100000,16,29,0,11895,14521,1007,434,300,673,30230.528000000013,71,False,False
184,40,545.6177185698172,-902.2486000000526,1.0,CLIENT,7,2,100000,13,37,0,9284,11537,933,110,279,567,38569.98400000002,66,False,False
184,41,199.29938732846543,-345.3146399998201,1.0,CLIENT,7,2,100000,11,13,0,15322,17378,998,766,306,679,13551.616000000004,74,False,False
184,42,-157.71267097490804,171.43279999983775,1.0,CLIENT,7,2,100000,12,6,0,17135,18111,815,1340,305,500,6254.592,74,False,False
184,43,367.6265725725391,-626.2863199999404,1.0,CLIENT,7,2,100000,16,24,0,12182,14515,1053,291,298,705,25018.36800000001,72,False,False
184,44,-822.5456430942164,707.8838799995801,1.0,CLIENT,7,2,100000,15,42,0,9094,11677,946,73,258,596,43782.14400000002,68,False,False
184,45,373.64674484535925,607.2505999997514,1.0,CLIENT,7,2,100000,17,29,0,14017,16217,1001,549,295,682,30230.528000000013,73,False,False
184,46,-146.22681598207436,286.760319999743,1.0,CLIENT,7,2,100000,11,4,0,16709,17941,881,1160,299,577,4169.728,74,False,False
184,47,42.61648266406322,-482.5722000005166,1.0,CLIENT,7,2,100000,14,22,0,14256,16555,946,778,294,621,22933.504000000008,74,False,False
184,48,-766.9382623691145,319.9336799998318,1.0,CLIENT,7,2,100000,11,22,0,11659,14552,959,461,285,628,22933.504000000008,74,False,False
184,49,632.7517909315546,337.96752000017733,1.0,CLIENT,7,2,100000,15,33,0,13816,16044,972,498,307,600,34400.256000000016,73,False,False
184,50,719.4897993278861,-374.70311999997307,1.0,CLIENT,7,2,100000,12,27,0,12387,14797,969,329,298,614,28145.66400000001,72,False,False
184,51,-271.06617783841676,735.0459599998175,1.0,CLIENT,7,2,100000,11,28,0,12877,15102,1015,496,285,659,29188.096000000012,74,False,False
184,52,-324.5348131507767,-402.421800000387,1.0,CLIENT,7,2,100000,8,9,0,14279,16765,1002,753,295,670,9381.888,74,False,False
184,53,-230.66765337938884,-983.2895600003067,1.0,CLIENT,7,2,100000,11,56,0,9505,11511,974,253,281,603,58376.19200000003,64,False,False
184,54,-382.59779046117063,967.148159999929,1.0,CLIENT,7,2,100000,10,43,0,10063,12608,982,270,276,615,44824.57600000002,66,False,False
184,55,17.189176093103903,716.789480000034,1.0,CLIENT,7,2,100000,10,16,0,13907,15892,927,745,302,596,16678.912000000004,74,False,False
184,56,239.38106061494346,403.08971999949165,1.0,CLIENT,7,2,100000,9,7,0,16150,17497,935,926,312,596,7297.023999999999,74,False,False
184,57,720.3611400515541,716.900799999753,1.0,CLIENT,7,2,100000,11,27,0,11173,13396,979,198,283,636,28145.66400000001,70,False,False
184,58,-273.44256162972704,231.21163999998714,1.0,CLIENT,7,2,100000,10,10,0,16495,17858,881,1126,302,563,10424.320000000002,74,False,False
184,59,-723.1335878088332,36.624280000076794,1.0,CLIENT,7,2,100000,10,34,0,12766,15484,756,875,290,434,35442.68800000002,74,False,False
184,60,348.8531406183741,-990.1914000002828,1.0,CLIENT,7,2,100000,13,101,0,9488,11486,893,228,278,529,105285.63200000006,62,False,False
184,61,-199.53702570872213,-781.5777200001914,1.0,CLIENT,7,2,100000,14,33,0,11179,13414,1006,393,290,658,34400.256000000016,71,False,False
184,62,-55.052891174546666,485.80047999948476,1.0,CLIENT,7,2,100000,9,10,0,15731,17238,887,978,298,560,10424.320000000002,74,False,False
184,63,745.7092338290946,-331.2883200004302,1.0,CLIENT,7,2,100000,14,24,0,12520,14836,962,368,301,608,25018.36800000001,72,False,False
184,64,497.5355531846147,994.0875999999375,1.0,CLIENT,7,2,100000,10,28,0,9738,12556,933,143,283,595,29188.096000000012,68,False,False
184,65,-288.2553539315207,-428.6933200004998,1.0,CLIENT,7,2,100000,12,11,0,14164,16649,978,755,296,660,11466.752000000002,74,False,False
184,66,560.747362043598,-278.18868000002794,1.0,CLIENT,7,2,100000,14,20,0,14062,16228,1004,515,303,672,20848.640000000007,73,False,False
184,67,-185.59557413059648,-765.4363199998138,1.0,CLIENT,7,2,100000,12,20,0,11276,13612,1004,433,292,659,20848.640000000007,72,False,False
184,68,668.7936117716796,943.4369999996798,1.0,CLIENT,7,2,100000,10,42,0,9470,12142,902,113,277,540,43782.14400000002,66,False,False
184,69,694.3001311360579,367.80127999999706,1.0,CLIENT,7,2,100000,11,27,0,13141,15507,995,420,300,649,28145.66400000001,73,False,False
184,70,-392.57860238636204,-463.7591199997655,1.0,CLIENT,7,2,100000,11,13,0,13107,16077,1013,569,288,696,13551.616000000004,74,False,False
184,71,558.5294038379999,-474.89112000013506,1.0,CLIENT,7,2,100000,9,15,0,12548,14995,1047,268,304,704,15636.480000000005,72,False,False
184,72,-57.19163658672587,42.30159999998051,1.0,CLIENT,7,2,100000,9,5,0,17576,18211,731,1512,296,435,5212.16,74,False,False
184,73,-762.8984099233242,-867.6280800004537,1.0,CLIENT,7,2,100000,17,77,0,7471,9773,876,75,255,538,80267.26400000004,65,False,False
184,74,-84.12398622589023,886.8864400000805,1.0,CLIENT,7,2,100000,11,24,0,11865,14302,905,598,292,579,25018.36800000001,71,False,False

185,0,-516.4674107256176,730.0365599998094,1.0,CLIENT,7,2,100000,13,42,0,11975,14358,979,258,285,589,43782.14400000002,70,False,False
185,1,173.317591206388,861.3941599995824,1.0,CLIENT,7,2,100000,15,34,0,11715,13653,976,214,283,586,35442.68800000002,70,False,False
185,2,-303.14735902560756,-693.7462400004713,1.0,CLIENT,7,2,100000,10,4,0,13442,16244,1037,462,296,697,4169.728,74,False,False
185,3,-849.6364183196556,726.1403600001546,1.0,CLIENT,7,2,100000,12,50,0,9210,12138,861,133,262,516,52121.60000000003,64,False,False
185,4,307.66248822965986,438.48947999949615,1.0,CLIENT,7,2,100000,15,24,0,14710,17150,1008,517,300,662,25018.36800000001,74,False,False
185,5,-496.34736128952244,-767.5514000000106,1.0,CLIENT,7,2,100000,9,16,0,11709,14861,1004,217,280,671,16678.912000000004,74,False,False
185,6,-879.6580668875233,417.44999999962033,1.0,CLIENT,7,2,100000,13,48,0,11136,14116,912,198,273,568,50036.736000000026,67,False,False
185,7,-415.3126739934612,-777.5702000000268,1.0,CLIENT,7,2,100000,18,42,0,12019,15054,981,289,280,641,43782.14400000002,74,False,False
185,8,-677.6654445946349,-892.7864000002131,1.0,CLIENT,7,2,100000,10,42,0,9165,12426,899,67,261,539,43782.14400000002,68,False,False
185,9,-352.9722058581461,-484.1306800005367,1.0,CLIENT,7,2,100000,14,13,0,15294,17493,1028,667,303,703,13551.616000000004,74,False,False
185,10,30.100861360723712,2.560359999863522,1.0,CLIENT,7,2,100000,11,12,0,17896,18390,725,1473,285,426,12509.184000000003,74,False,False
185,11,-44.83444087022417,-725.6950800004879,1.0,CLIENT,7,2,100000,14,12,0,13603,16089,852,815,285,538,12509.184000000003,74,False,False
185,12,-32.3188195674475,-333.5147200003459,1.0,CLIENT,7,2,100000,11,4,0,17279,18312,781,1416,289,486,4169.728,74,False,False
185,13,-242.54957233819133,-585.8771599999278,1.0,CLIENT,7,2,100000,15,16,0,14792,17208,1000,697,289,661,16678.912000000004,74,False,False
185,14,750.7788525848277,546.5811999994776,1.0,CLIENT,7,2,100000,14,69,0,10232,13081,844,122,273,480,71927.80800000003,71,False,False
185,15,247.8568294719299,707.5499199996324,1.0,CLIENT,7,2,100000,9,21,0,12561,14988,1003,275,289,632,21891.072000000007,73,False,False
185,16,952.5338364985852,-398.0803200002745,1.0,CLIENT,7,2,100000,15,82,0,10358,12678,905,259,262,524,85479.42400000004,67,False,False
185,17,-206.42853870464748,631.1844000002295,1.0,CLIENT,7,2,100000,12,23,0,13872,15828,1007,436,292,640,23975.93600000001,72,False,False
185,18,462.365073067595,-101.52383999995322,1.0,CLIENT,7,2,100000,14,18,0,15539,17244,920,865,302,584,18763.776000000005,74,False,False
185,19,552.8260827377295,483.24011999962124,1.0,CLIENT,7,2,100000,14,23,0,12246,15402,936,234,290,588,23975.93600000001,73,False,False
185,20,237.24231520276425,-24.824359999811634,1.0,CLIENT,7,2,100000,8,6,0,17254,18288,811,1252,306,486,6254.592,74,False,False
185,21,-629.5040664165764,718.0140000001063,1.0,CLIENT,7,2,100000,17,25,0,11158,13872,956,234,282,599,26060.80000000001,67,False,False
185,22,-264.4915160144785,-679.8312400000094,1.0,CLIENT,7,2,100000,9,13,0,13753,16478,1022,537,298,684,13551.616000000004,74,False,False
185,23,732.8767613543308,437.93288000011046,1.0,CLIENT,7,2,100000,14,47,0,10965,14025,883,200,284,517,48994.304000000026,72,False,False
185,24,-558.8462550105497,386.0577599997805,1.0,CLIENT,7,2,100000,9,12,0,14455,16366,990,547,295,662,12509.184000000003,72,False,False
185,25,293.95867503066523,-27.050760000518324,1.0,CLIENT,7,2,100000,10,6,0,16917,18106,845,1148,304,521,6254.592,74,False,False
185,26,-668.1599094282683,478.453359999842,1.0,CLIENT,7,2,100000,12,21,0,12912,15416,975,339,287,641,21891.072000000007,71,False,False
185,27,156.20762790614015,-262.1586000001602,1.0,CLIENT,7,2,100000,9,8,0,17143,18207,789,1401,284,479,8339.456,74,False,False
185,28,282.2351816581377,508.5097599998906,1.0,CLIENT,7,2,100000,17,27,0,14127,16692,1013,415,297,654,28145.66400000001,74,False,False
185,29,806.7822972753357,-593.2242800003615,1.0,CLIENT,7,2,100000,12,34,0,10903,12914,984,226,267,634,35442.68800000002,67,False,False
185,30,-863.4194443115064,632.8541999999686,1.0,CLIENT,7,2,100000,10,45,0,9737,12768,884,157,266,539,46909.440000000024,66,False,False
185,31,-946.1176002620476,-433.591399999998,1.0,CLIENT,7,2,100000,15,85,0,11287,13607,904,312,281,512,88606.72000000004,71,False,False
185,32,199.22017453560937,-636.3051199999566,1.0,CLIENT,7,2,100000,11,19,0,14188,16361,908,859,274,586,19806.208000000006,74,False,False
185,33,292.8496959278662,414.2217199998612,1.0,CLIENT,7,2,100000,11,18,0,15006,17302,1023,526,308,669,18763.776000000005,74,False,False
185,34,-786.3453966678164,-159.63288000036357,1.0,CLIENT,7,2,100000,11,45,0,13440,15667,849,578,290,493,46909.440000000024,74,False,False
185,35,-971.8617580049939,474.77979999962514,1.0,CLIENT,7,2,100000,9,30,0,9527,12946,870,99,265,534,31272.960000000014,66,False,False
185,36,752.1254700667579,224.7550799996779,1.0,CLIENT,7,2,100000,8,29,0,11987,14919,927,406,294,559,30230.528000000013,73,False,False
185,37,-862.6273163806943,693.3009600000137,1.0,CLIENT,7,2,100000,14,81,0,9275,12316,819,140,267,469,84436.99200000004,64,False,False
185,38,931.7800847179531,-633.967400000322,1.0,CLIENT,7,2,100000,14,38,0,9351,11843,934,168,261,598,39612.41600000002,65,False,False
185,39,753.1552363767009,483.35144000013116,1.0,CLIENT,7,2,100000,17,53,0,10601,13389,873,158,273,527,55248.89600000003,71,False,False
185,40,51.488315485892805,-252.13980000014402,1.0,CLIENT,7,2,100000,9,5,0,17515,18377,780,1488,290,478,5212.16,74,False,False
185,41,505.2984069042081,-939.4294800003061,1.0,CLIENT,7,2,100000,12,27,0,9926,12391,967,200,263,631,28145.66400000001,66,False,False
185,42,-246.51021199056265,337.07696000005285,1.0,CLIENT,7,2,100000,15,13,0,16065,17450,957,788,299,623,13551.616000000004,74,False,False
185,43,-865.6374025171044,-279.5245199998192,1.0,CLIENT,7,2,100000,15,37,0,12556,14654,915,465,287,561,38569.98400000002,73,False,False
185,44,-215.45879711275202,8.571639999715046,1.0,CLIENT,7,2,100000,10,10,0,17660,18233,762,1416,284,464,10424.320000000002,74,False,False
185,45,322.4752805308907,-492.70232000025175,1.0,CLIENT,7,2,100000,16,18,0,14782,16809,947,853,278,631,18763.776000000005,74,False,False
185,46,-938.0378953699043,660.0162800002058,1.0,CLIENT,7,2,100000,12,57,0,8806,11935,815,110,262,476,59418.62400000003,64,False,False
185,47,275.6605198347623,-898.9089999997836,1.0,CLIENT,7,2,100000,15,48,0,11008,13706,937,465,264,595,50036.736000000026,71,False,False
185,48,435.4327234289935,799.2775999997982,1.0,CLIENT,7,2,100000,11,51,0,10784,13447,912,112,284,551,53164.03200000003,72,False,False
185,49,-802.6632320372523,-953.6784399999249,1.0,CLIENT,7,2,100000,20,252,0,7663,10722,642,22,238,352,262692.8640000001,65,False,False
185,50,-245.16359450863257,-761.762760000388,1.0,CLIENT,7,2,100000,12,34,0,12892,15688,970,510,289,618,35442.68800000002,74,False,False
185,51,592.9869688170636,-658.6804400004146,1.0,CLIENT,7,2,100000,12,23,0,11838,14020,1021,311,271,678,23975.93600000001,69,False,False
185,52,543.320547571363,-16.141400000377644,1.0,CLIENT,7,2,100000,8,16,0,14930,16850,944,755,300,607,16678.912000000004,74,False,False
185,53,-540.2312486426597,396.29920000002556,1.0,CLIENT,7,2,100000,10,12,0,14544,16354,1012,528,299,673,12509.184000000003,72,False,False
185,54,-383.15228001228866,641.3145199999647,1.0,CLIENT,7,2,100000,10,18,0,13505,15541,1043,362,291,683,18763.776000000005,72,False,False
185,55,516.0713467596487,349.7674399996515,1.0,CLIENT,7,2,100000,10,19,0,13652,16572,958,399,295,609,19806.208000000006,74,False,False
185,56,-232.17269644759386,-58.99960000053483,1.0,CLIENT,7,2,100000,7,6,0,17681,18268,777,1436,293,465,6254.592,74,False,False
185,57,-731.6885694592385,160.52343999969708,1.0,CLIENT,7,2,100000,10,15,0,13911,16057,1019,502,294,674,15636.480000000005,72,False,False
185,58,245.9557224388817,-883.9921200002692,1.0,CLIENT,7,2,100000,10,36,0,11305,14058,928,494,273,589,37527.55200000002,71,False,False
185,59,-765.9877088525903,23.82247999996821,1.0,CLIENT,7,2,100000,10,14,0,13655,15849,970,529,298,625,14594.048000000004,72,False,False
185,60,101.63001349041838,241.56439999995115,1.0,CLIENT,7,2,100000,11,15,0,17127,18087,936,976,300,610,15636.480000000005,74,False,False
185,61,-35.64575687528182,-198.14960000040827,1.0,CLIENT,7,2,100000,11,5,0,17891,18462,746,1574,278,455,5212.16,74,False,False
185,62,445.41353535362214,13.247079999775337,1.0,CLIENT,7,2,100000,9,9,0,15803,17486,936,868,307,597,9381.888,74,False,False
185,63,282.39360724441264,958.2425599994752,1.0,CLIENT,7,2,100000,14,142,0,10497,12658,829,138,275,438,148025.34400000007,70,False,False
185,64,-557.4996375286197,477.5627999997175,1.0,CLIENT,7,2,100000,10,12,0,13746,15941,1007,392,293,680,12509.184000000003,72,False,False
185,65,-268.2145172882817,471.10624000019925,1.0,CLIENT,7,2,100000,14,23,0,15193,16719,1020,575,297,673,23975.93600000001,74,False,False
185,66,610.2553577035866,-333.0694399998882,1.0,CLIENT,7,2,100000,14,25,0,13497,15723,946,567,278,619,26060.80000000001,74,False,False
185,67,-99.72890645793304,12.245199999931913,1.0,CLIENT,7,2,100000,7,4,0,17941,18383,744,1505,284,455,4169.728,74,False,False
185,68,873.717107408122,-979.0593999999132,1.0,CLIENT,7,2,100000,10,56,0,7253,10071,840,34,250,504,58376.19200000003,56,False,False
185,69,769.9483485043988,-645.7673199997962,1.0,CLIENT,7,2,100000,11,29,0,10806,12938,979,239,267,630,30230.528000000013,67,False,False
185,70,930.195828856892,-992.3064800004795,1.0,CLIENT,7,2,100000,13,221,0,6558,9331,655,11,239,355,230377.47200000013,54,False,False
185,71,79.68806981413118,-938.2049600002338,1.0,CLIENT,7,2,100000,8,57,0,11280,13819,822,629,271,489,59418.62400000003,74,False,False
185,72,-115.4922522762508,301.0092800001527,1.0,CLIENT,7,2,100000,9,15,0,16606,17850,883,947,294,540,15636.480000000005,74,False,False
185,73,-515.5960700019496,-441.6064400003273,1.0,CLIENT,7,2,100000,16,22,0,14687,16811,1005,553,296,668,22933.504000000008,74,False,False
185,74,-541.9739300899957,160.634760000207,1.0,CLIENT,7,2,100000,11,8,0,15552,17109,1008,768,297,682,8339.456,74,False,False

186,0,823.1793454381905,86.16167999998112,1.0,CLIENT,7,2,100000,13,18,0,13650,15237,882,706,304,537,18763.776000000005,72,False,False
186,1,75.96506854032803,-173.7705200002634,1.0,CLIENT,7,2,100000,10,6,0,17408,18112,719,1520,286,427,6254.592,74,False,False
186,2,424.1052940218719,787.589000000043,1.0,CLIENT,7,2,100000,11,35,0,11661,14604,1008,336,283,652,36485.12000000002,70,False,False
186,3,407.39139468703,876.7563199995544,1.0,CLIENT,7,2,100000,12,51,0,11112,13844,971,293,274,624,53164.03200000003,70,False,False
186,4,-574.6096008288675,251.91715999991516,1.0,CLIENT,7,2,100000,15,24,0,12940,15495,970,574,292,652,25018.36800000001,74,False,False
186,5,-752.2046828607396,452.84975999962484,1.0,CLIENT,7,2,100000,9,19,0,10301,12963,958,215,284,603,19806.208000000006,70,False,False
186,6,427.828295295675,709.2197200001624,1.0,CLIENT,7,2,100000,12,25,0,12324,15274,1028,365,281,692,26060.80000000001,71,False,False
186,7,-711.0140304714625,588.882799999458,1.0,CLIENT,7,2,100000,18,69,0,10001,12405,918,124,277,549,71927.80800000003,67,False,False
186,8,556.7075095978078,453.0723999998537,1.0,CLIENT,7,2,100000,9,11,0,13858,16560,1095,400,288,768,11466.752000000002,73,False,False
186,9,245.48044568061965,-919.7258400002215,1.0,CLIENT,7,2,100000,16,43,0,10321,12766,974,345,284,614,44824.57600000002,70,False,False
186,10,197.63591867454826,230.65503999981047,1.0,CLIENT,7,2,100000,11,14,0,16984,17842,819,1245,289,510,14594.048000000004,74,False,False
186,11,230.667653378826,-663.2445599999651,1.0,CLIENT,7,2,100000,14,21,0,12938,15483,988,569,291,646,21891.072000000007,74,False,False
186,12,-31.764330015766554,408.5443999999575,1.0,CLIENT,7,2,100000,14,12,0,15758,17269,920,922,293,601,12509.184000000003,74,False,False
186,13,760.4428133380321,-906.3674399999363,1.0,CLIENT,7,2,100000,17,53,0,8986,11020,900,135,267,546,55248.89600000003,63,False,False
186,14,21.545879710881213,-185.01384000035188,1.0,CLIENT,7,2,100000,10,4,0,17457,18070,704,1584,288,411,4169.728,74,False,False
186,15,-339.0307542800204,959.0217999998808,1.0,CLIENT,7,2,100000,9,74,0,10260,12145,911,244,276,533,77139.96800000004,64,False,False
186,16,-64.95449030631924,518.08328000024,1.0,CLIENT,7,2,100000,15,21,0,14815,16578,987,722,300,659,21891.072000000007,74,False,False
186,17,9.901599131772576,310.6941200002211,1.0,CLIENT,7,2,100000,11,5,0,16466,17690,872,1114,290,561,5212.16,74,False,False
186,18,945.1670467443978,59.55619999992052,1.0,CLIENT,7,2,100000,15,42,0,12807,14487,808,668,290,468,43782.14400000002,70,False,False
186,19,735.649209111047,500.7173599997901,1.0,CLIENT,7,2,100000,14,23,0,11891,15052,1038,219,278,702,23975.93600000001,71,False,False
186,20,760.8388773028753,-813.9718399998748,1.0,CLIENT,7,2,100000,10,30,0,9630,11685,963,125,274,594,31272.960000000014,64,False,False
186,21,-862.1520396224323,585.2092400000322,1.0,CLIENT,7,2,100000,18,44,0,8686,11220,881,69,273,506,45867.00800000002,66,False,False
186,22,659.92177894985,996.8706000000299,1.0,CLIENT,7,2,100000,10,27,0,8862,11049,956,94,262,613,28145.66400000001,66,False,False
186,23,948.969260811057,-406.9859199999374,1.0,CLIENT,7,2,100000,14,34,0,11107,13475,958,235,287,591,35442.68800000002,67,False,False
186,24,209.3594120470758,279.3018799995903,1.0,CLIENT,7,2,100000,9,7,0,16816,17739,856,1157,294,545,7297.023999999999,74,False,False
186,25,863.8947210692055,72.35800000002911,1.0,CLIENT,7,2,100000,11,16,0,13433,14993,866,685,296,533,16678.912000000004,72,False,False
186,26,727.4110786331917,-252.6964000003207,1.0,CLIENT,7,2,100000,12,23,0,13676,15379,988,564,304,641,23975.93600000001,74,False,False
186,27,-844.0915228056604,794.602159999738,1.0,CLIENT,7,2,100000,13,116,0,7939,10288,770,35,263,426,120922.11200000007,62,False,False
186,28,-63.84551120352019,376.3729199997121,1.0,CLIENT,7,2,100000,15,15,0,15877,17348,942,908,297,623,15636.480000000005,74,False,False
186,29,-120.16580706657804,-61.55996000039835,1.0,CLIENT,7,2,100000,10,7,0,17398,18095,690,1553,276,400,7297.023999999999,74,False,False
186,30,-153.75203132197387,579.0866399996708,1.0,CLIENT,7,2,100000,10,20,0,13890,16001,1028,561,301,697,20848.640000000007,74,False,False
186,31,-206.98302825576556,-461.08744000018305,1.0,CLIENT,7,2,100000,15,19,0,14898,17111,861,996,288,555,19806.208000000006,74,False,False
186,32,66.06346940855546,750.4081199997895,1.0,CLIENT,7,2,100000,11,20,0,13144,15188,923,645,287,604,20848.640000000007,74,False,False
186,33,-202.62632463798826,556.4886799997748,1.0,CLIENT,7,2,100000,11,9,0,13785,16065,1056,513,302,718,9381.888,74,False,False
186,34,95.530628425305,-910.3749600001009,1.0,CLIENT,7,2,100000,11,30,0,10398,13161,933,432,283,581,31272.960000000014,70,False,False
186,35,-919.5813145882892,137.4802000001344,1.0,CLIENT,7,2,100000,9,63,0,9843,12369,855,401,293,492,65673.21600000003,67,False,False
186,36,446.2056632844341,-606.5826799998558,1.0,CLIENT,7,2,100000,7,5,0,12586,15104,1034,376,289,701,5212.16,74,False,False
186,37,-91.41156318722156,-567.1754000004776,1.0,CLIENT,7,2,100000,12,17,0,14214,16634,826,962,292,513,17721.344000000005,74,False,False
186,38,-224.88511948626254,793.1550000002278,1.0,CLIENT,7,2,100000,14,31,0,11749,14020,981,411,288,631,32315.392000000014,72,False,False
186,39,466.0880743413981,-172.43468000047216,1.0,CLIENT,7,2,100000,15,17,0,15467,17128,929,905,309,592,17721.344000000005,74,False,False
186,40,809.2378938600649,-953.0105200000293,1.0,CLIENT,7,2,100000,13,185,0,8374,10377,753,91,258,414,192849.9200000001,62,False,False
186,41,159.05928845627528,830.2245599999713,1.0,CLIENT,7,2,100000,12,28,0,12495,14563,944,561,294,601,29188.096000000012,72,False,False
186,42,398.91562583004367,286.31504000007624,1.0,CLIENT,7,2,100000,15,20,0,16120,17424,967,879,299,637,20848.640000000007,74,False,False
186,43,-997.1306389896783,-631.1844000002295,1.0,CLIENT,7,2,100000,16,80,0,6999,10003,800,157,255,452,83394.56000000004,59,False,False
186,44,592.9869688170636,833.3415200000115,1.0,CLIENT,7,2,100000,14,41,0,10128,13056,970,168,267,643,42739.71200000002,70,False,False
186,45,52.83493296782288,-728.5894000002992,1.0,CLIENT,7,2,100000,17,35,0,12448,15106,893,684,288,563,36485.12000000002,74,False,False
186,46,-797.989677246925,495.9306000000109,1.0,CLIENT,7,2,100000,12,36,0,9649,12253,908,137,285,534,37527.55200000002,67,False,False
186,47,326.1190690112749,-568.3999199997589,1.0,CLIENT,7,2,100000,14,20,0,13479,15960,1010,555,294,668,20848.640000000007,74,False,False
186,48,-732.7183357686187,409.65759999951985,1.0,CLIENT,7,2,100000,11,25,0,10657,13345,965,265,289,617,26060.80000000001,70,False,False
186,49,-329.68364469936597,-126.45952000027478,1.0,CLIENT,7,2,100000,13,13,0,15812,17561,765,1206,293,459,13551.616000000004,74,False,False
186,50,925.0469973083027,914.2711599997557,1.0,CLIENT,7,2,100000,14,235,0,8112,9901,734,43,248,428,244971.52000000014,66,False,False
186,51,617.3845090786428,-821.6529200002562,1.0,CLIENT,7,2,100000,12,29,0,10149,12285,960,180,272,609,30230.528000000013,67,False,False
186,52,651.6836484719946,24.26775999963496,1.0,CLIENT,7,2,100000,8,8,0,14788,16347,846,894,302,512,8339.456,74,False,False
186,53,800.5244866239473,-785.5852400003562,1.0,CLIENT,7,2,100000,11,32,0,9630,11701,953,119,274,583,33357.824000000015,64,False,False
186,54,156.44526628527117,-575.301760000526,1.0,CLIENT,7,2,100000,10,13,0,14048,16429,970,736,293,640,13551.616000000004,74,False,False
186,55,990.9520411311461,-32.17148000024537,1.0,CLIENT,7,2,100000,10,76,0,12468,14150,752,672,297,398,79224.83200000004,69,False,False
186,56,-663.1695034653911,-987.2970800004714,1.0,CLIENT,7,2,100000,11,31,0,6836,9620,862,77,253,534,32315.392000000014,61,False,False
186,57,854.4683986951321,61.11467999994062,1.0,CLIENT,7,2,100000,10,32,0,13472,15042,841,723,296,488,33357.824000000015,72,False,False
186,58,-299.10750657981737,-700.3141200004995,1.0,CLIENT,7,2,100000,10,22,0,11921,14852,980,524,286,653,22933.504000000008,72,False,False
186,59,442.720300389762,721.2422799998654,1.0,CLIENT,7,2,100000,10,24,0,12135,15135,1040,334,281,687,25018.36800000001,71,False,False
186,60,-652.2381380236756,151.06123999985755,1.0,CLIENT,7,2,100000,13,16,0,12526,15034,953,594,297,620,16678.912000000004,74,False,False
186,61,-842.8241181165864,446.05924000015875,1.0,CLIENT,7,2,100000,14,35,0,9517,12167,914,179,280,540,36485.12000000002,67,False,False
186,62,421.25363347173686,-702.4291999999053,1.0,CLIENT,7,2,100000,10,13,0,11907,14409,1006,357,282,673,13551.616000000004,73,False,False
186,63,132.44378998966084,-68.68443999981224,1.0,CLIENT,7,2,100000,11,8,0,17497,18140,737,1526,292,433,8339.456,74,False,False
186,64,-514.6455164854254,737.494999999962,1.0,CLIENT,7,2,100000,10,22,0,10508,12815,989,153,283,631,22933.504000000008,69,False,False
186,65,977.2482279321514,311.13939999988787,1.0,CLIENT,7,2,100000,16,32,0,11581,13829,985,300,283,655,33357.824000000015,71,False,False
186,66,413.8868437175494,600.1261199995465,1.0,CLIENT,7,2,100000,14,23,0,13564,16184,1042,456,287,713,23975.93600000001,72,False,False
186,67,-538.9638439535858,-209.94951999988245,1.0,CLIENT,7,2,100000,11,34,0,13427,15967,847,777,296,506,35442.68800000002,74,False,False
186,68,296.01820764998837,-679.0520000003949,1.0,CLIENT,7,2,100000,10,8,0,12508,15090,1004,470,292,658,8339.456,74,False,False
186,69,-711.6477328159996,4.898079999498179,1.0,CLIENT,7,2,100000,11,26,0,12100,14512,879,645,301,535,27103.23200000001,74,False,False
186,70,69.0735555444027,-518.6398800004167,1.0,CLIENT,7,2,100000,9,14,0,14780,17033,886,935,295,563,14594.048000000004,74,False,False
186,71,773.2752858127959,-645.8786400003061,1.0,CLIENT,7,2,100000,9,14,0,10680,12892,1005,147,283,669,14594.048000000004,68,False,False
186,72,-905.7190758030196,-861.83944000004,1.0,CLIENT,7,2,100000,10,205,0,6076,8864,643,52,240,306,213698.5600000001,57,False,False
186,73,-355.82386640828116,-985.5159600002224,1.0,CLIENT,7,2,100000,17,144,0,8383,11339,800,261,261,442,150110.20800000007,68,False,False
186,74,134.58253540184003,151.61784000003422,1.0,CLIENT,7,2,100000,10,13,0,17325,18026,765,1400,286,459,13551.616000000004,74,False,False

187,0,111.69003820846591,778.3494399996414,1.0,CLIENT,7,2,100000,13,39,0,12429,15000,930,470,295,577,40654.84800000002,74,False,False
187,1,879.7372796803794,-388.8407599998729,1.0,CLIENT,7,2,100000,15,31,0,11515,13297,995,253,300,608,32315.392000000014,70,False,False
187,2,-466.72177668649795,484.46463999969353,1.0,CLIENT,7,2,100000,10,5,0,13488,16543,1060,385,301,723,5212.16,74,False,False
187,3,231.8558452744811,-263.16048000000364,1.0,CLIENT,7,2,100000,11,12,0,16829,18234,971,964,302,650,12509.184000000003,74,False,False
187,4,-534.5279275423895,37.403519999691355,1.0,CLIENT,7,2,100000,15,23,0,16112,17753,777,1036,296,452,23975.93600000001,74,False,False
187,5,-759.8883237869142,841.0225999996021,1.0,CLIENT,7,2,100000,9,22,0,7908,10412,907,52,272,556,22933.504000000008,68,False,False
187,6,54.41918882944682,-868.7412800000161,1.0,CLIENT,7,2,100000,12,38,0,12776,14961,975,421,306,604,39612.41600000002,74,False,False
187,7,264.25387763478466,-67.23728000030206,1.0,CLIENT,7,2,100000,17,10,0,17086,18323,868,1119,306,547,10424.320000000002,74,False,False
187,8,-455.39434727937635,552.703799999839,1.0,CLIENT,7,2,100000,10,16,0,12755,15919,1020,316,291,669,16678.912000000004,74,False,False
187,9,360.89348516288874,576.5262799998072,1.0,CLIENT,7,2,100000,14,25,0,14065,16209,957,506,291,628,26060.80000000001,74,False,False
187,10,700.7955801665771,-298.3375999997793,1.0,CLIENT,7,2,100000,12,17,0,12985,15140,1018,413,307,667,17721.344000000005,73,False,False
187,11,282.7104584169626,-703.097119999801,1.0,CLIENT,7,2,100000,14,15,0,13334,15801,1041,366,308,702,15636.480000000005,74,False,False
187,12,-410.480693616859,910.0410000001532,1.0,CLIENT,7,2,100000,15,71,0,9233,12146,908,118,274,524,74012.67200000004,71,False,False
187,13,520.3488375851329,-828.3321200000034,1.0,CLIENT,7,2,100000,17,63,0,11038,13410,935,136,285,581,65673.21600000003,67,False,False
187,14,326.75277135581194,-563.9471199999275,1.0,CLIENT,7,2,100000,14,10,0,14267,16678,1057,485,301,718,10424.320000000002,74,False,False
187,15,189.16014981756183,-56.77319999982814,1.0,CLIENT,7,2,100000,7,2,0,17634,18529,813,1300,300,502,2084.864,74,False,False
187,16,588.0757756476055,-454.4082400004359,1.0,CLIENT,7,2,100000,15,23,0,12934,15485,1046,351,300,709,23975.93600000001,73,False,False
187,17,778.1864789822542,153.84423999994993,1.0,CLIENT,7,2,100000,13,15,0,12996,15294,1017,369,301,658,15636.480000000005,73,False,False
187,18,-187.89274512905064,213.1777999996416,1.0,CLIENT,7,2,100000,13,9,0,17511,18528,875,1235,312,551,9381.888,74,False,False
187,19,147.7318590491537,-413.44248000024663,1.0,CLIENT,7,2,100000,11,6,0,16498,17988,1011,857,305,684,6254.592,74,False,False
187,20,837.0415842228973,80.37303999956748,1.0,CLIENT,7,2,100000,10,25,0,12688,14766,1011,334,299,645,26060.80000000001,72,False,False
187,21,27.3284136040075,65.01087999959537,1.0,CLIENT,7,2,100000,11,17,0,18189,18649,715,1571,284,418,17721.344000000005,74,False,False
187,22,-784.5235024276243,288.87539999993976,1.0,CLIENT,7,2,100000,9,16,0,12359,15186,948,514,306,583,16678.912000000004,74,False,False
187,23,45.62656879991046,-685.1745999999653,1.0,CLIENT,7,2,100000,13,5,0,14501,16466,1001,591,312,643,5212.16,74,False,False
187,24,-988.5756573398357,-478.1193999998942,1.0,CLIENT,7,2,100000,10,34,0,9516,12869,891,197,278,524,35442.68800000002,70,False,False
187,25,-675.3682735961808,706.1027600001222,1.0,CLIENT,7,2,100000,12,20,0,9450,12502,978,109,282,601,20848.640000000007,70,False,False
187,26,-831.3382631237528,-808.1832000002521,1.0,CLIENT,7,2,100000,12,48,0,8801,12179,872,89,266,514,50036.736000000026,71,False,False
187,27,43.25018500803739,-525.4303999998829,1.0,CLIENT,7,2,100000,10,9,0,15895,17587,980,772,315,641,9381.888,74,False,False
187,28,208.7257097025388,168.98375999969318,1.0,CLIENT,7,2,100000,15,17,0,17245,18276,860,1171,301,543,17721.344000000005,74,False,False
187,29,-936.2160011297121,-509.28900000029614,1.0,CLIENT,7,2,100000,12,33,0,10055,13217,917,204,277,562,34400.256000000016,71,False,False
187,30,944.4541316070047,575.8583599999116,1.0,CLIENT,7,2,100000,11,163,0,9256,12232,754,88,257,394,169916.41600000008,63,False,False
187,31,881.7175995068463,-416.1141599998291,1.0,CLIENT,7,2,100000,15,53,0,11438,13191,959,258,297,572,55248.89600000003,69,False,False
187,32,162.30701297125353,687.1783599996522,1.0,CLIENT,7,2,100000,11,32,0,13533,15854,947,553,297,596,33357.824000000015,74,False,False
187,33,-126.2651921316914,-482.4608800000067,1.0,CLIENT,7,2,100000,10,16,0,16290,17971,900,891,309,562,16678.912000000004,74,False,False
187,34,464.9790952385991,-487.2476399997859,1.0,CLIENT,7,2,100000,11,15,0,13730,16356,1066,411,305,717,15636.480000000005,74,False,False
187,35,-977.3274407261332,717.4573999999296,1.0,CLIENT,7,2,100000,9,155,0,7069,9796,700,74,256,358,161576.96000000008,64,False,False
187,36,-230.98450455193876,459.9742399998297,1.0,CLIENT,7,2,100000,7,5,0,15256,17597,1007,664,301,683,5212.16,74,False,False
187,37,660.9515452592302,199.59675999991845,1.0,CLIENT,7,2,100000,14,24,0,14077,16109,1028,456,303,651,25018.36800000001,74,False,False
187,38,-788.8009932525455,-859.3903999998954,1.0,CLIENT,7,2,100000,14,44,0,8795,12096,869,92,265,539,45867.00800000002,71,False,False
187,39,460.86002999995276,-956.6840800002461,1.0,CLIENT,7,2,100000,17,70,0,10616,12845,916,123,280,539,72970.24000000003,65,False,False
187,40,-132.3645771968048,-591.7771200000604,1.0,CLIENT,7,2,100000,11,14,0,15312,17215,950,691,308,615,14594.048000000004,74,False,False
187,41,211.65658304552997,-164.30832000042386,1.0,CLIENT,7,2,100000,11,13,0,17244,18400,871,1165,308,547,13551.616000000004,74,False,False
187,42,476.22731185286455,162.30455999994604,1.0,CLIENT,7,2,100000,15,21,0,15691,17307,1016,704,303,682,21891.072000000007,74,False,False
187,43,-323.6634724271087,-863.9545200002368,1.0,CLIENT,7,2,100000,16,106,0,12146,14692,894,321,293,495,110497.79200000006,73,False,False
187,44,59.96408434287925,-882.7676000001969,1.0,CLIENT,7,2,100000,14,34,0,12631,14810,978,418,307,612,35442.68800000002,74,False,False
187,45,830.1500712269718,515.1889599996377,1.0,CLIENT,7,2,100000,18,69,0,10722,13762,898,189,263,559,71927.80800000003,68,False,False
187,46,-432.026573328303,254.14355999983087,1.0,CLIENT,7,2,100000,11,14,0,15968,17854,988,827,310,653,14594.048000000004,74,False,False
187,47,108.75916486547474,-427.3574799999176,1.0,CLIENT,7,2,100000,14,13,0,16436,17951,986,852,305,665,13551.616000000004,74,False,False
187,48,-656.9116928140028,332.8467999996593,1.0,CLIENT,7,2,100000,11,18,0,13297,16145,998,517,298,659,18763.776000000005,74,False,False
187,49,77.62853719480803,-60.78071999999281,1.0,CLIENT,7,2,100000,12,12,0,18125,18663,743,1517,286,450,12509.184000000003,74,False,False
187,50,-783.4937361176812,-8.682960000224966,1.0,CLIENT,7,2,100000,12,40,0,13703,16107,838,688,302,480,41697.28000000002,74,False,False
187,51,327.86175045861097,472.88735999965724,1.0,CLIENT,7,2,100000,11,23,0,15084,16931,961,609,293,631,23975.93600000001,74,False,False
187,52,-64.4792135480572,-875.9770799999399,1.0,CLIENT,7,2,100000,8,21,0,12747,14985,967,444,312,595,21891.072000000007,74,False,False
187,53,403.1139038621088,-242.6776000003045,1.0,CLIENT,7,2,100000,9,11,0,15649,17579,1010,728,309,665,11466.752000000002,74,False,False
187,54,-791.9695049746678,-257.48316000009993,1.0,CLIENT,7,2,100000,10,22,0,13060,15906,969,482,304,600,22933.504000000008,73,False,False
187,55,-403.58918062093363,931.8597199996435,1.0,CLIENT,7,2,100000,10,35,0,9104,11928,931,125,278,544,36485.12000000002,71,False,False
187,56,368.4979132962071,-166.64604000005852,1.0,CLIENT,7,2,100000,9,5,0,16148,17871,962,857,314,629,5212.16,74,False,False
187,57,-710.4595409203445,-900.5788000003135,1.0,CLIENT,7,2,100000,11,30,0,9283,12401,893,130,278,549,31272.960000000014,71,False,False
187,58,913.7195679011812,-167.98187999984975,1.0,CLIENT,7,2,100000,11,90,0,12027,13745,893,332,296,516,93818.88000000005,69,False,False
187,59,396.2223908661835,887.888319999924,1.0,CLIENT,7,2,100000,10,67,0,10778,13555,904,231,283,541,69842.94400000003,68,False,False
187,60,-652.5549891962255,773.89663999981,1.0,CLIENT,7,2,100000,13,32,0,9046,11988,944,84,277,577,33357.824000000015,69,False,False
187,61,-992.5362969927701,-733.0422000001306,1.0,CLIENT,7,2,100000,15,162,0,7639,11063,708,75,254,393,168873.98400000008,68,False,False
187,62,231.22214293050695,306.2413199995987,1.0,CLIENT,7,2,100000,9,11,0,16571,17928,900,981,301,580,11466.752000000002,74,False,False
187,63,105.03616359223443,721.0196399996366,1.0,CLIENT,7,2,100000,14,21,0,13124,15620,943,533,297,597,21891.072000000007,74,False,False
187,64,-370.953509882062,402.53312000010595,1.0,CLIENT,7,2,100000,10,13,0,15000,17528,1041,584,304,691,13551.616000000004,74,False,False
187,65,-675.6059119753116,-521.9794799998948,1.0,CLIENT,7,2,100000,15,21,0,12744,15600,996,327,295,650,21891.072000000007,73,False,False
187,66,223.77614038290065,-637.7522800002578,1.0,CLIENT,7,2,100000,14,20,0,14222,16516,1051,465,309,717,20848.640000000007,74,False,False
187,67,-361.68561309426354,893.7882800000566,1.0,CLIENT,7,2,100000,12,49,0,9635,12581,935,146,282,544,51079.16800000003,71,False,False
187,68,437.9675328065787,-259.70956000001564,1.0,CLIENT,7,2,100000,10,11,0,15251,17311,1013,680,313,658,11466.752000000002,74,False,False
187,69,-961.6433077006716,364.5730000002379,1.0,CLIENT,7,2,100000,11,79,0,9342,12802,837,303,280,485,82352.12800000004,68,False,False
187,70,676.6356782846918,-858.388520000052,1.0,CLIENT,7,2,100000,12,111,0,10339,12239,867,66,282,492,115709.95200000006,65,False,False
187,71,-625.0681500053802,244.7926799997103,1.0,CLIENT,7,2,100000,8,15,0,14361,16711,982,651,309,633,15636.480000000005,74,False,False
187,72,-332.9313692149071,876.7563199995544,1.0,CLIENT,7,2,100000,10,34,0,10004,12904,959,173,282,583,35442.68800000002,72,False,False
187,73,689.8642147248617,-173.10260000036777,1.0,CLIENT,7,2,100000,16,20,0,13521,15468,973,494,310,622,20848.640000000007,74,False,False
187,74,45.5473560070544,753.9703599994965,1.0,CLIENT,7,2,100000,11,22,0,12751,15290,920,534,293,576,22933.504000000008,74,False,False

188,0,204.13136770506762,-605.8034400002413,1.0,CLIENT,7,2,100000,11,15,0,15897,17837,910,834,301,583,15636.480000000005,73,False,False
188,1,191.61574640229097,305.0167999995264,1.0,CLIENT,7,2,100000,12,12,0,17407,18965,985,807,314,634,12509.184000000003,74,False,False
188,2,687.2501925538576,-299.0055200004659,1.0,CLIENT,7,2,100000,10,17,0,14192,16648,1012,420,299,659,17721.344000000005,73,False,False
188,3,216.80541459411924,278.85659999992356,1.0,CLIENT,7,2,100000,11,12,0,17526,18957,995,839,316,643,12509.184000000003,74,False,False
188,4,-823.0209198524784,203.93824000003093,1.0,CLIENT,7,2,100000,15,57,0,13073,16051,843,662,297,494,59418.62400000003,73,False,False
188,5,179.9714658231823,547.0264799999353,1.0,CLIENT,7,2,100000,9,13,0,15264,17763,1024,592,300,673,13551.616000000004,74,False,False
188,6,51.646741072167764,780.0192400001714,1.0,CLIENT,7,2,100000,13,25,0,12566,15651,965,424,289,609,26060.80000000001,73,False,False
188,7,199.85387688014637,-430.36312000023884,1.0,CLIENT,7,2,100000,17,12,0,17365,18637,900,1020,302,578,12509.184000000003,74,False,False
188,8,-595.4425654029185,-408.6557200004674,1.0,CLIENT,7,2,100000,10,16,0,14203,17372,1010,337,294,658,16678.912000000004,74,False,False
188,9,922.4329751372986,-485.46652000032793,1.0,CLIENT,7,2,100000,16,38,0,11263,13798,993,136,277,631,39612.41600000002,71,False,False
188,10,552.5092315657425,-468.32324000010686,1.0,CLIENT,7,2,100000,12,17,0,14615,17115,1023,468,294,685,17721.344000000005,73,False,False
188,11,-435.6703618086873,-533.3341200004932,1.0,CLIENT,7,2,100000,14,17,0,14890,17638,1058,349,305,693,17721.344000000005,74,False,False
188,12,39.1311197693911,-575.301760000526,1.0,CLIENT,7,2,100000,14,27,0,16538,18225,885,917,301,547,28145.66400000001,74,False,False
188,13,999.9030867463946,-994.3102400001663,1.0,CLIENT,7,2,100000,20,244,0,7633,9935,645,7,234,366,254353.40800000014,57,False,False
188,14,-1.821894240754962,679.9425599997284,1.0,CLIENT,7,2,100000,13,13,0,13893,16967,970,549,293,637,13551.616000000004,73,False,False
188,15,-634.5736851723095,238.5587599996299,1.0,CLIENT,7,2,100000,8,15,0,15367,17562,892,849,305,549,15636.480000000005,73,False,False
188,16,-837.5960737751409,540.1246399999593,1.0,CLIENT,7,2,100000,15,48,0,10388,14031,923,291,277,570,50036.736000000026,68,False,False
188,17,891.777624224894,302.90172000012063,1.0,CLIENT,7,2,100000,13,64,0,12311,14604,894,265,288,522,66715.64800000003,69,False,False
188,18,-134.5033226095468,-724.0252799999578,1.0,CLIENT,7,2,100000,15,22,0,14764,17049,1005,557,303,655,22933.504000000008,74,False,False
188,19,281.83911769329455,533.556759999931,1.0,CLIENT,7,2,100000,13,26,0,14899,17483,1002,493,308,622,27103.23200000001,74,False,False
188,20,215.53800990504524,-69.24103999998891,1.0,CLIENT,7,2,100000,7,5,0,18527,19351,886,1200,314,555,5212.16,74,False,False
188,21,-932.809851028459,-337.5222400005106,1.0,CLIENT,7,2,100000,17,43,0,10045,13774,911,217,279,539,44824.57600000002,71,False,False
188,22,411.35203433996423,-3.1169600000401942,1.0,CLIENT,7,2,100000,8,11,0,17107,18841,952,852,316,594,11466.752000000002,74,False,False
188,23,104.71931241968451,74.58439999994482,1.0,CLIENT,7,2,100000,9,4,0,18788,19400,848,1243,312,520,4169.728,74,False,False
188,24,548.1525279474024,11.354639999807432,1.0,CLIENT,7,2,100000,9,15,0,15854,17999,948,687,302,610,15636.480000000005,74,False,False
188,25,190.34834171321694,-858.611160000281,1.0,CLIENT,7,2,100000,11,71,0,13451,15815,843,611,295,472,74012.67200000004,72,False,False
188,26,356.6952071308235,-81.26360000048294,1.0,CLIENT,7,2,100000,11,9,0,17570,19051,931,998,309,600,9381.888,74,False,False
188,27,-365.0125504026607,-540.4585999999072,1.0,CLIENT,7,2,100000,11,10,0,15338,17878,1053,403,308,695,10424.320000000002,74,False,False
188,28,402.9554782758338,-328.0600399998801,1.0,CLIENT,7,2,100000,15,18,0,16664,18473,936,833,294,614,18763.776000000005,74,False,False
188,29,-870.7070212722749,-100.96723999977655,1.0,CLIENT,7,2,100000,12,28,0,12127,15734,940,485,300,592,29188.096000000012,73,False,False
188,30,-268.68979404654374,527.3228399998507,1.0,CLIENT,7,2,100000,10,27,0,15633,17969,970,720,294,624,28145.66400000001,73,False,False
188,31,455.1567088996826,6.011279999851524,1.0,CLIENT,7,2,100000,15,15,0,16668,18563,957,788,312,614,15636.480000000005,74,False,False
188,32,400.4998816911047,953.6784399999249,1.0,CLIENT,7,2,100000,12,77,0,10367,12838,843,175,279,485,80267.26400000004,68,False,False
188,33,663.7239930165092,272.62267999984317,1.0,CLIENT,7,2,100000,11,23,0,14215,16511,1003,412,307,638,23975.93600000001,74,False,False
188,34,-734.4610172159547,-506.2833599999749,1.0,CLIENT,7,2,100000,12,22,0,11542,15278,968,159,287,614,22933.504000000008,74,False,False
188,35,171.3372713799209,-704.3216399998732,1.0,CLIENT,7,2,100000,9,15,0,15031,17173,908,737,306,572,15636.480000000005,73,False,False
188,36,-324.29717477164564,79.81644000018179,1.0,CLIENT,7,2,100000,5,19,0,18318,19190,778,1342,294,444,19806.208000000006,74,False,False
188,37,652.7134147813747,-807.9605600000232,1.0,CLIENT,7,2,100000,14,42,0,11592,14146,994,166,278,633,43782.14400000002,68,False,False
188,38,281.60147931416356,682.9482000000496,1.0,CLIENT,7,2,100000,14,21,0,13242,16138,972,393,292,624,21891.072000000007,74,False,False
188,39,-198.6656849850541,972.7141600001139,1.0,CLIENT,7,2,100000,17,65,0,9677,12898,919,217,279,553,67758.08000000003,70,False,False
188,40,-962.1185844589335,-338.4127999998441,1.0,CLIENT,7,2,100000,13,65,0,9613,13338,891,162,281,526,67758.08000000003,71,False,False
188,41,882.9850041953576,-650.6654000000854,1.0,CLIENT,7,2,100000,12,39,0,10610,13369,963,75,264,611,40654.84800000002,68,False,False
188,42,627.8405977620964,789.0361599995532,1.0,CLIENT,7,2,100000,18,107,0,11123,13468,816,179,278,445,111540.22400000006,67,False,False
188,43,-196.13087560690607,-627.3995200002937,1.0,CLIENT,7,2,100000,14,21,0,15503,17726,1035,554,308,679,21891.072000000007,74,False,False
188,44,-473.5340768895673,-458.30444000009066,1.0,CLIENT,7,2,100000,14,26,0,15163,17848,1042,382,302,676,27103.23200000001,74,False,False
188,45,690.3394914831237,-292.7716000003855,1.0,CLIENT,7,2,100000,17,37,0,14200,16586,968,455,285,629,38569.98400000002,73,False,False
188,46,-268.84821963281865,995.7573999996765,1.0,CLIENT,7,2,100000,12,45,0,9207,12506,951,185,278,581,46909.440000000024,69,False,False
188,47,-662.6942267071291,-898.6863600003458,1.0,CLIENT,7,2,100000,15,54,0,9224,12448,861,73,265,495,56291.32800000003,69,False,False
188,48,385.92472776900485,402.3104799998771,1.0,CLIENT,7,2,100000,11,21,0,15582,17766,1015,485,319,637,21891.072000000007,74,False,False
188,49,-562.4900434914969,971.1556800000938,1.0,CLIENT,7,2,100000,17,61,0,8050,11275,916,111,264,575,63588.352000000035,67,False,False
188,50,248.96580857472895,567.8433199995823,1.0,CLIENT,7,2,100000,12,22,0,14627,17326,1006,486,307,639,22933.504000000008,74,False,False
188,51,265.0460055650338,748.9609599994884,1.0,CLIENT,7,2,100000,12,26,0,12687,15513,974,369,288,620,27103.23200000001,74,False,False
188,52,846.6263321826827,-440.1592800000262,1.0,CLIENT,7,2,100000,8,22,0,12156,14760,1027,177,285,661,22933.504000000008,71,False,False
188,53,352.65535468503333,540.681240000136,1.0,CLIENT,7,2,100000,10,12,0,14406,17129,998,446,310,635,12509.184000000003,74,False,False
188,54,-508.54613142031207,-788.4795600001676,1.0,CLIENT,7,2,100000,10,22,0,11763,14933,995,149,291,646,22933.504000000008,72,False,False
188,55,-79.68806981469402,-56.327920000161384,1.0,CLIENT,7,2,100000,9,11,0,19036,19432,775,1397,301,462,11466.752000000002,74,False,False
188,56,568.2725773840604,-514.2984000003042,1.0,CLIENT,7,2,100000,10,17,0,14206,16796,1038,398,295,680,17721.344000000005,73,False,False
188,57,-598.0565875733597,503.72300000011137,1.0,CLIENT,7,2,100000,10,15,0,13493,16617,1007,499,284,679,15636.480000000005,73,False,False
188,58,590.6105850257535,-189.8006000001311,1.0,CLIENT,7,2,100000,10,16,0,15374,17641,964,621,300,620,16678.912000000004,74,False,False
188,59,38.101353459448106,-184.01196000050845,1.0,CLIENT,7,2,100000,8,6,0,18796,19383,824,1318,300,515,6254.592,74,False,False
188,60,-947.7018561231087,941.9898400001696,1.0,CLIENT,7,2,100000,15,223,0,5506,8688,623,22,236,305,232462.33600000013,59,False,False
188,61,-412.38180064990723,646.8805200001495,1.0,CLIENT,7,2,100000,14,26,0,13211,16417,1014,438,287,669,27103.23200000001,73,False,False
188,62,278.5121803848974,-243.90212000037678,1.0,CLIENT,7,2,100000,9,11,0,17901,19047,928,1067,310,578,11466.752000000002,74,False,False
188,63,-794.7419527319466,-808.0718800005332,1.0,CLIENT,7,2,100000,14,157,0,8587,11774,746,55,255,401,163661.82400000008,71,False,False
188,64,541.657078916883,-179.7818000001149,1.0,CLIENT,7,2,100000,9,12,0,15787,18012,963,666,302,622,12509.184000000003,74,False,False
188,65,-603.126206329093,-814.1944800001036,1.0,CLIENT,7,2,100000,16,42,0,10527,13889,913,115,275,538,43782.14400000002,72,False,False
188,66,-619.5232544919478,-789.370120000292,1.0,CLIENT,7,2,100000,16,36,0,10533,13947,929,109,275,574,37527.55200000002,72,False,False
188,67,-815.812555684566,-435.4838399999659,1.0,CLIENT,7,2,100000,12,17,0,10980,14778,963,192,287,612,17721.344000000005,74,False,False
188,68,620.7906591798961,-702.2065600004674,1.0,CLIENT,7,2,100000,10,19,0,12597,15236,1037,232,290,675,19806.208000000006,70,False,False
188,69,-355.5070152357313,857.6092799996466,1.0,CLIENT,7,2,100000,11,34,0,10438,14148,974,237,278,621,35442.68800000002,71,False,False
188,70,469.6526500289263,-209.72688000044457,1.0,CLIENT,7,2,100000,10,12,0,16407,18455,968,747,302,628,12509.184000000003,74,False,False
188,71,889.6388788121518,-35.95636000018118,1.0,CLIENT,7,2,100000,9,73,0,12860,14947,869,450,291,513,76097.53600000004,73,False,False
188,72,32.39803235974072,-320.49028000000845,1.0,CLIENT,7,2,100000,9,9,0,18306,19187,842,1218,293,532,9381.888,74,False,False
188,73,-374.91414953443325,327.28079999947454,1.0,CLIENT,7,2,100000,15,16,0,16965,18516,872,1059,298,555,16678.912000000004,74,False,False
188,74,-490.0895506381341,-502.4984800000391,1.0,CLIENT,7,2,100000,12,20,0,14623,17537,1022,337,298,672,20848.640000000007,74,False,False

189,0,150.97958356469482,-227.42676000005133,1.0,CLIENT,7,2,100000,10,10,0,17493,18076,798,1334,292,488,10424.320000000002,74,False,False
189,1,464.89988244574306,-347.09576000006905,1.0,CLIENT,7,2,100000,12,10,0,15326,17239,1020,745,302,693,10424.320000000002,74,False,False
189,2,-300.77097523429734,485.6891599997658,1.0,CLIENT,7,2,100000,10,6,0,15035,16863,1069,655,288,737,6254.592,74,False,False
189,3,211.73579583838603,669.3671599995355,1.0,CLIENT,7,2,100000,12,29,0,13389,15553,991,495,285,656,30230.528000000013,74,False,False
189,4,-48.47822935060841,-240.89648000005553,1.0,CLIENT,7,2,100000,11,5,0,17591,18154,830,1284,295,530,5212.16,74,False,False
189,5,254.19385291673714,602.3525199994623,1.0,CLIENT,7,2,100000,9,14,0,13854,16077,1029,479,289,703,14594.048000000004,74,False,False
189,6,292.4536319624602,773.785320000091,1.0,CLIENT,7,2,100000,12,27,0,12434,14422,1018,360,286,667,28145.66400000001,73,False,False
189,7,-675.0514224241937,779.7965999999426,1.0,CLIENT,7,2,100000,18,60,0,10357,13109,950,144,262,616,62545.920000000035,67,False,False
189,8,454.6814321414205,-43.08084000038605,1.0,CLIENT,7,2,100000,8,15,0,16527,17573,817,1039,303,491,15636.480000000005,74,False,False
189,9,-735.3323579396227,-631.2957199999485,1.0,CLIENT,7,2,100000,16,37,0,10567,13869,889,115,277,532,38569.98400000002,73,False,False
189,10,217.04305297325027,718.6819200000019,1.0,CLIENT,7,2,100000,12,26,0,12970,15062,979,467,283,639,27103.23200000001,74,False,False
189,11,-476.22731185342747,509.4003200000151,1.0,CLIENT,7,2,100000,14,15,0,14147,16258,1059,462,277,749,15636.480000000005,74,False,False
189,12,-885.5990263669246,-377.5974399997844,1.0,CLIENT,7,2,100000,15,56,0,11228,14268,915,240,280,554,58376.19200000003,73,False,False
189,13,155.89077673415306,561.9433600002407,1.0,CLIENT,7,2,100000,15,9,0,14394,16598,978,635,290,659,9381.888,74,False,False
189,14,49.032718901163676,45.19591999979184,1.0,CLIENT,7,2,100000,10,5,0,17891,18257,794,1501,292,499,5212.16,74,False,False
189,15,-642.811815650165,-724.8045200003634,1.0,CLIENT,7,2,100000,9,32,0,10400,13894,895,97,273,540,33357.824000000015,73,False,False
189,16,-287.30480041443377,303.3469999997874,1.0,CLIENT,7,2,100000,15,11,0,16389,17586,941,968,285,631,11466.752000000002,74,False,False
189,17,55.05289117342099,606.4713600001369,1.0,CLIENT,7,2,100000,12,8,0,14075,16314,955,654,287,639,8339.456,74,False,False
189,18,-9.822386339479356,-133.91796000042746,1.0,CLIENT,7,2,100000,12,5,0,17894,18228,772,1469,288,476,5212.16,74,False,False
189,19,835.7741795338233,-846.5885999997869,1.0,CLIENT,7,2,100000,14,43,0,8721,10700,861,62,258,524,44824.57600000002,66,False,False
189,20,-209.99311439217564,-332.2902000002736,1.0,CLIENT,7,2,100000,8,5,0,16939,17981,960,927,304,628,5212.16,74,False,False
189,21,-408.2627354112609,-738.9421600002631,1.0,CLIENT,7,2,100000,16,23,0,12246,14945,995,341,288,657,23975.93600000001,74,False,False
189,22,-195.25953488323805,-678.9406799998849,1.0,CLIENT,7,2,100000,9,12,0,13579,16035,951,539,293,615,12509.184000000003,74,False,False
189,23,-295.70135647856415,694.6367999998049,1.0,CLIENT,7,2,100000,13,7,0,12908,15334,1104,331,283,775,7297.023999999999,73,False,False
189,24,650.4954565757766,-781.5777200001914,1.0,CLIENT,7,2,100000,10,23,0,9953,12552,949,98,267,607,23975.93600000001,70,False,False
189,25,-122.93825482329424,886.218520000185,1.0,CLIENT,7,2,100000,12,28,0,11644,13672,1021,336,277,684,29188.096000000012,72,False,False
189,26,-396.2223908667463,557.2679200001803,1.0,CLIENT,7,2,100000,12,20,0,13987,16181,1072,421,275,759,20848.640000000007,74,False,False
189,27,-530.3296495103242,-918.8352800000971,1.0,CLIENT,7,2,100000,12,73,0,9588,12714,856,146,274,477,76097.53600000004,70,False,False
189,28,390.91513373131926,118.77843999989324,1.0,CLIENT,7,2,100000,15,20,0,16600,17676,916,937,297,589,20848.640000000007,74,False,False
189,29,-423.15474050591064,-403.5349999999494,1.0,CLIENT,7,2,100000,12,13,0,15450,17368,1045,554,302,706,13551.616000000004,74,False,False
189,30,-217.4391169392191,166.5347199995486,1.0,CLIENT,7,2,100000,10,14,0,17199,18031,841,1240,290,538,14594.048000000004,74,False,False
189,31,188.20959630103772,4.452799999831427,1.0,CLIENT,7,2,100000,13,10,0,17652,18166,764,1431,287,470,10424.320000000002,74,False,False
189,32,-562.806894663484,486.80236000011917,1.0,CLIENT,7,2,100000,11,22,0,14025,15996,1034,457,281,700,22933.504000000008,72,False,False
189,33,303.7018485767257,6.679199999747141,1.0,CLIENT,7,2,100000,10,9,0,17231,18018,753,1300,287,461,9381.888,74,False,False
189,34,-132.83985395506681,-294.5527199998435,1.0,CLIENT,7,2,100000,10,13,0,17280,18124,895,1066,303,575,13551.616000000004,74,False,False
189,35,792.2071433532359,517.8606400000112,1.0,CLIENT,7,2,100000,9,34,0,11679,14320,957,157,269,617,35442.68800000002,71,False,False
189,36,239.69791178749338,-896.6825999998679,1.0,CLIENT,7,2,100000,8,14,0,11093,13315,1024,238,274,681,14594.048000000004,73,False,False
189,37,-19.169495920133826,691.8537999997125,1.0,CLIENT,7,2,100000,14,16,0,13364,15471,961,576,283,650,16678.912000000004,74,False,False
189,38,57.191636586163035,-648.5503199998885,1.0,CLIENT,7,2,100000,13,28,0,13854,16398,930,560,287,594,29188.096000000012,74,False,False
189,39,-132.0477260248177,-859.1677600004575,1.0,CLIENT,7,2,100000,16,44,0,11929,14099,891,454,274,550,45867.00800000002,74,False,False
189,40,959.7422006670605,552.3698399998912,1.0,CLIENT,7,2,100000,14,260,0,9353,12536,666,98,246,386,271032.3199999999,68,False,False
189,41,432.66027567171443,166.08943999988185,1.0,CLIENT,7,2,100000,12,20,0,16367,17585,955,869,303,614,20848.640000000007,74,False,False
189,42,318.43542808510045,620.6090000000368,1.0,CLIENT,7,2,100000,17,19,0,13465,15694,1054,375,286,725,19806.208000000006,74,False,False
189,43,-229.00418472547167,941.433239999993,1.0,CLIENT,7,2,100000,16,57,0,10944,13066,1030,197,271,670,59418.62400000003,70,False,False
189,44,-34.85362894503269,722.13283999999,1.0,CLIENT,7,2,100000,14,23,0,13066,15259,968,537,279,661,23975.93600000001,74,False,False
189,45,483.51488881363304,-369.8050400004749,1.0,CLIENT,7,2,100000,17,26,0,14987,17080,1003,700,299,683,27103.23200000001,74,False,False
189,46,639.0888143757991,-131.35759999977296,1.0,CLIENT,7,2,100000,12,31,0,15053,16800,852,805,307,504,32315.392000000014,74,False,False
189,47,-50.379336384219435,-272.0660800004575,1.0,CLIENT,7,2,100000,14,8,0,17443,18115,837,1242,291,541,8339.456,74,False,False
189,48,723.6880773599513,-930.7465200000811,1.0,CLIENT,7,2,100000,13,222,0,8948,10670,702,27,247,378,231419.90400000013,65,False,False
189,49,781.5926290835074,-535.2265600004612,1.0,CLIENT,7,2,100000,16,35,0,10794,13853,923,318,281,580,36485.12000000002,71,False,False
189,50,-232.01427086131892,-738.8308400005442,1.0,CLIENT,7,2,100000,12,21,0,12902,15329,950,492,291,604,21891.072000000007,74,False,False
189,51,349.6452685491861,886.3298399999039,1.0,CLIENT,7,2,100000,12,82,0,11255,13341,954,252,277,597,85479.42400000004,72,False,False
189,52,3.564575686965341,619.4957999996834,1.0,CLIENT,7,2,100000,8,9,0,13972,16225,957,642,283,635,9381.888,74,False,False
189,53,-25.981796122640265,-891.339239999912,1.0,CLIENT,7,2,100000,11,52,0,11715,13610,901,424,280,535,54206.46400000003,73,False,False
189,54,-941.5232582645764,-437.1536400004959,1.0,CLIENT,7,2,100000,10,96,0,10302,13247,838,174,279,464,100073.47200000005,72,False,False
189,55,75.33136619579102,-221.86075999986656,1.0,CLIENT,7,2,100000,9,6,0,17704,18176,788,1391,282,494,6254.592,74,False,False
189,56,-387.03370687236685,651.110679999752,1.0,CLIENT,7,2,100000,10,16,0,13101,15559,1090,319,273,767,16678.912000000004,72,False,False
189,57,-592.1948408873775,78.36927999988063,1.0,CLIENT,7,2,100000,10,47,0,15831,16970,849,859,304,483,48994.304000000026,74,False,False
189,58,-424.34293240156575,191.2477599996413,1.0,CLIENT,7,2,100000,10,13,0,16419,17434,860,991,294,545,13551.616000000004,74,False,False
189,59,799.9699970728293,-521.0889199997703,1.0,CLIENT,7,2,100000,11,41,0,10722,13819,924,293,284,571,42739.71200000002,71,False,False
189,60,-874.667660925209,-788.7022000003964,1.0,CLIENT,7,2,100000,13,83,0,7985,11088,763,21,256,419,86521.85600000004,69,False,False
189,61,-897.5601581185831,874.084639999972,1.0,CLIENT,7,2,100000,16,246,0,7835,10679,682,65,240,380,256438.27200000014,64,False,False
189,62,-226.0733113824805,430.4744399999578,1.0,CLIENT,7,2,100000,9,8,0,15688,17332,1027,779,286,715,8339.456,74,False,False
189,63,272.49200811264006,907.8146000002374,1.0,CLIENT,7,2,100000,14,46,0,11310,13262,947,342,278,604,47951.872000000025,72,False,False
189,64,434.3237443261944,-581.3130400003774,1.0,CLIENT,7,2,100000,10,13,0,13088,16088,1050,419,291,718,13551.616000000004,73,False,False
189,65,745.2339570708324,-752.3005600005484,1.0,CLIENT,7,2,100000,16,36,0,9610,12078,918,96,265,596,37527.55200000002,70,False,False
189,66,-287.30480041443377,-739.3874399999299,1.0,CLIENT,7,2,100000,14,20,0,12769,15253,993,424,294,653,20848.640000000007,74,False,False
189,67,726.3020995303926,-632.186280000073,1.0,CLIENT,7,2,100000,12,15,0,10493,13425,961,231,282,621,15636.480000000005,71,False,False
189,68,-876.964831923663,436.70836000003817,1.0,CLIENT,7,2,100000,10,47,0,11834,14614,904,379,279,556,48994.304000000026,67,False,False
189,69,-566.2130447647371,534.4473200000556,1.0,CLIENT,7,2,100000,11,24,0,13467,15729,1045,373,276,709,25018.36800000001,72,False,False
189,70,-33.03173470484057,231.9908799996017,1.0,CLIENT,7,2,100000,8,5,0,17346,18129,884,1265,289,575,5212.16,74,False,False
189,71,44.20073852512432,-541.0152000000837,1.0,CLIENT,7,2,100000,8,18,0,15213,17270,936,713,302,591,18763.776000000005,74,False,False
189,72,-21.545879711444055,548.2510000000076,1.0,CLIENT,7,2,100000,9,14,0,14632,16798,954,726,282,618,14594.048000000004,74,False,False
189,73,-271.22460342412893,-573.2980000000481,1.0,CLIENT,7,2,100000,16,23,0,14628,16781,996,552,296,656,23975.93600000001,74,False,False
189,74,-135.8499400914769,-558.3811200005337,1.0,CLIENT,7,2,100000,11,18,0,15055,17048,917,700,296,599,18763.776000000005,74,False,False

190,0,561.539489973847,938.6502399999006,1.0,CLIENT,7,2,100000,13,34,0,10148,12340,955,132,276,596,35442.68800000002,69,False,False
190,1,-988.8925085118229,922.1748799995751,1.0,CLIENT,7,2,100000,15,53,0,8956,10664,882,9,270,522,55248.89600000003,52,False,False
190,2,441.29447011497575,-484.6872799999224,1.0,CLIENT,7,2,100000,10,11,0,13285,16048,1053,510,297,702,11466.752000000002,73,False,False
190,3,-522.4875829978748,699.3122399998651,1.0,CLIENT,7,2,100000,12,30,0,12015,14292,1012,196,287,664,31272.960000000014,71,False,False
190,4,-588.7094779927053,-266.3887599997628,1.0,CLIENT,7,2,100000,15,34,0,14500,16642,887,658,312,540,35442.68800000002,74,False,False
190,5,-279.30430831570936,432.92348000010236,1.0,CLIENT,7,2,100000,8,8,0,15338,17332,1015,748,309,691,8339.456,74,False,False
190,6,-401.68807358732266,407.653839999833,1.0,CLIENT,7,2,100000,12,9,0,14582,16944,1081,485,307,746,9381.888,74,False,False
190,7,-301.64231595796537,-964.1425200003988,1.0,CLIENT,7,2,100000,18,61,0,8374,11599,909,185,283,555,63588.352000000035,67,False,False
190,8,995.6255959214734,366.3541199996959,1.0,CLIENT,7,2,100000,10,63,0,9223,12566,894,235,279,510,65673.21600000003,70,False,False
190,9,859.6964430371403,63.5637200000852,1.0,CLIENT,7,2,100000,14,58,0,12111,14706,773,681,291,436,60461.05600000003,71,False,False
190,10,-688.5968100363505,548.9189199999032,1.0,CLIENT,7,2,100000,12,21,0,11941,13994,1031,141,289,688,21891.072000000007,71,False,False
190,11,-345.68462889681473,-516.636119999939,1.0,CLIENT,7,2,100000,14,13,0,14399,16597,995,557,309,661,13551.616000000004,74,False,False
190,12,732.9559741471868,-513.1851999999509,1.0,CLIENT,7,2,100000,15,37,0,10002,13785,982,215,288,635,38569.98400000002,69,False,False
190,13,-540.0728230563847,604.3562799999402,1.0,CLIENT,7,2,100000,17,21,0,12358,14823,1031,198,293,683,21891.072000000007,72,False,False
190,14,-122.22533968590118,-864.8450800003613,1.0,CLIENT,7,2,100000,14,20,0,10085,13192,1005,286,292,664,20848.640000000007,70,False,False
190,15,-247.14391433509968,208.72499999981017,1.0,CLIENT,7,2,100000,8,8,0,16980,18159,908,1083,310,579,8339.456,74,False,False
190,16,-514.3286653134384,-612.4826399999884,1.0,CLIENT,7,2,100000,15,44,0,12153,15341,925,328,305,568,45867.00800000002,72,False,False
190,17,-44.51758969767425,579.1979600001807,1.0,CLIENT,7,2,100000,11,9,0,15041,16754,856,942,294,551,9381.888,74,False,False
190,18,810.9013625145449,952.7878799998005,1.0,CLIENT,7,2,100000,15,237,0,7925,10354,688,19,248,365,247056.38400000014,65,False,False
190,19,-122.22533968590118,-319.0431200004983,1.0,CLIENT,7,2,100000,11,8,0,16525,17822,946,958,322,608,8339.456,74,False,False
190,20,206.1116875315347,-801.7266399999428,1.0,CLIENT,7,2,100000,10,20,0,10468,13499,1036,292,289,680,20848.640000000007,71,False,False
190,21,336.17909372932246,898.0184399996591,1.0,CLIENT,7,2,100000,17,45,0,11652,13718,969,289,295,593,46909.440000000024,70,False,False
190,22,91.25313760038375,702.874479999572,1.0,CLIENT,7,2,100000,9,19,0,13996,15867,895,768,304,541,19806.208000000006,74,False,False
190,23,-26.536285674321213,430.14048000001,1.0,CLIENT,7,2,100000,11,10,0,16142,17774,814,1133,301,493,10424.320000000002,74,False,False
190,24,536.4290345754376,834.9000000000317,1.0,CLIENT,7,2,100000,10,22,0,10945,13270,991,190,289,631,22933.504000000008,71,False,False
190,25,-221.08290541960335,357.78247999998086,1.0,CLIENT,7,2,100000,10,5,0,16159,17840,950,972,310,632,5212.16,74,False,False
190,26,947.385004949996,811.0775200000635,1.0,CLIENT,7,2,100000,12,53,0,7538,10130,867,17,257,512,55248.89600000003,62,False,False
190,27,-570.8865995550644,406.0953599998129,1.0,CLIENT,7,2,100000,12,17,0,13267,15871,1063,292,295,718,17721.344000000005,74,False,False
190,28,-998.2396180924773,609.699639999896,1.0,CLIENT,7,2,100000,17,140,0,10265,11841,846,23,268,488,145940.48000000007,62,False,False
190,29,5.465682720576364,438.48947999949615,1.0,CLIENT,7,2,100000,12,9,0,16076,17743,813,1124,298,491,9381.888,74,False,False
190,30,744.1249779680335,-149.94804000029518,1.0,CLIENT,7,2,100000,10,45,0,13222,15684,850,734,298,514,46909.440000000024,72,False,False
190,31,370.9535098809362,695.0820799994716,1.0,CLIENT,7,2,100000,15,23,0,12796,15368,1033,340,300,675,23975.93600000001,74,False,False
190,32,-996.6553622314162,776.4569999996735,1.0,CLIENT,7,2,100000,12,49,0,9660,11189,925,23,271,561,51079.16800000003,59,False,False
190,33,-126.6612560970974,385.167199999656,1.0,CLIENT,7,2,100000,10,7,0,16308,17871,862,1122,301,551,7297.023999999999,74,False,False
190,34,562.3316179046591,-787.3663599998142,1.0,CLIENT,7,2,100000,12,27,0,8941,11869,1004,196,280,657,28145.66400000001,68,False,False
190,35,44.517589697111404,176.66484000007472,1.0,CLIENT,7,2,100000,8,5,0,17828,18500,720,1569,297,411,5212.16,74,False,False
190,36,-448.97811104227594,-864.1771600004656,1.0,CLIENT,7,2,100000,8,30,0,8942,12801,913,155,292,548,31272.960000000014,68,False,False
190,37,-643.049454029296,672.1501599996279,1.0,CLIENT,7,2,100000,14,26,0,11575,13549,1021,108,287,656,27103.23200000001,71,False,False
190,38,472.90037454446747,-724.6931999998535,1.0,CLIENT,7,2,100000,14,40,0,10017,13249,1015,251,281,658,41697.28000000002,70,False,False
190,39,257.20393905258436,-856.8300400000319,1.0,CLIENT,7,2,100000,17,34,0,9637,12502,1019,233,284,675,35442.68800000002,70,False,False
190,40,78.42066512505716,776.7909599996212,1.0,CLIENT,7,2,100000,11,44,0,13501,15284,887,697,295,552,45867.00800000002,74,False,False
190,41,856.2902929358871,552.815119999558,1.0,CLIENT,7,2,100000,13,29,0,9649,12918,942,110,270,588,30230.528000000013,72,False,False
190,42,663.8032058093653,-86.38432000020998,1.0,CLIENT,7,2,100000,17,25,0,14256,16452,848,844,303,512,26060.80000000001,73,False,False
190,43,-211.26051908068683,-509.28900000029614,1.0,CLIENT,7,2,100000,15,19,0,14767,16864,1013,635,309,673,19806.208000000006,74,False,False
190,44,-620.6322335947468,812.3020400001358,1.0,CLIENT,7,2,100000,14,46,0,11113,12838,968,113,278,619,47951.872000000025,69,False,False
190,45,-57.58770055213186,-91.61636000044695,1.0,CLIENT,7,2,100000,14,13,0,17656,18394,750,1408,307,436,13551.616000000004,74,False,False
190,46,-785.7909071161355,380.60308000010565,1.0,CLIENT,7,2,100000,12,31,0,12097,14173,1021,190,287,656,32315.392000000014,72,False,False
190,47,611.3643368063855,-147.05372000048385,1.0,CLIENT,7,2,100000,14,21,0,14550,16665,874,883,307,546,21891.072000000007,73,False,False
190,48,-260.61008915496325,592.445039999956,1.0,CLIENT,7,2,100000,11,16,0,14303,16273,1007,623,300,677,16678.912000000004,74,False,False
190,49,584.3527743743651,-789.9267200004687,1.0,CLIENT,7,2,100000,16,40,0,8772,11653,975,191,275,641,41697.28000000002,68,False,False
190,50,-31.209840464648448,464.0930799997133,1.0,CLIENT,7,2,100000,12,23,0,15880,17597,799,1109,291,484,23975.93600000001,74,False,False
190,51,-663.24871625881,953.5671200002059,1.0,CLIENT,7,2,100000,12,42,0,10361,11866,960,75,280,583,43782.14400000002,62,False,False
190,52,-736.758188214409,-232.77012000000724,1.0,CLIENT,7,2,100000,8,33,0,13299,15592,896,539,313,521,34400.256000000016,72,False,False
190,53,-895.5006254992601,568.9565199999356,1.0,CLIENT,7,2,100000,11,24,0,10961,12575,1002,61,285,621,25018.36800000001,68,False,False
190,54,-368.7355516764638,-258.3737200002244,1.0,CLIENT,7,2,100000,10,5,0,16175,17607,929,903,318,598,5212.16,74,False,False
190,55,-558.4501910457066,-825.2151599999632,1.0,CLIENT,7,2,100000,11,121,0,8848,12721,798,123,278,445,126134.27200000007,67,False,False
190,56,-85.31217812154534,481.2363599999344,1.0,CLIENT,7,2,100000,9,4,0,15661,17413,855,1018,298,550,4169.728,74,False,False
190,57,-149.07847653164663,-800.1681599999228,1.0,CLIENT,7,2,100000,11,23,0,10986,14154,1024,303,297,672,23975.93600000001,71,False,False
190,58,-6.178597858532273,-984.0687999999213,1.0,CLIENT,7,2,100000,11,63,0,8836,11500,962,200,282,588,65673.21600000003,67,False,False
190,59,128.80000150871376,-499.15887999977,1.0,CLIENT,7,2,100000,10,13,0,14559,16849,1010,649,298,666,13551.616000000004,74,False,False
190,60,-143.53358101765136,543.2415999999995,1.0,CLIENT,7,2,100000,11,14,0,15094,16854,900,883,305,576,14594.048000000004,74,False,False
190,61,620.8698719727521,-970.5990799999171,1.0,CLIENT,7,2,100000,14,67,0,7582,9481,921,126,270,565,69842.94400000003,62,False,False
190,62,42.3788442849322,671.2595999995034,1.0,CLIENT,7,2,100000,9,13,0,14428,16148,880,840,297,558,13551.616000000004,74,False,False
190,63,644.7921354760692,18.256479999783437,1.0,CLIENT,7,2,100000,13,20,0,14457,16646,798,925,301,459,20848.640000000007,74,False,False
190,64,855.0228882468131,-861.83944000004,1.0,CLIENT,7,2,100000,10,156,0,6712,8857,785,64,266,432,162619.39200000008,62,False,False
190,65,22.892497192811287,-633.5221199998642,1.0,CLIENT,7,2,100000,14,20,0,13123,15794,1034,471,295,699,20848.640000000007,74,False,False
190,66,-374.6765111553023,390.95584000006966,1.0,CLIENT,7,2,100000,14,18,0,14894,17152,1056,549,306,719,18763.776000000005,74,False,False
190,67,-661.8228859834611,443.16491999955645,1.0,CLIENT,7,2,100000,12,18,0,12451,14862,1053,190,295,696,18763.776000000005,73,False,False
190,68,-308.05855219506583,607.6958800002092,1.0,CLIENT,7,2,100000,10,11,0,13881,16060,1029,530,301,693,11466.752000000002,74,False,False
190,69,-25.34809377810326,804.5096400000352,1.0,CLIENT,7,2,100000,11,29,0,13342,15086,875,707,292,554,30230.528000000013,74,False,False
190,70,288.0969283446829,-870.2997600000361,1.0,CLIENT,7,2,100000,11,19,0,9404,12329,1032,215,288,685,19806.208000000006,70,False,False
190,71,775.2556056392631,150.17067999973307,1.0,CLIENT,7,2,100000,8,29,0,12909,15465,880,637,296,530,30230.528000000013,73,False,False
190,72,-286.8295236561717,-127.90667999978496,1.0,CLIENT,7,2,100000,9,8,0,16946,18072,846,1120,320,521,8339.456,74,False,False
190,73,-756.1653225136738,-112.21055999986504,1.0,CLIENT,7,2,100000,16,101,0,13323,15414,843,493,297,470,105285.63200000006,73,False,False
190,74,564.8664272822442,-915.1617199998802,1.0,CLIENT,7,2,100000,12,27,0,8127,10357,975,161,274,640,28145.66400000001,65,False,False

191,0,-55.845019104795796,-739.9440400001066,1.0,CLIENT,7,2,100000,13,18,0,14090,15903,954,589,286,629,18763.776000000005,73,False,False
191,1,87.68856191285558,-584.0960400004699,1.0,CLIENT,7,2,100000,14,10,0,14897,16771,961,712,288,645,10424.320000000002,74,False,False
191,2,-294.90922854775215,772.3381599997899,1.0,CLIENT,7,2,100000,11,12,0,12850,15332,1012,381,287,678,12509.184000000003,73,False,False
191,3,-267.50160215088863,215.51552000006723,1.0,CLIENT,7,2,100000,11,11,0,17464,18184,967,1008,302,642,11466.752000000002,74,False,False
191,4,-60.597786687979095,-492.257039999794,1.0,CLIENT,7,2,100000,15,21,0,15954,17530,959,802,297,638,21891.072000000007,74,False,False
191,5,78.73751629760709,242.56627999979457,1.0,CLIENT,7,2,100000,8,7,0,17559,18285,842,1190,293,536,7297.023999999999,74,False,False
191,6,59.5680203780361,-776.6796399999023,1.0,CLIENT,7,2,100000,12,26,0,13567,15358,916,593,287,585,27103.23200000001,72,False,False
191,7,-957.7618808411562,632.5202400000207,1.0,CLIENT,7,2,100000,18,92,0,9876,12413,882,106,259,522,95903.74400000005,69,False,False
191,8,28.99188225792466,868.6299599995061,1.0,CLIENT,7,2,100000,10,68,0,12265,14818,825,557,273,481,70885.37600000003,72,False,False
191,9,-962.5938612177583,-448.0629999998456,1.0,CLIENT,7,2,100000,16,114,0,12149,14770,848,306,279,481,118837.24800000007,70,False,False
191,10,-263.93702646336044,21.596080000052496,1.0,CLIENT,7,2,100000,11,10,0,17802,18232,807,1239,295,497,10424.320000000002,74,False,False
191,11,497.45634039175866,97.51631999978855,1.0,CLIENT,7,2,100000,13,15,0,15413,17449,875,882,287,560,15636.480000000005,74,False,False
191,12,214.27060521653405,-558.7150800004815,1.0,CLIENT,7,2,100000,15,15,0,14567,16549,994,635,293,672,15636.480000000005,74,False,False
191,13,325.0100899084759,338.63544000007295,1.0,CLIENT,7,2,100000,15,11,0,16191,17764,971,752,290,663,11466.752000000002,74,False,False
191,14,-36.43788480609379,-189.4666400001833,1.0,CLIENT,7,2,100000,11,5,0,17680,18339,877,1179,297,574,5212.16,74,False,False
191,15,-80.0049209866811,68.5731200000933,1.0,CLIENT,7,2,100000,7,0,0,17978,18391,853,1278,303,540,0,74,False,False
191,16,-713.3904142633356,599.0129199999842,1.0,CLIENT,7,2,100000,15,36,0,12099,14688,999,152,270,661,37527.55200000002,72,False,False
191,17,-837.2792226025911,116.55203999997752,1.0,CLIENT,7,2,100000,12,24,0,14542,16573,996,555,295,638,25018.36800000001,72,False,False
191,18,-94.50086211592485,149.16879999988964,1.0,CLIENT,7,2,100000,12,10,0,17868,18338,853,1268,296,544,10424.320000000002,74,False,False
191,19,892.3321137760122,-451.5139199998336,1.0,CLIENT,7,2,100000,14,36,0,10649,12876,937,205,263,584,37527.55200000002,65,False,False
191,20,-958.0787320131434,141.71035999973697,1.0,CLIENT,7,2,100000,10,27,0,12867,15659,964,403,282,599,28145.66400000001,71,False,False
191,21,961.5640949072526,-969.8198400003025,1.0,CLIENT,7,2,100000,18,247,0,6714,9202,647,15,228,384,257480.70400000014,54,False,False
191,22,-526.765073823359,-658.235159999957,1.0,CLIENT,7,2,100000,10,22,0,13421,16190,1029,230,285,678,22933.504000000008,72,False,False
191,23,-642.732602857309,462.86855999964104,1.0,CLIENT,7,2,100000,14,9,0,13638,16218,1073,293,291,729,9381.888,73,False,False
191,24,43.32939780145629,-190.02324000035998,1.0,CLIENT,7,2,100000,7,8,0,17587,18335,886,1206,303,572,8339.456,74,False,False
191,25,328.02017604488594,-342.75427999995657,1.0,CLIENT,7,2,100000,11,10,0,15361,17338,983,729,288,669,10424.320000000002,74,False,False
191,26,-14.733579508937614,-392.7369600003186,1.0,CLIENT,7,2,100000,11,12,0,16636,17909,942,960,299,627,12509.184000000003,74,False,False
191,27,813.277746306418,758.423160000119,1.0,CLIENT,7,2,100000,13,66,0,7788,11290,809,61,236,460,68800.51200000003,68,False,False
191,28,687.1709797610015,156.8498799994802,1.0,CLIENT,7,2,100000,17,41,0,13287,15980,864,603,274,549,42739.71200000002,74,False,False
191,29,-898.2730732559761,604.8015599996069,1.0,CLIENT,7,2,100000,12,34,0,10657,13196,960,122,272,586,35442.68800000002,71,False,False
191,30,67.96457644160364,714.5630800001184,1.0,CLIENT,7,2,100000,10,55,0,13884,16125,830,679,277,496,57333.76000000003,74,False,False
191,31,236.37097447909622,232.77012000000724,1.0,CLIENT,7,2,100000,15,10,0,17076,18135,891,1007,290,587,10424.320000000002,74,False,False
191,32,15.28806905949288,-706.1027600001222,1.0,CLIENT,7,2,100000,11,20,0,14183,16099,927,624,285,610,20848.640000000007,74,False,False
191,33,-527.7948401327391,567.9546400000922,1.0,CLIENT,7,2,100000,11,20,0,13476,16179,1068,244,280,741,20848.640000000007,73,False,False
191,34,711.7269456082928,-162.41588000045596,1.0,CLIENT,7,2,100000,11,20,0,13237,15383,875,658,272,550,20848.640000000007,74,False,False
191,35,-400.97515844992955,256.0359999997988,1.0,CLIENT,7,2,100000,9,8,0,16846,17958,1062,750,304,725,8339.456,74,False,False
191,36,872.053638753642,458.0817999998618,1.0,CLIENT,7,2,100000,8,65,0,9535,12897,848,129,255,475,67758.08000000003,71,False,False
191,37,-628.2366617280652,-244.45871999976248,1.0,CLIENT,7,2,100000,14,26,0,16318,17487,949,737,309,590,27103.23200000001,73,False,False
191,38,-458.3252206229305,-427.91408000009426,1.0,CLIENT,7,2,100000,13,20,0,16077,17660,1083,525,308,738,20848.640000000007,73,False,False
191,39,-318.5938536719383,561.1641199998351,1.0,CLIENT,7,2,100000,16,20,0,14885,16974,1072,501,291,750,20848.640000000007,73,False,False
191,40,-665.2290360852771,-288.0961600003252,1.0,CLIENT,7,2,100000,11,19,0,15844,17285,980,655,311,629,19806.208000000006,73,False,False
191,41,-434.48216991303224,938.9841999998484,1.0,CLIENT,7,2,100000,13,34,0,10549,13095,935,131,268,591,35442.68800000002,68,False,False
191,42,-675.6851247687306,-44.86195999984403,1.0,CLIENT,7,2,100000,15,19,0,16400,17318,923,840,299,600,19806.208000000006,74,False,False
191,43,-62.10282975618413,-968.8179600004592,1.0,CLIENT,7,2,100000,16,68,0,11633,14025,896,421,278,544,70885.37600000003,70,False,False
191,44,200.17072805213346,-645.2107200004104,1.0,CLIENT,7,2,100000,14,27,0,14063,16022,961,575,281,638,28145.66400000001,74,False,False
191,45,-64.4792135480572,-690.1839999999734,1.0,CLIENT,7,2,100000,17,37,0,14415,16259,936,610,289,616,38569.98400000002,73,False,False
191,46,-232.4103348267249,-215.84948000001503,1.0,CLIENT,7,2,100000,11,5,0,17611,18156,891,1079,304,575,5212.16,74,False,False
191,47,-562.7276818706279,693.3009600000137,1.0,CLIENT,7,2,100000,15,43,0,12135,14883,1021,123,275,682,44824.57600000002,73,False,False
191,48,111.92767658815977,-966.5915600005434,1.0,CLIENT,7,2,100000,11,57,0,11615,13801,872,455,281,530,59418.62400000003,69,False,False
191,49,381.2511729786777,314.5903199998759,1.0,CLIENT,7,2,100000,15,19,0,15874,17621,967,701,293,648,19806.208000000006,74,False,False
191,50,20.3576878152261,-742.0591200003034,1.0,CLIENT,7,2,100000,12,20,0,13878,15775,927,604,285,603,20848.640000000007,73,False,False
191,51,-839.8932447735951,-885.7732400005182,1.0,CLIENT,7,2,100000,12,142,0,9480,12204,791,44,256,406,148025.34400000007,70,False,False
191,52,-357.5665478556173,244.12475999981467,1.0,CLIENT,7,2,100000,8,9,0,17076,18067,1030,845,302,690,9381.888,74,False,False
191,53,216.01328666330727,-381.1596800002823,1.0,CLIENT,7,2,100000,9,8,0,15836,17535,992,798,298,677,8339.456,74,False,False
191,54,-785.1572047721612,-802.8398400002961,1.0,CLIENT,7,2,100000,11,51,0,10576,13352,916,73,267,550,53164.03200000003,71,False,False
191,55,-791.3358026301306,207.83443999968569,1.0,CLIENT,7,2,100000,10,22,0,14538,16581,1009,506,292,650,22933.504000000008,73,False,False
191,56,802.3463808647023,-175.88560000046016,1.0,CLIENT,7,2,100000,10,62,0,12454,14620,851,585,275,498,64630.784000000036,72,False,False
191,57,-263.14489853254844,-626.9542399998361,1.0,CLIENT,7,2,100000,10,16,0,14849,16918,1078,445,301,737,16678.912000000004,73,False,False
191,58,-162.38622576523528,-321.9374400003096,1.0,CLIENT,7,2,100000,10,9,0,17222,18140,950,973,298,637,9381.888,74,False,False
191,59,-159.3761396288252,60.446760000045,1.0,CLIENT,7,2,100000,8,8,0,17927,18334,849,1261,297,538,8339.456,74,False,False
191,60,-535.2408426803454,878.5374399998034,1.0,CLIENT,7,2,100000,13,41,0,10692,13208,948,70,266,610,42739.71200000002,70,False,False
191,61,43.8838873525744,-228.20600000045687,1.0,CLIENT,7,2,100000,13,4,0,17441,18256,927,1146,301,616,4169.728,74,False,False
191,62,597.6605236073909,-737.1610400000143,1.0,CLIENT,7,2,100000,10,39,0,11324,13411,1000,137,269,623,40654.84800000002,68,False,False
191,63,479.4750363678428,-387.9502000005394,1.0,CLIENT,7,2,100000,14,20,0,14118,16238,995,509,279,692,20848.640000000007,74,False,False
191,64,249.04502136814784,381.3823199997202,1.0,CLIENT,7,2,100000,9,10,0,16432,17772,951,843,291,643,10424.320000000002,74,False,False
191,65,-214.6666691825029,-990.8593200001783,1.0,CLIENT,7,2,100000,16,45,0,11134,13852,942,303,281,601,46909.440000000024,70,False,False
191,66,13.783025991287841,686.5104399997565,1.0,CLIENT,7,2,100000,14,27,0,14246,16394,866,706,279,550,28145.66400000001,74,False,False
191,67,-569.2231309011472,801.8379599996617,1.0,CLIENT,7,2,100000,12,13,0,11145,13758,996,93,272,668,13551.616000000004,71,False,False
191,68,892.0944753968811,968.5953200002302,1.0,CLIENT,7,2,100000,11,214,0,5116,8417,558,16,225,284,223080.44800000012,56,False,False
191,69,293.64182385867815,236.10971999948532,1.0,CLIENT,7,2,100000,11,16,0,16775,18043,928,879,294,620,16678.912000000004,74,False,False
191,70,483.9901655718951,-224.08715999978227,1.0,CLIENT,7,2,100000,11,31,0,14919,16955,893,747,280,561,32315.392000000014,74,False,False
191,71,-791.6526538026807,964.6991199997844,1.0,CLIENT,7,2,100000,9,122,0,8535,10981,798,9,263,451,127176.70400000007,66,False,False
191,72,-0.47527675882488624,720.1290799995121,1.0,CLIENT,7,2,100000,9,20,0,13903,16113,877,663,286,538,20848.640000000007,73,False,False
191,73,-775.2556056398258,532.3322399998588,1.0,CLIENT,7,2,100000,17,39,0,12163,14755,997,183,277,651,40654.84800000002,72,False,False
191,74,-273.28413604345207,420.90091999960833,1.0,CLIENT,7,2,100000,10,10,0,16335,17770,1077,666,294,742,10424.320000000002,74,False,False

192,0,-312.811319778812,224.64375999995895,1.0,CLIENT,7,2,100000,11,11,0,17340,18706,887,1147,302,554,11466.752000000002,74,False,False
192,1,-695.2506846531447,-886.107200000466,1.0,CLIENT,7,2,100000,15,29,0,11161,13490,958,146,279,600,30230.528000000013,68,False,False
192,2,-793.5537608357288,-191.69304000009902,1.0,CLIENT,7,2,100000,10,5,0,13185,16248,944,578,302,600,5212.16,74,False,False
192,3,-478.84133402443155,-106.42192000024238,1.0,CLIENT,7,2,100000,11,8,0,17193,18444,846,1147,294,537,8339.456,74,False,False
192,4,228.0536312078219,-930.5238799998523,1.0,CLIENT,7,2,100000,16,40,0,12271,14853,905,337,290,537,41697.28000000002,71,False,False
192,5,-540.6273126080657,-249.02284000010383,1.0,CLIENT,7,2,100000,8,10,0,16201,18049,984,860,308,644,10424.320000000002,74,False,False
192,6,-533.1020972676033,-91.39372000021808,1.0,CLIENT,7,2,100000,11,5,0,16697,18292,861,1045,292,553,5212.16,74,False,False
192,7,963.9404786985627,-128.01800000029488,1.0,CLIENT,7,2,100000,18,110,0,10973,13534,894,235,274,507,114667.52000000006,67,False,False
192,8,-218.23124487003108,208.1683999996335,1.0,CLIENT,7,2,100000,7,2,0,17903,18815,822,1352,303,510,2084.864,74,False,False
192,9,292.1367807904731,-625.3957599998159,1.0,CLIENT,7,2,100000,14,19,0,14869,17164,978,499,305,639,19806.208000000006,74,False,False
192,10,-673.3879537697137,-869.6318400001405,1.0,CLIENT,7,2,100000,12,28,0,11540,13683,983,159,286,609,29188.096000000012,69,False,False
192,11,578.6494532740949,588.994119999968,1.0,CLIENT,7,2,100000,14,21,0,11987,14507,997,232,285,653,21891.072000000007,69,False,False
192,12,600.591396950945,-718.7932400005118,1.0,CLIENT,7,2,100000,15,70,0,11134,14688,868,152,279,508,72970.24000000003,71,False,False
192,13,-399.2324770025935,195.92319999970158,1.0,CLIENT,7,2,100000,14,6,0,17012,18547,924,1009,292,612,6254.592,74,False,False
192,14,-401.45043520819166,925.8484399997919,1.0,CLIENT,7,2,100000,14,58,0,11121,12905,932,204,273,546,60461.05600000003,70,False,False
192,15,145.43468805069955,38.628039999763644,1.0,CLIENT,7,2,100000,7,6,0,17963,18774,761,1383,291,454,6254.592,74,False,False
192,16,689.4681507594556,573.2980000000481,1.0,CLIENT,7,2,100000,15,37,0,11413,13818,984,180,275,640,38569.98400000002,68,False,False
192,17,571.7579402781696,-593.2242800003615,1.0,CLIENT,7,2,100000,13,15,0,12679,15831,982,238,296,634,15636.480000000005,72,False,False
192,18,618.2558498023109,-513.4078400001797,1.0,CLIENT,7,2,100000,15,34,0,12902,15806,983,257,294,624,35442.68800000002,72,False,False
192,19,-245.2428073020515,-502.609800000549,1.0,CLIENT,7,2,100000,13,16,0,16057,17836,955,705,308,605,16678.912000000004,74,False,False
192,20,-282.2351816592634,359.67491999994877,1.0,CLIENT,7,2,100000,8,8,0,16229,18395,1005,852,300,684,8339.456,74,False,False
192,21,-143.92964498305736,86.27299999970006,1.0,CLIENT,7,2,100000,11,4,0,18554,18894,660,1666,281,377,4169.728,74,False,False
192,22,723.3712261874014,-129.0198800001383,1.0,CLIENT,7,2,100000,9,22,0,13705,15484,1012,403,297,616,22933.504000000008,74,False,False
192,23,241.99508278594755,674.5991999997725,1.0,CLIENT,7,2,100000,13,14,0,12919,15558,966,508,295,626,14594.048000000004,73,False,False
192,24,419.51095202440075,-611.8147200000928,1.0,CLIENT,7,2,100000,9,14,0,14123,16801,998,404,302,647,14594.048000000004,73,False,False
192,25,445.57196093989705,541.7944399996984,1.0,CLIENT,7,2,100000,11,17,0,13157,15695,1002,376,284,651,17721.344000000005,73,False,False
192,26,-214.74588197535894,-13.135760000056393,1.0,CLIENT,7,2,100000,11,2,0,18550,18886,632,1695,280,345,2084.864,74,False,False
192,27,-123.17589320242527,-225.53432000008343,1.0,CLIENT,7,2,100000,9,6,0,18212,18810,799,1399,311,471,6254.592,74,False,False
192,28,-786.1869710815414,3.6735600002168667,1.0,CLIENT,7,2,100000,17,42,0,13504,16433,853,675,293,509,43782.14400000002,74,False,False
192,29,252.37195867598217,516.7474399996579,1.0,CLIENT,7,2,100000,12,17,0,14460,16789,987,669,298,664,17721.344000000005,74,False,False
192,30,-336.4167321095792,6.4565599995182765,1.0,CLIENT,7,2,100000,10,6,0,18125,18813,738,1447,287,442,6254.592,74,False,False
192,31,640.9107086159912,-649.5522000005229,1.0,CLIENT,7,2,100000,15,51,0,11349,14791,910,194,287,548,53164.03200000003,72,False,False
192,32,151.13800915040693,782.5796000000349,1.0,CLIENT,7,2,100000,11,27,0,12210,14726,923,499,289,577,28145.66400000001,73,False,False
192,33,-355.1901640637442,411.32740000004986,1.0,CLIENT,7,2,100000,11,20,0,15267,17865,1043,613,296,695,20848.640000000007,74,False,False
192,34,-22.97170998679303,-14.805559999795435,1.0,CLIENT,7,2,100000,7,6,0,18647,18922,648,1673,271,366,6254.592,74,False,False
192,35,-646.2971785448372,-736.2704799998897,1.0,CLIENT,7,2,100000,9,26,0,12556,14608,1011,229,288,631,27103.23200000001,71,False,False
192,36,145.27626246442458,851.3753599995662,1.0,CLIENT,7,2,100000,8,26,0,11558,14134,909,439,290,558,27103.23200000001,71,False,False
192,37,438.9972991165217,306.35264000010864,1.0,CLIENT,7,2,100000,14,12,0,14872,16931,1050,560,292,715,12509.184000000003,74,False,False
192,38,0.4752767582620455,779.5739599997137,1.0,CLIENT,7,2,100000,13,28,0,12547,14828,900,514,290,559,29188.096000000012,73,False,False
192,39,-70.65781140658947,-787.9229599999908,1.0,CLIENT,7,2,100000,17,88,0,14360,16096,900,449,301,507,91734.01600000005,74,False,False
192,40,-964.4157554579505,74.47308000022588,1.0,CLIENT,7,2,100000,13,77,0,11542,14243,855,442,289,482,80267.26400000004,72,False,False
192,41,-881.3215355420034,-668.365280000483,1.0,CLIENT,7,2,100000,12,38,0,10928,13252,929,132,276,578,39612.41600000002,68,False,False
192,42,-780.8005011538211,905.142919999864,1.0,CLIENT,7,2,100000,18,74,0,9067,11384,849,70,256,474,77139.96800000004,63,False,False
192,43,121.35399896167031,831.6717199994815,1.0,CLIENT,7,2,100000,16,86,0,11824,14281,854,451,281,498,89649.15200000005,73,False,False
192,44,480.2671642986548,-810.7435600001156,1.0,CLIENT,7,2,100000,14,60,0,11433,14851,871,174,277,493,62545.920000000035,71,False,False
192,45,-825.9517931960324,-505.7267599997982,1.0,CLIENT,7,2,100000,18,50,0,11964,14582,961,248,279,616,52121.60000000003,71,False,False
192,46,-96.16433077040485,117.77656000004981,1.0,CLIENT,7,2,100000,9,11,0,18453,18882,651,1642,271,366,11466.752000000002,74,False,False
192,47,621.345148731577,-264.273680000357,1.0,CLIENT,7,2,100000,14,29,0,14150,16303,973,454,297,615,30230.528000000013,74,False,False
192,48,-481.77220736742265,743.3949600000947,1.0,CLIENT,7,2,100000,11,41,0,11922,14162,985,212,281,612,42739.71200000002,74,False,False
192,49,-767.9680286784945,-857.2753200004897,1.0,CLIENT,7,2,100000,16,42,0,10797,13193,930,107,269,566,43782.14400000002,68,False,False
192,50,-328.2578144245798,77.81267999970396,1.0,CLIENT,7,2,100000,11,14,0,17991,18805,767,1355,296,452,14594.048000000004,74,False,False
192,51,-213.08241332087894,-141.59904000001802,1.0,CLIENT,7,2,100000,9,4,0,18358,18864,733,1515,294,427,4169.728,74,False,False
192,52,-299.9788473034854,-865.0677199997992,1.0,CLIENT,7,2,100000,8,29,0,13464,15177,1001,325,295,614,30230.528000000013,73,False,False
192,53,52.59729458869186,-858.1658799998231,1.0,CLIENT,7,2,100000,11,21,0,13740,15622,980,400,311,587,21891.072000000007,73,False,False
192,54,410.7183319954272,-391.4011200005274,1.0,CLIENT,7,2,100000,10,15,0,15703,17711,1035,557,312,686,15636.480000000005,74,False,False
192,55,477.25707816224474,195.81187999998264,1.0,CLIENT,7,2,100000,10,10,0,15033,17012,1036,558,293,700,10424.320000000002,74,False,False
192,56,-897.1640941531772,761.4287999996492,1.0,CLIENT,7,2,100000,11,194,0,9164,11540,748,58,259,398,202231.8080000001,66,False,False
192,57,-42.53726987120716,-192.36095999999463,1.0,CLIENT,7,2,100000,8,6,0,18344,18838,763,1458,302,457,6254.592,74,False,False
192,58,164.04969441858958,18.70175999945019,1.0,CLIENT,7,2,100000,9,10,0,17903,18758,785,1313,298,468,10424.320000000002,74,False,False
192,59,-864.3699978280304,-138.92736000043556,1.0,CLIENT,7,2,100000,10,19,0,12369,15487,902,525,300,552,19806.208000000006,73,False,False
192,60,-512.2691326935524,-763.6552000003559,1.0,CLIENT,7,2,100000,13,24,0,13283,15102,1019,292,292,660,25018.36800000001,72,False,False
192,61,310.35572319352,497.1551200000832,1.0,CLIENT,7,2,100000,14,15,0,14459,16738,989,613,290,680,15636.480000000005,73,False,False
192,62,768.5225182296126,641.7597999996315,1.0,CLIENT,7,2,100000,10,42,0,10061,12874,921,130,270,580,43782.14400000002,65,False,False
192,63,499.83272418363174,-645.6560000000773,1.0,CLIENT,7,2,100000,14,26,0,12981,16085,954,247,294,603,27103.23200000001,72,False,False
192,64,604.2351854313292,-42.524240000209375,1.0,CLIENT,7,2,100000,9,23,0,14550,16398,1016,482,295,674,23975.93600000001,74,False,False
192,65,230.35080220683892,-401.9765199999293,1.0,CLIENT,7,2,100000,12,12,0,16904,18271,996,840,306,660,12509.184000000003,74,False,False
192,66,597.4228852282598,147.61031999986955,1.0,CLIENT,7,2,100000,14,27,0,14316,16173,997,471,287,656,28145.66400000001,74,False,False
192,67,-987.4666782370367,-190.02324000035998,1.0,CLIENT,7,2,100000,12,33,0,11256,13788,892,407,296,523,34400.256000000016,71,False,False
192,68,135.77072729749514,-818.2020000002683,1.0,CLIENT,7,2,100000,10,15,0,13835,15975,965,413,305,603,15636.480000000005,73,False,False
192,69,544.429526674162,856.0507999996264,1.0,CLIENT,7,2,100000,12,69,0,9689,12494,880,127,267,523,71927.80800000003,64,False,False
192,70,-813.1193207207058,-30.16771999976754,1.0,CLIENT,7,2,100000,11,23,0,13192,16122,854,669,290,513,23975.93600000001,74,False,False
192,71,943.1867269179306,494.48343999970973,1.0,CLIENT,7,2,100000,9,174,0,9297,12406,782,123,263,441,181383.1680000001,62,False,False
192,72,-804.0098495191822,-728.812040000528,1.0,CLIENT,7,2,100000,10,34,0,11297,13576,966,106,282,579,35442.68800000002,70,False,False
192,73,-853.3594195934588,478.67600000007087,1.0,CLIENT,7,2,100000,17,53,0,11217,13834,936,200,273,591,55248.89600000003,73,False,False
192,74,-902.8674152534473,-997.6498400004355,1.0,CLIENT,7,2,100000,13,160,0,8225,11220,743,42,253,389,166789.12000000008,60,False,False

193,0,902.3129257012035,755.1948799995688,1.0,CLIENT,7,2,100000,13,38,0,8908,11392,909,73,272,554,39612.41600000002,64,False,False
193,1,-319.30676880933134,-769.2212000005406,1.0,CLIENT,7,2,100000,15,37,0,11543,14307,948,288,305,539,38569.98400000002,70,False,False
193,2,-496.98106363405947,-501.6079199999146,1.0,CLIENT,7,2,100000,11,4,0,12281,15094,1007,275,309,664,4169.728,71,False,False
193,3,649.0696263009904,795.7153600000913,1.0,CLIENT,7,2,100000,12,32,0,10019,13029,947,164,285,595,33357.824000000015,72,False,False
193,4,510.84330241820334,-145.04996000000602,1.0,CLIENT,7,2,100000,15,22,0,15797,17644,919,972,300,597,22933.504000000008,74,False,False
193,5,-465.2167336182929,341.5297599998843,1.0,CLIENT,7,2,100000,9,20,0,14300,16689,982,697,307,618,20848.640000000007,74,False,False
193,6,-376.4984053954944,-720.3517200005319,1.0,CLIENT,7,2,100000,13,26,0,11712,14386,976,275,314,584,27103.23200000001,70,False,False
193,7,789.1178444239697,-347.09576000006905,1.0,CLIENT,7,2,100000,17,30,0,12656,15071,1030,385,293,688,31272.960000000014,71,False,False
193,8,502.922023112335,-919.6145200005026,1.0,CLIENT,7,2,100000,10,49,0,10323,12720,976,147,287,576,51079.16800000003,68,False,False
193,9,181.8725728562305,206.9438799995612,1.0,CLIENT,7,2,100000,11,6,0,17881,18810,734,1521,291,424,6254.592,74,False,False
193,10,-271.6206673895349,359.22963999949104,1.0,CLIENT,7,2,100000,11,16,0,15954,17815,876,1070,301,552,16678.912000000004,74,False,False
193,11,924.1756565846347,-880.7638400005101,1.0,CLIENT,7,2,100000,14,47,0,8105,10648,872,54,278,513,48994.304000000026,62,False,False
193,12,-385.2118126321747,-312.36391999996016,1.0,CLIENT,7,2,100000,15,23,0,14422,17068,1035,528,317,684,23975.93600000001,74,False,False
193,13,882.0344506788335,907.7032799997276,1.0,CLIENT,7,2,100000,18,170,0,7824,10350,736,32,257,386,177213.4400000001,61,False,False
193,14,-765.1163681289223,733.8214399997452,1.0,CLIENT,7,2,100000,14,65,0,8158,11240,905,125,273,555,67758.08000000003,67,False,False
193,15,436.7793409109235,-624.0599200000247,1.0,CLIENT,7,2,100000,9,21,0,13011,15571,1050,332,300,684,21891.072000000007,72,False,False
193,16,-674.4177200796566,-412.3292799998933,1.0,CLIENT,7,2,100000,15,37,0,11140,13905,983,222,301,604,38569.98400000002,70,False,False
193,17,-319.54440718846234,-754.7495999999021,1.0,CLIENT,7,2,100000,13,45,0,11714,14415,948,315,306,549,46909.440000000024,70,False,False
193,18,-733.1143997340247,-265.05291999997155,1.0,CLIENT,7,2,100000,15,36,0,11146,13814,984,298,301,610,37527.55200000002,70,False,False
193,19,783.0184593588564,-357.2258799998042,1.0,CLIENT,7,2,100000,13,19,0,12632,15126,1045,378,302,684,19806.208000000006,71,False,False
193,20,-417.3722066127844,-757.6439200005043,1.0,CLIENT,7,2,100000,10,47,0,11031,13886,931,237,301,526,48994.304000000026,69,False,False
193,21,-268.76900683939976,-685.9538400003709,1.0,CLIENT,7,2,100000,15,19,0,12661,15185,984,398,316,628,19806.208000000006,71,False,False
193,22,987.2290398573429,-329.952479999848,1.0,CLIENT,7,2,100000,10,27,0,10898,13536,1002,270,295,645,28145.66400000001,68,False,False
193,23,-479.4750363684056,358.1164399999287,1.0,CLIENT,7,2,100000,13,8,0,14041,16566,997,664,302,651,8339.456,74,False,False
193,24,227.1030776912978,303.79227999945414,1.0,CLIENT,7,2,100000,7,6,0,17152,18653,805,1291,309,477,6254.592,74,False,False
193,25,809.3963194463397,112.54451999981285,1.0,CLIENT,7,2,100000,11,22,0,12653,15184,904,637,295,563,22933.504000000008,74,False,False
193,26,-869.5980421694758,265.6095200001482,1.0,CLIENT,7,2,100000,12,56,0,10014,12667,966,274,293,582,58376.19200000003,70,False,False
193,27,459.5926253108788,102.0804400001299,1.0,CLIENT,7,2,100000,10,9,0,16338,18255,846,1137,297,526,9381.888,74,False,False
193,28,837.9129249465652,883.1015600001447,1.0,CLIENT,7,2,100000,17,74,0,8287,10832,843,61,263,484,77139.96800000004,62,False,False
193,29,694.2209183432018,452.4044799999581,1.0,CLIENT,7,2,100000,12,22,0,12260,15070,1021,372,301,664,22933.504000000008,74,False,False
193,30,-922.0369111730183,-405.872720000375,1.0,CLIENT,7,2,100000,11,135,0,8994,11422,821,118,281,464,140728.32000000007,66,False,False
193,31,-769.4730717466996,278.85659999992356,1.0,CLIENT,7,2,100000,15,42,0,10980,13796,980,364,296,615,43782.14400000002,71,False,False
193,32,616.4339555621189,-451.2912800003957,1.0,CLIENT,7,2,100000,12,21,0,13215,15873,1047,336,298,705,21891.072000000007,71,False,False
193,33,145.59311363697452,536.2284399995135,1.0,CLIENT,7,2,100000,10,13,0,15268,17580,857,973,314,519,13551.616000000004,74,False,False
193,34,101.78843907669334,-522.3134399998426,1.0,CLIENT,7,2,100000,10,15,0,15100,16999,929,780,313,563,15636.480000000005,74,False,False
193,35,593.9375223341506,261.60199999998355,1.0,CLIENT,7,2,100000,9,15,0,14188,17124,1018,687,308,667,15636.480000000005,74,False,False
193,36,443.829279492561,794.9361199996858,1.0,CLIENT,7,2,100000,8,12,0,11308,14288,980,331,296,635,12509.184000000003,73,False,False
193,37,-766.0669216454464,438.712119999725,1.0,CLIENT,7,2,100000,14,21,0,10032,13355,1005,266,295,641,21891.072000000007,70,False,False
193,38,-909.6005026630978,907.1466799995508,1.0,CLIENT,7,2,100000,15,150,0,6060,8586,708,38,251,370,156364.80000000008,59,False,False
193,39,485.73284701923114,-27.38472000046613,1.0,CLIENT,7,2,100000,15,16,0,16185,17954,845,1104,304,517,16678.912000000004,74,False,False
193,40,927.7402322721629,0.5566000001766724,1.0,CLIENT,7,2,100000,11,66,0,11894,14111,850,564,292,490,68800.51200000003,72,False,False
193,41,656.515628848034,524.5398399997583,1.0,CLIENT,7,2,100000,12,31,0,12154,15028,1021,298,297,652,32315.392000000014,74,False,False
193,42,605.4233773269842,-842.8037199998511,1.0,CLIENT,7,2,100000,18,41,0,10455,12730,989,127,284,609,42739.71200000002,68,False,False
193,43,867.7761479287208,-430.9197200004155,1.0,CLIENT,7,2,100000,16,25,0,11382,14131,999,270,294,653,26060.80000000001,70,False,False
193,44,-635.9203026542397,996.8706000000299,1.0,CLIENT,7,2,100000,15,53,0,7246,10219,818,66,264,481,55248.89600000003,61,False,False
193,45,-729.2329728745094,354.7768399996596,1.0,CLIENT,7,2,100000,17,34,0,11028,14123,1004,349,295,652,35442.68800000002,71,False,False
193,46,-615.0873380807516,588.882799999458,1.0,CLIENT,7,2,100000,12,14,0,10558,14133,978,320,287,646,14594.048000000004,71,False,False
193,47,-818.9018546138321,-680.3878400001861,1.0,CLIENT,7,2,100000,15,62,0,8340,10974,830,62,271,466,64630.784000000036,65,False,False
193,48,140.8403460532284,192.36095999999463,1.0,CLIENT,7,2,100000,9,13,0,18062,18830,727,1561,300,417,13551.616000000004,74,False,False
193,49,638.0590480664189,-466.09684000019115,1.0,CLIENT,7,2,100000,16,26,0,12987,15652,1046,324,297,703,27103.23200000001,71,False,False
193,50,-739.292997592557,-138.03680000031108,1.0,CLIENT,7,2,100000,12,24,0,11506,14102,990,403,307,623,25018.36800000001,72,False,False
193,51,-1.1089791033618939,57.32980000000481,1.0,CLIENT,7,2,100000,9,7,0,18115,18811,680,1634,301,375,7297.023999999999,74,False,False
193,52,534.9239915072326,50.094000000080996,1.0,CLIENT,7,2,100000,8,9,0,15608,17759,844,1037,304,498,9381.888,74,False,False
193,53,-819.852408130356,-352.5504400005349,1.0,CLIENT,7,2,100000,11,32,0,10035,12682,961,197,297,578,33357.824000000015,69,False,False
193,54,123.9680211326744,-148.94616000045175,1.0,CLIENT,7,2,100000,9,7,0,17739,18689,792,1400,305,468,7297.023999999999,74,False,False
193,55,-855.181313833651,780.9097999995049,1.0,CLIENT,7,2,100000,11,37,0,7319,9900,887,102,269,519,38569.98400000002,62,False,False
193,56,-393.0538791446241,-67.79388000047874,1.0,CLIENT,7,2,100000,9,11,0,15477,17566,1005,766,320,642,11466.752000000002,74,False,False
193,57,873.796320200978,947.6671600000734,1.0,CLIENT,7,2,100000,11,46,0,7582,10135,860,27,271,505,47951.872000000025,61,False,False
193,58,682.0221482124122,414.66699999952795,1.0,CLIENT,7,2,100000,10,17,0,12555,15478,1054,399,301,705,17721.344000000005,74,False,False
193,59,317.8017257405635,978.3914800000175,1.0,CLIENT,7,2,100000,10,53,0,10322,12694,930,322,295,558,55248.89600000003,71,False,False
193,60,307.424849849966,-519.1964799998025,1.0,CLIENT,7,2,100000,13,23,0,14494,16755,1013,548,309,644,23975.93600000001,74,False,False
193,61,-403.4307550346587,295.8885599996347,1.0,CLIENT,7,2,100000,13,18,0,15183,17330,929,850,300,595,18763.776000000005,74,False,False
193,62,390.28143138678223,-555.2641600004936,1.0,CLIENT,7,2,100000,9,18,0,13867,16287,1043,444,306,675,18763.776000000005,73,False,False
193,63,-136.80049360800098,-662.1313600004027,1.0,CLIENT,7,2,100000,14,18,0,13544,15789,947,591,306,598,18763.776000000005,74,False,False
193,64,357.24969668250446,875.7544399997109,1.0,CLIENT,7,2,100000,10,32,0,10911,13754,969,337,299,614,33357.824000000015,73,False,False
193,65,-322.95055728971556,947.2218799996156,1.0,CLIENT,7,2,100000,16,89,0,9931,12548,867,343,296,469,92776.44800000005,69,False,False
193,66,154.781797631354,693.5235999994516,1.0,CLIENT,7,2,100000,14,24,0,13333,16187,904,728,303,556,25018.36800000001,74,False,False
193,67,-39.92324770076591,-530.5511200004008,1.0,CLIENT,7,2,100000,12,14,0,15020,16840,939,770,313,575,14594.048000000004,74,False,False
193,68,985.7239967891379,-602.4638399999722,1.0,CLIENT,7,2,100000,10,32,0,9403,12262,925,77,282,562,33357.824000000015,62,False,False
193,69,-121.11636058310212,-902.9165199999483,1.0,CLIENT,7,2,100000,11,50,0,11192,13749,872,444,300,511,52121.60000000003,66,False,False
193,70,686.1412134510585,337.8561999996674,1.0,CLIENT,7,2,100000,11,18,0,12974,15795,1048,465,302,710,18763.776000000005,74,False,False
193,71,-639.0888143763618,647.4371199995352,1.0,CLIENT,7,2,100000,9,14,0,9804,13451,971,260,288,633,14594.048000000004,69,False,False
193,72,469.96950120147625,663.4672000001939,1.0,CLIENT,7,2,100000,9,11,0,12441,15330,1009,372,303,667,11466.752000000002,74,False,False
193,73,981.2880803779417,-793.2663199999467,1.0,CLIENT,7,2,100000,17,213,0,8133,10801,702,30,261,363,222038.01600000012,62,False,False
193,74,832.2096038462951,758.20051999989,1.0,CLIENT,7,2,100000,12,30,0,9257,11870,943,102,280,593,31272.960000000014,69,False,False

194,0,106.46199386702057,-843.2490000003088,1.0,CLIENT,7,2,100000,13,22,0,12200,14228,985,428,296,649,22933.504000000008,71,False,False
194,1,-310.6725743660699,589.3280799999159,1.0,CLIENT,7,2,100000,14,13,0,14277,16368,1061,551,303,715,13551.616000000004,74,False,False
194,2,566.7675343158553,192.69491999994244,1.0,CLIENT,7,2,100000,10,10,0,15516,17317,952,705,313,591,10424.320000000002,74,False,False
194,3,-709.5882001966764,2.2263999999157136,1.0,CLIENT,7,2,100000,12,55,0,14693,16442,934,602,309,565,57333.76000000003,74,False,False
194,4,-303.93948695641956,488.4721599998582,1.0,CLIENT,7,2,100000,15,21,0,15205,17114,1021,728,303,692,21891.072000000007,74,False,False
194,5,55.05289117342099,-318.4865200003216,1.0,CLIENT,7,2,100000,8,8,0,16654,18206,857,1135,300,543,8339.456,74,False,False
194,6,-973.28758827978,-463.53648000032763,1.0,CLIENT,7,2,100000,14,253,0,10089,13265,666,222,253,368,263735.2960000001,68,False,False
194,7,-470.6824163394321,265.72083999986717,1.0,CLIENT,7,2,100000,17,17,0,15652,17489,963,782,303,642,17721.344000000005,74,False,False
194,8,-331.426326146702,760.7608799997536,1.0,CLIENT,7,2,100000,9,19,0,12758,14910,1048,361,306,683,19806.208000000006,73,False,False
194,9,-433.7692547750763,752.4118799994765,1.0,CLIENT,7,2,100000,16,26,0,12428,14615,1023,311,300,661,27103.23200000001,73,False,False
194,10,208.40885852998886,154.6234799995645,1.0,CLIENT,7,2,100000,11,5,0,17817,18668,804,1335,308,492,5212.16,74,False,False
194,11,466.8009894787912,807.7379199997944,1.0,CLIENT,7,2,100000,14,34,0,11126,14404,938,195,276,601,35442.68800000002,71,False,False
194,12,-11.723493372527539,55.103400000089096,1.0,CLIENT,7,2,100000,9,4,0,18488,18814,672,1760,271,399,4169.728,74,False,False
194,13,367.70578536595804,536.2284399995135,1.0,CLIENT,7,2,100000,15,19,0,14663,17428,1014,493,299,669,19806.208000000006,74,False,False
194,14,-840.4477343252761,674.9331599997203,1.0,CLIENT,7,2,100000,14,25,0,10389,12915,966,176,285,613,26060.80000000001,64,False,False
194,15,545.0632290181362,-786.2531600002518,1.0,CLIENT,7,2,100000,9,16,0,11217,13426,1034,155,289,674,16678.912000000004,66,False,False
194,16,-868.0929991018335,846.1433200001202,1.0,CLIENT,7,2,100000,16,182,0,9032,11480,737,66,265,416,189722.6240000001,61,False,False
194,17,-195.18032209038196,-417.22736000018244,1.0,CLIENT,7,2,100000,11,10,0,16024,17853,960,851,308,629,10424.320000000002,74,False,False
194,18,-975.347120899666,491.9230799998462,1.0,CLIENT,7,2,100000,15,64,0,10194,12823,935,168,289,568,66715.64800000003,64,False,False
194,19,321.2078758418167,-357.2258799998042,1.0,CLIENT,7,2,100000,11,15,0,15592,17215,1023,765,301,688,15636.480000000005,74,False,False
194,20,-795.692506248471,999.8762399995601,1.0,CLIENT,7,2,100000,10,39,0,8545,10911,848,36,270,507,40654.84800000002,56,False,False
194,21,-134.0280458512848,-287.31691999991966,1.0,CLIENT,7,2,100000,14,6,0,17025,18400,877,1134,308,555,6254.592,74,False,False
194,22,141.7116867768964,431.03104000013445,1.0,CLIENT,7,2,100000,8,16,0,16704,18275,941,890,297,618,16678.912000000004,74,False,False
194,23,-370.5574459166559,-481.79296000011107,1.0,CLIENT,7,2,100000,13,6,0,14952,17222,1051,543,310,701,6254.592,74,False,False
194,24,906.4319909398499,-346.76180000012124,1.0,CLIENT,7,2,100000,10,74,0,11568,13887,919,304,289,563,77139.96800000004,66,False,False
194,25,-57.350062173000836,453.0723999998537,1.0,CLIENT,7,2,100000,10,2,0,16190,18043,878,959,303,566,2084.864,74,False,False
194,26,-791.4150154235496,743.6175999995326,1.0,CLIENT,7,2,100000,12,27,0,10366,12787,969,154,289,620,28145.66400000001,64,False,False
194,27,-180.68438096113823,113.54639999965627,1.0,CLIENT,7,2,100000,9,5,0,18104,18742,750,1560,281,464,5212.16,74,False,False
194,28,773.2752858127959,-598.4563199998075,1.0,CLIENT,7,2,100000,17,39,0,11237,13426,962,176,274,617,40654.84800000002,65,False,False
194,29,-111.69003820959159,701.204679999833,1.0,CLIENT,7,2,100000,12,28,0,13677,15982,911,574,299,577,29188.096000000012,74,False,False
194,30,-534.9239915077954,-931.5257600004867,1.0,CLIENT,7,2,100000,11,119,0,9374,12132,843,105,272,470,124049.40800000007,66,False,False
194,31,337.20886003926546,88.05411999994902,1.0,CLIENT,7,2,100000,15,17,0,17059,18369,823,1123,307,491,17721.344000000005,74,False,False
194,32,-804.6435518637194,559.0490399996384,1.0,CLIENT,7,2,100000,12,23,0,11435,13898,1014,214,291,652,23975.93600000001,69,False,False
194,33,-432.7394884656961,-917.7220800005347,1.0,CLIENT,7,2,100000,11,37,0,10032,12891,938,177,284,567,38569.98400000002,69,False,False
194,34,-461.9690091033147,100.5219600001098,1.0,CLIENT,7,2,100000,10,9,0,16240,17940,906,927,306,580,9381.888,74,False,False
194,35,739.9266999365311,-526.877560000184,1.0,CLIENT,7,2,100000,9,19,0,11965,14125,1006,208,285,666,19806.208000000006,67,False,False
194,36,219.41943676512335,-467.98928000015906,1.0,CLIENT,7,2,100000,7,9,0,15119,16939,999,721,305,668,9381.888,74,False,False
194,37,-126.74046888995345,-615.8222400002575,1.0,CLIENT,7,2,100000,14,13,0,14272,16406,955,666,307,617,13551.616000000004,74,False,False
194,38,866.4295304467906,-872.6374800004618,1.0,CLIENT,7,2,100000,15,169,0,8132,10846,755,45,260,397,176171.0080000001,61,False,False
194,39,-704.7562198200742,-333.96000000001266,1.0,CLIENT,7,2,100000,16,24,0,13794,16287,988,478,301,644,25018.36800000001,74,False,False
194,40,-18.377367989321858,-592.8903200004138,1.0,CLIENT,7,2,100000,11,14,0,14481,16494,924,738,302,597,14594.048000000004,74,False,False
194,41,680.20025397222,-41.299720000137086,1.0,CLIENT,7,2,100000,12,25,0,14582,16388,876,706,303,530,26060.80000000001,74,False,False
194,42,-145.59311363753736,178.66859999976157,1.0,CLIENT,7,2,100000,12,9,0,17983,18681,733,1567,278,452,9381.888,74,False,False
194,43,440.5023421841638,223.64188000011552,1.0,CLIENT,7,2,100000,13,13,0,16332,17951,945,804,311,601,13551.616000000004,74,False,False
194,44,609.2255913936435,-657.3445999998324,1.0,CLIENT,7,2,100000,14,40,0,11870,13971,1005,191,282,649,41697.28000000002,66,False,False
194,45,-662.535801121417,259.04164000012,1.0,CLIENT,7,2,100000,17,35,0,14324,16289,984,529,297,630,36485.12000000002,74,False,False
194,46,161.35645945472945,-722.2441600004998,1.0,CLIENT,7,2,100000,12,15,0,13248,15100,1005,495,298,650,15636.480000000005,73,False,False
194,47,617.5429346649178,917.165479999567,1.0,CLIENT,7,2,100000,15,62,0,9125,12206,827,103,260,501,64630.784000000036,70,False,False
194,48,298.07774026987437,-706.43672000007,1.0,CLIENT,7,2,100000,11,15,0,12967,14999,1048,358,297,692,15636.480000000005,72,False,False
194,49,747.1350641044435,817.6454000000916,1.0,CLIENT,7,2,100000,19,212,0,8838,12016,687,73,250,367,220995.58400000012,71,False,False
194,50,302.98893343933264,930.4125600001333,1.0,CLIENT,7,2,100000,12,58,0,11251,13608,953,254,289,582,60461.05600000003,72,False,False
194,51,37.70528949460496,-956.3501200002984,1.0,CLIENT,7,2,100000,12,85,0,11158,13337,894,399,286,539,88606.72000000004,69,False,False
194,52,-170.86199462222172,-665.5822800003907,1.0,CLIENT,7,2,100000,8,9,0,13784,16053,967,596,305,629,9381.888,74,False,False
194,53,234.94514420374725,508.06448000022385,1.0,CLIENT,7,2,100000,10,15,0,15691,17831,1005,685,301,659,15636.480000000005,74,False,False
194,54,351.62558837565314,372.14276000010955,1.0,CLIENT,7,2,100000,10,13,0,16306,18171,996,694,310,648,13551.616000000004,74,False,False
194,55,9.42632237351053,154.2895199996167,1.0,CLIENT,7,2,100000,9,4,0,18316,18770,714,1627,287,427,4169.728,74,False,False
194,56,-472.58352337248033,989.1895199996484,1.0,CLIENT,7,2,100000,11,31,0,10623,12578,972,186,288,594,32315.392000000014,62,False,False
194,57,-152.95990339172474,-13.80367999995201,1.0,CLIENT,7,2,100000,8,6,0,18279,18797,715,1624,275,438,6254.592,74,False,False
194,58,518.8437945169277,-890.4486799997875,1.0,CLIENT,7,2,100000,11,41,0,10378,12715,962,139,279,600,42739.71200000002,65,False,False
194,59,-783.8898000830873,728.0328000001225,1.0,CLIENT,7,2,100000,11,21,0,10567,12958,975,155,292,625,21891.072000000007,65,False,False
194,60,-195.97245002119394,-78.25796000016169,1.0,CLIENT,7,2,100000,9,7,0,18074,18750,729,1514,281,445,7297.023999999999,74,False,False
194,61,441.37368290783184,-865.1790400003091,1.0,CLIENT,7,2,100000,14,33,0,10996,13262,991,170,279,644,34400.256000000016,66,False,False
194,62,-370.399020330381,-12.022560000494025,1.0,CLIENT,7,2,100000,9,14,0,17067,18414,832,1160,307,510,14594.048000000004,74,False,False
194,63,152.484626632337,-681.9463200002062,1.0,CLIENT,7,2,100000,14,22,0,13574,15536,1000,544,298,658,22933.504000000008,73,False,False
194,64,-26.932349639164357,221.08151999946102,1.0,CLIENT,7,2,100000,7,8,0,18032,18732,743,1508,294,442,8339.456,74,False,False
194,65,910.2342050065091,-506.2833599999749,1.0,CLIENT,7,2,100000,16,36,0,10586,13034,946,142,282,596,37527.55200000002,65,False,False
194,66,886.8664310554358,331.0656800002013,1.0,CLIENT,7,2,100000,16,77,0,10963,14413,887,272,284,506,80267.26400000004,73,False,False
194,67,-404.85658531000774,982.955599999568,1.0,CLIENT,7,2,100000,12,30,0,10959,12807,985,240,298,604,31272.960000000014,65,False,False
194,68,748.0856176209676,578.3074000000562,1.0,CLIENT,7,2,100000,10,23,0,10886,14220,903,209,278,562,23975.93600000001,72,False,False
194,69,-298.55301702869923,-541.2378400003126,1.0,CLIENT,7,2,100000,11,26,0,14705,17037,1001,568,300,649,27103.23200000001,74,False,False
194,70,915.3830365556612,-142.26695999991364,1.0,CLIENT,7,2,100000,11,36,0,12011,14417,912,458,300,561,37527.55200000002,68,False,False
194,71,-79.84649540096898,-778.6834000003802,1.0,CLIENT,7,2,100000,8,24,0,12870,14908,915,574,298,563,25018.36800000001,73,False,False
194,72,-231.7766324821879,-711.668760000307,1.0,CLIENT,7,2,100000,9,11,0,13145,15580,984,509,304,630,11466.752000000002,74,False,False
194,73,-250.86691560890281,724.9158400000823,1.0,CLIENT,7,2,100000,16,30,0,13272,15427,1010,450,305,653,31272.960000000014,73,False,False
194,74,-326.9111969426497,654.7842399999689,1.0,CLIENT,7,2,100000,11,21,0,13724,15839,1053,468,310,695,21891.072000000007,73,False,False

195,0,75.41057898920992,-426.2442800003552,1.0,CLIENT,7,2,100000,11,12,0,16144,17752,874,1079,283,557,12509.184000000003,74,False,False
195,1,66.06346940855546,790.5946399995732,1.0,CLIENT,7,2,100000,14,28,0,13458,15778,825,756,285,501,29188.096000000012,72,False,False
195,2,254.9067680541302,-226.4248800002079,1.0,CLIENT,7,2,100000,9,3,0,17043,18092,868,1164,299,547,3127.2960000000003,74,False,False
195,3,113.59114524207693,890.1147199998397,1.0,CLIENT,7,2,100000,12,33,0,12131,14939,837,657,285,510,34400.256000000016,71,False,False
195,4,-758.779344684115,-773.4513600001433,1.0,CLIENT,7,2,100000,16,34,0,9669,12133,966,78,258,617,35442.68800000002,68,False,False
195,5,205.31955960072273,230.87768000003933,1.0,CLIENT,7,2,100000,8,8,0,17048,17996,861,1087,302,531,8339.456,74,False,False
195,6,-762.9776227161801,-632.6315600005307,1.0,CLIENT,7,2,100000,13,32,0,10647,13159,986,137,261,645,33357.824000000015,70,False,False
195,7,454.91907052055154,-589.8846800000924,1.0,CLIENT,7,2,100000,17,48,0,12782,15626,1006,337,278,657,50036.736000000026,73,False,False
195,8,488.5845075693662,56.66188000010919,1.0,CLIENT,7,2,100000,8,9,0,16174,17444,883,1077,302,554,9381.888,74,False,False
195,9,470.44477795973825,-317.818600000426,1.0,CLIENT,7,2,100000,14,16,0,15048,17309,975,743,293,664,16678.912000000004,73,False,False
195,10,-531.6762669928172,-218.74379999982636,1.0,CLIENT,7,2,100000,12,31,0,14848,16692,948,698,293,592,32315.392000000014,74,False,False
195,11,-407.86667144585493,-628.2900800004182,1.0,CLIENT,7,2,100000,14,25,0,12878,15318,1051,274,282,708,26060.80000000001,72,False,False
195,12,-649.1488390944094,359.22963999949104,1.0,CLIENT,7,2,100000,15,38,0,13661,15964,986,460,267,655,39612.41600000002,73,False,False
195,13,-566.3714703510121,-158.51968000001023,1.0,CLIENT,7,2,100000,15,16,0,14858,16530,934,772,296,603,16678.912000000004,74,False,False
195,14,-80.24255936637496,-654.8955600004788,1.0,CLIENT,7,2,100000,13,15,0,13933,16147,947,703,288,634,15636.480000000005,74,False,False
195,15,70.26174744062065,849.1489599996504,1.0,CLIENT,7,2,100000,8,47,0,12635,15256,822,690,286,491,48994.304000000026,71,False,False
195,16,538.3301416084859,845.4754000002245,1.0,CLIENT,7,2,100000,15,47,0,10017,13773,955,186,274,611,48994.304000000026,69,False,False
195,17,-442.3242364254817,-925.2918400004063,1.0,CLIENT,7,2,100000,13,26,0,10346,12753,994,134,268,626,27103.23200000001,67,False,False
195,18,506.1697476278762,-239.33800000003544,1.0,CLIENT,7,2,100000,14,13,0,15286,17341,922,863,291,612,13551.616000000004,74,False,False
195,19,-495.3175949795795,357.78247999998086,1.0,CLIENT,7,2,100000,13,13,0,14947,16833,987,582,278,657,13551.616000000004,73,False,False
195,20,-557.0243607703576,38.628039999763644,1.0,CLIENT,7,2,100000,8,15,0,15354,16828,886,918,289,554,15636.480000000005,74,False,False
195,21,-879.1827901292612,519.3077999995214,1.0,CLIENT,7,2,100000,17,42,0,10207,13173,960,181,256,610,43782.14400000002,67,False,False
195,22,335.6246041782044,749.1835999997172,1.0,CLIENT,7,2,100000,9,15,0,13127,15751,1008,471,297,650,15636.480000000005,72,False,False
195,23,234.7867186180351,114.5482799994997,1.0,CLIENT,7,2,100000,11,15,0,17250,18125,801,1217,303,461,15636.480000000005,74,False,False
195,24,-127.29495844163439,-476.3382800004362,1.0,CLIENT,7,2,100000,9,8,0,15400,17396,954,848,294,631,8339.456,74,False,False
195,25,217.20147855952524,522.2021200001236,1.0,CLIENT,7,2,100000,10,10,0,15806,17145,931,829,300,603,10424.320000000002,74,False,False
195,26,-275.81894542160006,776.6796399999023,1.0,CLIENT,7,2,100000,12,35,0,12512,15381,981,426,278,647,36485.12000000002,73,False,False
195,27,994.5958296115303,-214.40232000050486,1.0,CLIENT,7,2,100000,12,89,0,10029,12831,828,425,273,477,92776.44800000005,69,False,False
195,28,33.427798669120875,-968.0387200000536,1.0,CLIENT,7,2,100000,17,129,0,11271,13521,776,524,265,431,134473.72800000006,70,False,False
195,29,997.0514261962594,878.8713999997512,1.0,CLIENT,7,2,100000,12,71,0,6782,9336,822,70,252,469,74012.67200000004,63,False,False
195,30,855.3397394188001,-488.1381999999104,1.0,CLIENT,7,2,100000,10,39,0,10310,13092,937,223,260,590,40654.84800000002,70,False,False
195,31,203.2600269813996,-425.7989999998975,1.0,CLIENT,7,2,100000,15,20,0,15742,17614,925,888,288,612,20848.640000000007,74,False,False
195,32,-339.9813077971074,-307.1318800005142,1.0,CLIENT,7,2,100000,11,17,0,15578,17463,965,714,290,628,17721.344000000005,74,False,False
195,33,-952.0585597408859,997.7611600001544,1.0,CLIENT,7,2,100000,11,255,0,6183,8562,633,13,237,374,265820.16000000003,57,False,False
195,34,-652.7134147819376,-980.0612800005476,1.0,CLIENT,7,2,100000,13,42,0,8861,11203,925,58,257,559,43782.14400000002,62,False,False
195,35,157.23739421608315,-402.9783999997727,1.0,CLIENT,7,2,100000,9,3,0,16228,17772,905,1027,290,600,3127.2960000000003,74,False,False
195,36,-57.82533893126288,954.5690000000493,1.0,CLIENT,7,2,100000,7,34,0,11193,14101,821,609,282,494,35442.68800000002,69,False,False
195,37,-693.7456415855027,113.88035999960408,1.0,CLIENT,7,2,100000,14,19,0,14279,16011,876,784,285,552,19806.208000000006,73,False,False
195,38,-282.3936072449755,-186.0157200001953,1.0,CLIENT,7,2,100000,13,11,0,16495,17911,879,1007,291,557,11466.752000000002,74,False,False
195,39,584.5904127534961,147.8329600000984,1.0,CLIENT,7,2,100000,15,23,0,15153,16937,910,848,291,593,23975.93600000001,74,False,False
195,40,816.2878324422652,606.5826799998558,1.0,CLIENT,7,2,100000,13,29,0,10244,13234,963,220,272,603,30230.528000000013,68,False,False
195,41,-348.69471503322484,-125.12368000048355,1.0,CLIENT,7,2,100000,11,12,0,16335,17777,868,1009,288,553,12509.184000000003,74,False,False
195,42,-273.046497664321,520.7549599998225,1.0,CLIENT,7,2,100000,17,21,0,15181,17057,992,620,284,661,21891.072000000007,73,False,False
195,43,-155.2570743901789,251.8058400001962,1.0,CLIENT,7,2,100000,13,10,0,17001,18158,900,1095,297,583,10424.320000000002,74,False,False
195,44,940.4142791612146,855.7168399996785,1.0,CLIENT,7,2,100000,16,217,0,7272,9858,699,75,248,361,226207.74400000012,64,False,False
195,45,-145.90996480952444,712.3366800002026,1.0,CLIENT,7,2,100000,17,40,0,13896,16096,912,672,283,586,41697.28000000002,73,False,False
195,46,-271.8583057686659,-288.430120000273,1.0,CLIENT,7,2,100000,11,12,0,16141,17743,927,875,294,607,12509.184000000003,74,False,False
195,47,293.3249726861282,-477.8967600004563,1.0,CLIENT,7,2,100000,14,19,0,14901,17160,972,696,292,649,19806.208000000006,73,False,False
195,48,-398.9156258306065,-737.1610400000143,1.0,CLIENT,7,2,100000,11,29,0,12075,14521,1035,223,273,687,30230.528000000013,72,False,False
195,49,668.1599094277054,-42.41292000049043,1.0,CLIENT,7,2,100000,14,14,0,14275,16546,876,885,288,562,14594.048000000004,73,False,False
195,50,-608.9087402222193,152.61971999987765,1.0,CLIENT,7,2,100000,12,21,0,14893,16475,900,812,279,583,21891.072000000007,73,False,False
195,51,941.8401094360006,92.17295999983264,1.0,CLIENT,7,2,100000,11,32,0,11091,13905,887,546,279,564,33357.824000000015,70,False,False
195,52,964.5741810430998,-980.3952400004954,1.0,CLIENT,7,2,100000,8,229,0,6486,8977,636,24,234,354,238716.92800000013,53,False,False
195,53,-500.30800094245666,-469.4364400004602,1.0,CLIENT,7,2,100000,11,18,0,13618,15837,1065,350,280,724,18763.776000000005,72,False,False
195,54,208.7257097025388,3.4509199999880025,1.0,CLIENT,7,2,100000,9,3,0,17459,18251,779,1324,294,464,3127.2960000000003,74,False,False
195,55,889.4012404330209,-569.84708000006,1.0,CLIENT,7,2,100000,10,27,0,9557,12244,957,126,266,598,28145.66400000001,70,False,False
195,56,-360.73505957773943,668.0313199997443,1.0,CLIENT,7,2,100000,10,8,0,13296,15949,1060,352,281,732,8339.456,73,False,False
195,57,999.5070227809886,-43.08084000038605,1.0,CLIENT,7,2,100000,11,46,0,10242,13184,813,500,272,482,47951.872000000025,70,False,False
195,58,633.3062804826727,670.3690400001699,1.0,CLIENT,7,2,100000,11,28,0,11344,14622,997,244,278,654,29188.096000000012,70,False,False
195,59,849.7156311119488,336.96563999954293,1.0,CLIENT,7,2,100000,10,28,0,11590,14283,998,333,285,617,29188.096000000012,70,False,False
195,60,-948.4939840533577,-257.5944799998189,1.0,CLIENT,7,2,100000,13,61,0,11153,13672,915,343,272,559,63588.352000000035,67,False,False
195,61,142.82066587969547,227.983360000228,1.0,CLIENT,7,2,100000,13,8,0,17215,18127,822,1193,294,507,8339.456,74,False,False
195,62,601.858801639456,-699.7575200003229,1.0,CLIENT,7,2,100000,10,31,0,11148,13617,1003,174,268,649,32315.392000000014,71,False,False
195,63,184.80344619922167,-518.7512000001357,1.0,CLIENT,7,2,100000,13,9,0,15034,17074,923,829,286,619,9381.888,74,False,False
195,64,202.07183508574448,-320.6016000005184,1.0,CLIENT,7,2,100000,8,4,0,16712,18027,882,1074,300,573,4169.728,74,False,False
195,65,-652.4757764028066,77.70135999998502,1.0,CLIENT,7,2,100000,13,14,0,14620,16246,875,834,284,556,14594.048000000004,73,False,False
195,66,-717.5094795019818,702.874479999572,1.0,CLIENT,7,2,100000,16,40,0,9970,13151,976,100,249,621,41697.28000000002,68,False,False
195,67,766.3837728168706,292.4376399996467,1.0,CLIENT,7,2,100000,12,21,0,12652,15341,1022,411,287,667,21891.072000000007,73,False,False
195,68,-251.1837667808899,-549.5868399997988,1.0,CLIENT,7,2,100000,10,10,0,14266,16630,1026,575,284,695,10424.320000000002,74,False,False
195,69,-333.723497145719,669.3671599995355,1.0,CLIENT,7,2,100000,11,31,0,13406,16015,1016,401,283,671,32315.392000000014,73,False,False
195,70,962.5938612166327,-310.0262000003255,1.0,CLIENT,7,2,100000,11,21,0,10129,12915,946,338,271,607,21891.072000000007,69,False,False
195,71,-155.6531383555849,-161.3026800001026,1.0,CLIENT,7,2,100000,6,10,0,17350,18191,830,1199,291,533,10424.320000000002,74,False,False
195,72,-968.0595439383347,-847.924440000369,1.0,CLIENT,7,2,100000,10,234,0,7631,10022,689,30,241,392,243929.08800000013,57,False,False
195,73,-724.7970564633132,214.7362799996617,1.0,CLIENT,7,2,100000,16,33,0,13723,15594,923,642,282,593,34400.256000000016,73,False,False
195,74,-691.3692577936295,681.6123599994673,1.0,CLIENT,7,2,100000,12,36,0,10378,13592,996,122,258,656,37527.55200000002,70,False,False

196,0,-381.0135346001095,-392.84828000003756,1.0,CLIENT,7,2,100000,13,13,0,14687,17166,1016,682,295,688,13551.616000000004,74,False,False
196,1,795.375655075358,-206.94388000035218,1.0,CLIENT,7,2,100000,15,25,0,12867,15581,996,302,301,635,26060.80000000001,73,False,False
196,2,487.79237963911714,943.9935999998565,1.0,CLIENT,7,2,100000,11,21,0,11663,14597,936,196,289,572,21891.072000000007,69,False,False
196,3,578.9663044466448,-439.82532000007836,1.0,CLIENT,7,2,100000,12,26,0,13351,16436,942,395,294,610,27103.23200000001,74,False,False
196,4,863.8155082757867,920.616399999555,1.0,CLIENT,7,2,100000,16,83,0,8603,12341,797,72,263,455,86521.85600000004,63,False,False
196,5,958.2371575988554,526.3209600000073,1.0,CLIENT,7,2,100000,9,40,0,11191,13764,985,147,292,571,41697.28000000002,67,False,False
196,6,-659.8425661569939,-324.49780000017313,1.0,CLIENT,7,2,100000,13,26,0,12124,15303,997,409,296,657,27103.23200000001,73,False,False
196,7,-654.5353090226926,414.555679999809,1.0,CLIENT,7,2,100000,18,39,0,12846,15805,994,322,285,649,40654.84800000002,74,False,False
196,8,-528.5077552701322,801.503999999714,1.0,CLIENT,7,2,100000,10,30,0,12365,14461,963,310,295,578,31272.960000000014,73,False,False
196,9,488.1884436039603,758.6457999995569,1.0,CLIENT,7,2,100000,16,26,0,13688,16042,977,331,292,624,27103.23200000001,72,False,False
196,10,663.5655674302343,-144.3820400001104,1.0,CLIENT,7,2,100000,12,21,0,14526,17030,998,467,304,659,21891.072000000007,74,False,False
196,11,61.46912741108428,928.7427599996033,1.0,CLIENT,7,2,100000,14,70,0,12890,15605,920,398,294,545,72970.24000000003,72,False,False
196,12,835.37811556898,232.21351999983057,1.0,CLIENT,7,2,100000,15,34,0,13223,15344,1001,331,297,632,35442.68800000002,73,False,False
196,13,-255.93653436463603,324.1638400002253,1.0,CLIENT,7,2,100000,14,9,0,17423,18850,896,1100,308,573,9381.888,74,False,False
196,14,624.5928732465553,-345.9825600005067,1.0,CLIENT,7,2,100000,14,11,0,13796,16558,963,442,304,613,11466.752000000002,74,False,False
196,15,19.248708712427046,854.8262799995541,1.0,CLIENT,7,2,100000,8,21,0,13671,16307,979,443,306,608,21891.072000000007,74,False,False
196,16,-290.23567375742493,363.7937599998324,1.0,CLIENT,7,2,100000,15,14,0,16874,18677,966,919,318,630,14594.048000000004,74,False,False
196,17,-37.784502288023866,-702.985800000082,1.0,CLIENT,7,2,100000,12,29,0,13023,15261,952,478,293,573,30230.528000000013,74,False,False
196,18,-514.7247292782815,71.57875999962357,1.0,CLIENT,7,2,100000,14,15,0,15145,17898,963,776,316,623,15636.480000000005,74,False,False
196,19,-4.119065239209129,-639.4220799999969,1.0,CLIENT,7,2,100000,13,24,0,13546,16083,969,515,294,609,25018.36800000001,74,False,False
196,20,667.2885687040374,-765.3250000000949,1.0,CLIENT,7,2,100000,10,122,0,8862,12421,762,117,260,418,127176.70400000007,69,False,False
196,21,672.9918898037448,-396.6331599999734,1.0,CLIENT,7,2,100000,17,24,0,12814,15906,952,341,300,622,25018.36800000001,73,False,False
196,22,-186.70455323339553,218.1871999996497,1.0,CLIENT,7,2,100000,7,1,0,18352,19073,807,1404,307,489,1042.432,74,False,False
196,23,-252.8472354353699,-970.3764400004792,1.0,CLIENT,7,2,100000,14,35,0,9780,12543,894,276,278,522,36485.12000000002,65,False,False
196,24,837.5960737745783,-126.12556000032697,1.0,CLIENT,7,2,100000,10,42,0,12752,15342,991,298,308,585,43782.14400000002,73,False,False
196,25,-6.970725789344242,-114.54828000029067,1.0,CLIENT,7,2,100000,8,27,0,18582,19112,673,1588,289,363,28145.66400000001,74,False,False
196,26,-514.8831548645564,-735.0459599998175,1.0,CLIENT,7,2,100000,12,37,0,10656,13595,962,204,276,611,38569.98400000002,69,False,False
196,27,-623.800745316869,563.5018399994698,1.0,CLIENT,7,2,100000,12,15,0,12677,15275,1008,306,296,658,15636.480000000005,74,False,False
196,28,549.3407198436203,500.0494399998945,1.0,CLIENT,7,2,100000,16,32,0,15079,17093,1029,460,308,674,33357.824000000015,74,False,False
196,29,506.0905348350201,596.8978399997875,1.0,CLIENT,7,2,100000,12,18,0,14844,16901,1030,432,309,671,18763.776000000005,74,False,False
196,30,198.66568498449126,466.43080000013896,1.0,CLIENT,7,2,100000,10,17,0,17280,18515,935,914,320,592,17721.344000000005,74,False,False
196,31,580.9466242725491,938.7615599996195,1.0,CLIENT,7,2,100000,15,92,0,11097,14148,864,175,279,498,95903.74400000005,68,False,False
196,32,-610.2553577041493,-334.7392400004182,1.0,CLIENT,7,2,100000,11,17,0,12568,15776,1013,465,299,686,17721.344000000005,73,False,False
196,33,108.99680324460576,841.245239999831,1.0,CLIENT,7,2,100000,11,19,0,13850,16499,993,449,308,637,19806.208000000006,74,False,False
196,34,-327.78253766631775,25.380959999988306,1.0,CLIENT,7,2,100000,9,5,0,17597,18831,813,1273,301,508,5212.16,74,False,False
196,35,-382.59779046117063,-999.7649199998411,1.0,CLIENT,7,2,100000,9,135,0,8775,11841,768,199,272,398,140728.32000000007,62,False,False
196,36,-764.1658146118353,64.89955999987643,1.0,CLIENT,7,2,100000,7,16,0,12262,15061,1020,403,305,645,16678.912000000004,74,False,False
196,37,-110.97712307163569,47.64495999993642,1.0,CLIENT,7,2,100000,10,8,0,18771,19109,682,1659,296,378,8339.456,74,False,False
196,38,-155.41549997645387,267.9472399997829,1.0,CLIENT,7,2,100000,12,4,0,18287,19042,834,1345,306,513,4169.728,74,False,False
196,39,-615.9586788044196,826.7736399999833,1.0,CLIENT,7,2,100000,17,56,0,11516,13674,926,237,287,544,58376.19200000003,71,False,False
196,40,-115.25461389711978,-151.06123999985755,1.0,CLIENT,7,2,100000,9,7,0,18183,19008,756,1448,291,452,7297.023999999999,74,False,False
196,41,741.4317430041733,-539.2340799998349,1.0,CLIENT,7,2,100000,13,37,0,10618,14098,889,200,283,540,38569.98400000002,72,False,False
196,42,-317.16802339658926,357.44852000003306,1.0,CLIENT,7,2,100000,15,10,0,16607,18620,990,861,321,647,10424.320000000002,74,False,False
196,43,660.0802045355622,-58.888280000024906,1.0,CLIENT,7,2,100000,15,17,0,14696,17169,1019,471,306,680,17721.344000000005,74,False,False
196,44,-602.1756528125688,-78.9258800000573,1.0,CLIENT,7,2,100000,14,14,0,13712,16906,962,659,305,627,14594.048000000004,74,False,False
196,45,-793.7121864220038,-128.46327999996163,1.0,CLIENT,7,2,100000,17,50,0,11547,14351,914,425,289,582,52121.60000000003,73,False,False
196,46,-987.7043166161677,-256.25864000002764,1.0,CLIENT,7,2,100000,12,79,0,10139,11756,875,282,278,513,82352.12800000004,68,False,False
196,47,69.54883230266474,-303.3469999997874,1.0,CLIENT,7,2,100000,14,13,0,17221,18775,904,1035,304,584,13551.616000000004,74,False,False
196,48,-657.0701184002777,-350.3240399998282,1.0,CLIENT,7,2,100000,11,32,0,11947,15173,978,378,288,641,33357.824000000015,73,False,False
196,49,-841.3982878418002,-731.3724000003915,1.0,CLIENT,7,2,100000,18,122,0,8313,10909,778,59,252,430,127176.70400000007,62,False,False
196,50,645.2674122343313,-599.7921600003897,1.0,CLIENT,7,2,100000,12,37,0,10987,14439,901,225,284,546,38569.98400000002,73,False,False
196,51,573.5006217255057,-481.79296000011107,1.0,CLIENT,7,2,100000,12,26,0,12917,16042,941,360,291,596,27103.23200000001,73,False,False
196,52,269.16507080424293,831.5603999997626,1.0,CLIENT,7,2,100000,8,15,0,13775,16330,986,373,305,634,15636.480000000005,72,False,False
196,53,570.4113227962395,779.1286800000469,1.0,CLIENT,7,2,100000,11,21,0,13076,15562,982,264,294,627,21891.072000000007,71,False,False
196,54,508.78376979888026,682.5029199995919,1.0,CLIENT,7,2,100000,10,16,0,14249,16429,1023,362,304,666,16678.912000000004,73,False,False
196,55,-755.4524073757179,338.63544000007295,1.0,CLIENT,7,2,100000,10,19,0,12143,14969,1012,296,295,662,19806.208000000006,74,False,False
196,56,117.63099768786716,-217.9645600002118,1.0,CLIENT,7,2,100000,8,1,0,17991,18980,883,1199,312,554,1042.432,74,False,False
196,57,653.4263299193307,626.7315999996072,1.0,CLIENT,7,2,100000,11,19,0,13643,15857,1028,314,298,663,19806.208000000006,72,False,False
196,58,308.61304174618397,223.8645199995534,1.0,CLIENT,7,2,100000,10,11,0,17876,18820,914,1028,311,582,11466.752000000002,74,False,False
196,59,-230.19237662112678,204.4948400002076,1.0,CLIENT,7,2,100000,8,5,0,18119,19047,848,1320,304,537,5212.16,74,False,False
196,60,-989.0509340980979,626.3976399996593,1.0,CLIENT,7,2,100000,14,184,0,9119,11585,763,72,261,407,191807.4880000001,62,False,False
196,61,-911.2639713170149,-138.48207999997783,1.0,CLIENT,7,2,100000,14,43,0,10779,12856,933,330,284,586,44824.57600000002,71,False,False
196,62,625.9394907284853,-42.63555999992832,1.0,CLIENT,7,2,100000,9,12,0,15104,17485,1024,528,313,677,12509.184000000003,74,False,False
196,63,-437.6506816351544,667.0294399999009,1.0,CLIENT,7,2,100000,14,25,0,13602,16032,1005,405,304,649,26060.80000000001,74,False,False
196,64,-317.5640873619953,-819.3151999998306,1.0,CLIENT,7,2,100000,10,31,0,11175,13743,928,314,286,553,32315.392000000014,70,False,False
196,65,763.6113250601544,-297.66967999988367,1.0,CLIENT,7,2,100000,16,30,0,12588,15569,932,291,295,586,31272.960000000014,73,False,False
196,66,456.2656880024816,-635.5258800003421,1.0,CLIENT,7,2,100000,16,40,0,12025,15270,936,256,282,572,41697.28000000002,73,False,False
196,67,-757.3535144093288,524.985120000216,1.0,CLIENT,7,2,100000,12,26,0,11570,14203,972,215,288,618,27103.23200000001,73,False,False
196,68,68.04378923502254,-296.33384000009244,1.0,CLIENT,7,2,100000,10,4,0,17342,18796,889,1108,308,569,4169.728,74,False,False
196,69,948.097920087389,655.7861199998124,1.0,CLIENT,7,2,100000,11,72,0,10291,13426,892,121,282,499,75055.10400000004,66,False,False
196,70,943.8996420558867,-329.1732400002334,1.0,CLIENT,7,2,100000,11,56,0,10432,13652,876,135,280,509,58376.19200000003,71,False,False
196,71,-400.02460493340544,966.1462800000857,1.0,CLIENT,7,2,100000,9,63,0,11516,13991,898,259,290,514,65673.21600000003,71,False,False
196,72,-340.93186131363143,656.4540399997079,1.0,CLIENT,7,2,100000,9,17,0,14235,16781,989,485,306,627,17721.344000000005,74,False,False
196,73,607.5621227397264,804.8435999999831,1.0,CLIENT,7,2,100000,17,32,0,12440,15032,966,240,291,621,33357.824000000015,70,False,False
196,74,309.722020848983,408.21044000000967,1.0,CLIENT,7,2,100000,10,12,0,17179,18443,996,823,317,644,12509.184000000003,74,False,False

197,0,-562.806894663484,988.2989599995238,1.0,CLIENT,7,2,100000,13,62,0,7691,11092,891,152,270,544,64630.784000000036,64,False,False
197,1,-839.1803296362021,-660.4615599998726,1.0,CLIENT,7,2,100000,15,42,0,9489,12638,852,82,279,483,43782.14400000002,67,False,False
197,2,-901.1247338061112,-357.8938000004908,1.0,CLIENT,7,2,100000,11,27,0,10873,13622,931,219,292,572,28145.66400000001,69,False,False
197,3,-458.8797101740485,-331.622280000378,1.0,CLIENT,7,2,100000,12,20,0,15151,16818,998,628,314,633,20848.640000000007,74,False,False
197,4,-991.902594648233,512.0719999995976,1.0,CLIENT,7,2,100000,16,46,0,8856,11559,971,167,276,637,47951.872000000025,64,False,False
197,5,684.7945959691283,-945.6634000003864,1.0,CLIENT,7,2,100000,9,24,0,9281,11024,951,39,273,603,25018.36800000001,61,False,False
197,6,-35.249692910438675,593.0016400001327,1.0,CLIENT,7,2,100000,12,17,0,14369,16321,807,962,292,492,17721.344000000005,74,False,False
197,7,-341.72398924388057,720.9083199999177,1.0,CLIENT,7,2,100000,17,25,0,12516,15042,955,590,287,635,26060.80000000001,72,False,False
197,8,718.2223946388121,879.09403999998,1.0,CLIENT,7,2,100000,10,32,0,7336,10258,837,34,260,475,33357.824000000015,68,False,False
197,9,-20.35768781578894,-792.3757599998223,1.0,CLIENT,7,2,100000,14,40,0,12512,14545,987,400,298,614,41697.28000000002,73,False,False
197,10,359.3092293018276,-397.0784400004311,1.0,CLIENT,7,2,100000,12,16,0,14120,16434,1057,595,300,718,16678.912000000004,74,False,False
197,11,3.1685117221221972,-25.93756000016498,1.0,CLIENT,7,2,100000,10,5,0,17617,18111,729,1560,293,429,5212.16,74,False,False
197,12,-247.85682947249273,318.3751999998117,1.0,CLIENT,7,2,100000,13,15,0,16182,17432,837,1188,300,514,15636.480000000005,74,False,False
197,13,-922.7498263104114,3.3395999994780823,1.0,CLIENT,7,2,100000,17,64,0,11500,13617,905,411,299,514,66715.64800000003,72,False,False
197,14,92.44132949603886,-339.7486400004263,1.0,CLIENT,7,2,100000,11,11,0,15983,17430,926,944,299,610,11466.752000000002,74,False,False
197,15,-983.5060385841026,654.5615999997401,1.0,CLIENT,7,2,100000,9,31,0,7754,10645,939,76,266,601,32315.392000000014,61,False,False
197,16,709.0337106444326,-697.3084800001783,1.0,CLIENT,7,2,100000,15,48,0,10100,12247,985,87,269,629,50036.736000000026,68,False,False
197,17,324.45560035735775,-969.4858800003547,1.0,CLIENT,7,2,100000,13,59,0,10767,12335,978,185,286,603,61503.488000000034,67,False,False
197,18,544.0334627087561,-948.0011200000212,1.0,CLIENT,7,2,100000,15,64,0,10013,11760,949,93,271,565,66715.64800000003,65,False,False
197,19,646.2179657508553,857.8319199998754,1.0,CLIENT,7,2,100000,14,33,0,8017,10983,864,70,265,499,34400.256000000016,68,False,False
197,20,516.5466235184737,22.93191999984373,1.0,CLIENT,7,2,100000,8,22,0,14319,16402,819,910,287,496,22933.504000000008,74,False,False
197,21,-343.9419474494787,-700.7594000001664,1.0,CLIENT,7,2,100000,15,25,0,12996,15088,973,401,308,622,26060.80000000001,73,False,False
197,22,-498.4861067022646,-360.6767999997922,1.0,CLIENT,7,2,100000,9,12,0,14798,16616,1027,568,317,668,12509.184000000003,74,False,False
197,23,569.6191948659903,846.6999199995058,1.0,CLIENT,7,2,100000,14,28,0,8662,11604,907,88,271,546,29188.096000000012,71,False,False
197,24,-167.21820614183747,698.4216799997407,1.0,CLIENT,7,2,100000,9,16,0,13497,15504,833,850,287,514,16678.912000000004,74,False,False
197,25,-704.6770070272181,-720.4630400002509,1.0,CLIENT,7,2,100000,12,57,0,10330,13433,871,145,285,505,59418.62400000003,69,False,False
197,26,51.80516665844273,499.82679999966564,1.0,CLIENT,7,2,100000,11,15,0,15026,16977,871,987,305,550,15636.480000000005,74,False,False
197,27,890.034942777558,242.78892000002344,1.0,CLIENT,7,2,100000,12,55,0,10942,13069,869,447,289,517,57333.76000000003,71,False,False
197,28,-187.97195792246956,-454.0742800004881,1.0,CLIENT,7,2,100000,17,24,0,15265,16923,960,707,318,608,25018.36800000001,74,False,False
197,29,-959.9798390467543,910.5975999995388,1.0,CLIENT,7,2,100000,12,207,0,6112,8383,709,20,252,368,215783.42400000012,60,False,False
197,30,617.4637218714989,-491.3664800004605,1.0,CLIENT,7,2,100000,10,33,0,11751,14213,1035,260,280,690,34400.256000000016,72,False,False
197,31,-294.51316458290904,636.6390799999044,1.0,CLIENT,7,2,100000,15,23,0,13674,15769,941,726,292,615,23975.93600000001,74,False,False
197,32,-965.8415857327367,-25.158319999759442,1.0,CLIENT,7,2,100000,12,30,0,11211,13167,917,406,295,570,31272.960000000014,71,False,False
197,33,-928.6115729963936,275.73963999988337,1.0,CLIENT,7,2,100000,11,24,0,10839,13169,1000,343,294,644,25018.36800000001,71,False,False
197,34,117.4725721015922,-50.094000000080996,1.0,CLIENT,7,2,100000,7,5,0,17392,18043,741,1531,292,445,5212.16,74,False,False
197,35,-457.5330926921185,659.3483599995193,1.0,CLIENT,7,2,100000,9,13,0,12502,15268,1024,489,291,700,13551.616000000004,72,False,False
197,36,-513.6157501760454,39.29595999965926,1.0,CLIENT,7,2,100000,7,8,0,15029,16995,943,801,306,603,8339.456,74,False,False
197,37,-739.372210385413,786.9210800001474,1.0,CLIENT,7,2,100000,14,34,0,8384,11913,936,107,267,605,35442.68800000002,64,False,False
197,38,-555.3608921164405,915.9409599994947,1.0,CLIENT,7,2,100000,14,50,0,8483,11973,933,166,268,594,52121.60000000003,65,False,False
197,39,11.802706164820759,909.2617599997476,1.0,CLIENT,7,2,100000,17,81,0,10862,13565,791,593,279,453,84436.99200000004,72,False,False
197,40,403.19311665496485,138.25943999974896,1.0,CLIENT,7,2,100000,11,13,0,15164,17224,851,990,296,536,13551.616000000004,74,False,False
197,41,630.1377687605506,593.3356000000805,1.0,CLIENT,7,2,100000,12,31,0,10649,13594,928,224,275,608,32315.392000000014,73,False,False
197,42,-918.8683994503334,53.544920000069,1.0,CLIENT,7,2,100000,17,44,0,11530,13637,902,455,291,526,45867.00800000002,72,False,False
197,43,-716.4797131926017,-744.9534400001147,1.0,CLIENT,7,2,100000,16,111,0,10060,13132,802,130,277,434,115709.95200000006,69,False,False
197,44,-617.7013602511928,-59.66752000043044,1.0,CLIENT,7,2,100000,14,21,0,14232,16371,970,660,303,624,21891.072000000007,74,False,False
197,45,-52.04280503813659,-253.0303600002685,1.0,CLIENT,7,2,100000,16,16,0,16726,17794,834,1164,306,514,16678.912000000004,74,False,False
197,46,792.920058490629,925.5144799998442,1.0,CLIENT,7,2,100000,12,160,0,6335,9157,663,16,248,310,166789.12000000008,62,False,False
197,47,44.755228076242425,-408.8783599999053,1.0,CLIENT,7,2,100000,14,15,0,15529,17138,954,842,308,633,15636.480000000005,74,False,False
197,48,985.4071456171508,-726.2516799998735,1.0,CLIENT,7,2,100000,12,166,0,8592,10200,799,17,257,440,173043.7120000001,58,False,False
197,49,438.0467455994347,16.920639999992204,1.0,CLIENT,7,2,100000,13,13,0,14915,16988,826,991,291,526,13551.616000000004,74,False,False
197,50,-110.34342072766152,-213.40043999987046,1.0,CLIENT,7,2,100000,12,8,0,16882,17891,857,1164,322,525,8339.456,74,False,False
197,51,-681.8637226267,-591.6658000003415,1.0,CLIENT,7,2,100000,12,30,0,11441,14660,941,190,298,565,31272.960000000014,70,False,False
197,52,153.91045690768598,-433.1461200003312,1.0,CLIENT,7,2,100000,8,13,0,15013,16927,984,747,303,638,13551.616000000004,74,False,False
197,53,-102.42214142179319,-556.266040000337,1.0,CLIENT,7,2,100000,10,15,0,14570,16366,995,632,306,643,15636.480000000005,74,False,False
197,54,500.70406490673696,-587.9922400001246,1.0,CLIENT,7,2,100000,10,16,0,12017,14346,1073,247,291,727,16678.912000000004,72,False,False
197,55,545.3800801906862,56.88451999954708,1.0,CLIENT,7,2,100000,10,10,0,14141,16140,839,854,291,521,10424.320000000002,74,False,False
197,56,538.9638439530229,-772.7834400002475,1.0,CLIENT,7,2,100000,11,16,0,10818,12836,1044,137,283,690,16678.912000000004,68,False,False
197,57,-838.8634784642151,258.48503999994335,1.0,CLIENT,7,2,100000,10,28,0,11803,14018,996,415,294,623,29188.096000000012,72,False,False
197,58,640.1977934785981,104.86344000022228,1.0,CLIENT,7,2,100000,10,38,0,13355,15284,833,748,290,496,39612.41600000002,74,False,False
197,59,-875.0637248906148,261.8246400002124,1.0,CLIENT,7,2,100000,10,23,0,11405,13715,1000,394,292,633,23975.93600000001,72,False,False
197,60,642.0196877187901,52.20907999948679,1.0,CLIENT,7,2,100000,13,20,0,13325,15271,826,780,283,522,20848.640000000007,74,False,False
197,61,608.5126762562505,-777.347559999798,1.0,CLIENT,7,2,100000,14,28,0,10366,12438,991,111,272,659,29188.096000000012,68,False,False
197,62,158.3463733188822,-548.4736400002364,1.0,CLIENT,7,2,100000,9,17,0,13985,16218,1000,567,307,648,17721.344000000005,74,False,False
197,63,-625.305788385074,-592.8903200004138,1.0,CLIENT,7,2,100000,14,35,0,12054,15006,943,253,299,570,36485.12000000002,70,False,False
197,64,735.8868474901781,323.94119999999646,1.0,CLIENT,7,2,100000,10,19,0,11805,14120,954,442,296,624,19806.208000000006,74,False,False
197,65,513.4573245892075,-245.01531999993915,1.0,CLIENT,7,2,100000,14,17,0,13834,16073,1025,625,297,702,17721.344000000005,74,False,False
197,66,618.572700974298,-769.1098800000307,1.0,CLIENT,7,2,100000,16,32,0,10369,12403,984,106,269,640,33357.824000000015,68,False,False
197,67,821.2782384045794,680.499159999905,1.0,CLIENT,7,2,100000,13,87,0,8268,11402,818,89,268,474,90691.58400000005,67,False,False
197,68,-117.7102104818489,-104.41815999976455,1.0,CLIENT,7,2,100000,8,5,0,17329,18050,771,1390,304,461,5212.16,74,False,False
197,69,368.02263653794506,-940.8766399998162,1.0,CLIENT,7,2,100000,11,30,0,10810,12379,1006,188,283,645,31272.960000000014,67,False,False
197,70,-531.3594158202673,637.3069999998,1.0,CLIENT,7,2,100000,11,17,0,11966,15084,1039,354,296,700,17721.344000000005,71,False,False
197,71,316.0590442932274,735.3799199997652,1.0,CLIENT,7,2,100000,9,25,0,11408,14386,966,336,289,621,26060.80000000001,74,False,False
197,72,217.2806913523813,-283.19808000003604,1.0,CLIENT,7,2,100000,9,9,0,15880,17424,962,944,307,643,9381.888,74,False,False
197,73,238.2720815121444,-336.5203599998762,1.0,CLIENT,7,2,100000,15,14,0,15405,17146,970,854,298,653,14594.048000000004,74,False,False
197,74,640.9107086159912,-557.4905600004092,1.0,CLIENT,7,2,100000,12,31,0,11132,13717,1018,166,278,678,32315.392000000014,69,False,False

198,0,554.2519130130786,202.37976000001083,1.0,CLIENT,7,2,100000,13,15,0,14559,17648,988,655,312,632,15636.480000000005,74,False,False
198,1,858.5082511409224,-631.2957199999485,1.0,CLIENT,7,2,100000,15,43,0,7876,11781,903,225,273,566,44824.57600000002,64,False,False
198,2,-382.28093928862063,951.2293999997803,1.0,CLIENT,7,2,100000,11,33,0,12252,14831,998,179,308,597,34400.256000000016,66,False,False
198,3,-845.9926298387085,-243.3455200002001,1.0,CLIENT,7,2,100000,12,37,0,12814,15212,931,351,294,572,38569.98400000002,71,False,False
198,4,-692.2405985172975,503.5003599998825,1.0,CLIENT,7,2,100000,16,29,0,13972,15855,1033,334,307,664,30230.528000000013,70,False,False
198,5,581.897177789636,53.43359999955908,1.0,CLIENT,7,2,100000,8,17,0,14618,17547,926,827,309,594,17721.344000000005,74,False,False
198,6,-510.8433024187662,-339.0807200005307,1.0,CLIENT,7,2,100000,12,21,0,14846,17395,1018,479,312,645,21891.072000000007,74,False,False
198,7,497.93161715002077,293.9961199996668,1.0,CLIENT,7,2,100000,17,20,0,14715,17813,995,607,314,638,20848.640000000007,74,False,False
198,8,286.82952365560885,-153.51028000000213,1.0,CLIENT,7,2,100000,7,21,0,17526,18991,734,1482,294,419,21891.072000000007,74,False,False
198,9,161.11882107559842,-813.5265600002081,1.0,CLIENT,7,2,100000,14,46,0,12116,14295,895,557,294,520,47951.872000000025,72,False,False
198,10,487.95080522482925,-16.36403999981553,1.0,CLIENT,7,2,100000,11,12,0,15903,18274,885,1037,302,564,12509.184000000003,74,False,False
198,11,-434.00689315420726,912.7126799997357,1.0,CLIENT,7,2,100000,14,62,0,12526,15059,951,203,299,557,64630.784000000036,69,False,False
198,12,-433.2147652239582,-219.8570000001797,1.0,CLIENT,7,2,100000,15,13,0,16309,18226,997,727,318,655,13551.616000000004,74,False,False
198,13,-425.2142731252338,-355.4447600003462,1.0,CLIENT,7,2,100000,15,13,0,15327,17781,1024,573,315,668,13551.616000000004,74,False,False
198,14,-361.1311235431454,-989.4121599998772,1.0,CLIENT,7,2,100000,14,100,0,10115,12279,854,194,285,479,104243.20000000006,65,False,False
198,15,-729.7874624256276,-649.4408800000131,1.0,CLIENT,7,2,100000,9,86,0,10810,13378,894,132,284,496,89649.15200000005,70,False,False
198,16,-459.9886892768476,11.243320000088488,1.0,CLIENT,7,2,100000,15,15,0,16718,18318,950,805,307,613,15636.480000000005,74,False,False
198,17,-468.86052209924003,882.3223199997392,1.0,CLIENT,7,2,100000,13,20,0,12654,15081,1001,207,301,624,20848.640000000007,69,False,False
198,18,-979.3077605520375,-252.02848000042508,1.0,CLIENT,7,2,100000,15,99,0,11600,14016,849,270,290,463,103200.76800000005,68,False,False
198,19,-199.8538768807092,178.55728000004262,1.0,CLIENT,7,2,100000,9,4,0,18140,19084,858,1272,304,539,4169.728,74,False,False
198,20,-890.1141555709769,126.68215999971267,1.0,CLIENT,7,2,100000,10,38,0,12987,15460,965,300,305,586,39612.41600000002,72,False,False
198,21,915.3038237622424,-582.3149200002208,1.0,CLIENT,7,2,100000,17,43,0,7513,11362,900,241,277,547,44824.57600000002,61,False,False
198,22,49.82484683197565,19.25835999962686,1.0,CLIENT,7,2,100000,7,5,0,19010,19427,651,1706,280,362,5212.16,74,False,False
198,23,213.87454125112808,580.533799999972,1.0,CLIENT,7,2,100000,13,11,0,15126,17399,1024,562,308,665,11466.752000000002,74,False,False
198,24,-890.2725811572518,831.3377599995338,1.0,CLIENT,7,2,100000,10,96,0,10267,12892,833,115,285,459,100073.47200000005,65,False,False
198,25,983.5060385835397,-977.6122400004031,1.0,CLIENT,7,2,100000,14,250,0,4603,7097,584,19,245,291,260608.00000000015,52,False,False
198,26,632.9102165172668,-633.1881599999165,1.0,CLIENT,7,2,100000,12,29,0,10670,14100,982,407,291,643,30230.528000000013,70,False,False
198,27,241.12374206227952,890.6713200000163,1.0,CLIENT,7,2,100000,12,30,0,12160,14613,982,281,295,598,31272.960000000014,71,False,False
198,28,-269.4819219767929,-10.90936000014068,1.0,CLIENT,7,2,100000,15,22,0,18015,19104,840,1196,304,519,22933.504000000008,74,False,False
198,29,273.60098721543915,137.7028399995723,1.0,CLIENT,7,2,100000,11,5,0,17889,19221,834,1283,308,519,5212.16,74,False,False
198,30,839.9724575658884,-381.1596800002823,1.0,CLIENT,7,2,100000,10,43,0,9982,13652,915,437,283,573,44824.57600000002,70,False,False
198,31,-494.28782867019936,-632.8541999999686,1.0,CLIENT,7,2,100000,15,35,0,12069,15185,973,234,292,609,36485.12000000002,74,False,False
198,32,299.5035705446605,812.0793999999069,1.0,CLIENT,7,2,100000,12,36,0,12376,15085,985,299,299,600,37527.55200000002,72,False,False
198,33,928.1362962375688,-330.0638000003579,1.0,CLIENT,7,2,100000,11,83,0,9035,12736,855,382,285,481,86521.85600000004,68,False,False
198,34,195.65559884808118,584.0960399996789,1.0,CLIENT,7,2,100000,11,12,0,15188,17370,1037,542,311,672,12509.184000000003,74,False,False
198,35,-490.6440401892523,715.8989199999096,1.0,CLIENT,7,2,100000,9,14,0,14039,15900,1028,341,311,644,14594.048000000004,71,False,False
198,36,358.2002501990286,-989.0781999999294,1.0,CLIENT,7,2,100000,8,64,0,9507,12169,933,299,285,542,66715.64800000003,65,False,False
198,37,892.490539362287,363.5711199996035,1.0,CLIENT,7,2,100000,14,35,0,9472,12666,900,212,282,534,36485.12000000002,73,False,False
198,38,-761.076515683132,569.1791600001645,1.0,CLIENT,7,2,100000,14,31,0,13185,15252,999,261,300,613,32315.392000000014,68,False,False
198,39,509.8135361082604,-993.4196800000418,1.0,CLIENT,7,2,100000,17,49,0,8188,11352,942,204,273,565,51079.16800000003,60,False,False
198,40,77.78696278052016,-146.60844000002612,1.0,CLIENT,7,2,100000,9,4,0,18507,19354,681,1640,284,393,4169.728,74,False,False
198,41,148.04871022170363,-763.2099199998981,1.0,CLIENT,7,2,100000,12,26,0,12414,14765,901,600,293,538,27103.23200000001,74,False,False
198,42,-536.7458857479876,-560.1622399999917,1.0,CLIENT,7,2,100000,18,27,0,12531,15610,1001,261,297,640,28145.66400000001,74,False,False
198,43,-54.33997603659076,612.0373599995307,1.0,CLIENT,7,2,100000,15,19,0,15524,17287,989,621,309,633,19806.208000000006,74,False,False
198,44,790.3060363201878,342.75427999995657,1.0,CLIENT,7,2,100000,14,41,0,10568,14266,938,252,289,577,42739.71200000002,74,False,False
198,45,-355.1109512708881,-437.3762799999338,1.0,CLIENT,7,2,100000,17,22,0,14938,17675,1034,525,304,686,22933.504000000008,74,False,False
198,46,375.15178791300144,956.6840799994552,1.0,CLIENT,7,2,100000,12,107,0,10628,13354,867,180,285,507,111540.22400000006,66,False,False
198,47,459.98868927628473,577.1941999997028,1.0,CLIENT,7,2,100000,15,29,0,12946,16328,997,337,294,653,30230.528000000013,74,False,False
198,48,-502.6843847337668,-473.4439599998339,1.0,CLIENT,7,2,100000,11,17,0,13571,16629,1025,361,309,658,17721.344000000005,74,False,False
198,49,-232.7271859992748,57.55244000023367,1.0,CLIENT,7,2,100000,12,14,0,18261,19130,815,1294,299,503,14594.048000000004,74,False,False
198,50,-263.0656857396924,791.8191599996455,1.0,CLIENT,7,2,100000,12,34,0,14339,15993,1033,369,309,633,35442.68800000002,72,False,False
198,51,-621.899638283258,-55.32604000031796,1.0,CLIENT,7,2,100000,11,17,0,15481,17322,1005,563,311,658,17721.344000000005,74,False,False
198,52,-642.098900512772,-258.81899999989116,1.0,CLIENT,7,2,100000,8,14,0,14427,16820,987,489,305,623,14594.048000000004,74,False,False
198,53,41.98278031952621,-821.3189600003085,1.0,CLIENT,7,2,100000,10,21,0,12251,14268,919,597,300,563,21891.072000000007,74,False,False
198,54,722.6583110500084,783.4701600001595,1.0,CLIENT,7,2,100000,11,31,0,9237,11864,911,96,278,548,32315.392000000014,68,False,False
198,55,541.577866124027,779.4626399999947,1.0,CLIENT,7,2,100000,10,18,0,10641,13743,968,172,288,608,18763.776000000005,71,False,False
198,56,-535.8745450243196,187.46287999970548,1.0,CLIENT,7,2,100000,10,8,0,16087,17742,1010,640,314,655,8339.456,73,False,False
198,57,-908.8083747322858,516.41347999971,1.0,CLIENT,7,2,100000,11,29,0,12110,14345,979,180,297,599,30230.528000000013,66,False,False
198,58,246.35178640372484,722.2441599997089,1.0,CLIENT,7,2,100000,10,24,0,13632,16127,1023,388,306,639,25018.36800000001,74,False,False
198,59,-218.15203207661216,-959.0217999998808,1.0,CLIENT,7,2,100000,10,29,0,10951,12850,951,351,295,575,30230.528000000013,69,False,False
198,60,-252.1343202979768,-965.9236399998567,1.0,CLIENT,7,2,100000,13,35,0,10738,12778,951,326,294,568,36485.12000000002,66,False,False
198,61,-304.49397650753764,40.96576000018928,1.0,CLIENT,7,2,100000,13,10,0,17806,18994,852,1159,305,530,10424.320000000002,74,False,False
198,62,-607.1660587748833,-52.87700000017338,1.0,CLIENT,7,2,100000,9,9,0,15628,17426,998,597,309,657,9381.888,74,False,False
198,63,-281.75990490043847,647.3257999998162,1.0,CLIENT,7,2,100000,14,21,0,15332,16836,1049,502,308,671,21891.072000000007,73,False,False
198,64,-864.4492106208863,688.0689199997767,1.0,CLIENT,7,2,100000,10,24,0,11535,14052,953,159,292,578,25018.36800000001,66,False,False
198,65,-679.9626155936519,72.69195999997692,1.0,CLIENT,7,2,100000,14,21,0,15133,16932,1000,526,313,632,21891.072000000007,73,False,False
198,66,101.3131623184313,-326.8355199998078,1.0,CLIENT,7,2,100000,11,9,0,16960,18872,839,1272,300,529,9381.888,74,False,False
198,67,-857.7953360040922,482.01559999954895,1.0,CLIENT,7,2,100000,12,44,0,12653,14896,973,213,301,591,45867.00800000002,69,False,False
198,68,-673.1503153905826,949.3369599998124,1.0,CLIENT,7,2,100000,10,29,0,10794,13544,925,160,291,542,30230.528000000013,62,False,False
198,69,884.0939832981567,602.79779999992,1.0,CLIENT,7,2,100000,12,44,0,8707,11480,869,111,279,499,45867.00800000002,68,False,False
198,70,-126.34440492454746,840.9112799998832,1.0,CLIENT,7,2,100000,11,18,0,14027,15693,1001,422,311,626,18763.776000000005,72,False,False
198,71,-650.8915205417454,-121.89539999993343,1.0,CLIENT,7,2,100000,8,12,0,15093,17066,1007,530,311,647,12509.184000000003,74,False,False
198,72,-659.2880766058759,-717.4573999999296,1.0,CLIENT,7,2,100000,10,32,0,10666,13302,950,126,286,570,33357.824000000015,69,False,False
198,73,-206.9038154629095,190.3571999995168,1.0,CLIENT,7,2,100000,13,13,0,17999,19004,846,1232,297,527,13551.616000000004,74,False,False
198,74,943.8204292624678,599.3468799999321,1.0,CLIENT,7,2,100000,13,147,0,8174,10841,747,109,268,383,153237.50400000007,67,False,False

199,0,-599.6408434344208,591.1092000001647,1.0,CLIENT,7,2,100000,13,32,0,11844,15090,981,296,301,608,33357.824000000015,73,False,False
199,1,502.12989518208593,-225.7569600003123,1.0,CLIENT,7,2,100000,12,7,0,15827,17726,1027,715,323,682,7297.023999999999,74,False,False
199,2,-290.94858889538085,431.92159999946796,1.0,CLIENT,7,2,100000,9,10,0,15884,17997,1012,791,317,650,10424.320000000002,74,False,False
199,3,452.85953790122835,-788.4795600001676,1.0,CLIENT,7,2,100000,12,52,0,10971,13585,940,295,303,558,54206.46400000003,72,False,False
199,4,764.6410913695346,277.9660399997991,1.0,CLIENT,7,2,100000,15,23,0,13339,15488,988,493,304,641,23975.93600000001,73,False,False
199,5,802.3463808647023,813.0812799997502,1.0,CLIENT,7,2,100000,9,51,0,9606,12151,900,60,264,541,53164.03200000003,66,False,False
199,6,740.3227639013743,883.2128799998636,1.0,CLIENT,7,2,100000,14,36,0,9417,11964,915,41,266,571,37527.55200000002,66,False,False
199,7,447.07700400810216,-884.326080000217,1.0,CLIENT,7,2,100000,18,89,0,10213,12569,891,234,289,503,92776.44800000005,70,False,False
199,8,427.9075080885311,645.3220400001294,1.0,CLIENT,7,2,100000,9,19,0,13404,16012,1034,383,299,699,19806.208000000006,73,False,False
199,9,-90.93628642839667,474.3345199999584,1.0,CLIENT,7,2,100000,13,12,0,16295,18088,877,1015,319,542,12509.184000000003,74,False,False
199,10,749.0361711374917,498.4909599998744,1.0,CLIENT,7,2,100000,12,21,0,12241,14667,1034,286,297,697,21891.072000000007,72,False,False
199,11,-360.65584678432054,-73.69383999982034,1.0,CLIENT,7,2,100000,13,12,0,16116,18070,871,1092,307,552,12509.184000000003,74,False,False
199,12,-356.3783559593993,-364.7956400004668,1.0,CLIENT,7,2,100000,15,8,0,14323,16920,1046,612,305,723,8339.456,74,False,False
199,13,-324.37638756506453,-301.5658800003294,1.0,CLIENT,7,2,100000,15,12,0,15130,17475,1009,760,307,672,12509.184000000003,74,False,False
199,14,948.731622431926,220.4135999995654,1.0,CLIENT,7,2,100000,14,36,0,11775,14127,936,431,297,544,37527.55200000002,71,False,False
199,15,-581.0258370665308,-146.94239999997393,1.0,CLIENT,7,2,100000,8,27,0,13984,16166,926,705,303,574,28145.66400000001,74,False,False
199,16,525.9729458919841,971.6009599997606,1.0,CLIENT,7,2,100000,15,43,0,9844,12465,918,138,273,573,44824.57600000002,66,False,False
199,17,-397.80664672780745,-817.7567199998106,1.0,CLIENT,7,2,100000,13,16,0,10333,12740,992,200,288,649,16678.912000000004,67,False,False
199,18,-929.9581904783238,-282.1962000001926,1.0,CLIENT,7,2,100000,15,118,0,10415,12797,865,329,278,501,123006.97600000007,66,False,False
199,19,-153.9896697011049,-802.7285199997863,1.0,CLIENT,7,2,100000,14,33,0,11211,13728,1007,334,296,638,34400.256000000016,73,False,False
199,20,-716.0836492271958,50.76191999997661,1.0,CLIENT,7,2,100000,9,22,0,13123,15435,919,601,295,578,22933.504000000008,74,False,False
199,21,-851.7751637318348,748.2930399995928,1.0,CLIENT,7,2,100000,18,173,0,7966,11325,737,86,258,378,180340.7360000001,69,False,False
199,22,910.630268971915,-374.70311999997307,1.0,CLIENT,7,2,100000,10,30,0,10498,13962,954,223,302,598,31272.960000000014,71,False,False
199,23,33.823862634526854,-773.6740000003721,1.0,CLIENT,7,2,100000,14,15,0,11643,14369,951,437,297,584,15636.480000000005,73,False,False
199,24,931.3840207525471,715.0083599997851,1.0,CLIENT,7,2,100000,10,19,0,9393,11866,934,101,272,592,19806.208000000006,65,False,False
199,25,793.0784840769039,-214.8476000001716,1.0,CLIENT,7,2,100000,11,21,0,12946,15742,987,468,308,633,21891.072000000007,73,False,False
199,26,688.6760228292065,901.8033199995949,1.0,CLIENT,7,2,100000,12,39,0,9568,12126,912,57,267,549,40654.84800000002,66,False,False
199,27,-804.9604030357063,-613.5958400003417,1.0,CLIENT,7,2,100000,12,24,0,9617,12111,977,167,286,628,25018.36800000001,63,False,False
199,28,-781.6718418774891,662.1313599996117,1.0,CLIENT,7,2,100000,17,53,0,9454,12762,893,155,279,533,55248.89600000003,70,False,False
199,29,-871.4199364102307,273.2905999997388,1.0,CLIENT,7,2,100000,12,35,0,11125,13810,956,329,295,583,36485.12000000002,72,False,False
199,30,94.10479815051886,-713.449879999765,1.0,CLIENT,7,2,100000,10,32,0,12293,15095,927,534,301,586,33357.824000000015,74,False,False
199,31,615.6418276313068,822.4321599998709,1.0,CLIENT,7,2,100000,15,40,0,10695,13305,964,110,280,594,41697.28000000002,68,False,False
199,32,999.0317460227266,320.49028000000845,1.0,CLIENT,7,2,100000,12,78,0,10875,13370,888,349,287,505,81309.69600000004,70,False,False
199,33,490.3271890167023,-146.83108000025499,1.0,CLIENT,7,2,100000,10,10,0,16273,17923,997,832,320,634,10424.320000000002,74,False,False
199,34,813.6738102712611,924.0673199995431,1.0,CLIENT,7,2,100000,13,106,0,8753,11168,823,18,262,471,110497.79200000006,63,False,False
199,35,-418.8772496809894,383.16343999996917,1.0,CLIENT,7,2,100000,9,10,0,15127,17678,1000,688,312,649,10424.320000000002,74,False,False
199,36,-721.5493319477722,-930.8578399998,1.0,CLIENT,7,2,100000,8,162,0,8168,10248,777,94,272,388,168873.98400000008,54,False,False
199,37,73.03419519733686,943.8822800001376,1.0,CLIENT,7,2,100000,14,62,0,11663,14203,884,474,293,507,64630.784000000036,72,False,False
199,38,-78.34145233276394,-486.2457599999425,1.0,CLIENT,7,2,100000,13,17,0,14696,17138,967,752,300,638,17721.344000000005,74,False,False
199,39,116.83886975761803,-241.34176000051326,1.0,CLIENT,7,2,100000,12,11,0,17396,18595,786,1356,309,463,11466.752000000002,74,False,False
199,40,336.25830652274135,-227.20411999982247,1.0,CLIENT,7,2,100000,11,7,0,16897,18393,937,1035,307,610,7297.023999999999,74,False,False
199,41,36.51709759838701,-320.2676399997796,1.0,CLIENT,7,2,100000,11,17,0,16742,18326,821,1181,301,504,17721.344000000005,74,False,False
199,42,177.19901806590326,170.6535600002232,1.0,CLIENT,7,2,100000,12,7,0,18036,18766,763,1519,296,454,7297.023999999999,74,False,False
199,43,-470.6032035465761,-367.46732000004926,1.0,CLIENT,7,2,100000,15,17,0,13492,16144,1046,529,301,712,17721.344000000005,74,False,False
199,44,485.57442143351903,379.93516000021003,1.0,CLIENT,7,2,100000,14,15,0,15018,17255,1059,602,308,727,15636.480000000005,74,False,False
199,45,-899.7781163241813,223.41923999988666,1.0,CLIENT,7,2,100000,18,77,0,11014,13508,908,348,292,529,80267.26400000004,72,False,False
199,46,-488.66372036334803,-558.3811200005337,1.0,CLIENT,7,2,100000,12,19,0,12000,14591,1035,327,295,685,19806.208000000006,73,False,False
199,47,365.5670399532159,-706.2140799998411,1.0,CLIENT,7,2,100000,15,41,0,11956,14773,960,388,301,597,42739.71200000002,73,False,False
199,48,121.51242454738242,-525.8756800003405,1.0,CLIENT,7,2,100000,11,22,0,14604,17090,919,778,307,580,22933.504000000008,74,False,False
199,49,505.77368366247015,798.0530799997259,1.0,CLIENT,7,2,100000,16,36,0,11437,14155,974,176,281,639,37527.55200000002,71,False,False
199,50,908.6499491454479,-537.4529600003768,1.0,CLIENT,7,2,100000,12,50,0,9399,12818,892,122,281,517,52121.60000000003,69,False,False
199,51,728.7576961151217,393.07091999947545,1.0,CLIENT,7,2,100000,11,20,0,13009,15374,1019,394,298,684,20848.640000000007,73,False,False
199,52,-220.84526704047232,935.1993199999126,1.0,CLIENT,7,2,100000,8,29,0,11177,14050,957,378,304,583,30230.528000000013,71,False,False
199,53,234.5490802389041,705.1008799994878,1.0,CLIENT,7,2,100000,10,14,0,13863,16145,1021,536,305,684,14594.048000000004,74,False,False
199,54,-476.7818014045455,707.6612400001422,1.0,CLIENT,7,2,100000,10,25,0,12042,15117,990,374,304,615,26060.80000000001,73,False,False
199,55,305.36531723064286,215.0702399996095,1.0,CLIENT,7,2,100000,9,10,0,17241,18505,892,1188,312,557,10424.320000000002,74,False,False
199,56,946.9097281917338,-627.1768800000649,1.0,CLIENT,7,2,100000,11,174,0,8627,11644,743,90,273,371,181383.1680000001,66,False,False
199,57,-37.784502288023866,734.8233199995886,1.0,CLIENT,7,2,100000,10,18,0,13986,16145,934,645,304,584,18763.776000000005,74,False,False
199,58,-584.9072639260461,-874.8638800003775,1.0,CLIENT,7,2,100000,11,44,0,9188,11406,939,129,281,562,45867.00800000002,62,False,False
199,59,903.2634792177276,61.782599999836236,1.0,CLIENT,7,2,100000,10,24,0,12394,14812,926,508,302,562,25018.36800000001,74,False,False
199,60,670.2194420470286,617.3807199994866,1.0,CLIENT,7,2,100000,13,27,0,11970,14539,1015,220,288,667,28145.66400000001,71,False,False
199,61,28.595818293081518,-239.5606400002643,1.0,CLIENT,7,2,100000,12,10,0,17348,18619,777,1371,297,467,10424.320000000002,74,False,False
199,62,298.15695306273045,701.0933600001141,1.0,CLIENT,7,2,100000,9,8,0,13598,16011,1036,465,308,706,8339.456,73,False,False
199,63,-471.39533147682516,-735.936519999942,1.0,CLIENT,7,2,100000,14,25,0,10693,13034,1002,192,292,659,26060.80000000001,68,False,False
199,64,51.488315485892805,819.0925599996018,1.0,CLIENT,7,2,100000,10,24,0,13133,15339,934,562,298,587,25018.36800000001,73,False,False
199,65,-282.5520328312505,519.1964799998025,1.0,CLIENT,7,2,100000,14,15,0,15214,17493,1021,693,314,678,15636.480000000005,74,False,False
199,66,2.3763837913102273,-96.51443999994513,1.0,CLIENT,7,2,100000,10,6,0,18167,18837,671,1685,287,382,6254.592,74,False,False
199,67,-48.16137817862133,771.3362799999464,1.0,CLIENT,7,2,100000,11,15,0,13599,15819,931,613,307,587,15636.480000000005,74,False,False
199,68,-92.20369111747068,518.9738399995736,1.0,CLIENT,7,2,100000,10,16,0,15888,17864,887,933,320,523,16678.912000000004,74,False,False
199,69,-639.9601551000299,-629.2919600002617,1.0,CLIENT,7,2,100000,11,28,0,10702,13005,1001,234,292,641,29188.096000000012,67,False,False
199,70,-735.8868474913037,994.755519999833,1.0,CLIENT,7,2,100000,12,75,0,6811,10193,770,59,260,428,78182.40000000004,63,False,False
199,71,-66.85559733936742,-348.32028000014134,1.0,CLIENT,7,2,100000,6,8,0,16275,18092,887,1064,302,578,8339.456,74,False,False
199,72,-657.0701184002777,-404.3142400003549,1.0,CLIENT,7,2,100000,9,14,0,12101,14361,1054,358,301,684,14594.048000000004,72,False,False
199,73,520.9033271362509,-455.8553999999461,1.0,CLIENT,7,2,100000,16,19,0,13665,16666,992,469,308,649,19806.208000000006,73,False,False
199,74,-251.89668191884581,-927.4069199998121,1.0,CLIENT,7,2,100000,12,70,0,10000,12245,927,246,288,572,72970.24000000003,66,False,False

200,0,-509.6551105231111,-544.0208400004051,1.0,CLIENT,7,2,100000,13,22,0,18630,23157,1033,323,290,677,22933.504000000008,97,False,False
200,1,-884.1731960921384,-266.5000800002727,1.0,CLIENT,7,2,100000,14,31,0,16906,20665,980,436,288,613,32315.392000000014,95,False,False
200,2,-679.645764421102,414.2217199998612,1.0,CLIENT,7,2,100000,10,7,0,19889,23122,1014,502,309,654,7297.023999999999,93,False,False
200,3,-976.7729511744521,91.50503999993703,1.0,CLIENT,7,2,100000,12,52,0,16980,20778,844,607,295,515,54206.46400000003,88,False,False
200,4,-541.9739300899957,983.8461599996924,1.0,CLIENT,7,2,100000,16,45,0,15000,18618,960,125,291,564,46909.440000000024,85,False,False
200,5,-276.6902861452681,879.8732799995946,1.0,CLIENT,7,2,100000,9,19,0,18256,21272,993,417,317,623,19806.208000000006,92,False,False
200,6,-115.25461389711978,988.076320000086,1.0,CLIENT,7,2,100000,12,37,0,17647,20292,908,494,307,541,38569.98400000002,88,False,False
200,7,900.4118186675925,788.8135200001153,1.0,CLIENT,7,2,100000,18,63,0,13911,18186,896,93,276,532,65673.21600000003,85,False,False
200,8,538.8846311601668,862.5073599999357,1.0,CLIENT,7,2,100000,10,32,0,17199,20560,1015,155,293,626,33357.824000000015,90,False,False
200,9,-202.62632463798826,-321.9374400003096,1.0,CLIENT,7,2,100000,12,8,0,24662,26664,882,1192,316,556,8339.456,99,False,False
200,10,-280.73013859105833,-349.0995200005469,1.0,CLIENT,7,2,100000,11,12,0,23780,26360,949,934,317,604,12509.184000000003,99,False,False
200,11,869.6772549623319,-536.0058000000756,1.0,CLIENT,7,2,100000,14,24,0,15260,19748,993,211,300,624,25018.36800000001,93,False,False
200,12,490.9608913612393,555.0415199994736,1.0,CLIENT,7,2,100000,15,32,0,20931,23390,1058,345,306,683,33357.824000000015,98,False,False
200,13,85.23296532812644,-224.42112000052106,1.0,CLIENT,7,2,100000,12,4,0,25866,27066,743,1478,312,419,4169.728,99,False,False
200,14,555.8361688741397,-562.9452400000841,1.0,CLIENT,7,2,100000,14,16,0,19004,22795,1061,354,308,687,16678.912000000004,97,False,False
200,15,850.2701206636298,-401.4199200005436,1.0,CLIENT,7,2,100000,9,17,0,17087,21153,1028,332,307,673,17721.344000000005,96,False,False
200,16,802.9008704158205,-923.5107200001573,1.0,CLIENT,7,2,100000,15,56,0,11216,15383,916,68,284,540,58376.19200000003,84,False,False
200,17,-978.1195686563823,-467.7666399999302,1.0,CLIENT,7,2,100000,13,34,0,13731,17739,971,188,272,603,35442.68800000002,90,False,False
200,18,-299.42435775236726,399.8614399997325,1.0,CLIENT,7,2,100000,14,12,0,23149,25414,949,828,316,615,12509.184000000003,99,False,False
200,19,-237.00467682419605,-886.218520000185,1.0,CLIENT,7,2,100000,13,69,0,15941,20404,871,523,304,497,71927.80800000003,94,False,False
200,20,962.2770100446456,-232.88144000051716,1.0,CLIENT,7,2,100000,9,48,0,16669,20637,973,407,313,574,50036.736000000026,92,False,False
200,21,-545.9345697423671,-648.6616400003984,1.0,CLIENT,7,2,100000,16,26,0,16978,21387,1023,232,282,675,27103.23200000001,96,False,False
200,22,342.2784787949987,156.8498799994802,1.0,CLIENT,7,2,100000,8,5,0,24644,26602,895,1126,316,558,5212.16,99,False,False
200,23,80.63862333065526,96.18047999999732,1.0,CLIENT,7,2,100000,9,2,0,26114,27292,827,1393,307,514,2084.864,99,False,False
200,24,-358.7547397512724,-950.116200000218,1.0,CLIENT,7,2,100000,10,21,0,13978,18701,936,340,300,578,21891.072000000007,90,False,False
200,25,220.05313910966035,530.5511199996099,1.0,CLIENT,7,2,100000,11,9,0,22116,24826,1003,655,322,646,9381.888,99,False,False
200,26,130.8595341280369,101.96911999961998,1.0,CLIENT,7,2,100000,11,3,0,26052,27256,848,1395,313,524,3127.2960000000003,99,False,False
200,27,578.4118148949639,-571.5168799997991,1.0,CLIENT,7,2,100000,11,20,0,18664,22433,1047,338,308,679,20848.640000000007,96,False,False
200,28,-16.397048162854773,-812.0793999999069,1.0,CLIENT,7,2,100000,17,63,0,18044,22231,804,769,305,453,65673.21600000003,97,False,False
200,29,-936.2160011297121,-378.9332800003666,1.0,CLIENT,7,2,100000,12,41,0,15230,19199,992,283,282,605,42739.71200000002,93,False,False
200,30,512.2691326929896,-132.4708000001263,1.0,CLIENT,7,2,100000,10,13,0,23257,25632,902,982,319,564,13551.616000000004,99,False,False
200,31,370.7158715018052,600.7940400002332,1.0,CLIENT,7,2,100000,15,26,0,21113,23580,1053,407,310,685,27103.23200000001,98,False,False
200,32,-52.914145761804626,108.09171999998142,1.0,CLIENT,7,2,100000,10,5,0,25936,27214,801,1399,316,480,5212.16,99,False,False
200,33,-90.06494570529148,-501.83056000014346,1.0,CLIENT,7,2,100000,10,7,0,23330,25685,827,1159,312,498,7297.023999999999,99,False,False
200,34,852.64650445494,782.6909199997539,1.0,CLIENT,7,2,100000,12,69,0,14705,18751,920,91,282,555,71927.80800000003,86,False,False
200,35,794.029037593428,236.33235999971419,1.0,CLIENT,7,2,100000,9,35,0,20215,22943,958,624,318,580,36485.12000000002,97,False,False
200,36,-990.3975515800279,722.8007599998855,1.0,CLIENT,7,2,100000,8,89,0,12472,16746,843,109,274,473,92776.44800000005,85,False,False
200,37,56.47872144876997,677.6048400000936,1.0,CLIENT,7,2,100000,14,16,0,21177,23619,954,695,316,601,16678.912000000004,99,False,False
200,38,-514.6455164854254,-951.8973200004668,1.0,CLIENT,7,2,100000,14,37,0,12433,17372,947,149,282,580,38569.98400000002,90,False,False
200,39,215.85486107759516,-466.2081599999101,1.0,CLIENT,7,2,100000,15,16,0,23072,25692,909,932,321,570,16678.912000000004,99,False,False
200,40,57.03321099988807,731.5950399998294,1.0,CLIENT,7,2,100000,11,21,0,20624,23069,947,641,314,584,21891.072000000007,99,False,False
200,41,703.0135383721753,-765.7702799997617,1.0,CLIENT,7,2,100000,12,29,0,14490,18692,995,158,299,633,30230.528000000013,91,False,False
200,42,678.1407213523341,-955.4595600001738,1.0,CLIENT,7,2,100000,18,39,0,12018,16055,926,100,286,557,40654.84800000002,86,False,False
200,43,132.20615160996698,242.45496000007563,1.0,CLIENT,7,2,100000,13,3,0,25054,26976,923,1149,315,594,3127.2960000000003,99,False,False
200,44,72.40049285279986,105.30871999988904,1.0,CLIENT,7,2,100000,10,4,0,26073,27295,825,1414,309,512,4169.728,99,False,False
200,45,-980.7335908273864,952.6765600000815,1.0,CLIENT,7,2,100000,19,165,0,10280,14412,724,32,254,366,172001.2800000001,79,False,False
200,46,281.91833048615064,405.2047999996884,1.0,CLIENT,7,2,100000,12,8,0,22952,25699,1006,715,320,655,8339.456,99,False,False
200,47,-34.37835218677065,659.1257200000814,1.0,CLIENT,7,2,100000,14,17,0,21315,23814,931,748,311,592,17721.344000000005,99,False,False
200,48,347.90258710185003,-359.67491999994877,1.0,CLIENT,7,2,100000,9,12,0,23210,25954,975,811,325,618,12509.184000000003,99,False,False
200,49,-934.7901708549261,249.57943999948952,1.0,CLIENT,7,2,100000,15,61,0,17058,21128,888,519,295,523,63588.352000000035,89,False,False
200,50,-360.73505957773943,311.8073199997835,1.0,CLIENT,7,2,100000,12,17,0,23475,25503,929,916,316,585,17721.344000000005,99,False,False
200,51,389.8061546285202,472.88735999965724,1.0,CLIENT,7,2,100000,11,23,0,21983,24684,1030,529,311,671,23975.93600000001,99,False,False
200,52,495.3968077724355,475.22508000008287,1.0,CLIENT,7,2,100000,8,12,0,21521,24099,1068,450,314,709,12509.184000000003,98,False,False
200,53,-202.4678990517133,728.4780799997893,1.0,CLIENT,7,2,100000,10,13,0,20329,22948,982,585,325,614,13551.616000000004,97,False,False
200,54,-777.5527766382801,-581.7583200000443,1.0,CLIENT,7,2,100000,10,19,0,15240,19230,1012,156,276,662,19806.208000000006,95,False,False
200,55,660.5554812943869,462.86855999964104,1.0,CLIENT,7,2,100000,10,18,0,20317,23165,1047,365,305,664,18763.776000000005,98,False,False
200,56,825.0012396783826,-827.441559999879,1.0,CLIENT,7,2,100000,11,25,0,12238,16568,945,87,289,560,26060.80000000001,86,False,False
200,57,-99.01599132053997,-224.42112000052106,1.0,CLIENT,7,2,100000,8,7,0,25827,27089,753,1495,307,440,7297.023999999999,99,False,False
200,58,-38.65584301169189,-553.5943599999634,1.0,CLIENT,7,2,100000,10,9,0,22752,25344,829,1112,319,484,9381.888,99,False,False
200,59,-371.34957384690506,521.645519999947,1.0,CLIENT,7,2,100000,10,5,0,21722,24251,1030,583,318,681,5212.16,99,False,False
200,60,261.0853659126625,882.2110000000202,1.0,CLIENT,7,2,100000,13,25,0,18631,21368,1038,333,308,664,26060.80000000001,95,False,False
200,61,-413.01550299444426,16.920639999992204,1.0,CLIENT,7,2,100000,13,14,0,24036,25915,807,1189,304,487,14594.048000000004,99,False,False
200,62,-561.9355539398159,547.360439999883,1.0,CLIENT,7,2,100000,10,9,0,19993,23082,1054,366,306,709,9381.888,93,False,False
200,63,-733.5896764922867,435.1498800000181,1.0,CLIENT,7,2,100000,14,22,0,18964,22458,982,467,300,629,22933.504000000008,93,False,False
200,64,83.64870946706534,-72.46932000053903,1.0,CLIENT,7,2,100000,7,3,0,26445,27313,767,1537,298,462,3127.2960000000003,99,False,False
200,65,983.9021025489458,931.1917999997479,1.0,CLIENT,7,2,100000,16,161,0,10815,15420,741,41,258,381,167831.55200000008,80,False,False
200,66,-193.8337046084519,-762.0967200003358,1.0,CLIENT,7,2,100000,14,18,0,18520,22703,882,749,311,541,18763.776000000005,98,False,False
200,67,16.713899334279017,213.95704000004713,1.0,CLIENT,7,2,100000,7,4,0,25492,27071,877,1264,314,556,4169.728,99,False,False
200,68,412.46101344276326,691.2971999995358,1.0,CLIENT,7,2,100000,10,13,0,20134,22593,1070,300,310,693,13551.616000000004,98,False,False
200,69,-235.02435699772897,466.5421199998579,1.0,CLIENT,7,2,100000,11,13,0,22816,25168,942,808,315,610,13551.616000000004,99,False,False
200,70,797.9896772463621,357.11456000008525,1.0,CLIENT,7,2,100000,11,20,0,19516,22552,1011,481,308,643,20848.640000000007,97,False,False
200,71,882.3513018508206,-831.2264399998148,1.0,CLIENT,7,2,100000,9,31,0,11535,15847,927,68,284,540,32315.392000000014,85,False,False
200,72,-595.6802037820496,397.301079999869,1.0,CLIENT,7,2,100000,9,8,0,21033,23839,1005,581,309,647,8339.456,95,False,False
200,73,309.563595262708,-143.26884000054804,1.0,CLIENT,7,2,100000,13,9,0,25066,26699,842,1247,324,496,9381.888,99,False,False
200,74,-134.18647143755973,200.48732000004293,1.0,CLIENT,7,2,100000,10,8,0,25302,26819,856,1275,320,506,8339.456,99,False,False
200,75,938.9092360930094,-825.9944000003688,1.0,CLIENT,7,2,100000,14,197,0,10787,15237,750,41,275,431,205359.1040000001,81,False,False
200,76,375.7854902575385,151.95179999998203,1.0,CLIENT,7,2,100000,12,4,0,24377,26393,908,1085,318,577,4169.728,99,False,False
200,77,570.4113227962395,315.48088000000035,1.0,CLIENT,7,2,100000,13,12,0,22058,24539,1018,639,314,676,12509.184000000003,98,False,False
200,78,331.42632614613916,-338.8580800003018,1.0,CLIENT,7,2,100000,12,13,0,23515,26076,951,862,326,590,13551.616000000004,99,False,False
200,79,913.5611423149062,-142.26695999991364,1.0,CLIENT,7,2,100000,14,48,0,17968,21595,905,551,307,537,50036.736000000026,95,False,False
200,80,715.2123085029649,156.1819599995846,1.0,CLIENT,7,2,100000,9,18,0,21298,23826,922,775,318,563,18763.776000000005,98,False,False
200,81,-146.14760318865547,362.45792000004116,1.0,CLIENT,7,2,100000,12,9,0,24016,26069,923,1025,314,591,9381.888,99,False,False
200,82,115.41303948226906,-190.6911600002556,1.0,CLIENT,7,2,100000,8,4,0,25999,27098,762,1476,314,445,4169.728,99,False,False
200,83,-459.11734855317957,-951.1180800000614,1.0,CLIENT,7,2,100000,15,39,0,13065,18001,940,194,284,582,40654.84800000002,90,False,False
200,84,-387.42977083720996,874.8638799995865,1.0,CLIENT,7,2,100000,11,30,0,17494,20943,1010,271,309,619,31272.960000000014,92,False,False
200,85,-929.2452753409308,-430.9197200004155,1.0,CLIENT,7,2,100000,13,32,0,14804,18762,997,223,271,638,33357.824000000015,94,False,False
200,86,985.6447839962818,-702.5405200004152,1.0,CLIENT,7,2,100000,14,48,0,11493,16175,895,73,278,536,50036.736000000026,80,False,False
200,87,36.04182084012496,506.50600000020376,1.0,CLIENT,7,2,100000,14,9,0,22708,25305,940,883,314,600,9381.888,99,False,False
200,88,-20.912177366907045,936.7577999999327,1.0,CLIENT,7,2,100000,9,64,0,18335,20929,884,528,306,510,66715.64800000003,89,False,False
200,89,-260.4516635686883,336.96563999954293,1.0,CLIENT,7,2,100000,9,8,0,23780,25882,932,953,317,608,8339.456,99,False,False
200,90,-394.4004966265542,66.56935999961547,1.0,CLIENT,7,2,100000,13,9,0,24162,25937,819,1203,310,493,9381.888,99,False,False
200,91,-289.1266946551887,406.4293199997607,1.0,CLIENT,7,2,100000,12,14,0,23109,25393,959,818,321,614,14594.048000000004,99,False,False
200,92,-269.1650708048058,-808.0718800005332,1.0,CLIENT,7,2,100000,10,11,0,17215,21532,962,564,310,614,11466.752000000002,96,False,False
200,93,-290.23567375742493,-132.58211999984525,1.0,CLIENT,7,2,100000,12,4,0,24937,26731,869,1230,325,530,4169.728,99,False,False
200,94,-665.4666744644081,739.4987599996489,1.0,CLIENT,7,2,100000,13,29,0,16777,20429,1008,182,296,653,30230.528000000013,91,False,False
200,95,-579.1247300329198,173.65919999975347,1.0,CLIENT,7,2,100000,9,13,0,22585,24505,876,995,310,530,13551.616000000004,99,False,False
200,96,-13.386962027007538,335.85243999998056,1.0,CLIENT,7,2,100000,13,4,0,24459,26511,897,1121,313,564,4169.728,99,False,False
200,97,220.60762866077846,528.2133999999752,1.0,CLIENT,7,2,100000,12,11,0,22125,24807,1007,650,314,655,11466.752000000002,99,False,False
200,98,-988.4172317535609,-839.2414800001441,1.0,CLIENT,7,2,100000,15,242,0,8525,13103,676,29,240,374,252268.54400000014,79,False,False
200,99,274.7099663182382,-331.0656800002013,1.0,CLIENT,7,2,100000,13,17,0,24045,26415,872,1041,318,532,17721.344000000005,99,False,False

201,0,608.3542506699755,-801.7266399999428,1.0,CLIENT,7,2,100000,13,24,0,16623,20154,1016,250,302,645,25018.36800000001,91,False,False
201,1,-228.2912695880786,333.84867999950274,1.0,CLIENT,7,2,100000,11,5,0,23396,26125,881,1202,322,533,5212.16,99,False,False
201,2,-274.63075352538215,406.0953599998129,1.0,CLIENT,7,2,100000,9,5,0,21996,25397,948,956,321,601,5212.16,99,False,False
201,3,-446.12645049214086,-131.58024000000182,1.0,CLIENT,7,2,100000,11,12,0,22945,25919,1034,762,323,684,12509.184000000003,99,False,False
201,4,887.6585589856849,-919.5031999999926,1.0,CLIENT,7,2,100000,16,135,0,11896,15855,834,80,276,466,140728.32000000007,77,False,False
201,5,683.6856168663294,-366.79940000015364,1.0,CLIENT,7,2,100000,9,12,0,19508,22636,1052,546,320,697,12509.184000000003,96,False,False
201,6,-438.36359677254745,956.1274800000695,1.0,CLIENT,7,2,100000,13,38,0,13685,16871,986,198,296,594,39612.41600000002,88,False,False
201,7,-234.86593141145403,505.0588399999026,1.0,CLIENT,7,2,100000,17,16,0,20655,24603,971,832,322,619,16678.912000000004,99,False,False
201,8,995.3087447489233,-862.6186800004456,1.0,CLIENT,7,2,100000,10,38,0,11155,14862,904,68,282,539,39612.41600000002,74,False,False
201,9,687.3294053472764,-886.5524800001327,1.0,CLIENT,7,2,100000,16,35,0,14662,18483,977,187,293,587,36485.12000000002,86,False,False
201,10,498.01082994287685,69.68631999965567,1.0,CLIENT,7,2,100000,11,12,0,22508,25876,880,1044,315,539,12509.184000000003,99,False,False
201,11,372.30012736286636,956.7953999999651,1.0,CLIENT,7,2,100000,14,151,0,12859,17467,780,259,279,438,157407.23200000008,90,False,False
201,12,840.2100959450195,-915.8296399997757,1.0,CLIENT,7,2,100000,15,59,0,12434,16449,918,100,286,539,61503.488000000034,80,False,False
201,13,-133.47355629960384,44.30535999966736,1.0,CLIENT,7,2,100000,11,5,0,26253,27505,687,1692,289,396,5212.16,99,False,False
201,14,260.9269403263875,635.1919199996032,1.0,CLIENT,7,2,100000,13,19,0,18949,23286,964,647,310,609,19806.208000000006,99,False,False
201,15,959.5045622879294,115.10487999967637,1.0,CLIENT,7,2,100000,8,49,0,15524,19080,929,460,306,539,51079.16800000003,93,False,False
201,16,746.1052977945006,-699.4235600003751,1.0,CLIENT,7,2,100000,15,28,0,15989,19765,1024,235,302,650,29188.096000000012,89,False,False
201,17,132.04772602425484,585.8771599999278,1.0,CLIENT,7,2,100000,11,15,0,20448,24387,885,910,304,549,15636.480000000005,99,False,False
201,18,-955.2270714630082,901.1353999996993,1.0,CLIENT,7,2,100000,15,189,0,10948,14183,751,31,266,407,197019.6480000001,69,False,False
201,19,-880.8462587837413,115.66147999985304,1.0,CLIENT,7,2,100000,13,28,0,18235,20730,974,491,313,594,29188.096000000012,92,False,False
201,20,-463.71169055065076,468.54587999954475,1.0,CLIENT,7,2,100000,9,11,0,19483,23176,1096,558,313,746,11466.752000000002,97,False,False
201,21,899.9365419093305,-435.4838399999659,1.0,CLIENT,7,2,100000,17,24,0,15646,19574,1017,316,301,650,25018.36800000001,89,False,False
201,22,-109.55129279684955,361.12207999945895,1.0,CLIENT,7,2,100000,7,2,0,23887,26440,850,1310,320,518,2084.864,99,False,False
201,23,-744.2834035548713,680.9444399995718,1.0,CLIENT,7,2,100000,14,9,0,14922,18204,1048,219,301,701,9381.888,88,False,False
201,24,-148.36556139425358,-59.89015999986833,1.0,CLIENT,7,2,100000,7,10,0,26278,27587,804,1469,317,474,10424.320000000002,99,False,False
201,25,518.5269433443779,301.89983999948623,1.0,CLIENT,7,2,100000,11,8,0,20574,24991,1036,653,320,679,8339.456,99,False,False
201,26,651.3667972994447,-746.066640000468,1.0,CLIENT,7,2,100000,12,24,0,16773,20273,1013,267,301,647,25018.36800000001,91,False,False
201,27,307.2664242642539,-362.68056000027,1.0,CLIENT,7,2,100000,10,8,0,23759,26160,935,1029,316,591,8339.456,99,False,False
201,28,791.3358026295679,-328.95060000000456,1.0,CLIENT,7,2,100000,17,28,0,18003,21448,1033,479,313,675,29188.096000000012,95,False,False
201,29,-922.8290391032674,847.3678400001925,1.0,CLIENT,7,2,100000,12,33,0,11767,15004,935,51,279,579,34400.256000000016,74,False,False
201,30,-345.13013934569665,-379.93516000021003,1.0,CLIENT,7,2,100000,10,15,0,23258,26381,1068,593,327,709,15636.480000000005,99,False,False
201,31,-839.1011168433461,-303.0130399998396,1.0,CLIENT,7,2,100000,15,36,0,18476,21206,1017,370,312,642,37527.55200000002,96,False,False
201,32,-719.885863293855,142.60091999986145,1.0,CLIENT,7,2,100000,11,22,0,19823,22271,961,620,321,590,22933.504000000008,97,False,False
201,33,-785.8701199095542,997.6498399996444,1.0,CLIENT,7,2,100000,11,49,0,11360,14325,916,81,285,543,51079.16800000003,72,False,False
201,34,-221.47896938500932,-622.9467200004624,1.0,CLIENT,7,2,100000,11,9,0,22372,25189,1004,646,336,629,9381.888,99,False,False
201,35,758.8585574764082,561.1641199998351,1.0,CLIENT,7,2,100000,9,30,0,14797,19247,977,225,293,617,31272.960000000014,97,False,False
201,36,127.37417123392761,291.88103999947003,1.0,CLIENT,7,2,100000,5,6,0,25005,27262,764,1429,308,446,6254.592,99,False,False
201,37,437.2546176691856,822.098199999923,1.0,CLIENT,7,2,100000,14,47,0,14372,19213,932,256,289,579,48994.304000000026,96,False,False
201,38,-850.9038230087298,343.4221999998522,1.0,CLIENT,7,2,100000,13,31,0,17227,20177,1033,344,309,661,32315.392000000014,91,False,False
201,39,-391.6280488692752,-641.7598000004225,1.0,CLIENT,7,2,100000,16,21,0,20656,24274,1031,399,327,661,21891.072000000007,98,False,False
201,40,49.82484683197565,-889.0015200002773,1.0,CLIENT,7,2,100000,11,54,0,19149,22584,915,521,318,525,56291.32800000003,96,False,False
201,41,-905.7190758030196,-52.32039999999671,1.0,CLIENT,7,2,100000,12,32,0,18452,20749,964,523,309,589,33357.824000000015,91,False,False
201,42,-389.72694183622696,-802.2832400001196,1.0,CLIENT,7,2,100000,18,40,0,18620,22726,968,335,320,584,41697.28000000002,97,False,False
201,43,-2.217958206160947,173.32523999980566,1.0,CLIENT,7,2,100000,11,8,0,26240,27488,643,1770,294,341,8339.456,99,False,False
201,44,-526.68586102994,-620.3863599998078,1.0,CLIENT,7,2,100000,14,24,0,19268,23222,1038,242,311,670,25018.36800000001,98,False,False
201,45,-553.3013594971172,-679.4972800000617,1.0,CLIENT,7,2,100000,18,39,0,18355,22483,1012,214,306,640,40654.84800000002,98,False,False
201,46,-565.420916834488,-277.9660399997991,1.0,CLIENT,7,2,100000,12,12,0,21257,24539,1056,511,317,698,12509.184000000003,99,False,False
201,47,-16.08019699086769,-812.8586400003123,1.0,CLIENT,7,2,100000,14,30,0,20479,23574,922,630,323,556,31272.960000000014,97,False,False
201,48,267.4223893569069,-545.5793200004251,1.0,CLIENT,7,2,100000,10,17,0,22580,25151,984,740,319,623,17721.344000000005,99,False,False
201,49,-446.3640888712718,-901.580680000157,1.0,CLIENT,7,2,100000,16,60,0,16449,21171,923,202,302,548,62545.920000000035,95,False,False
201,50,-358.35867578586635,164.53095999986175,1.0,CLIENT,7,2,100000,12,9,0,23463,26099,859,1156,312,528,9381.888,99,False,False
201,51,774.305052122739,-377.48612000006545,1.0,CLIENT,7,2,100000,11,21,0,18059,21509,1026,458,311,667,21891.072000000007,95,False,False
201,52,-806.5446588973304,-384.38796000004146,1.0,CLIENT,7,2,100000,8,25,0,18309,21393,1015,282,308,641,26060.80000000001,97,False,False
201,53,971.703332418156,721.1309600001465,1.0,CLIENT,7,2,100000,11,203,0,9483,14521,680,77,257,321,211613.6960000001,81,False,False
201,54,-355.98229199399333,803.062479999734,1.0,CLIENT,7,2,100000,10,23,0,15858,19543,1012,313,310,631,23975.93600000001,93,False,False
201,55,464.18696730834995,177.33275999997034,1.0,CLIENT,7,2,100000,9,12,0,22492,26130,938,948,319,587,12509.184000000003,99,False,False
201,56,979.3077605514745,331.8449199998159,1.0,CLIENT,7,2,100000,11,50,0,14083,17911,916,328,304,543,52121.60000000003,91,False,False
201,57,-562.569256284353,704.5442800001022,1.0,CLIENT,7,2,100000,11,24,0,15914,19417,1055,259,300,690,25018.36800000001,91,False,False
201,58,-582.7685185138669,-509.511640000525,1.0,CLIENT,7,2,100000,11,15,0,19577,23430,1063,246,319,704,15636.480000000005,98,False,False
201,59,-164.68339676368944,86.60695999964787,1.0,CLIENT,7,2,100000,8,5,0,25932,27334,724,1595,295,425,5212.16,99,False,False
201,60,-62.97417047985216,-524.5398400005492,1.0,CLIENT,7,2,100000,11,10,0,23898,26059,916,918,331,570,10424.320000000002,99,False,False
201,61,-112.64059172611569,-907.5919600000086,1.0,CLIENT,7,2,100000,14,20,0,18919,22584,935,528,324,581,20848.640000000007,94,False,False
201,62,588.2342012338804,-639.7560399999446,1.0,CLIENT,7,2,100000,9,8,0,18637,21874,1066,341,314,701,8339.456,96,False,False
201,63,-259.26347167303317,411.21607999953994,1.0,CLIENT,7,2,100000,13,8,0,22049,25405,933,1002,314,601,8339.456,99,False,False
201,64,-916.254377279892,319.82236000011284,1.0,CLIENT,7,2,100000,10,29,0,16668,19631,1008,334,307,633,30230.528000000013,89,False,False
201,65,-60.993850653385074,316.92803999951053,1.0,CLIENT,7,2,100000,10,12,0,24734,26912,754,1492,305,435,12509.184000000003,99,False,False
201,66,-151.53407311637577,105.42003999960798,1.0,CLIENT,7,2,100000,10,4,0,25916,27363,709,1632,295,405,4169.728,99,False,False
201,67,-973.4460138660551,-552.1472000004533,1.0,CLIENT,7,2,100000,12,24,0,15161,18574,952,116,290,557,25018.36800000001,87,False,False
201,68,-979.7038245174433,413.44247999945566,1.0,CLIENT,7,2,100000,10,47,0,15241,18322,1004,232,305,608,48994.304000000026,80,False,False
201,69,33.50701146253977,-256.70392000048537,1.0,CLIENT,7,2,100000,9,7,0,26110,27339,795,1390,315,465,7297.023999999999,99,False,False
201,70,880.6086204040473,-108.6483200001581,1.0,CLIENT,7,2,100000,11,19,0,17085,20645,931,565,308,578,19806.208000000006,95,False,False
201,71,955.0686458767332,-599.2355600002131,1.0,CLIENT,7,2,100000,9,25,0,13767,17720,978,176,292,601,26060.80000000001,82,False,False
201,72,-454.4437937628523,216.6287199996296,1.0,CLIENT,7,2,100000,9,7,0,22025,25008,936,931,320,594,7297.023999999999,99,False,False
201,73,872.370489926192,170.987520000171,1.0,CLIENT,7,2,100000,16,27,0,16574,20157,965,496,308,601,28145.66400000001,95,False,False
201,74,-766.2253472317212,136.2556800000621,1.0,CLIENT,7,2,100000,11,20,0,19393,21785,956,625,314,602,20848.640000000007,96,False,False
201,75,-637.1084945498948,478.56467999956095,1.0,CLIENT,7,2,100000,12,17,0,18069,21225,1099,408,310,746,17721.344000000005,94,False,False
201,76,-904.7685222864955,-596.6752000003496,1.0,CLIENT,7,2,100000,14,127,0,15469,18911,866,111,286,503,132388.86400000006,90,False,False
201,77,301.95916712938964,177.5554000001992,1.0,CLIENT,7,2,100000,11,5,0,24779,27211,844,1286,312,521,5212.16,99,False,False
201,78,399.70775376029275,-549.1415600001321,1.0,CLIENT,7,2,100000,14,13,0,21352,24319,1041,570,314,683,13551.616000000004,96,False,False
201,79,-624.3552348679872,773.1174000001954,1.0,CLIENT,7,2,100000,15,28,0,14673,18141,1035,188,294,674,29188.096000000012,88,False,False
201,80,60.99385065282224,-306.35264000010864,1.0,CLIENT,7,2,100000,9,12,0,25704,27191,796,1349,318,464,12509.184000000003,99,False,False
201,81,806.0693821379426,435.8177999999137,1.0,CLIENT,7,2,100000,16,26,0,15614,19639,971,293,297,629,27103.23200000001,97,False,False
201,82,-572.4708554166883,872.8601199998997,1.0,CLIENT,7,2,100000,12,19,0,13915,17252,1007,181,296,620,19806.208000000006,88,False,False
201,83,-227.81599282981657,101.30119999972436,1.0,CLIENT,7,2,100000,12,6,0,25329,27054,788,1477,312,467,6254.592,99,False,False
201,84,-670.4570804267224,-634.8579600004464,1.0,CLIENT,7,2,100000,11,19,0,17504,21388,1018,146,301,653,19806.208000000006,98,False,False
201,85,535.4784810583508,-492.5910000005328,1.0,CLIENT,7,2,100000,12,16,0,20508,23517,1062,518,314,702,16678.912000000004,96,False,False
201,86,243.02484909589054,150.39331999996193,1.0,CLIENT,7,2,100000,10,5,0,25588,27394,763,1496,309,440,5212.16,99,False,False
201,87,-90.69864804926564,-851.0414000004093,1.0,CLIENT,7,2,100000,15,26,0,19918,23186,928,584,323,566,27103.23200000001,97,False,False
201,88,80.87626170978629,-378.37668000018994,1.0,CLIENT,7,2,100000,9,3,0,25126,26809,883,1165,326,546,3127.2960000000003,99,False,False
201,89,916.0167388996354,-756.7533600003799,1.0,CLIENT,7,2,100000,11,12,0,13053,17155,984,117,291,611,12509.184000000003,82,False,False
201,90,-197.31906750312402,902.2486000000526,1.0,CLIENT,7,2,100000,15,45,0,15218,18689,938,444,302,548,46909.440000000024,94,False,False
201,91,215.93407387045121,-626.3976400004503,1.0,CLIENT,7,2,100000,12,15,0,22030,24718,1009,676,325,643,15636.480000000005,98,False,False
201,92,-102.65977980092421,-184.791200000123,1.0,CLIENT,7,2,100000,8,2,0,26326,27507,824,1398,316,505,2084.864,99,False,False
201,93,-383.70676956396966,-276.0735999998312,1.0,CLIENT,7,2,100000,14,5,0,23314,26406,1078,668,327,736,5212.16,99,False,False
201,94,910.7886945581901,-122.89727999977686,1.0,CLIENT,7,2,100000,13,34,0,16544,20133,906,547,304,534,35442.68800000002,94,False,False
201,95,844.8044379424906,-297.5583600001647,1.0,CLIENT,7,2,100000,11,20,0,17276,20878,1029,456,317,639,20848.640000000007,95,False,False
201,96,-744.6794675202773,83.82395999955548,1.0,CLIENT,7,2,100000,15,17,0,19784,22071,947,655,315,597,17721.344000000005,97,False,False
201,97,-831.6551142957397,142.8235600000903,1.0,CLIENT,7,2,100000,12,16,0,18573,21206,964,509,313,610,16678.912000000004,93,False,False
201,98,988.021167787592,-470.3269999997937,1.0,CLIENT,7,2,100000,14,32,0,14022,18166,996,247,297,639,33357.824000000015,84,False,False
201,99,-266.9471125992077,-934.3087599997881,1.0,CLIENT,7,2,100000,14,34,0,17515,21895,941,394,316,570,35442.68800000002,95,False,False

202,0,459.2757741388917,207.9457600001956,1.0,CLIENT,7,2,100000,11,2,0,24058,26147,937,1023,308,613,2084.864,99,False,False
202,1,-33.11094749769663,206.16463999994664,1.0,CLIENT,7,2,100000,10,4,0,26352,27351,824,1374,311,507,4169.728,99,False,False
202,2,598.690289917334,-505.3927999998504,1.0,CLIENT,7,2,100000,11,6,0,19460,23081,1048,315,317,686,6254.592,99,False,False
202,3,-375.7854902581013,-152.28575999992984,1.0,CLIENT,7,2,100000,11,8,0,23425,26514,900,1080,311,571,8339.456,99,False,False
202,4,-193.2792150573338,6.122599999570468,1.0,CLIENT,7,2,100000,11,2,0,26345,27316,733,1562,299,427,2084.864,99,False,False
202,5,-376.4984053954944,540.2359599996782,1.0,CLIENT,7,2,100000,9,13,0,20846,24388,1024,459,311,676,13551.616000000004,99,False,False
202,6,271.779092975247,109.76151999972046,1.0,CLIENT,7,2,100000,10,4,0,25931,27204,857,1386,309,532,4169.728,99,False,False
202,7,-795.534080662196,341.0844800002175,1.0,CLIENT,7,2,100000,18,30,0,15781,20218,997,289,303,643,31272.960000000014,96,False,False
202,8,-882.1928762656712,-284.5339199998273,1.0,CLIENT,7,2,100000,10,30,0,14253,18093,1030,294,292,646,31272.960000000014,96,False,False
202,9,822.5456430936536,-235.55312000009963,1.0,CLIENT,7,2,100000,14,20,0,19250,22348,995,479,316,649,20848.640000000007,98,False,False
202,10,988.258806166723,975.6084799999252,1.0,CLIENT,7,2,100000,12,257,0,11066,15156,681,25,250,388,267905.024,80,False,False
202,11,-246.66863757683763,-111.76528000019829,1.0,CLIENT,7,2,100000,10,6,0,25682,27181,760,1471,294,458,6254.592,99,False,False
202,12,770.1859868835297,-561.4980799997829,1.0,CLIENT,7,2,100000,15,33,0,17029,20664,1003,156,299,624,34400.256000000016,95,False,False
202,13,806.7030844824798,-890.1147199998397,1.0,CLIENT,7,2,100000,18,140,0,12174,16611,774,65,269,422,145940.48000000007,87,False,False
202,14,-907.8578212157616,-300.11872000002825,1.0,CLIENT,7,2,100000,14,28,0,13760,17592,1012,274,290,638,29188.096000000012,95,False,False
202,15,375.4686390855514,967.259479999648,1.0,CLIENT,7,2,100000,9,31,0,16820,21032,985,232,290,615,32315.392000000014,94,False,False
202,16,-722.0246087060341,-122.67464000033897,1.0,CLIENT,7,2,100000,15,27,0,17230,21700,994,488,301,640,28145.66400000001,98,False,False
202,17,-974.7134185551291,-17.14328000022107,1.0,CLIENT,7,2,100000,13,77,0,13360,17122,926,287,290,526,80267.26400000004,91,False,False
202,18,770.1859868835297,-529.3266000003285,1.0,CLIENT,7,2,100000,15,34,0,17386,20996,991,190,298,611,35442.68800000002,95,False,False
202,19,828.1697514005049,-117.88787999976876,1.0,CLIENT,7,2,100000,13,23,0,19657,22501,1002,561,325,635,23975.93600000001,99,False,False
202,20,383.31070559800077,523.2039999999671,1.0,CLIENT,7,2,100000,9,9,0,22795,25440,1003,685,302,654,9381.888,99,False,False
202,21,544.3503138807432,-240.7851600003366,1.0,CLIENT,7,2,100000,14,12,0,22373,25257,1021,696,325,670,12509.184000000003,99,False,False
202,22,356.6952071308235,123.56519999967247,1.0,CLIENT,7,2,100000,7,2,0,25179,26833,893,1217,314,555,2084.864,99,False,False
202,23,97.98622501003413,198.37223999984616,1.0,CLIENT,7,2,100000,9,4,0,26513,27343,811,1467,308,492,4169.728,99,False,False
202,24,286.67109806933394,-520.9776000000513,1.0,CLIENT,7,2,100000,9,13,0,21714,25238,1052,623,318,693,13551.616000000004,99,False,False
202,25,530.8049262680235,458.52707999952855,1.0,CLIENT,7,2,100000,11,8,0,22111,24728,1081,545,307,734,8339.456,98,False,False
202,26,209.20098646080083,851.3753599995662,1.0,CLIENT,7,2,100000,12,23,0,19570,23010,926,516,299,582,23975.93600000001,96,False,False
202,27,-455.0774961073893,529.8831999997142,1.0,CLIENT,7,2,100000,11,9,0,19977,23739,1038,379,315,674,9381.888,99,False,False
202,28,-600.0369073998269,344.20143999946674,1.0,CLIENT,7,2,100000,16,25,0,19300,23118,1010,455,304,664,26060.80000000001,99,False,False
202,29,578.0949637229768,681.2783999995196,1.0,CLIENT,7,2,100000,12,16,0,19466,22973,1084,307,300,738,16678.912000000004,96,False,False
202,30,423.3923788844788,708.9970799999335,1.0,CLIENT,7,2,100000,10,27,0,20442,23750,1037,407,296,688,28145.66400000001,96,False,False
202,31,-360.2597828194774,-29.945080000329654,1.0,CLIENT,7,2,100000,15,10,0,24174,26751,852,1197,307,529,10424.320000000002,99,False,False
202,32,-572.7084937958193,666.4728399997241,1.0,CLIENT,7,2,100000,12,31,0,17317,21105,972,230,297,596,32315.392000000014,96,False,False
202,33,703.3303895441624,398.97087999960803,1.0,CLIENT,7,2,100000,11,15,0,20559,23481,1076,457,307,729,15636.480000000005,97,False,False
202,34,929.0868497540929,236.55499999994305,1.0,CLIENT,7,2,100000,11,43,0,18342,21309,954,491,300,579,44824.57600000002,94,False,False
202,35,-943.6620036773185,-721.9101999997611,1.0,CLIENT,7,2,100000,9,46,0,10274,14290,927,99,272,571,47951.872000000025,81,False,False
202,36,-312.9697453645241,711.0008399996204,1.0,CLIENT,7,2,100000,7,20,0,19590,23155,1008,397,312,638,20848.640000000007,98,False,False
202,37,822.0703663353914,679.8312400000094,1.0,CLIENT,7,2,100000,14,24,0,16672,20544,1033,177,283,690,25018.36800000001,92,False,False
202,38,-947.3057921577027,556.7113200000038,1.0,CLIENT,7,2,100000,15,62,0,12458,16487,879,88,279,511,64630.784000000036,86,False,False
202,39,540.152035848678,-152.95367999982545,1.0,CLIENT,7,2,100000,15,15,0,22974,25448,997,809,327,646,15636.480000000005,99,False,False
202,40,-368.33948771105787,-279.858479999767,1.0,CLIENT,7,2,100000,11,8,0,22741,26126,921,1002,305,597,8339.456,99,False,False
202,41,-590.3729466471854,-476.672240000384,1.0,CLIENT,7,2,100000,12,18,0,17484,21819,1035,467,294,693,18763.776000000005,98,False,False
202,42,-899.9365419098933,494.7060799999386,1.0,CLIENT,7,2,100000,18,28,0,13362,17683,943,132,291,583,29188.096000000012,91,False,False
202,43,615.8002532175817,-118.33316000022648,1.0,CLIENT,7,2,100000,13,17,0,22273,24871,991,770,326,637,17721.344000000005,99,False,False
202,44,851.062248593879,303.1243599995585,1.0,CLIENT,7,2,100000,14,17,0,19045,22217,1029,456,305,673,17721.344000000005,97,False,False
202,45,-453.09717628092227,-716.5668399998051,1.0,CLIENT,7,2,100000,17,40,0,16412,21003,975,387,290,640,41697.28000000002,98,False,False
202,46,-629.9793431754013,-369.91636000019383,1.0,CLIENT,7,2,100000,12,13,0,17759,22056,1056,480,299,715,13551.616000000004,98,False,False
202,47,-658.8127998476139,658.235159999957,1.0,CLIENT,7,2,100000,15,40,0,16132,20080,974,162,298,598,41697.28000000002,96,False,False
202,48,-123.33431878870023,85.1598000001377,1.0,CLIENT,7,2,100000,9,7,0,26601,27372,745,1547,311,423,7297.023999999999,99,False,False
202,49,-134.0280458512848,25.60360000021717,1.0,CLIENT,7,2,100000,12,5,0,26703,27354,701,1631,298,401,5212.16,99,False,False
202,50,422.7586765399418,-304.23755999991187,1.0,CLIENT,7,2,100000,12,10,0,23209,25942,1024,739,325,683,10424.320000000002,99,False,False
202,51,-934.156468510389,-826.5510000005454,1.0,CLIENT,7,2,100000,12,169,0,9208,13251,763,87,262,401,176171.0080000001,77,False,False
202,52,539.043056745879,-688.8481600001821,1.0,CLIENT,7,2,100000,8,19,0,17862,21474,1035,227,302,661,19806.208000000006,97,False,False
202,53,254.03542733046217,5.0094000000081,1.0,CLIENT,7,2,100000,8,3,0,26055,27283,811,1445,307,498,3127.2960000000003,99,False,False
202,54,419.82780319695064,217.40796000003513,1.0,CLIENT,7,2,100000,10,5,0,24365,26407,920,1065,306,594,5212.16,99,False,False
202,55,-866.7463816199036,654.7842399999689,1.0,CLIENT,7,2,100000,11,88,0,12987,17231,845,87,281,487,91734.01600000005,88,False,False
202,56,-258.7089821213522,-295.6659200001968,1.0,CLIENT,7,2,100000,7,7,0,24281,26702,863,1246,308,535,7297.023999999999,99,False,False
202,57,931.9385103042281,-290.09992000001205,1.0,CLIENT,7,2,100000,11,24,0,17467,20815,971,352,310,614,25018.36800000001,91,False,False
202,58,773.1168602265209,-196.70244000010712,1.0,CLIENT,7,2,100000,10,14,0,20064,23033,1016,560,325,651,14594.048000000004,99,False,False
202,59,-543.6373987439129,-147.4990000001506,1.0,CLIENT,7,2,100000,10,10,0,20375,24668,962,763,303,637,10424.320000000002,99,False,False
202,60,-144.24649615560728,-850.9300799998994,1.0,CLIENT,7,2,100000,13,36,0,17261,20887,901,556,309,545,37527.55200000002,98,False,False
202,61,-960.6927541841472,314.5903199998759,1.0,CLIENT,7,2,100000,14,34,0,13231,17251,962,200,285,609,35442.68800000002,91,False,False
202,62,-38.97269418367898,762.2080400000548,1.0,CLIENT,7,2,100000,9,24,0,20772,23942,916,673,302,568,25018.36800000001,99,False,False
202,63,619.444041697966,697.1971599996684,1.0,CLIENT,7,2,100000,14,28,0,18856,22466,1073,267,294,711,29188.096000000012,95,False,False
202,64,576.3522822756407,572.7413999998714,1.0,CLIENT,7,2,100000,9,17,0,20792,23699,1095,404,302,727,17721.344000000005,97,False,False
202,65,254.43149129586814,138.92735999964458,1.0,CLIENT,7,2,100000,10,5,0,25968,27172,874,1355,307,551,5212.16,99,False,False
202,66,653.3471171259117,799.6115599997461,1.0,CLIENT,7,2,100000,15,30,0,17043,21133,1035,148,284,669,31272.960000000014,95,False,False
202,67,192.091023160553,-975.831120000154,1.0,CLIENT,7,2,100000,12,104,0,15711,19130,891,354,297,512,108412.92800000006,96,False,False
202,68,808.2873403435408,431.36500000008226,1.0,CLIENT,7,2,100000,10,12,0,19072,22202,1083,353,301,727,12509.184000000003,96,False,False
202,69,-564.6287889036761,185.0138399995609,1.0,CLIENT,7,2,100000,11,15,0,20501,24331,1034,629,316,691,15636.480000000005,99,False,False
202,70,-198.0319826405171,333.29208000011704,1.0,CLIENT,7,2,100000,9,3,0,24660,26754,965,918,330,608,3127.2960000000003,99,False,False
202,71,931.700871925097,-572.5187600004335,1.0,CLIENT,7,2,100000,9,52,0,14772,18907,904,97,291,532,54206.46400000003,89,False,False
202,72,492.1490832568944,796.4945999997059,1.0,CLIENT,7,2,100000,10,26,0,18744,22497,1042,286,292,670,27103.23200000001,96,False,False
202,73,-517.8932410009666,-977.5009199998931,1.0,CLIENT,7,2,100000,17,96,0,11473,16582,850,159,265,489,100073.47200000005,87,False,False
202,74,852.1712276966779,-247.79832000003154,1.0,CLIENT,7,2,100000,11,21,0,18760,21858,999,429,319,631,21891.072000000007,97,False,False
202,75,-329.84207028564094,32.505440000193175,1.0,CLIENT,7,2,100000,10,16,0,24697,26902,880,1196,308,547,16678.912000000004,99,False,False
202,76,468.3060325469962,-385.61248000011375,1.0,CLIENT,7,2,100000,14,9,0,22013,25172,1051,574,319,708,9381.888,99,False,False
202,77,930.037403270617,336.96563999954293,1.0,CLIENT,7,2,100000,13,26,0,17892,21131,1024,370,296,665,27103.23200000001,91,False,False
202,78,417.37220661222153,583.762079999731,1.0,CLIENT,7,2,100000,14,8,0,21915,24792,1063,545,307,719,8339.456,98,False,False
202,79,197.08142912286732,-589.8846800000924,1.0,CLIENT,7,2,100000,14,29,0,21079,24798,1009,664,312,645,30230.528000000013,99,False,False
202,80,-579.6792195846008,357.67115999947094,1.0,CLIENT,7,2,100000,9,14,0,19641,23431,1032,468,318,666,14594.048000000004,99,False,False
202,81,883.6187065398946,-613.9298000002896,1.0,CLIENT,7,2,100000,16,31,0,14952,18998,944,99,287,578,32315.392000000014,89,False,False
202,82,-603.126206329093,211.6193199996215,1.0,CLIENT,7,2,100000,10,12,0,19888,23691,1038,546,317,684,12509.184000000003,99,False,False
202,83,-22.417220435112085,-65.67880000028197,1.0,CLIENT,7,2,100000,12,4,0,27012,27434,653,1764,283,362,4169.728,99,False,False
202,84,442.1658108386438,-14.805559999795435,1.0,CLIENT,7,2,100000,10,6,0,24507,26464,919,1116,315,583,6254.592,99,False,False
202,85,-329.6044319065099,29.833759999819733,1.0,CLIENT,7,2,100000,10,11,0,24748,26918,877,1223,306,548,11466.752000000002,99,False,False
202,86,423.47159167733486,896.1259999996912,1.0,CLIENT,7,2,100000,13,43,0,17739,21724,1012,281,295,627,44824.57600000002,95,False,False
202,87,299.1075065792545,-82.26548000032636,1.0,CLIENT,7,2,100000,12,10,0,25545,27079,851,1304,319,520,10424.320000000002,99,False,False
202,88,-514.2494525200194,736.2704799998897,1.0,CLIENT,7,2,100000,10,31,0,17396,20948,982,225,304,593,32315.392000000014,96,False,False
202,89,-765.4332193009094,-636.5277600001855,1.0,CLIENT,7,2,100000,11,20,0,13315,17719,987,232,286,636,20848.640000000007,92,False,False
202,90,-96.71882032152295,866.8488400000481,1.0,CLIENT,7,2,100000,15,63,0,18990,22454,869,545,294,489,65673.21600000003,98,False,False
202,91,879.4996413012484,-104.75212000050334,1.0,CLIENT,7,2,100000,12,28,0,19034,22050,973,573,317,595,29188.096000000012,96,False,False
202,92,-996.1008726802983,163.97435999968508,1.0,CLIENT,7,2,100000,10,25,0,13156,16901,984,244,295,607,26060.80000000001,92,False,False
202,93,236.6878256510833,770.0004400001552,1.0,CLIENT,7,2,100000,15,27,0,20640,23812,954,576,304,602,28145.66400000001,98,False,False
202,94,398.91562583004367,-909.0391200003097,1.0,CLIENT,7,2,100000,13,35,0,15703,19496,987,192,296,604,36485.12000000002,96,False,False
202,95,407.7874586524361,-334.6279199999083,1.0,CLIENT,7,2,100000,10,8,0,23044,25876,1036,713,327,675,8339.456,99,False,False
202,96,572.2332170364316,163.97435999968508,1.0,CLIENT,7,2,100000,13,8,0,22962,25346,929,897,311,591,8339.456,99,False,False
202,97,542.053142882289,424.5744799998252,1.0,CLIENT,7,2,100000,12,8,0,22275,24792,1047,605,307,709,8339.456,98,False,False
202,98,-292.6912703427169,-615.4882800003097,1.0,CLIENT,7,2,100000,13,22,0,19652,23687,990,678,315,638,22933.504000000008,98,False,False
202,99,736.1244858693091,-578.9753199999518,1.0,CLIENT,7,2,100000,14,34,0,17270,20874,998,195,304,611,35442.68800000002,95,False,False

203,0,-557.8957014940256,280.6377200001725,1.0,CLIENT,7,2,100000,13,13,0,21494,24545,1035,628,312,690,13551.616000000004,99,False,False
203,1,634.6528979646029,-620.9429599999845,1.0,CLIENT,7,2,100000,15,22,0,15963,20995,950,294,301,591,22933.504000000008,96,False,False
203,2,532.1515437505163,612.9279199996552,1.0,CLIENT,7,2,100000,10,7,0,20161,22961,1131,365,305,765,7297.023999999999,97,False,False
203,3,-474.6430559923663,221.86075999986656,1.0,CLIENT,7,2,100000,11,12,0,22709,25393,988,810,312,655,12509.184000000003,99,False,False
203,4,-530.8049262691492,729.8139199995805,1.0,CLIENT,7,2,100000,16,33,0,18344,22612,1014,303,291,669,34400.256000000016,96,False,False
203,5,-887.7377717796666,-461.08744000018305,1.0,CLIENT,7,2,100000,9,17,0,14443,18159,1014,128,294,645,17721.344000000005,88,False,False
203,6,763.1360483018923,763.4325600001271,1.0,CLIENT,7,2,100000,13,25,0,16758,20053,1066,141,289,710,26060.80000000001,90,False,False
203,7,-500.0703625633256,687.6236400001098,1.0,CLIENT,7,2,100000,17,32,0,19397,23211,1017,382,297,666,33357.824000000015,97,False,False
203,8,-878.7075133709991,-166.3120800001107,1.0,CLIENT,7,2,100000,9,16,0,16665,19741,943,499,302,591,16678.912000000004,94,False,False
203,9,871.419936409105,-781.3550799999626,1.0,CLIENT,7,2,100000,17,53,0,11035,15569,826,78,273,467,55248.89600000003,87,False,False
203,10,-295.0676541340271,-122.1180400001623,1.0,CLIENT,7,2,100000,11,6,0,24135,26402,918,1119,315,596,6254.592,99,False,False
203,11,-601.2250992960448,24.26775999963496,1.0,CLIENT,7,2,100000,13,9,0,20808,23998,926,802,315,596,9381.888,99,False,False
203,12,608.7503146353814,-644.320160000286,1.0,CLIENT,7,2,100000,15,32,0,15997,21123,943,278,302,577,33357.824000000015,96,False,False
203,13,688.5175972429315,230.7663599995294,1.0,CLIENT,7,2,100000,15,20,0,20210,23115,1019,582,313,640,20848.640000000007,99,False,False
203,14,-695.1714718602886,-70.35424000034226,1.0,CLIENT,7,2,100000,14,17,0,19381,22539,907,692,308,557,17721.344000000005,98,False,False
203,15,518.9230073097838,-25.714919999936114,1.0,CLIENT,7,2,100000,8,2,0,22672,25587,962,916,324,622,2084.864,99,False,False
203,16,-723.2128006022522,-138.7047200002067,1.0,CLIENT,7,2,100000,15,21,0,18768,21917,945,597,311,598,21891.072000000007,98,False,False
203,17,919.1060378289015,591.7771200000604,1.0,CLIENT,7,2,100000,13,19,0,16385,19471,1042,200,295,683,19806.208000000006,89,False,False
203,18,129.11685268126368,432.92348000010236,1.0,CLIENT,7,2,100000,14,8,0,24468,26286,934,1119,315,606,8339.456,99,False,False
203,19,-679.883402800233,708.5517999994759,1.0,CLIENT,7,2,100000,14,32,0,16199,21043,1002,210,279,647,33357.824000000015,95,False,False
203,20,817.7928755104701,-447.0611200000022,1.0,CLIENT,7,2,100000,10,21,0,16094,20507,980,248,305,595,21891.072000000007,96,False,False
203,21,984.0605281352206,174.7724000001068,1.0,CLIENT,7,2,100000,16,40,0,17198,19697,973,415,303,595,41697.28000000002,91,False,False
203,22,-73.1134079913186,170.87619999966108,1.0,CLIENT,7,2,100000,7,0,0,26212,27171,764,1583,297,463,0,99,False,False
203,23,940.4142791612146,949.0029999998646,1.0,CLIENT,7,2,100000,14,155,0,12076,16274,810,21,266,460,161576.96000000008,76,False,False
203,24,-33.03173470484057,735.4912399994842,1.0,CLIENT,7,2,100000,9,19,0,22086,24276,894,836,306,547,19806.208000000006,99,False,False
203,25,-670.8531443921285,339.5260000001974,1.0,CLIENT,7,2,100000,11,13,0,19487,23262,1063,448,302,719,13551.616000000004,99,False,False
203,26,949.999027121,784.0267599995451,1.0,CLIENT,7,2,100000,12,42,0,14000,17945,964,67,278,599,43782.14400000002,82,False,False
203,27,115.80910344767504,-54.76944000014129,1.0,CLIENT,7,2,100000,9,7,0,26415,27148,693,1665,299,389,7297.023999999999,99,False,False
203,28,986.4369119265309,217.85323999970188,1.0,CLIENT,7,2,100000,17,59,0,17180,19615,980,353,299,604,61503.488000000034,91,False,False
203,29,-861.6767628641703,113.88035999960408,1.0,CLIENT,7,2,100000,12,25,0,17403,20606,942,561,298,596,26060.80000000001,95,False,False
203,30,13.386962025881857,613.0392400001651,1.0,CLIENT,7,2,100000,10,12,0,23033,25284,879,976,301,553,12509.184000000003,99,False,False
203,31,-970.9112044884699,-0.2226400002288642,1.0,CLIENT,7,2,100000,15,42,0,16109,18975,873,567,293,530,43782.14400000002,90,False,False
203,32,-314.9500651909912,347.09576000006905,1.0,CLIENT,7,2,100000,11,14,0,24021,26267,954,894,305,620,14594.048000000004,99,False,False
203,33,703.7264535095684,908.482520000133,1.0,CLIENT,7,2,100000,11,44,0,15725,19273,997,88,281,618,45867.00800000002,88,False,False
203,34,53.706273691490914,294.44140000012453,1.0,CLIENT,7,2,100000,7,6,0,25678,26915,821,1407,305,505,6254.592,99,False,False
203,35,-6.891512995925341,-191.58172000038007,1.0,CLIENT,7,2,100000,8,4,0,25720,26954,742,1538,310,424,4169.728,99,False,False
203,36,-409.926204065178,-572.1848000004857,1.0,CLIENT,7,2,100000,7,21,0,18723,22298,1035,423,300,655,21891.072000000007,97,False,False
203,37,65.03370309861246,-245.34927999988696,1.0,CLIENT,7,2,100000,10,10,0,25370,26806,726,1463,308,409,10424.320000000002,99,False,False
203,38,-356.3783559593993,-465.6515600005244,1.0,CLIENT,7,2,100000,13,17,0,20444,23814,1034,577,300,685,17721.344000000005,98,False,False
203,39,363.5075073338928,883.4355200000925,1.0,CLIENT,7,2,100000,17,39,0,18952,21634,1038,380,297,660,40654.84800000002,94,False,False
203,40,585.3033278908892,811.5227999997302,1.0,CLIENT,7,2,100000,13,18,0,18019,20976,1078,194,292,720,18763.776000000005,93,False,False
203,41,463.8701161358,-251.36056000052946,1.0,CLIENT,7,2,100000,12,13,0,22760,25689,969,836,334,608,13551.616000000004,99,False,False
203,42,491.0401041540954,75.36363999955938,1.0,CLIENT,7,2,100000,15,8,0,22980,25676,919,982,314,602,8339.456,99,False,False
203,43,-773.2752858133588,-746.066640000468,1.0,CLIENT,7,2,100000,16,36,0,12784,16756,944,87,274,599,37527.55200000002,84,False,False
203,44,-329.68364469936597,-930.3012400004144,1.0,CLIENT,7,2,100000,14,49,0,14740,18418,930,320,289,551,51079.16800000003,88,False,False
203,45,-121.82927572049519,265.05291999997155,1.0,CLIENT,7,2,100000,14,4,0,25645,26958,801,1398,305,489,4169.728,99,False,False
203,46,531.0425646477173,-66.56936000040645,1.0,CLIENT,7,2,100000,11,14,0,22439,25447,937,921,325,578,14594.048000000004,99,False,False
203,47,-424.7389963669718,258.3737200002244,1.0,CLIENT,7,2,100000,14,17,0,23218,25793,973,805,314,631,17721.344000000005,99,False,False
203,48,723.9257157390823,426.1329599998453,1.0,CLIENT,7,2,100000,11,16,0,19483,22065,1078,375,302,725,16678.912000000004,97,False,False
203,49,986.5161247199499,498.04568000020765,1.0,CLIENT,7,2,100000,17,45,0,16194,19137,1014,203,292,646,46909.440000000024,87,False,False
203,50,212.4487109757791,581.9809599994821,1.0,CLIENT,7,2,100000,12,16,0,22547,25188,992,789,307,650,16678.912000000004,99,False,False
203,51,-308.77146733302175,966.7028799994714,1.0,CLIENT,7,2,100000,11,39,0,17658,21894,961,405,298,613,40654.84800000002,94,False,False
203,52,498.56531949455774,718.9045600002307,1.0,CLIENT,7,2,100000,8,10,0,19548,22396,1121,283,302,756,10424.320000000002,96,False,False
203,53,-963.2275635617326,816.5321999997383,1.0,CLIENT,7,2,100000,11,46,0,11530,15399,914,61,263,550,47951.872000000025,87,False,False
203,54,1.74268144677322,-748.5156799998217,1.0,CLIENT,7,2,100000,10,42,0,18557,22186,908,616,304,550,43782.14400000002,97,False,False
203,55,154.4649464588041,976.7216799994876,1.0,CLIENT,7,2,100000,10,68,0,19092,21679,872,607,293,493,70885.37600000003,93,False,False
203,56,389.5685162493891,-26.71679999977954,1.0,CLIENT,7,2,100000,9,0,0,24386,26495,873,1185,318,549,0,99,False,False
203,57,449.9286645582372,-603.2430800003777,1.0,CLIENT,7,2,100000,10,20,0,18530,23283,961,470,310,614,20848.640000000007,97,False,False
203,58,-525.893733099691,-868.0733600001204,1.0,CLIENT,7,2,100000,11,26,0,14117,17875,968,229,286,612,27103.23200000001,88,False,False
203,59,370.08216915783106,527.4341599995696,1.0,CLIENT,7,2,100000,10,8,0,22086,24825,1086,628,308,738,8339.456,99,False,False
203,60,74.460025472123,-86.05036000026217,1.0,CLIENT,7,2,100000,9,4,0,26382,27143,692,1672,298,391,4169.728,99,False,False
203,61,-607.6413355331453,-947.2218800004066,1.0,CLIENT,7,2,100000,14,55,0,11855,16093,893,177,274,532,57333.76000000003,80,False,False
203,62,-34.77441615217663,609.9222800001248,1.0,CLIENT,7,2,100000,9,9,0,23178,25296,907,969,307,571,9381.888,99,False,False
203,63,-770.7404764357736,-10.13012000052612,1.0,CLIENT,7,2,100000,14,26,0,18553,21653,897,667,305,550,27103.23200000001,98,False,False
203,64,73.5094719555989,-335.7411200002616,1.0,CLIENT,7,2,100000,8,4,0,24458,26469,769,1301,306,457,4169.728,99,False,False
203,65,143.3751554313764,98.51819999963197,1.0,CLIENT,7,2,100000,10,5,0,26235,27119,728,1612,301,422,5212.16,99,False,False
203,66,-269.2442835976618,282.7527999995783,1.0,CLIENT,7,2,100000,12,8,0,24538,26591,891,1082,308,573,8339.456,99,False,False
203,67,-827.9321130219367,187.01760000003873,1.0,CLIENT,7,2,100000,11,20,0,17670,21148,977,510,302,628,20848.640000000007,96,False,False
203,68,894.1540080162043,-502.72112000026794,1.0,CLIENT,7,2,100000,10,35,0,14293,18931,923,169,296,539,36485.12000000002,94,False,False
203,69,559.7968085270738,-970.5990799999171,1.0,CLIENT,7,2,100000,12,161,0,11478,16020,728,150,265,350,167831.55200000008,89,False,False
203,70,-727.3318658408983,-517.1927200001155,1.0,CLIENT,7,2,100000,11,21,0,15766,19689,1029,158,297,664,21891.072000000007,92,False,False
203,71,986.0408479616877,-478.1193999998942,1.0,CLIENT,7,2,100000,9,130,0,13497,17827,814,161,284,446,135516.16000000006,89,False,False
203,72,430.9175942243783,111.4313199994595,1.0,CLIENT,7,2,100000,9,8,0,23762,26115,898,1077,310,579,8339.456,99,False,False
203,73,-198.5864721916352,136.2556800000621,1.0,CLIENT,7,2,100000,12,7,0,25631,26991,832,1383,307,514,7297.023999999999,99,False,False
203,74,617.2260834923679,728.8120399997371,1.0,CLIENT,7,2,100000,12,23,0,18522,21416,1095,220,299,732,23975.93600000001,94,False,False
203,75,-802.1879552789902,-958.0199200000374,1.0,CLIENT,7,2,100000,15,181,0,9564,13819,718,32,261,405,188680.1920000001,76,False,False
203,76,653.1094787467807,121.67275999970457,1.0,CLIENT,7,2,100000,14,11,0,20764,23843,978,698,316,637,11466.752000000002,99,False,False
203,77,781.0381395323892,290.99048000013653,1.0,CLIENT,7,2,100000,13,17,0,19155,21862,1036,450,308,671,17721.344000000005,98,False,False
203,78,-547.9148895688342,-541.2378400003126,1.0,CLIENT,7,2,100000,14,17,0,17780,21381,1070,292,303,693,17721.344000000005,96,False,False
203,79,-380.9343218066906,-807.1813200004087,1.0,CLIENT,7,2,100000,15,36,0,16349,19578,962,355,295,581,37527.55200000002,94,False,False
203,80,-278.19532921291034,443.16491999955645,1.0,CLIENT,7,2,100000,9,13,0,23732,25984,944,875,301,618,13551.616000000004,99,False,False
203,81,30.259286946998674,95.73519999953959,1.0,CLIENT,7,2,100000,9,6,0,26476,27206,711,1670,301,404,6254.592,99,False,False
203,82,-821.4366639914173,999.2083199996646,1.0,CLIENT,7,2,100000,13,216,0,11219,15190,721,78,257,380,225165.31200000012,85,False,False
203,83,-395.5094757293532,790.3720000001354,1.0,CLIENT,7,2,100000,15,30,0,19593,23160,1004,441,295,642,31272.960000000014,97,False,False
203,84,-784.8403535996114,-234.32860000002734,1.0,CLIENT,7,2,100000,11,18,0,17547,20760,1027,414,311,670,18763.776000000005,96,False,False
203,85,734.5402300082479,281.1943199995582,1.0,CLIENT,7,2,100000,12,20,0,19694,22480,1030,504,311,664,20848.640000000007,98,False,False
203,86,750.6204269991156,768.1080000001873,1.0,CLIENT,7,2,100000,13,27,0,16774,20064,1049,139,292,686,28145.66400000001,90,False,False
203,87,413.5699925455623,-112.65584000032277,1.0,CLIENT,7,2,100000,13,6,0,23957,26288,910,1076,327,572,6254.592,99,False,False
203,88,-49.904059625394545,379.8238399997001,1.0,CLIENT,7,2,100000,9,11,0,25144,26651,820,1286,308,488,11466.752000000002,99,False,False
203,89,113.51193244922088,-152.28575999992984,1.0,CLIENT,7,2,100000,7,6,0,26048,27026,722,1554,297,423,6254.592,99,False,False
203,90,-357.5665478556173,218.5211599995975,1.0,CLIENT,7,2,100000,13,9,0,24079,26271,950,1004,317,620,9381.888,99,False,False
203,91,-739.5306359716878,721.1309600001465,1.0,CLIENT,7,2,100000,13,28,0,15194,19952,993,152,282,634,29188.096000000012,92,False,False
203,92,695.963599789975,278.2999999997469,1.0,CLIENT,7,2,100000,10,16,0,20123,23007,1033,534,312,676,16678.912000000004,98,False,False
203,93,478.9997596095808,547.360439999883,1.0,CLIENT,7,2,100000,15,10,0,20960,23835,1133,440,309,782,10424.320000000002,98,False,False
203,94,711.8061584011488,549.0302399996222,1.0,CLIENT,7,2,100000,13,25,0,19053,21709,1097,309,297,746,26060.80000000001,96,False,False
203,95,-949.3653247770258,-150.282000000243,1.0,CLIENT,7,2,100000,11,76,0,15875,18942,874,479,298,517,79224.83200000004,88,False,False
203,96,403.4307550340959,-130.80100000038726,1.0,CLIENT,7,2,100000,13,7,0,24001,26363,898,1092,326,553,7297.023999999999,99,False,False
203,97,-13.941451578125644,13.247079999775337,1.0,CLIENT,7,2,100000,9,3,0,26503,27223,703,1711,288,413,3127.2960000000003,99,False,False
203,98,143.13751705224539,-363.1258399999368,1.0,CLIENT,7,2,100000,12,11,0,24119,26325,824,1210,310,506,11466.752000000002,99,False,False
203,99,-512.6651966589584,-513.2965200004608,1.0,CLIENT,7,2,100000,14,29,0,18359,21953,1064,346,306,700,30230.528000000013,97,False,False

204,0,169.67380272600374,-534.4473200000556,1.0,CLIENT,7,2,100000,11,10,0,22029,25030,898,931,316,551,10424.320000000002,99,False,False
204,1,942.5530245733937,-858.8338000005098,1.0,CLIENT,7,2,100000,15,125,0,10981,14878,787,54,258,440,130304.00000000007,82,False,False
204,2,-614.6120613224895,231.434280000216,1.0,CLIENT,7,2,100000,10,14,0,20395,23777,1014,575,317,625,14594.048000000004,98,False,False
204,3,-854.5476114891139,92.17295999983264,1.0,CLIENT,7,2,100000,12,23,0,17890,21203,922,554,308,564,23975.93600000001,93,False,False
204,4,893.0450289134052,-948.4464000004789,1.0,CLIENT,7,2,100000,16,63,0,10651,14646,843,59,265,482,65673.21600000003,76,False,False
204,5,-244.37146657838346,75.58627999978825,1.0,CLIENT,7,2,100000,8,5,0,25284,26894,814,1352,314,486,5212.16,99,False,False
204,6,-395.1134117639473,-867.5167599999438,1.0,CLIENT,7,2,100000,13,23,0,16043,19938,998,279,298,647,23975.93600000001,94,False,False
204,7,-134.8201737815339,-137.70284000036327,1.0,CLIENT,7,2,100000,13,4,0,25857,27221,794,1442,323,461,4169.728,99,False,False
204,8,336.8127960738595,-164.53095999986175,1.0,CLIENT,7,2,100000,8,5,0,24885,27033,815,1277,311,494,5212.16,99,False,False
204,9,-26.140221708915227,-496.3758800004686,1.0,CLIENT,7,2,100000,13,11,0,22750,25629,869,1052,322,527,11466.752000000002,99,False,False
204,10,-694.5377695157517,992.7517600001463,1.0,CLIENT,7,2,100000,12,143,0,12400,15889,819,56,266,450,149067.77600000007,81,False,False
204,11,520.5864759642639,613.3732000001129,1.0,CLIENT,7,2,100000,14,19,0,18289,22109,1080,294,315,698,19806.208000000006,97,False,False
204,12,115.80910344767504,48.86948000000871,1.0,CLIENT,7,2,100000,10,7,0,26497,27554,716,1656,308,397,7297.023999999999,99,False,False
204,13,165.15867352138864,661.7973999996639,1.0,CLIENT,7,2,100000,15,15,0,20381,23192,955,702,324,586,15636.480000000005,99,False,False
204,14,353.52669540870136,748.5156799998217,1.0,CLIENT,7,2,100000,13,11,0,18246,21506,1070,392,326,692,11466.752000000002,97,False,False
204,15,-108.4423136940505,687.9576000000577,1.0,CLIENT,7,2,100000,8,9,0,20480,23002,971,717,323,621,9381.888,97,False,False
204,16,546.8851232588912,-522.5360800000715,1.0,CLIENT,7,2,100000,15,22,0,19096,23077,1037,426,305,673,22933.504000000008,98,False,False
204,17,-420.3822927486316,873.7506800000242,1.0,CLIENT,7,2,100000,13,19,0,16196,19795,1007,284,301,655,19806.208000000006,92,False,False
204,18,-704.8354326129303,-326.16759999991217,1.0,CLIENT,7,2,100000,15,23,0,18717,22486,1011,419,310,650,23975.93600000001,96,False,False
204,19,-432.6602756722773,-774.8985200004444,1.0,CLIENT,7,2,100000,14,25,0,16791,20832,1022,308,302,638,26060.80000000001,95,False,False
204,20,365.963103918622,-176.3308800001269,1.0,CLIENT,7,2,100000,8,5,0,24546,26886,843,1230,310,516,5212.16,99,False,False
204,21,254.51070408872422,-661.0181600000493,1.0,CLIENT,7,2,100000,15,17,0,19900,23324,982,668,310,616,17721.344000000005,99,False,False
204,22,-592.5116920593645,550.4773999999234,1.0,CLIENT,7,2,100000,10,14,0,17492,21615,1059,230,301,670,14594.048000000004,94,False,False
204,23,-204.92349563644242,-659.4596800000293,1.0,CLIENT,7,2,100000,13,6,0,20054,23390,1017,654,327,647,6254.592,97,False,False
204,24,-27.803690362832388,641.5371600001936,1.0,CLIENT,7,2,100000,9,12,0,21073,23578,902,836,316,556,12509.184000000003,99,False,False
204,25,-363.90357129986165,892.3411199997554,1.0,CLIENT,7,2,100000,12,18,0,16453,20018,995,356,311,633,18763.776000000005,92,False,False
204,26,470.9992675108564,-800.1681599999228,1.0,CLIENT,7,2,100000,12,25,0,16453,20298,1006,339,295,639,26060.80000000001,96,False,False
204,27,-100.99631114700705,-131.69156000051174,1.0,CLIENT,7,2,100000,9,5,0,26077,27316,768,1511,313,437,5212.16,99,False,False
204,28,-581.1842626528057,-83.04471999994092,1.0,CLIENT,7,2,100000,15,13,0,21765,24428,914,859,322,558,13551.616000000004,99,False,False
204,29,566.2922575575932,-261.60199999998355,1.0,CLIENT,7,2,100000,12,12,0,21308,25081,990,681,314,648,12509.184000000003,99,False,False
204,30,844.6460123562156,-994.0875999999375,1.0,CLIENT,7,2,100000,10,42,0,10767,14575,861,62,271,498,43782.14400000002,77,False,False
204,31,-475.51439671603435,402.3104799998771,1.0,CLIENT,7,2,100000,15,22,0,20419,24416,1070,479,310,718,22933.504000000008,97,False,False
204,32,-147.57343346400444,-82.15415999981644,1.0,CLIENT,7,2,100000,10,7,0,25968,27265,740,1544,304,430,7297.023999999999,99,False,False
204,33,832.6848806051198,-713.7838400005037,1.0,CLIENT,7,2,100000,11,47,0,13808,17622,933,134,282,562,48994.304000000026,90,False,False
204,34,849.7948439048049,-947.4445199998445,1.0,CLIENT,7,2,100000,13,35,0,11273,15108,873,68,267,506,36485.12000000002,81,False,False
204,35,136.56285522830711,-877.3129200005221,1.0,CLIENT,7,2,100000,9,37,0,17391,20762,905,573,309,517,38569.98400000002,95,False,False
204,36,-779.2954580856161,-400.30672000019024,1.0,CLIENT,7,2,100000,8,16,0,16732,21078,997,313,308,618,16678.912000000004,95,False,False
204,37,-412.9362902015882,-860.8375600001966,1.0,CLIENT,7,2,100000,14,21,0,15902,19837,1002,276,303,636,21891.072000000007,94,False,False
204,38,-526.448222650809,-521.7568400004569,1.0,CLIENT,7,2,100000,14,22,0,18759,22992,1027,361,303,662,22933.504000000008,96,False,False
204,39,-490.8024657755272,-958.3538799999851,1.0,CLIENT,7,2,100000,17,46,0,13921,17990,937,171,283,566,47951.872000000025,88,False,False
204,40,150.6627323921449,437.26496000021484,1.0,CLIENT,7,2,100000,11,6,0,23007,25697,914,996,320,577,6254.592,99,False,False
204,41,-201.8341967071763,887.3317199997473,1.0,CLIENT,7,2,100000,12,23,0,17875,20791,951,549,312,599,23975.93600000001,93,False,False
204,42,-885.8366647460555,79.25984000000511,1.0,CLIENT,7,2,100000,17,25,0,17439,20794,908,549,309,561,26060.80000000001,91,False,False
204,43,-621.3451487321398,-24.156439999916017,1.0,CLIENT,7,2,100000,13,15,0,21236,24083,921,814,324,566,15636.480000000005,99,False,False
204,44,600.829035330076,-111.76528000019829,1.0,CLIENT,7,2,100000,12,10,0,21575,25247,895,896,310,554,10424.320000000002,99,False,False
204,45,-985.8032095831196,358.00512000020973,1.0,CLIENT,7,2,100000,18,86,0,14531,18385,923,198,287,540,89649.15200000005,88,False,False
204,46,-634.9697491377157,786.4757999996897,1.0,CLIENT,7,2,100000,12,23,0,15068,18544,1014,119,287,636,23975.93600000001,89,False,False
204,47,775.8893079838,-196.25716000044036,1.0,CLIENT,7,2,100000,14,42,0,18213,22494,944,530,304,574,43782.14400000002,99,False,False
204,48,-640.1185806863049,-913.2692799999122,1.0,CLIENT,7,2,100000,11,51,0,12941,16923,917,103,276,537,53164.03200000003,85,False,False
204,49,488.0300180182482,-227.53807999977028,1.0,CLIENT,7,2,100000,14,12,0,22688,25890,949,874,322,595,12509.184000000003,99,False,False
204,50,-760.442813338595,-49.09212000023757,1.0,CLIENT,7,2,100000,12,26,0,19259,22522,921,621,314,564,27103.23200000001,99,False,False
204,51,-714.7370317452657,879.7619599998757,1.0,CLIENT,7,2,100000,12,50,0,13511,16795,966,65,278,584,52121.60000000003,87,False,False
204,52,48.715867729176594,471.44020000014706,1.0,CLIENT,7,2,100000,8,11,0,22877,25452,858,1031,314,507,11466.752000000002,99,False,False
204,53,701.1124313385643,-667.5860400000774,1.0,CLIENT,7,2,100000,11,19,0,15792,19737,1007,236,292,641,19806.208000000006,94,False,False
204,54,949.2068991901881,135.47643999965658,1.0,CLIENT,7,2,100000,10,62,0,16752,19959,809,584,298,446,64630.784000000036,96,False,False
204,55,13.228536440169735,-200.93260000050066,1.0,CLIENT,7,2,100000,9,6,0,26137,27363,754,1562,302,450,6254.592,99,False,False
204,56,774.4634777084511,-591.8884399997794,1.0,CLIENT,7,2,100000,11,19,0,15491,19717,996,192,292,619,19806.208000000006,94,False,False
204,57,-380.4590450484285,851.1527200001283,1.0,CLIENT,7,2,100000,11,21,0,16844,20374,1002,357,306,639,21891.072000000007,93,False,False
204,58,-709.8258385758074,16.69799999976334,1.0,CLIENT,7,2,100000,10,37,0,20021,23124,908,686,315,545,38569.98400000002,99,False,False
204,59,851.695950938416,633.0768400001975,1.0,CLIENT,7,2,100000,10,31,0,14514,18507,962,112,292,574,32315.392000000014,90,False,False
204,60,-936.1367883368561,438.15551999954835,1.0,CLIENT,7,2,100000,13,35,0,14667,18457,979,162,288,590,36485.12000000002,91,False,False
204,61,-944.6125571938425,-395.519960000411,1.0,CLIENT,7,2,100000,14,92,0,13978,18720,882,212,292,492,95903.74400000005,87,False,False
204,62,855.7358033842061,884.5487199996548,1.0,CLIENT,7,2,100000,10,29,0,12241,15864,940,51,284,551,30230.528000000013,82,False,False
204,63,567.2428110741173,935.9785599995271,1.0,CLIENT,7,2,100000,14,35,0,14674,17890,988,176,297,611,36485.12000000002,88,False,False
204,64,31.685117222347653,917.276800000077,1.0,CLIENT,7,2,100000,10,54,0,18027,20746,907,557,319,519,56291.32800000003,90,False,False
204,65,157.07896862980817,-17.69988000039774,1.0,CLIENT,7,2,100000,10,3,0,26527,27576,714,1658,295,414,3127.2960000000003,99,False,False
204,66,802.1879552784272,992.0838399994597,1.0,CLIENT,7,2,100000,16,183,0,11697,15222,767,60,272,407,190765.0560000001,78,False,False
204,67,432.9771268442643,-634.0787200000409,1.0,CLIENT,7,2,100000,12,7,0,19051,22761,1032,509,303,674,7297.023999999999,98,False,False
204,68,-355.34858965001916,-935.3106400004225,1.0,CLIENT,7,2,100000,10,24,0,15702,19199,987,308,304,601,25018.36800000001,92,False,False
204,69,888.8467508819027,458.30444000009066,1.0,CLIENT,7,2,100000,11,46,0,15619,19461,955,214,299,568,47951.872000000025,94,False,False
204,70,614.1367845631017,-54.99208000037015,1.0,CLIENT,7,2,100000,9,22,0,21401,25172,856,914,309,502,22933.504000000008,99,False,False
204,71,900.3326058747364,351.99383999956723,1.0,CLIENT,7,2,100000,9,21,0,16347,19977,954,350,298,572,21891.072000000007,96,False,False
204,72,846.3886938035517,981.2857999998289,1.0,CLIENT,7,2,100000,10,34,0,11454,14980,910,51,277,535,35442.68800000002,76,False,False
204,73,3.960639652371326,344.5354000002055,1.0,CLIENT,7,2,100000,15,7,0,24282,26457,831,1225,309,508,7297.023999999999,99,False,False
204,74,819.9316209226495,355.44475999955523,1.0,CLIENT,7,2,100000,12,24,0,17235,21075,970,383,310,592,25018.36800000001,96,False,False
204,75,220.1323519025164,-923.5107200001573,1.0,CLIENT,7,2,100000,12,60,0,16451,19848,944,442,310,545,62545.920000000035,94,False,False
204,76,-85.15375253583322,521.4228799997181,1.0,CLIENT,7,2,100000,12,10,0,22317,24952,915,924,311,582,10424.320000000002,99,False,False
204,77,184.7242334063656,-942.2124800003985,1.0,CLIENT,7,2,100000,13,28,0,16360,19650,924,486,306,555,29188.096000000012,90,False,False
204,78,360.7350595771766,112.4332000000939,1.0,CLIENT,7,2,100000,11,5,0,24775,26981,839,1252,312,508,5212.16,99,False,False
204,79,112.64059172555284,928.5201200001654,1.0,CLIENT,7,2,100000,14,35,0,17662,20443,937,534,314,563,36485.12000000002,90,False,False
204,80,56.08265748336398,709.4423599996003,1.0,CLIENT,7,2,100000,9,16,0,20362,22817,929,748,323,563,16678.912000000004,99,False,False
204,81,-279.14588272999725,582.092279999992,1.0,CLIENT,7,2,100000,15,15,0,20666,23804,1057,604,315,707,15636.480000000005,97,False,False
204,82,-445.01747138934184,-943.8822800001376,1.0,CLIENT,7,2,100000,12,18,0,14599,18505,985,212,294,623,18763.776000000005,90,False,False
204,83,871.1822980299739,-803.7304000004207,1.0,CLIENT,7,2,100000,15,42,0,12456,16288,905,81,272,537,43782.14400000002,84,False,False
204,84,209.6762632190629,423.5725999999818,1.0,CLIENT,7,2,100000,10,6,0,22963,25697,946,943,327,586,6254.592,99,False,False
204,85,-508.7045570060242,749.6288800001751,1.0,CLIENT,7,2,100000,13,27,0,16606,20427,1031,225,297,667,28145.66400000001,93,False,False
204,86,-22.97170998679303,-87.94280000023008,1.0,CLIENT,7,2,100000,10,7,0,26495,27508,717,1646,299,407,7297.023999999999,99,False,False
204,87,-176.882166894479,83.6013200001176,1.0,CLIENT,7,2,100000,12,4,0,25691,27060,789,1430,319,465,4169.728,99,False,False
204,88,4.27749082492125,907.1466799995508,1.0,CLIENT,7,2,100000,9,39,0,18192,20789,959,556,322,559,40654.84800000002,91,False,False
204,89,-776.9190742943058,-962.6953600000977,1.0,CLIENT,7,2,100000,11,159,0,11200,14715,766,68,269,396,165746.68800000008,82,False,False
204,90,793.870612007716,493.70420000009517,1.0,CLIENT,7,2,100000,15,30,0,16474,20333,1008,229,301,633,31272.960000000014,95,False,False
204,91,-577.6988997581336,-151.95179999998203,1.0,CLIENT,7,2,100000,12,18,0,21625,24453,934,785,318,578,18763.776000000005,99,False,False
204,92,-583.0061568929979,122.34067999960018,1.0,CLIENT,7,2,100000,10,14,0,21444,24398,963,762,318,618,14594.048000000004,99,False,False
204,93,714.4201805721528,189.8006000001311,1.0,CLIENT,7,2,100000,15,22,0,19403,23326,862,766,306,517,22933.504000000008,99,False,False
204,94,768.3640926433376,-0.33395999994780823,1.0,CLIENT,7,2,100000,13,22,0,19006,22834,842,774,306,506,22933.504000000008,99,False,False
204,95,289.04748186120696,-12.022560000494025,1.0,CLIENT,7,2,100000,7,5,0,25879,27372,755,1498,311,430,5212.16,99,False,False
204,96,-329.12915514824783,-717.6800400001584,1.0,CLIENT,7,2,100000,15,19,0,18491,22164,1021,468,312,650,19806.208000000006,96,False,False
204,97,320.0988967390176,127.4614000001182,1.0,CLIENT,7,2,100000,9,4,0,25117,27150,836,1335,314,518,4169.728,99,False,False
204,98,-484.94071908954487,-120.33691999991333,1.0,CLIENT,7,2,100000,12,15,0,22846,25306,922,921,325,562,15636.480000000005,99,False,False
204,99,507.1995139378191,207.61179999945682,1.0,CLIENT,7,2,100000,13,11,0,22421,25702,916,932,317,585,11466.752000000002,99,False,False

205,0,-348.85314061893695,676.1576799997925,1.0,CLIENT,7,2,100000,13,16,0,16614,20777,1041,375,293,700,16678.912000000004,96,False,False
205,1,370.4782331226743,-731.3724000003915,1.0,CLIENT,7,2,100000,14,16,0,18800,22073,1065,392,326,698,16678.912000000004,94,False,False
205,2,-728.3616321508414,754.1929999997253,1.0,CLIENT,7,2,100000,11,20,0,12655,16342,996,77,278,631,20848.640000000007,90,False,False
205,3,-8.317343271274318,-934.1974400000692,1.0,CLIENT,7,2,100000,12,18,0,17288,20755,901,611,326,551,18763.776000000005,93,False,False
205,4,-813.1193207207058,292.5489600001566,1.0,CLIENT,7,2,100000,15,35,0,17021,20406,1026,496,306,641,36485.12000000002,94,False,False
205,5,-371.58721222603606,89.72391999968806,1.0,CLIENT,7,2,100000,8,9,0,24118,26105,827,1309,317,496,9381.888,99,False,False
205,6,401.52964800104775,-46.86572000032186,1.0,CLIENT,7,2,100000,11,18,0,22426,25316,908,986,316,569,18763.776000000005,99,False,False
205,7,-428.06593367536897,-635.74851999978,1.0,CLIENT,7,2,100000,17,24,0,19423,23377,1056,404,323,686,25018.36800000001,99,False,False
205,8,387.98426038832804,301.0092800001527,1.0,CLIENT,7,2,100000,9,12,0,21217,24858,1018,715,321,660,12509.184000000003,99,False,False
205,9,392.8162407643674,-690.963240000379,1.0,CLIENT,7,2,100000,14,21,0,19136,22351,1056,454,322,699,21891.072000000007,94,False,False
205,10,-917.6802075546782,113.991680000114,1.0,CLIENT,7,2,100000,12,30,0,16876,20195,882,721,310,518,31272.960000000014,93,False,False
205,11,-775.5724568123758,-809.2963999998144,1.0,CLIENT,7,2,100000,14,25,0,13388,17773,986,115,298,611,26060.80000000001,92,False,False
205,12,-26.773924053452234,-618.382600000121,1.0,CLIENT,7,2,100000,13,8,0,21747,24547,900,909,328,556,8339.456,99,False,False
205,13,910.313417799928,-754.3043200002353,1.0,CLIENT,7,2,100000,17,54,0,12622,16587,955,110,296,580,56291.32800000003,81,False,False
205,14,489.85191225844034,-616.601479999872,1.0,CLIENT,7,2,100000,13,16,0,19024,22077,1082,405,319,709,16678.912000000004,94,False,False
205,15,412.61943902847537,-353.5523200003783,1.0,CLIENT,7,2,100000,8,5,0,21379,24207,1046,738,324,688,5212.16,99,False,False
205,16,-577.3028357927277,-599.2355600002131,1.0,CLIENT,7,2,100000,15,23,0,18466,22640,1052,315,318,700,23975.93600000001,98,False,False
205,17,937.1665546456734,-610.2562400000727,1.0,CLIENT,7,2,100000,13,28,0,13748,17211,1009,226,302,620,29188.096000000012,81,False,False
205,18,-954.831007498165,-897.5731599999924,1.0,CLIENT,7,2,100000,15,67,0,10434,14392,868,61,278,505,69842.94400000003,87,False,False
205,19,-720.0442888801299,156.73855999976126,1.0,CLIENT,7,2,100000,11,13,0,19063,22518,941,794,311,597,13551.616000000004,98,False,False
205,20,982.0802083087536,33.5073200000366,1.0,CLIENT,7,2,100000,10,37,0,14722,18232,1038,277,300,639,38569.98400000002,85,False,False
205,21,-154.46494645936693,286.0923999998474,1.0,CLIENT,7,2,100000,12,4,0,23878,26172,828,1282,304,519,4169.728,99,False,False
205,22,-785.3156303578734,839.1301599996342,1.0,CLIENT,7,2,100000,10,20,0,11491,14601,978,32,274,603,20848.640000000007,81,False,False
205,23,753.234449169557,-55.77131999998471,1.0,CLIENT,7,2,100000,13,11,0,18135,21029,1071,462,313,698,11466.752000000002,97,False,False
205,24,-530.5672878900182,773.1174000001954,1.0,CLIENT,7,2,100000,10,12,0,13797,17957,1019,138,282,660,12509.184000000003,94,False,False
205,25,-37.942927874298825,158.51968000001023,1.0,CLIENT,7,2,100000,8,7,0,25293,26790,730,1554,308,412,7297.023999999999,99,False,False
205,26,422.2041869882609,-73.5825200001014,1.0,CLIENT,7,2,100000,11,12,0,22119,25000,932,908,320,583,12509.184000000003,99,False,False
205,27,-78.49987791903891,-235.99839999976638,1.0,CLIENT,7,2,100000,9,8,0,25571,26919,800,1507,312,476,8339.456,99,False,False
205,28,-891.9360498117319,-372.5880399997763,1.0,CLIENT,7,2,100000,17,34,0,16474,20966,985,441,307,627,35442.68800000002,95,False,False
205,29,-233.12324996411797,852.8225199998673,1.0,CLIENT,7,2,100000,12,50,0,14971,18549,954,372,288,593,52121.60000000003,95,False,False
205,30,-632.3557269667116,-209.61555999993465,1.0,CLIENT,7,2,100000,10,15,0,21627,24091,948,927,325,608,15636.480000000005,99,False,False
205,31,660.2386301218371,401.0859599998048,1.0,CLIENT,7,2,100000,15,31,0,16734,21068,989,320,296,640,32315.392000000014,96,False,False
205,32,-817.8720883038891,-797.7191199997782,1.0,CLIENT,7,2,100000,12,40,0,12932,17370,962,96,292,589,41697.28000000002,91,False,False
205,33,898.1938604619944,-889.3354800002251,1.0,CLIENT,7,2,100000,11,37,0,11431,15409,877,68,280,528,38569.98400000002,76,False,False
205,34,935.6615115780312,540.2359599996782,1.0,CLIENT,7,2,100000,12,41,0,11910,16123,888,121,281,534,42739.71200000002,86,False,False
205,35,-479.55424916182454,750.5194399995084,1.0,CLIENT,7,2,100000,9,22,0,14514,18829,1030,168,287,686,22933.504000000008,94,False,False
205,36,-513.9326013480323,484.6872799999224,1.0,CLIENT,7,2,100000,7,8,0,17798,22323,1093,365,303,745,8339.456,96,False,False
205,37,-830.0708584346787,665.1369999999329,1.0,CLIENT,7,2,100000,14,23,0,12801,16451,1003,98,282,654,23975.93600000001,89,False,False
205,38,-375.86470305152017,-124.67840000002582,1.0,CLIENT,7,2,100000,12,13,0,24238,26250,792,1317,313,462,13551.616000000004,99,False,False
205,39,-247.93604226591162,-469.4364400004602,1.0,CLIENT,7,2,100000,15,11,0,22818,25725,969,908,337,613,11466.752000000002,99,False,False
205,40,-788.4841420805585,967.5934399995958,1.0,CLIENT,7,2,100000,13,38,0,10401,13017,924,11,268,557,39612.41600000002,76,False,False
205,41,958.9500727362486,-217.9645600002118,1.0,CLIENT,7,2,100000,12,45,0,15274,18366,992,307,300,612,46909.440000000024,86,False,False
205,42,-366.5968062637218,274.5151199998111,1.0,CLIENT,7,2,100000,15,11,0,22416,25522,970,965,320,634,11466.752000000002,99,False,False
205,43,69.39040671695261,-839.1301600004251,1.0,CLIENT,7,2,100000,15,22,0,18736,22013,903,687,322,546,22933.504000000008,96,False,False
205,44,-983.5852513775216,-861.1715200001445,1.0,CLIENT,7,2,100000,15,151,0,10432,14425,790,43,277,425,157407.23200000008,86,False,False
205,45,313.76187329477324,-817.9793600000394,1.0,CLIENT,7,2,100000,17,32,0,18138,21540,1015,402,318,650,33357.824000000015,93,False,False
205,46,847.9729496646128,187.12891999975767,1.0,CLIENT,7,2,100000,12,19,0,15990,19553,1047,320,308,676,19806.208000000006,93,False,False
205,47,893.0450289134052,-865.9582799999237,1.0,CLIENT,7,2,100000,15,118,0,11641,15734,814,66,274,468,123006.97600000007,78,False,False
205,48,829.2787305033038,509.0663600000673,1.0,CLIENT,7,2,100000,11,38,0,13467,17789,895,192,282,545,39612.41600000002,90,False,False
205,49,872.92497947731,-513.2965200004608,1.0,CLIENT,7,2,100000,17,37,0,15387,18430,1034,287,304,672,38569.98400000002,87,False,False
205,50,-993.011573751032,802.0605999998907,1.0,CLIENT,7,2,100000,13,183,0,10383,13211,790,15,263,453,190765.0560000001,73,False,False
205,51,572.7877065881125,-650.2201200004185,1.0,CLIENT,7,2,100000,11,21,0,17791,21026,1075,331,314,708,21891.072000000007,91,False,False
205,52,17.109963299685,714.1177999996605,1.0,CLIENT,7,2,100000,8,59,0,17295,21200,796,731,300,450,61503.488000000034,99,False,False
205,53,-112.16531496785365,768.4419600001352,1.0,CLIENT,7,2,100000,10,20,0,16563,20227,906,621,302,562,20848.640000000007,96,False,False
205,54,-881.0838971628723,928.0748399997077,1.0,CLIENT,7,2,100000,11,46,0,10199,12837,900,16,268,537,47951.872000000025,76,False,False
205,55,-0.7921279308119696,-888.5562399998196,1.0,CLIENT,7,2,100000,10,44,0,18001,21375,869,652,322,493,45867.00800000002,94,False,False
205,56,-719.7274377075801,323.1619599995909,1.0,CLIENT,7,2,100000,10,13,0,17637,21469,1076,501,311,701,13551.616000000004,95,False,False
205,57,-97.19409708034785,623.9485999995147,1.0,CLIENT,7,2,100000,10,23,0,18550,22625,873,755,304,546,23975.93600000001,99,False,False
205,58,-948.3355584676457,-776.5683200001833,1.0,CLIENT,7,2,100000,11,38,0,11710,15969,925,80,283,555,39612.41600000002,89,False,False
205,59,415.1542484066234,-25.269640000269362,1.0,CLIENT,7,2,100000,10,14,0,22225,25127,925,931,320,569,14594.048000000004,99,False,False
205,60,709.9050513681007,95.17860000015389,1.0,CLIENT,7,2,100000,13,22,0,18395,21573,1066,472,314,698,22933.504000000008,97,False,False
205,61,625.8602779356293,576.6375999995262,1.0,CLIENT,7,2,100000,14,31,0,15007,19763,949,225,298,588,32315.392000000014,93,False,False
205,62,-181.79336006393729,111.76528000019829,1.0,CLIENT,7,2,100000,8,2,0,25381,26758,756,1559,305,445,2084.864,99,False,False
205,63,241.04452926942346,-322.38271999997636,1.0,CLIENT,7,2,100000,13,11,0,23471,25707,938,1098,323,596,11466.752000000002,99,False,False
205,64,588.7094779921424,-113.32376000021839,1.0,CLIENT,7,2,100000,9,15,0,20094,23030,991,676,318,625,15636.480000000005,99,False,False
205,65,-164.76260955710833,510.0682399999107,1.0,CLIENT,7,2,100000,12,16,0,20236,24065,929,824,312,590,16678.912000000004,99,False,False
205,66,-214.191392423678,281.528279999506,1.0,CLIENT,7,2,100000,12,11,0,23625,26111,862,1176,317,536,11466.752000000002,99,False,False
205,67,795.058803903371,410.99344000010205,1.0,CLIENT,7,2,100000,12,19,0,14966,19058,990,255,298,636,19806.208000000006,93,False,False
205,68,-457.61230548497457,-979.7273199998087,1.0,CLIENT,7,2,100000,10,50,0,14095,18644,972,178,305,572,52121.60000000003,93,False,False
205,69,970.5943533153571,571.4055600000802,1.0,CLIENT,7,2,100000,12,203,0,11030,15253,698,84,268,373,211613.6960000001,84,False,False
205,70,-598.0565875733597,854.9376000000641,1.0,CLIENT,7,2,100000,11,16,0,12444,16174,999,64,279,629,16678.912000000004,93,False,False
205,71,-22.496433227968144,-891.6731999998598,1.0,CLIENT,7,2,100000,8,22,0,17985,21359,887,647,319,512,22933.504000000008,94,False,False
205,72,-507.27872673123807,961.3595199995154,1.0,CLIENT,7,2,100000,10,42,0,11954,15371,954,60,277,582,43782.14400000002,85,False,False
205,73,300.0580600957786,214.29099999999494,1.0,CLIENT,7,2,100000,15,9,0,23004,25778,963,972,326,613,9381.888,99,False,False
205,74,-812.3271927898938,610.3675599997916,1.0,CLIENT,7,2,100000,12,26,0,13476,17268,1022,124,284,668,27103.23200000001,92,False,False
205,75,-674.9722096307747,906.7013999998841,1.0,CLIENT,7,2,100000,14,32,0,11535,14719,948,27,272,592,33357.824000000015,82,False,False
205,76,-335.86224255789824,-452.62712000018695,1.0,CLIENT,7,2,100000,13,4,0,22393,25627,1036,769,343,670,4169.728,99,False,False
205,77,757.9080039598841,355.44475999955523,1.0,CLIENT,7,2,100000,13,22,0,15899,19971,1004,315,302,649,22933.504000000008,93,False,False
205,78,208.7257097025388,387.72755999951954,1.0,CLIENT,7,2,100000,12,11,0,21988,25215,917,918,324,573,11466.752000000002,99,False,False
205,79,-495.0799566004485,-621.2769199999323,1.0,CLIENT,7,2,100000,14,27,0,18952,23076,1050,380,315,690,28145.66400000001,99,False,False
205,80,441.5321084941068,-548.1396800002886,1.0,CLIENT,7,2,100000,9,10,0,19976,22970,1105,523,325,729,10424.320000000002,96,False,False
205,81,715.370734088677,-352.8844000004827,1.0,CLIENT,7,2,100000,15,22,0,18059,20888,1064,436,317,694,22933.504000000008,95,False,False
205,82,-907.4617572503556,481.68163999960115,1.0,CLIENT,7,2,100000,12,16,0,14266,17691,1048,226,293,708,16678.912000000004,91,False,False
205,83,101.55080069756231,-584.9865999998033,1.0,CLIENT,7,2,100000,14,6,0,21898,24564,928,919,330,576,6254.592,99,False,False
205,84,124.5225106837925,-887.2204000000283,1.0,CLIENT,7,2,100000,11,23,0,17985,21247,936,586,329,550,23975.93600000001,93,False,False
205,85,-256.0157471574921,-272.84532000007204,1.0,CLIENT,7,2,100000,10,7,0,24577,26696,887,1218,333,546,7297.023999999999,99,False,False
205,86,-782.9392465665632,-847.7018000001402,1.0,CLIENT,7,2,100000,13,32,0,12844,17124,957,101,293,583,33357.824000000015,91,False,False
205,87,775.8100951909439,-978.7254399999654,1.0,CLIENT,7,2,100000,15,60,0,11601,15799,868,47,273,506,62545.920000000035,78,False,False
205,88,636.0787282399518,-595.895959999944,1.0,CLIENT,7,2,100000,9,18,0,17714,20752,1081,359,313,716,18763.776000000005,91,False,False
205,89,120.24501985887126,395.0746799999533,1.0,CLIENT,7,2,100000,9,8,0,22441,25440,868,1076,322,537,8339.456,99,False,False
205,90,-661.347609225199,-637.5296400000288,1.0,CLIENT,7,2,100000,15,36,0,16961,21306,1018,250,314,644,37527.55200000002,97,False,False
205,91,-881.0838971628723,-352.99572000020163,1.0,CLIENT,7,2,100000,12,32,0,16918,21157,1006,469,320,642,33357.824000000015,96,False,False
205,92,-296.8103355813632,-652.7804800002821,1.0,CLIENT,7,2,100000,10,17,0,20390,23901,1028,615,333,659,17721.344000000005,99,False,False
205,93,-17.98130402391587,354.88816000016953,1.0,CLIENT,7,2,100000,14,2,0,23168,25830,808,1240,314,483,2084.864,99,False,False
205,94,-67.2516613047734,131.35759999977296,1.0,CLIENT,7,2,100000,9,5,0,25500,26855,720,1628,306,407,5212.16,99,False,False
205,95,-614.6120613224895,-672.5954400000855,1.0,CLIENT,7,2,100000,12,11,0,17015,21427,1047,267,319,670,11466.752000000002,97,False,False
205,96,-456.3449007964633,477.1175200000508,1.0,CLIENT,7,2,100000,15,10,0,18490,22962,1099,408,307,747,10424.320000000002,98,False,False
205,97,404.38130855062,-658.7917600001335,1.0,CLIENT,7,2,100000,12,12,0,19313,22477,1071,437,323,707,12509.184000000003,95,False,False
205,98,-987.7043166161677,251.6945199996863,1.0,CLIENT,7,2,100000,13,51,0,15516,18478,975,495,310,593,53164.03200000003,89,False,False
205,99,274.15547676655723,324.49780000017313,1.0,CLIENT,7,2,100000,13,13,0,22279,25424,944,919,320,602,13551.616000000004,99,False,False

206,0,768.0472414713506,-677.159560000427,1.0,CLIENT,7,2,100000,13,27,0,14677,19987,963,128,293,595,28145.66400000001,96,False,False
206,1,40.556950044177235,661.6860799999449,1.0,CLIENT,7,2,100000,14,14,0,20379,23813,912,795,303,573,14594.048000000004,99,False,False
206,2,414.4413332686675,-597.7883999999119,1.0,CLIENT,7,2,100000,10,4,0,20169,24194,1055,401,313,693,4169.728,98,False,False
206,3,-364.69569923067365,319.48840000016503,1.0,CLIENT,7,2,100000,11,12,0,22963,25916,985,851,315,653,12509.184000000003,99,False,False
206,4,-927.3441683073197,-821.5416000005373,1.0,CLIENT,7,2,100000,16,181,0,11553,14764,776,39,264,425,188680.1920000001,78,False,False
206,5,-387.5089836306288,35.84503999967126,1.0,CLIENT,7,2,100000,8,5,0,23926,26315,833,1190,305,515,5212.16,99,False,False
206,6,183.4568287172916,-465.3175999997856,1.0,CLIENT,7,2,100000,11,4,0,23475,26204,953,965,324,610,4169.728,99,False,False
206,7,-410.2430552377281,161.5253199995405,1.0,CLIENT,7,2,100000,17,17,0,23371,25971,870,1059,307,536,17721.344000000005,99,False,False
206,8,-45.230504835067315,403.3123599997205,1.0,CLIENT,7,2,100000,8,6,0,24107,26378,864,1147,309,544,6254.592,99,False,False
206,9,-416.42165309626034,740.6119600000022,1.0,CLIENT,7,2,100000,16,28,0,16710,21182,989,302,283,645,29188.096000000012,95,False,False
206,10,-304.4147637146816,881.7657199995625,1.0,CLIENT,7,2,100000,12,21,0,15853,19832,981,342,285,630,21891.072000000007,94,False,False
206,11,-912.6105887989448,-569.7357600003411,1.0,CLIENT,7,2,100000,14,36,0,13573,17204,964,90,280,593,37527.55200000002,87,False,False
206,12,-141.39483560547217,-780.1305599998904,1.0,CLIENT,7,2,100000,15,32,0,18731,22011,924,651,307,572,33357.824000000015,99,False,False
206,13,-693.5872159992276,844.9188000000479,1.0,CLIENT,7,2,100000,17,47,0,12743,16858,917,114,265,572,48994.304000000026,90,False,False
206,14,398.4403490717815,627.3995199995028,1.0,CLIENT,7,2,100000,13,12,0,19370,23123,1054,450,311,699,12509.184000000003,98,False,False
206,15,751.5709805156397,301.1205999998717,1.0,CLIENT,7,2,100000,8,16,0,19676,22804,1075,439,311,703,16678.912000000004,95,False,False
206,16,-224.72669390055043,-634.4126799999888,1.0,CLIENT,7,2,100000,15,27,0,20218,23596,993,626,311,632,28145.66400000001,99,False,False
206,17,-593.2246071973204,-383.497399999917,1.0,CLIENT,7,2,100000,12,9,0,19180,22852,1082,386,313,719,9381.888,97,False,False
206,18,-860.4885709685152,261.0453999998069,1.0,CLIENT,7,2,100000,15,29,0,16391,20178,921,552,304,556,30230.528000000013,94,False,False
206,19,-212.92398773516683,64.56559999992862,1.0,CLIENT,7,2,100000,8,6,0,25781,27191,804,1444,293,494,6254.592,99,False,False
206,20,448.9781110411503,850.8187600001804,1.0,CLIENT,7,2,100000,10,34,0,15826,19665,1003,279,297,615,35442.68800000002,92,False,False
206,21,910.9471201444649,661.2407999994872,1.0,CLIENT,7,2,100000,17,31,0,13512,17921,959,88,283,607,32315.392000000014,88,False,False
206,22,-938.9092360935723,-723.0234000001144,1.0,CLIENT,7,2,100000,10,16,0,12140,15471,944,52,282,576,16678.912000000004,82,False,False
206,23,122.14612689191944,-638.9768000003301,1.0,CLIENT,7,2,100000,11,6,0,21171,24434,932,802,322,582,6254.592,99,False,False
206,24,-557.6580631148946,-556.4886799997748,1.0,CLIENT,7,2,100000,10,13,0,17865,21685,1063,273,300,687,13551.616000000004,97,False,False
206,25,528.7453936487003,547.360439999883,1.0,CLIENT,7,2,100000,11,9,0,19356,23189,1074,382,310,724,9381.888,96,False,False
206,26,-653.8223938847367,-64.34296000049073,1.0,CLIENT,7,2,100000,12,19,0,20167,23409,908,764,308,562,19806.208000000006,99,False,False
206,27,960.4551158044535,-294.1074400001767,1.0,CLIENT,7,2,100000,11,54,0,16939,20600,972,418,320,565,56291.32800000003,94,False,False
206,28,-856.1318673501751,-13.358400000285258,1.0,CLIENT,7,2,100000,17,34,0,17124,20698,887,611,302,540,35442.68800000002,96,False,False
206,29,-264.17466484249144,-12.91311999982753,1.0,CLIENT,7,2,100000,11,4,0,25268,26941,814,1353,311,488,4169.728,99,False,False
206,30,414.4413332686675,197.48167999972168,1.0,CLIENT,7,2,100000,10,12,0,23915,26014,996,930,316,664,12509.184000000003,99,False,False
206,31,877.7569598539123,200.48732000004293,1.0,CLIENT,7,2,100000,15,26,0,18474,21656,1029,423,308,664,27103.23200000001,94,False,False
206,32,-510.5264512467791,-200.82127999999074,1.0,CLIENT,7,2,100000,11,16,0,21527,24819,1007,708,313,657,16678.912000000004,99,False,False
206,33,215.6964354913202,331.95623999953483,1.0,CLIENT,7,2,100000,10,4,0,24398,26353,919,1101,314,594,4169.728,99,False,False
206,34,445.888812112447,-783.9154399998262,1.0,CLIENT,7,2,100000,12,26,0,17245,21546,990,275,304,620,27103.23200000001,96,False,False
206,35,260.76851474011255,-350.9919600005148,1.0,CLIENT,7,2,100000,9,8,0,24396,26734,950,1032,321,606,8339.456,99,False,False
206,36,-711.4100944368685,-569.0678400004456,1.0,CLIENT,7,2,100000,8,9,0,16042,19745,1046,166,294,686,9381.888,94,False,False
206,37,273.4425616291642,724.3592399999056,1.0,CLIENT,7,2,100000,14,21,0,18632,22443,996,557,303,651,21891.072000000007,98,False,False
206,38,-2.217958206160947,647.4371199995352,1.0,CLIENT,7,2,100000,13,34,0,20598,24010,895,792,306,545,35442.68800000002,99,False,False
206,39,-623.563106937738,-862.3960400002168,1.0,CLIENT,7,2,100000,17,41,0,14272,17665,979,123,283,613,42739.71200000002,87,False,False
206,40,-406.59926675678093,-257.1492000001521,1.0,CLIENT,7,2,100000,11,8,0,22494,25641,1041,751,320,699,8339.456,99,False,False
206,41,881.7968122997024,9.462199999839527,1.0,CLIENT,7,2,100000,12,43,0,18989,21878,923,569,318,526,44824.57600000002,95,False,False
206,42,956.4152633586634,759.4250399999623,1.0,CLIENT,7,2,100000,18,58,0,12045,16079,898,40,270,542,60461.05600000003,84,False,False
206,43,-627.2068954181223,460.08555999954865,1.0,CLIENT,7,2,100000,15,28,0,18204,22491,1009,411,291,677,29188.096000000012,96,False,False
206,44,-57.19163658672587,299.5621199998516,1.0,CLIENT,7,2,100000,11,9,0,25178,26863,819,1298,304,500,9381.888,99,False,False
206,45,389.96458021479515,136.1443599995522,1.0,CLIENT,7,2,100000,16,14,0,24351,26267,930,1071,318,582,14594.048000000004,99,False,False
206,46,972.4162475555493,233.8833199995696,1.0,CLIENT,7,2,100000,12,18,0,17101,20443,1045,338,313,660,18763.776000000005,90,False,False
206,47,539.9936102629658,-654.7842399999689,1.0,CLIENT,7,2,100000,15,25,0,18130,22581,1023,264,306,667,26060.80000000001,97,False,False
206,48,251.81746912486406,-984.0687999999213,1.0,CLIENT,7,2,100000,11,78,0,15437,19563,888,351,293,499,81309.69600000004,94,False,False
206,49,507.83321628179334,47.75627999965536,1.0,CLIENT,7,2,100000,13,15,0,23329,25578,902,971,321,562,15636.480000000005,99,False,False
206,50,-327.62411208004283,874.084639999972,1.0,CLIENT,7,2,100000,12,33,0,15758,19817,978,297,284,623,34400.256000000016,94,False,False
206,51,653.1886915396368,291.7697199997511,1.0,CLIENT,7,2,100000,11,14,0,20830,23778,1094,525,313,737,14594.048000000004,98,False,False
206,52,188.68487305929978,-765.4363199998138,1.0,CLIENT,7,2,100000,8,23,0,19326,22843,968,587,323,596,23975.93600000001,98,False,False
206,53,645.5050506134623,780.3532000001192,1.0,CLIENT,7,2,100000,11,18,0,15116,19216,1024,135,296,652,18763.776000000005,91,False,False
206,54,811.2974264799508,-815.9756000003526,1.0,CLIENT,7,2,100000,11,27,0,12554,17212,915,50,278,538,28145.66400000001,89,False,False
206,55,551.2418268766685,813.4152399996981,1.0,CLIENT,7,2,100000,10,30,0,15466,19492,993,189,293,622,31272.960000000014,92,False,False
206,56,57.82533893070004,-578.4187199997751,1.0,CLIENT,7,2,100000,9,11,0,22136,25125,874,945,317,525,11466.752000000002,99,False,False
206,57,747.5311280698496,-783.8041200001072,1.0,CLIENT,7,2,100000,11,28,0,13647,18554,937,92,285,553,29188.096000000012,91,False,False
206,58,-168.32718524463652,227.983360000228,1.0,CLIENT,7,2,100000,9,6,0,25412,27019,829,1328,298,522,6254.592,99,False,False
206,59,31.44747884265379,-408.5443999999575,1.0,CLIENT,7,2,100000,10,8,0,24347,26531,842,1185,319,510,8339.456,99,False,False
206,60,-151.93013708178174,-424.908439999773,1.0,CLIENT,7,2,100000,11,9,0,23399,26029,903,1036,307,590,9381.888,99,False,False
206,61,-896.2927534295092,-137.59151999985335,1.0,CLIENT,7,2,100000,14,47,0,16261,19959,962,443,302,570,48994.304000000026,95,False,False
206,62,97.35252266549712,-790.8172799998022,1.0,CLIENT,7,2,100000,9,13,0,19036,22481,935,645,320,581,13551.616000000004,98,False,False
206,63,372.22091457001034,815.0850400002281,1.0,CLIENT,7,2,100000,14,27,0,16754,20649,1021,377,306,648,28145.66400000001,93,False,False
206,64,634.4152595854719,843.6942799999756,1.0,CLIENT,7,2,100000,10,22,0,14407,18311,981,137,291,633,22933.504000000008,91,False,False
206,65,613.3446566328525,-456.3006800004038,1.0,CLIENT,7,2,100000,14,15,0,20224,23639,1070,435,319,705,15636.480000000005,98,False,False
206,66,-392.1033256275371,-117.442600000102,1.0,CLIENT,7,2,100000,12,11,0,23419,26183,905,1034,316,570,11466.752000000002,99,False,False
206,67,-970.1190765576579,-601.7959200000766,1.0,CLIENT,7,2,100000,13,25,0,12626,16207,955,51,279,582,26060.80000000001,83,False,False
206,68,-429.3333383638801,-729.5912800001427,1.0,CLIENT,7,2,100000,10,17,0,17497,20961,1052,305,298,693,17721.344000000005,96,False,False
206,69,-416.3424403028414,979.0593999999132,1.0,CLIENT,7,2,100000,11,41,0,13826,17552,923,192,272,586,42739.71200000002,92,False,False
206,70,884.4900472635626,-154.51215999984555,1.0,CLIENT,7,2,100000,11,24,0,18940,21845,957,582,321,569,25018.36800000001,97,False,False
206,71,-747.5311280704125,-744.1742000005002,1.0,CLIENT,7,2,100000,9,27,0,14195,17561,991,105,286,604,28145.66400000001,87,False,False
206,72,424.2637196081468,-401.7538800004914,1.0,CLIENT,7,2,100000,9,7,0,22535,25620,1077,652,325,725,7297.023999999999,99,False,False
206,73,-121.27478616937708,102.52571999979665,1.0,CLIENT,7,2,100000,12,4,0,26242,27307,776,1556,295,469,4169.728,99,False,False
206,74,274.7099663182382,553.1490799995058,1.0,CLIENT,7,2,100000,11,10,0,21365,24574,1020,691,315,677,10424.320000000002,99,False,False
206,75,753.4720875486879,-967.8160799998248,1.0,CLIENT,7,2,100000,14,54,0,11433,15494,856,42,279,471,56291.32800000003,88,False,False
206,76,998.3980436781894,722.8007599998855,1.0,CLIENT,7,2,100000,15,175,0,11890,16063,770,37,265,433,182425.6000000001,82,False,False
206,77,726.2228867375366,629.8485599996474,1.0,CLIENT,7,2,100000,13,30,0,16212,20328,1023,165,294,660,31272.960000000014,92,False,False
206,78,670.9323571844217,9.350880000120583,1.0,CLIENT,7,2,100000,13,11,0,21569,24073,912,809,322,554,11466.752000000002,99,False,False
206,79,333.3274331797502,-694.302839999857,1.0,CLIENT,7,2,100000,14,26,0,19443,23396,1009,433,312,650,27103.23200000001,98,False,False
206,80,-27.011562432583258,302.5677600001728,1.0,CLIENT,7,2,100000,9,4,0,25136,26862,842,1293,308,528,4169.728,99,False,False
206,81,-933.8396173384018,-127.35008000039926,1.0,CLIENT,7,2,100000,15,29,0,15589,19457,959,428,300,592,30230.528000000013,94,False,False
206,82,68.43985319986568,-426.68956000002197,1.0,CLIENT,7,2,100000,9,5,0,24160,26421,814,1222,311,498,5212.16,99,False,False
206,83,916.1751644859104,-801.8379600004528,1.0,CLIENT,7,2,100000,16,168,0,11613,15910,760,37,265,422,175128.5760000001,86,False,False
206,84,-655.6442881254916,571.1829199998513,1.0,CLIENT,7,2,100000,11,23,0,16428,21069,1013,260,290,670,23975.93600000001,95,False,False
206,85,11.248216613702652,-154.62348000035547,1.0,CLIENT,7,2,100000,9,5,0,26472,27367,723,1591,284,434,5212.16,99,False,False
206,86,234.70750582461622,521.645519999947,1.0,CLIENT,7,2,100000,12,9,0,21947,25036,988,784,312,655,9381.888,99,False,False
206,87,511.00172800447837,725.472439999468,1.0,CLIENT,7,2,100000,15,25,0,17043,20986,1022,266,296,675,26060.80000000001,92,False,False
206,88,909.6797154553909,301.5658799995384,1.0,CLIENT,7,2,100000,9,24,0,17451,20947,1048,326,309,669,25018.36800000001,92,False,False
206,89,-20.12004943665792,352.66175999946284,1.0,CLIENT,7,2,100000,9,8,0,24645,26640,829,1227,306,511,8339.456,99,False,False
206,90,-434.2445315333384,-687.400999999881,1.0,CLIENT,7,2,100000,15,35,0,17854,21469,1045,331,299,676,36485.12000000002,97,False,False
206,91,-817.0007475802211,977.834879999841,1.0,CLIENT,7,2,100000,13,235,0,10213,13770,658,44,236,363,244971.52000000014,81,False,False
206,92,380.30061946159077,-56.66188000010919,1.0,CLIENT,7,2,100000,10,17,0,24635,26601,837,1188,313,500,17721.344000000005,99,False,False
206,93,-816.525470821959,-832.3396400001682,1.0,CLIENT,7,2,100000,16,54,0,12709,15966,937,70,273,562,56291.32800000003,84,False,False
206,94,156.99975583695212,597.565759999683,1.0,CLIENT,7,2,100000,12,21,0,21162,24463,925,819,311,586,21891.072000000007,99,False,False
206,95,481.45535619430984,-451.5139199998336,1.0,CLIENT,7,2,100000,11,9,0,21494,24918,1084,518,327,714,9381.888,98,False,False
206,96,-162.0693745932482,762.7646400002313,1.0,CLIENT,7,2,100000,15,20,0,18318,22225,1010,524,301,642,20848.640000000007,98,False,False
206,97,80.9554745032052,-171.87808000029548,1.0,CLIENT,7,2,100000,9,4,0,26415,27306,745,1584,299,444,4169.728,99,False,False
206,98,-388.3803243542968,-436.4857199998093,1.0,CLIENT,7,2,100000,13,15,0,20909,24602,1055,524,305,714,15636.480000000005,99,False,False
206,99,-852.0128021109658,136.03303999983325,1.0,CLIENT,7,2,100000,14,48,0,16993,20611,810,665,285,466,50036.736000000026,95,False,False

207,0,-393.76679428201714,-22.375320000458032,1.0,CLIENT,7,2,100000,11,4,0,24177,26475,928,1051,323,582,4169.728,99,False,False
207,1,-830.1500712275347,-457.5252000004761,1.0,CLIENT,7,2,100000,15,34,0,16170,20475,998,239,296,617,35442.68800000002,92,False,False
207,2,-754.3434282729188,703.2084399995199,1.0,CLIENT,7,2,100000,11,20,0,16561,19802,1026,129,311,642,20848.640000000007,90,False,False
207,3,-675.4474863890367,595.7846400002251,1.0,CLIENT,7,2,100000,12,27,0,18184,21412,1044,199,308,677,28145.66400000001,95,False,False
207,4,792.6824201114979,544.132160000124,1.0,CLIENT,7,2,100000,16,27,0,15341,19948,955,180,285,598,28145.66400000001,96,False,False
207,5,-32.16039398117254,329.1732400002334,1.0,CLIENT,7,2,100000,8,9,0,25452,26958,815,1302,314,482,9381.888,99,False,False
207,6,-446.839365629534,318.0412399998639,1.0,CLIENT,7,2,100000,12,10,0,22451,25515,1066,639,332,709,10424.320000000002,99,False,False
207,7,-358.6755269584163,-844.4735200003811,1.0,CLIENT,7,2,100000,17,26,0,16132,20201,969,422,303,615,27103.23200000001,93,False,False
207,8,-953.1675388436851,-868.7412800000161,1.0,CLIENT,7,2,100000,10,39,0,10369,13938,870,44,264,502,40654.84800000002,80,False,False
207,9,980.8920164125357,-246.01719999978258,1.0,CLIENT,7,2,100000,14,49,0,14926,18596,896,455,305,522,51079.16800000003,88,False,False
207,10,-75.96506854089087,-931.080480000029,1.0,CLIENT,7,2,100000,12,64,0,15584,19662,828,566,300,458,66715.64800000003,93,False,False
207,11,-529.9335855454812,544.3547999995619,1.0,CLIENT,7,2,100000,14,13,0,19899,23243,1073,306,320,701,13551.616000000004,98,False,False
207,12,41.03222680243928,-713.7838400005037,1.0,CLIENT,7,2,100000,15,20,0,19133,22798,908,725,307,557,20848.640000000007,99,False,False
207,13,-453.73087862545924,331.0656800002013,1.0,CLIENT,7,2,100000,15,13,0,22284,25337,1072,613,328,702,13551.616000000004,99,False,False
207,14,-765.5916448871843,-506.83996000015156,1.0,CLIENT,7,2,100000,14,31,0,16511,20971,986,263,295,607,32315.392000000014,93,False,False
207,15,835.5365411546921,577.3055200002127,1.0,CLIENT,7,2,100000,9,24,0,14497,18892,956,129,282,586,25018.36800000001,93,False,False
207,16,741.4317430041733,-684.5066800000698,1.0,CLIENT,7,2,100000,15,32,0,13530,17866,968,177,283,601,33357.824000000015,90,False,False
207,17,-374.6765111553023,-484.0193600000268,1.0,CLIENT,7,2,100000,12,8,0,21484,24779,1015,671,317,671,8339.456,99,False,False
207,18,-948.4147712605017,-184.56855999989415,1.0,CLIENT,7,2,100000,15,42,0,17365,20534,947,459,311,585,43782.14400000002,91,False,False
207,19,-681.2300202821631,247.019079999626,1.0,CLIENT,7,2,100000,13,16,0,20674,23446,1065,506,328,711,16678.912000000004,98,False,False
207,20,-251.8174691254269,688.7368399996723,1.0,CLIENT,7,2,100000,9,14,0,20558,23513,1015,551,314,658,14594.048000000004,98,False,False
207,21,250.78770281492106,100.29931999988094,1.0,CLIENT,7,2,100000,11,9,0,25790,27192,783,1490,310,458,9381.888,99,False,False
207,22,611.5227623926605,811.1888399997824,1.0,CLIENT,7,2,100000,10,15,0,15182,19394,971,226,289,615,15636.480000000005,93,False,False
207,23,810.267660170008,-421.457519999785,1.0,CLIENT,7,2,100000,13,14,0,15839,19928,972,422,304,604,14594.048000000004,94,False,False
207,24,-147.89028463599152,807.6266000000754,1.0,CLIENT,7,2,100000,9,32,0,19323,22399,968,532,312,590,33357.824000000015,98,False,False
207,25,-754.5810666520499,-211.17403999995474,1.0,CLIENT,7,2,100000,11,11,0,19567,22701,1003,543,317,625,11466.752000000002,98,False,False
207,26,848.5274392162936,715.8989199999096,1.0,CLIENT,7,2,100000,12,34,0,13069,17350,910,82,276,541,35442.68800000002,88,False,False
207,27,741.9070197624353,893.1203600001609,1.0,CLIENT,7,2,100000,13,39,0,12246,17054,874,95,275,511,40654.84800000002,87,False,False
207,28,-483.99016557302076,-413.5537999999656,1.0,CLIENT,7,2,100000,16,21,0,21183,24616,1052,598,314,708,21891.072000000007,99,False,False
207,29,817.3968115450642,198.37223999984616,1.0,CLIENT,7,2,100000,12,32,0,17297,21294,977,451,308,615,33357.824000000015,96,False,False
207,30,-58.61746686207485,-143.7141200002148,1.0,CLIENT,7,2,100000,10,11,0,26221,27409,739,1604,310,423,11466.752000000002,99,False,False
207,31,952.0585597403231,600.5714000000044,1.0,CLIENT,7,2,100000,15,161,0,12943,16771,788,82,266,448,167831.55200000008,88,False,False
207,32,-129.51291664723252,-525.9870000000594,1.0,CLIENT,7,2,100000,11,11,0,22185,25046,865,996,314,528,11466.752000000002,99,False,False
207,33,482.643548089965,820.7623600001318,1.0,CLIENT,7,2,100000,11,29,0,16611,20445,991,321,297,610,30230.528000000013,96,False,False
207,34,-52.51808179639864,469.43643999966923,1.0,CLIENT,7,2,100000,10,13,0,23820,26170,882,1027,316,539,13551.616000000004,99,False,False
207,35,-263.0656857396924,-314.7016400003858,1.0,CLIENT,7,2,100000,9,6,0,24207,26399,924,1064,326,574,6254.592,99,False,False
207,36,-747.9271920358184,-196.0345200002115,1.0,CLIENT,7,2,100000,7,8,0,19822,22908,998,568,323,621,8339.456,98,False,False
207,37,-206.98302825576556,-757.8665599999422,1.0,CLIENT,7,2,100000,14,19,0,18270,22078,945,617,320,581,19806.208000000006,98,False,False
207,38,553.2221467031356,-951.4520400000092,1.0,CLIENT,7,2,100000,14,101,0,11896,15901,881,93,276,516,105285.63200000006,89,False,False
207,39,-55.052891174546666,520.3096800001558,1.0,CLIENT,7,2,100000,15,9,0,23064,25771,903,960,315,576,9381.888,99,False,False
207,40,19.011070333296022,-734.2667200002029,1.0,CLIENT,7,2,100000,11,24,0,18819,22472,902,702,307,548,25018.36800000001,99,False,False
207,41,48.715867729176594,340.19392000009304,1.0,CLIENT,7,2,100000,10,12,0,25322,26908,819,1265,315,490,12509.184000000003,99,False,False
207,42,-409.609352893191,43.41479999954288,1.0,CLIENT,7,2,100000,15,8,0,24044,26371,945,1044,324,605,8339.456,99,False,False
207,43,923.4627414472416,874.5299199996387,1.0,CLIENT,7,2,100000,16,57,0,10613,14552,804,37,257,453,59418.62400000003,81,False,False
207,44,-510.3680256605042,445.613959999701,1.0,CLIENT,7,2,100000,14,12,0,20797,24222,1082,390,324,732,12509.184000000003,98,False,False
207,45,-775.2556056398258,-391.9577199999131,1.0,CLIENT,7,2,100000,18,37,0,17716,21769,995,335,296,634,38569.98400000002,94,False,False
207,46,-473.3756513032923,-151.17256000036747,1.0,CLIENT,7,2,100000,11,10,0,23197,25716,937,913,326,580,10424.320000000002,99,False,False
207,47,-814.9412149608979,-73.80516000033026,1.0,CLIENT,7,2,100000,14,32,0,19565,22153,939,632,317,578,33357.824000000015,97,False,False
207,48,319.4651943944806,430.8083999999056,1.0,CLIENT,7,2,100000,10,9,0,22627,25908,1005,793,322,664,9381.888,99,False,False
207,49,700.6371545803022,-834.6773599998028,1.0,CLIENT,7,2,100000,17,41,0,12001,16171,936,77,275,566,42739.71200000002,88,False,False
207,50,595.0465014369497,-756.3080799999221,1.0,CLIENT,7,2,100000,12,30,0,14066,18694,976,145,283,611,31272.960000000014,91,False,False
207,51,686.9333413818705,917.276800000077,1.0,CLIENT,7,2,100000,12,48,0,12591,17370,865,123,281,497,50036.736000000026,88,False,False
207,52,691.2108322067917,226.87015999987466,1.0,CLIENT,7,2,100000,8,14,0,19252,23132,1044,518,318,671,14594.048000000004,97,False,False
207,53,887.8961973648157,-338.96940000002076,1.0,CLIENT,7,2,100000,11,47,0,15531,19492,942,425,310,560,48994.304000000026,93,False,False
207,54,-408.2627354112609,981.0631599996,1.0,CLIENT,7,2,100000,10,29,0,16111,19625,953,246,293,591,30230.528000000013,89,False,False
207,55,437.9675328065787,-715.0083599997851,1.0,CLIENT,7,2,100000,10,18,0,16282,20899,1042,279,299,676,18763.776000000005,96,False,False
207,56,77.70774998766409,-139.59528000033117,1.0,CLIENT,7,2,100000,7,1,0,26261,27459,717,1679,303,405,1042.432,99,False,False
207,57,-741.510955798155,-983.5122000005356,1.0,CLIENT,7,2,100000,11,82,0,10856,14995,821,74,267,478,85479.42400000004,85,False,False
207,58,-953.088326050829,-818.2020000002683,1.0,CLIENT,7,2,100000,11,128,0,10887,14624,781,61,259,412,133431.29600000006,85,False,False
207,59,294.4339517889273,-14.69424000007649,1.0,CLIENT,7,2,100000,8,8,0,25213,27096,761,1414,301,448,8339.456,99,False,False
207,60,188.76408585215583,282.7527999995783,1.0,CLIENT,7,2,100000,9,7,0,25353,27039,861,1275,320,527,7297.023999999999,99,False,False
207,61,-975.5055464853782,29.72244000010079,1.0,CLIENT,7,2,100000,14,31,0,17437,20539,928,528,316,554,32315.392000000014,92,False,False
207,62,108.52152648634372,-362.0126400003744,1.0,CLIENT,7,2,100000,9,8,0,24027,26523,870,1206,313,529,8339.456,99,False,False
207,63,789.5931211822318,-816.5322000005292,1.0,CLIENT,7,2,100000,14,41,0,11421,15488,904,81,275,535,42739.71200000002,86,False,False
207,64,-510.60566403963514,843.1376799997988,1.0,CLIENT,7,2,100000,10,22,0,17161,20505,1005,179,307,651,22933.504000000008,93,False,False
207,65,-708.7960722658644,846.8112400000157,1.0,CLIENT,7,2,100000,16,36,0,15348,18922,974,94,295,593,37527.55200000002,89,False,False
207,66,582.6100929270291,-482.4608800000067,1.0,CLIENT,7,2,100000,14,19,0,18001,22243,1023,450,301,677,19806.208000000006,97,False,False
207,67,350.12054530744814,536.4510799997424,1.0,CLIENT,7,2,100000,11,6,0,21137,24839,1026,622,321,657,6254.592,98,False,False
207,68,-911.4223969032898,240.33987999987886,1.0,CLIENT,7,2,100000,10,60,0,17836,21115,971,379,317,580,62545.920000000035,94,False,False
207,69,-927.7402322727257,261.1567199995258,1.0,CLIENT,7,2,100000,11,25,0,17392,20834,1007,366,316,623,26060.80000000001,92,False,False
207,70,407.153756307899,842.1357999999555,1.0,CLIENT,7,2,100000,11,24,0,17010,20670,1004,341,307,620,25018.36800000001,96,False,False
207,71,236.1333360999652,645.2107199996194,1.0,CLIENT,7,2,100000,8,13,0,20655,24148,993,618,317,644,13551.616000000004,98,False,False
207,72,238.74735827040644,395.4086399999011,1.0,CLIENT,7,2,100000,9,6,0,23846,26484,942,994,326,602,6254.592,99,False,False
207,73,-464.50381848089984,-687.6236400001098,1.0,CLIENT,7,2,100000,16,28,0,17738,21877,1002,404,308,636,29188.096000000012,94,False,False
207,74,-556.7867223912266,605.9147599999602,1.0,CLIENT,7,2,100000,12,21,0,19200,22407,1056,252,313,699,21891.072000000007,97,False,False
207,75,-826.5062827471505,858.8337999997188,1.0,CLIENT,7,2,100000,14,46,0,13907,17714,935,61,294,550,47951.872000000025,85,False,False
207,76,-566.529895937287,862.1733999999879,1.0,CLIENT,7,2,100000,14,29,0,16430,19942,985,156,300,614,30230.528000000013,93,False,False
207,77,660.5554812943869,-362.3466000003222,1.0,CLIENT,7,2,100000,13,13,0,18498,22344,1023,532,315,661,13551.616000000004,98,False,False
207,78,25.110455398409396,604.2449600002212,1.0,CLIENT,7,2,100000,12,14,0,21942,25067,893,836,317,551,14594.048000000004,99,False,False
207,79,248.33210623019193,818.2019999994773,1.0,CLIENT,7,2,100000,14,32,0,18112,21798,948,455,307,581,33357.824000000015,96,False,False
207,80,-3.1685117226850377,-185.45912000001863,1.0,CLIENT,7,2,100000,9,6,0,25973,27388,739,1570,301,430,6254.592,99,False,False
207,81,330.15892145706516,-128.79723999990944,1.0,CLIENT,7,2,100000,11,6,0,24363,26700,812,1271,312,487,6254.592,99,False,False
207,82,956.8113273235064,-889.8920800004018,1.0,CLIENT,7,2,100000,12,146,0,9070,12613,744,27,261,396,152195.07200000007,77,False,False
207,83,476.4649502319956,353.2183599996395,1.0,CLIENT,7,2,100000,15,13,0,21638,25250,1039,653,323,682,13551.616000000004,99,False,False
207,84,196.21008839976213,680.499159999905,1.0,CLIENT,7,2,100000,11,21,0,20404,23893,941,658,313,598,21891.072000000007,98,False,False
207,85,168.8816747951918,-323.27328000010084,1.0,CLIENT,7,2,100000,9,6,0,24178,26649,898,1217,321,564,6254.592,99,False,False
207,86,-47.210824661534396,350.1013999995993,1.0,CLIENT,7,2,100000,11,9,0,25126,26810,846,1222,314,509,9381.888,99,False,False
207,87,11.644280579108637,-745.8440000002392,1.0,CLIENT,7,2,100000,15,22,0,18635,22343,904,706,309,555,22933.504000000008,99,False,False
207,88,379.1124275659356,-371.6974800004428,1.0,CLIENT,7,2,100000,9,8,0,21860,25287,1010,804,322,658,8339.456,99,False,False
207,89,385.37023821732396,481.79296000011107,1.0,CLIENT,7,2,100000,10,6,0,21479,25115,1031,638,316,681,6254.592,99,False,False
207,90,47.052399074696595,141.37639999978916,1.0,CLIENT,7,2,100000,11,7,0,26650,27410,693,1672,295,392,7297.023999999999,99,False,False
207,91,-659.0504382267449,993.9762800002186,1.0,CLIENT,7,2,100000,13,143,0,14009,17843,823,71,288,456,149067.77600000007,84,False,False
207,92,691.8445345513287,-283.6433600004938,1.0,CLIENT,7,2,100000,10,23,0,18889,22379,957,642,310,595,23975.93600000001,99,False,False
207,93,-506.0905348355829,61.003360000221676,1.0,CLIENT,7,2,100000,14,5,0,22901,25538,975,840,327,628,5212.16,99,False,False
207,94,-246.19336081857557,753.4137600001109,1.0,CLIENT,7,2,100000,13,25,0,19796,22796,1001,508,310,657,26060.80000000001,98,False,False
207,95,-946.2760258477597,474.44583999967733,1.0,CLIENT,7,2,100000,12,31,0,15876,19603,1001,181,305,604,32315.392000000014,90,False,False
207,96,-552.2715931871743,309.135640000201,1.0,CLIENT,7,2,100000,15,16,0,21535,24611,1070,536,333,705,16678.912000000004,98,False,False
207,97,-241.6782316145233,-925.737120000073,1.0,CLIENT,7,2,100000,12,39,0,15362,19410,914,460,306,526,40654.84800000002,91,False,False
207,98,-85.86666767322629,-235.66443999981857,1.0,CLIENT,7,2,100000,11,6,0,25536,27163,782,1444,315,460,6254.592,99,False,False
207,99,625.1473627982363,-457.747839999914,1.0,CLIENT,7,2,100000,14,25,0,17753,21995,1008,439,302,661,26060.80000000001,97,False,False

208,0,296.81033558080037,-326.6128800003699,1.0,CLIENT,7,2,100000,11,5,0,23567,25808,974,1038,325,627,5212.16,99,False,False
208,1,-651.0499461280205,429.13860000016655,1.0,CLIENT,7,2,100000,14,17,0,17076,21254,1048,421,323,680,17721.344000000005,96,False,False
208,2,702.3006232347822,422.79335999957624,1.0,CLIENT,7,2,100000,11,7,0,16175,20860,1045,351,317,682,7297.023999999999,96,False,False
208,3,-607.3244843611582,335.9637599996995,1.0,CLIENT,7,2,100000,12,16,0,18640,22468,1009,589,325,636,16678.912000000004,96,False,False
208,4,919.0268250360455,-661.2408000002781,1.0,CLIENT,7,2,100000,16,35,0,14077,17012,1001,106,284,614,36485.12000000002,89,False,False
208,5,607.9581867051323,-416.1141599998291,1.0,CLIENT,7,2,100000,9,13,0,18760,22733,1100,389,316,729,13551.616000000004,97,False,False
208,6,699.2905370983722,285.5357999996707,1.0,CLIENT,7,2,100000,12,17,0,17863,22094,1019,556,318,659,17721.344000000005,98,False,False
208,7,-7.9212793058683335,-396.52184000025443,1.0,CLIENT,7,2,100000,14,12,0,24242,26058,757,1323,303,442,12509.184000000003,99,False,False
208,8,-127.92866078560857,647.2144800000973,1.0,CLIENT,7,2,100000,9,15,0,18784,22271,910,808,309,558,15636.480000000005,99,False,False
208,9,-68.51906599384742,372.14276000010955,1.0,CLIENT,7,2,100000,12,14,0,22859,25684,805,1278,310,479,14594.048000000004,99,False,False
208,10,-247.77761667963668,-226.75884000015571,1.0,CLIENT,7,2,100000,11,6,0,24438,26552,903,1144,320,572,6254.592,99,False,False
208,11,-477.73235492163246,539.1227600001159,1.0,CLIENT,7,2,100000,14,11,0,17920,21998,1061,477,320,700,11466.752000000002,96,False,False
208,12,280.4925002113645,996.2026800001343,1.0,CLIENT,7,2,100000,15,70,0,13274,16841,919,337,291,547,72970.24000000003,86,False,False
208,13,631.4843862424806,-233.99464000007953,1.0,CLIENT,7,2,100000,15,12,0,19887,23306,1031,639,324,667,12509.184000000003,97,False,False
208,14,391.3111976967252,472.2194399997616,1.0,CLIENT,7,2,100000,13,13,0,19098,23611,1052,533,319,715,13551.616000000004,99,False,False
208,15,772.3247322962718,-504.390920000007,1.0,CLIENT,7,2,100000,9,17,0,16510,19776,1070,195,308,703,17721.344000000005,92,False,False
208,16,-448.34440869773897,-533.556759999931,1.0,CLIENT,7,2,100000,15,18,0,19270,23421,1012,465,308,654,18763.776000000005,98,False,False
208,17,-92.91660625486375,737.2723599997332,1.0,CLIENT,7,2,100000,12,35,0,17629,21029,887,740,309,531,36485.12000000002,97,False,False
208,18,896.8472429800643,399.30483999955584,1.0,CLIENT,7,2,100000,15,38,0,13901,18483,972,315,305,616,39612.41600000002,91,False,False
208,19,744.9963186917015,-555.3754800002125,1.0,CLIENT,7,2,100000,14,21,0,16325,19726,1068,183,301,700,21891.072000000007,92,False,False
208,20,996.8137878171284,-0.11132000050992019,1.0,CLIENT,7,2,100000,9,76,0,15501,19102,845,591,319,467,79224.83200000004,87,False,False
208,21,880.4501948177724,-436.70836000003817,1.0,CLIENT,7,2,100000,17,29,0,15895,19089,1043,193,306,675,30230.528000000013,92,False,False
208,22,33.90307542794576,-821.7642399999752,1.0,CLIENT,7,2,100000,9,14,0,17371,21875,910,683,315,566,14594.048000000004,96,False,False
208,23,31.843542808059773,-739.6100800001589,1.0,CLIENT,7,2,100000,13,5,0,19018,23016,918,784,319,572,5212.16,97,False,False
208,24,719.1729481553363,-672.3727999998567,1.0,CLIENT,7,2,100000,10,14,0,15735,18850,1051,173,296,683,14594.048000000004,92,False,False
208,25,521.774667859919,-901.3580399999282,1.0,CLIENT,7,2,100000,12,24,0,14634,18064,1031,226,306,656,25018.36800000001,91,False,False
208,26,-745.8676594159325,750.5194399995084,1.0,CLIENT,7,2,100000,12,26,0,11909,16426,977,117,289,615,27103.23200000001,86,False,False
208,27,-67.96457644216648,944.1049199995755,1.0,CLIENT,7,2,100000,11,35,0,14529,18096,886,570,308,524,36485.12000000002,88,False,False
208,28,850.1116950773549,219.41171999972198,1.0,CLIENT,7,2,100000,17,30,0,16311,20433,919,588,315,571,31272.960000000014,94,False,False
208,29,176.80295410106012,466.98739999952465,1.0,CLIENT,7,2,100000,12,7,0,20891,24660,952,874,320,620,7297.023999999999,99,False,False
208,30,-705.8651989228732,-709.4423600003913,1.0,CLIENT,7,2,100000,10,34,0,14046,18404,945,171,283,581,35442.68800000002,93,False,False
208,31,-738.580082455164,-916.7201999999003,1.0,CLIENT,7,2,100000,15,157,0,11735,15446,765,97,258,424,163661.82400000008,86,False,False
208,32,-269.1650708048058,489.6966799999305,1.0,CLIENT,7,2,100000,11,12,0,20435,23917,958,847,321,611,12509.184000000003,99,False,False
208,33,-304.6524020938126,-778.9060399998181,1.0,CLIENT,7,2,100000,11,22,0,17348,21591,983,499,316,615,22933.504000000008,97,False,False
208,34,627.6821721758214,-976.6103599997687,1.0,CLIENT,7,2,100000,12,30,0,13237,16596,968,138,294,590,31272.960000000014,89,False,False
208,35,710.4595409192187,352.32779999951504,1.0,CLIENT,7,2,100000,9,25,0,16903,21381,1027,428,313,658,26060.80000000001,97,False,False
208,36,-946.1968130549037,636.5277600001855,1.0,CLIENT,7,2,100000,8,29,0,10896,15200,957,85,294,567,30230.528000000013,82,False,False
208,37,-127.05732006250338,-591.5544799998315,1.0,CLIENT,7,2,100000,12,8,0,21524,24490,915,927,316,573,8339.456,99,False,False
208,38,-900.5702442544303,-513.073880000232,1.0,CLIENT,7,2,100000,14,40,0,13795,17513,950,136,284,571,41697.28000000002,92,False,False
208,39,-266.0757718755396,11.131999999578568,1.0,CLIENT,7,2,100000,11,6,0,24761,26653,786,1420,302,477,6254.592,99,False,False
208,40,343.22903231152276,355.22212000011734,1.0,CLIENT,7,2,100000,11,6,0,21216,25207,1005,802,324,663,6254.592,99,False,False
208,41,564.9456400756632,385.61248000011375,1.0,CLIENT,7,2,100000,12,14,0,18343,22915,1064,472,322,714,14594.048000000004,99,False,False
208,42,512.7444094512515,865.8469600002047,1.0,CLIENT,7,2,100000,18,29,0,13290,17115,985,172,290,628,30230.528000000013,92,False,False
208,43,156.60369187154615,-930.5238799998523,1.0,CLIENT,7,2,100000,14,31,0,15488,19664,900,538,307,548,32315.392000000014,91,False,False
208,44,476.22731185286455,-270.5076000004374,1.0,CLIENT,7,2,100000,12,12,0,21642,24965,1023,769,320,671,12509.184000000003,99,False,False
208,45,-740.164338316225,915.9409599994947,1.0,CLIENT,7,2,100000,18,59,0,10496,14227,915,71,272,545,61503.488000000034,82,False,False
208,46,-189.3977881972557,-455.6327600005082,1.0,CLIENT,7,2,100000,11,12,0,22955,25570,912,975,318,553,12509.184000000003,99,False,False
208,47,245.6388712663318,708.217839999528,1.0,CLIENT,7,2,100000,14,25,0,17297,21035,1013,535,314,654,26060.80000000001,98,False,False
208,48,-506.88266276583204,-740.2780000000544,1.0,CLIENT,7,2,100000,11,23,0,15979,20457,983,291,300,622,23975.93600000001,97,False,False
208,49,573.9758984837677,415.1122799999857,1.0,CLIENT,7,2,100000,15,18,0,17933,22430,1053,434,316,696,18763.776000000005,98,False,False
208,50,195.81402443435616,-861.1715200001445,1.0,CLIENT,7,2,100000,12,22,0,16395,20740,938,559,310,586,22933.504000000008,94,False,False
208,51,826.0310059883257,-970.0424800005314,1.0,CLIENT,7,2,100000,12,27,0,11952,15099,951,53,282,588,28145.66400000001,76,False,False
208,52,-97.11488428692894,-437.4876000004437,1.0,CLIENT,7,2,100000,8,3,0,23671,25780,850,1155,321,502,3127.2960000000003,99,False,False
208,53,-721.39090636206,-911.822120000402,1.0,CLIENT,7,2,100000,11,34,0,11908,15606,902,121,275,529,35442.68800000002,87,False,False
208,54,42.45805707778826,-431.81028000054,1.0,CLIENT,7,2,100000,9,8,0,23977,25753,797,1263,307,476,8339.456,99,False,False
208,55,11.723493371964697,-866.2922399998715,1.0,CLIENT,7,2,100000,10,34,0,16636,21195,896,618,308,527,35442.68800000002,94,False,False
208,56,-868.6474886529517,104.75211999971236,1.0,CLIENT,7,2,100000,10,13,0,16273,19818,879,625,315,513,13551.616000000004,95,False,False
208,57,-57.11242379386981,-406.6519599999896,1.0,CLIENT,7,2,100000,10,9,0,24063,26004,776,1280,306,450,9381.888,99,False,False
208,58,-575.3225159662607,439.82532000007836,1.0,CLIENT,7,2,100000,10,12,0,18007,22001,1049,472,322,692,12509.184000000003,96,False,False
208,59,-339.90209500368843,609.1430399997193,1.0,CLIENT,7,2,100000,10,6,0,18248,22051,1030,588,317,680,6254.592,97,False,False
208,60,-432.8187012585522,414.8896399997568,1.0,CLIENT,7,2,100000,13,8,0,19955,23639,1005,693,319,671,8339.456,99,False,False
208,61,847.4184601134947,-971.3783200003227,1.0,CLIENT,7,2,100000,15,63,0,11875,15003,916,44,272,540,65673.21600000003,76,False,False
208,62,167.61427010611777,802.1719199996096,1.0,CLIENT,7,2,100000,9,15,0,16440,19888,971,590,308,616,15636.480000000005,96,False,False
208,63,329.129155147685,-956.4614400000173,1.0,CLIENT,7,2,100000,14,25,0,14919,18525,985,391,302,622,26060.80000000001,88,False,False
208,64,-839.417968015333,-907.4806400002897,1.0,CLIENT,7,2,100000,10,41,0,11095,14395,871,72,269,509,42739.71200000002,83,False,False
208,65,-682.3389993849621,223.5305599996056,1.0,CLIENT,7,2,100000,14,17,0,18423,22061,953,678,326,583,17721.344000000005,96,False,False
208,66,74.85608943752898,-163.52908000001833,1.0,CLIENT,7,2,100000,10,8,0,25721,26874,654,1678,290,364,8339.456,99,False,False
208,67,394.2420710397164,-952.3426000001336,1.0,CLIENT,7,2,100000,12,29,0,14658,18195,989,329,303,604,30230.528000000013,88,False,False
208,68,-240.49003971830535,-481.5703199998822,1.0,CLIENT,7,2,100000,10,4,0,22218,25221,973,815,320,634,4169.728,99,False,False
208,69,298.8698682001235,273.51323999996765,1.0,CLIENT,7,2,100000,10,10,0,22777,25989,957,1022,328,614,10424.320000000002,99,False,False
208,70,-450.16630293793105,-545.3566800001963,1.0,CLIENT,7,2,100000,11,17,0,19194,23280,1000,474,307,639,17721.344000000005,97,False,False
208,71,480.2671642986548,-265.4982000004293,1.0,CLIENT,7,2,100000,7,13,0,21695,24986,1038,789,311,688,13551.616000000004,99,False,False
208,72,-482.48512250481576,943.3256799999608,1.0,CLIENT,7,2,100000,10,37,0,12542,16281,984,234,292,606,38569.98400000002,84,False,False
208,73,803.7722111394885,-194.8100000001392,1.0,CLIENT,7,2,100000,16,20,0,18087,21202,1004,557,312,643,20848.640000000007,95,False,False
208,74,-924.8093589297346,36.624280000076794,1.0,CLIENT,7,2,100000,11,29,0,15568,19113,837,620,304,482,30230.528000000013,92,False,False
208,75,-555.9153816675586,387.72755999951954,1.0,CLIENT,7,2,100000,12,17,0,18798,22705,1039,518,319,682,17721.344000000005,97,False,False
208,76,845.4381402870276,-51.318520000153285,1.0,CLIENT,7,2,100000,14,26,0,17873,21054,937,685,322,571,27103.23200000001,95,False,False
208,77,-939.3053000589782,948.1124399997401,1.0,CLIENT,7,2,100000,13,60,0,8928,11552,842,37,262,494,62545.920000000035,72,False,False
208,78,-985.3279328248576,531.3303600000154,1.0,CLIENT,7,2,100000,14,35,0,11532,15767,944,144,287,581,36485.12000000002,83,False,False
208,79,403.98524458577685,-7.458440000152677,1.0,CLIENT,7,2,100000,13,14,0,23434,25809,818,1239,309,494,14594.048000000004,99,False,False
208,80,-785.1572047721612,87.49751999977235,1.0,CLIENT,7,2,100000,9,14,0,17549,21072,880,715,319,514,14594.048000000004,96,False,False
208,81,507.35793952353123,111.87659999991723,1.0,CLIENT,7,2,100000,12,10,0,22013,24809,871,1051,321,533,10424.320000000002,99,False,False
208,82,-121.67085013422023,-873.6393600003053,1.0,CLIENT,7,2,100000,11,15,0,16488,20873,975,536,321,608,15636.480000000005,95,False,False
208,83,822.2287919216664,967.0368400002101,1.0,CLIENT,7,2,100000,15,202,0,9836,13010,737,38,258,362,210571.2640000001,73,False,False
208,84,986.3576991336748,-736.3818000003996,1.0,CLIENT,7,2,100000,11,155,0,12793,15793,860,76,279,503,161576.96000000008,81,False,False
208,85,-982.0009955164603,-22.152680000229168,1.0,CLIENT,7,2,100000,11,35,0,14871,18386,857,558,307,488,36485.12000000002,91,False,False
208,86,-843.6162460473984,-634.4126799999888,1.0,CLIENT,7,2,100000,13,40,0,13398,17301,936,124,278,558,41697.28000000002,91,False,False
208,87,794.3458887659779,919.5031999999926,1.0,CLIENT,7,2,100000,15,65,0,10482,13867,891,42,265,527,67758.08000000003,79,False,False
208,88,64.47921354749435,409.65759999951985,1.0,CLIENT,7,2,100000,9,9,0,22291,25497,863,1156,312,534,9381.888,99,False,False
208,89,-296.0974204439701,-819.5378400000595,1.0,CLIENT,7,2,100000,10,10,0,16716,21020,996,442,317,630,10424.320000000002,97,False,False
208,90,139.65215415757325,640.9805600000169,1.0,CLIENT,7,2,100000,14,15,0,18759,22319,963,755,317,617,15636.480000000005,99,False,False
208,91,740.8772534530551,702.7631599998531,1.0,CLIENT,7,2,100000,13,21,0,12972,16879,998,128,288,643,21891.072000000007,92,False,False
208,92,-796.009357420458,-332.5128400005025,1.0,CLIENT,7,2,100000,10,27,0,16349,20351,989,350,297,632,28145.66400000001,97,False,False
208,93,530.5672878888925,-975.3858400004873,1.0,CLIENT,7,2,100000,16,51,0,13761,17085,972,189,289,593,53164.03200000003,88,False,False
208,94,532.3891821296475,697.642440000126,1.0,CLIENT,7,2,100000,13,27,0,15121,19084,1017,231,294,670,28145.66400000001,95,False,False
208,95,-836.487094672342,48.5355200000609,1.0,CLIENT,7,2,100000,11,68,0,16827,20397,803,688,317,427,70885.37600000003,96,False,False
208,96,-323.4258340479776,503.61167999960145,1.0,CLIENT,7,2,100000,13,14,0,19815,23452,988,752,312,637,14594.048000000004,99,False,False
208,97,58.06297730983106,-709.887640000058,1.0,CLIENT,7,2,100000,11,21,0,19603,23376,877,834,315,518,21891.072000000007,97,False,False
208,98,-927.4233811007387,941.2105999997641,1.0,CLIENT,7,2,100000,14,178,0,8962,11730,740,28,262,394,185552.8960000001,73,False,False
208,99,-697.7854940312927,-633.4108000001453,1.0,CLIENT,7,2,100000,14,38,0,14980,19333,981,191,292,611,39612.41600000002,95,False,False

209,0,-780.721288360965,-996.7592800003109,1.0,CLIENT,7,2,100000,13,47,0,13103,16107,956,38,283,577,48994.304000000026,81,False,False
209,1,164.9210351422576,-711.3348000003591,1.0,CLIENT,7,2,100000,13,8,0,20486,23592,957,767,317,615,8339.456,99,False,False
209,2,459.51341251802273,671.0369600000655,1.0,CLIENT,7,2,100000,11,20,0,15415,20049,979,372,300,610,20848.640000000007,92,False,False
209,3,185.0410845783527,104.41815999976455,1.0,CLIENT,7,2,100000,10,7,0,24706,26783,775,1450,321,445,7297.023999999999,99,False,False
209,4,-844.8044379430534,862.5073599999357,1.0,CLIENT,7,2,100000,16,167,0,11253,15910,754,68,266,407,174086.1440000001,82,False,False
209,5,721.7869703263403,976.7216799994876,1.0,CLIENT,7,2,100000,9,175,0,9632,12830,691,85,255,357,182425.6000000001,74,False,False
209,6,294.19631340979623,688.5142000002344,1.0,CLIENT,7,2,100000,12,19,0,16663,20920,998,479,311,637,19806.208000000006,96,False,False
209,7,83.96556063905243,726.5856399998213,1.0,CLIENT,7,2,100000,17,32,0,17173,20987,926,604,310,555,33357.824000000015,97,False,False
209,8,243.89618981899574,-808.9624399998667,1.0,CLIENT,7,2,100000,9,14,0,18771,22218,1006,562,321,657,14594.048000000004,96,False,False
209,9,-748.4024687940803,-726.4743200001024,1.0,CLIENT,7,2,100000,16,24,0,15858,19390,1043,114,296,677,25018.36800000001,94,False,False
209,10,-913.3235039369009,-101.96912000041095,1.0,CLIENT,7,2,100000,12,60,0,18216,21847,898,579,302,538,62545.920000000035,95,False,False
209,11,-786.5038222540913,-974.6066000000817,1.0,CLIENT,7,2,100000,14,44,0,13281,16300,953,35,281,570,45867.00800000002,84,False,False
209,12,-770.6612636429176,-432.7008399998735,1.0,CLIENT,7,2,100000,15,28,0,18257,22077,1036,317,306,673,29188.096000000012,97,False,False
209,13,-558.5294038385626,989.1895199996484,1.0,CLIENT,7,2,100000,17,46,0,12088,15910,927,139,289,546,47951.872000000025,81,False,False
209,14,-127.05732006250338,-494.92872000016746,1.0,CLIENT,7,2,100000,11,13,0,23586,25866,896,1033,312,556,13551.616000000004,99,False,False
209,15,162.4654385575285,400.4180399999092,1.0,CLIENT,7,2,100000,8,7,0,22109,25077,857,1046,313,515,7297.023999999999,99,False,False
209,16,-750.6204269996786,418.006599999797,1.0,CLIENT,7,2,100000,15,26,0,18054,21779,991,363,308,632,27103.23200000001,96,False,False
209,17,749.4322351028977,-36.290320000128986,1.0,CLIENT,7,2,100000,12,12,0,17847,21250,874,743,308,525,12509.184000000003,99,False,False
209,18,-517.5763898284166,-581.4243600000964,1.0,CLIENT,7,2,100000,15,20,0,19594,23325,1086,344,311,728,20848.640000000007,97,False,False
209,19,-52.122017830992654,-748.1817199998738,1.0,CLIENT,7,2,100000,13,20,0,20282,23475,889,801,309,537,20848.640000000007,99,False,False
209,20,-559.4007445622307,211.50799999990255,1.0,CLIENT,7,2,100000,8,10,0,22149,25056,947,823,325,589,10424.320000000002,99,False,False
209,21,-513.1404734172204,-825.9944000003688,1.0,CLIENT,7,2,100000,17,19,0,16646,20558,1055,206,302,687,19806.208000000006,96,False,False
209,22,-763.4528994744423,-896.1260000004822,1.0,CLIENT,7,2,100000,10,17,0,14117,17425,1018,55,293,626,17721.344000000005,90,False,False
209,23,955.3062842558643,-825.1038400002443,1.0,CLIENT,7,2,100000,14,37,0,9979,13866,901,48,271,525,38569.98400000002,81,False,False
209,24,976.0600360364964,-215.84948000001503,1.0,CLIENT,7,2,100000,10,23,0,14249,18013,924,416,308,556,23975.93600000001,86,False,False
209,25,-65.27134147830633,654.7842399999689,1.0,CLIENT,7,2,100000,11,10,0,18633,22410,928,692,310,582,10424.320000000002,99,False,False
209,26,-435.90800018781835,-19.035720000188974,1.0,CLIENT,7,2,100000,11,14,0,24504,26256,842,1165,310,513,14594.048000000004,99,False,False
209,27,-302.03837992280853,-477.00620000033183,1.0,CLIENT,7,2,100000,10,10,0,22734,25772,1065,703,324,707,10424.320000000002,99,False,False
209,28,-503.7933638365659,-549.4755200000799,1.0,CLIENT,7,2,100000,17,22,0,19962,23763,1097,355,313,733,22933.504000000008,97,False,False
209,29,-603.8391214664861,-241.89835999989896,1.0,CLIENT,7,2,100000,12,10,0,21959,24948,1010,714,318,675,10424.320000000002,99,False,False
209,30,5.386469927720303,864.6224400001324,1.0,CLIENT,7,2,100000,10,52,0,15068,19057,886,473,302,515,54206.46400000003,92,False,False
209,31,-483.5148888141959,-311.36204000011674,1.0,CLIENT,7,2,100000,15,17,0,22661,25684,1038,716,319,691,17721.344000000005,99,False,False
209,32,-380.7758962209785,-375.25972000014974,1.0,CLIENT,7,2,100000,11,10,0,23128,26158,1069,745,326,721,10424.320000000002,99,False,False
209,33,-716.7173515717327,334.0713199997316,1.0,CLIENT,7,2,100000,11,27,0,19176,22820,989,477,313,627,28145.66400000001,96,False,False
209,34,-872.7665538921608,796.9398800001636,1.0,CLIENT,7,2,100000,13,47,0,11909,16481,874,93,283,496,48994.304000000026,84,False,False
209,35,901.8376489429415,-939.7634400002539,1.0,CLIENT,7,2,100000,9,148,0,9623,13391,778,24,267,403,154279.93600000007,83,False,False
209,36,61.70676579021531,-224.1984800002922,1.0,CLIENT,7,2,100000,5,3,0,25635,27122,790,1449,299,480,3127.2960000000003,99,False,False
209,37,-298.3945914424243,906.3674399999363,1.0,CLIENT,7,2,100000,14,26,0,14112,18119,985,309,309,594,27103.23200000001,92,False,False
209,38,-135.5330889194898,-900.1335199998559,1.0,CLIENT,7,2,100000,13,18,0,17992,21383,929,608,309,582,18763.776000000005,96,False,False
209,39,-26.37786008804625,-113.54640000044725,1.0,CLIENT,7,2,100000,11,4,0,26336,27348,759,1626,309,446,4169.728,99,False,False
209,40,0.6337023439741668,387.83888000002946,1.0,CLIENT,7,2,100000,11,6,0,22699,25692,822,1159,308,493,6254.592,99,False,False
209,41,-977.8819302772513,-709.2197200001624,1.0,CLIENT,7,2,100000,13,39,0,14000,17112,959,88,288,578,40654.84800000002,89,False,False
209,42,764.5618785766785,-990.5253600002305,1.0,CLIENT,7,2,100000,18,76,0,10629,14697,874,50,270,512,79224.83200000004,84,False,False
209,43,-66.77638454651137,-233.43803999990286,1.0,CLIENT,7,2,100000,11,7,0,25941,27196,788,1475,303,471,7297.023999999999,99,False,False
209,44,483.910952779039,-244.68135999999134,1.0,CLIENT,7,2,100000,13,8,0,21283,24618,968,807,319,615,8339.456,99,False,False
209,45,785.3948431501667,-588.994119999968,1.0,CLIENT,7,2,100000,18,49,0,14546,18929,971,182,290,593,51079.16800000003,92,False,False
209,46,-718.5392458119248,-352.6617600002538,1.0,CLIENT,7,2,100000,12,17,0,19604,23291,1049,449,313,679,17721.344000000005,97,False,False
209,47,137.51340874483122,509.1776799997862,1.0,CLIENT,7,2,100000,14,23,0,20577,23991,904,848,315,546,23975.93600000001,99,False,False
209,48,352.49692909932116,-570.2923600005179,1.0,CLIENT,7,2,100000,11,18,0,20679,24228,1052,599,322,693,18763.776000000005,99,False,False
209,49,919.7397401734385,786.2531599994609,1.0,CLIENT,7,2,100000,17,73,0,9431,12709,801,44,258,437,76097.53600000004,77,False,False
209,50,483.9901655718951,-609.3656799999483,1.0,CLIENT,7,2,100000,12,22,0,18483,22795,1064,364,306,704,22933.504000000008,97,False,False
209,51,308.533828952765,789.8153999999588,1.0,CLIENT,7,2,100000,11,25,0,15170,19219,977,447,303,605,26060.80000000001,93,False,False
209,52,679.1704876622771,-603.2430800003777,1.0,CLIENT,7,2,100000,8,15,0,15924,20334,1023,217,293,671,15636.480000000005,92,False,False
209,53,-67.56851247732334,-919.2805599997638,1.0,CLIENT,7,2,100000,10,18,0,17916,21207,903,636,306,540,18763.776000000005,94,False,False
209,54,449.2157494202813,496.37587999967764,1.0,CLIENT,7,2,100000,10,14,0,18069,22422,1020,482,308,648,14594.048000000004,96,False,False
209,55,-117.55178489557395,88.49939999961578,1.0,CLIENT,7,2,100000,9,4,0,25962,27189,752,1558,319,429,4169.728,99,False,False
209,56,558.3709782517249,-286.5376800003051,1.0,CLIENT,7,2,100000,10,11,0,20191,23467,984,683,315,622,11466.752000000002,99,False,False
209,57,584.8280511326271,673.2633599999813,1.0,CLIENT,7,2,100000,11,31,0,13806,18651,958,213,284,598,32315.392000000014,89,False,False
209,58,-677.1109550435168,-332.5128400005025,1.0,CLIENT,7,2,100000,10,13,0,20291,23856,1040,543,313,687,13551.616000000004,97,False,False
209,59,-908.0162468020367,-459.7516000003918,1.0,CLIENT,7,2,100000,10,14,0,16410,20183,1000,261,301,643,14594.048000000004,95,False,False
209,60,-413.01550299444426,979.1707199996322,1.0,CLIENT,7,2,100000,13,44,0,12872,16527,933,226,296,556,45867.00800000002,85,False,False
209,61,-687.1709797615642,-113.76903999988514,1.0,CLIENT,7,2,100000,13,18,0,21616,24402,937,797,313,590,18763.776000000005,99,False,False
209,62,424.58057078013394,415.4462399999335,1.0,CLIENT,7,2,100000,9,8,0,19583,23442,1035,576,311,676,8339.456,99,False,False
209,63,-71.37072654398254,481.2363599999344,1.0,CLIENT,7,2,100000,13,9,0,21310,24800,904,940,319,574,9381.888,99,False,False
209,64,745.1547442779764,-608.3638000001048,1.0,CLIENT,7,2,100000,10,27,0,14985,19366,1005,183,296,626,28145.66400000001,92,False,False
209,65,-955.1478586701521,463.31384000009876,1.0,CLIENT,7,2,100000,16,38,0,15319,18964,939,261,298,561,39612.41600000002,89,False,False
209,66,-214.27060521709691,-391.6237599999653,1.0,CLIENT,7,2,100000,12,10,0,24150,26474,946,996,317,609,10424.320000000002,99,False,False
209,67,493.3372751525496,436.26307999958044,1.0,CLIENT,7,2,100000,11,11,0,18287,22689,1023,476,311,658,11466.752000000002,97,False,False
209,68,207.45830501346478,-707.8838800003712,1.0,CLIENT,7,2,100000,10,12,0,20383,23523,985,715,317,632,12509.184000000003,99,False,False
209,69,-336.89200886784124,16.252720000096588,1.0,CLIENT,7,2,100000,9,11,0,25265,26724,813,1298,313,474,11466.752000000002,99,False,False
209,70,169.5153771397288,-797.830440000288,1.0,CLIENT,7,2,100000,11,18,0,19291,22642,950,672,314,593,18763.776000000005,97,False,False
209,71,-323.02977008313445,489.91932000015936,1.0,CLIENT,7,2,100000,8,13,0,20495,24293,1039,639,323,687,13551.616000000004,99,False,False
209,72,920.1358041388444,339.6373199999164,1.0,CLIENT,7,2,100000,10,56,0,13075,17139,887,301,292,490,58376.19200000003,88,False,False
209,73,-394.0044326611482,-526.877560000184,1.0,CLIENT,7,2,100000,16,13,0,21328,24884,1102,500,317,756,13551.616000000004,99,False,False
209,74,-700.320303408878,-897.7958000002212,1.0,CLIENT,7,2,100000,12,28,0,14515,17996,1022,67,291,639,29188.096000000012,92,False,False
209,75,849.7948439048049,-610.5902000000206,1.0,CLIENT,7,2,100000,13,30,0,13421,17834,971,150,289,604,31272.960000000014,92,False,False
209,76,-660.2386301224,499.82679999966564,1.0,CLIENT,7,2,100000,14,17,0,18077,21681,1032,350,318,656,17721.344000000005,96,False,False
209,77,-223.61771479775138,379.37856000003336,1.0,CLIENT,7,2,100000,13,10,0,22497,25724,943,965,318,601,10424.320000000002,99,False,False
209,78,410.1638424437462,-965.1444000002423,1.0,CLIENT,7,2,100000,14,42,0,15201,19228,986,273,299,617,43782.14400000002,90,False,False
209,79,196.68536515802418,-423.23864000003397,1.0,CLIENT,7,2,100000,13,14,0,23605,25933,907,1062,312,574,14594.048000000004,99,False,False
209,80,591.3235001631465,265.6095200001482,1.0,CLIENT,7,2,100000,9,17,0,18523,22886,972,588,318,617,17721.344000000005,99,False,False
209,81,-649.3864774741032,828.3321200000034,1.0,CLIENT,7,2,100000,16,26,0,13711,17793,955,171,295,593,27103.23200000001,89,False,False
209,82,93.3126702197069,-959.2444400001096,1.0,CLIENT,7,2,100000,10,35,0,17471,20655,894,624,307,523,36485.12000000002,91,False,False
209,83,201.9134094994695,298.1149599995504,1.0,CLIENT,7,2,100000,14,8,0,23100,25719,847,1180,311,513,8339.456,99,False,False
209,84,-569.6984076594092,913.4919200001411,1.0,CLIENT,7,2,100000,11,29,0,13061,16989,937,163,293,559,30230.528000000013,87,False,False
209,85,952.7714748777163,-20.0376000000324,1.0,CLIENT,7,2,100000,12,76,0,14670,18306,795,566,302,416,79224.83200000004,88,False,False
209,86,637.0292817564759,792.1531199995934,1.0,CLIENT,7,2,100000,13,39,0,11949,16263,905,130,276,533,40654.84800000002,87,False,False
209,87,-254.9859808475491,-470.9949200004803,1.0,CLIENT,7,2,100000,14,8,0,23100,25910,1030,791,322,690,8339.456,99,False,False
209,88,543.8750371224811,-197.48168000051265,1.0,CLIENT,7,2,100000,9,18,0,20682,23933,913,836,316,548,18763.776000000005,99,False,False
209,89,180.3675297885883,635.3032400001132,1.0,CLIENT,7,2,100000,10,11,0,18376,22268,949,670,311,576,11466.752000000002,99,False,False
209,90,-106.46199386758342,-967.4821199998769,1.0,CLIENT,7,2,100000,15,67,0,17362,20438,864,599,306,487,69842.94400000003,92,False,False
209,91,-365.09176319551676,-317.92992000014493,1.0,CLIENT,7,2,100000,11,10,0,23860,26463,1014,889,327,655,10424.320000000002,99,False,False
209,92,-897.2433069460332,-934.9766800004747,1.0,CLIENT,7,2,100000,11,91,0,12784,15807,890,36,282,516,94861.31200000005,81,False,False
209,93,247.4607655065239,148.0555999995363,1.0,CLIENT,7,2,100000,14,8,0,23948,26347,831,1257,325,482,8339.456,99,False,False
209,94,-913.1650783506259,-553.1490800002967,1.0,CLIENT,7,2,100000,13,27,0,15747,19146,1003,164,298,639,28145.66400000001,92,False,False
209,95,-663.1695034653911,474.1118799997295,1.0,CLIENT,7,2,100000,12,9,0,18329,22060,1020,346,311,666,9381.888,96,False,False
209,96,-640.9899214099729,395.1859999996722,1.0,CLIENT,7,2,100000,15,21,0,19243,23056,1012,446,319,646,21891.072000000007,96,False,False
209,97,828.2489641939237,-100.29931999988094,1.0,CLIENT,7,2,100000,12,29,0,16805,20165,859,651,306,493,30230.528000000013,96,False,False
209,98,-977.3274407261332,-611.0354800004782,1.0,CLIENT,7,2,100000,14,34,0,14707,17928,980,120,291,603,35442.68800000002,90,False,False
209,99,-948.8108352259078,-482.5722000005166,1.0,CLIENT,7,2,100000,14,35,0,15762,19356,1000,202,302,610,36485.12000000002,91,False,False

210,0,-14.654366715518712,718.3479600000542,1.0,CLIENT,7,2,100000,13,10,0,22331,24925,952,701,317,608,10424.320000000002,99,False,False
210,1,-847.9729496651756,-215.29287999983836,1.0,CLIENT,7,2,100000,14,20,0,16693,20937,1006,355,305,646,20848.640000000007,94,False,False
210,2,683.6064040734733,923.1767600002095,1.0,CLIENT,7,2,100000,11,23,0,16071,19435,987,112,306,596,23975.93600000001,91,False,False
210,3,217.9143936969183,809.1850800000955,1.0,CLIENT,7,2,100000,12,23,0,20699,23793,1014,479,325,650,23975.93600000001,99,False,False
210,4,67.25166130421057,496.15324000023975,1.0,CLIENT,7,2,100000,15,11,0,24754,26781,944,977,326,613,11466.752000000002,99,False,False
210,5,-188.0511707153256,158.29703999978136,1.0,CLIENT,7,2,100000,8,4,0,26641,27563,789,1470,312,469,4169.728,99,False,False
210,6,150.82115797841985,-225.7569600003123,1.0,CLIENT,7,2,100000,10,6,0,25633,27317,794,1463,311,474,6254.592,99,False,False
210,7,399.9453921394238,495.26268000011527,1.0,CLIENT,7,2,100000,17,19,0,22879,25672,1096,497,328,737,19806.208000000006,99,False,False
210,8,-102.65977980092421,854.6036400001162,1.0,CLIENT,7,2,100000,9,53,0,20549,23449,946,552,314,556,55248.89600000003,98,False,False
210,9,452.62189952209735,211.17403999995474,1.0,CLIENT,7,2,100000,13,14,0,23851,26312,966,876,321,621,14594.048000000004,99,False,False
210,10,27.01156243202042,-793.7116000004045,1.0,CLIENT,7,2,100000,12,41,0,16640,21079,915,558,311,548,42739.71200000002,99,False,False
210,11,-378.71636360109244,201.15523999993854,1.0,CLIENT,7,2,100000,13,9,0,24415,26865,934,1027,324,598,9381.888,99,False,False
210,12,-641.2275597891039,454.74219999959274,1.0,CLIENT,7,2,100000,15,21,0,19373,23205,1073,384,321,708,21891.072000000007,98,False,False
210,13,92.83739346144485,-441.1611599998696,1.0,CLIENT,7,2,100000,14,12,0,22867,26044,848,1091,304,529,12509.184000000003,99,False,False
210,14,-627.7613849698032,-120.00295999996553,1.0,CLIENT,7,2,100000,14,12,0,20980,24244,1013,654,316,655,12509.184000000003,99,False,False
210,15,-931.4632335465288,-588.994119999968,1.0,CLIENT,7,2,100000,9,53,0,11364,16351,831,119,274,475,55248.89600000003,84,False,False
210,16,891.5399858457629,251.91715999991516,1.0,CLIENT,7,2,100000,15,24,0,18490,21696,997,459,318,641,25018.36800000001,97,False,False
210,17,-269.0066452185308,189.91191999985006,1.0,CLIENT,7,2,100000,9,7,0,25787,27396,888,1238,314,557,7297.023999999999,99,False,False
210,18,-50.77540034906258,288.6527599997109,1.0,CLIENT,7,2,100000,12,7,0,26696,27550,841,1414,314,521,7297.023999999999,99,False,False
210,19,639.880942306611,-23.154560000072593,1.0,CLIENT,7,2,100000,11,9,0,21585,24571,924,836,302,590,9381.888,99,False,False
210,20,622.8501917992193,-637.0843600003622,1.0,CLIENT,7,2,100000,10,14,0,15526,19861,1040,250,291,696,14594.048000000004,94,False,False
210,21,697.78549403073,129.79911999975286,1.0,CLIENT,7,2,100000,14,20,0,21343,23936,962,750,320,603,20848.640000000007,99,False,False
210,22,962.1977972517896,833.7867999996784,1.0,CLIENT,7,2,100000,10,121,0,13522,17472,847,56,293,450,126134.27200000007,87,False,False
210,23,-309.3259568841399,361.01075999974,1.0,CLIENT,7,2,100000,11,6,0,24351,26870,1008,931,328,666,6254.592,99,False,False
210,24,503.55572545687204,78.48059999959958,1.0,CLIENT,7,2,100000,9,14,0,23461,26050,911,983,316,568,14594.048000000004,99,False,False
210,25,400.81673286309183,113.32376000021839,1.0,CLIENT,7,2,100000,10,4,0,24587,26868,902,1108,314,584,4169.728,99,False,False
210,26,-161.27724666243623,260.822759999578,1.0,CLIENT,7,2,100000,11,15,0,26425,27487,848,1370,320,510,15636.480000000005,99,False,False
210,27,-688.7552356226254,523.6492799996338,1.0,CLIENT,7,2,100000,12,11,0,18186,22066,1055,300,317,690,11466.752000000002,98,False,False
210,28,434.00689315364446,-297.33571999993586,1.0,CLIENT,7,2,100000,15,13,0,22249,25782,978,908,308,656,13551.616000000004,99,False,False
210,29,567.5596622461044,-674.2652399998246,1.0,CLIENT,7,2,100000,12,25,0,15635,19920,1026,298,290,679,26060.80000000001,94,False,False
210,30,-372.300127363992,693.4122799997326,1.0,CLIENT,7,2,100000,10,22,0,20630,24021,1052,417,319,694,22933.504000000008,98,False,False
210,31,713.0735630902228,-236.33236000050516,1.0,CLIENT,7,2,100000,15,25,0,19151,22991,1006,542,299,677,26060.80000000001,97,False,False
210,32,-497.6939787714526,-36.06767999990012,1.0,CLIENT,7,2,100000,11,12,0,23000,25792,913,894,314,582,12509.184000000003,99,False,False
210,33,993.3284249224563,-279.858479999767,1.0,CLIENT,7,2,100000,11,70,0,14929,18732,959,281,293,572,72970.24000000003,90,False,False
210,34,775.4140312255379,-360.7881200003021,1.0,CLIENT,7,2,100000,11,20,0,16957,21219,1063,322,302,692,20848.640000000007,94,False,False
210,35,752.5215340321638,497.93435999969773,1.0,CLIENT,7,2,100000,9,14,0,19279,22565,1061,284,321,689,14594.048000000004,98,False,False
210,36,165.79237586592564,189.6892799996212,1.0,CLIENT,7,2,100000,5,4,0,26549,27625,838,1380,322,511,4169.728,99,False,False
210,37,-698.2607707895548,886.218520000185,1.0,CLIENT,7,2,100000,14,48,0,15081,18679,973,108,299,581,50036.736000000026,89,False,False
210,38,266.9471125986448,664.8030399999851,1.0,CLIENT,7,2,100000,13,18,0,22136,25143,1060,541,332,687,18763.776000000005,99,False,False
210,39,167.53505731326172,209.17027999947692,1.0,CLIENT,7,2,100000,11,5,0,26467,27603,848,1378,322,520,5212.16,99,False,False
210,40,487.0794645011612,917.4994399995148,1.0,CLIENT,7,2,100000,13,22,0,17831,21210,1041,177,314,638,22933.504000000008,94,False,False
210,41,759.0961958561021,824.6585599997866,1.0,CLIENT,7,2,100000,13,31,0,16267,19687,998,107,304,615,32315.392000000014,90,False,False
210,42,-563.5990225942959,-796.9398800001636,1.0,CLIENT,7,2,100000,18,35,0,13300,18357,898,166,282,538,36485.12000000002,90,False,False
210,43,-882.5097274376584,631.9636399998442,1.0,CLIENT,7,2,100000,16,30,0,14980,18634,984,114,298,605,31272.960000000014,89,False,False
210,44,-301.72152875082145,-475.3363999998018,1.0,CLIENT,7,2,100000,14,13,0,21381,24969,1005,623,315,665,13551.616000000004,99,False,False
210,45,-317.32644898286424,546.4698799997586,1.0,CLIENT,7,2,100000,17,24,0,22627,25628,1031,645,324,678,25018.36800000001,98,False,False
210,46,955.6231354278513,545.1340399999674,1.0,CLIENT,7,2,100000,12,39,0,16072,19965,990,134,307,604,40654.84800000002,89,False,False
210,47,521.061752722526,-35.399760000004505,1.0,CLIENT,7,2,100000,14,12,0,22928,25841,912,969,308,588,12509.184000000003,99,False,False
210,48,-487.79237963968,-873.6393600003053,1.0,CLIENT,7,2,100000,11,39,0,12650,17749,866,192,282,492,40654.84800000002,90,False,False
210,49,-933.681191752127,317.70727999991607,1.0,CLIENT,7,2,100000,16,44,0,16266,19715,988,334,306,623,45867.00800000002,96,False,False
210,50,-658.4959486750639,293.3281999997712,1.0,CLIENT,7,2,100000,12,24,0,20206,23586,1046,541,320,689,25018.36800000001,98,False,False
210,51,-201.91340950003234,451.95919999950036,1.0,CLIENT,7,2,100000,10,10,0,24411,26859,954,956,322,624,10424.320000000002,99,False,False
210,52,183.06076475244845,137.4802000001344,1.0,CLIENT,7,2,100000,7,7,0,26585,27656,804,1470,321,466,7297.023999999999,99,False,False
210,53,-214.825094768215,664.2464399998084,1.0,CLIENT,7,2,100000,10,7,0,22261,25043,1010,650,325,671,7297.023999999999,98,False,False
210,54,519.8735608263079,976.6103599997687,1.0,CLIENT,7,2,100000,10,61,0,16940,20407,964,132,299,573,63588.352000000035,93,False,False
210,55,-963.9404786996885,-102.74836000002551,1.0,CLIENT,7,2,100000,10,33,0,15616,19471,955,372,300,581,34400.256000000016,91,False,False
210,56,919.1852506223204,81.37492000020188,1.0,CLIENT,7,2,100000,10,29,0,17998,21429,935,560,317,568,30230.528000000013,96,False,False
210,57,919.4228890014514,40.409160000012605,1.0,CLIENT,7,2,100000,10,33,0,17949,21347,924,572,303,568,34400.256000000016,95,False,False
210,58,-912.2937376269579,81.26359999969196,1.0,CLIENT,7,2,100000,10,68,0,16940,20436,917,452,307,527,70885.37600000003,94,False,False
210,59,312.96974536396124,-870.8563600002128,1.0,CLIENT,7,2,100000,10,53,0,14428,18779,908,389,291,535,55248.89600000003,94,False,False
210,60,-698.3399835824109,-490.80988000028384,1.0,CLIENT,7,2,100000,13,34,0,16253,21286,967,276,289,607,35442.68800000002,94,False,False
210,61,685.5867238999404,307.5771600001809,1.0,CLIENT,7,2,100000,14,13,0,21161,23875,1073,541,327,704,13551.616000000004,99,False,False
210,62,-622.770979006926,358.1164399999287,1.0,CLIENT,7,2,100000,9,9,0,20404,23884,1080,534,326,712,9381.888,98,False,False
210,63,952.7714748777163,-923.0654400004905,1.0,CLIENT,7,2,100000,17,265,0,8961,12450,633,15,249,335,276244.47999999975,71,False,False
210,64,-209.35941204763864,212.17591999979817,1.0,CLIENT,7,2,100000,7,10,0,26294,27505,849,1350,317,516,10424.320000000002,99,False,False
210,65,601.145886502063,328.61664000005675,1.0,CLIENT,7,2,100000,14,19,0,22034,24683,1056,557,328,692,19806.208000000006,99,False,False
210,66,-647.9606471987543,-756.8646800000988,1.0,CLIENT,7,2,100000,16,161,0,12796,18070,774,149,274,433,167831.55200000008,90,False,False
210,67,303.8602741624378,542.6849999998228,1.0,CLIENT,7,2,100000,11,5,0,23284,25933,1085,627,329,708,5212.16,99,False,False
210,68,368.339487710495,-236.7776400001719,1.0,CLIENT,7,2,100000,9,4,0,23825,26563,946,1110,313,618,4169.728,99,False,False
210,69,22.33800764169318,-636.9730399998523,1.0,CLIENT,7,2,100000,11,28,0,19656,23636,923,771,311,574,29188.096000000012,99,False,False
210,70,-914.1948446600061,588.994119999968,1.0,CLIENT,7,2,100000,11,21,0,14961,18547,1005,133,303,615,21891.072000000007,89,False,False
210,71,962.5938612166327,541.3491600000316,1.0,CLIENT,7,2,100000,9,28,0,15915,19858,988,135,308,597,29188.096000000012,88,False,False
210,72,-143.69200660392633,776.4569999996735,1.0,CLIENT,7,2,100000,9,13,0,21438,24172,987,604,317,616,13551.616000000004,98,False,False
210,73,471.31611868340633,-134.14059999986534,1.0,CLIENT,7,2,100000,15,11,0,23315,26120,922,1048,307,596,11466.752000000002,99,False,False
210,74,-301.16703919970337,671.4822399997322,1.0,CLIENT,7,2,100000,11,11,0,21581,24604,1044,531,325,706,11466.752000000002,98,False,False
210,75,-225.75646020993057,999.7649199998411,1.0,CLIENT,7,2,100000,13,41,0,17946,21552,973,342,313,583,42739.71200000002,96,False,False
210,76,-26.140221708915227,-81.37492000020188,1.0,CLIENT,7,2,100000,10,5,0,26792,27709,694,1632,294,389,5212.16,99,False,False
210,77,-932.968276614734,828.5547600002324,1.0,CLIENT,7,2,100000,13,136,0,13069,16398,833,46,280,468,141770.75200000007,83,False,False
210,78,188.60566026588089,-665.4709599998807,1.0,CLIENT,7,2,100000,14,16,0,18559,22841,899,696,309,553,16678.912000000004,99,False,False
210,79,-590.0560954746353,-803.062480000525,1.0,CLIENT,7,2,100000,15,47,0,12751,17904,880,144,281,500,48994.304000000026,90,False,False
210,80,499.1198090456758,-526.0983199997784,1.0,CLIENT,7,2,100000,9,13,0,18400,22848,1057,476,302,710,13551.616000000004,97,False,False
210,81,-5.86174668654519,896.4599599996391,1.0,CLIENT,7,2,100000,15,27,0,20205,23011,924,572,311,561,28145.66400000001,98,False,False
210,82,-663.327929051666,490.14195999959725,1.0,CLIENT,7,2,100000,10,10,0,18901,22748,1077,321,314,718,10424.320000000002,98,False,False
210,83,-168.0103340720866,-228.65128000012362,1.0,CLIENT,7,2,100000,14,6,0,25119,27101,875,1197,308,556,6254.592,99,False,False
210,84,-885.0445368158064,833.7867999996784,1.0,CLIENT,7,2,100000,11,21,0,13618,17011,973,63,297,579,21891.072000000007,85,False,False
210,85,629.8209175885635,-635.5258800003421,1.0,CLIENT,7,2,100000,13,26,0,15494,19827,1021,243,289,666,27103.23200000001,94,False,False
210,86,-515.8337083810806,745.2874000000625,1.0,CLIENT,7,2,100000,13,32,0,18398,22242,1034,264,308,656,33357.824000000015,98,False,False
210,87,-906.7488421129626,-254.2548800003408,1.0,CLIENT,7,2,100000,15,30,0,15500,19793,997,313,303,619,31272.960000000014,92,False,False
210,88,623.8007453163061,-667.5860400000774,1.0,CLIENT,7,2,100000,10,25,0,15121,19403,1011,268,291,656,26060.80000000001,94,False,False
210,89,-412.6194390290382,-286.98295999997185,1.0,CLIENT,7,2,100000,9,7,0,22977,25595,1041,726,313,697,7297.023999999999,99,False,False
210,90,508.4669186263303,907.8146000002374,1.0,CLIENT,7,2,100000,15,34,0,17701,21137,1023,150,310,631,35442.68800000002,94,False,False
210,91,-200.8044303972333,513.5191599998986,1.0,CLIENT,7,2,100000,11,8,0,23887,26431,968,880,333,622,8339.456,99,False,False
210,92,552.5884443585986,-761.9853999998259,1.0,CLIENT,7,2,100000,10,30,0,14456,18678,990,278,293,620,31272.960000000014,93,False,False
210,93,212.13185980379203,485.5778400000469,1.0,CLIENT,7,2,100000,14,7,0,24444,26622,1025,826,336,655,7297.023999999999,99,False,False
210,94,895.8174766706843,506.72863999964164,1.0,CLIENT,7,2,100000,13,26,0,17273,20887,1010,210,308,640,27103.23200000001,92,False,False
210,95,590.6105850257535,-598.1223599998598,1.0,CLIENT,7,2,100000,12,13,0,16349,20779,1040,313,297,695,13551.616000000004,94,False,False
210,96,-218.6273088348742,-512.5172800000553,1.0,CLIENT,7,2,100000,15,10,0,21240,24904,987,706,318,641,10424.320000000002,99,False,False
210,97,333.0105820072003,100.41063999959988,1.0,CLIENT,7,2,100000,9,4,0,25337,27284,862,1258,322,536,4169.728,99,False,False
210,98,-301.64231595796537,810.8548799998346,1.0,CLIENT,7,2,100000,13,22,0,19947,23203,1026,411,323,639,22933.504000000008,98,False,False
210,99,-829.2787305044295,-77.92400000021388,1.0,CLIENT,7,2,100000,14,27,0,17804,21603,963,483,308,599,28145.66400000001,97,False,False

211,0,-839.417968015333,782.0229999998583,1.0,CLIENT,7,2,100000,13,35,0,12506,16463,943,132,290,560,36485.12000000002,83,False,False
211,1,827.5360490565306,-21.37343999982363,1.0,CLIENT,7,2,100000,14,14,0,18351,21116,943,608,305,610,14594.048000000004,95,False,False
211,2,336.33751931559743,66.90331999956328,1.0,CLIENT,7,2,100000,8,1,0,24109,26543,823,1291,310,501,1042.432,99,False,False
211,3,798.0688900392182,-467.2100400005445,1.0,CLIENT,7,2,100000,12,30,0,16739,20366,1024,266,305,653,31272.960000000014,91,False,False
211,4,-848.7650775959876,-635.4145599998321,1.0,CLIENT,7,2,100000,16,36,0,14836,18338,969,159,287,597,37527.55200000002,94,False,False
211,5,256.01574715692925,828.8887200001801,1.0,CLIENT,7,2,100000,9,20,0,17608,21282,999,469,320,630,20848.640000000007,96,False,False
211,6,887.3417078136978,437.3762799999338,1.0,CLIENT,7,2,100000,13,31,0,15666,19242,1009,248,294,636,32315.392000000014,90,False,False
211,7,-585.3033278914521,228.09467999994695,1.0,CLIENT,7,2,100000,17,17,0,20823,24087,992,705,326,636,17721.344000000005,99,False,False
211,8,-27.011562432583258,-791.4852000004887,1.0,CLIENT,7,2,100000,9,16,0,19848,22290,915,718,316,557,16678.912000000004,97,False,False
211,9,976.3768872084834,-255.8133600003609,1.0,CLIENT,7,2,100000,16,78,0,15789,19052,892,394,289,517,81309.69600000004,88,False,False
211,10,143.21672984510144,-895.2354400003577,1.0,CLIENT,7,2,100000,12,42,0,18814,21111,932,593,316,559,43782.14400000002,93,False,False
211,11,-184.5658078206535,-672.3727999998567,1.0,CLIENT,7,2,100000,14,24,0,20590,23702,942,704,310,588,25018.36800000001,98,False,False
211,12,409.8469912717592,-710.2216000000058,1.0,CLIENT,7,2,100000,15,19,0,19070,22220,1054,404,312,677,19806.208000000006,95,False,False
211,13,710.8556048846248,-152.8423600001065,1.0,CLIENT,7,2,100000,15,15,0,19452,22529,939,671,309,600,15636.480000000005,97,False,False
211,14,-850.1909078707737,-952.6765600000815,1.0,CLIENT,7,2,100000,14,196,0,11109,15460,741,41,259,395,204316.6720000001,78,False,False
211,15,-497.61476597859655,708.4404799997569,1.0,CLIENT,7,2,100000,9,20,0,17027,20658,1046,218,308,653,20848.640000000007,96,False,False
211,16,-476.94022699082046,-481.79296000011107,1.0,CLIENT,7,2,100000,15,19,0,20050,24427,1035,526,301,696,19806.208000000006,98,False,False
211,17,762.2647075782243,-163.86303999996613,1.0,CLIENT,7,2,100000,12,18,0,18939,21843,948,608,306,588,18763.776000000005,97,False,False
211,18,-763.2152610953112,29.38848000015298,1.0,CLIENT,7,2,100000,15,52,0,19018,22418,869,724,318,504,54206.46400000003,97,False,False
211,19,-979.3077605520375,492.257039999794,1.0,CLIENT,7,2,100000,14,29,0,13615,17719,937,186,296,575,30230.528000000013,85,False,False
211,20,-866.4295304473535,-412.9971999997889,1.0,CLIENT,7,2,100000,10,37,0,16241,19724,993,314,299,607,38569.98400000002,94,False,False
211,21,-963.8612659062695,26.494159999550675,1.0,CLIENT,7,2,100000,15,47,0,16163,19536,874,528,313,513,48994.304000000026,92,False,False
211,22,137.75104712396225,-82.82208000050304,1.0,CLIENT,7,2,100000,7,6,0,26095,27352,723,1597,300,408,6254.592,99,False,False
211,23,56.55793424162602,-317.5959600001971,1.0,CLIENT,7,2,100000,9,3,0,24943,26835,789,1356,311,459,3127.2960000000003,99,False,False
211,24,-99.80811925078909,-58.331679999848234,1.0,CLIENT,7,2,100000,6,8,0,26716,27527,628,1807,288,330,8339.456,99,False,False
211,25,805.1980414142746,-430.4744399999578,1.0,CLIENT,7,2,100000,12,17,0,16923,20485,1024,303,307,638,17721.344000000005,92,False,False
211,26,-327.0696225289247,822.209519999642,1.0,CLIENT,7,2,100000,12,28,0,16658,20514,1017,297,310,634,29188.096000000012,96,False,False
211,27,-660.7931196740809,-493.37024000014736,1.0,CLIENT,7,2,100000,12,10,0,17842,22003,1046,316,303,691,10424.320000000002,97,False,False
211,28,-458.4836462086426,12.245199999931913,1.0,CLIENT,7,2,100000,15,9,0,23403,26090,822,1181,312,498,9381.888,99,False,False
211,29,599.799269020133,538.0095599997626,1.0,CLIENT,7,2,100000,12,29,0,18244,21742,1022,370,296,680,30230.528000000013,96,False,False
211,30,341.5655636576056,645.4333599998483,1.0,CLIENT,7,2,100000,10,27,0,19365,23071,993,548,313,636,28145.66400000001,97,False,False
211,31,-862.9441675532443,619.7184399999122,1.0,CLIENT,7,2,100000,15,44,0,14209,18026,949,188,293,558,45867.00800000002,86,False,False
211,32,-265.44206953100263,98.85215999957978,1.0,CLIENT,7,2,100000,10,9,0,25408,27130,753,1439,316,430,9381.888,99,False,False
211,33,638.217473652131,-954.1237200003826,1.0,CLIENT,7,2,100000,11,150,0,14403,18019,817,114,275,474,156364.80000000008,85,False,False
211,34,-847.3392473212016,836.5697999997707,1.0,CLIENT,7,2,100000,12,23,0,11560,15671,938,110,290,561,23975.93600000001,82,False,False
211,35,-983.8228897566524,784.8059999999507,1.0,CLIENT,7,2,100000,9,144,0,10571,14798,807,71,286,441,150110.20800000007,76,False,False
211,36,698.181557995573,304.23755999991187,1.0,CLIENT,7,2,100000,7,15,0,18929,22094,1047,466,305,682,15636.480000000005,97,False,False
211,37,-920.6902936910882,383.2747599996881,1.0,CLIENT,7,2,100000,14,17,0,15343,19245,978,305,315,616,17721.344000000005,90,False,False
211,38,-251.2629795743088,-292.4376400004377,1.0,CLIENT,7,2,100000,13,2,0,24727,26942,871,1256,300,561,2084.864,99,False,False
211,39,207.37909222060873,850.8187600001804,1.0,CLIENT,7,2,100000,16,32,0,17486,21102,934,535,316,570,33357.824000000015,95,False,False
211,40,716.3212876057639,-55.993960000213576,1.0,CLIENT,7,2,100000,11,18,0,19643,22489,917,704,303,575,18763.776000000005,99,False,False
211,41,-83.72792226048425,45.75251999996851,1.0,CLIENT,7,2,100000,10,3,0,26610,27497,678,1738,311,361,3127.2960000000003,99,False,False
211,42,-640.7522830308418,-783.5814799998784,1.0,CLIENT,7,2,100000,18,25,0,15751,19370,1003,185,291,647,26060.80000000001,94,False,False
211,43,-727.6487170134484,-291.76972000054207,1.0,CLIENT,7,2,100000,15,16,0,18493,22298,1012,522,316,652,16678.912000000004,98,False,False
211,44,-234.31144186033592,691.8537999997125,1.0,CLIENT,7,2,100000,14,21,0,19113,22744,995,537,312,628,21891.072000000007,98,False,False
211,45,728.6784833222656,-488.1381999999104,1.0,CLIENT,7,2,100000,18,34,0,17424,21131,1021,291,302,656,35442.68800000002,93,False,False
211,46,85.07453974185148,-285.75843999989957,1.0,CLIENT,7,2,100000,9,8,0,25214,27000,790,1392,312,453,8339.456,99,False,False
211,47,-721.3116935686411,-449.6214799998657,1.0,CLIENT,7,2,100000,15,36,0,17639,21508,1014,328,301,655,37527.55200000002,97,False,False
211,48,61.785978583634204,-61.782599999836236,1.0,CLIENT,7,2,100000,9,3,0,26425,27471,639,1718,289,346,3127.2960000000003,99,False,False
211,49,53.468635312359886,-115.99543999980085,1.0,CLIENT,7,2,100000,12,1,0,26307,27443,654,1702,291,354,1042.432,99,False,False
211,50,91.01549922125272,-89.16732000030237,1.0,CLIENT,7,2,100000,11,4,0,26306,27428,660,1694,290,361,4169.728,99,False,False
211,51,912.056099247264,518.7512000001357,1.0,CLIENT,7,2,100000,12,33,0,14782,18370,986,225,286,623,34400.256000000016,88,False,False
211,52,-648.2774983713043,-747.5137999999782,1.0,CLIENT,7,2,100000,8,19,0,16104,19610,1021,198,291,662,19806.208000000006,95,False,False
211,53,-910.2342050076347,-350.9919600005148,1.0,CLIENT,7,2,100000,11,22,0,16010,19433,987,347,307,596,22933.504000000008,93,False,False
211,54,-333.4066459731691,173.4365599995246,1.0,CLIENT,7,2,100000,10,10,0,24218,26689,846,1172,316,510,10424.320000000002,99,False,False
211,55,704.2809430612492,-599.2355600002131,1.0,CLIENT,7,2,100000,10,16,0,16770,20644,1028,187,302,660,16678.912000000004,92,False,False
211,56,992.0610202339452,836.124520000104,1.0,CLIENT,7,2,100000,11,213,0,9654,14218,706,75,268,362,222038.01600000012,74,False,False
211,57,-268.1353044948628,-315.81483999994816,1.0,CLIENT,7,2,100000,8,10,0,24357,26765,910,1157,307,578,10424.320000000002,99,False,False
211,58,334.5156250754053,-218.2985200001596,1.0,CLIENT,7,2,100000,10,4,0,23772,26174,937,1057,314,613,4169.728,99,False,False
211,59,-62.65731930786508,-71.46743999990463,1.0,CLIENT,7,2,100000,8,5,0,26706,27545,621,1804,293,318,5212.16,99,False,False
211,60,-481.3761434020167,872.5261599999519,1.0,CLIENT,7,2,100000,13,26,0,14588,18846,1004,150,306,610,27103.23200000001,94,False,False
211,61,-579.2039428263387,-970.1538000002504,1.0,CLIENT,7,2,100000,14,33,0,14247,18033,983,177,285,610,34400.256000000016,88,False,False
211,62,402.0049247593097,702.2065599996765,1.0,CLIENT,7,2,100000,9,12,0,18242,22088,1022,433,317,663,12509.184000000003,96,False,False
211,63,125.07700023491061,750.1854799995607,1.0,CLIENT,7,2,100000,14,25,0,19133,22556,884,725,311,536,26060.80000000001,98,False,False
211,64,-422.36261257509864,253.3643200002163,1.0,CLIENT,7,2,100000,8,11,0,22522,25775,964,853,321,612,11466.752000000002,99,False,False
211,65,117.15572092960512,-364.7956400004668,1.0,CLIENT,7,2,100000,12,10,0,24322,26438,859,1188,317,515,10424.320000000002,99,False,False
211,66,932.8890638207522,-924.6239200005107,1.0,CLIENT,7,2,100000,16,49,0,11576,14894,856,56,270,497,51079.16800000003,79,False,False
211,67,359.54686768095866,-68.35047999986443,1.0,CLIENT,7,2,100000,9,9,0,23911,26378,842,1210,306,521,9381.888,99,False,False
211,68,-741.907019763561,425.01975999949195,1.0,CLIENT,7,2,100000,10,16,0,17635,21049,1014,373,308,631,16678.912000000004,96,False,False
211,69,-99.80811925078909,-789.258799999782,1.0,CLIENT,7,2,100000,11,22,0,19684,22277,924,666,307,575,22933.504000000008,98,False,False
211,70,995.3087447489233,107.31247999957588,1.0,CLIENT,7,2,100000,11,34,0,15936,19056,988,368,303,619,35442.68800000002,85,False,False
211,71,-577.2236229998716,-855.2715600000118,1.0,CLIENT,7,2,100000,9,21,0,15694,19252,1013,202,297,639,21891.072000000007,94,False,False
211,72,820.7237488534614,-601.6846000003577,1.0,CLIENT,7,2,100000,10,18,0,15383,19165,997,157,301,613,18763.776000000005,89,False,False
211,73,641.0691342022661,266.5000799994817,1.0,CLIENT,7,2,100000,16,19,0,19801,22957,1050,573,311,691,19806.208000000006,98,False,False
211,74,477.4947165413758,-890.2260400003496,1.0,CLIENT,7,2,100000,12,33,0,16577,19881,973,242,300,591,34400.256000000016,89,False,False
211,75,480.5048026777858,-527.6567999997985,1.0,CLIENT,7,2,100000,12,21,0,20038,23437,1044,434,315,673,21891.072000000007,97,False,False
211,76,506.8826627652693,162.08191999971717,1.0,CLIENT,7,2,100000,12,13,0,21823,24853,929,887,299,594,13551.616000000004,99,False,False
211,77,-394.4004966265542,-321.8261199997997,1.0,CLIENT,7,2,100000,13,7,0,22869,26240,974,904,303,647,7297.023999999999,99,False,False
211,78,864.7660617928735,715.8989199999096,1.0,CLIENT,7,2,100000,14,59,0,13160,17221,927,163,279,558,61503.488000000034,86,False,False
211,79,469.5734372360702,-169.54035999986985,1.0,CLIENT,7,2,100000,13,13,0,22331,25250,921,919,311,579,13551.616000000004,99,False,False
211,80,-895.817476671247,-856.1621200001364,1.0,CLIENT,7,2,100000,9,44,0,11952,15998,904,51,275,532,45867.00800000002,81,False,False
211,81,-402.1633503461476,-64.78824000015749,1.0,CLIENT,7,2,100000,12,7,0,24219,26588,792,1287,307,474,7297.023999999999,99,False,False
211,82,-120.95793499682716,269.6170399995219,1.0,CLIENT,7,2,100000,9,6,0,25193,27091,801,1346,314,480,6254.592,99,False,False
211,83,-584.5111999612029,368.2465599996638,1.0,CLIENT,7,2,100000,15,16,0,19678,23174,1035,501,324,678,16678.912000000004,98,False,False
211,84,263.5409624973916,61.55995999960737,1.0,CLIENT,7,2,100000,8,3,0,24929,26981,790,1420,308,474,3127.2960000000003,99,False,False
211,85,719.7274377070171,-867.182799999996,1.0,CLIENT,7,2,100000,13,34,0,14294,17989,934,92,278,562,35442.68800000002,85,False,False
211,86,947.543430536271,-152.06312000049195,1.0,CLIENT,7,2,100000,13,36,0,16523,19543,916,480,300,566,37527.55200000002,88,False,False
211,87,124.5225106837925,995.5347600002386,1.0,CLIENT,7,2,100000,15,86,0,15155,19173,813,491,305,439,89649.15200000005,89,False,False
211,88,-189.16014981812467,-990.5253600002305,1.0,CLIENT,7,2,100000,9,65,0,17309,20118,926,449,305,535,67758.08000000003,92,False,False
211,89,-849.3987799405246,965.1443999994513,1.0,CLIENT,7,2,100000,11,44,0,9951,13971,888,55,283,501,45867.00800000002,75,False,False
211,90,-293.72103665209704,989.4121599998772,1.0,CLIENT,7,2,100000,15,73,0,14072,18347,925,246,293,516,76097.53600000004,89,False,False
211,91,207.45830501346478,754.5269599996732,1.0,CLIENT,7,2,100000,13,17,0,18875,22346,938,634,318,584,17721.344000000005,97,False,False
211,92,-922.5121879312803,466.2081599999101,1.0,CLIENT,7,2,100000,10,28,0,14659,18633,968,235,310,594,29188.096000000012,86,False,False
211,93,-240.25240133917433,43.19216000010499,1.0,CLIENT,7,2,100000,12,2,0,25872,27266,705,1570,306,391,2084.864,99,False,False
211,94,-603.522270294499,-415.66888000016235,1.0,CLIENT,7,2,100000,13,24,0,19088,23395,1028,465,303,676,25018.36800000001,98,False,False
211,95,373.9635960173464,628.0674400001894,1.0,CLIENT,7,2,100000,11,10,0,19379,23013,1013,537,317,648,10424.320000000002,97,False,False
211,96,842.1112029786304,-313.4771200003135,1.0,CLIENT,7,2,100000,15,20,0,17237,20533,1006,392,311,631,20848.640000000007,92,False,False
211,97,229.7170998623019,-256.25864000002764,1.0,CLIENT,7,2,100000,10,7,0,24598,26658,873,1192,311,545,7297.023999999999,99,False,False
211,98,442.64108759690595,-670.8143199998367,1.0,CLIENT,7,2,100000,13,18,0,19120,22424,1036,382,314,675,18763.776000000005,95,False,False
211,99,428.46199763964927,-245.12664000044907,1.0,CLIENT,7,2,100000,13,8,0,22628,25401,975,880,317,645,8339.456,99,False,False

212,0,-742.5407221075352,753.079800000163,1.0,CLIENT,7,2,100000,13,31,0,13007,16869,965,82,290,593,32315.392000000014,86,False,False
212,1,809.3171066534836,834.0094399999072,1.0,CLIENT,7,2,100000,15,45,0,13599,17775,958,69,268,599,46909.440000000024,87,False,False
212,2,-615.4834020455947,929.4106799994989,1.0,CLIENT,7,2,100000,12,22,0,12286,16265,960,62,287,589,22933.504000000008,83,False,False
212,3,-691.6068961727605,-384.2766400003225,1.0,CLIENT,7,2,100000,12,27,0,17175,22494,1022,446,307,677,28145.66400000001,96,False,False
212,4,14.258302749549888,-817.5340800003727,1.0,CLIENT,7,2,100000,15,27,0,18538,21595,910,750,311,567,28145.66400000001,98,False,False
212,5,581.421901031374,104.75211999971236,1.0,CLIENT,7,2,100000,8,8,0,22078,24874,886,959,325,538,8339.456,99,False,False
212,6,515.2792188293996,23.71115999945829,1.0,CLIENT,7,2,100000,11,11,0,22887,25565,794,1162,319,453,11466.752000000002,99,False,False
212,7,578.887091653226,-3.7848799999358107,1.0,CLIENT,7,2,100000,17,14,0,22243,24897,807,1101,306,478,14594.048000000004,99,False,False
212,8,315.8214059140964,-321.15819999990407,1.0,CLIENT,7,2,100000,8,4,0,23518,26107,961,998,317,628,4169.728,99,False,False
212,9,993.4868505087312,826.3283599995257,1.0,CLIENT,7,2,100000,18,236,0,11467,15602,708,21,253,362,246013.95200000014,80,False,False
212,10,-759.571472614927,-283.9773200004416,1.0,CLIENT,7,2,100000,12,35,0,16828,21948,964,533,305,604,36485.12000000002,96,False,False
212,11,-706.7365396465412,-699.646199999813,1.0,CLIENT,7,2,100000,14,29,0,13553,18522,1013,188,297,660,30230.528000000013,93,False,False
212,12,365.5670399532159,803.173799999453,1.0,CLIENT,7,2,100000,15,28,0,18085,20999,1038,416,300,668,29188.096000000012,95,False,False
212,13,280.80935138335155,665.1369999999329,1.0,CLIENT,7,2,100000,15,13,0,19880,22826,1003,604,305,657,13551.616000000004,97,False,False
212,14,174.2681447229121,-905.0316000001451,1.0,CLIENT,7,2,100000,13,27,0,17347,20337,969,574,309,615,28145.66400000001,94,False,False
212,15,642.4157516841963,205.83067999999884,1.0,CLIENT,7,2,100000,8,8,0,21071,24119,988,719,314,641,8339.456,98,False,False
212,16,796.2469957990261,-865.5130000002569,1.0,CLIENT,7,2,100000,15,47,0,13634,17118,982,60,283,599,48994.304000000026,85,False,False
212,17,352.33850351304625,551.5905999994857,1.0,CLIENT,7,2,100000,12,8,0,20779,23887,1042,618,310,703,8339.456,98,False,False
212,18,-628.1574489346463,-250.58132000012392,1.0,CLIENT,7,2,100000,15,23,0,19829,24073,936,763,312,586,23975.93600000001,98,False,False
212,19,-182.90233916673634,765.8815999994806,1.0,CLIENT,7,2,100000,13,37,0,18627,21470,1020,476,313,635,38569.98400000002,98,False,False
212,20,343.4666706906538,-993.4196800000418,1.0,CLIENT,7,2,100000,10,14,0,15618,18770,1039,281,308,667,14594.048000000004,88,False,False
212,21,153.27675456314898,965.0330799997323,1.0,CLIENT,7,2,100000,15,35,0,16590,19587,876,532,298,525,36485.12000000002,88,False,False
212,22,572.4708554155626,-123.23124000051564,1.0,CLIENT,7,2,100000,8,4,0,22161,24823,861,1061,315,521,4169.728,99,False,False
212,23,875.7766400274452,-313.4771200003135,1.0,CLIENT,7,2,100000,13,22,0,17792,20769,989,506,307,617,22933.504000000008,92,False,False
212,24,-48.24059097147739,167.31395999995414,1.0,CLIENT,7,2,100000,7,6,0,25586,27115,756,1471,300,442,6254.592,99,False,False
212,25,454.83985772769546,333.5147199995549,1.0,CLIENT,7,2,100000,11,8,0,21984,25361,1049,694,312,719,8339.456,98,False,False
212,26,323.5842596336897,421.23487999955614,1.0,CLIENT,7,2,100000,11,17,0,22335,25352,1006,803,314,661,17721.344000000005,99,False,False
212,27,31.44747884265379,-956.2387999997884,1.0,CLIENT,7,2,100000,11,80,0,16561,19795,848,651,311,468,83394.56000000004,91,False,False
212,28,-159.05928845683812,807.8492399995133,1.0,CLIENT,7,2,100000,17,38,0,18230,21009,1009,485,310,638,39612.41600000002,96,False,False
212,29,-104.32324845540421,-63.78636000031406,1.0,CLIENT,7,2,100000,10,3,0,26261,27262,660,1653,294,360,3127.2960000000003,99,False,False
212,30,617.8597858369048,-633.856079999812,1.0,CLIENT,7,2,100000,10,34,0,17678,21255,1054,235,301,689,35442.68800000002,94,False,False
212,31,315.02927798384724,835.9018799998751,1.0,CLIENT,7,2,100000,15,56,0,17933,20771,988,445,299,598,58376.19200000003,94,False,False
212,32,-453.73087862545924,387.83888000002946,1.0,CLIENT,7,2,100000,11,20,0,20229,23838,1050,466,310,681,20848.640000000007,98,False,False
212,33,-556.2322328401085,450.845999999938,1.0,CLIENT,7,2,100000,11,17,0,18449,22218,1048,333,304,690,17721.344000000005,98,False,False
212,34,468.14760696072125,-919.1692400000449,1.0,CLIENT,7,2,100000,12,19,0,15757,19106,1055,214,300,660,19806.208000000006,90,False,False
212,35,-452.7803251089352,194.36471999968148,1.0,CLIENT,7,2,100000,9,12,0,22014,25120,1004,807,317,647,12509.184000000003,99,False,False
212,36,557.9749142863188,-503.1663999999347,1.0,CLIENT,7,2,100000,7,5,0,19500,23152,1086,401,309,739,5212.16,99,False,False
212,37,-997.1306389896783,-930.96916000031,1.0,CLIENT,7,2,100000,15,168,0,7017,11289,710,39,263,337,175128.5760000001,75,False,False
212,38,-596.1554805403115,-569.5131200001123,1.0,CLIENT,7,2,100000,14,20,0,16734,22017,1041,348,304,689,20848.640000000007,96,False,False
212,39,-509.1798337648491,386.28040000000937,1.0,CLIENT,7,2,100000,16,20,0,19594,23285,1052,444,310,696,20848.640000000007,98,False,False
212,40,382.5185776671888,-453.6290000000304,1.0,CLIENT,7,2,100000,11,8,0,21594,24736,1047,684,317,707,8339.456,99,False,False
212,41,514.6455164848626,-206.27596000045656,1.0,CLIENT,7,2,100000,12,12,0,22484,25175,924,989,314,595,12509.184000000003,99,False,False
212,42,-37.230012736905756,666.806799999672,1.0,CLIENT,7,2,100000,17,22,0,20271,22813,966,719,316,608,22933.504000000008,98,False,False
212,43,963.7820531128506,-987.2970800004714,1.0,CLIENT,7,2,100000,16,203,0,11089,14207,746,18,263,414,211613.6960000001,73,False,False
212,44,-271.3038162175478,483.68540000007897,1.0,CLIENT,7,2,100000,14,15,0,20980,24255,1073,537,311,728,15636.480000000005,98,False,False
212,45,807.6536379990036,-818.2020000002683,1.0,CLIENT,7,2,100000,18,43,0,13992,17511,983,73,283,625,44824.57600000002,88,False,False
212,46,-675.6059119753116,951.5633599997282,1.0,CLIENT,7,2,100000,12,130,0,11497,15173,826,43,282,453,135516.16000000006,81,False,False
212,47,-344.2587986220286,-926.1824000005308,1.0,CLIENT,7,2,100000,15,35,0,14841,19214,972,370,300,627,36485.12000000002,93,False,False
212,48,993.2492121296002,731.0384399996528,1.0,CLIENT,7,2,100000,12,47,0,12541,16837,915,62,267,552,48994.304000000026,84,False,False
212,49,496.66421246094666,-810.4096000001678,1.0,CLIENT,7,2,100000,16,31,0,16829,20109,1052,233,300,687,32315.392000000014,92,False,False
212,50,135.6915145046391,457.747839999914,1.0,CLIENT,7,2,100000,12,12,0,22631,25292,874,1013,316,529,12509.184000000003,99,False,False
212,51,-784.2066512550742,654.7842399999689,1.0,CLIENT,7,2,100000,12,30,0,13638,17405,983,134,294,607,31272.960000000014,88,False,False
212,52,779.4538836713282,78.70323999982844,1.0,CLIENT,7,2,100000,8,15,0,20061,22704,859,846,312,512,15636.480000000005,98,False,False
212,53,-783.0184593594192,577.7507999998795,1.0,CLIENT,7,2,100000,11,20,0,14467,18272,1002,176,300,621,20848.640000000007,90,False,False
212,54,-723.4504389813832,-965.3670400004711,1.0,CLIENT,7,2,100000,11,38,0,10303,14587,901,96,280,543,39612.41600000002,87,False,False
212,55,-14.654366715518712,729.3686399999137,1.0,CLIENT,7,2,100000,10,17,0,19649,22179,955,679,310,604,17721.344000000005,97,False,False
212,56,-409.05486334151,-868.9639200002449,1.0,CLIENT,7,2,100000,11,21,0,15163,19703,1014,337,308,638,21891.072000000007,93,False,False
212,57,-699.845026650616,834.9000000000317,1.0,CLIENT,7,2,100000,11,30,0,12657,16517,959,70,288,563,31272.960000000014,84,False,False
212,58,951.0287934303802,523.5379599999148,1.0,CLIENT,7,2,100000,11,22,0,15513,19355,996,158,290,634,22933.504000000008,91,False,False
212,59,528.6661808558442,59.66751999963947,1.0,CLIENT,7,2,100000,10,13,0,22769,25465,824,1099,314,484,13551.616000000004,99,False,False
212,60,-148.99926373879057,834.1207599996261,1.0,CLIENT,7,2,100000,13,26,0,17992,20820,1029,438,311,649,27103.23200000001,96,False,False
212,61,26.536285673195533,-180.44972000001053,1.0,CLIENT,7,2,100000,11,3,0,25928,27294,738,1578,314,416,3127.2960000000003,99,False,False
212,62,-2.1387454127420455,-298.3375999997793,1.0,CLIENT,7,2,100000,8,14,0,24927,26940,807,1391,314,459,14594.048000000004,99,False,False
212,63,867.6969351358647,-482.2382399997778,1.0,CLIENT,7,2,100000,14,40,0,16684,19972,1011,290,296,633,41697.28000000002,89,False,False
212,64,-778.1072661899609,641.9824399998604,1.0,CLIENT,7,2,100000,10,21,0,13751,17709,985,122,293,608,21891.072000000007,89,False,False
212,65,135.21623774637706,-418.22924000002587,1.0,CLIENT,7,2,100000,12,8,0,23421,26125,891,1130,312,565,8339.456,99,False,False
212,66,77.78696278052016,-175.55164000051235,1.0,CLIENT,7,2,100000,10,4,0,25846,27263,732,1574,308,416,4169.728,99,False,False
212,67,492.3075088431694,-963.6972399999411,1.0,CLIENT,7,2,100000,12,22,0,15071,18401,1042,172,298,649,22933.504000000008,88,False,False
212,68,702.1421976485072,81.82019999986863,1.0,CLIENT,7,2,100000,10,8,0,20900,23618,875,896,315,539,8339.456,98,False,False
212,69,760.9973028891503,-312.92052000013683,1.0,CLIENT,7,2,100000,11,19,0,18875,22262,1003,567,303,666,19806.208000000006,98,False,False
212,70,57.666913344425076,-391.6237599999653,1.0,CLIENT,7,2,100000,8,3,0,23999,26479,864,1252,311,542,3127.2960000000003,99,False,False
212,71,59.330381998905075,138.0367999995201,1.0,CLIENT,7,2,100000,5,7,0,26054,27229,746,1585,297,439,7297.023999999999,99,False,False
212,72,-347.1104591721637,609.699639999896,1.0,CLIENT,7,2,100000,9,6,0,19120,22414,1082,354,316,716,6254.592,98,False,False
212,73,-595.6009909886307,866.2922399998715,1.0,CLIENT,7,2,100000,17,45,0,13296,17277,961,74,285,570,46909.440000000024,85,False,False
212,74,-14.258302750675568,-282.9754399998072,1.0,CLIENT,7,2,100000,10,3,0,25158,26999,784,1448,316,459,3127.2960000000003,99,False,False
212,75,508.94219538459237,405.0934799999695,1.0,CLIENT,7,2,100000,12,12,0,20840,24503,1062,546,307,717,12509.184000000003,98,False,False
212,76,335.7038169710604,-105.75400000034676,1.0,CLIENT,7,2,100000,10,6,0,24725,26712,795,1374,305,480,6254.592,99,False,False
212,77,509.1006209708673,519.1964799998025,1.0,CLIENT,7,2,100000,13,16,0,19900,23400,1087,438,299,738,16678.912000000004,97,False,False
212,78,69.78647068179576,290.5451999996788,1.0,CLIENT,7,2,100000,11,2,0,24621,26613,825,1339,309,501,2084.864,99,False,False
212,79,367.7849981588141,145.16127999972497,1.0,CLIENT,7,2,100000,13,9,0,24224,26552,861,1218,314,533,9381.888,99,False,False
212,80,-20.595326194919963,109.76151999972046,1.0,CLIENT,7,2,100000,9,10,0,26081,27237,719,1597,300,406,10424.320000000002,99,False,False
212,81,-611.6019751860794,-625.7297199997638,1.0,CLIENT,7,2,100000,16,27,0,15763,21002,1027,305,307,669,28145.66400000001,94,False,False
212,82,953.2467516359782,390.399239999893,1.0,CLIENT,7,2,100000,12,35,0,16889,20208,987,306,294,617,36485.12000000002,94,False,False
212,83,333.96113552372435,-639.6447200002257,1.0,CLIENT,7,2,100000,15,16,0,19801,23075,1053,516,310,698,16678.912000000004,99,False,False
212,84,244.9259561289387,-609.3656799999483,1.0,CLIENT,7,2,100000,11,12,0,20587,23871,1007,699,310,666,12509.184000000003,99,False,False
212,85,4.594341996908334,-229.2078800003003,1.0,CLIENT,7,2,100000,9,9,0,25687,27197,748,1529,303,440,9381.888,99,False,False
212,86,-144.4841345347383,315.2582399997715,1.0,CLIENT,7,2,100000,12,10,0,23592,26273,948,990,320,595,10424.320000000002,99,False,False
212,87,-988.1003805815739,-629.2919600002617,1.0,CLIENT,7,2,100000,15,107,0,10216,14666,848,106,277,492,111540.22400000006,88,False,False
212,88,832.4472422259888,10.0188000000162,1.0,CLIENT,7,2,100000,9,49,0,19494,22226,777,848,303,438,51079.16800000003,97,False,False
212,89,-320.1781095329994,852.7112000001483,1.0,CLIENT,7,2,100000,11,9,0,16299,19946,1042,249,308,668,9381.888,92,False,False
212,90,629.8209175885635,-867.071480000277,1.0,CLIENT,7,2,100000,15,33,0,15040,18572,1020,130,295,643,34400.256000000016,89,False,False
212,91,-142.74145308740225,165.08756000003842,1.0,CLIENT,7,2,100000,10,8,0,25102,26953,822,1319,308,506,8339.456,99,False,False
212,92,-934.39410688952,321.15819999990407,1.0,CLIENT,7,2,100000,10,74,0,13914,18141,900,306,301,516,77139.96800000004,89,False,False
212,93,-472.50431057962425,-354.33155999999286,1.0,CLIENT,7,2,100000,14,5,0,21586,25236,985,807,318,638,5212.16,99,False,False
212,94,545.9345697418042,-677.3821999998648,1.0,CLIENT,7,2,100000,13,29,0,17902,21309,1068,271,303,709,30230.528000000013,94,False,False
212,95,829.7540072615659,693.3009600000137,1.0,CLIENT,7,2,100000,12,16,0,15164,19096,1011,108,277,647,16678.912000000004,91,False,False
212,96,-832.1303910540018,-23.265879999791537,1.0,CLIENT,7,2,100000,15,22,0,16532,21032,910,625,319,556,22933.504000000008,96,False,False
212,97,-584.352774374928,-997.8724799998733,1.0,CLIENT,7,2,100000,13,64,0,11535,15821,898,153,286,514,66715.64800000003,88,False,False
212,98,-907.1449060783685,157.5178000001668,1.0,CLIENT,7,2,100000,13,49,0,15059,19252,873,507,306,514,51079.16800000003,94,False,False
212,99,770.2651996769487,-660.5728800003826,1.0,CLIENT,7,2,100000,14,32,0,16035,19475,1031,144,291,682,33357.824000000015,90,False,False

213,0,-725.1139076353003,-592.445039999956,1.0,CLIENT,7,2,100000,13,27,0,14836,18677,1033,219,293,663,28145.66400000001,90,False,False
213,1,413.41156695928737,-453.0723999998537,1.0,CLIENT,7,2,100000,14,12,0,22823,26596,1030,559,319,667,12509.184000000003,99,False,False
213,2,120.7202966171333,939.7634399994629,1.0,CLIENT,7,2,100000,10,21,0,18650,21757,1041,355,316,633,21891.072000000007,94,False,False
213,3,593.3830327824697,131.35759999977296,1.0,CLIENT,7,2,100000,11,15,0,24154,26433,922,950,321,575,15636.480000000005,99,False,False
213,4,-481.6929945740038,45.64119999945859,1.0,CLIENT,7,2,100000,15,16,0,22967,26565,941,846,329,581,16678.912000000004,99,False,False
213,5,633.1478548969607,646.6578799999206,1.0,CLIENT,7,2,100000,9,12,0,18782,22859,1116,245,310,727,12509.184000000003,93,False,False
213,6,-751.2541293442155,287.5395600001485,1.0,CLIENT,7,2,100000,13,32,0,16748,22322,909,390,300,542,33357.824000000015,98,False,False
213,7,56.95399820703201,-839.1301600004251,1.0,CLIENT,7,2,100000,17,63,0,18232,21728,869,543,296,503,65673.21600000003,96,False,False
213,8,729.2329728739466,-287.5395600001485,1.0,CLIENT,7,2,100000,9,16,0,20941,24990,996,505,318,623,16678.912000000004,99,False,False
213,9,-624.9889372125241,-257.26051999987106,1.0,CLIENT,7,2,100000,14,25,0,18951,23148,1027,458,306,665,26060.80000000001,97,False,False
213,10,-358.7547397512724,-253.25300000049737,1.0,CLIENT,7,2,100000,11,8,0,23067,26417,936,912,310,605,8339.456,99,False,False
213,11,414.5997588549424,-648.7729600001173,1.0,CLIENT,7,2,100000,14,11,0,19861,24246,1010,356,313,640,11466.752000000002,99,False,False
213,12,-959.9006262533355,-559.1603600001483,1.0,CLIENT,7,2,100000,15,39,0,12180,15705,974,99,273,601,40654.84800000002,80,False,False
213,13,721.3116935680782,859.3903999998954,1.0,CLIENT,7,2,100000,17,34,0,15546,19102,1024,117,292,639,35442.68800000002,89,False,False
213,14,991.9818074405263,895.0128000001289,1.0,CLIENT,7,2,100000,14,42,0,13390,16109,957,37,285,581,43782.14400000002,80,False,False
213,15,-760.2843877523201,-535.3378800001801,1.0,CLIENT,7,2,100000,9,22,0,14887,18790,1045,199,293,671,22933.504000000008,91,False,False
213,16,58.06297730983106,-215.18156000011942,1.0,CLIENT,7,2,100000,12,6,0,26938,28210,815,1452,311,496,6254.592,99,False,False
213,17,-461.4937323450526,-838.1282799997907,1.0,CLIENT,7,2,100000,13,28,0,15376,19082,1028,258,294,656,29188.096000000012,89,False,False
213,18,-445.41353535474775,-364.7956400004668,1.0,CLIENT,7,2,100000,15,21,0,20933,24600,1018,627,306,673,21891.072000000007,99,False,False
213,19,-208.1712201514207,578.0847599998274,1.0,CLIENT,7,2,100000,13,8,0,22326,25699,1026,566,338,648,8339.456,99,False,False
213,20,-12.040344545077462,-826.3283600003166,1.0,CLIENT,7,2,100000,9,19,0,18396,21855,944,540,311,549,19806.208000000006,96,False,False
213,21,-519.7151352411587,778.6833999995893,1.0,CLIENT,7,2,100000,17,64,0,16311,21003,902,198,298,499,66715.64800000003,96,False,False
213,22,-335.1493274205052,-493.8155199998141,1.0,CLIENT,7,2,100000,8,15,0,20886,24317,1046,668,313,683,15636.480000000005,98,False,False
213,23,592.1948408868145,-793.6002799998946,1.0,CLIENT,7,2,100000,14,17,0,15839,20627,922,167,286,560,17721.344000000005,98,False,False
213,24,603.9975470521982,443.83283999945206,1.0,CLIENT,7,2,100000,9,12,0,21658,25048,1121,462,314,764,12509.184000000003,96,False,False
213,25,-210.54760394329375,885.5505999994983,1.0,CLIENT,7,2,100000,12,55,0,18647,21847,925,402,315,521,57333.76000000003,94,False,False
213,26,508.3084930406182,-762.3193599997737,1.0,CLIENT,7,2,100000,12,28,0,17173,21876,943,225,293,585,29188.096000000012,99,False,False
213,27,-358.43788857872244,-160.634760000207,1.0,CLIENT,7,2,100000,10,9,0,23965,27015,876,1065,311,538,9381.888,99,False,False
213,28,134.66174819469612,708.329160000038,1.0,CLIENT,7,2,100000,17,25,0,21691,24409,1023,551,317,658,26060.80000000001,97,False,False
213,29,45.46814321363549,49.203439999956515,1.0,CLIENT,7,2,100000,10,13,0,27530,28304,734,1535,310,409,13551.616000000004,99,False,False
213,30,260.2140251889944,-8.90560000045383,1.0,CLIENT,7,2,100000,10,6,0,27172,28089,760,1487,301,449,6254.592,99,False,False
213,31,82.61894315712235,13.581039999723146,1.0,CLIENT,7,2,100000,13,14,0,27536,28302,743,1535,316,410,14594.048000000004,99,False,False
213,32,522.091519031906,835.2339599999794,1.0,CLIENT,7,2,100000,12,28,0,17403,21394,1076,191,298,685,29188.096000000012,91,False,False
213,33,-512.3483454869712,117.77656000004981,1.0,CLIENT,7,2,100000,11,10,0,22460,26325,997,730,334,628,10424.320000000002,99,False,False
213,34,466.8802022722101,248.13227999997935,1.0,CLIENT,7,2,100000,10,6,0,25009,26760,1017,934,330,653,6254.592,99,False,False
213,35,-359.15080371667835,-11.688600000546217,1.0,CLIENT,7,2,100000,9,6,0,24951,27493,908,1038,320,563,6254.592,99,False,False
213,36,380.37983225500966,949.2256400000934,1.0,CLIENT,7,2,100000,8,20,0,16958,20865,1057,175,303,668,20848.640000000007,91,False,False
213,37,522.5667957907309,196.70244000010712,1.0,CLIENT,7,2,100000,12,9,0,24719,26649,993,920,325,632,9381.888,99,False,False
213,38,969.96065097082,-11.911239999984105,1.0,CLIENT,7,2,100000,13,43,0,18567,22293,886,541,309,527,44824.57600000002,94,False,False
213,39,-966.2376496981426,-914.9390800004423,1.0,CLIENT,7,2,100000,17,140,0,10022,13008,798,36,261,453,145940.48000000007,71,False,False
213,40,-485.0199318824009,-72.80328000048684,1.0,CLIENT,7,2,100000,11,8,0,22398,26195,946,791,317,600,8339.456,99,False,False
213,41,-241.75744440737935,-73.24856000015359,1.0,CLIENT,7,2,100000,10,4,0,26131,27879,820,1325,321,486,4169.728,99,False,False
213,42,183.4568287172916,467.7666399999302,1.0,CLIENT,7,2,100000,15,13,0,24452,26630,975,860,318,623,13551.616000000004,99,False,False
213,43,474.3262048192535,773.89663999981,1.0,CLIENT,7,2,100000,16,24,0,18794,22562,1107,235,307,719,25018.36800000001,93,False,False
213,44,-212.44871097690478,-776.3456799999545,1.0,CLIENT,7,2,100000,14,27,0,18175,21625,991,496,298,638,28145.66400000001,96,False,False
213,45,394.1628582468603,696.7518800000016,1.0,CLIENT,7,2,100000,17,33,0,20599,23904,1098,336,311,723,34400.256000000016,95,False,False
213,46,515.4376444156745,-87.60884000028227,1.0,CLIENT,7,2,100000,11,8,0,25164,27252,903,1031,331,545,8339.456,99,False,False
213,47,368.02263653794506,-593.0016400001327,1.0,CLIENT,7,2,100000,14,19,0,21116,25212,1006,469,308,661,19806.208000000006,99,False,False
213,48,326.83198414923083,480.6797599997577,1.0,CLIENT,7,2,100000,10,12,0,23822,26249,1077,676,323,715,12509.184000000003,99,False,False
213,49,972.8915243143741,440.38191999946406,1.0,CLIENT,7,2,100000,17,49,0,17045,20733,1005,240,299,613,51079.16800000003,89,False,False
213,50,-555.8361688747025,-78.9258800000573,1.0,CLIENT,7,2,100000,12,23,0,21073,25281,943,707,310,590,23975.93600000001,99,False,False
213,51,-825.6349420234825,-941.5445600005029,1.0,CLIENT,7,2,100000,12,43,0,11137,14258,915,65,274,562,44824.57600000002,73,False,False
213,52,354.0811849603823,80.4843600000774,1.0,CLIENT,7,2,100000,7,4,0,26561,27723,855,1285,321,518,4169.728,99,False,False
213,53,449.9286645582372,883.9921199994783,1.0,CLIENT,7,2,100000,11,17,0,17325,21248,1080,179,302,701,17721.344000000005,91,False,False
213,54,-378.3995124291054,-591.4431600001126,1.0,CLIENT,7,2,100000,10,14,0,19248,22834,1066,493,309,703,14594.048000000004,97,False,False
213,55,636.3163666190828,49.64871999962327,1.0,CLIENT,7,2,100000,9,4,0,23750,26261,908,910,322,561,4169.728,99,False,False
213,56,661.6644603966232,38.5167200000447,1.0,CLIENT,7,2,100000,9,4,0,23473,26056,909,862,325,548,4169.728,99,False,False
213,57,374.2804471893334,-846.9225600005257,1.0,CLIENT,7,2,100000,11,36,0,17095,21388,944,287,301,571,37527.55200000002,99,False,False
213,58,879.4996413012484,-805.0662400002119,1.0,CLIENT,7,2,100000,11,152,0,12353,16968,701,48,255,379,158449.66400000008,92,False,False
213,59,389.0932394911271,-405.65008000014615,1.0,CLIENT,7,2,100000,10,9,0,23745,27106,1035,642,323,673,9381.888,99,False,False
213,60,-709.4297746104014,247.90963999975048,1.0,CLIENT,7,2,100000,13,21,0,17851,23213,948,443,302,594,21891.072000000007,99,False,False
213,61,624.7512988328302,121.78408000021449,1.0,CLIENT,7,2,100000,13,12,0,23764,26183,924,892,318,567,12509.184000000003,99,False,False
213,62,-246.4309991977066,265.8321599995861,1.0,CLIENT,7,2,100000,9,8,0,25578,27799,1024,886,345,649,8339.456,99,False,False
213,63,692.2405985167347,592.1110800000082,1.0,CLIENT,7,2,100000,14,16,0,18726,22801,1109,217,304,739,16678.912000000004,93,False,False
213,64,-545.142441812118,609.9222800001248,1.0,CLIENT,7,2,100000,10,58,0,17936,22912,935,243,308,553,60461.05600000003,98,False,False
213,65,-594.7296502649626,0.0,1.0,CLIENT,7,2,100000,14,15,0,20577,25028,965,659,322,597,15636.480000000005,99,False,False
213,66,801.3958273476155,567.1753999996866,1.0,CLIENT,7,2,100000,15,21,0,17739,21816,1084,196,301,706,21891.072000000007,91,False,False
213,67,-175.29791103341793,-202.15711999978197,1.0,CLIENT,7,2,100000,7,13,0,25871,27809,819,1341,303,495,13551.616000000004,99,False,False
213,68,-135.37466333321484,401.86520000021034,1.0,CLIENT,7,2,100000,10,5,0,25069,27346,1015,864,334,654,5212.16,99,False,False
213,69,118.42312561867914,-405.4274399999173,1.0,CLIENT,7,2,100000,10,11,0,24704,27380,940,1001,316,600,11466.752000000002,99,False,False
213,70,845.3589274936087,45.97516000019738,1.0,CLIENT,7,2,100000,11,16,0,20577,24047,920,645,319,558,16678.912000000004,96,False,False
213,71,959.9798390461915,314.81296000010474,1.0,CLIENT,7,2,100000,8,31,0,18324,21627,1024,363,304,626,32315.392000000014,91,False,False
213,72,82.53973036426629,-696.7518800000016,1.0,CLIENT,7,2,100000,9,11,0,20388,23918,975,611,312,615,11466.752000000002,99,False,False
213,73,740.7188278667803,399.08220000011795,1.0,CLIENT,7,2,100000,16,19,0,20252,23932,1093,390,309,735,19806.208000000006,95,False,False
213,74,-102.18450304266216,595.0053999998195,1.0,CLIENT,7,2,100000,11,17,0,22717,25684,1006,649,334,610,17721.344000000005,99,False,False
213,75,444.62140742337294,-670.5916800003988,1.0,CLIENT,7,2,100000,13,22,0,19295,23782,996,324,311,625,22933.504000000008,99,False,False
213,76,75.48979178206599,967.7047600001058,1.0,CLIENT,7,2,100000,14,33,0,18259,21349,996,364,312,603,34400.256000000016,92,False,False
213,77,694.2209183432018,727.8101599998936,1.0,CLIENT,7,2,100000,13,21,0,17176,21013,1086,157,303,698,21891.072000000007,89,False,False
213,78,-916.6504412447351,-892.4524400002654,1.0,CLIENT,7,2,100000,14,73,0,10672,13716,888,65,274,528,76097.53600000004,72,False,False
213,79,-166.26765262475053,851.8206400000238,1.0,CLIENT,7,2,100000,14,37,0,19294,22453,966,433,314,585,38569.98400000002,97,False,False
213,80,-678.8536364908529,149.2801199996086,1.0,CLIENT,7,2,100000,9,14,0,18882,23936,950,548,312,593,14594.048000000004,99,False,False
213,81,-395.6679013150653,-639.5334000005067,1.0,CLIENT,7,2,100000,15,24,0,18341,22073,1043,455,301,669,25018.36800000001,96,False,False
213,82,-603.2846319153679,-933.6408399998925,1.0,CLIENT,7,2,100000,12,26,0,13294,16565,990,137,283,613,27103.23200000001,80,False,False
213,83,714.7370317447028,976.9443199997164,1.0,CLIENT,7,2,100000,15,55,0,14554,17620,981,74,285,611,57333.76000000003,85,False,False
213,84,658.099884709095,332.5128399997115,1.0,CLIENT,7,2,100000,11,9,0,22068,25266,1089,573,323,716,9381.888,96,False,False
213,85,116.04674182680607,153.0649999995444,1.0,CLIENT,7,2,100000,9,6,0,27148,28081,763,1459,304,449,6254.592,99,False,False
213,86,950.7911550512491,881.8770400000724,1.0,CLIENT,7,2,100000,14,113,0,13819,16539,897,43,279,533,117794.81600000006,81,False,False
213,87,838.3882017048273,-439.3800400004116,1.0,CLIENT,7,2,100000,15,51,0,17299,22407,914,273,285,541,53164.03200000003,98,False,False
213,88,99.49126807823917,576.0810000001404,1.0,CLIENT,7,2,100000,9,10,0,23292,25839,1023,709,329,653,10424.320000000002,99,False,False
213,89,-593.0661816110455,-772.7834400002475,1.0,CLIENT,7,2,100000,11,14,0,14846,18404,1059,176,293,680,14594.048000000004,88,False,False
213,90,676.4772526984169,-857.4979599999276,1.0,CLIENT,7,2,100000,15,57,0,13964,18779,842,91,267,483,59418.62400000003,95,False,False
213,91,698.3399835818481,-323.1619600003819,1.0,CLIENT,7,2,100000,12,20,0,21008,25205,998,474,313,619,20848.640000000007,99,False,False
213,92,466.8009894787912,130.68967999987734,1.0,CLIENT,7,2,100000,9,8,0,25599,27154,912,1099,321,571,8339.456,99,False,False
213,93,-768.0472414719134,-32.28279999996431,1.0,CLIENT,7,2,100000,15,32,0,17174,21791,943,456,302,574,33357.824000000015,97,False,False
213,94,-588.7094779927053,-974.3839599998529,1.0,CLIENT,7,2,100000,13,34,0,12924,16164,961,129,280,598,35442.68800000002,79,False,False
213,95,724.3217797044883,531.6643199999633,1.0,CLIENT,7,2,100000,12,10,0,19088,23056,1116,254,308,736,10424.320000000002,93,False,False
213,96,106.6996322461516,-474.4458400004683,1.0,CLIENT,7,2,100000,13,4,0,23638,26736,949,911,329,596,4169.728,99,False,False
213,97,-923.7003798269354,314.0337199996992,1.0,CLIENT,7,2,100000,13,121,0,13695,18464,778,269,283,406,126134.27200000007,93,False,False
213,98,441.2152573221197,827.7755199998268,1.0,CLIENT,7,2,100000,14,23,0,18226,22120,1070,245,300,695,23975.93600000001,93,False,False
213,99,429.80861512157924,983.2895599995157,1.0,CLIENT,7,2,100000,14,38,0,16096,19938,1030,144,296,652,39612.41600000002,89,False,False

214,0,-675.5266991824557,-587.6582800001768,1.0,CLIENT,7,2,100000,13,30,0,16443,20662,1026,370,308,668,31272.960000000014,92,False,False
214,1,-337.05043445355335,987.2970799996804,1.0,CLIENT,7,2,100000,15,23,0,17744,21455,938,329,307,558,23975.93600000001,88,False,False
214,2,-921.7992727938873,679.6085999997806,1.0,CLIENT,7,2,100000,12,30,0,14205,18091,949,67,295,555,31272.960000000014,90,False,False
214,3,-821.3574511985612,-228.76259999984256,1.0,CLIENT,7,2,100000,12,25,0,17684,22051,929,602,318,565,26060.80000000001,96,False,False
214,4,189.4770009895489,314.81296000010474,1.0,CLIENT,7,2,100000,13,9,0,25537,27428,930,1175,327,588,9381.888,99,False,False
214,5,785.7116943227165,-4.230160000393539,1.0,CLIENT,7,2,100000,9,29,0,19552,22580,934,580,323,557,30230.528000000013,98,False,False
214,6,87.13407236117462,-869.0752399999639,1.0,CLIENT,7,2,100000,12,67,0,16704,19905,888,565,302,499,69842.94400000003,98,False,False
214,7,916.8880796233034,539.011439999606,1.0,CLIENT,7,2,100000,18,45,0,15070,19112,972,132,301,590,46909.440000000024,90,False,False
214,8,732.2430590097938,821.4302800000274,1.0,CLIENT,7,2,100000,10,25,0,15970,18761,999,128,299,612,26060.80000000001,91,False,False
214,9,-101.70922628440012,567.8433199995823,1.0,CLIENT,7,2,100000,13,14,0,23607,25700,937,838,322,584,14594.048000000004,99,False,False
214,10,181.71414727051837,-871.4129600003895,1.0,CLIENT,7,2,100000,12,21,0,16240,19723,978,468,307,611,21891.072000000007,96,False,False
214,11,465.7712231694111,817.9793600000394,1.0,CLIENT,7,2,100000,14,26,0,18315,21359,1028,232,309,632,27103.23200000001,94,False,False
214,12,321.1286630489606,-824.2132800001198,1.0,CLIENT,7,2,100000,15,32,0,15812,19977,967,360,308,586,33357.824000000015,93,False,False
214,13,975.6639720710904,427.0235199999698,1.0,CLIENT,7,2,100000,17,53,0,14802,19125,950,167,301,562,55248.89600000003,87,False,False
214,14,156.84133025067717,-199.1514800002517,1.0,CLIENT,7,2,100000,10,7,0,25889,28002,841,1376,318,509,7297.023999999999,99,False,False
214,15,-145.35547525840633,851.1527200001283,1.0,CLIENT,7,2,100000,8,20,0,20716,23325,957,546,319,576,20848.640000000007,96,False,False
214,16,-906.9864804920936,-142.1556400001947,1.0,CLIENT,7,2,100000,15,64,0,16646,21037,866,559,316,488,66715.64800000003,95,False,False
214,17,-738.8177208342948,769.4438399999785,1.0,CLIENT,7,2,100000,13,27,0,15830,19934,986,103,296,594,28145.66400000001,91,False,False
214,18,-901.6792233572294,-249.80208000050936,1.0,CLIENT,7,2,100000,15,26,0,16120,20800,923,493,305,558,27103.23200000001,94,False,False
214,19,395.19262455624045,32.394119999683255,1.0,CLIENT,7,2,100000,11,5,0,24517,27153,831,1150,318,494,5212.16,99,False,False
214,20,-765.6708576800403,-318.1525600003738,1.0,CLIENT,7,2,100000,9,14,0,18032,22331,990,579,317,631,14594.048000000004,97,False,False
214,21,339.2683926585886,92.0616400001137,1.0,CLIENT,7,2,100000,14,10,0,25283,27445,839,1226,321,498,10424.320000000002,99,False,False
214,22,631.0091094842186,437.59892000016265,1.0,CLIENT,7,2,100000,9,15,0,19681,23646,1077,376,316,711,15636.480000000005,96,False,False
214,23,-277.0863501106741,833.5641600002405,1.0,CLIENT,7,2,100000,13,18,0,20301,23221,960,504,324,563,18763.776000000005,97,False,False
214,24,502.605171940348,-36.51296000035785,1.0,CLIENT,7,2,100000,9,9,0,22899,26042,877,933,323,527,9381.888,99,False,False
214,25,594.1751607132817,-228.20600000045687,1.0,CLIENT,7,2,100000,11,10,0,21070,24206,995,663,321,633,10424.320000000002,99,False,False
214,26,261.95670663576766,758.7571200000667,1.0,CLIENT,7,2,100000,12,29,0,20550,23353,1040,394,320,659,30230.528000000013,97,False,False
214,27,419.19410085241367,-824.6585599997866,1.0,CLIENT,7,2,100000,12,29,0,14779,19446,965,237,301,562,30230.528000000013,92,False,False
214,28,-461.17688117250276,-908.0372400004662,1.0,CLIENT,7,2,100000,17,67,0,14061,18170,965,242,286,584,69842.94400000003,87,False,False
214,29,663.2487162582471,209.94951999988245,1.0,CLIENT,7,2,100000,12,21,0,20905,24221,1021,578,327,655,21891.072000000007,98,False,False
214,30,-705.1522837854802,815.0850400002281,1.0,CLIENT,7,2,100000,10,46,0,16039,20005,968,136,294,565,47951.872000000025,91,False,False
214,31,-981.7633571373294,535.6718400001279,1.0,CLIENT,7,2,100000,15,127,0,14337,18210,826,122,284,464,132388.86400000006,90,False,False
214,32,-319.7820455675934,992.3064799996885,1.0,CLIENT,7,2,100000,12,59,0,17782,21482,906,356,313,495,61503.488000000034,88,False,False
214,33,-11.01057823513447,-524.3172000003204,1.0,CLIENT,7,2,100000,10,9,0,21296,25246,898,929,314,552,9381.888,99,False,False
214,34,273.91783838742623,176.77615999979366,1.0,CLIENT,7,2,100000,8,4,0,25861,27667,884,1258,316,551,4169.728,99,False,False
214,35,-237.24231520332708,235.88708000004743,1.0,CLIENT,7,2,100000,8,3,0,26024,27854,903,1179,323,570,3127.2960000000003,99,False,False
214,36,-827.7736874362246,310.0261999995345,1.0,CLIENT,7,2,100000,8,10,0,17699,21884,988,373,312,611,10424.320000000002,96,False,False
214,37,-140.6027076746602,24.824359999811634,1.0,CLIENT,7,2,100000,10,3,0,27255,28237,657,1750,301,343,3127.2960000000003,99,False,False
214,38,246.11414802459385,-164.085680000195,1.0,CLIENT,7,2,100000,12,10,0,25388,27724,867,1238,319,524,10424.320000000002,99,False,False
214,39,700.5579417874461,744.9534400001147,1.0,CLIENT,7,2,100000,17,38,0,16766,19779,998,140,297,617,39612.41600000002,93,False,False
214,40,-585.540966270583,514.5210399997421,1.0,CLIENT,7,2,100000,12,18,0,20159,23901,1058,313,321,687,18763.776000000005,97,False,False
214,41,551.7963164283494,404.98215999945955,1.0,CLIENT,7,2,100000,12,17,0,20903,24745,1080,439,321,711,17721.344000000005,98,False,False
214,42,-426.64010340001994,950.3388399996559,1.0,CLIENT,7,2,100000,18,31,0,17557,21387,952,279,306,551,32315.392000000014,89,False,False
214,43,311.0686383309131,428.359359999761,1.0,CLIENT,7,2,100000,13,11,0,23416,26474,1047,740,319,688,11466.752000000002,99,False,False
214,44,-686.6164902104463,-256.25864000002764,1.0,CLIENT,7,2,100000,14,27,0,19890,23718,936,705,319,564,28145.66400000001,98,False,False
214,45,-307.5832754368038,-397.0784400004311,1.0,CLIENT,7,2,100000,16,18,0,22474,25907,931,1005,318,585,18763.776000000005,99,False,False
214,46,-544.904803432987,-141.8216800002469,1.0,CLIENT,7,2,100000,11,11,0,22836,25776,839,1050,310,507,11466.752000000002,99,False,False
214,47,570.6489611753705,196.47979999987825,1.0,CLIENT,7,2,100000,14,12,0,22143,25351,1018,702,324,658,12509.184000000003,99,False,False
214,48,-797.6728260749379,630.516479999543,1.0,CLIENT,7,2,100000,11,28,0,16121,20360,977,135,296,593,29188.096000000012,95,False,False
214,49,-161.75252342069825,-925.0692000001775,1.0,CLIENT,7,2,100000,15,47,0,15752,19049,919,483,294,566,48994.304000000026,92,False,False
214,50,-930.9879567882668,-736.1591600001708,1.0,CLIENT,7,2,100000,12,51,0,11740,15771,912,171,289,542,53164.03200000003,84,False,False
214,51,-173.63444237893793,-541.3491600000316,1.0,CLIENT,7,2,100000,10,18,0,20855,24662,925,856,309,587,18763.776000000005,99,False,False
214,52,674.1008689065438,828.6660799999513,1.0,CLIENT,7,2,100000,8,42,0,16505,19252,975,145,301,602,43782.14400000002,92,False,False
214,53,847.8937368717567,-891.1166000004741,1.0,CLIENT,7,2,100000,11,49,0,9948,13602,864,50,271,489,51079.16800000003,81,False,False
214,54,341.1694996921996,-684.2840399998408,1.0,CLIENT,7,2,100000,10,17,0,17752,22034,1027,384,310,657,17721.344000000005,99,False,False
214,55,619.5232544908221,-96.62576000045505,1.0,CLIENT,7,2,100000,10,15,0,21282,24494,906,755,323,546,15636.480000000005,99,False,False
214,56,859.2211662788782,894.678840000181,1.0,CLIENT,7,2,100000,11,67,0,13788,17017,904,75,294,508,69842.94400000003,84,False,False
214,57,-349.724481342605,215.4041999995573,1.0,CLIENT,7,2,100000,10,10,0,25275,27579,977,1017,329,617,10424.320000000002,99,False,False
214,58,645.9803273717245,768.5532799998541,1.0,CLIENT,7,2,100000,11,24,0,17141,20067,1012,160,300,615,25018.36800000001,94,False,False
214,59,186.7045532328327,773.89663999981,1.0,CLIENT,7,2,100000,10,16,0,20967,23539,1046,481,323,658,16678.912000000004,97,False,False
214,60,-236.37097447965905,964.4764799995556,1.0,CLIENT,7,2,100000,13,31,0,18719,22158,936,396,313,543,32315.392000000014,92,False,False
214,61,-237.24231520332708,111.54263999996942,1.0,CLIENT,7,2,100000,11,8,0,26633,28053,800,1439,316,462,8339.456,99,False,False
214,62,52.75572017496682,116.77468000020639,1.0,CLIENT,7,2,100000,8,7,0,27344,28225,686,1710,277,398,7297.023999999999,99,False,False
214,63,-749.5906606897355,-940.6540000003783,1.0,CLIENT,7,2,100000,14,38,0,11119,15141,961,87,283,603,39612.41600000002,77,False,False
214,64,-145.83075201666838,349.4334799997037,1.0,CLIENT,7,2,100000,8,9,0,25471,27505,870,1147,316,531,9381.888,99,False,False
214,65,-587.0460093387882,-194.25339999996254,1.0,CLIENT,7,2,100000,13,15,0,21886,25185,868,958,319,522,15636.480000000005,99,False,False
214,66,509.6551105225483,874.4185999999197,1.0,CLIENT,7,2,100000,16,26,0,17654,20432,1024,180,306,647,27103.23200000001,93,False,False
214,67,413.3323541664313,931.8597199996435,1.0,CLIENT,7,2,100000,12,31,0,17817,20618,1018,216,306,614,32315.392000000014,92,False,False
214,68,581.7387522033611,587.9922400001246,1.0,CLIENT,7,2,100000,10,8,0,18860,22648,1069,244,315,693,8339.456,95,False,False
214,69,-962.0393716660775,-944.1049200003664,1.0,CLIENT,7,2,100000,13,206,0,8913,12988,710,47,273,373,214740.99200000011,72,False,False
214,70,-312.890532571668,261.0453999998069,1.0,CLIENT,7,2,100000,9,5,0,25237,27557,981,994,324,624,5212.16,99,False,False
214,71,-293.40418548010996,225.4229999995735,1.0,CLIENT,7,2,100000,6,4,0,25732,27727,938,1135,326,598,4169.728,99,False,False
214,72,867.2216583776028,-679.6085999997806,1.0,CLIENT,7,2,100000,10,157,0,12196,16489,820,111,278,464,163661.82400000008,86,False,False
214,73,-560.9850004232918,701.7612800000097,1.0,CLIENT,7,2,100000,17,23,0,18989,22551,1023,288,316,630,23975.93600000001,96,False,False
214,74,159.77220359366834,-827.441559999879,1.0,CLIENT,7,2,100000,11,22,0,17056,20410,983,515,310,611,22933.504000000008,99,False,False
214,75,675.3682735956179,-982.0650400002344,1.0,CLIENT,7,2,100000,14,55,0,10144,14157,839,85,270,472,57333.76000000003,81,False,False
214,76,82.1436663988603,669.0331999995876,1.0,CLIENT,7,2,100000,14,14,0,22483,24743,989,683,324,616,14594.048000000004,98,False,False
214,77,-871.1030852376808,349.5448000002136,1.0,CLIENT,7,2,100000,13,27,0,16907,20823,966,315,302,599,28145.66400000001,96,False,False
214,78,74.61845105839795,-387.6162399998006,1.0,CLIENT,7,2,100000,12,9,0,23484,27065,888,1110,312,553,9381.888,99,False,False
214,79,-202.3886862582944,756.4193999996411,1.0,CLIENT,7,2,100000,14,29,0,21662,23952,948,627,319,567,30230.528000000013,97,False,False
214,80,321.5247270143666,699.2009200001462,1.0,CLIENT,7,2,100000,9,13,0,20557,23720,1049,389,319,683,13551.616000000004,97,False,False
214,81,959.1084983225234,587.212999999719,1.0,CLIENT,7,2,100000,16,50,0,14195,18160,951,85,291,567,52121.60000000003,87,False,False
214,82,373.64674484535925,-875.754440000502,1.0,CLIENT,7,2,100000,12,17,0,14479,18940,983,248,301,606,17721.344000000005,91,False,False
214,83,-445.88881211300986,-168.09320000035967,1.0,CLIENT,7,2,100000,14,6,0,23921,26538,812,1183,315,475,6254.592,99,False,False
214,84,-401.9257119670165,176.3308800001269,1.0,CLIENT,7,2,100000,10,5,0,24941,27366,995,994,329,634,5212.16,99,False,False
214,85,635.6826642745458,70.24291999983234,1.0,CLIENT,7,2,100000,11,14,0,21501,24577,952,715,326,590,14594.048000000004,99,False,False
214,86,-112.00688938157867,-22.70928000040584,1.0,CLIENT,7,2,100000,8,1,0,27395,28308,648,1824,301,338,1042.432,99,False,False
214,87,515.9129211739366,-183.90063999999853,1.0,CLIENT,7,2,100000,14,14,0,22202,25412,946,812,325,594,14594.048000000004,99,False,False
214,88,989.2885724766661,-95.17860000015389,1.0,CLIENT,7,2,100000,9,82,0,16331,19732,878,446,309,473,85479.42400000004,89,False,False
214,89,498.8029578736888,775.6777600000589,1.0,CLIENT,7,2,100000,11,9,0,18363,21465,1046,239,313,648,9381.888,94,False,False
214,90,-544.8255906401309,22.709279999614864,1.0,CLIENT,7,2,100000,14,9,0,23272,26258,884,1019,315,543,9381.888,99,False,False
214,91,641.8612621330781,-227.42676000005133,1.0,CLIENT,7,2,100000,12,18,0,20425,23637,964,642,316,608,18763.776000000005,99,False,False
214,92,48.55744214290163,242.23231999984677,1.0,CLIENT,7,2,100000,8,12,0,26681,27932,755,1492,301,437,12509.184000000003,99,False,False
214,93,213.0824133203161,-962.3614000001498,1.0,CLIENT,7,2,100000,16,37,0,14454,18360,940,363,302,561,38569.98400000002,90,False,False
214,94,-999.9822995398133,367.912599999716,1.0,CLIENT,7,2,100000,13,48,0,15003,18763,909,242,297,529,50036.736000000026,91,False,False
214,95,226.2317369676298,100.74459999954769,1.0,CLIENT,7,2,100000,7,11,0,26491,27945,744,1472,303,416,11466.752000000002,99,False,False
214,96,255.61968319152328,-803.8417200001396,1.0,CLIENT,7,2,100000,15,18,0,16779,20432,996,431,306,630,18763.776000000005,99,False,False
214,97,-249.04502136871068,434.81592000007026,1.0,CLIENT,7,2,100000,11,6,0,24206,26764,975,863,324,619,6254.592,99,False,False
214,98,-818.7434290275571,139.2613199995924,1.0,CLIENT,7,2,100000,13,19,0,18330,22551,940,584,316,583,19806.208000000006,98,False,False
214,99,-899.4612651516312,-623.8372799997958,1.0,CLIENT,7,2,100000,14,29,0,13280,17430,961,252,304,616,30230.528000000013,85,False,False

215,0,-175.45633661969288,853.3791200000439,1.0,CLIENT,7,2,100000,13,20,0,17301,20225,979,506,320,594,20848.640000000007,95,False,False
215,1,-444.5421946310797,-685.731200000142,1.0,CLIENT,7,2,100000,15,16,0,17482,21834,1070,229,311,702,16678.912000000004,97,False,False
215,2,365.09176319495396,650.4427599998564,1.0,CLIENT,7,2,100000,10,7,0,17999,22025,1053,437,311,683,7297.023999999999,98,False,False
215,3,501.813044009536,561.386760000064,1.0,CLIENT,7,2,100000,12,16,0,17706,21985,1051,386,308,693,16678.912000000004,98,False,False
215,4,-544.5087394675809,-671.2596000002943,1.0,CLIENT,7,2,100000,16,23,0,16836,21204,1043,186,301,682,23975.93600000001,95,False,False
215,5,-50.616974763350456,-164.19699999991394,1.0,CLIENT,7,2,100000,8,3,0,26566,27752,780,1584,309,468,3127.2960000000003,99,False,False
215,6,34.378352186207806,195.81187999998264,1.0,CLIENT,7,2,100000,10,2,0,26404,27658,750,1557,302,435,2084.864,99,False,False
215,7,-944.1372804355805,-508.73240000011947,1.0,CLIENT,7,2,100000,18,58,0,15372,18593,967,219,289,590,60461.05600000003,88,False,False
215,8,-346.55596962048276,513.4078400001797,1.0,CLIENT,7,2,100000,8,6,0,21281,25350,1042,681,335,678,6254.592,99,False,False
215,9,-423.23395329876666,798.2757199999548,1.0,CLIENT,7,2,100000,16,26,0,16655,20580,989,346,309,617,27103.23200000001,94,False,False
215,10,598.690289917334,176.10823999989805,1.0,CLIENT,7,2,100000,11,14,0,20396,24580,978,800,306,643,14594.048000000004,99,False,False
215,11,50.37933638309375,-138.92736000043556,1.0,CLIENT,7,2,100000,9,7,0,26845,27800,732,1697,304,420,7297.023999999999,99,False,False
215,12,743.3328500377843,-223.08527999993885,1.0,CLIENT,7,2,100000,15,22,0,18402,22441,950,601,302,603,22933.504000000008,98,False,False
215,13,721.1532679818033,264.4963199997949,1.0,CLIENT,7,2,100000,15,16,0,17655,22111,1021,553,308,668,16678.912000000004,98,False,False
215,14,-747.0558513121504,15.250839999462187,1.0,CLIENT,7,2,100000,13,14,0,20421,23730,958,679,324,607,14594.048000000004,98,False,False
215,15,-485.97048539948787,796.8285599996536,1.0,CLIENT,7,2,100000,9,16,0,16133,20351,988,293,307,620,16678.912000000004,94,False,False
215,16,924.1756565846347,548.5849599999553,1.0,CLIENT,7,2,100000,15,65,0,12742,16771,962,125,288,574,67758.08000000003,88,False,False
215,17,-303.70184857728856,956.1274800000695,1.0,CLIENT,7,2,100000,13,59,0,15730,18792,926,364,304,520,61503.488000000034,93,False,False
215,18,533.4981612324465,162.5272000001749,1.0,CLIENT,7,2,100000,14,17,0,21619,25452,960,898,310,623,17721.344000000005,99,False,False
215,19,520.4280503779888,373.4785999999008,1.0,CLIENT,7,2,100000,13,10,0,19662,24158,1057,546,315,701,10424.320000000002,99,False,False
215,20,-30.57613812011144,-801.2813600002761,1.0,CLIENT,7,2,100000,9,12,0,18539,21759,921,686,319,571,12509.184000000003,98,False,False
215,21,748.7193199655046,994.5328799996042,1.0,CLIENT,7,2,100000,18,152,0,11670,14712,815,100,279,457,158449.66400000008,76,False,False
215,22,786.1077582881225,-730.1478800003192,1.0,CLIENT,7,2,100000,10,25,0,14191,18656,995,171,295,630,26060.80000000001,88,False,False
215,23,421.25363347173686,-919.1692400000449,1.0,CLIENT,7,2,100000,14,45,0,15302,19037,961,316,305,565,46909.440000000024,90,False,False
215,24,221.16211821189657,672.8180799995234,1.0,CLIENT,7,2,100000,9,13,0,18815,22596,1039,569,318,681,13551.616000000004,98,False,False
215,25,-273.68020000885804,-318.1525600003738,1.0,CLIENT,7,2,100000,10,5,0,24253,26687,1028,911,326,686,5212.16,99,False,False
215,26,431.7097221551903,-60.00148000037825,1.0,CLIENT,7,2,100000,11,14,0,23892,26718,828,1240,299,505,14594.048000000004,99,False,False
215,27,782.3847570143195,-413.21984000001777,1.0,CLIENT,7,2,100000,11,15,0,17358,20969,1020,374,299,658,15636.480000000005,96,False,False
215,28,-429.8878279155611,-906.7013999998841,1.0,CLIENT,7,2,100000,17,41,0,15052,18622,988,154,290,615,42739.71200000002,90,False,False
215,29,392.1033256269743,418.5631999999737,1.0,CLIENT,7,2,100000,12,11,0,20716,25130,1038,637,316,690,11466.752000000002,99,False,False
215,30,20.753751780632083,222.08340000009542,1.0,CLIENT,7,2,100000,10,13,0,26265,27588,756,1507,300,441,13551.616000000004,99,False,False
215,31,762.8191971293425,682.6142400001017,1.0,CLIENT,7,2,100000,15,33,0,13940,17503,993,157,295,631,34400.256000000016,90,False,False
215,32,986.4369119265309,-125.34631999992143,1.0,CLIENT,7,2,100000,12,102,0,15317,18676,863,475,293,470,106328.06400000006,92,False,False
215,33,-141.2364100191972,161.5253199995405,1.0,CLIENT,7,2,100000,8,6,0,26457,27570,769,1500,311,450,6254.592,99,False,False
215,34,-517.8140282075476,-722.13283999999,1.0,CLIENT,7,2,100000,12,13,0,16427,20724,1049,185,300,676,13551.616000000004,94,False,False
215,35,-523.9926260660799,-403.20104000000157,1.0,CLIENT,7,2,100000,9,12,0,20649,24441,1092,473,314,732,12509.184000000003,99,False,False
215,36,-494.6046798421864,584.3186799999078,1.0,CLIENT,7,2,100000,7,11,0,18817,23532,1028,437,326,655,11466.752000000002,96,False,False
215,37,880.2917692314975,679.0519999996038,1.0,CLIENT,7,2,100000,14,27,0,12506,16131,967,107,292,601,28145.66400000001,86,False,False
215,38,-475.0391199572094,791.5965200002076,1.0,CLIENT,7,2,100000,14,31,0,16254,20438,977,292,305,596,32315.392000000014,94,False,False
215,39,-930.9087439948479,235.66443999981857,1.0,CLIENT,7,2,100000,17,36,0,16077,20973,950,363,309,582,37527.55200000002,93,False,False
215,40,-65.0337030991753,-741.3912000004077,1.0,CLIENT,7,2,100000,11,20,0,19226,22621,924,724,320,570,20848.640000000007,98,False,False
215,41,997.9227669199274,-842.5810800004132,1.0,CLIENT,7,2,100000,13,251,0,9449,14483,634,40,252,322,261650.43200000015,77,False,False
215,42,470.68241633886925,-129.79912000054384,1.0,CLIENT,7,2,100000,15,17,0,23010,26248,847,1105,316,504,17721.344000000005,99,False,False
215,43,-996.6553622314162,630.0711999998762,1.0,CLIENT,7,2,100000,16,71,0,11474,16021,820,100,283,459,74012.67200000004,88,False,False
215,44,111.13554865734781,-571.739520000028,1.0,CLIENT,7,2,100000,12,10,0,21552,25082,864,968,308,538,10424.320000000002,99,False,False
215,45,134.58253540184003,-466.5421199998579,1.0,CLIENT,7,2,100000,16,19,0,22909,26155,840,1094,306,514,19806.208000000006,99,False,False
215,46,241.5198060276855,185.45912000001863,1.0,CLIENT,7,2,100000,9,5,0,25414,27400,830,1333,315,499,5212.16,99,False,False
215,47,-343.0706067263735,722.02151999948,1.0,CLIENT,7,2,100000,14,28,0,18126,22230,988,468,311,632,29188.096000000012,96,False,False
215,48,-425.4519115043649,-493.1475999999185,1.0,CLIENT,7,2,100000,11,17,0,20476,24521,1106,425,316,737,17721.344000000005,99,False,False
215,49,-713.7864782281787,877.53555999996,1.0,CLIENT,7,2,100000,17,68,0,12422,16960,833,104,280,472,70885.37600000003,91,False,False
215,50,-620.790659180459,619.7184399999122,1.0,CLIENT,7,2,100000,12,22,0,16920,21721,980,327,316,613,22933.504000000008,95,False,False
215,51,-475.51439671603435,-802.7285199997863,1.0,CLIENT,7,2,100000,12,21,0,15907,19796,1048,145,298,685,21891.072000000007,92,False,False
215,52,578.49102768782,191.13643999992235,1.0,CLIENT,7,2,100000,8,15,0,20686,24698,991,801,307,642,15636.480000000005,99,False,False
215,53,-114.38327317345174,-838.0169600000718,1.0,CLIENT,7,2,100000,10,9,0,17784,21113,949,593,312,609,9381.888,98,False,False
215,54,-989.1301468915167,-500.940000000019,1.0,CLIENT,7,2,100000,10,56,0,15051,18227,964,230,293,582,58376.19200000003,88,False,False
215,55,-865.2413385516985,-94.51068000025828,1.0,CLIENT,7,2,100000,10,24,0,18708,21839,905,611,320,538,25018.36800000001,96,False,False
215,56,148.52398697996568,-715.2310000000139,1.0,CLIENT,7,2,100000,10,10,0,19550,22920,909,779,318,560,10424.320000000002,99,False,False
215,57,-356.6952071319492,-865.4016800005379,1.0,CLIENT,7,2,100000,11,19,0,16159,19748,1036,221,305,656,19806.208000000006,94,False,False
215,58,-37.15079994348686,-741.9477999997935,1.0,CLIENT,7,2,100000,10,29,0,19247,22657,898,756,319,529,30230.528000000013,99,False,False
215,59,-660.000991743269,682.3915999998729,1.0,CLIENT,7,2,100000,10,13,0,15648,20472,969,246,305,602,13551.616000000004,94,False,False
215,60,-293.8002494449531,673.1520399994713,1.0,CLIENT,7,2,100000,13,15,0,18986,23256,997,561,325,628,15636.480000000005,97,False,False
215,61,293.0873343069972,984.7367199998168,1.0,CLIENT,7,2,100000,14,77,0,14961,17889,960,261,298,567,80267.26400000004,89,False,False
215,62,794.900378317096,-910.263640000382,1.0,CLIENT,7,2,100000,10,37,0,11515,16319,902,105,283,523,38569.98400000002,82,False,False
215,63,-864.4492106208863,135.03115999998982,1.0,CLIENT,7,2,100000,14,45,0,18082,22282,965,514,323,571,46909.440000000024,96,False,False
215,64,-711.8061584022745,-275.18304000049767,1.0,CLIENT,7,2,100000,9,15,0,19658,23060,1018,548,321,658,15636.480000000005,98,False,False
215,65,-634.0984084140476,148.83483999994183,1.0,CLIENT,7,2,100000,13,16,0,22195,24910,998,754,333,629,16678.912000000004,99,False,False
215,66,461.6521579302019,374.814439999692,1.0,CLIENT,7,2,100000,14,18,0,20475,24869,1048,618,313,701,18763.776000000005,99,False,False
215,67,-110.26420793424262,-777.7928400002556,1.0,CLIENT,7,2,100000,12,9,0,18553,22051,969,620,318,613,9381.888,98,False,False
215,68,-215.61722269902697,26.939440000008403,1.0,CLIENT,7,2,100000,8,8,0,26235,27541,761,1480,313,430,8339.456,99,False,False
215,69,160.96039548932345,136.03303999983325,1.0,CLIENT,7,2,100000,9,10,0,26355,27669,725,1588,308,403,10424.320000000002,99,False,False
215,70,823.3377710244655,749.1835999997172,1.0,CLIENT,7,2,100000,11,21,0,12707,16123,968,122,289,589,21891.072000000007,85,False,False
215,71,970.4359277296451,-191.0251200002034,1.0,CLIENT,7,2,100000,8,30,0,15613,18982,940,460,298,579,31272.960000000014,92,False,False
215,72,405.5695004468379,689.5160800000779,1.0,CLIENT,7,2,100000,9,6,0,17251,21039,1057,376,316,681,6254.592,97,False,False
215,73,-849.4779927333806,-958.3538799999851,1.0,CLIENT,7,2,100000,17,147,0,12023,14631,811,24,264,467,153237.50400000007,79,False,False
215,74,-664.3576953616091,556.8226399997227,1.0,CLIENT,7,2,100000,12,18,0,17192,22145,994,319,318,643,18763.776000000005,95,False,False
215,75,501.813044009536,-498.37964000015546,1.0,CLIENT,7,2,100000,12,22,0,19911,23591,1035,550,303,674,22933.504000000008,99,False,False
215,76,536.2706089891627,580.533799999972,1.0,CLIENT,7,2,100000,14,23,0,17113,21401,1038,317,306,667,23975.93600000001,98,False,False
215,77,-524.3886900314859,-666.2502000002862,1.0,CLIENT,7,2,100000,13,20,0,17061,21420,1045,184,296,679,20848.640000000007,95,False,False
215,78,954.5141563250523,547.8057199995499,1.0,CLIENT,7,2,100000,14,56,0,12370,16268,951,122,292,559,58376.19200000003,84,False,False
215,79,-450.24551573078713,181.67424000008282,1.0,CLIENT,7,2,100000,13,17,0,24246,26282,938,961,335,581,17721.344000000005,99,False,False
215,80,873.717107408122,-802.2832400001196,1.0,CLIENT,7,2,100000,9,37,0,11885,16849,925,105,281,540,38569.98400000002,84,False,False
215,81,-946.6720898131656,657.4559199995514,1.0,CLIENT,7,2,100000,16,109,0,11833,16482,797,118,288,434,113625.08800000006,91,False,False
215,82,415.2334611994795,326.0562800001932,1.0,CLIENT,7,2,100000,10,17,0,21795,25796,1019,756,320,668,17721.344000000005,99,False,False
215,83,-436.3832769460804,-563.167880000313,1.0,CLIENT,7,2,100000,15,19,0,19272,23624,1092,329,310,734,19806.208000000006,98,False,False
215,84,108.04624972808168,-744.2855200002191,1.0,CLIENT,7,2,100000,11,9,0,19254,22552,910,766,316,558,9381.888,99,False,False
215,85,-714.1033294007286,52.431719999715654,1.0,CLIENT,7,2,100000,11,17,0,21007,24136,975,705,329,596,17721.344000000005,98,False,False
215,86,-141.31562281205325,269.72836000003184,1.0,CLIENT,7,2,100000,10,7,0,25851,27315,820,1382,310,490,7297.023999999999,99,False,False
215,87,-213.39926449342886,-782.3569599998061,1.0,CLIENT,7,2,100000,15,11,0,17979,21671,1027,477,314,687,11466.752000000002,98,False,False
215,88,589.5808187158104,453.4063599998015,1.0,CLIENT,7,2,100000,9,14,0,17790,22367,1054,401,307,698,14594.048000000004,98,False,False
215,89,-637.1877073433136,-922.8428000002617,1.0,CLIENT,7,2,100000,11,21,0,13504,16777,987,54,287,606,21891.072000000007,89,False,False
215,90,-27.16998801829538,-720.6856800004798,1.0,CLIENT,7,2,100000,14,21,0,19520,22979,880,794,307,543,21891.072000000007,99,False,False
215,91,558.8462550099869,745.1760799995526,1.0,CLIENT,7,2,100000,13,22,0,15484,18873,1020,246,297,657,22933.504000000008,93,False,False
215,92,-809.9508089985836,-502.1645200000913,1.0,CLIENT,7,2,100000,10,23,0,16676,20250,1042,249,302,647,23975.93600000001,93,False,False
215,93,-385.4494510113057,-934.9766800004747,1.0,CLIENT,7,2,100000,16,46,0,15053,18575,976,179,295,603,47951.872000000025,90,False,False
215,94,-11.80270616594644,-324.83176000012094,1.0,CLIENT,7,2,100000,9,7,0,25177,27322,824,1360,293,516,7297.023999999999,99,False,False
215,95,133.31513071276603,-726.0290400004357,1.0,CLIENT,7,2,100000,11,16,0,19507,22800,896,773,310,539,16678.912000000004,99,False,False
215,96,-797.435187695807,-519.5304400005411,1.0,CLIENT,7,2,100000,16,32,0,16605,20114,1027,255,304,638,33357.824000000015,93,False,False
215,97,-257.91685419110314,-185.57044000052855,1.0,CLIENT,7,2,100000,10,4,0,25409,27188,928,1150,314,588,4169.728,99,False,False
215,98,-17.03075050739178,216.85135999985846,1.0,CLIENT,7,2,100000,11,4,0,26364,27589,769,1520,303,459,4169.728,99,False,False
215,99,349.6452685491861,854.7149599998352,1.0,CLIENT,7,2,100000,14,35,0,15928,19133,1028,296,303,655,36485.12000000002,95,False,False

216,0,-457.84994386410557,231.87955999988276,1.0,CLIENT,7,2,100000,11,4,0,22919,25795,963,878,314,631,4169.728,99,False,False
216,1,59.40959479176114,593.7808799997472,1.0,CLIENT,7,2,100000,12,14,0,23521,25505,916,932,330,564,14594.048000000004,99,False,False
216,2,82.22287919171637,386.6143599999572,1.0,CLIENT,7,2,100000,9,3,0,25311,26758,862,1224,319,526,3127.2960000000003,99,False,False
216,3,277.32398848867945,-299.1168400001848,1.0,CLIENT,7,2,100000,11,8,0,23568,26156,886,1131,303,573,8339.456,99,False,False
216,4,-296.5726972022322,566.9527599994578,1.0,CLIENT,7,2,100000,15,12,0,23046,25165,1022,784,322,677,12509.184000000003,98,False,False
216,5,767.8096030922196,-457.30256000024724,1.0,CLIENT,7,2,100000,9,14,0,17420,21432,1033,363,296,684,14594.048000000004,94,False,False
216,6,200.96285598294543,-147.1650400002028,1.0,CLIENT,7,2,100000,10,4,0,25565,27040,795,1480,298,486,4169.728,99,False,False
216,7,-136.95891919427595,-717.4573999999296,1.0,CLIENT,7,2,100000,17,28,0,18042,21483,955,597,293,609,29188.096000000012,99,False,False
216,8,-370.7158715029309,-96.29180000050724,1.0,CLIENT,7,2,100000,8,5,0,23544,26199,955,955,315,629,5212.16,99,False,False
216,9,-59.40959479232398,-356.3353200004707,1.0,CLIENT,7,2,100000,13,12,0,23245,26043,917,1056,307,589,12509.184000000003,99,False,False
216,10,665.7835256358323,320.9355599996752,1.0,CLIENT,7,2,100000,12,20,0,21204,24451,1059,398,322,686,20848.640000000007,99,False,False
216,11,-310.3557231940828,-48.98080000051863,1.0,CLIENT,7,2,100000,13,7,0,24491,26604,882,1173,313,560,7297.023999999999,99,False,False
216,12,-204.6858572573114,966.1462800000857,1.0,CLIENT,7,2,100000,15,27,0,18989,22130,988,496,322,623,28145.66400000001,95,False,False
216,13,170.46593065625288,-190.80247999997454,1.0,CLIENT,7,2,100000,12,8,0,25322,26990,801,1448,294,492,8339.456,99,False,False
216,14,82.85658153625337,379.71251999998117,1.0,CLIENT,7,2,100000,10,7,0,25352,26787,871,1236,321,540,7297.023999999999,99,False,False
216,15,966.7129264558419,500.940000000019,1.0,CLIENT,7,2,100000,9,28,0,15326,19592,964,115,297,560,29188.096000000012,93,False,False
216,16,-821.5158767848361,973.6047200002383,1.0,CLIENT,7,2,100000,16,228,0,11690,16296,731,38,265,381,237674.49600000013,84,False,False
216,17,138.9392390201802,887.2204000000283,1.0,CLIENT,7,2,100000,12,15,0,20021,22908,1026,518,325,670,15636.480000000005,97,False,False
216,18,204.13136770506762,884.4373999999359,1.0,CLIENT,7,2,100000,15,22,0,19814,22783,1040,481,321,667,22933.504000000008,98,False,False
216,19,904.2140327342516,-209.61555999993465,1.0,CLIENT,7,2,100000,13,31,0,17999,21729,894,588,296,557,32315.392000000014,96,False,False
216,20,477.4947165413758,313.47711999952253,1.0,CLIENT,7,2,100000,9,4,0,23310,26035,1088,593,332,740,4169.728,99,False,False
216,21,877.3608958885062,-148.27823999976516,1.0,CLIENT,7,2,100000,15,106,0,18732,22185,783,684,295,416,110497.79200000006,98,False,False
216,22,-106.38278107472735,445.2799999997532,1.0,CLIENT,7,2,100000,8,0,0,24732,26425,844,1195,315,517,0,99,False,False
216,23,-243.81697702670252,-617.0467600003298,1.0,CLIENT,7,2,100000,13,9,0,19011,22463,1015,535,306,671,9381.888,99,False,False
216,24,635.8410898608208,69.24103999998891,1.0,CLIENT,7,2,100000,9,14,0,22657,25027,877,901,319,532,14594.048000000004,99,False,False
216,25,-619.2856161128167,463.7591199997655,1.0,CLIENT,7,2,100000,11,15,0,20100,23476,1087,408,313,718,15636.480000000005,97,False,False
216,26,264.7291543930467,627.065559999555,1.0,CLIENT,7,2,100000,12,20,0,22519,24924,1081,608,329,707,20848.640000000007,99,False,False
216,27,576.2730694822218,726.9195999997692,1.0,CLIENT,7,2,100000,12,12,0,18640,22314,1056,218,312,687,12509.184000000003,98,False,False
216,28,340.1397333822566,282.9754399998072,1.0,CLIENT,7,2,100000,15,7,0,24744,26715,1013,883,335,675,7297.023999999999,99,False,False
216,29,795.2172294896459,297.66967999988367,1.0,CLIENT,7,2,100000,12,22,0,19555,23152,1018,376,313,648,22933.504000000008,99,False,False
216,30,-746.8182129330193,-741.3912000004077,1.0,CLIENT,7,2,100000,10,125,0,12582,16685,823,92,267,439,130304.00000000007,87,False,False
216,31,743.6497012097714,-930.6352000003621,1.0,CLIENT,7,2,100000,15,50,0,10992,15300,933,92,272,574,52121.60000000003,83,False,False
216,32,84.44083739731447,311.69600000006454,1.0,CLIENT,7,2,100000,10,4,0,25772,26976,827,1354,321,506,4169.728,99,False,False
216,33,-175.53554941254893,-563.7244800004896,1.0,CLIENT,7,2,100000,11,10,0,20117,23408,987,695,302,657,10424.320000000002,99,False,False
216,34,680.9923819024692,724.0252799999578,1.0,CLIENT,7,2,100000,12,20,0,17408,21358,1019,167,309,649,20848.640000000007,96,False,False
216,35,772.1663067099969,520.3096800001558,1.0,CLIENT,7,2,100000,9,24,0,18220,22062,1030,163,311,641,25018.36800000001,97,False,False
216,36,649.9409670246584,-912.1560800003499,1.0,CLIENT,7,2,100000,8,22,0,12064,16303,1003,114,280,642,22933.504000000008,89,False,False
216,37,-358.12103740673535,-170.87620000045206,1.0,CLIENT,7,2,100000,12,14,0,23245,25956,972,880,312,627,14594.048000000004,99,False,False
216,38,699.7658138566342,617.3807199994866,1.0,CLIENT,7,2,100000,14,26,0,18335,22054,1043,165,311,679,27103.23200000001,97,False,False
216,39,474.24699202639744,972.491519999885,1.0,CLIENT,7,2,100000,17,33,0,16641,20403,1010,220,305,643,34400.256000000016,91,False,False
216,40,-971.5449068330068,-59.222239999972714,1.0,CLIENT,7,2,100000,13,56,0,15924,19482,880,421,299,509,58376.19200000003,93,False,False
216,41,-329.2083679411039,277.5207600001323,1.0,CLIENT,7,2,100000,11,7,0,24489,26436,944,1095,318,611,7297.023999999999,99,False,False
216,42,-153.83124411539276,183.34403999982186,1.0,CLIENT,7,2,100000,12,6,0,26138,27045,761,1571,296,451,6254.592,99,False,False
216,43,-227.49914165726665,-149.28012000039956,1.0,CLIENT,7,2,100000,13,10,0,24694,26719,899,1158,311,568,10424.320000000002,99,False,False
216,44,-331.822390112108,927.4069199998121,1.0,CLIENT,7,2,100000,14,34,0,18883,22243,993,460,317,629,35442.68800000002,95,False,False
216,45,-333.1690075940381,395.96524000007776,1.0,CLIENT,7,2,100000,16,10,0,23814,26011,1005,915,318,673,10424.320000000002,99,False,False
216,46,-126.6612560970974,-363.1258399999368,1.0,CLIENT,7,2,100000,11,4,0,22938,25865,961,942,312,631,4169.728,99,False,False
216,47,-201.27970715549534,-290.3225600002409,1.0,CLIENT,7,2,100000,14,13,0,23418,26151,958,947,309,630,13551.616000000004,99,False,False
216,48,686.4580646236084,465.5402400000145,1.0,CLIENT,7,2,100000,11,17,0,19912,23402,1061,251,316,683,17721.344000000005,99,False,False
216,49,-570.8865995550644,-178.11200000037587,1.0,CLIENT,7,2,100000,15,24,0,20651,23917,998,602,305,656,25018.36800000001,99,False,False
216,50,841.3190750478185,231.76824000016381,1.0,CLIENT,7,2,100000,12,26,0,19079,22810,984,455,318,622,27103.23200000001,99,False,False
216,51,261.1645787055185,56.10527999993252,1.0,CLIENT,7,2,100000,9,5,0,26030,27152,833,1434,317,510,5212.16,99,False,False
216,52,-75.96506854089087,-781.5777200001914,1.0,CLIENT,7,2,100000,8,9,0,17153,20864,952,593,303,612,9381.888,99,False,False
216,53,373.9635960173464,19.035720000188974,1.0,CLIENT,7,2,100000,8,6,0,25070,26810,862,1260,313,536,6254.592,99,False,False
216,54,484.30701674444504,-801.392679999995,1.0,CLIENT,7,2,100000,10,33,0,15109,19307,1033,244,283,684,34400.256000000016,94,False,False
216,55,-107.65018576323853,972.491519999885,1.0,CLIENT,7,2,100000,10,44,0,19164,22195,921,556,323,529,45867.00800000002,95,False,False
216,56,193.6752790216141,-417.22736000018244,1.0,CLIENT,7,2,100000,9,7,0,22481,25471,925,962,302,582,7297.023999999999,99,False,False
216,57,-936.6120650951182,50.20531999979994,1.0,CLIENT,7,2,100000,11,36,0,16747,20114,901,457,298,547,37527.55200000002,93,False,False
216,58,-473.0588001313052,-424.12920000015845,1.0,CLIENT,7,2,100000,10,15,0,19364,23200,1018,383,295,677,15636.480000000005,99,False,False
216,59,494.1294030833615,-461.97800000030753,1.0,CLIENT,7,2,100000,10,5,0,20167,23718,1056,543,296,715,5212.16,98,False,False
216,60,827.6152618493867,494.7060799999386,1.0,CLIENT,7,2,100000,13,29,0,17611,21658,1010,160,306,628,30230.528000000013,96,False,False
216,61,-163.17835369604725,-935.3106400004225,1.0,CLIENT,7,2,100000,14,49,0,14171,18333,883,417,288,532,51079.16800000003,92,False,False
216,62,835.4573283618361,-570.7376400001846,1.0,CLIENT,7,2,100000,10,26,0,15084,19365,1015,213,287,668,27103.23200000001,93,False,False
216,63,-60.91463786052902,-361.010760000531,1.0,CLIENT,7,2,100000,13,8,0,23260,26026,914,1045,301,602,8339.456,99,False,False
216,64,-593.8583095412946,-354.33155999999286,1.0,CLIENT,7,2,100000,10,19,0,18975,22647,1001,400,294,669,19806.208000000006,99,False,False
216,65,170.1490794842658,-863.3979200000601,1.0,CLIENT,7,2,100000,14,32,0,15370,19682,950,443,289,597,33357.824000000015,96,False,False
216,66,-867.0632327918906,418.78584000020254,1.0,CLIENT,7,2,100000,15,54,0,16775,20455,995,271,298,606,56291.32800000003,95,False,False
216,67,-163.33677928175936,-243.45683999991905,1.0,CLIENT,7,2,100000,9,9,0,24214,26560,911,1079,312,585,9381.888,99,False,False
216,68,759.0169830626832,938.6502399999006,1.0,CLIENT,7,2,100000,10,136,0,14213,18047,838,72,286,483,141770.75200000007,90,False,False
216,69,196.5269395717492,-859.0564399999477,1.0,CLIENT,7,2,100000,11,30,0,15481,19733,955,429,285,616,31272.960000000014,96,False,False
216,70,364.7749120229668,669.1445200000976,1.0,CLIENT,7,2,100000,11,19,0,21541,24173,1089,483,325,709,19806.208000000006,99,False,False
216,71,590.5313722323345,-511.9606799998786,1.0,CLIENT,7,2,100000,8,15,0,18656,22481,1077,389,294,746,15636.480000000005,98,False,False
216,72,-687.8046821061013,901.691999999876,1.0,CLIENT,7,2,100000,10,27,0,14543,19460,971,148,289,602,28145.66400000001,89,False,False
216,73,-646.4556041305493,213.95704000004713,1.0,CLIENT,7,2,100000,16,22,0,20558,23805,954,620,307,611,22933.504000000008,98,False,False
216,74,784.5235024270614,891.8958400000886,1.0,CLIENT,7,2,100000,13,38,0,14410,18227,948,73,292,554,39612.41600000002,90,False,False
216,75,431.63050936233424,295.77723999991576,1.0,CLIENT,7,2,100000,12,13,0,23850,26301,1042,698,329,689,13551.616000000004,99,False,False
216,76,-478.44527005902546,76.14287999996492,1.0,CLIENT,7,2,100000,12,8,0,22706,25654,900,950,305,561,8339.456,99,False,False
216,77,-277.6408396617922,-905.4768799998118,1.0,CLIENT,7,2,100000,13,80,0,14172,18235,882,349,289,522,83394.56000000004,92,False,False
216,78,208.25043294427675,-969.2632400001258,1.0,CLIENT,7,2,100000,14,67,0,13477,17713,915,350,282,543,69842.94400000003,86,False,False
216,79,-505.8528964564519,785.2512799996174,1.0,CLIENT,7,2,100000,14,30,0,18902,22560,1026,370,306,678,31272.960000000014,96,False,False
216,80,-27.486839190845302,-403.0897200002826,1.0,CLIENT,7,2,100000,9,10,0,22825,25718,905,1031,296,589,10424.320000000002,99,False,False
216,81,-800.6829122107852,106.75588000019019,1.0,CLIENT,7,2,100000,15,30,0,18725,21691,925,543,305,569,31272.960000000014,98,False,False
216,82,-836.8039458443292,605.9147599999602,1.0,CLIENT,7,2,100000,12,16,0,15710,19882,1049,156,297,680,16678.912000000004,92,False,False
216,83,-638.1382608598377,896.4599599996391,1.0,CLIENT,7,2,100000,15,38,0,15318,20208,974,161,288,638,39612.41600000002,90,False,False
216,84,-264.9667927727406,595.3393599997673,1.0,CLIENT,7,2,100000,10,13,0,23026,25128,996,784,323,644,13551.616000000004,98,False,False
216,85,148.28634860083466,154.2895199996167,1.0,CLIENT,7,2,100000,9,2,0,26411,27260,782,1523,320,461,2084.864,99,False,False
216,86,-767.4927519202324,-583.3168000000643,1.0,CLIENT,7,2,100000,14,63,0,14138,18406,899,128,270,522,65673.21600000003,90,False,False
216,87,596.2346933326048,926.0710800000209,1.0,CLIENT,7,2,100000,15,34,0,16058,19973,995,148,300,617,35442.68800000002,92,False,False
216,88,918.7099738640584,-965.589679999909,1.0,CLIENT,7,2,100000,11,247,0,8668,12914,676,41,259,354,257480.70400000014,74,False,False
216,89,515.8337083805177,308.91299999997216,1.0,CLIENT,7,2,100000,10,8,0,22943,25736,1084,575,330,719,8339.456,99,False,False
216,90,254.43149129586814,76.81079999986054,1.0,CLIENT,7,2,100000,11,3,0,25990,27157,823,1421,316,492,3127.2960000000003,99,False,False
216,91,-957.3658168757502,-41.633680000084894,1.0,CLIENT,7,2,100000,13,28,0,16190,19682,923,431,303,561,29188.096000000012,93,False,False
216,92,-669.6649524964733,822.4321599998709,1.0,CLIENT,7,2,100000,10,27,0,15881,20618,1014,154,301,651,28145.66400000001,92,False,False
216,93,629.2664280368825,925.6257999995631,1.0,CLIENT,7,2,100000,16,38,0,15702,19644,985,119,297,621,39612.41600000002,92,False,False
216,94,-152.88069059830585,678.6067199999371,1.0,CLIENT,7,2,100000,12,17,0,22669,24681,924,814,324,579,17721.344000000005,98,False,False
216,95,155.81156394073417,39.96387999955488,1.0,CLIENT,7,2,100000,7,1,0,26570,27291,752,1643,309,437,1042.432,99,False,False
216,96,827.4568362631117,855.3828799997308,1.0,CLIENT,7,2,100000,16,30,0,14349,18178,929,85,287,562,31272.960000000014,90,False,False
216,97,-322.5544933243096,421.68016000001387,1.0,CLIENT,7,2,100000,11,12,0,23856,25970,986,927,312,646,12509.184000000003,99,False,False
216,98,-925.6806996534026,-413.5537999999656,1.0,CLIENT,7,2,100000,14,43,0,13996,18163,894,180,281,536,44824.57600000002,87,False,False
216,99,143.92964498249452,462.0893200000265,1.0,CLIENT,7,2,100000,13,13,0,24421,26322,957,982,318,623,13551.616000000004,99,False,False

217,0,-343.78352186376657,-217.18531999980627,1.0,CLIENT,7,2,100000,11,4,0,25331,27050,919,1116,327,571,4169.728,99,False,False
217,1,-223.61771479775138,-193.14020000040017,1.0,CLIENT,7,2,100000,10,5,0,26232,27480,834,1345,323,509,5212.16,99,False,False
217,2,-753.4720875492508,-255.36807999990316,1.0,CLIENT,7,2,100000,10,13,0,20453,23725,1011,500,312,623,13551.616000000004,97,False,False
217,3,-806.3070205176365,48.09023999960317,1.0,CLIENT,7,2,100000,12,25,0,20083,23353,951,612,312,601,26060.80000000001,99,False,False
217,4,-132.2853644039487,-56.88452000033806,1.0,CLIENT,7,2,100000,11,6,0,27080,27805,741,1582,315,416,6254.592,99,False,False
217,5,-131.41402368028068,-135.69907999988544,1.0,CLIENT,7,2,100000,8,6,0,26921,27764,775,1503,309,458,6254.592,99,False,False
217,6,169.19852596717888,808.9624399998667,1.0,CLIENT,7,2,100000,12,59,0,19217,22935,881,582,309,504,61503.488000000034,97,False,False
217,7,650.0993926109335,-375.0370799999209,1.0,CLIENT,7,2,100000,17,22,0,20707,23748,1021,430,313,677,22933.504000000008,99,False,False
217,8,-116.44280579277489,767.1061199995529,1.0,CLIENT,7,2,100000,9,30,0,20230,23719,909,635,309,541,31272.960000000014,99,False,False
217,9,799.6531459002795,219.8570000001797,1.0,CLIENT,7,2,100000,14,38,0,18992,22025,1045,367,316,663,39612.41600000002,97,False,False
217,10,-670.5362932195785,914.4937999999845,1.0,CLIENT,7,2,100000,12,45,0,13890,18317,904,85,284,522,46909.440000000024,91,False,False
217,11,7.68364092617447,183.4553599995408,1.0,CLIENT,7,2,100000,10,6,0,27001,27820,745,1563,300,442,6254.592,99,False,False
217,12,641.1483469951221,-203.826920000312,1.0,CLIENT,7,2,100000,15,23,0,21519,24270,973,639,308,625,23975.93600000001,99,False,False
217,13,726.6981634957986,632.8541999999686,1.0,CLIENT,7,2,100000,17,26,0,16506,20533,997,203,298,642,27103.23200000001,94,False,False
217,14,-350.5166092734169,923.9559999998241,1.0,CLIENT,7,2,100000,14,55,0,16526,20781,920,275,293,534,57333.76000000003,96,False,False
217,15,16.317835369435873,-408.43308000023853,1.0,CLIENT,7,2,100000,8,2,0,25373,27144,901,1047,310,572,2084.864,99,False,False
217,16,53.151784140372804,-264.4963199997949,1.0,CLIENT,7,2,100000,13,8,0,26421,27600,852,1266,309,536,8339.456,99,False,False
217,17,446.52251445642116,245.01531999993915,1.0,CLIENT,7,2,100000,11,10,0,23140,26137,1009,765,319,659,10424.320000000002,99,False,False
217,18,-423.86765564330375,11.68859999975524,1.0,CLIENT,7,2,100000,14,14,0,25055,26866,849,1099,300,523,14594.048000000004,99,False,False
217,19,444.7798330096479,-395.63128000012995,1.0,CLIENT,7,2,100000,13,10,0,22788,25667,1055,530,322,710,10424.320000000002,99,False,False
217,20,-421.4912718514306,666.4728399997241,1.0,CLIENT,7,2,100000,9,11,0,19871,23785,1040,352,305,683,11466.752000000002,98,False,False
217,21,-963.7820531134136,332.5128399997115,1.0,CLIENT,7,2,100000,16,38,0,16966,20294,987,316,301,602,39612.41600000002,91,False,False
217,22,-184.2489566486664,180.0044399995528,1.0,CLIENT,7,2,100000,7,2,0,26647,27755,807,1422,312,477,2084.864,99,False,False
217,23,-758.304067925853,-456.41200000012276,1.0,CLIENT,7,2,100000,14,8,0,18933,22645,1017,333,312,657,8339.456,95,False,False
217,24,211.97343421751705,517.9719599997302,1.0,CLIENT,7,2,100000,9,7,0,23151,26029,906,901,316,568,7297.023999999999,99,False,False
217,25,-499.1990218396576,-214.40232000050486,1.0,CLIENT,7,2,100000,10,9,0,23968,26180,977,870,322,636,9381.888,99,False,False
217,26,-659.8425661569939,-926.9616400001453,1.0,CLIENT,7,2,100000,12,52,0,15391,19132,932,102,287,542,54206.46400000003,89,False,False
217,27,182.82312637331742,454.40823999964493,1.0,CLIENT,7,2,100000,10,6,0,24121,26612,868,1040,308,539,6254.592,99,False,False
217,28,-653.9808194710116,5.454679999674852,1.0,CLIENT,7,2,100000,15,18,0,22394,24979,938,776,312,597,18763.776000000005,99,False,False
217,29,520.7449015499759,453.29504000008257,1.0,CLIENT,7,2,100000,12,13,0,20932,24180,1033,482,312,694,13551.616000000004,98,False,False
217,30,-252.05510750455792,-353.66364000009725,1.0,CLIENT,7,2,100000,10,9,0,25042,26928,953,1038,325,611,9381.888,99,False,False
217,31,-348.2986510678188,87.49751999977235,1.0,CLIENT,7,2,100000,15,9,0,25705,27281,862,1190,313,534,9381.888,99,False,False
217,32,915.9375261067793,863.620559999498,1.0,CLIENT,7,2,100000,13,174,0,10078,15050,672,66,259,342,181383.1680000001,81,False,False
217,33,5.14883154858928,-148.7235200002229,1.0,CLIENT,7,2,100000,8,6,0,27104,27874,778,1523,299,469,6254.592,99,False,False
217,34,-951.2664318106368,-277.63207999985127,1.0,CLIENT,7,2,100000,12,39,0,17437,21092,970,329,303,578,40654.84800000002,93,False,False
217,35,-174.6642086888809,537.8982400000436,1.0,CLIENT,7,2,100000,9,6,0,23483,26266,987,822,315,638,6254.592,99,False,False
217,36,-342.2784787955615,493.59287999958525,1.0,CLIENT,7,2,100000,7,6,0,22778,26040,1063,570,310,707,6254.592,99,False,False
217,37,459.35498693174776,99.07479999980865,1.0,CLIENT,7,2,100000,12,6,0,23444,26295,984,820,310,645,6254.592,99,False,False
217,38,481.85142015971593,-540.0133200002404,1.0,CLIENT,7,2,100000,13,16,0,21087,24541,1060,361,309,719,16678.912000000004,99,False,False
217,39,183.8528926826976,-755.6401600000265,1.0,CLIENT,7,2,100000,16,29,0,20324,23955,1014,457,310,657,30230.528000000013,99,False,False
217,40,961.0096053555716,432.92348000010236,1.0,CLIENT,7,2,100000,13,29,0,14838,19147,979,151,292,606,30230.528000000013,88,False,False
217,41,-367.30972140111487,-83.26736000016979,1.0,CLIENT,7,2,100000,11,7,0,25458,27109,854,1170,312,536,7297.023999999999,99,False,False
217,42,106.30356828074561,158.18572000006242,1.0,CLIENT,7,2,100000,12,4,0,26936,27743,767,1573,305,455,4169.728,99,False,False
217,43,316.3758954657773,-638.4202000001534,1.0,CLIENT,7,2,100000,14,18,0,21246,24851,1060,390,314,694,18763.776000000005,99,False,False
217,44,-433.7692547750763,-629.2919600002617,1.0,CLIENT,7,2,100000,14,17,0,20944,24180,1072,420,318,698,17721.344000000005,97,False,False
217,45,-912.4521632132328,-201.82315999983416,1.0,CLIENT,7,2,100000,17,36,0,18224,21842,966,400,302,604,37527.55200000002,95,False,False
217,46,123.80959554639944,556.043400000108,1.0,CLIENT,7,2,100000,11,14,0,23091,26022,860,930,317,517,14594.048000000004,99,False,False
217,47,964.1781170776939,719.0158799999497,1.0,CLIENT,7,2,100000,15,61,0,11387,16360,862,70,275,502,63588.352000000035,81,False,False
217,48,-261.87749384347444,217.63059999947302,1.0,CLIENT,7,2,100000,9,7,0,25879,27521,878,1160,324,537,7297.023999999999,99,False,False
217,49,-395.5094757293532,504.390920000007,1.0,CLIENT,7,2,100000,15,22,0,22116,25639,1061,487,315,707,22933.504000000008,99,False,False
217,50,-856.211080143031,-880.3185600000523,1.0,CLIENT,7,2,100000,12,68,0,13832,17623,859,54,275,475,70885.37600000003,85,False,False
217,51,-961.9601588732214,-54.212839999964615,1.0,CLIENT,7,2,100000,11,37,0,17821,21355,953,420,305,582,38569.98400000002,93,False,False
217,52,693.9040671706518,-946.6652800002299,1.0,CLIENT,7,2,100000,8,146,0,12758,17575,776,52,274,415,152195.07200000007,89,False,False
217,53,702.6174744067692,-489.91932000015936,1.0,CLIENT,7,2,100000,11,14,0,19109,22585,1020,297,308,649,14594.048000000004,96,False,False
217,54,350.04133251459206,-371.9201199998807,1.0,CLIENT,7,2,100000,10,10,0,23887,26409,1029,677,317,683,10424.320000000002,99,False,False
217,55,478.3660572650438,593.6695600000282,1.0,CLIENT,7,2,100000,10,16,0,20030,23573,1028,462,313,658,16678.912000000004,97,False,False
217,56,-872.2120643404799,289.0980400001686,1.0,CLIENT,7,2,100000,10,24,0,18507,21725,1001,373,305,614,25018.36800000001,95,False,False
217,57,702.5382616139132,609.5883200001771,1.0,CLIENT,7,2,100000,11,19,0,17205,21001,1003,229,302,645,19806.208000000006,95,False,False
217,58,-707.2118164048034,-374.4804800005352,1.0,CLIENT,7,2,100000,10,13,0,20331,23834,1014,433,312,667,13551.616000000004,97,False,False
217,59,151.2964347366819,-266.054799999815,1.0,CLIENT,7,2,100000,10,4,0,26131,27483,914,1131,322,585,4169.728,99,False,False
217,60,-94.65928770219982,-923.0654400004905,1.0,CLIENT,7,2,100000,13,44,0,18863,21891,927,447,306,538,45867.00800000002,95,False,False
217,61,-495.39680777299833,-666.2502000002862,1.0,CLIENT,7,2,100000,14,20,0,19989,23400,1059,348,314,687,20848.640000000007,96,False,False
217,62,414.5997588549424,510.6248400000874,1.0,CLIENT,7,2,100000,9,10,0,21622,24786,1030,585,320,672,10424.320000000002,99,False,False
217,63,796.801485350707,744.8421199996048,1.0,CLIENT,7,2,100000,14,44,0,13647,18432,902,124,287,542,45867.00800000002,88,False,False
217,64,531.5970541988355,-89.38996000053123,1.0,CLIENT,7,2,100000,8,13,0,22946,25603,946,781,309,599,13551.616000000004,99,False,False
217,65,-578.5702404818016,994.1989199996565,1.0,CLIENT,7,2,100000,16,121,0,13242,18100,817,79,278,444,126134.27200000007,90,False,False
217,66,586.4915197865444,-839.464120000373,1.0,CLIENT,7,2,100000,16,58,0,15594,20253,923,100,282,548,60461.05600000003,92,False,False
217,67,233.67773951523606,503.8343199998303,1.0,CLIENT,7,2,100000,9,7,0,23219,26059,934,880,322,589,7297.023999999999,99,False,False
217,68,-876.0142784071392,519.753079999979,1.0,CLIENT,7,2,100000,10,27,0,16596,20272,1015,173,293,601,28145.66400000001,94,False,False
217,69,319.62361998075556,-680.1651999999572,1.0,CLIENT,7,2,100000,11,22,0,20643,24478,1050,393,306,698,22933.504000000008,99,False,False
217,70,-624.038383696,-783.3588400004405,1.0,CLIENT,7,2,100000,11,26,0,17443,21141,998,191,301,608,27103.23200000001,92,False,False
217,71,908.3330979734609,341.6410799996032,1.0,CLIENT,7,2,100000,9,34,0,16633,20277,1012,215,302,616,35442.68800000002,94,False,False
217,72,721.9453959126153,581.3130399995864,1.0,CLIENT,7,2,100000,10,20,0,17217,21068,1015,209,303,657,20848.640000000007,94,False,False
217,73,-947.9394945022398,669.7011199994834,1.0,CLIENT,7,2,100000,17,141,0,13957,18030,846,84,275,465,146982.91200000007,92,False,False
217,74,-945.8007490894976,-356.22399999996077,1.0,CLIENT,7,2,100000,12,27,0,17123,20790,981,276,304,606,28145.66400000001,91,False,False
217,75,33.110947497133786,-143.93676000044366,1.0,CLIENT,7,2,100000,9,4,0,27027,27808,793,1496,320,466,4169.728,99,False,False
217,76,930.6711056151539,-351.21459999995267,1.0,CLIENT,7,2,100000,14,53,0,16709,20416,957,329,304,562,55248.89600000003,90,False,False
217,77,571.2034507270514,-390.8445200003507,1.0,CLIENT,7,2,100000,13,19,0,21450,24486,1033,481,316,666,19806.208000000006,99,False,False
217,78,-112.87823010524671,-964.1425200003988,1.0,CLIENT,7,2,100000,14,61,0,18247,21257,925,408,306,533,63588.352000000035,94,False,False
217,79,-18.53579357559682,-104.08419999981675,1.0,CLIENT,7,2,100000,11,9,0,27208,27870,732,1616,293,434,9381.888,99,False,False
217,80,-495.8720845312605,-647.548440000045,1.0,CLIENT,7,2,100000,9,14,0,20218,23613,1068,353,314,697,14594.048000000004,97,False,False
217,81,722.4206726708773,-78.14664000044274,1.0,CLIENT,7,2,100000,15,29,0,20582,23474,944,605,308,597,30230.528000000013,99,False,False
217,82,-321.6831526012044,-697.4197999998972,1.0,CLIENT,7,2,100000,11,17,0,20867,24079,1041,468,319,673,17721.344000000005,97,False,False
217,83,157.47503259521417,249.02284000010383,1.0,CLIENT,7,2,100000,12,7,0,26202,27527,822,1351,314,496,7297.023999999999,99,False,False
217,84,-238.4305070989822,34.39788000016108,1.0,CLIENT,7,2,100000,8,4,0,26582,27696,760,1443,300,457,4169.728,99,False,False
217,85,-334.0403483177061,-233.54936000041278,1.0,CLIENT,7,2,100000,11,8,0,25322,27006,904,1107,327,565,8339.456,99,False,False
217,86,871.816000374511,-586.4337600001045,1.0,CLIENT,7,2,100000,13,47,0,15271,19970,923,166,294,544,48994.304000000026,91,False,False
217,87,-85.23296532868929,-567.0640799999677,1.0,CLIENT,7,2,100000,15,15,0,23478,26037,932,794,315,588,15636.480000000005,99,False,False
217,88,437.09619208291065,-139.81791999976906,1.0,CLIENT,7,2,100000,9,10,0,24023,26442,972,844,313,632,10424.320000000002,99,False,False
217,89,-630.1377687611133,152.95367999982545,1.0,CLIENT,7,2,100000,10,8,0,22372,25161,997,702,312,645,8339.456,99,False,False
217,90,397.09373158985153,-627.6221600005226,1.0,CLIENT,7,2,100000,15,30,0,20738,24405,1044,342,306,665,31272.960000000014,99,False,False
217,91,168.4856108297858,-332.73547999994037,1.0,CLIENT,7,2,100000,11,10,0,25588,27279,936,1039,314,612,10424.320000000002,99,False,False
217,92,-370.3198075375249,12.245199999931913,1.0,CLIENT,7,2,100000,10,10,0,25530,27184,833,1204,304,506,10424.320000000002,99,False,False
217,93,-679.7249772145209,427.6914399998654,1.0,CLIENT,7,2,100000,15,16,0,19752,23290,1075,317,305,729,16678.912000000004,98,False,False
217,94,982.3970594807406,-335.4071600003138,1.0,CLIENT,7,2,100000,13,54,0,15959,19775,922,332,295,545,56291.32800000003,87,False,False
217,95,163.01992810920945,-35.28844000028556,1.0,CLIENT,7,2,100000,7,5,0,26817,27835,829,1436,304,512,5212.16,99,False,False
217,96,-108.28388810777554,-246.23984000001144,1.0,CLIENT,7,2,100000,10,4,0,26429,27578,822,1343,317,497,4169.728,99,False,False
217,97,-956.4152633592261,-709.7763200003391,1.0,CLIENT,7,2,100000,14,132,0,14402,18051,807,94,280,452,137601.02400000006,87,False,False
217,98,324.29717477108284,658.3464799996759,1.0,CLIENT,7,2,100000,13,25,0,20566,24067,983,552,313,623,26060.80000000001,98,False,False
217,99,-809.4755322403215,549.0302399996222,1.0,CLIENT,7,2,100000,14,38,0,17089,20832,1004,170,286,631,39612.41600000002,94,False,False

218,0,-167.6142701066806,-568.9565199999356,1.0,CLIENT,7,2,100000,11,5,0,21533,25079,984,860,327,631,5212.16,99,False,False
218,1,291.66150403221104,-463.53648000032763,1.0,CLIENT,7,2,100000,12,5,0,20451,25238,1014,803,314,666,5212.16,99,False,False
218,2,978.9909093794874,-852.5998800004294,1.0,CLIENT,7,2,100000,12,43,0,8103,11071,854,27,269,491,44824.57600000002,70,False,False
218,3,-928.2155090309877,96.51443999994513,1.0,CLIENT,7,2,100000,12,25,0,18977,21941,1000,471,327,626,26060.80000000001,93,False,False
218,4,-3.6437884809470833,772.5608000000187,1.0,CLIENT,7,2,100000,15,19,0,19244,22519,918,718,312,585,19806.208000000006,98,False,False
218,5,-269.6403475630678,-410.7707999998732,1.0,CLIENT,7,2,100000,8,5,0,23687,26296,1016,922,338,656,5212.16,99,False,False
218,6,-905.0853734590455,-248.3549200002082,1.0,CLIENT,7,2,100000,12,38,0,18721,21757,968,475,331,559,39612.41600000002,93,False,False
218,7,-214.587456389084,436.70836000003817,1.0,CLIENT,7,2,100000,17,10,0,23249,26041,983,887,325,640,10424.320000000002,99,False,False
218,8,332.6937308352132,927.74087999976,1.0,CLIENT,7,2,100000,10,38,0,15222,18931,996,263,304,597,39612.41600000002,93,False,False
218,9,882.2720890579645,-453.0723999998537,1.0,CLIENT,7,2,100000,16,30,0,12153,16130,979,214,288,623,31272.960000000014,92,False,False
218,10,-521.9330934467567,568.1772799995301,1.0,CLIENT,7,2,100000,12,17,0,19599,23091,1094,308,313,717,17721.344000000005,96,False,False
218,11,-177.5950820318721,-262.603879999827,1.0,CLIENT,7,2,100000,10,6,0,25545,27233,829,1347,325,486,6254.592,99,False,False
218,12,64.8752775123375,-114.77092000051954,1.0,CLIENT,7,2,100000,10,10,0,26719,27781,622,1828,288,321,10424.320000000002,99,False,False
218,13,-402.4802015181346,-695.3047200004914,1.0,CLIENT,7,2,100000,15,12,0,17836,22636,1030,420,319,679,12509.184000000003,96,False,False
218,14,-853.8346963517208,117.33127999959208,1.0,CLIENT,7,2,100000,14,20,0,19792,22709,1015,494,330,642,20848.640000000007,95,False,False
218,15,-722.4998854648591,431.1423599998534,1.0,CLIENT,7,2,100000,8,13,0,19388,22648,1110,307,318,723,13551.616000000004,96,False,False
218,16,176.40689013565412,-622.7240800002335,1.0,CLIENT,7,2,100000,15,18,0,18804,23646,921,782,315,562,18763.776000000005,99,False,False
218,17,-969.0893102482778,-275.6283200001644,1.0,CLIENT,7,2,100000,12,51,0,17665,20958,929,434,320,529,53164.03200000003,90,False,False
218,18,-120.72029661769614,-894.678840000181,1.0,CLIENT,7,2,100000,15,34,0,15101,19747,945,500,307,575,35442.68800000002,95,False,False
218,19,918.9476122431894,828.5547600002324,1.0,CLIENT,7,2,100000,15,220,0,10088,13604,723,52,269,358,229335.04000000012,77,False,False
218,20,-757.036663236779,-922.7314800005428,1.0,CLIENT,7,2,100000,10,32,0,12495,16167,951,97,294,550,33357.824000000015,86,False,False
218,21,-925.9183380325337,500.49471999956126,1.0,CLIENT,7,2,100000,17,32,0,16727,20090,1038,133,303,655,33357.824000000015,90,False,False
218,22,920.1358041388444,511.40407999970193,1.0,CLIENT,7,2,100000,10,22,0,12326,16682,966,228,298,589,22933.504000000008,86,False,False
218,23,773.9089881573329,-45.529880000530625,1.0,CLIENT,7,2,100000,13,27,0,16678,20897,881,725,322,513,28145.66400000001,97,False,False
218,24,-222.74637407408335,871.8582400000562,1.0,CLIENT,7,2,100000,9,16,0,18202,21089,992,508,316,629,16678.912000000004,92,False,False
218,25,728.9953344948154,712.3366800002026,1.0,CLIENT,7,2,100000,12,20,0,13198,17371,998,149,293,637,20848.640000000007,90,False,False
218,26,-199.53702570872213,-106.42192000024238,1.0,CLIENT,7,2,100000,11,3,0,26257,27539,798,1510,319,464,3127.2960000000003,99,False,False
218,27,-388.69717552628396,410.2141999996965,1.0,CLIENT,7,2,100000,11,8,0,22236,25597,1057,621,327,698,8339.456,99,False,False
218,28,-63.92472399637625,-849.5942400001081,1.0,CLIENT,7,2,100000,17,31,0,15716,20468,925,579,304,575,32315.392000000014,96,False,False
218,29,225.04354507197468,-653.7823600001254,1.0,CLIENT,7,2,100000,12,17,0,17765,22795,973,640,318,611,17721.344000000005,98,False,False
218,30,-201.8341967071763,-423.5725999999818,1.0,CLIENT,7,2,100000,10,14,0,23791,26399,954,1040,325,600,14594.048000000004,99,False,False
218,31,-771.2157531940356,-113.43507999993733,1.0,CLIENT,7,2,100000,15,26,0,20850,23552,927,675,326,564,27103.23200000001,97,False,False
218,32,-668.9520373585175,-165.86680000044396,1.0,CLIENT,7,2,100000,11,15,0,21742,24564,942,762,332,578,15636.480000000005,98,False,False
218,33,376.10234143008836,-816.6435200002481,1.0,CLIENT,7,2,100000,11,29,0,13331,18189,986,349,295,618,30230.528000000013,96,False,False
218,34,319.38598160162456,390.84451999955974,1.0,CLIENT,7,2,100000,10,9,0,22005,25828,1006,825,331,649,9381.888,99,False,False
218,35,773.5921369853457,-638.4202000001534,1.0,CLIENT,7,2,100000,9,24,0,11610,15637,977,133,286,618,25018.36800000001,91,False,False
218,36,81.98524081258535,942.8803999995032,1.0,CLIENT,7,2,100000,7,16,0,16833,20060,942,520,316,587,16678.912000000004,89,False,False
218,37,-436.85855370434246,725.6950799996969,1.0,CLIENT,7,2,100000,14,15,0,18693,21852,1093,295,319,724,15636.480000000005,95,False,False
218,38,-653.7431810918806,194.6986799996293,1.0,CLIENT,7,2,100000,13,17,0,21879,24530,1046,650,327,677,17721.344000000005,98,False,False
218,39,-735.9660602841598,-865.1790400003091,1.0,CLIENT,7,2,100000,17,147,0,13253,17152,841,140,285,467,153237.50400000007,89,False,False
218,40,62.578106513883334,326.16759999991217,1.0,CLIENT,7,2,100000,9,5,0,24940,27108,847,1284,312,530,5212.16,99,False,False
218,41,-392.26175121381215,586.0998000001566,1.0,CLIENT,7,2,100000,12,16,0,20295,23875,1076,431,323,709,16678.912000000004,98,False,False
218,42,-484.4654423312828,0.33395999994780823,1.0,CLIENT,7,2,100000,15,11,0,23998,26178,920,1034,331,570,11466.752000000002,99,False,False
218,43,366.67601905601504,-135.36511999993763,1.0,CLIENT,7,2,100000,12,10,0,23479,26632,820,1305,310,489,10424.320000000002,99,False,False
218,44,-927.2649555144636,-263.9397200004092,1.0,CLIENT,7,2,100000,14,31,0,18363,21473,985,459,329,604,32315.392000000014,92,False,False
218,45,731.7677822515318,-37.514840000201275,1.0,CLIENT,7,2,100000,17,30,0,17501,21628,872,803,312,518,31272.960000000014,98,False,False
218,46,519.9527736197268,-936.4238399999849,1.0,CLIENT,7,2,100000,12,30,0,10901,14508,939,189,281,581,31272.960000000014,87,False,False
218,47,476.7818014039827,400.1953999996803,1.0,CLIENT,7,2,100000,14,18,0,19795,24156,1059,585,318,707,18763.776000000005,99,False,False
218,48,-732.1638462175006,-811.3001600002923,1.0,CLIENT,7,2,100000,11,29,0,14001,18005,968,171,299,578,30230.528000000013,89,False,False
218,49,-591.3235001637095,679.7199199994996,1.0,CLIENT,7,2,100000,17,30,0,18252,21303,1077,218,306,700,31272.960000000014,94,False,False
218,50,570.5697483825144,441.38380000009846,1.0,CLIENT,7,2,100000,12,28,0,18046,22465,1055,428,317,674,29188.096000000012,98,False,False
218,51,-260.29323798241336,818.3133199999872,1.0,CLIENT,7,2,100000,11,38,0,18647,21572,989,499,311,623,39612.41600000002,95,False,False
218,52,-649.9409670252214,691.4085200000457,1.0,CLIENT,7,2,100000,8,23,0,17752,20687,1072,178,306,681,23975.93600000001,92,False,False
218,53,670.6155060124346,-376.1502800002742,1.0,CLIENT,7,2,100000,11,15,0,15485,20820,1027,423,315,658,15636.480000000005,97,False,False
218,54,-58.300615689524925,37.62615999992022,1.0,CLIENT,7,2,100000,8,5,0,26840,27851,703,1745,306,385,5212.16,99,False,False
218,55,-789.5931211827946,506.9512799998705,1.0,CLIENT,7,2,100000,10,16,0,18059,21304,1080,180,312,699,16678.912000000004,93,False,False
218,56,179.1001250995143,-189.8006000001311,1.0,CLIENT,7,2,100000,7,6,0,25703,27493,750,1575,315,429,6254.592,99,False,False
218,57,-237.7968047544452,590.775240000217,1.0,CLIENT,7,2,100000,10,15,0,21218,24444,1026,688,325,662,15636.480000000005,99,False,False
218,58,386.08315335471696,-949.8935599999891,1.0,CLIENT,7,2,100000,11,61,0,11736,15635,925,275,289,539,63588.352000000035,90,False,False
218,59,-989.8430620289099,876.3110399998877,1.0,CLIENT,7,2,100000,11,158,0,13883,16478,842,58,290,495,164704.25600000008,78,False,False
218,60,-27.566051983701364,876.3110399998877,1.0,CLIENT,7,2,100000,13,26,0,18059,21177,921,602,312,574,27103.23200000001,95,False,False
218,61,-571.5203018996013,410.2141999996965,1.0,CLIENT,7,2,100000,14,12,0,20860,24198,1111,419,320,746,12509.184000000003,98,False,False
218,62,-965.1286705953437,471.2175599999182,1.0,CLIENT,7,2,100000,10,33,0,16561,19937,1034,131,308,643,34400.256000000016,88,False,False
218,63,984.0605281352206,-689.7387200003067,1.0,CLIENT,7,2,100000,14,47,0,9164,12511,883,53,271,512,48994.304000000026,77,False,False
218,64,-188.52644747358767,-968.7066399999492,1.0,CLIENT,7,2,100000,10,48,0,13823,18295,925,417,302,551,50036.736000000026,89,False,False
218,65,-696.2804509630878,-916.9428400001291,1.0,CLIENT,7,2,100000,16,37,0,12875,16701,960,127,294,560,38569.98400000002,88,False,False
218,66,919.6605273805825,919.5031999999926,1.0,CLIENT,7,2,100000,16,52,0,9403,12807,863,39,271,500,54206.46400000003,72,False,False
218,67,192.96236388422102,424.12920000015845,1.0,CLIENT,7,2,100000,9,8,0,22990,26200,954,968,329,605,8339.456,99,False,False
218,68,-931.7800847185159,-36.9582400000246,1.0,CLIENT,7,2,100000,10,19,0,19062,21946,926,567,326,556,19806.208000000006,92,False,False
218,69,-764.4034529909663,-989.3008400001582,1.0,CLIENT,7,2,100000,12,52,0,11647,15116,896,96,290,499,54206.46400000003,83,False,False
218,70,887.5001333999728,731.5950399998294,1.0,CLIENT,7,2,100000,12,18,0,11271,15036,955,86,284,579,18763.776000000005,83,False,False
218,71,40.87380121672716,610.9241599999683,1.0,CLIENT,7,2,100000,7,13,0,21288,24535,908,861,315,569,13551.616000000004,99,False,False
218,72,-379.90455549731047,689.8500400000256,1.0,CLIENT,7,2,100000,9,6,0,19370,22660,1088,395,319,717,6254.592,96,False,False
218,73,265.52128232329585,707.9952000000901,1.0,CLIENT,7,2,100000,16,17,0,18387,22457,1043,462,317,700,17721.344000000005,97,False,False
218,74,-997.2890645759534,773.785320000091,1.0,CLIENT,7,2,100000,13,35,0,14412,17185,967,70,295,594,36485.12000000002,80,False,False
218,75,-644.475284304645,229.8758000001959,1.0,CLIENT,7,2,100000,11,16,0,21790,24443,1071,624,325,711,16678.912000000004,98,False,False
218,76,-446.839365629534,-672.2614800001378,1.0,CLIENT,7,2,100000,14,14,0,18014,22704,1055,382,318,696,14594.048000000004,96,False,False
218,77,-830.1500712275347,728.3667600000704,1.0,CLIENT,7,2,100000,13,36,0,16177,18925,1024,147,300,638,37527.55200000002,89,False,False
218,78,904.6893094930767,255.1454399996743,1.0,CLIENT,7,2,100000,14,63,0,14175,18482,895,472,306,513,65673.21600000003,91,False,False
218,79,414.1244820966805,-959.3557599998286,1.0,CLIENT,7,2,100000,15,45,0,11469,15201,945,251,284,566,46909.440000000024,89,False,False
218,80,888.8467508819027,-748.2930400003838,1.0,CLIENT,7,2,100000,10,166,0,9736,12927,797,59,271,442,173043.7120000001,79,False,False
218,81,-58.300615689524925,522.5360800000715,1.0,CLIENT,7,2,100000,12,8,0,22617,25496,940,947,319,602,8339.456,99,False,False
218,82,-838.5466272916652,297.89232000011253,1.0,CLIENT,7,2,100000,10,16,0,19185,22339,1084,370,320,713,16678.912000000004,96,False,False
218,83,-188.28880909445664,423.79524000021064,1.0,CLIENT,7,2,100000,14,6,0,23563,26199,963,963,326,615,6254.592,99,False,False
218,84,-40.08167328647803,487.4702800000148,1.0,CLIENT,7,2,100000,10,8,0,23118,25891,914,1026,319,566,8339.456,99,False,False
218,85,-450.5623669033371,195.81187999998264,1.0,CLIENT,7,2,100000,11,13,0,23834,26226,1009,880,322,657,13551.616000000004,99,False,False
218,86,408.02509703156704,934.8653599999648,1.0,CLIENT,7,2,100000,13,55,0,14405,18263,962,203,294,582,57333.76000000003,93,False,False
218,87,-609.0671658084942,291.88103999947003,1.0,CLIENT,7,2,100000,15,12,0,21572,24495,1098,550,325,719,12509.184000000003,98,False,False
218,88,502.44674635407307,542.9076400000517,1.0,CLIENT,7,2,100000,10,15,0,17890,22485,1068,339,312,721,15636.480000000005,97,False,False
218,89,305.8405939889049,-692.8556800003469,1.0,CLIENT,7,2,100000,10,16,0,16010,21401,1008,518,307,633,16678.912000000004,97,False,False
218,90,-249.83714929895982,597.1204800000163,1.0,CLIENT,7,2,100000,15,18,0,21141,24351,1010,669,313,664,18763.776000000005,99,False,False
218,91,-690.8147682419485,-604.0223199999923,1.0,CLIENT,7,2,100000,13,17,0,17342,21522,1039,280,314,670,17721.344000000005,94,False,False
218,92,-732.4014845966316,-191.47039999987015,1.0,CLIENT,7,2,100000,10,22,0,20952,23824,971,673,330,591,22933.504000000008,97,False,False
218,93,879.8164924732355,-222.86264000050096,1.0,CLIENT,7,2,100000,15,61,0,13902,18210,932,466,309,544,63588.352000000035,94,False,False
218,94,-133.3151307138917,-769.7777999999264,1.0,CLIENT,7,2,100000,13,22,0,17402,22090,972,605,313,618,22933.504000000008,97,False,False
218,95,-984.3773793077706,135.81039999960439,1.0,CLIENT,7,2,100000,11,14,0,18216,21277,1006,420,322,631,14594.048000000004,90,False,False
218,96,492.06987046403833,-604.3562799999402,1.0,CLIENT,7,2,100000,16,17,0,15010,20646,1017,326,302,675,17721.344000000005,97,False,False
218,97,-142.34538912199625,-708.6631199999857,1.0,CLIENT,7,2,100000,12,17,0,18747,23188,973,694,313,613,17721.344000000005,98,False,False
218,98,234.39065465262914,906.2561200002174,1.0,CLIENT,7,2,100000,13,42,0,16365,19908,981,378,308,602,43782.14400000002,93,False,False
218,99,-106.93727062584546,594.4487999996429,1.0,CLIENT,7,2,100000,13,13,0,21640,24684,952,841,319,599,13551.616000000004,99,False,False

219,0,114.54169875860103,912.0447599998399,1.0,CLIENT,7,2,100000,13,75,0,13131,17609,754,620,293,408,78182.40000000004,92,False,False
219,1,838.6258400839583,-703.6537199999776,1.0,CLIENT,7,2,100000,15,31,0,15064,17894,1014,125,291,637,32315.392000000014,87,False,False
219,2,-440.73998056442053,351.3259199996716,1.0,CLIENT,7,2,100000,10,5,0,20017,23598,1027,646,310,683,5212.16,99,False,False
219,3,409.8469912717592,249.69075999999944,1.0,CLIENT,7,2,100000,11,14,0,21782,25309,865,1021,305,536,14594.048000000004,99,False,False
219,4,654.8521601941169,624.3938799999726,1.0,CLIENT,7,2,100000,16,33,0,13242,18475,951,215,276,620,34400.256000000016,95,False,False
219,5,975.5055464848153,-613.5958400003417,1.0,CLIENT,7,2,100000,9,15,0,14266,17164,1004,131,295,632,15636.480000000005,83,False,False
219,6,841.0814366686875,443.6102000000142,1.0,CLIENT,7,2,100000,13,31,0,13685,17926,950,292,278,609,32315.392000000014,94,False,False
219,7,435.8287873938366,-788.1456000002197,1.0,CLIENT,7,2,100000,18,27,0,17914,21688,1067,237,308,709,28145.66400000001,96,False,False
219,8,771.2157531934728,-704.6555999998211,1.0,CLIENT,7,2,100000,10,28,0,15662,18618,1029,138,297,660,29188.096000000012,88,False,False
219,9,472.90037454446747,44.30535999966736,1.0,CLIENT,7,2,100000,13,13,0,22063,25250,828,1131,296,511,13551.616000000004,99,False,False
219,10,-590.9274361983033,732.0403199994962,1.0,CLIENT,7,2,100000,12,33,0,13849,17878,992,199,285,622,34400.256000000016,89,False,False
219,11,-832.6848806056828,-602.3525200002532,1.0,CLIENT,7,2,100000,14,25,0,16230,20200,1040,197,284,690,26060.80000000001,92,False,False
219,12,-992.853148164757,268.0585599995018,1.0,CLIENT,7,2,100000,15,45,0,14385,17627,1007,299,289,654,46909.440000000024,84,False,False
219,13,613.6615078048397,-939.8747599999729,1.0,CLIENT,7,2,100000,17,56,0,14662,18176,967,62,290,612,58376.19200000003,86,False,False
219,14,-40.39852445902795,-247.57567999980267,1.0,CLIENT,7,2,100000,10,4,0,25528,26652,838,1409,309,526,4169.728,99,False,False
219,15,422.7586765399418,266.7227199997106,1.0,CLIENT,7,2,100000,8,14,0,21436,25155,892,965,305,552,14594.048000000004,99,False,False
219,16,50.458549176512655,-665.4709599998807,1.0,CLIENT,7,2,100000,15,14,0,22452,24514,935,865,318,589,14594.048000000004,99,False,False
219,17,-587.2044349250631,-511.9606799998786,1.0,CLIENT,7,2,100000,12,9,0,20407,23643,1081,443,300,727,9381.888,97,False,False
219,18,924.8885717220278,-471.44020000014706,1.0,CLIENT,7,2,100000,15,45,0,15394,18347,989,207,293,613,46909.440000000024,85,False,False
219,19,320.73259908355465,-625.0617999998681,1.0,CLIENT,7,2,100000,13,9,0,20948,23906,1093,481,323,730,9381.888,96,False,False
219,20,-11.8819189588025,-958.4652000004951,1.0,CLIENT,7,2,100000,9,64,0,18880,22141,830,723,313,452,66715.64800000003,93,False,False
219,21,25.66494495009034,-148.38956000027508,1.0,CLIENT,7,2,100000,11,7,0,25912,26821,761,1553,299,453,7297.023999999999,99,False,False
219,22,-728.6784833228285,543.2415999999995,1.0,CLIENT,7,2,100000,10,14,0,14863,18587,1048,208,297,685,14594.048000000004,89,False,False
219,23,615.0873380801886,-372.6993600002862,1.0,CLIENT,7,2,100000,13,6,0,19319,22694,1067,440,310,704,6254.592,96,False,False
219,24,-963.6236275271385,153.0649999995444,1.0,CLIENT,7,2,100000,10,14,0,15484,18492,1013,422,308,653,14594.048000000004,87,False,False
219,25,-374.75572394872114,-132.1368400001785,1.0,CLIENT,7,2,100000,10,11,0,23688,25932,919,1124,305,587,11466.752000000002,99,False,False
219,26,745.7884466225136,-413.77644000019444,1.0,CLIENT,7,2,100000,12,25,0,17535,20803,1054,310,306,686,26060.80000000001,96,False,False
219,27,-764.0866018189793,969.3745599998448,1.0,CLIENT,7,2,100000,13,50,0,9702,13158,880,81,266,529,52121.60000000003,73,False,False
219,28,254.2730657095932,-135.69907999988544,1.0,CLIENT,7,2,100000,15,8,0,24781,26419,831,1323,315,510,8339.456,99,False,False
219,29,-190.0314905417927,330.17512000007684,1.0,CLIENT,7,2,100000,12,11,0,22660,25499,815,1206,307,487,11466.752000000002,99,False,False
219,30,17.585240057947047,-411.32740000004986,1.0,CLIENT,7,2,100000,10,13,0,24501,26054,899,1169,318,550,13551.616000000004,99,False,False
219,31,-42.06199311294512,45.52987999973965,1.0,CLIENT,7,2,100000,13,7,0,25738,26888,725,1607,309,409,7297.023999999999,99,False,False
219,32,-567.55966224723,-298.1149600003414,1.0,CLIENT,7,2,100000,11,16,0,21534,24276,1015,741,301,676,16678.912000000004,98,False,False
219,33,739.2929975919941,-558.7150800004815,1.0,CLIENT,7,2,100000,11,17,0,16974,20047,1061,228,307,698,17721.344000000005,94,False,False
219,34,896.9264557734832,947.5558399995634,1.0,CLIENT,7,2,100000,14,225,0,6127,10378,562,9,229,285,234547.20000000013,75,False,False
219,35,188.76408585215583,317.4846399996872,1.0,CLIENT,7,2,100000,8,5,0,23324,26125,792,1309,300,468,5212.16,99,False,False
219,36,31.922755601478674,434.0366799996647,1.0,CLIENT,7,2,100000,7,8,0,21925,25199,790,1218,313,450,8339.456,99,False,False
219,37,804.2474878977505,-539.9020000005214,1.0,CLIENT,7,2,100000,14,16,0,16393,19337,1041,236,297,682,16678.912000000004,93,False,False
219,38,606.6115692232023,-238.44743999991096,1.0,CLIENT,7,2,100000,13,19,0,19989,23270,999,692,309,646,19806.208000000006,98,False,False
219,39,-686.2996390378962,-213.73439999981827,1.0,CLIENT,7,2,100000,16,17,0,19961,23009,963,739,296,627,17721.344000000005,98,False,False
219,40,474.72226878465955,-967.7047600001058,1.0,CLIENT,7,2,100000,13,18,0,15445,19306,1015,119,296,654,18763.776000000005,87,False,False
219,41,-274.31390235339506,434.0366799996647,1.0,CLIENT,7,2,100000,12,16,0,20634,24109,917,910,307,571,16678.912000000004,99,False,False
219,42,-730.1835263910335,99.85404000021418,1.0,CLIENT,7,2,100000,17,17,0,18538,21754,986,650,302,648,17721.344000000005,97,False,False
219,43,-165.39631190164533,-583.3168000000643,1.0,CLIENT,7,2,100000,13,13,0,23400,25069,897,1006,319,556,13551.616000000004,99,False,False
219,44,967.9803311449158,459.3063199999341,1.0,CLIENT,7,2,100000,14,59,0,11954,15974,902,221,270,550,61503.488000000034,86,False,False
219,45,-729.4706112536405,-342.8656000004665,1.0,CLIENT,7,2,100000,17,26,0,19102,22541,1039,508,291,704,27103.23200000001,97,False,False
219,46,641.0691342022661,-381.1596800002823,1.0,CLIENT,7,2,100000,12,17,0,19025,22292,1050,435,309,684,17721.344000000005,96,False,False
219,47,605.5818029132593,-550.5887200004332,1.0,CLIENT,7,2,100000,15,32,0,18382,21792,1059,284,307,691,33357.824000000015,96,False,False
219,48,491.0401041540954,-427.1348400004797,1.0,CLIENT,7,2,100000,11,16,0,20600,23900,1069,463,309,713,16678.912000000004,97,False,False
219,49,891.5399858457629,749.6288800001751,1.0,CLIENT,7,2,100000,18,61,0,8862,13528,823,57,248,482,63588.352000000035,83,False,False
219,50,391.7864744549873,-724.5818800001346,1.0,CLIENT,7,2,100000,12,21,0,19181,22647,1086,324,309,718,21891.072000000007,96,False,False
219,51,308.61304174618397,-423.79524000021064,1.0,CLIENT,7,2,100000,11,13,0,22727,25333,1040,701,319,706,13551.616000000004,99,False,False
219,52,-260.92694032695033,-913.6032399998601,1.0,CLIENT,7,2,100000,8,33,0,19477,22772,957,601,324,585,34400.256000000016,94,False,False
219,53,-711.4100944368685,-584.8752800000843,1.0,CLIENT,7,2,100000,11,24,0,18222,22056,1063,299,294,710,25018.36800000001,95,False,False
219,54,-260.1348123961384,312.4752399996791,1.0,CLIENT,7,2,100000,10,11,0,22317,25299,878,1059,314,539,11466.752000000002,99,False,False
219,55,356.6952071308235,173.99315999970128,1.0,CLIENT,7,2,100000,9,5,0,23222,25930,813,1241,300,488,5212.16,99,False,False
219,56,-823.6546221970153,62.116559999784045,1.0,CLIENT,7,2,100000,10,12,0,17667,20764,969,631,302,627,12509.184000000003,94,False,False
219,57,-538.4885671953236,823.6566799999432,1.0,CLIENT,7,2,100000,11,55,0,13019,17062,952,205,282,590,57333.76000000003,88,False,False
219,58,-403.5099678280776,-571.1829199998513,1.0,CLIENT,7,2,100000,10,13,0,22265,24613,1041,669,316,699,13551.616000000004,98,False,False
219,59,-977.6442918981203,-197.14771999977387,1.0,CLIENT,7,2,100000,10,57,0,16320,19241,936,511,292,564,59418.62400000003,89,False,False
219,60,-307.9793394022098,-721.6875600003232,1.0,CLIENT,7,2,100000,13,20,0,21786,24041,990,709,315,637,20848.640000000007,98,False,False
219,61,772.87922184739,276.8528400002367,1.0,CLIENT,7,2,100000,14,37,0,16298,20145,913,551,294,568,38569.98400000002,98,False,False
219,62,-129.90898061207565,-598.5676400003174,1.0,CLIENT,7,2,100000,9,7,0,23329,25050,896,1002,318,553,7297.023999999999,99,False,False
219,63,-424.02608122957866,254.47751999977868,1.0,CLIENT,7,2,100000,13,9,0,21182,24441,974,825,308,639,9381.888,99,False,False
219,64,904.2932455276706,-908.482520000133,1.0,CLIENT,7,2,100000,10,75,0,12828,15748,892,45,277,539,78182.40000000004,80,False,False
219,65,371.9040633980232,-287.65087999986747,1.0,CLIENT,7,2,100000,13,9,0,22823,25459,998,831,320,658,9381.888,99,False,False
219,66,-723.5296517742391,601.6845999995667,1.0,CLIENT,7,2,100000,16,31,0,14303,17955,1027,199,291,681,32315.392000000014,89,False,False
219,67,-15.050430680924697,240.00591999993105,1.0,CLIENT,7,2,100000,7,9,0,24640,26523,724,1532,303,395,9381.888,99,False,False
219,68,59.96408434287925,-405.98404000009396,1.0,CLIENT,7,2,100000,10,4,0,24345,26083,911,1143,325,572,4169.728,99,False,False
219,69,-638.3758992389688,202.6024000002397,1.0,CLIENT,7,2,100000,11,15,0,19083,22458,1035,607,305,705,15636.480000000005,98,False,False
219,70,-824.7636012998145,-741.05724000046,1.0,CLIENT,7,2,100000,11,25,0,15124,19353,1014,158,284,643,26060.80000000001,92,False,False
219,71,-140.20664370981706,-384.94456000021813,1.0,CLIENT,7,2,100000,6,8,0,24637,26138,872,1203,316,534,8339.456,99,False,False
219,72,-133.3151307138917,-771.4476000004563,1.0,CLIENT,7,2,100000,9,6,0,21807,23915,882,880,313,542,6254.592,98,False,False
219,73,-665.3874616709893,23.265879999791537,1.0,CLIENT,7,2,100000,16,15,0,19757,22840,948,798,301,615,15636.480000000005,99,False,False
219,74,-167.21820614183747,-975.1632000002585,1.0,CLIENT,7,2,100000,11,24,0,18748,22202,900,655,327,542,25018.36800000001,93,False,False
219,75,-849.3987799405246,-299.3394800004137,1.0,CLIENT,7,2,100000,12,23,0,17634,21003,1036,475,300,663,23975.93600000001,96,False,False
219,76,-727.5695042200294,341.41844000016533,1.0,CLIENT,7,2,100000,14,21,0,16906,20429,1061,343,301,719,21891.072000000007,95,False,False
219,77,-666.9717175320503,-104.19552000032667,1.0,CLIENT,7,2,100000,13,14,0,20146,23156,948,811,301,618,14594.048000000004,99,False,False
219,78,-647.5645832333483,782.6909199997539,1.0,CLIENT,7,2,100000,14,30,0,12760,16643,987,165,283,631,31272.960000000014,87,False,False
219,79,-843.6954588402544,325.38835999950663,1.0,CLIENT,7,2,100000,15,38,0,15632,19077,1042,302,296,685,39612.41600000002,90,False,False
219,80,799.7323586936982,-685.1745999999653,1.0,CLIENT,7,2,100000,9,20,0,15522,18478,1040,122,298,667,20848.640000000007,88,False,False
219,81,-356.0615047874122,-956.5727600005272,1.0,CLIENT,7,2,100000,15,16,0,18163,22085,985,488,305,644,16678.912000000004,90,False,False
219,82,-489.3766355007411,536.7850399996903,1.0,CLIENT,7,2,100000,11,21,0,17281,21276,1038,408,298,681,21891.072000000007,96,False,False
219,83,815.09964054661,561.6093999995019,1.0,CLIENT,7,2,100000,15,38,0,12487,17021,934,197,273,598,39612.41600000002,93,False,False
219,84,-912.5313760060889,881.5430800001246,1.0,CLIENT,7,2,100000,12,32,0,9766,12831,903,64,272,554,33357.824000000015,73,False,False
219,85,420.6199311271998,-733.932760000255,1.0,CLIENT,7,2,100000,13,20,0,18783,22314,1072,271,306,700,20848.640000000007,96,False,False
219,86,-843.6162460473984,-571.8508400005379,1.0,CLIENT,7,2,100000,13,31,0,16296,20237,1035,218,284,697,32315.392000000014,92,False,False
219,87,858.9043151063283,-921.8409200004182,1.0,CLIENT,7,2,100000,15,46,0,13107,16081,929,51,279,566,47951.872000000025,81,False,False
219,88,-940.4934919546333,-970.5990799999171,1.0,CLIENT,7,2,100000,13,262,0,10989,15245,660,47,251,367,273117.18399999983,86,False,False
219,89,-983.9021025495085,0.44527999966675225,1.0,CLIENT,7,2,100000,10,27,0,15952,18796,897,570,298,539,28145.66400000001,90,False,False
219,90,541.4194405377519,-310.47147999999225,1.0,CLIENT,7,2,100000,15,17,0,20570,23830,1033,613,313,686,17721.344000000005,98,False,False
219,91,614.6120613213639,273.9585199996344,1.0,CLIENT,7,2,100000,13,23,0,18283,22775,932,673,305,583,23975.93600000001,98,False,False
219,92,-541.5778661245898,-334.1826400002415,1.0,CLIENT,7,2,100000,10,10,0,21738,24544,1002,726,304,673,10424.320000000002,98,False,False
219,93,-177.911933204422,73.24856000015359,1.0,CLIENT,7,2,100000,12,0,0,24965,26640,795,1465,309,473,0,99,False,False
219,94,-712.2814351605365,72.80327999969586,1.0,CLIENT,7,2,100000,13,20,0,18899,22114,958,708,301,622,20848.640000000007,98,False,False
219,95,102.42214142123035,-142.60091999986145,1.0,CLIENT,7,2,100000,7,1,0,25764,26749,780,1496,312,459,1042.432,99,False,False
219,96,-975.0302697271161,891.7845199995787,1.0,CLIENT,7,2,100000,16,188,0,9184,12050,745,43,259,384,195977.2160000001,70,False,False
219,97,427.6698697094001,982.3990000001822,1.0,CLIENT,7,2,100000,13,77,0,9860,14561,830,185,268,479,80267.26400000004,85,False,False
219,98,938.5923849210225,-905.8108399997595,1.0,CLIENT,7,2,100000,14,69,0,12512,15568,892,39,271,542,71927.80800000003,78,False,False
219,99,463.63247775666895,-758.9797600002955,1.0,CLIENT,7,2,100000,14,30,0,17995,21697,1060,239,303,701,31272.960000000014,96,False,False

